postal_code,status,region_mm,region_en,township_mm,township_en,locality_mm,locality_en,inferred_locality_type,matched_township_id,matched_local_admin_area_id,name_evidence,match_method,duplicate_extra_source_rows,source_row_count_en,source_row_count_my,reason,matched_township_public_id,v2_status,v2_reason,matched_local_admin_public_id
0102001,missing_local_admin_identity,ကချင်ပြည်နယ်,Kachin State,အင်ဂျန်းယန် မြို့နယ်,Injangyang Township,အမှတ် (၁) ရပ်ကွက်,No (1) Quarter,ward,6668,,no_exact_or_fuzzy,missing_local_after_rebind,0,1,1,"Township 6668 resolved, but no exact approved ward/village-tract identity matched; will not invent admin from postal text",,missing_local_admin_identity,township resolved; no exact inventory identity for locality,
0102002,missing_local_admin_identity,ကချင်ပြည်နယ်,Kachin State,အင်ဂျန်းယန် မြို့နယ်,Injangyang Township,အမှတ် (၂) ရပ်ကွက်,No (2) Quarter,ward,6668,,no_exact_or_fuzzy,missing_local_after_rebind,0,1,1,"Township 6668 resolved, but no exact approved ward/village-tract identity matched; will not invent admin from postal text",,missing_local_admin_identity,township resolved; no exact inventory identity for locality,
0102003,missing_local_admin_identity,ကချင်ပြည်နယ်,Kachin State,အင်ဂျန်းယန် မြို့နယ်,Injangyang Township,အမှတ် (၃) ရပ်ကွက်,No (3) Quarter,ward,6668,,no_exact_or_fuzzy,missing_local_after_rebind,0,1,1,"Township 6668 resolved, but no exact approved ward/village-tract identity matched; will not invent admin from postal text",,missing_local_admin_identity,township resolved; no exact inventory identity for locality,
0102004,missing_local_admin_identity,ကချင်ပြည်နယ်,Kachin State,အင်ဂျန်းယန် မြို့နယ်,Injangyang Township,အမှတ် (၄) ရပ်ကွက်,No (4) Quarter,ward,6668,,no_exact_or_fuzzy,missing_local_after_rebind,0,1,1,"Township 6668 resolved, but no exact approved ward/village-tract identity matched; will not invent admin from postal text",,missing_local_admin_identity,township resolved; no exact inventory identity for locality,
0102220,missing_local_admin_identity,ကချင်ပြည်နယ်,Kachin State,အင်ဂျန်းယန် မြို့နယ်,Injangyang Township,အင်တျိန်ခရမ် ကျေးရွာအုပ်စု,In Trein Hka Yam Village Tract,village_tract,6668,,no_exact_or_fuzzy,missing_local_after_rebind,0,1,1,"Township 6668 resolved, but no exact approved ward/village-tract identity matched; will not invent admin from postal text",,missing_local_admin_identity,township resolved; no exact inventory identity for locality,
0103001,missing_local_admin_identity,ကချင်ပြည်နယ်,Kachin State,နောင်မွန်း မြို့နယ်,Nawngmun Township,အမှတ် (၁) ရပ်ကွက်,No (1) Quarter,ward,6681,,no_exact_or_fuzzy,missing_local_after_rebind,0,1,1,"Township 6681 resolved, but no exact approved ward/village-tract identity matched; will not invent admin from postal text",,missing_local_admin_identity,township resolved; no exact inventory identity for locality,
0103002,missing_local_admin_identity,ကချင်ပြည်နယ်,Kachin State,နောင်မွန်း မြို့နယ်,Nawngmun Township,အမှတ် (၂) ရပ်ကွက်,No (2) Quarter,ward,6681,,no_exact_or_fuzzy,missing_local_after_rebind,0,1,1,"Township 6681 resolved, but no exact approved ward/village-tract identity matched; will not invent admin from postal text",,missing_local_admin_identity,township resolved; no exact inventory identity for locality,
0103003,missing_local_admin_identity,ကချင်ပြည်နယ်,Kachin State,နောင်မွန်း မြို့နယ်,Nawngmun Township,အမှတ် (၃) ရပ်ကွက်,No (3) Quarter,ward,6681,,no_exact_or_fuzzy,missing_local_after_rebind,0,1,1,"Township 6681 resolved, but no exact approved ward/village-tract identity matched; will not invent admin from postal text",,missing_local_admin_identity,township resolved; no exact inventory identity for locality,
0103004,missing_local_admin_identity,ကချင်ပြည်နယ်,Kachin State,နောင်မွန်း မြို့နယ်,Nawngmun Township,အမှတ် (၄) ရပ်ကွက်,No (4) Quarter,ward,6681,,no_exact_or_fuzzy,missing_local_after_rebind,0,1,1,"Township 6681 resolved, but no exact approved ward/village-tract identity matched; will not invent admin from postal text",,missing_local_admin_identity,township resolved; no exact inventory identity for locality,
0103005,missing_local_admin_identity,ကချင်ပြည်နယ်,Kachin State,နောင်မွန်း မြို့နယ်,Nawngmun Township,အမှတ် (၅) ရပ်ကွက်,No (5) Quarter,ward,6681,,no_exact_or_fuzzy,missing_local_after_rebind,0,1,1,"Township 6681 resolved, but no exact approved ward/village-tract identity matched; will not invent admin from postal text",,missing_local_admin_identity,township resolved; no exact inventory identity for locality,
0104212,missing_local_admin_identity,ကချင်ပြည်နယ်,Kachin State,မချမ်းဘော မြို့နယ်,Machanbaw Township,အင်ခင့်ဝါကာ ကျေးရွာအုပ်စု,In Khint War Kar Village Tract,village_tract,6686,,no_exact_or_fuzzy,missing_local_after_rebind,0,1,1,"Township 6686 resolved, but no exact approved ward/village-tract identity matched; will not invent admin from postal text",,missing_local_admin_identity,township resolved; no exact inventory identity for locality,
0104213,missing_local_admin_identity,ကချင်ပြည်နယ်,Kachin State,မချမ်းဘော မြို့နယ်,Machanbaw Township,လရုတင်ကော့ ကျေးရွာအုပ်စု,La Ru Tin Kawt Village Tract,village_tract,6686,,no_exact_or_fuzzy,missing_local_after_rebind,0,1,1,"Township 6686 resolved, but no exact approved ward/village-tract identity matched; will not invent admin from postal text",,missing_local_admin_identity,township resolved; no exact inventory identity for locality,
0104214,missing_local_admin_identity,ကချင်ပြည်နယ်,Kachin State,မချမ်းဘော မြို့နယ်,Machanbaw Township,ပဆီဒမ် ကျေးရွာအုပ်စု,Pa Si Dam Village Tract,village_tract,6686,,no_exact_or_fuzzy,missing_local_after_rebind,0,1,1,"Township 6686 resolved, but no exact approved ward/village-tract identity matched; will not invent admin from postal text",,missing_local_admin_identity,township resolved; no exact inventory identity for locality,
0104216,missing_local_admin_identity,ကချင်ပြည်နယ်,Kachin State,မချမ်းဘော မြို့နယ်,Machanbaw Township,ဝါလန်ဂါး ကျေးရွာအုပ်စု,War Lang Ga Village Tract,village_tract,6686,,no_exact_or_fuzzy,missing_local_after_rebind,0,1,1,"Township 6686 resolved, but no exact approved ward/village-tract identity matched; will not invent admin from postal text",,missing_local_admin_identity,township resolved; no exact inventory identity for locality,
0104218,missing_local_admin_identity,ကချင်ပြည်နယ်,Kachin State,မချမ်းဘော မြို့နယ်,Machanbaw Township,နွမ်လာတွမ်ခူး ကျေးရွာအုပ်စု,Num Lar Tum Hku Village Tract,village_tract,6686,,no_exact_or_fuzzy,missing_local_after_rebind,0,1,1,"Township 6686 resolved, but no exact approved ward/village-tract identity matched; will not invent admin from postal text",,missing_local_admin_identity,township resolved; no exact inventory identity for locality,
0104220,missing_local_admin_identity,ကချင်ပြည်နယ်,Kachin State,မချမ်းဘော မြို့နယ်,Machanbaw Township,တန်ဖန်ဂါး ကျေးရွာအုပ်စု,Tan Hpan Ga Village Tract,village_tract,6686,,no_exact_or_fuzzy,missing_local_after_rebind,0,1,1,"Township 6686 resolved, but no exact approved ward/village-tract identity matched; will not invent admin from postal text",,missing_local_admin_identity,township resolved; no exact inventory identity for locality,
0104221,missing_local_admin_identity,ကချင်ပြည်နယ်,Kachin State,မချမ်းဘော မြို့နယ်,Machanbaw Township,လရှတွန်ခန် ကျေးရွာအုပ်စု,La Sha Tun Khan Village Tract,village_tract,6686,,no_exact_or_fuzzy,missing_local_after_rebind,0,1,1,"Township 6686 resolved, but no exact approved ward/village-tract identity matched; will not invent admin from postal text",,missing_local_admin_identity,township resolved; no exact inventory identity for locality,
0104222,missing_local_admin_identity,ကချင်ပြည်နယ်,Kachin State,မချမ်းဘော မြို့နယ်,Machanbaw Township,ဒဂွမ်ဂါး ကျေးရွာအုပ်စု,Da Gum Ga Village Tract,village_tract,6686,,no_exact_or_fuzzy,missing_local_after_rebind,0,1,1,"Township 6686 resolved, but no exact approved ward/village-tract identity matched; will not invent admin from postal text",,missing_local_admin_identity,township resolved; no exact inventory identity for locality,
0104223,missing_local_admin_identity,ကချင်ပြည်နယ်,Kachin State,မချမ်းဘော မြို့နယ်,Machanbaw Township,ထိန်ဘူဂါး ကျေးရွာအုပ်စု,Hting Bu Ga Village Tract,village_tract,6686,,no_exact_or_fuzzy,missing_local_after_rebind,0,1,1,"Township 6686 resolved, but no exact approved ward/village-tract identity matched; will not invent admin from postal text",,missing_local_admin_identity,township resolved; no exact inventory identity for locality,
0104224,missing_local_admin_identity,ကချင်ပြည်နယ်,Kachin State,မချမ်းဘော မြို့နယ်,Machanbaw Township,မဂေါင်ဒေါင်ဖွတ် ကျေးရွာအုပ်စု,Ma Gawng Dawng Hput Village Tract,village_tract,6686,,no_exact_or_fuzzy,missing_local_after_rebind,0,1,1,"Township 6686 resolved, but no exact approved ward/village-tract identity matched; will not invent admin from postal text",,missing_local_admin_identity,township resolved; no exact inventory identity for locality,
0104225,missing_local_admin_identity,ကချင်ပြည်နယ်,Kachin State,မချမ်းဘော မြို့နယ်,Machanbaw Township,ရှဒွန်ဂါး ကျေးရွာအုပ်စု,Sha Dun Gar Village Tract,village_tract,6686,,no_exact_or_fuzzy,missing_local_after_rebind,0,1,1,"Township 6686 resolved, but no exact approved ward/village-tract identity matched; will not invent admin from postal text",,missing_local_admin_identity,township resolved; no exact inventory identity for locality,
0104226,missing_local_admin_identity,ကချင်ပြည်နယ်,Kachin State,မချမ်းဘော မြို့နယ်,Machanbaw Township,တာလောကြီး ကျေးရွာအုပ်စု,Tar Law Gyi Village Tract,village_tract,6686,,no_exact_or_fuzzy,missing_local_after_rebind,0,1,1,"Township 6686 resolved, but no exact approved ward/village-tract identity matched; will not invent admin from postal text",,missing_local_admin_identity,township resolved; no exact inventory identity for locality,
0105001,missing_local_admin_identity,ကချင်ပြည်နယ်,Kachin State,ပူတာအို မြို့နယ်,Puta-O Township,ပန်းလှိုင် ရပ်ကွက်,Pan Hlaing Quarter,ward,6685,,no_exact_or_fuzzy,missing_local_after_rebind,0,1,1,"Township 6685 resolved, but no exact approved ward/village-tract identity matched; will not invent admin from postal text",,missing_local_admin_identity,township resolved; no exact inventory identity for locality,
0105002,missing_local_admin_identity,ကချင်ပြည်နယ်,Kachin State,ပူတာအို မြို့နယ်,Puta-O Township,ဟိုခို ရပ်ကွက်,Ho Kho Quarter,ward,6685,,no_exact_or_fuzzy,missing_local_after_rebind,0,1,1,"Township 6685 resolved, but no exact approved ward/village-tract identity matched; will not invent admin from postal text",,missing_local_admin_identity,township resolved; no exact inventory identity for locality,
0105003,missing_local_admin_identity,ကချင်ပြည်နယ်,Kachin State,ပူတာအို မြို့နယ်,Puta-O Township,မြို့မ ရပ်ကွက်,Myo Ma Quarter,ward,6685,,no_exact_or_fuzzy,missing_local_after_rebind,0,1,1,"Township 6685 resolved, but no exact approved ward/village-tract identity matched; will not invent admin from postal text",,missing_local_admin_identity,township resolved; no exact inventory identity for locality,
0105004,missing_local_admin_identity,ကချင်ပြည်နယ်,Kachin State,ပူတာအို မြို့နယ်,Puta-O Township,ကောင်ကထောင် ရပ်ကွက်,Kawng Ka Htaung Quarter,ward,6685,,no_exact_or_fuzzy,missing_local_after_rebind,0,1,1,"Township 6685 resolved, but no exact approved ward/village-tract identity matched; will not invent admin from postal text",,missing_local_admin_identity,township resolved; no exact inventory identity for locality,
0105005,missing_local_admin_identity,ကချင်ပြည်နယ်,Kachin State,ပူတာအို မြို့နယ်,Puta-O Township,တပ်သစ် ရပ်ကွက်,Tat Thit Quarter,ward,6685,,no_exact_or_fuzzy,missing_local_after_rebind,0,1,1,"Township 6685 resolved, but no exact approved ward/village-tract identity matched; will not invent admin from postal text",,missing_local_admin_identity,township resolved; no exact inventory identity for locality,
0105006,missing_local_admin_identity,ကချင်ပြည်နယ်,Kachin State,ပူတာအို မြို့နယ်,Puta-O Township,တုံလီထု ရပ်ကွက်,Ton Li Htu Quarter,ward,6685,,no_exact_or_fuzzy,missing_local_after_rebind,0,1,1,"Township 6685 resolved, but no exact approved ward/village-tract identity matched; will not invent admin from postal text",,missing_local_admin_identity,township resolved; no exact inventory identity for locality,
0105007,missing_local_admin_identity,ကချင်ပြည်နယ်,Kachin State,ပူတာအို မြို့နယ်,Puta-O Township,ပါအင် ရပ်ကွက်,Par In Quarter,ward,6685,,no_exact_or_fuzzy,missing_local_after_rebind,0,1,1,"Township 6685 resolved, but no exact approved ward/village-tract identity matched; will not invent admin from postal text",,missing_local_admin_identity,township resolved; no exact inventory identity for locality,
0105008,missing_local_admin_identity,ကချင်ပြည်နယ်,Kachin State,ပူတာအို မြို့နယ်,Puta-O Township,လေယာဉ်ကွင်း ရပ်ကွက်,Lay Yin Kwin Quarter,ward,6685,,no_exact_or_fuzzy,missing_local_after_rebind,0,1,1,"Township 6685 resolved, but no exact approved ward/village-tract identity matched; will not invent admin from postal text",,missing_local_admin_identity,township resolved; no exact inventory identity for locality,
0105009,missing_local_admin_identity,ကချင်ပြည်နယ်,Kachin State,ပူတာအို မြို့နယ်,Puta-O Township,ဒုတ္တန် ရပ်ကွက်,Doke Tan Quarter,ward,6685,,no_exact_or_fuzzy,missing_local_after_rebind,0,1,1,"Township 6685 resolved, but no exact approved ward/village-tract identity matched; will not invent admin from postal text",,missing_local_admin_identity,township resolved; no exact inventory identity for locality,
0105010,missing_local_admin_identity,ကချင်ပြည်နယ်,Kachin State,ပူတာအို မြို့နယ်,Puta-O Township,လုံးစွတ် ရပ်ကွက်,Lone Sut Quarter,ward,6685,,no_exact_or_fuzzy,missing_local_after_rebind,0,1,1,"Township 6685 resolved, but no exact approved ward/village-tract identity matched; will not invent admin from postal text",,missing_local_admin_identity,township resolved; no exact inventory identity for locality,
0105011,missing_local_admin_identity,ကချင်ပြည်နယ်,Kachin State,ပူတာအို မြို့နယ်,Puta-O Township,မူလာရှီဒီး ရပ်ကွက်,Mu Lar Shee Dee Quarter,ward,6685,,no_exact_or_fuzzy,missing_local_after_rebind,0,1,1,"Township 6685 resolved, but no exact approved ward/village-tract identity matched; will not invent admin from postal text",,missing_local_admin_identity,township resolved; no exact inventory identity for locality,
0106001,missing_local_admin_identity,ကချင်ပြည်နယ်,Kachin State,ဆွမ်ပရာဘွမ် မြို့နယ်,Sumprabum Township,ကဘရန်ခူး ရပ်ကွက်,KaBaYanKhu Quarter,ward,6669,,no_exact_or_fuzzy,missing_local_after_rebind,0,1,1,"Township 6669 resolved, but no exact approved ward/village-tract identity matched; will not invent admin from postal text",,missing_local_admin_identity,township resolved; no exact inventory identity for locality,
0106002,missing_local_admin_identity,ကချင်ပြည်နယ်,Kachin State,ဆွမ်ပရာဘွမ် မြို့နယ်,Sumprabum Township,မြို.မ ရပ်ကွက်,Myo Ma Quarter,ward,6669,,no_exact_or_fuzzy,missing_local_after_rebind,0,1,1,"Township 6669 resolved, but no exact approved ward/village-tract identity matched; will not invent admin from postal text",,missing_local_admin_identity,township resolved; no exact inventory identity for locality,
0106003,missing_local_admin_identity,ကချင်ပြည်နယ်,Kachin State,ဆွမ်ပရာဘွမ် မြို့နယ်,Sumprabum Township,ဝါစပ်ခူး ရပ်ကွက်,War Sat Khu Quarter,ward,6669,,no_exact_or_fuzzy,missing_local_after_rebind,0,1,1,"Township 6669 resolved, but no exact approved ward/village-tract identity matched; will not invent admin from postal text",,missing_local_admin_identity,township resolved; no exact inventory identity for locality,
0106240,missing_local_admin_identity,ကချင်ပြည်နယ်,Kachin State,ဆွမ်ပရာဘွမ် မြို့နယ်,Sumprabum Township,ကွမ်ရှင်ကော့ဆာ ကျေးရွာအုပ်စု,Kun Shin Kawt Sar Village Tract,village_tract,6669,,no_exact_or_fuzzy,missing_local_after_rebind,0,1,1,"Township 6669 resolved, but no exact approved ward/village-tract identity matched; will not invent admin from postal text",,missing_local_admin_identity,township resolved; no exact inventory identity for locality,
0107001,missing_local_admin_identity,ကချင်ပြည်နယ်,Kachin State,ချီ​ဖွေ မြို့နယ်,Chipwi Township,ရစ်လောခေါင် ရပ်ကွက်,Yit Law Hkaung Quarter,ward,6690,,no_exact_or_fuzzy,missing_local_after_rebind,0,1,1,"Township 6690 resolved, but no exact approved ward/village-tract identity matched; will not invent admin from postal text",,missing_local_admin_identity,township resolved; no exact inventory identity for locality,
0107002,missing_local_admin_identity,ကချင်ပြည်နယ်,Kachin State,ချီ​ဖွေ မြို့နယ်,Chipwi Township,ဥက္ကပ် ရပ်ကွက်,Oke Kat Quarter,ward,6690,,no_exact_or_fuzzy,missing_local_after_rebind,0,1,1,"Township 6690 resolved, but no exact approved ward/village-tract identity matched; will not invent admin from postal text",,missing_local_admin_identity,township resolved; no exact inventory identity for locality,
0107003,missing_local_admin_identity,ကချင်ပြည်နယ်,Kachin State,ချီ​ဖွေ မြို့နယ်,Chipwi Township,ဘာလဲ့ဒမ် ရပ်ကွက်,Ba Leit Dan Quarter,ward,6690,,no_exact_or_fuzzy,missing_local_after_rebind,0,1,1,"Township 6690 resolved, but no exact approved ward/village-tract identity matched; will not invent admin from postal text",,missing_local_admin_identity,township resolved; no exact inventory identity for locality,
0107004,missing_local_admin_identity,ကချင်ပြည်နယ်,Kachin State,ချီ​ဖွေ မြို့နယ်,Chipwi Township,ကန်ပိုင်ယံ ရပ်ကွက်,Kan Paing Yan Quarter,ward,6690,,no_exact_or_fuzzy,missing_local_after_rebind,0,1,1,"Township 6690 resolved, but no exact approved ward/village-tract identity matched; will not invent admin from postal text",,missing_local_admin_identity,township resolved; no exact inventory identity for locality,
0109001,missing_local_admin_identity,ကချင်ပြည်နယ်,Kachin State,တနိုင်း မြို့နယ်,Tanai Township,ဆင်ဆာ့ကောင်း ရပ်ကွက်,Sin Sa Kawng Quarter,ward,6666,,no_exact_or_fuzzy,missing_local_after_rebind,0,1,1,"Township 6666 resolved, but no exact approved ward/village-tract identity matched; will not invent admin from postal text",,missing_local_admin_identity,township resolved; no exact inventory identity for locality,
0109002,missing_local_admin_identity,ကချင်ပြည်နယ်,Kachin State,တနိုင်း မြို့နယ်,Tanai Township,မုန်ဒိန်ကောင်း ရပ်ကွက်,Mon Dein Kawng Quarter,ward,6666,,no_exact_or_fuzzy,missing_local_after_rebind,0,1,1,"Township 6666 resolved, but no exact approved ward/village-tract identity matched; will not invent admin from postal text",,missing_local_admin_identity,township resolved; no exact inventory identity for locality,
0109003,missing_local_admin_identity,ကချင်ပြည်နယ်,Kachin State,တနိုင်း မြို့နယ်,Tanai Township,ဟူးကောင်း ရပ်ကွက်,Hu Kawng Quarter,ward,6666,,no_exact_or_fuzzy,missing_local_after_rebind,0,1,1,"Township 6666 resolved, but no exact approved ward/village-tract identity matched; will not invent admin from postal text",,missing_local_admin_identity,township resolved; no exact inventory identity for locality,
0109004,missing_local_admin_identity,ကချင်ပြည်နယ်,Kachin State,တနိုင်း မြို့နယ်,Tanai Township,ကင်ဆား ရပ်ကွက်,Kin Sar Quarter,ward,6666,,no_exact_or_fuzzy,missing_local_after_rebind,0,1,1,"Township 6666 resolved, but no exact approved ward/village-tract identity matched; will not invent admin from postal text",,missing_local_admin_identity,township resolved; no exact inventory identity for locality,
0109005,missing_local_admin_identity,ကချင်ပြည်နယ်,Kachin State,တနိုင်း မြို့နယ်,Tanai Township,ဒူကောင်း ရပ်ကွက်,Du Kawng Quarter,ward,6666,,no_exact_or_fuzzy,missing_local_after_rebind,0,1,1,"Township 6666 resolved, but no exact approved ward/village-tract identity matched; will not invent admin from postal text",,missing_local_admin_identity,township resolved; no exact inventory identity for locality,
0109006,missing_local_admin_identity,ကချင်ပြည်နယ်,Kachin State,တနိုင်း မြို့နယ်,Tanai Township,ပုန်ခုန်ကောင်း ရပ်ကွက်,Pon Khon Kawng Quarter,ward,6666,,no_exact_or_fuzzy,missing_local_after_rebind,0,1,1,"Township 6666 resolved, but no exact approved ward/village-tract identity matched; will not invent admin from postal text",,missing_local_admin_identity,township resolved; no exact inventory identity for locality,
0109206,missing_local_admin_identity,ကချင်ပြည်နယ်,Kachin State,တနိုင်း မြို့နယ်,Tanai Township,ဒနိုင်ယန် ကျေးရွာအုပ်စု,Da Naing Yang Village Tract,village_tract,6666,,no_exact_or_fuzzy,missing_local_after_rebind,0,1,1,"Township 6666 resolved, but no exact approved ward/village-tract identity matched; will not invent admin from postal text",,missing_local_admin_identity,township resolved; no exact inventory identity for locality,
0109207,missing_local_admin_identity,ကချင်ပြည်နယ်,Kachin State,တနိုင်း မြို့နယ်,Tanai Township,အင်ထွဲအင်ပရော့ ကျေးရွာအုပ်စု,In Htoi In Praw Village Tract,village_tract,6666,,no_exact_or_fuzzy,missing_local_after_rebind,0,1,1,"Township 6666 resolved, but no exact approved ward/village-tract identity matched; will not invent admin from postal text",,missing_local_admin_identity,township resolved; no exact inventory identity for locality,
0109208,missing_local_admin_identity,ကချင်ပြည်နယ်,Kachin State,တနိုင်း မြို့နယ်,Tanai Township,ဂေါ့လွန်ယန် ကျေးရွာအုပ်စု,Gawt Lwng Yang Village Tract,village_tract,6666,,no_exact_or_fuzzy,missing_local_after_rebind,0,1,1,"Township 6666 resolved, but no exact approved ward/village-tract identity matched; will not invent admin from postal text",,missing_local_admin_identity,township resolved; no exact inventory identity for locality,
0109209,missing_local_admin_identity,ကချင်ပြည်နယ်,Kachin State,တနိုင်း မြို့နယ်,Tanai Township,ဆရာကထောင် ကျေးရွာအုပ်စု,Sa Rar Ka Htaung Village Tract,village_tract,6666,,no_exact_or_fuzzy,missing_local_after_rebind,0,1,1,"Township 6666 resolved, but no exact approved ward/village-tract identity matched; will not invent admin from postal text",,missing_local_admin_identity,township resolved; no exact inventory identity for locality,
0109210,missing_local_admin_identity,ကချင်ပြည်နယ်,Kachin State,တနိုင်း မြို့နယ်,Tanai Township,ဇီးကောင့် ကျေးရွာအုပ်စု,Zi Kawng Village Tract,village_tract,6666,,no_exact_or_fuzzy,missing_local_after_rebind,0,1,1,"Township 6666 resolved, but no exact approved ward/village-tract identity matched; will not invent admin from postal text",,missing_local_admin_identity,township resolved; no exact inventory identity for locality,
0109211,missing_local_admin_identity,ကချင်ပြည်နယ်,Kachin State,တနိုင်း မြို့နယ်,Tanai Township,အင်ဂမ်ဂါး ကျေးရွာအုပ်စု,In Gam Gar Village Tract,village_tract,6666,,no_exact_or_fuzzy,missing_local_after_rebind,0,1,1,"Township 6666 resolved, but no exact approved ward/village-tract identity matched; will not invent admin from postal text",,missing_local_admin_identity,township resolved; no exact inventory identity for locality,
0109212,missing_local_admin_identity,ကချင်ပြည်နယ်,Kachin State,တနိုင်း မြို့နယ်,Tanai Township,ရှိန့်ဘွေကောင့် ကျေးရွာအုပ်စု,Shein Bway Kawng Village Tract,village_tract,6666,,no_exact_or_fuzzy,missing_local_after_rebind,0,1,1,"Township 6666 resolved, but no exact approved ward/village-tract identity matched; will not invent admin from postal text",,missing_local_admin_identity,township resolved; no exact inventory identity for locality,
0109213,missing_local_admin_identity,ကချင်ပြည်နယ်,Kachin State,တနိုင်း မြို့နယ်,Tanai Township,အာလျှင် ကျေးရွာအုပ်စု,Ahr Hlyin Village Tract,village_tract,6666,,no_exact_or_fuzzy,missing_local_after_rebind,0,1,1,"Township 6666 resolved, but no exact approved ward/village-tract identity matched; will not invent admin from postal text",,missing_local_admin_identity,township resolved; no exact inventory identity for locality,
0109214,missing_local_admin_identity,ကချင်ပြည်နယ်,Kachin State,တနိုင်း မြို့နယ်,Tanai Township,ဆင်(မ်)ဆ ကျေးရွာအုပ်စု,Sim Sa Village Tract,village_tract,6666,,no_exact_or_fuzzy,missing_local_after_rebind,0,1,1,"Township 6666 resolved, but no exact approved ward/village-tract identity matched; will not invent admin from postal text",,missing_local_admin_identity,township resolved; no exact inventory identity for locality,
0109217,missing_local_admin_identity,ကချင်ပြည်နယ်,Kachin State,တနိုင်း မြို့နယ်,Tanai Township,ရှဒူဇွတ် ကျေးရွာအုပ်စု,Sha Du Suk Village Tract,village_tract,6666,,no_exact_or_fuzzy,missing_local_after_rebind,0,1,1,"Township 6666 resolved, but no exact approved ward/village-tract identity matched; will not invent admin from postal text",,missing_local_admin_identity,township resolved; no exact inventory identity for locality,
0110212,missing_local_admin_identity,ကချင်ပြည်နယ်,Kachin State,မိုးကောင်း မြို့နယ်,Mogaung Township,မုတ်နောင် ကျေးရွာအုပ်စု,Moke Nawng Village Tract,village_tract,6660,,no_exact_or_fuzzy,missing_local_after_rebind,0,1,1,"Township 6660 resolved, but no exact approved ward/village-tract identity matched; will not invent admin from postal text",,missing_local_admin_identity,township resolved; no exact inventory identity for locality,
0110229,missing_local_admin_identity,ကချင်ပြည်နယ်,Kachin State,မိုးကောင်း မြို့နယ်,Mogaung Township,နမ္မတီး ကျေးရွာအုပ်စု,Nam Ma Tee Village Tract,village_tract,6660,,no_exact_or_fuzzy,missing_local_after_rebind,0,1,1,"Township 6660 resolved, but no exact approved ward/village-tract identity matched; will not invent admin from postal text",,missing_local_admin_identity,township resolved; no exact inventory identity for locality,
0110237,missing_local_admin_identity,ကချင်ပြည်နယ်,Kachin State,မိုးကောင်း မြို့နယ်,Mogaung Township,နမ်းခမ်း ကျေးရွာအုပ်စု,Nam Hkam Village Tract,village_tract,6660,,no_exact_or_fuzzy,missing_local_after_rebind,0,1,1,"Township 6660 resolved, but no exact approved ward/village-tract identity matched; will not invent admin from postal text",,missing_local_admin_identity,township resolved; no exact inventory identity for locality,
0111001,missing_local_admin_identity,ကချင်ပြည်နယ်,Kachin State,မိုးညှင်း မြို့နယ်,Mohnyin Township,နန့်ခါ ရပ်ကွက်,Nam Khar Quarter,ward,6601,,no_exact_or_fuzzy,missing_local_after_rebind,0,1,1,"Township 6601 resolved, but no exact approved ward/village-tract identity matched; will not invent admin from postal text",,missing_local_admin_identity,township resolved; no exact inventory identity for locality,
0111002,missing_local_admin_identity,ကချင်ပြည်နယ်,Kachin State,မိုးညှင်း မြို့နယ်,Mohnyin Township,မြို့မ ရပ်ကွက်,Myo Ma Quarter,ward,6601,,no_exact_or_fuzzy,missing_local_after_rebind,0,1,1,"Township 6601 resolved, but no exact approved ward/village-tract identity matched; will not invent admin from postal text",,missing_local_admin_identity,township resolved; no exact inventory identity for locality,
0111003,missing_local_admin_identity,ကချင်ပြည်နယ်,Kachin State,မိုးညှင်း မြို့နယ်,Mohnyin Township,အုတ်ကျင်း ရပ်ကွက်,Oke Kyin Quarter,ward,6601,,no_exact_or_fuzzy,missing_local_after_rebind,0,1,1,"Township 6601 resolved, but no exact approved ward/village-tract identity matched; will not invent admin from postal text",,missing_local_admin_identity,township resolved; no exact inventory identity for locality,
0111004,missing_local_admin_identity,ကချင်ပြည်နယ်,Kachin State,မိုးညှင်း မြို့နယ်,Mohnyin Township,အရှေ့စု ရပ်ကွက်,Ah Shey Su Quarter,ward,6601,,no_exact_or_fuzzy,missing_local_after_rebind,0,1,1,"Township 6601 resolved, but no exact approved ward/village-tract identity matched; will not invent admin from postal text",,missing_local_admin_identity,township resolved; no exact inventory identity for locality,
0111005,missing_local_admin_identity,ကချင်ပြည်နယ်,Kachin State,မိုးညှင်း မြို့နယ်,Mohnyin Township,အောင်သပြေ ရပ်ကွက်,Aung Tha Pyay Quarter,ward,6601,,no_exact_or_fuzzy,missing_local_after_rebind,0,1,1,"Township 6601 resolved, but no exact approved ward/village-tract identity matched; will not invent admin from postal text",,missing_local_admin_identity,township resolved; no exact inventory identity for locality,
0111238,missing_local_admin_identity,ကချင်ပြည်နယ်,Kachin State,မိုးညှင်း မြို့နယ်,Mohnyin Township,မင်းကုန်း ကျေးရွာအုပ်စု,Min Kone Village Tract,village_tract,6601,,no_exact_or_fuzzy,missing_local_after_rebind,0,1,1,"Township 6601 resolved, but no exact approved ward/village-tract identity matched; will not invent admin from postal text",,missing_local_admin_identity,township resolved; no exact inventory identity for locality,
0112001,missing_local_admin_identity,ကချင်ပြည်နယ်,Kachin State,ရွှေကူ မြို့နယ်,Shwegu Township,အမှတ် (၁) ရပ်ကွက်,No (1) Quarter,ward,6589,,no_exact_or_fuzzy,missing_local_after_rebind,0,1,1,"Township 6589 resolved, but no exact approved ward/village-tract identity matched; will not invent admin from postal text",,missing_local_admin_identity,township resolved; no exact inventory identity for locality,
0112002,missing_local_admin_identity,ကချင်ပြည်နယ်,Kachin State,ရွှေကူ မြို့နယ်,Shwegu Township,အမှတ် (၂) ရပ်ကွက်,No (2) Quarter,ward,6589,,no_exact_or_fuzzy,missing_local_after_rebind,0,1,1,"Township 6589 resolved, but no exact approved ward/village-tract identity matched; will not invent admin from postal text",,missing_local_admin_identity,township resolved; no exact inventory identity for locality,
0112003,missing_local_admin_identity,ကချင်ပြည်နယ်,Kachin State,ရွှေကူ မြို့နယ်,Shwegu Township,အမှတ် (၃) ရပ်ကွက်,No (3) Quarter,ward,6589,,no_exact_or_fuzzy,missing_local_after_rebind,0,1,1,"Township 6589 resolved, but no exact approved ward/village-tract identity matched; will not invent admin from postal text",,missing_local_admin_identity,township resolved; no exact inventory identity for locality,
0112004,missing_local_admin_identity,ကချင်ပြည်နယ်,Kachin State,ရွှေကူ မြို့နယ်,Shwegu Township,အမှတ် (၄) ရပ်ကွက်,No (4) Quarter,ward,6589,,no_exact_or_fuzzy,missing_local_after_rebind,0,1,1,"Township 6589 resolved, but no exact approved ward/village-tract identity matched; will not invent admin from postal text",,missing_local_admin_identity,township resolved; no exact inventory identity for locality,
0112225,missing_local_admin_identity,ကချင်ပြည်နယ်,Kachin State,ရွှေကူ မြို့နယ်,Shwegu Township,နမ့်ခူး ကျေးရွာအုပ်စု,Nam Hku Village Tract,village_tract,6589,,no_exact_or_fuzzy,missing_local_after_rebind,0,1,1,"Township 6589 resolved, but no exact approved ward/village-tract identity matched; will not invent admin from postal text",,missing_local_admin_identity,township resolved; no exact inventory identity for locality,
0112226,missing_local_admin_identity,ကချင်ပြည်နယ်,Kachin State,ရွှေကူ မြို့နယ်,Shwegu Township,လဖိုင်ကထောင် ကျေးရွာအုပ်စု,La Hpai Ka Htaung Village Tract,village_tract,6589,,no_exact_or_fuzzy,missing_local_after_rebind,0,1,1,"Township 6589 resolved, but no exact approved ward/village-tract identity matched; will not invent admin from postal text",,missing_local_admin_identity,township resolved; no exact inventory identity for locality,
0112227,missing_local_admin_identity,ကချင်ပြည်နယ်,Kachin State,ရွှေကူ မြို့နယ်,Shwegu Township,ဖလပ်လွယ်ဘော် ကျေးရွာအုပ်စု,Hpa Lat Loi Baw Village Tract,village_tract,6589,,no_exact_or_fuzzy,missing_local_after_rebind,0,1,1,"Township 6589 resolved, but no exact approved ward/village-tract identity matched; will not invent admin from postal text",,missing_local_admin_identity,township resolved; no exact inventory identity for locality,
0112228,missing_local_admin_identity,ကချင်ပြည်နယ်,Kachin State,ရွှေကူ မြို့နယ်,Shwegu Township,ဒါ့ရှီလွယ်ဘော် ကျေးရွာအုပ်စု,Da Shee Loi Baw Village Tract,village_tract,6589,,no_exact_or_fuzzy,missing_local_after_rebind,0,1,1,"Township 6589 resolved, but no exact approved ward/village-tract identity matched; will not invent admin from postal text",,missing_local_admin_identity,township resolved; no exact inventory identity for locality,
0112229,missing_local_admin_identity,ကချင်ပြည်နယ်,Kachin State,ရွှေကူ မြို့နယ်,Shwegu Township,ကင်လားကောင် ကျေးရွာအုပ်စု,Kin La Kawng Village Tract,village_tract,6589,,no_exact_or_fuzzy,missing_local_after_rebind,0,1,1,"Township 6589 resolved, but no exact approved ward/village-tract identity matched; will not invent admin from postal text",,missing_local_admin_identity,township resolved; no exact inventory identity for locality,
0112230,missing_local_admin_identity,ကချင်ပြည်နယ်,Kachin State,ရွှေကူ မြို့နယ်,Shwegu Township,ဖာ့ဝတ် ကျေးရွာအုပ်စု,Hpa Wut Village Tract,village_tract,6589,,no_exact_or_fuzzy,missing_local_after_rebind,0,1,1,"Township 6589 resolved, but no exact approved ward/village-tract identity matched; will not invent admin from postal text",,missing_local_admin_identity,township resolved; no exact inventory identity for locality,
0112234,missing_local_admin_identity,ကချင်ပြည်နယ်,Kachin State,ရွှေကူ မြို့နယ်,Shwegu Township,ခါ့ဖောက် ကျေးရွာအုပ်စု,Hka Hpauk Village Tract,village_tract,6589,,no_exact_or_fuzzy,missing_local_after_rebind,0,1,1,"Township 6589 resolved, but no exact approved ward/village-tract identity matched; will not invent admin from postal text",,missing_local_admin_identity,township resolved; no exact inventory identity for locality,
0112236,missing_local_admin_identity,ကချင်ပြည်နယ်,Kachin State,ရွှေကူ မြို့နယ်,Shwegu Township,ရွှေချောင်းသာ ကျေးရွာအုပ်စု,Shwe Chaung Thar Village Tract,village_tract,6589,,no_exact_or_fuzzy,missing_local_after_rebind,0,1,1,"Township 6589 resolved, but no exact approved ward/village-tract identity matched; will not invent admin from postal text",,missing_local_admin_identity,township resolved; no exact inventory identity for locality,
0113001,missing_local_admin_identity,ကချင်ပြည်နယ်,Kachin State,ဗန်းမော် မြို့နယ်,Bhamo Township,ခွန်သာ ရပ်ကွက်,Khun Thar Quarter,ward,6612,,no_exact_or_fuzzy,missing_local_after_rebind,0,1,1,"Township 6612 resolved, but no exact approved ward/village-tract identity matched; will not invent admin from postal text",,missing_local_admin_identity,township resolved; no exact inventory identity for locality,
0113002,missing_local_admin_identity,ကချင်ပြည်နယ်,Kachin State,ဗန်းမော် မြို့နယ်,Bhamo Township,မြို့မ ရပ်ကွက်,Myo Ma Quarter,ward,6612,,no_exact_or_fuzzy,missing_local_after_rebind,0,1,1,"Township 6612 resolved, but no exact approved ward/village-tract identity matched; will not invent admin from postal text",,missing_local_admin_identity,township resolved; no exact inventory identity for locality,
0113003,missing_local_admin_identity,ကချင်ပြည်နယ်,Kachin State,ဗန်းမော် မြို့နယ်,Bhamo Township,အလည်ရပ် ရပ်ကွက်,Ah Lel Yat Quarter,ward,6612,,no_exact_or_fuzzy,missing_local_after_rebind,0,1,1,"Township 6612 resolved, but no exact approved ward/village-tract identity matched; will not invent admin from postal text",,missing_local_admin_identity,township resolved; no exact inventory identity for locality,
0113004,missing_local_admin_identity,ကချင်ပြည်နယ်,Kachin State,ဗန်းမော် မြို့နယ်,Bhamo Township,မင်းကုန်း ရပ်ကွက်,Min Kone Quarter,ward,6612,,no_exact_or_fuzzy,missing_local_after_rebind,0,1,1,"Township 6612 resolved, but no exact approved ward/village-tract identity matched; will not invent admin from postal text",,missing_local_admin_identity,township resolved; no exact inventory identity for locality,
0113005,missing_local_admin_identity,ကချင်ပြည်နယ်,Kachin State,ဗန်းမော် မြို့နယ်,Bhamo Township,သာစည် ရပ်ကွက်,Thar Si Quarter,ward,6612,,no_exact_or_fuzzy,missing_local_after_rebind,0,1,1,"Township 6612 resolved, but no exact approved ward/village-tract identity matched; will not invent admin from postal text",,missing_local_admin_identity,township resolved; no exact inventory identity for locality,
0113006,missing_local_admin_identity,ကချင်ပြည်နယ်,Kachin State,ဗန်းမော် မြို့နယ်,Bhamo Township,ပေါက်ကုန်း ရပ်ကွက်,Pauk Kone Quarter,ward,6612,,no_exact_or_fuzzy,missing_local_after_rebind,0,1,1,"Township 6612 resolved, but no exact approved ward/village-tract identity matched; will not invent admin from postal text",,missing_local_admin_identity,township resolved; no exact inventory identity for locality,
0113007,missing_local_admin_identity,ကချင်ပြည်နယ်,Kachin State,ဗန်းမော် မြို့နယ်,Bhamo Township,မင်းကျောင်းကုန်း ရပ်ကွက်,Min Kyaung Kone Quarter,ward,6612,,no_exact_or_fuzzy,missing_local_after_rebind,0,1,1,"Township 6612 resolved, but no exact approved ward/village-tract identity matched; will not invent admin from postal text",,missing_local_admin_identity,township resolved; no exact inventory identity for locality,
0113008,missing_local_admin_identity,ကချင်ပြည်နယ်,Kachin State,ဗန်းမော် မြို့နယ်,Bhamo Township,ညောင်ပင် ရပ်ကွက်,Nyaung Pin Quarter,ward,6612,,no_exact_or_fuzzy,missing_local_after_rebind,0,1,1,"Township 6612 resolved, but no exact approved ward/village-tract identity matched; will not invent admin from postal text",,missing_local_admin_identity,township resolved; no exact inventory identity for locality,
0113009,missing_local_admin_identity,ကချင်ပြည်နယ်,Kachin State,ဗန်းမော် မြို့နယ်,Bhamo Township,သီရိ ရပ်ကွက်,Thi Ri Quarter,ward,6612,,no_exact_or_fuzzy,missing_local_after_rebind,0,1,1,"Township 6612 resolved, but no exact approved ward/village-tract identity matched; will not invent admin from postal text",,missing_local_admin_identity,township resolved; no exact inventory identity for locality,
0113010,missing_local_admin_identity,ကချင်ပြည်နယ်,Kachin State,ဗန်းမော် မြို့နယ်,Bhamo Township,ဆင်ကုန်း ရပ်ကွက်,Sin Kone Quarter,ward,6612,,no_exact_or_fuzzy,missing_local_after_rebind,0,1,1,"Township 6612 resolved, but no exact approved ward/village-tract identity matched; will not invent admin from postal text",,missing_local_admin_identity,township resolved; no exact inventory identity for locality,
0113011,missing_local_admin_identity,ကချင်ပြည်နယ်,Kachin State,ဗန်းမော် မြို့နယ်,Bhamo Township,နမ့်ဖား ရပ်ကွက်,Nam Hpar Quarter,ward,6612,,no_exact_or_fuzzy,missing_local_after_rebind,0,1,1,"Township 6612 resolved, but no exact approved ward/village-tract identity matched; will not invent admin from postal text",,missing_local_admin_identity,township resolved; no exact inventory identity for locality,
0113012,missing_local_admin_identity,ကချင်ပြည်နယ်,Kachin State,ဗန်းမော် မြို့နယ်,Bhamo Township,နောင်ခို ရပ်ကွက်,Nawng Kho Quarter,ward,6612,,no_exact_or_fuzzy,missing_local_after_rebind,0,1,1,"Township 6612 resolved, but no exact approved ward/village-tract identity matched; will not invent admin from postal text",,missing_local_admin_identity,township resolved; no exact inventory identity for locality,
0113013,missing_local_admin_identity,ကချင်ပြည်နယ်,Kachin State,ဗန်းမော် မြို့နယ်,Bhamo Township,ရွှေကျီးနား ရပ်ကွက်,Shwe Kyee Nar Quarter,ward,6612,,no_exact_or_fuzzy,missing_local_after_rebind,0,1,1,"Township 6612 resolved, but no exact approved ward/village-tract identity matched; will not invent admin from postal text",,missing_local_admin_identity,township resolved; no exact inventory identity for locality,
0113014,missing_local_admin_identity,ကချင်ပြည်နယ်,Kachin State,ဗန်းမော် မြို့နယ်,Bhamo Township,ရွှေပြည်သာ ရပ်ကွက်,Shwe Pyi Thar Ward Quarter,ward,6612,,no_exact_or_fuzzy,missing_local_after_rebind,0,1,1,"Township 6612 resolved, but no exact approved ward/village-tract identity matched; will not invent admin from postal text",,missing_local_admin_identity,township resolved; no exact inventory identity for locality,
0113015,missing_local_admin_identity,ကချင်ပြည်နယ်,Kachin State,ဗန်းမော် မြို့နယ်,Bhamo Township,ဟန်းတဲ ရပ်ကွက်,Han Te Quarter,ward,6612,,no_exact_or_fuzzy,missing_local_after_rebind,0,1,1,"Township 6612 resolved, but no exact approved ward/village-tract identity matched; will not invent admin from postal text",,missing_local_admin_identity,township resolved; no exact inventory identity for locality,
0113016,missing_local_admin_identity,ကချင်ပြည်နယ်,Kachin State,ဗန်းမော် မြို့နယ်,Bhamo Township,အောင်သာ ရပ်ကွက်,Aung Thar Quarter,ward,6612,,no_exact_or_fuzzy,missing_local_after_rebind,0,1,1,"Township 6612 resolved, but no exact approved ward/village-tract identity matched; will not invent admin from postal text",,missing_local_admin_identity,township resolved; no exact inventory identity for locality,
0113204,missing_local_admin_identity,ကချင်ပြည်နယ်,Kachin State,ဗန်းမော် မြို့နယ်,Bhamo Township,ဝက်ကုန်း ကျေးရွာအုပ်စု,Wet Kone Village Tract,village_tract,6612,,no_exact_or_fuzzy,missing_local_after_rebind,0,1,1,"Township 6612 resolved, but no exact approved ward/village-tract identity matched; will not invent admin from postal text",,missing_local_admin_identity,township resolved; no exact inventory identity for locality,
0113220,missing_local_admin_identity,ကချင်ပြည်နယ်,Kachin State,ဗန်းမော် မြို့နယ်,Bhamo Township,ဟန်းတဲ ကျေးရွာအုပ်စု,Han Te Village Tract,village_tract,6612,,no_exact_or_fuzzy,missing_local_after_rebind,0,1,1,"Township 6612 resolved, but no exact approved ward/village-tract identity matched; will not invent admin from postal text",,missing_local_admin_identity,township resolved; no exact inventory identity for locality,
0113244,missing_local_admin_identity,ကချင်ပြည်နယ်,Kachin State,ဗန်းမော် မြို့နယ်,Bhamo Township,အောင်သာ ကျေးရွာအုပ်စု,Aung Thar Village Tract,village_tract,6612,,no_exact_or_fuzzy,missing_local_after_rebind,0,1,1,"Township 6612 resolved, but no exact approved ward/village-tract identity matched; will not invent admin from postal text",,missing_local_admin_identity,township resolved; no exact inventory identity for locality,
0116001,missing_local_admin_identity,ကချင်ပြည်နယ်,Kachin State,ဖားကန့် မြို့နယ်,Hpakant Township,မော်ဝမ်း ရပ်ကွက်,Maw Wam Quarter,ward,6664,,no_exact_or_fuzzy,missing_local_after_rebind,0,1,1,"Township 6664 resolved, but no exact approved ward/village-tract identity matched; will not invent admin from postal text",,missing_local_admin_identity,township resolved; no exact inventory identity for locality,
0116002,missing_local_admin_identity,ကချင်ပြည်နယ်,Kachin State,ဖားကန့် မြို့နယ်,Hpakant Township,ငှက်ပျောတော ရပ်ကွက်,Hnget Pyaw Taw Quarter,ward,6664,,no_exact_or_fuzzy,missing_local_after_rebind,0,1,1,"Township 6664 resolved, but no exact approved ward/village-tract identity matched; will not invent admin from postal text",,missing_local_admin_identity,township resolved; no exact inventory identity for locality,
0116003,missing_local_admin_identity,ကချင်ပြည်နယ်,Kachin State,ဖားကန့် မြို့နယ်,Hpakant Township,မြို့မ ရပ်ကွက်,Myo Ma Quarter,ward,6664,,no_exact_or_fuzzy,missing_local_after_rebind,0,1,1,"Township 6664 resolved, but no exact approved ward/village-tract identity matched; will not invent admin from postal text",,missing_local_admin_identity,township resolved; no exact inventory identity for locality,
0116004,missing_local_admin_identity,ကချင်ပြည်နယ်,Kachin State,ဖားကန့် မြို့နယ်,Hpakant Township,အေးမြသာယာ ရပ်ကွက်,Aye Mya Thar Yar Quarter,ward,6664,,no_exact_or_fuzzy,missing_local_after_rebind,0,1,1,"Township 6664 resolved, but no exact approved ward/village-tract identity matched; will not invent admin from postal text",,missing_local_admin_identity,township resolved; no exact inventory identity for locality,
0116005,missing_local_admin_identity,ကချင်ပြည်နယ်,Kachin State,ဖားကန့် မြို့နယ်,Hpakant Township,မရှီကထောင် ရပ်ကွက်,Ma Shi Ka Htaung Quarter,ward,6664,,no_exact_or_fuzzy,missing_local_after_rebind,0,1,1,"Township 6664 resolved, but no exact approved ward/village-tract identity matched; will not invent admin from postal text",,missing_local_admin_identity,township resolved; no exact inventory identity for locality,
0116210,missing_local_admin_identity,ကချင်ပြည်နယ်,Kachin State,ဖားကန့် မြို့နယ်,Hpakant Township,ကောင်ရာ ကျေးရွာအုပ်စု,Kawng Ra Village Tract,village_tract,6664,,no_exact_or_fuzzy,missing_local_after_rebind,0,1,1,"Township 6664 resolved, but no exact approved ward/village-tract identity matched; will not invent admin from postal text",,missing_local_admin_identity,township resolved; no exact inventory identity for locality,
0117001,missing_local_admin_identity,ကချင်ပြည်နယ်,Kachin State,ဆော့လော် မြို့နယ်,Tsawlaw Township,ဆော့လော် ရပ်ကွက်,Tsawlaw Quarter,ward,6688,,no_exact_or_fuzzy,missing_local_after_rebind,0,1,1,"Township 6688 resolved, but no exact approved ward/village-tract identity matched; will not invent admin from postal text",,missing_local_admin_identity,township resolved; no exact inventory identity for locality,
0118001,missing_local_admin_identity,ကချင်ပြည်နယ်,Kachin State,ခေါင်လန်ဖူး မြို့နယ်,Khaunglanhpu Township,အမှတ် (၁) ရပ်ကွက်,No (1) Quarter,ward,6687,,no_exact_or_fuzzy,missing_local_after_rebind,0,1,1,"Township 6687 resolved, but no exact approved ward/village-tract identity matched; will not invent admin from postal text",,missing_local_admin_identity,township resolved; no exact inventory identity for locality,
0118002,missing_local_admin_identity,ကချင်ပြည်နယ်,Kachin State,ခေါင်လန်ဖူး မြို့နယ်,Khaunglanhpu Township,အမှတ် (၂) ရပ်ကွက်,No (2) Quarter,ward,6687,,no_exact_or_fuzzy,missing_local_after_rebind,0,1,1,"Township 6687 resolved, but no exact approved ward/village-tract identity matched; will not invent admin from postal text",,missing_local_admin_identity,township resolved; no exact inventory identity for locality,
0118003,missing_local_admin_identity,ကချင်ပြည်နယ်,Kachin State,ခေါင်လန်ဖူး မြို့နယ်,Khaunglanhpu Township,အမှတ် (၃) ရပ်ကွက်,No (3) Quarter,ward,6687,,no_exact_or_fuzzy,missing_local_after_rebind,0,1,1,"Township 6687 resolved, but no exact approved ward/village-tract identity matched; will not invent admin from postal text",,missing_local_admin_identity,township resolved; no exact inventory identity for locality,
0118004,missing_local_admin_identity,ကချင်ပြည်နယ်,Kachin State,ခေါင်လန်ဖူး မြို့နယ်,Khaunglanhpu Township,အမှတ် (၄) ရပ်ကွက်,No (4) Quarter,ward,6687,,no_exact_or_fuzzy,missing_local_after_rebind,0,1,1,"Township 6687 resolved, but no exact approved ward/village-tract identity matched; will not invent admin from postal text",,missing_local_admin_identity,township resolved; no exact inventory identity for locality,
0160001,non_admin_postal_locality,ကချင်ပြည်နယ်,Kachin State,ဆင်ဘို မြို့,Sinbo Town,ဧရာဦး ရပ်ကွက်,Aye Yar U Quarter,ward,,,township_unresolved,non_admin_unresolved_township_name,0,1,1,Could not resolve approved CoreMap township from postal region/township names; local match skipped (township must resolve first),,non_admin_postal_locality,township name unresolved as CoreMap township; locality treated as non-admin postal place/town,
0160002,non_admin_postal_locality,ကချင်ပြည်နယ်,Kachin State,ဆင်ဘို မြို့,Sinbo Town,အောင်မင်္ဂလာ ရပ်ကွက်,Aung Min Ga Lar Quarter,ward,,,township_unresolved,non_admin_unresolved_township_name,0,1,1,Could not resolve approved CoreMap township from postal region/township names; local match skipped (township must resolve first),,non_admin_postal_locality,township name unresolved as CoreMap township; locality treated as non-admin postal place/town,
0160003,non_admin_postal_locality,ကချင်ပြည်နယ်,Kachin State,ဆင်ဘို မြို့,Sinbo Town,အောင်ချမ်းသာ ရပ်ကွက်,Aung Chan Thar Quarter,ward,,,township_unresolved,non_admin_unresolved_township_name,0,1,1,Could not resolve approved CoreMap township from postal region/township names; local match skipped (township must resolve first),,non_admin_postal_locality,township name unresolved as CoreMap township; locality treated as non-admin postal place/town,
0161001,non_admin_postal_locality,ကချင်ပြည်နယ်,Kachin State,ပန်နန်းဒင် မြို့,Pannandin Town,မြို့မ ရပ်ကွက်,Myo Ma Quarter,ward,,,township_unresolved,non_admin_unresolved_township_name,0,1,1,Could not resolve approved CoreMap township from postal region/township names; local match skipped (township must resolve first),,non_admin_postal_locality,township name unresolved as CoreMap township; locality treated as non-admin postal place/town,
0162001,non_admin_postal_locality,ကချင်ပြည်နယ်,Kachin State,ပန်ဝါ မြို့,Pang War Town,အမှတ် (၁) ရပ်ကွက်,No (1) Quarter,ward,,,township_unresolved,non_admin_unresolved_township_name,0,1,1,Could not resolve approved CoreMap township from postal region/township names; local match skipped (township must resolve first),,non_admin_postal_locality,township name unresolved as CoreMap township; locality treated as non-admin postal place/town,
0162002,non_admin_postal_locality,ကချင်ပြည်နယ်,Kachin State,ပန်ဝါ မြို့,Pang War Town,အမှတ် (၂) ရပ်ကွက်,No (2) Quarter,ward,,,township_unresolved,non_admin_unresolved_township_name,0,1,1,Could not resolve approved CoreMap township from postal region/township names; local match skipped (township must resolve first),,non_admin_postal_locality,township name unresolved as CoreMap township; locality treated as non-admin postal place/town,
0162003,non_admin_postal_locality,ကချင်ပြည်နယ်,Kachin State,ပန်ဝါ မြို့,Pang War Town,အမှတ် (၃) ရပ်ကွက်,No (3) Quarter,ward,,,township_unresolved,non_admin_unresolved_township_name,0,1,1,Could not resolve approved CoreMap township from postal region/township names; local match skipped (township must resolve first),,non_admin_postal_locality,township name unresolved as CoreMap township; locality treated as non-admin postal place/town,
0163001,non_admin_postal_locality,ကချင်ပြည်နယ်,Kachin State,ဆဒုံး မြို့,Sadung Town,အမှတ် (၁) ရပ်ကွက်,No (1) Quarter,ward,,,township_unresolved,non_admin_unresolved_township_name,0,1,1,Could not resolve approved CoreMap township from postal region/township names; local match skipped (township must resolve first),,non_admin_postal_locality,township name unresolved as CoreMap township; locality treated as non-admin postal place/town,
0163002,non_admin_postal_locality,ကချင်ပြည်နယ်,Kachin State,ဆဒုံး မြို့,Sadung Town,အမှတ် (၂) ရပ်ကွက်,No (2) Quarter,ward,,,township_unresolved,non_admin_unresolved_township_name,0,1,1,Could not resolve approved CoreMap township from postal region/township names; local match skipped (township must resolve first),,non_admin_postal_locality,township name unresolved as CoreMap township; locality treated as non-admin postal place/town,
0163003,non_admin_postal_locality,ကချင်ပြည်နယ်,Kachin State,ဆဒုံး မြို့,Sadung Town,အမှတ် (၃) ရပ်ကွက်,No (3) Quarter,ward,,,township_unresolved,non_admin_unresolved_township_name,0,1,1,Could not resolve approved CoreMap township from postal region/township names; local match skipped (township must resolve first),,non_admin_postal_locality,township name unresolved as CoreMap township; locality treated as non-admin postal place/town,
0163004,non_admin_postal_locality,ကချင်ပြည်နယ်,Kachin State,ဆဒုံး မြို့,Sadung Town,အမှတ် (၄) ရပ်ကွက်,No (4) Quarter,ward,,,township_unresolved,non_admin_unresolved_township_name,0,1,1,Could not resolve approved CoreMap township from postal region/township names; local match skipped (township must resolve first),,non_admin_postal_locality,township name unresolved as CoreMap township; locality treated as non-admin postal place/town,
0163005,non_admin_postal_locality,ကချင်ပြည်နယ်,Kachin State,ဆဒုံး မြို့,Sadung Town,အမှတ် (၅) ရပ်ကွက်,No (5) Quarter,ward,,,township_unresolved,non_admin_unresolved_township_name,0,1,1,Could not resolve approved CoreMap township from postal region/township names; local match skipped (township must resolve first),,non_admin_postal_locality,township name unresolved as CoreMap township; locality treated as non-admin postal place/town,
0164001,non_admin_postal_locality,ကချင်ပြည်နယ်,Kachin State,ကန်ပိုက်တီ မြို့,Kan Paik Ti Town,အမှတ် (၁) ရပ်ကွက်,No (1) Quarter,ward,,,township_unresolved,non_admin_unresolved_township_name,0,1,1,Could not resolve approved CoreMap township from postal region/township names; local match skipped (township must resolve first),,non_admin_postal_locality,township name unresolved as CoreMap township; locality treated as non-admin postal place/town,
0164002,non_admin_postal_locality,ကချင်ပြည်နယ်,Kachin State,ကန်ပိုက်တီ မြို့,Kan Paik Ti Town,အမှတ် (၂) ရပ်ကွက်,No (2) Quarter,ward,,,township_unresolved,non_admin_unresolved_township_name,0,1,1,Could not resolve approved CoreMap township from postal region/township names; local match skipped (township must resolve first),,non_admin_postal_locality,township name unresolved as CoreMap township; locality treated as non-admin postal place/town,
0164003,non_admin_postal_locality,ကချင်ပြည်နယ်,Kachin State,ကန်ပိုက်တီ မြို့,Kan Paik Ti Town,အမှတ် (၃) ရပ်ကွက်,No (3) Quarter,ward,,,township_unresolved,non_admin_unresolved_township_name,0,1,1,Could not resolve approved CoreMap township from postal region/township names; local match skipped (township must resolve first),,non_admin_postal_locality,township name unresolved as CoreMap township; locality treated as non-admin postal place/town,
0165001,non_admin_postal_locality,ကချင်ပြည်နယ်,Kachin State,ရှင်ဗွေယန် မြို့,Shin Bway Yang Town,အမှတ် (၁) ရပ်ကွက်,No (1) Quarter,ward,,,township_unresolved,non_admin_unresolved_township_name,0,1,1,Could not resolve approved CoreMap township from postal region/township names; local match skipped (township must resolve first),,non_admin_postal_locality,township name unresolved as CoreMap township; locality treated as non-admin postal place/town,
0165002,non_admin_postal_locality,ကချင်ပြည်နယ်,Kachin State,ရှင်ဗွေယန် မြို့,Shin Bway Yang Town,အမှတ် (၂) ရပ်ကွက်,No (2) Quarter,ward,,,township_unresolved,non_admin_unresolved_township_name,0,1,1,Could not resolve approved CoreMap township from postal region/township names; local match skipped (township must resolve first),,non_admin_postal_locality,township name unresolved as CoreMap township; locality treated as non-admin postal place/town,
0165003,non_admin_postal_locality,ကချင်ပြည်နယ်,Kachin State,ရှင်ဗွေယန် မြို့,Shin Bway Yang Town,အမှတ် (၃) ရပ်ကွက်,No (3) Quarter,ward,,,township_unresolved,non_admin_unresolved_township_name,0,1,1,Could not resolve approved CoreMap township from postal region/township names; local match skipped (township must resolve first),,non_admin_postal_locality,township name unresolved as CoreMap township; locality treated as non-admin postal place/town,
0165004,non_admin_postal_locality,ကချင်ပြည်နယ်,Kachin State,ရှင်ဗွေယန် မြို့,Shin Bway Yang Town,အမှတ် (၄) ရပ်ကွက်,No (4) Quarter,ward,,,township_unresolved,non_admin_unresolved_township_name,0,1,1,Could not resolve approved CoreMap township from postal region/township names; local match skipped (township must resolve first),,non_admin_postal_locality,township name unresolved as CoreMap township; locality treated as non-admin postal place/town,
0166001,non_admin_postal_locality,ကချင်ပြည်နယ်,Kachin State,နမ္မတီး မြို့,Nammatee Town,မြို့မ ရပ်ကွက်,Myo Ma Quarter,ward,,,township_unresolved,non_admin_unresolved_township_name,0,1,1,Could not resolve approved CoreMap township from postal region/township names; local match skipped (township must resolve first),,non_admin_postal_locality,township name unresolved as CoreMap township; locality treated as non-admin postal place/town,
0166002,non_admin_postal_locality,ကချင်ပြည်နယ်,Kachin State,နမ္မတီး မြို့,Nammatee Town,မြို့ဦး ရပ်ကွက်,Myo U Quarter,ward,,,township_unresolved,non_admin_unresolved_township_name,0,1,1,Could not resolve approved CoreMap township from postal region/township names; local match skipped (township must resolve first),,non_admin_postal_locality,township name unresolved as CoreMap township; locality treated as non-admin postal place/town,
0166003,non_admin_postal_locality,ကချင်ပြည်နယ်,Kachin State,နမ္မတီး မြို့,Nammatee Town,မြို့လှ ရပ်ကွက်,Myo Hla Quarter,ward,,,township_unresolved,non_admin_unresolved_township_name,0,1,1,Could not resolve approved CoreMap township from postal region/township names; local match skipped (township must resolve first),,non_admin_postal_locality,township name unresolved as CoreMap township; locality treated as non-admin postal place/town,
0166004,non_admin_postal_locality,ကချင်ပြည်နယ်,Kachin State,နမ္မတီး မြို့,Nammatee Town,မြို့သာယာ ရပ်ကွက်,Myo Thar Yar Quarter,ward,,,township_unresolved,non_admin_unresolved_township_name,0,1,1,Could not resolve approved CoreMap township from postal region/township names; local match skipped (township must resolve first),,non_admin_postal_locality,township name unresolved as CoreMap township; locality treated as non-admin postal place/town,
0167001,non_admin_postal_locality,ကချင်ပြည်နယ်,Kachin State,ဟိုပင် မြို့,Hopin Town,မြသီတာ ရပ်ကွက်,Mya Thi Dar Quarter,ward,,,township_unresolved,non_admin_unresolved_township_name,0,1,1,Could not resolve approved CoreMap township from postal region/township names; local match skipped (township must resolve first),,non_admin_postal_locality,township name unresolved as CoreMap township; locality treated as non-admin postal place/town,
0167002,non_admin_postal_locality,ကချင်ပြည်နယ်,Kachin State,ဟိုပင် မြို့,Hopin Town,မြဇေယျာ ရပ်ကွက်,Mya Zay Yar Quarter,ward,,,township_unresolved,non_admin_unresolved_township_name,0,1,1,Could not resolve approved CoreMap township from postal region/township names; local match skipped (township must resolve first),,non_admin_postal_locality,township name unresolved as CoreMap township; locality treated as non-admin postal place/town,
0167003,non_admin_postal_locality,ကချင်ပြည်နယ်,Kachin State,ဟိုပင် မြို့,Hopin Town,မြို့မတောင် ရပ်ကွက်,Myo Ma (South) Quarter,ward,,,township_unresolved,non_admin_unresolved_township_name,0,1,1,Could not resolve approved CoreMap township from postal region/township names; local match skipped (township must resolve first),,non_admin_postal_locality,township name unresolved as CoreMap township; locality treated as non-admin postal place/town,
0167004,non_admin_postal_locality,ကချင်ပြည်နယ်,Kachin State,ဟိုပင် မြို့,Hopin Town,မြို့မမြောက် ရပ်ကွက်,Myo Ma (North) Quarter,ward,,,township_unresolved,non_admin_unresolved_township_name,0,1,1,Could not resolve approved CoreMap township from postal region/township names; local match skipped (township must resolve first),,non_admin_postal_locality,township name unresolved as CoreMap township; locality treated as non-admin postal place/town,
0168001,non_admin_postal_locality,ကချင်ပြည်နယ်,Kachin State,အင်းတော်ကြီး မြို့,Inn Taw Gyi Town,ရွှေအင်းသာ ရပ်ကွက်,Shwe Inn Thar Quarter,ward,,,township_unresolved,non_admin_unresolved_township_name,0,1,1,Could not resolve approved CoreMap township from postal region/township names; local match skipped (township must resolve first),,non_admin_postal_locality,township name unresolved as CoreMap township; locality treated as non-admin postal place/town,
0168002,non_admin_postal_locality,ကချင်ပြည်နယ်,Kachin State,အင်းတော်ကြီး မြို့,Inn Taw Gyi Town,ရွှေပြည်သာ ရပ်ကွက်,Shwe Pyi Thar Quarter,ward,,,township_unresolved,non_admin_unresolved_township_name,0,1,1,Could not resolve approved CoreMap township from postal region/township names; local match skipped (township must resolve first),,non_admin_postal_locality,township name unresolved as CoreMap township; locality treated as non-admin postal place/town,
0168003,non_admin_postal_locality,ကချင်ပြည်နယ်,Kachin State,အင်းတော်ကြီး မြို့,Inn Taw Gyi Town,ရွှေချောင်းသာ ရပ်ကွက်,Shwe Chaung Thar Quarter,ward,,,township_unresolved,non_admin_unresolved_township_name,0,1,1,Could not resolve approved CoreMap township from postal region/township names; local match skipped (township must resolve first),,non_admin_postal_locality,township name unresolved as CoreMap township; locality treated as non-admin postal place/town,
0168004,non_admin_postal_locality,ကချင်ပြည်နယ်,Kachin State,အင်းတော်ကြီး မြို့,Inn Taw Gyi Town,တောင်တန်းသာ ရပ်ကွက်,Taung Tan Thar Quarter,ward,,,township_unresolved,non_admin_unresolved_township_name,0,1,1,Could not resolve approved CoreMap township from postal region/township names; local match skipped (township must resolve first),,non_admin_postal_locality,township name unresolved as CoreMap township; locality treated as non-admin postal place/town,
0169001,non_admin_postal_locality,ကချင်ပြည်နယ်,Kachin State,နန့်မွန်း မြို့,Nam Mun Town,အမှတ် (၁) ရပ်ကွက်,No (1) Quarter,ward,,,township_unresolved,non_admin_unresolved_township_name,0,1,1,Could not resolve approved CoreMap township from postal region/township names; local match skipped (township must resolve first),,non_admin_postal_locality,township name unresolved as CoreMap township; locality treated as non-admin postal place/town,
0169002,non_admin_postal_locality,ကချင်ပြည်နယ်,Kachin State,နန့်မွန်း မြို့,Nam Mun Town,အမှတ် (၂) ရပ်ကွက်,No (2) Quarter,ward,,,township_unresolved,non_admin_unresolved_township_name,0,1,1,Could not resolve approved CoreMap township from postal region/township names; local match skipped (township must resolve first),,non_admin_postal_locality,township name unresolved as CoreMap township; locality treated as non-admin postal place/town,
0169003,non_admin_postal_locality,ကချင်ပြည်နယ်,Kachin State,နန့်မွန်း မြို့,Nam Mun Town,အမှတ် (၃) ရပ်ကွက်,No (3) Quarter,ward,,,township_unresolved,non_admin_unresolved_township_name,0,1,1,Could not resolve approved CoreMap township from postal region/township names; local match skipped (township must resolve first),,non_admin_postal_locality,township name unresolved as CoreMap township; locality treated as non-admin postal place/town,
0169004,non_admin_postal_locality,ကချင်ပြည်နယ်,Kachin State,နန့်မွန်း မြို့,Nam Mun Town,အမှတ် (၄) ရပ်ကွက်,No (4) Quarter,ward,,,township_unresolved,non_admin_unresolved_township_name,0,1,1,Could not resolve approved CoreMap township from postal region/township names; local match skipped (township must resolve first),,non_admin_postal_locality,township name unresolved as CoreMap township; locality treated as non-admin postal place/town,
0170001,non_admin_postal_locality,ကချင်ပြည်နယ်,Kachin State,နန်းမား မြို့,Nam Mar Town,မြို့မရန်အောင် ရပ်ကွက်,Myo Ma Yan Aung Quarter,ward,,,township_unresolved,non_admin_unresolved_township_name,0,1,1,Could not resolve approved CoreMap township from postal region/township names; local match skipped (township must resolve first),,non_admin_postal_locality,township name unresolved as CoreMap township; locality treated as non-admin postal place/town,
0170002,non_admin_postal_locality,ကချင်ပြည်နယ်,Kachin State,နန်းမား မြို့,Nam Mar Town,ညောင်ကုန်း ရပ်ကွက်,Nyaung Kone Quarter,ward,,,township_unresolved,non_admin_unresolved_township_name,0,1,1,Could not resolve approved CoreMap township from postal region/township names; local match skipped (township must resolve first),,non_admin_postal_locality,township name unresolved as CoreMap township; locality treated as non-admin postal place/town,
0170003,non_admin_postal_locality,ကချင်ပြည်နယ်,Kachin State,နန်းမား မြို့,Nam Mar Town,ရှမ်းစု ရပ်ကွက်,Shan Su Quarter,ward,,,township_unresolved,non_admin_unresolved_township_name,0,1,1,Could not resolve approved CoreMap township from postal region/township names; local match skipped (township must resolve first),,non_admin_postal_locality,township name unresolved as CoreMap township; locality treated as non-admin postal place/town,
0170004,non_admin_postal_locality,ကချင်ပြည်နယ်,Kachin State,နန်းမား မြို့,Nam Mar Town,နန်းသာယာ ရပ်ကွက်,Nan Thar Yar Quarter,ward,,,township_unresolved,non_admin_unresolved_township_name,0,1,1,Could not resolve approved CoreMap township from postal region/township names; local match skipped (township must resolve first),,non_admin_postal_locality,township name unresolved as CoreMap township; locality treated as non-admin postal place/town,
0170005,non_admin_postal_locality,ကချင်ပြည်နယ်,Kachin State,နန်းမား မြို့,Nam Mar Town,ချောင်းသာ ရပ်ကွက်,Chaung Thar Quarter,ward,,,township_unresolved,non_admin_unresolved_township_name,0,1,1,Could not resolve approved CoreMap township from postal region/township names; local match skipped (township must resolve first),,non_admin_postal_locality,township name unresolved as CoreMap township; locality treated as non-admin postal place/town,
0171001,non_admin_postal_locality,ကချင်ပြည်နယ်,Kachin State,မြို့လှ မြို့,Myo Hla Town,အမှတ် (၁) ရပ်ကွက်,No (1) Quarter,ward,,,township_unresolved,non_admin_unresolved_township_name,0,1,1,Could not resolve approved CoreMap township from postal region/township names; local match skipped (township must resolve first),,non_admin_postal_locality,township name unresolved as CoreMap township; locality treated as non-admin postal place/town,
0171002,non_admin_postal_locality,ကချင်ပြည်နယ်,Kachin State,မြို့လှ မြို့,Myo Hla Town,အမှတ် (၂) ရပ်ကွက်,No (2) Quarter,ward,,,township_unresolved,non_admin_unresolved_township_name,0,1,1,Could not resolve approved CoreMap township from postal region/township names; local match skipped (township must resolve first),,non_admin_postal_locality,township name unresolved as CoreMap township; locality treated as non-admin postal place/town,
0171003,non_admin_postal_locality,ကချင်ပြည်နယ်,Kachin State,မြို့လှ မြို့,Myo Hla Town,အမှတ် (၃) ရပ်ကွက်,No (3) Quarter,ward,,,township_unresolved,non_admin_unresolved_township_name,0,1,1,Could not resolve approved CoreMap township from postal region/township names; local match skipped (township must resolve first),,non_admin_postal_locality,township name unresolved as CoreMap township; locality treated as non-admin postal place/town,
0171004,non_admin_postal_locality,ကချင်ပြည်နယ်,Kachin State,မြို့လှ မြို့,Myo Hla Town,အမှတ် (၄) ရပ်ကွက်,No (4) Quarter,ward,,,township_unresolved,non_admin_unresolved_township_name,0,1,1,Could not resolve approved CoreMap township from postal region/township names; local match skipped (township must resolve first),,non_admin_postal_locality,township name unresolved as CoreMap township; locality treated as non-admin postal place/town,
0172001,non_admin_postal_locality,ကချင်ပြည်နယ်,Kachin State,လွယ်ဂျယ် မြို့,Lwegel Town,အောင်မင်္ဂလာ ရပ်ကွက်,Aung Min Ga Lar Quarter,ward,,,township_unresolved,non_admin_unresolved_township_name,0,1,1,Could not resolve approved CoreMap township from postal region/township names; local match skipped (township must resolve first),,non_admin_postal_locality,township name unresolved as CoreMap township; locality treated as non-admin postal place/town,
0172002,non_admin_postal_locality,ကချင်ပြည်နယ်,Kachin State,လွယ်ဂျယ် မြို့,Lwegel Town,အောင်သီရိ ရပ်ကွက်,Aung Thi Ri Quarter,ward,,,township_unresolved,non_admin_unresolved_township_name,0,1,1,Could not resolve approved CoreMap township from postal region/township names; local match skipped (township must resolve first),,non_admin_postal_locality,township name unresolved as CoreMap township; locality treated as non-admin postal place/town,
0172003,non_admin_postal_locality,ကချင်ပြည်နယ်,Kachin State,လွယ်ဂျယ် မြို့,Lwegel Town,အောင်ချမ်းသာ ရပ်ကွက်,Aung Chan Thar Quarter,ward,,,township_unresolved,non_admin_unresolved_township_name,0,1,1,Could not resolve approved CoreMap township from postal region/township names; local match skipped (township must resolve first),,non_admin_postal_locality,township name unresolved as CoreMap township; locality treated as non-admin postal place/town,
0172004,non_admin_postal_locality,ကချင်ပြည်နယ်,Kachin State,လွယ်ဂျယ် မြို့,Lwegel Town,အောင်သစ္စာ ရပ်ကွက်,Aung Thit Sar Quarter,ward,,,township_unresolved,non_admin_unresolved_township_name,0,1,1,Could not resolve approved CoreMap township from postal region/township names; local match skipped (township must resolve first),,non_admin_postal_locality,township name unresolved as CoreMap township; locality treated as non-admin postal place/town,
0172005,non_admin_postal_locality,ကချင်ပြည်နယ်,Kachin State,လွယ်ဂျယ် မြို့,Lwegel Town,အောင်ဇေယျာ ရပ်ကွက်,Aung Zay Yar Quarter,ward,,,township_unresolved,non_admin_unresolved_township_name,0,1,1,Could not resolve approved CoreMap township from postal region/township names; local match skipped (township must resolve first),,non_admin_postal_locality,township name unresolved as CoreMap township; locality treated as non-admin postal place/town,
0172006,non_admin_postal_locality,ကချင်ပြည်နယ်,Kachin State,လွယ်ဂျယ် မြို့,Lwegel Town,ဆိုင်ဂျာ ရပ်ကွက်,Saing Gyar Quarter,ward,,,township_unresolved,non_admin_unresolved_township_name,0,1,1,Could not resolve approved CoreMap township from postal region/township names; local match skipped (township must resolve first),,non_admin_postal_locality,township name unresolved as CoreMap township; locality treated as non-admin postal place/town,
0172007,non_admin_postal_locality,ကချင်ပြည်နယ်,Kachin State,လွယ်ဂျယ် မြို့,Lwegel Town,ကောင်နန် ရပ်ကွက်,Kawng Nan Quarter,ward,,,township_unresolved,non_admin_unresolved_township_name,0,1,1,Could not resolve approved CoreMap township from postal region/township names; local match skipped (township must resolve first),,non_admin_postal_locality,township name unresolved as CoreMap township; locality treated as non-admin postal place/town,
0173001,non_admin_postal_locality,ကချင်ပြည်နယ်,Kachin State,ဒေါ့ဖုန်းယန် မြို့,Dawthponeyan Town,အမှတ် (၁) ရပ်ကွက်,No (1) Quarter,ward,,,township_unresolved,non_admin_unresolved_township_name,0,1,1,Could not resolve approved CoreMap township from postal region/township names; local match skipped (township must resolve first),,non_admin_postal_locality,township name unresolved as CoreMap township; locality treated as non-admin postal place/town,
0173002,non_admin_postal_locality,ကချင်ပြည်နယ်,Kachin State,ဒေါ့ဖုန်းယန် မြို့,Dawthponeyan Town,အမှတ် (၂) ရပ်ကွက်,No (2) Quarter,ward,,,township_unresolved,non_admin_unresolved_township_name,0,1,1,Could not resolve approved CoreMap township from postal region/township names; local match skipped (township must resolve first),,non_admin_postal_locality,township name unresolved as CoreMap township; locality treated as non-admin postal place/town,
0173003,non_admin_postal_locality,ကချင်ပြည်နယ်,Kachin State,ဒေါ့ဖုန်းယန် မြို့,Dawthponeyan Town,အမှတ် (၃) ရပ်ကွက်,No (3) Quarter,ward,,,township_unresolved,non_admin_unresolved_township_name,0,1,1,Could not resolve approved CoreMap township from postal region/township names; local match skipped (township must resolve first),,non_admin_postal_locality,township name unresolved as CoreMap township; locality treated as non-admin postal place/town,
0174001,non_admin_postal_locality,ကချင်ပြည်နယ်,Kachin State,ကာမိုင်း မြို့,Kamaing Town,ကာမိုင်း ရပ်ကွက်,Kamaing Quarter,ward,,,township_unresolved,non_admin_unresolved_township_name,0,1,1,Could not resolve approved CoreMap township from postal region/township names; local match skipped (township must resolve first),,non_admin_postal_locality,township name unresolved as CoreMap township; locality treated as non-admin postal place/town,
0201206,missing_local_admin_identity,စစ်ကိုင်းတိုင်းဒေသကြီး,Sagaing Region,နန်းယွန်း မြို့နယ်,Nanyun Township,ခလပ်လိပ်တော် ကျေးရွာအုပ်စု,Kha Let Leik Taw Village Tract,village_tract,6674,,no_exact_or_fuzzy,missing_local_after_rebind,0,1,1,"Township 6674 resolved, but no exact approved ward/village-tract identity matched; will not invent admin from postal text",,missing_local_admin_identity,township resolved; no exact inventory identity for locality,
0201207,missing_local_admin_identity,စစ်ကိုင်းတိုင်းဒေသကြီး,Sagaing Region,နန်းယွန်း မြို့နယ်,Nanyun Township,ရှန်ရှိန် (ရှာရာ) ကျေးရွာအုပ်စု,Shan Shein (Shar Yar) Village Tract,village_tract,6674,,no_exact_or_fuzzy,missing_local_after_rebind,0,1,1,"Township 6674 resolved, but no exact approved ward/village-tract identity matched; will not invent admin from postal text",,missing_local_admin_identity,township resolved; no exact inventory identity for locality,
0201209,missing_local_admin_identity,စစ်ကိုင်းတိုင်းဒေသကြီး,Sagaing Region,နန်းယွန်း မြို့နယ်,Nanyun Township,ရှားမီး ကျေးရွာအုပ်စု,Shar Mee Village Tract,village_tract,6674,,no_exact_or_fuzzy,missing_local_after_rebind,0,1,1,"Township 6674 resolved, but no exact approved ward/village-tract identity matched; will not invent admin from postal text",,missing_local_admin_identity,township resolved; no exact inventory identity for locality,
0201210,missing_local_admin_identity,စစ်ကိုင်းတိုင်းဒေသကြီး,Sagaing Region,နန်းယွန်း မြို့နယ်,Nanyun Township,ဆန်လွန်း ကျေးရွာအုပ်စု,San Lun Village Tract,village_tract,6674,,no_exact_or_fuzzy,missing_local_after_rebind,0,1,1,"Township 6674 resolved, but no exact approved ward/village-tract identity matched; will not invent admin from postal text",,missing_local_admin_identity,township resolved; no exact inventory identity for locality,
0201211,missing_local_admin_identity,စစ်ကိုင်းတိုင်းဒေသကြီး,Sagaing Region,နန်းယွန်း မြို့နယ်,Nanyun Township,လွန်ရန် ကျေးရွာအုပ်စု,Lun Yan Village Tract,village_tract,6674,,no_exact_or_fuzzy,missing_local_after_rebind,0,1,1,"Township 6674 resolved, but no exact approved ward/village-tract identity matched; will not invent admin from postal text",,missing_local_admin_identity,township resolved; no exact inventory identity for locality,
0201216,missing_local_admin_identity,စစ်ကိုင်းတိုင်းဒေသကြီး,Sagaing Region,နန်းယွန်း မြို့နယ်,Nanyun Township,လုံတွန် ကျေးရွာအုပ်စု,Lon Tun Village Tract,village_tract,6674,,no_exact_or_fuzzy,missing_local_after_rebind,0,1,1,"Township 6674 resolved, but no exact approved ward/village-tract identity matched; will not invent admin from postal text",,missing_local_admin_identity,township resolved; no exact inventory identity for locality,
0201218,missing_local_admin_identity,စစ်ကိုင်းတိုင်းဒေသကြီး,Sagaing Region,နန်းယွန်း မြို့နယ်,Nanyun Township,ယောကျော် ကျေးရွာအုပ်စု,Yaw Kyaw Village Tract,village_tract,6674,,no_exact_or_fuzzy,missing_local_after_rebind,0,1,1,"Township 6674 resolved, but no exact approved ward/village-tract identity matched; will not invent admin from postal text",,missing_local_admin_identity,township resolved; no exact inventory identity for locality,
0201232,missing_local_admin_identity,စစ်ကိုင်းတိုင်းဒေသကြီး,Sagaing Region,နန်းယွန်း မြို့နယ်,Nanyun Township,ဒုံဟီး ကျေးရွာအုပ်စု,Don Hee (Don Yee Sub-township) Village Tract,village_tract,6674,,no_exact_or_fuzzy,missing_local_after_rebind,0,1,1,"Township 6674 resolved, but no exact approved ward/village-tract identity matched; will not invent admin from postal text",,missing_local_admin_identity,township resolved; no exact inventory identity for locality,
0202001,missing_local_admin_identity,စစ်ကိုင်းတိုင်းဒေသကြီး,Sagaing Region,လဟယ် မြို့နယ်,Lahe Township,အမှုထမ်းများ ရပ်ကွက်,Ah Hmu Htan Quarter,ward,6692,,no_exact_or_fuzzy,missing_local_after_rebind,0,1,1,"Township 6692 resolved, but no exact approved ward/village-tract identity matched; will not invent admin from postal text",,missing_local_admin_identity,township resolved; no exact inventory identity for locality,
0202002,missing_local_admin_identity,စစ်ကိုင်းတိုင်းဒေသကြီး,Sagaing Region,လဟယ် မြို့နယ်,Lahe Township,လဟယ်ရွာမ ရပ်ကွက်,Lahe Ywar Ma Quarter,ward,6692,,no_exact_or_fuzzy,missing_local_after_rebind,0,1,1,"Township 6692 resolved, but no exact approved ward/village-tract identity matched; will not invent admin from postal text",,missing_local_admin_identity,township resolved; no exact inventory identity for locality,
0202003,missing_local_admin_identity,စစ်ကိုင်းတိုင်းဒေသကြီး,Sagaing Region,လဟယ် မြို့နယ်,Lahe Township,အမှတ် (၁) တိုးချဲ့ ရပ်ကွက်,No (1) Toe Cheit Quarter,ward,6692,,no_exact_or_fuzzy,missing_local_after_rebind,0,1,1,"Township 6692 resolved, but no exact approved ward/village-tract identity matched; will not invent admin from postal text",,missing_local_admin_identity,township resolved; no exact inventory identity for locality,
0202004,missing_local_admin_identity,စစ်ကိုင်းတိုင်းဒေသကြီး,Sagaing Region,လဟယ် မြို့နယ်,Lahe Township,အမှတ် (၂) တိုးချဲ့ ရပ်ကွက်,No (2) Toe Cheit Quarter,ward,6692,,no_exact_or_fuzzy,missing_local_after_rebind,0,1,1,"Township 6692 resolved, but no exact approved ward/village-tract identity matched; will not invent admin from postal text",,missing_local_admin_identity,township resolved; no exact inventory identity for locality,
0202235,missing_local_admin_identity,စစ်ကိုင်းတိုင်းဒေသကြီး,Sagaing Region,လဟယ် မြို့နယ်,Lahe Township,မခွါလယ် ကျေးရွာအုပ်စု,Ma Khwar Lel Village Tract,village_tract,6692,,no_exact_or_fuzzy,missing_local_after_rebind,0,1,1,"Township 6692 resolved, but no exact approved ward/village-tract identity matched; will not invent admin from postal text",,missing_local_admin_identity,township resolved; no exact inventory identity for locality,
0203001,missing_local_admin_identity,စစ်ကိုင်းတိုင်းဒေသကြီး,Sagaing Region,ခန္တီး မြို့နယ်,Hkamti Township,ပေါမိုင်း ရပ်ကွက်,Paw Maing Quarter,ward,6694,,no_exact_or_fuzzy,missing_local_after_rebind,0,1,1,"Township 6694 resolved, but no exact approved ward/village-tract identity matched; will not invent admin from postal text",,missing_local_admin_identity,township resolved; no exact inventory identity for locality,
0203002,missing_local_admin_identity,စစ်ကိုင်းတိုင်းဒေသကြီး,Sagaing Region,ခန္တီး မြို့နယ်,Hkamti Township,ခန္တီးမြို့မ ရပ်ကွက်,Hkamti Myo Ma Quarter,ward,6694,,no_exact_or_fuzzy,missing_local_after_rebind,0,1,1,"Township 6694 resolved, but no exact approved ward/village-tract identity matched; will not invent admin from postal text",,missing_local_admin_identity,township resolved; no exact inventory identity for locality,
0203003,missing_local_admin_identity,စစ်ကိုင်းတိုင်းဒေသကြီး,Sagaing Region,ခန္တီး မြို့နယ်,Hkamti Township,ဇီးဖြူကုန်း ရပ်ကွက်,Zee Hpyu Kone Quarter,ward,6694,,no_exact_or_fuzzy,missing_local_after_rebind,0,1,1,"Township 6694 resolved, but no exact approved ward/village-tract identity matched; will not invent admin from postal text",,missing_local_admin_identity,township resolved; no exact inventory identity for locality,
0204214,missing_local_admin_identity,စစ်ကိုင်းတိုင်းဒေသကြီး,Sagaing Region,လေရှီး မြို့နယ်,Lay Shi Township,ဆွမ္မရာ ကျေးရွာအုပ်စု,Sum Ma Rar (Sum Pa Rar) Village Tract,village_tract,6699,,no_exact_or_fuzzy,missing_local_after_rebind,0,1,1,"Township 6699 resolved, but no exact approved ward/village-tract identity matched; will not invent admin from postal text",,missing_local_admin_identity,township resolved; no exact inventory identity for locality,
0205003,missing_local_admin_identity,စစ်ကိုင်းတိုင်းဒေသကြီး,Sagaing Region,ဟုမ္မလင်း မြို့နယ်,Homalin Township,ခိုပဲဝ ရပ်ကွက်,Hko Pe Wa Quarter,ward,6701,,no_exact_or_fuzzy,missing_local_after_rebind,0,1,1,"Township 6701 resolved, but no exact approved ward/village-tract identity matched; will not invent admin from postal text",,missing_local_admin_identity,township resolved; no exact inventory identity for locality,
0208001,missing_local_admin_identity,စစ်ကိုင်းတိုင်းဒေသကြီး,Sagaing Region,မော်လိုက် မြို့နယ်,Mawlaik Township,မြို့မ အမှတ်(၁) ရပ်ကွက်,Myo Ma  No (1) Quarter,ward,5022,,no_exact_or_fuzzy,missing_local_after_rebind,0,1,1,"Township 5022 resolved, but no exact approved ward/village-tract identity matched; will not invent admin from postal text",,missing_local_admin_identity,township resolved; no exact inventory identity for locality,
0208002,missing_local_admin_identity,စစ်ကိုင်းတိုင်းဒေသကြီး,Sagaing Region,မော်လိုက် မြို့နယ်,Mawlaik Township,မြို့မ အမှတ်(၂) ရပ်ကွက်,Myo Ma No (2) Quarter,ward,5022,,no_exact_or_fuzzy,missing_local_after_rebind,0,1,1,"Township 5022 resolved, but no exact approved ward/village-tract identity matched; will not invent admin from postal text",,missing_local_admin_identity,township resolved; no exact inventory identity for locality,
0209001,missing_local_admin_identity,စစ်ကိုင်းတိုင်းဒေသကြီး,Sagaing Region,ကလေး မြို့နယ်,Kale Township,ညောင်ပင်သာ ရပ်ကွက်,Nyaung Pin Thar Quarter,ward,6741,,no_exact_or_fuzzy,missing_local_after_rebind,0,1,1,"Township 6741 resolved, but no exact approved ward/village-tract identity matched; will not invent admin from postal text",,missing_local_admin_identity,township resolved; no exact inventory identity for locality,
0209002,missing_local_admin_identity,စစ်ကိုင်းတိုင်းဒေသကြီး,Sagaing Region,ကလေး မြို့နယ်,Kale Township,ပင်လုံ ရပ်ကွက်,Pin Lon Quarter,ward,6741,,no_exact_or_fuzzy,missing_local_after_rebind,0,1,1,"Township 6741 resolved, but no exact approved ward/village-tract identity matched; will not invent admin from postal text",,missing_local_admin_identity,township resolved; no exact inventory identity for locality,
0209003,missing_local_admin_identity,စစ်ကိုင်းတိုင်းဒေသကြီး,Sagaing Region,ကလေး မြို့နယ်,Kale Township,အောင်သစ္စာ ရပ်ကွက်,Aung Thit Sar Quarter,ward,6741,,no_exact_or_fuzzy,missing_local_after_rebind,0,1,1,"Township 6741 resolved, but no exact approved ward/village-tract identity matched; will not invent admin from postal text",,missing_local_admin_identity,township resolved; no exact inventory identity for locality,
0209004,missing_local_admin_identity,စစ်ကိုင်းတိုင်းဒေသကြီး,Sagaing Region,ကလေး မြို့နယ်,Kale Township,အောင်မင်္ဂလာ ရပ်ကွက်,Aung Min Ga Lar Quarter,ward,6741,,no_exact_or_fuzzy,missing_local_after_rebind,0,1,1,"Township 6741 resolved, but no exact approved ward/village-tract identity matched; will not invent admin from postal text",,missing_local_admin_identity,township resolved; no exact inventory identity for locality,
0209005,missing_local_admin_identity,စစ်ကိုင်းတိုင်းဒေသကြီး,Sagaing Region,ကလေး မြို့နယ်,Kale Township,တာဟန်း ရပ်ကွက်,Tar Han Quarter,ward,6741,,no_exact_or_fuzzy,missing_local_after_rebind,0,1,1,"Township 6741 resolved, but no exact approved ward/village-tract identity matched; will not invent admin from postal text",,missing_local_admin_identity,township resolved; no exact inventory identity for locality,
0209006,missing_local_admin_identity,စစ်ကိုင်းတိုင်းဒေသကြီး,Sagaing Region,ကလေး မြို့နယ်,Kale Township,မင်္ဂလာဥယျာဉ် ရပ်ကွက်,Min Ga Lar U Yin Quarter,ward,6741,,no_exact_or_fuzzy,missing_local_after_rebind,0,1,1,"Township 6741 resolved, but no exact approved ward/village-tract identity matched; will not invent admin from postal text",,missing_local_admin_identity,township resolved; no exact inventory identity for locality,
0209007,missing_local_admin_identity,စစ်ကိုင်းတိုင်းဒေသကြီး,Sagaing Region,ကလေး မြို့နယ်,Kale Township,အောင်မြေမာန် ရပ်ကွက်,Aung Myay Man Quarter,ward,6741,,no_exact_or_fuzzy,missing_local_after_rebind,0,1,1,"Township 6741 resolved, but no exact approved ward/village-tract identity matched; will not invent admin from postal text",,missing_local_admin_identity,township resolved; no exact inventory identity for locality,
0209008,missing_local_admin_identity,စစ်ကိုင်းတိုင်းဒေသကြီး,Sagaing Region,ကလေး မြို့နယ်,Kale Township,အောင်ဇေယျ ရပ်ကွက်,Aung Zay Ya Quarter,ward,6741,,no_exact_or_fuzzy,missing_local_after_rebind,0,1,1,"Township 6741 resolved, but no exact approved ward/village-tract identity matched; will not invent admin from postal text",,missing_local_admin_identity,township resolved; no exact inventory identity for locality,
0209009,missing_local_admin_identity,စစ်ကိုင်းတိုင်းဒေသကြီး,Sagaing Region,ကလေး မြို့နယ်,Kale Township,ချမ်းမြေ့အောင်စည် ရပ်ကွက်,Chan Myayt Aung Si Quarter,ward,6741,,no_exact_or_fuzzy,missing_local_after_rebind,0,1,1,"Township 6741 resolved, but no exact approved ward/village-tract identity matched; will not invent admin from postal text",,missing_local_admin_identity,township resolved; no exact inventory identity for locality,
0209010,missing_local_admin_identity,စစ်ကိုင်းတိုင်းဒေသကြီး,Sagaing Region,ကလေး မြို့နယ်,Kale Township,တပ်ဦးသီတာ ရပ်ကွက်,Tat U Thi Dar Quarter,ward,6741,,no_exact_or_fuzzy,missing_local_after_rebind,0,1,1,"Township 6741 resolved, but no exact approved ward/village-tract identity matched; will not invent admin from postal text",,missing_local_admin_identity,township resolved; no exact inventory identity for locality,
0209011,missing_local_admin_identity,စစ်ကိုင်းတိုင်းဒေသကြီး,Sagaing Region,ကလေး မြို့နယ်,Kale Township,သဇင် ရပ်ကွက်,Tha Zin Quarter,ward,6741,,no_exact_or_fuzzy,missing_local_after_rebind,0,1,1,"Township 6741 resolved, but no exact approved ward/village-tract identity matched; will not invent admin from postal text",,missing_local_admin_identity,township resolved; no exact inventory identity for locality,
0209012,missing_local_admin_identity,စစ်ကိုင်းတိုင်းဒေသကြီး,Sagaing Region,ကလေး မြို့နယ်,Kale Township,စမ်းမြို့ ရပ်ကွက်,San Myo Quarter,ward,6741,,no_exact_or_fuzzy,missing_local_after_rebind,0,1,1,"Township 6741 resolved, but no exact approved ward/village-tract identity matched; will not invent admin from postal text",,missing_local_admin_identity,township resolved; no exact inventory identity for locality,
0209013,missing_local_admin_identity,စစ်ကိုင်းတိုင်းဒေသကြီး,Sagaing Region,ကလေး မြို့နယ်,Kale Township,တောင်ဖီလာ ရပ်ကွက်,Taung Pee Lar Quarter,ward,6741,,no_exact_or_fuzzy,missing_local_after_rebind,0,1,1,"Township 6741 resolved, but no exact approved ward/village-tract identity matched; will not invent admin from postal text",,missing_local_admin_identity,township resolved; no exact inventory identity for locality,
0209014,missing_local_admin_identity,စစ်ကိုင်းတိုင်းဒေသကြီး,Sagaing Region,ကလေး မြို့နယ်,Kale Township,တောင်ဇလပ် ရပ်ကွက်,Taung Zalat Quarter,ward,6741,,no_exact_or_fuzzy,missing_local_after_rebind,0,1,1,"Township 6741 resolved, but no exact approved ward/village-tract identity matched; will not invent admin from postal text",,missing_local_admin_identity,township resolved; no exact inventory identity for locality,
0209015,missing_local_admin_identity,စစ်ကိုင်းတိုင်းဒေသကြီး,Sagaing Region,ကလေး မြို့နယ်,Kale Township,ကြို့သုံးပင် ရပ်ကွက်,Gyo Thone Pin Quarter,ward,6741,,no_exact_or_fuzzy,missing_local_after_rebind,0,1,1,"Township 6741 resolved, but no exact approved ward/village-tract identity matched; will not invent admin from postal text",,missing_local_admin_identity,township resolved; no exact inventory identity for locality,
0209016,missing_local_admin_identity,စစ်ကိုင်းတိုင်းဒေသကြီး,Sagaing Region,ကလေး မြို့နယ်,Kale Township,လှိုင်သာယာ ရပ်ကွက်,Hlaing Thar Yar Quarter,ward,6741,,no_exact_or_fuzzy,missing_local_after_rebind,0,1,1,"Township 6741 resolved, but no exact approved ward/village-tract identity matched; will not invent admin from postal text",,missing_local_admin_identity,township resolved; no exact inventory identity for locality,
0209017,missing_local_admin_identity,စစ်ကိုင်းတိုင်းဒေသကြီး,Sagaing Region,ကလေး မြို့နယ်,Kale Township,မြို့လှ ရပ်ကွက်,Myo Hla Quarter,ward,6741,,no_exact_or_fuzzy,missing_local_after_rebind,0,1,1,"Township 6741 resolved, but no exact approved ward/village-tract identity matched; will not invent admin from postal text",,missing_local_admin_identity,township resolved; no exact inventory identity for locality,
0209018,missing_local_admin_identity,စစ်ကိုင်းတိုင်းဒေသကြီး,Sagaing Region,ကလေး မြို့နယ်,Kale Township,အင်ဒိုင်းကုန်း ရပ်ကွက်,In Daing Kone Quarter,ward,6741,,no_exact_or_fuzzy,missing_local_after_rebind,0,1,1,"Township 6741 resolved, but no exact approved ward/village-tract identity matched; will not invent admin from postal text",,missing_local_admin_identity,township resolved; no exact inventory identity for locality,
0209019,missing_local_admin_identity,စစ်ကိုင်းတိုင်းဒေသကြီး,Sagaing Region,ကလေး မြို့နယ်,Kale Township,မြို့သာ ရပ်ကွက်,Myo Thar Quarter,ward,6741,,no_exact_or_fuzzy,missing_local_after_rebind,0,1,1,"Township 6741 resolved, but no exact approved ward/village-tract identity matched; will not invent admin from postal text",,missing_local_admin_identity,township resolved; no exact inventory identity for locality,
0209020,missing_local_admin_identity,စစ်ကိုင်းတိုင်းဒေသကြီး,Sagaing Region,ကလေး မြို့နယ်,Kale Township,အောင်မေတ္တာ ရပ်ကွက်,Aung Myit Tar Quarter,ward,6741,,no_exact_or_fuzzy,missing_local_after_rebind,0,1,1,"Township 6741 resolved, but no exact approved ward/village-tract identity matched; will not invent admin from postal text",,missing_local_admin_identity,township resolved; no exact inventory identity for locality,
0210001,missing_local_admin_identity,စစ်ကိုင်းတိုင်းဒေသကြီး,Sagaing Region,ကလေးဝ မြို့နယ်,Kalewa Township,အမှတ် (၁) ရွာသစ် ရပ်ကွက်,No (1) Ywar Thit Quarter,ward,6742,,no_exact_or_fuzzy,missing_local_after_rebind,0,1,1,"Township 6742 resolved, but no exact approved ward/village-tract identity matched; will not invent admin from postal text",,missing_local_admin_identity,township resolved; no exact inventory identity for locality,
0210002,missing_local_admin_identity,စစ်ကိုင်းတိုင်းဒေသကြီး,Sagaing Region,ကလေးဝ မြို့နယ်,Kalewa Township,အမှတ် (၂) အောင်ချမ်းသာ ရပ်ကွက်,No (2) Aung Chan Thar Quarter,ward,6742,,no_exact_or_fuzzy,missing_local_after_rebind,0,1,1,"Township 6742 resolved, but no exact approved ward/village-tract identity matched; will not invent admin from postal text",,missing_local_admin_identity,township resolved; no exact inventory identity for locality,
0210003,missing_local_admin_identity,စစ်ကိုင်းတိုင်းဒေသကြီး,Sagaing Region,ကလေးဝ မြို့နယ်,Kalewa Township,အမှတ် (၃) အောင်မင်္ဂလာ ရပ်ကွက်,No (3) Aung Min Ga Lar Quarter,ward,6742,,no_exact_or_fuzzy,missing_local_after_rebind,0,1,1,"Township 6742 resolved, but no exact approved ward/village-tract identity matched; will not invent admin from postal text",,missing_local_admin_identity,township resolved; no exact inventory identity for locality,
0211002,missing_local_admin_identity,စစ်ကိုင်းတိုင်းဒေသကြီး,Sagaing Region,မင်းကင်း မြို့နယ်,Mingin Township,ဈေးတန်း ရပ်ကွက်,Zay Tan Quarter,ward,6798,,no_exact_or_fuzzy,missing_local_after_rebind,0,1,1,"Township 6798 resolved, but no exact approved ward/village-tract identity matched; will not invent admin from postal text",,missing_local_admin_identity,township resolved; no exact inventory identity for locality,
0211003,missing_local_admin_identity,စစ်ကိုင်းတိုင်းဒေသကြီး,Sagaing Region,မင်းကင်း မြို့နယ်,Mingin Township,သရက်တော ရပ်ကွက်,Tha Yet Taw Quarter,ward,6798,,no_exact_or_fuzzy,missing_local_after_rebind,0,1,1,"Township 6798 resolved, but no exact approved ward/village-tract identity matched; will not invent admin from postal text",,missing_local_admin_identity,township resolved; no exact inventory identity for locality,
0213001,missing_local_admin_identity,စစ်ကိုင်းတိုင်းဒေသကြီး,Sagaing Region,ဗန်းမောက် မြို့နယ်,Banmauk Township,မြနန္ဒာ ရပ်ကွက်,Mya Nan Dar Quarter,ward,6702,,no_exact_or_fuzzy,missing_local_after_rebind,0,1,1,"Township 6702 resolved, but no exact approved ward/village-tract identity matched; will not invent admin from postal text",,missing_local_admin_identity,township resolved; no exact inventory identity for locality,
0213002,missing_local_admin_identity,စစ်ကိုင်းတိုင်းဒေသကြီး,Sagaing Region,ဗန်းမောက် မြို့နယ်,Banmauk Township,မြို့မ ရပ်ကွက်,Myo Ma Quarter,ward,6702,,no_exact_or_fuzzy,missing_local_after_rebind,0,1,1,"Township 6702 resolved, but no exact approved ward/village-tract identity matched; will not invent admin from postal text",,missing_local_admin_identity,township resolved; no exact inventory identity for locality,
0213003,missing_local_admin_identity,စစ်ကိုင်းတိုင်းဒေသကြီး,Sagaing Region,ဗန်းမောက် မြို့နယ်,Banmauk Township,လွှစင်ကုန်း ရပ်ကွက်,Hlwa Sin Kone Quarter,ward,6702,,no_exact_or_fuzzy,missing_local_after_rebind,0,1,1,"Township 6702 resolved, but no exact approved ward/village-tract identity matched; will not invent admin from postal text",,missing_local_admin_identity,township resolved; no exact inventory identity for locality,
0213200,missing_local_admin_identity,စစ်ကိုင်းတိုင်းဒေသကြီး,Sagaing Region,ဗန်းမောက် မြို့နယ်,Banmauk Township,အောင်သာကုန်း ကျေးရွာအုပ်စု,Aung Thar Kone Village Tract,village_tract,6702,,no_exact_or_fuzzy,missing_local_after_rebind,0,1,1,"Township 6702 resolved, but no exact approved ward/village-tract identity matched; will not invent admin from postal text",,missing_local_admin_identity,township resolved; no exact inventory identity for locality,
0214001,missing_local_admin_identity,စစ်ကိုင်းတိုင်းဒေသကြီး,Sagaing Region,အင်းတော် မြို့နယ်,Indaw Township,အောင်မင်္ဂလာ ရပ်ကွက်,Aung Min Ga Lar Quarter,ward,6607,,no_exact_or_fuzzy,missing_local_after_rebind,0,1,1,"Township 6607 resolved, but no exact approved ward/village-tract identity matched; will not invent admin from postal text",,missing_local_admin_identity,township resolved; no exact inventory identity for locality,
0214002,missing_local_admin_identity,စစ်ကိုင်းတိုင်းဒေသကြီး,Sagaing Region,အင်းတော် မြို့နယ်,Indaw Township,အောင်ချမ်းသာ ရပ်ကွက်,Aung Chan Thar Quarter,ward,6607,,no_exact_or_fuzzy,missing_local_after_rebind,0,1,1,"Township 6607 resolved, but no exact approved ward/village-tract identity matched; will not invent admin from postal text",,missing_local_admin_identity,township resolved; no exact inventory identity for locality,
0214003,missing_local_admin_identity,စစ်ကိုင်းတိုင်းဒေသကြီး,Sagaing Region,အင်းတော် မြို့နယ်,Indaw Township,အောင်ဇေယျ ရပ်ကွက်,Aung Zay Ya Quarter,ward,6607,,no_exact_or_fuzzy,missing_local_after_rebind,0,1,1,"Township 6607 resolved, but no exact approved ward/village-tract identity matched; will not invent admin from postal text",,missing_local_admin_identity,township resolved; no exact inventory identity for locality,
0214004,missing_local_admin_identity,စစ်ကိုင်းတိုင်းဒေသကြီး,Sagaing Region,အင်းတော် မြို့နယ်,Indaw Township,အောင်မေတ္တာ ရပ်ကွက်,Aung Myit Tar Quarter,ward,6607,,no_exact_or_fuzzy,missing_local_after_rebind,0,1,1,"Township 6607 resolved, but no exact approved ward/village-tract identity matched; will not invent admin from postal text",,missing_local_admin_identity,township resolved; no exact inventory identity for locality,
0215001,missing_local_admin_identity,စစ်ကိုင်းတိုင်းဒေသကြီး,Sagaing Region,ကသာ မြို့နယ်,Katha Township,မြောက်ပိုင်း ရပ်ကွက်,Myauk Paing Quarter,ward,6588,,no_exact_or_fuzzy,missing_local_after_rebind,0,1,1,"Township 6588 resolved, but no exact approved ward/village-tract identity matched; will not invent admin from postal text",,missing_local_admin_identity,township resolved; no exact inventory identity for locality,
0215002,missing_local_admin_identity,စစ်ကိုင်းတိုင်းဒေသကြီး,Sagaing Region,ကသာ မြို့နယ်,Katha Township,အလယ်ပိုင်း ရပ်ကွက်,Ah Lel Paing Quarter,ward,6588,,no_exact_or_fuzzy,missing_local_after_rebind,0,1,1,"Township 6588 resolved, but no exact approved ward/village-tract identity matched; will not invent admin from postal text",,missing_local_admin_identity,township resolved; no exact inventory identity for locality,
0215003,missing_local_admin_identity,စစ်ကိုင်းတိုင်းဒေသကြီး,Sagaing Region,ကသာ မြို့နယ်,Katha Township,တောင်ပိုင်း ရပ်ကွက်,Taung Paing Quarter,ward,6588,,no_exact_or_fuzzy,missing_local_after_rebind,0,1,1,"Township 6588 resolved, but no exact approved ward/village-tract identity matched; will not invent admin from postal text",,missing_local_admin_identity,township resolved; no exact inventory identity for locality,
0215004,missing_local_admin_identity,စစ်ကိုင်းတိုင်းဒေသကြီး,Sagaing Region,ကသာ မြို့နယ်,Katha Township,သူဌေးကုန်း ရပ်ကွက်,Thu Htay Kone Quarter,ward,6588,,no_exact_or_fuzzy,missing_local_after_rebind,0,1,1,"Township 6588 resolved, but no exact approved ward/village-tract identity matched; will not invent admin from postal text",,missing_local_admin_identity,township resolved; no exact inventory identity for locality,
0215005,missing_local_admin_identity,စစ်ကိုင်းတိုင်းဒေသကြီး,Sagaing Region,ကသာ မြို့နယ်,Katha Township,ဇေယျာချောင် ရပ်ကွက်,Zay Yar Chaung Quarter,ward,6588,,no_exact_or_fuzzy,missing_local_after_rebind,0,1,1,"Township 6588 resolved, but no exact approved ward/village-tract identity matched; will not invent admin from postal text",,missing_local_admin_identity,township resolved; no exact inventory identity for locality,
0215006,missing_local_admin_identity,စစ်ကိုင်းတိုင်းဒေသကြီး,Sagaing Region,ကသာ မြို့နယ်,Katha Township,စက်ပန်း ရပ်ကွက်,Set Pan Quarter,ward,6588,,no_exact_or_fuzzy,missing_local_after_rebind,0,1,1,"Township 6588 resolved, but no exact approved ward/village-tract identity matched; will not invent admin from postal text",,missing_local_admin_identity,township resolved; no exact inventory identity for locality,
0215007,missing_local_admin_identity,စစ်ကိုင်းတိုင်းဒေသကြီး,Sagaing Region,ကသာ မြို့နယ်,Katha Township,လျှပ်စစ်ကုန်း ရပ်ကွက်,Hlyat Sit Kone Quarter,ward,6588,,no_exact_or_fuzzy,missing_local_after_rebind,0,1,1,"Township 6588 resolved, but no exact approved ward/village-tract identity matched; will not invent admin from postal text",,missing_local_admin_identity,township resolved; no exact inventory identity for locality,
0215008,missing_local_admin_identity,စစ်ကိုင်းတိုင်းဒေသကြီး,Sagaing Region,ကသာ မြို့နယ်,Katha Township,ပိန္နဲကုန်း ရပ်ကွက်,Pein Hne Kone Quarter,ward,6588,,no_exact_or_fuzzy,missing_local_after_rebind,0,1,1,"Township 6588 resolved, but no exact approved ward/village-tract identity matched; will not invent admin from postal text",,missing_local_admin_identity,township resolved; no exact inventory identity for locality,
0215009,missing_local_admin_identity,စစ်ကိုင်းတိုင်းဒေသကြီး,Sagaing Region,ကသာ မြို့နယ်,Katha Township,ပတ္တမြား ရပ်ကွက်,Pa Da Myar Quarter,ward,6588,,no_exact_or_fuzzy,missing_local_after_rebind,0,1,1,"Township 6588 resolved, but no exact approved ward/village-tract identity matched; will not invent admin from postal text",,missing_local_admin_identity,township resolved; no exact inventory identity for locality,
0215010,missing_local_admin_identity,စစ်ကိုင်းတိုင်းဒေသကြီး,Sagaing Region,ကသာ မြို့နယ်,Katha Township,သဖန်းဆိုင်း ရပ်ကွက်,Tha Hpan Saing Quarter,ward,6588,,no_exact_or_fuzzy,missing_local_after_rebind,0,1,1,"Township 6588 resolved, but no exact approved ward/village-tract identity matched; will not invent admin from postal text",,missing_local_admin_identity,township resolved; no exact inventory identity for locality,
0219001,missing_local_admin_identity,စစ်ကိုင်းတိုင်းဒေသကြီး,Sagaing Region,ထီးချိုင့် မြို့နယ်,Tigyaing Township,စံပြ ရပ်ကွက်,San Pya(Aung San San Pya) Quarter,ward,6587,,no_exact_or_fuzzy,missing_local_after_rebind,0,1,1,"Township 6587 resolved, but no exact approved ward/village-tract identity matched; will not invent admin from postal text",,missing_local_admin_identity,township resolved; no exact inventory identity for locality,
0219002,missing_local_admin_identity,စစ်ကိုင်းတိုင်းဒေသကြီး,Sagaing Region,ထီးချိုင့် မြို့နယ်,Tigyaing Township,အောင်ဇေယျာ ရပ်ကွက်,Aung Zay Yar Quarter,ward,6587,,no_exact_or_fuzzy,missing_local_after_rebind,0,1,1,"Township 6587 resolved, but no exact approved ward/village-tract identity matched; will not invent admin from postal text",,missing_local_admin_identity,township resolved; no exact inventory identity for locality,
0219003,missing_local_admin_identity,စစ်ကိုင်းတိုင်းဒေသကြီး,Sagaing Region,ထီးချိုင့် မြို့နယ်,Tigyaing Township,ဝိသာခါ ရပ်ကွက်,Wi Thar Khar Quarter,ward,6587,,no_exact_or_fuzzy,missing_local_after_rebind,0,1,1,"Township 6587 resolved, but no exact approved ward/village-tract identity matched; will not invent admin from postal text",,missing_local_admin_identity,township resolved; no exact inventory identity for locality,
0219004,missing_local_admin_identity,စစ်ကိုင်းတိုင်းဒေသကြီး,Sagaing Region,ထီးချိုင့် မြို့နယ်,Tigyaing Township,ဘုရင့်နောင် ရပ်ကွက်,Ba Yint Naung Quarter,ward,6587,,no_exact_or_fuzzy,missing_local_after_rebind,0,1,1,"Township 6587 resolved, but no exact approved ward/village-tract identity matched; will not invent admin from postal text",,missing_local_admin_identity,township resolved; no exact inventory identity for locality,
0220001,missing_local_admin_identity,စစ်ကိုင်းတိုင်းဒေသကြီး,Sagaing Region,ကျွန်းလှ မြို့နယ်,Kyunhla Township,ပိတောက်မြိုင် ရပ်ကွက်,Pi Tauk Myaing Quarter,ward,5023,,no_exact_or_fuzzy,missing_local_after_rebind,0,1,1,"Township 5023 resolved, but no exact approved ward/village-tract identity matched; will not invent admin from postal text",,missing_local_admin_identity,township resolved; no exact inventory identity for locality,
0220002,missing_local_admin_identity,စစ်ကိုင်းတိုင်းဒေသကြီး,Sagaing Region,ကျွန်းလှ မြို့နယ်,Kyunhla Township,သစ်ရာမြိုင် ရပ်ကွက်,Thit Yar Myaing Quarter,ward,5023,,no_exact_or_fuzzy,missing_local_after_rebind,0,1,1,"Township 5023 resolved, but no exact approved ward/village-tract identity matched; will not invent admin from postal text",,missing_local_admin_identity,township resolved; no exact inventory identity for locality,
0220003,missing_local_admin_identity,စစ်ကိုင်းတိုင်းဒေသကြီး,Sagaing Region,ကျွန်းလှ မြို့နယ်,Kyunhla Township,အင်ကြင်းမြိုင် ရပ်ကွက်,In Gyin Myaing Quarter,ward,5023,,no_exact_or_fuzzy,missing_local_after_rebind,0,1,1,"Township 5023 resolved, but no exact approved ward/village-tract identity matched; will not invent admin from postal text",,missing_local_admin_identity,township resolved; no exact inventory identity for locality,
0220004,missing_local_admin_identity,စစ်ကိုင်းတိုင်းဒေသကြီး,Sagaing Region,ကျွန်းလှ မြို့နယ်,Kyunhla Township,ပျဉ်းမမြိုင် ရပ်ကွက်,Pyin Ma Myaing Quarter,ward,5023,,no_exact_or_fuzzy,missing_local_after_rebind,0,1,1,"Township 5023 resolved, but no exact approved ward/village-tract identity matched; will not invent admin from postal text",,missing_local_admin_identity,township resolved; no exact inventory identity for locality,
0222003,missing_local_admin_identity,စစ်ကိုင်းတိုင်းဒေသကြီး,Sagaing Region,တန့်ဆည် မြို့နယ်,Taze Township,မဟာမြိုင် ရပ်ကွက်,Ma Har Myaing Quarter,ward,6766,,no_exact_or_fuzzy,missing_local_after_rebind,0,1,1,"Township 6766 resolved, but no exact approved ward/village-tract identity matched; will not invent admin from postal text",,missing_local_admin_identity,township resolved; no exact inventory identity for locality,
0222004,missing_local_admin_identity,စစ်ကိုင်းတိုင်းဒေသကြီး,Sagaing Region,တန့်ဆည် မြို့နယ်,Taze Township,မေတ္တာမြိုင် ရပ်ကွက်,Myit Tar Myaing Quarter,ward,6766,,no_exact_or_fuzzy,missing_local_after_rebind,0,1,1,"Township 6766 resolved, but no exact approved ward/village-tract identity matched; will not invent admin from postal text",,missing_local_admin_identity,township resolved; no exact inventory identity for locality,
0226001,missing_local_admin_identity,စစ်ကိုင်းတိုင်းဒေသကြီး,Sagaing Region,ရွှေဘို မြို့နယ်,Shwebo Township,အမှတ် (၁) ရပ်ကွက်,No (1) Quarter,ward,6786,,no_exact_or_fuzzy,missing_local_after_rebind,0,1,1,"Township 6786 resolved, but no exact approved ward/village-tract identity matched; will not invent admin from postal text",,missing_local_admin_identity,township resolved; no exact inventory identity for locality,
0226002,missing_local_admin_identity,စစ်ကိုင်းတိုင်းဒေသကြီး,Sagaing Region,ရွှေဘို မြို့နယ်,Shwebo Township,အမှတ် (၂) ရပ်ကွက်,No (2) Quarter,ward,6786,,no_exact_or_fuzzy,missing_local_after_rebind,0,1,1,"Township 6786 resolved, but no exact approved ward/village-tract identity matched; will not invent admin from postal text",,missing_local_admin_identity,township resolved; no exact inventory identity for locality,
0226003,missing_local_admin_identity,စစ်ကိုင်းတိုင်းဒေသကြီး,Sagaing Region,ရွှေဘို မြို့နယ်,Shwebo Township,အမှတ် (၃) ရပ်ကွက်,No (3) Quarter,ward,6786,,no_exact_or_fuzzy,missing_local_after_rebind,0,1,1,"Township 6786 resolved, but no exact approved ward/village-tract identity matched; will not invent admin from postal text",,missing_local_admin_identity,township resolved; no exact inventory identity for locality,
0226004,missing_local_admin_identity,စစ်ကိုင်းတိုင်းဒေသကြီး,Sagaing Region,ရွှေဘို မြို့နယ်,Shwebo Township,အမှတ် (၄) ရပ်ကွက်,No (4) Quarter,ward,6786,,no_exact_or_fuzzy,missing_local_after_rebind,0,1,1,"Township 6786 resolved, but no exact approved ward/village-tract identity matched; will not invent admin from postal text",,missing_local_admin_identity,township resolved; no exact inventory identity for locality,
0226005,missing_local_admin_identity,စစ်ကိုင်းတိုင်းဒေသကြီး,Sagaing Region,ရွှေဘို မြို့နယ်,Shwebo Township,အမှတ် (၅) ရပ်ကွက်,No (5) Quarter,ward,6786,,no_exact_or_fuzzy,missing_local_after_rebind,0,1,1,"Township 6786 resolved, but no exact approved ward/village-tract identity matched; will not invent admin from postal text",,missing_local_admin_identity,township resolved; no exact inventory identity for locality,
0226006,missing_local_admin_identity,စစ်ကိုင်းတိုင်းဒေသကြီး,Sagaing Region,ရွှေဘို မြို့နယ်,Shwebo Township,အမှတ် (၆) ရပ်ကွက်,No (6) Quarter,ward,6786,,no_exact_or_fuzzy,missing_local_after_rebind,0,1,1,"Township 6786 resolved, but no exact approved ward/village-tract identity matched; will not invent admin from postal text",,missing_local_admin_identity,township resolved; no exact inventory identity for locality,
0226007,missing_local_admin_identity,စစ်ကိုင်းတိုင်းဒေသကြီး,Sagaing Region,ရွှေဘို မြို့နယ်,Shwebo Township,အမှတ် (၇) ရပ်ကွက်,No (7) Quarter,ward,6786,,no_exact_or_fuzzy,missing_local_after_rebind,0,1,1,"Township 6786 resolved, but no exact approved ward/village-tract identity matched; will not invent admin from postal text",,missing_local_admin_identity,township resolved; no exact inventory identity for locality,
0226008,missing_local_admin_identity,စစ်ကိုင်းတိုင်းဒေသကြီး,Sagaing Region,ရွှေဘို မြို့နယ်,Shwebo Township,အမှတ် (၈) ရပ်ကွက်,No (8) Quarter,ward,6786,,no_exact_or_fuzzy,missing_local_after_rebind,0,1,1,"Township 6786 resolved, but no exact approved ward/village-tract identity matched; will not invent admin from postal text",,missing_local_admin_identity,township resolved; no exact inventory identity for locality,
0226009,missing_local_admin_identity,စစ်ကိုင်းတိုင်းဒေသကြီး,Sagaing Region,ရွှေဘို မြို့နယ်,Shwebo Township,အမှတ် (၉) ရပ်ကွက်,No (9) Quarter,ward,6786,,no_exact_or_fuzzy,missing_local_after_rebind,0,1,1,"Township 6786 resolved, but no exact approved ward/village-tract identity matched; will not invent admin from postal text",,missing_local_admin_identity,township resolved; no exact inventory identity for locality,
0226010,missing_local_admin_identity,စစ်ကိုင်းတိုင်းဒေသကြီး,Sagaing Region,ရွှေဘို မြို့နယ်,Shwebo Township,အမှတ် (၁၀) ရပ်ကွက်,No (10) Quarter,ward,6786,,no_exact_or_fuzzy,missing_local_after_rebind,0,1,1,"Township 6786 resolved, but no exact approved ward/village-tract identity matched; will not invent admin from postal text",,missing_local_admin_identity,township resolved; no exact inventory identity for locality,
0226222,missing_local_admin_identity,စစ်ကိုင်းတိုင်းဒေသကြီး,Sagaing Region,ရွှေဘို မြို့နယ်,Shwebo Township,ကျောက်မြောင်း ကျေးရွာအုပ်စု,Kyauk Myaung Village Tract,village_tract,6786,,no_exact_or_fuzzy,missing_local_after_rebind,0,1,1,"Township 6786 resolved, but no exact approved ward/village-tract identity matched; will not invent admin from postal text",,missing_local_admin_identity,township resolved; no exact inventory identity for locality,
0226253,linked_after_review,စစ်ကိုင်းတိုင်းဒေသကြီး,Sagaing Region,ရွှေဘို မြို့နယ်,Shwebo Township,တယ်ပင် ကျေးရွာအုပ်စု,Tei Pin Village Tract,village_tract,6786,,exact_my+en,deterministic_multi_create_pick,0,1,1,"Exact name matches Phase-3 approved create_mimu_placeholder / create_new, but no local_admin_area_id exists yet — do not invent id from postal text",,linked_after_review,multiple similar creates (2); deterministic pick village_tract:MMR005004054:row11117:village_tract_boundary_Sagaing_v94.zip_mmr_sag_polbnda_adm4_250k_mimu_1.shp,66289506-9513-4a50-8bb4-1abde9fa123d
0226272,linked_after_review,စစ်ကိုင်းတိုင်းဒေသကြီး,Sagaing Region,ရွှေဘို မြို့နယ်,Shwebo Township,တည်ပင် ကျေးရွာအုပ်စု,Tei Pin Village Tract,village_tract,6786,,exact_en,deterministic_multi_create_pick,0,1,1,"Exact name matches Phase-3 approved create_mimu_placeholder / create_new, but no local_admin_area_id exists yet — do not invent id from postal text",,linked_after_review,multiple similar creates (2); deterministic pick village_tract:MMR005004054:row11117:village_tract_boundary_Sagaing_v94.zip_mmr_sag_polbnda_adm4_250k_mimu_1.shp,66289506-9513-4a50-8bb4-1abde9fa123d
0229001,missing_local_admin_identity,စစ်ကိုင်းတိုင်းဒေသကြီး,Sagaing Region,အရာတော် မြို့နယ်,Ayadaw Township,အမှတ် (၁) ရပ်ကွက်,No (1) Quarter,ward,6825,,no_exact_or_fuzzy,missing_local_after_rebind,0,1,1,"Township 6825 resolved, but no exact approved ward/village-tract identity matched; will not invent admin from postal text",,missing_local_admin_identity,township resolved; no exact inventory identity for locality,
0229002,missing_local_admin_identity,စစ်ကိုင်းတိုင်းဒေသကြီး,Sagaing Region,အရာတော် မြို့နယ်,Ayadaw Township,အမှတ် (၂) ရပ်ကွက်,No (2) Quarter,ward,6825,,no_exact_or_fuzzy,missing_local_after_rebind,0,1,1,"Township 6825 resolved, but no exact approved ward/village-tract identity matched; will not invent admin from postal text",,missing_local_admin_identity,township resolved; no exact inventory identity for locality,
0229003,missing_local_admin_identity,စစ်ကိုင်းတိုင်းဒေသကြီး,Sagaing Region,အရာတော် မြို့နယ်,Ayadaw Township,အမှတ် (၃) ရပ်ကွက်,No (3) Quarter,ward,6825,,no_exact_or_fuzzy,missing_local_after_rebind,0,1,1,"Township 6825 resolved, but no exact approved ward/village-tract identity matched; will not invent admin from postal text",,missing_local_admin_identity,township resolved; no exact inventory identity for locality,
0230001,missing_local_admin_identity,စစ်ကိုင်းတိုင်းဒေသကြီး,Sagaing Region,မုံရွာ မြို့နယ်,Monywa Township,ကွေ့ကြီး ရပ်ကွက်,Kwayt Gyi Quarter,ward,6822,,no_exact_or_fuzzy,missing_local_after_rebind,0,1,1,"Township 6822 resolved, but no exact approved ward/village-tract identity matched; will not invent admin from postal text",,missing_local_admin_identity,township resolved; no exact inventory identity for locality,
0230002,missing_local_admin_identity,စစ်ကိုင်းတိုင်းဒေသကြီး,Sagaing Region,မုံရွာ မြို့နယ်,Monywa Township,အောင်ချမ်းသာ ရပ်ကွက်,Aung Chan Thar Quarter,ward,6822,,no_exact_or_fuzzy,missing_local_after_rebind,0,1,1,"Township 6822 resolved, but no exact approved ward/village-tract identity matched; will not invent admin from postal text",,missing_local_admin_identity,township resolved; no exact inventory identity for locality,
0230003,missing_local_admin_identity,စစ်ကိုင်းတိုင်းဒေသကြီး,Sagaing Region,မုံရွာ မြို့နယ်,Monywa Township,ဒေါနခြံ ရပ်ကွက်,Daw Na Chan Quarter,ward,6822,,no_exact_or_fuzzy,missing_local_after_rebind,0,1,1,"Township 6822 resolved, but no exact approved ward/village-tract identity matched; will not invent admin from postal text",,missing_local_admin_identity,township resolved; no exact inventory identity for locality,
0230004,missing_local_admin_identity,စစ်ကိုင်းတိုင်းဒေသကြီး,Sagaing Region,မုံရွာ မြို့နယ်,Monywa Township,လယ်တီ ရပ်ကွက်,Lel Di Quarter,ward,6822,,no_exact_or_fuzzy,missing_local_after_rebind,0,1,1,"Township 6822 resolved, but no exact approved ward/village-tract identity matched; will not invent admin from postal text",,missing_local_admin_identity,township resolved; no exact inventory identity for locality,
0230005,missing_local_admin_identity,စစ်ကိုင်းတိုင်းဒေသကြီး,Sagaing Region,မုံရွာ မြို့နယ်,Monywa Township,ဖုန်းစိုး ရပ်ကွက်,Hpone Soe Quarter,ward,6822,,no_exact_or_fuzzy,missing_local_after_rebind,0,1,1,"Township 6822 resolved, but no exact approved ward/village-tract identity matched; will not invent admin from postal text",,missing_local_admin_identity,township resolved; no exact inventory identity for locality,
0230006,missing_local_admin_identity,စစ်ကိုင်းတိုင်းဒေသကြီး,Sagaing Region,မုံရွာ မြို့နယ်,Monywa Township,ရတနာပုံ ရပ်ကွက်,Ya Da Nar Bon Quarter,ward,6822,,no_exact_or_fuzzy,missing_local_after_rebind,0,1,1,"Township 6822 resolved, but no exact approved ward/village-tract identity matched; will not invent admin from postal text",,missing_local_admin_identity,township resolved; no exact inventory identity for locality,
0230007,missing_local_admin_identity,စစ်ကိုင်းတိုင်းဒေသကြီး,Sagaing Region,မုံရွာ မြို့နယ်,Monywa Township,ချမ်းမြသာစည် ရပ်ကွက်,Chan Mya Thar Zi Quarter,ward,6822,,no_exact_or_fuzzy,missing_local_after_rebind,0,1,1,"Township 6822 resolved, but no exact approved ward/village-tract identity matched; will not invent admin from postal text",,missing_local_admin_identity,township resolved; no exact inventory identity for locality,
0230008,missing_local_admin_identity,စစ်ကိုင်းတိုင်းဒေသကြီး,Sagaing Region,မုံရွာ မြို့နယ်,Monywa Township,အေးသာယာ ရပ်ကွက်,Aye Thar Yar Quarter,ward,6822,,no_exact_or_fuzzy,missing_local_after_rebind,0,1,1,"Township 6822 resolved, but no exact approved ward/village-tract identity matched; will not invent admin from postal text",,missing_local_admin_identity,township resolved; no exact inventory identity for locality,
0230009,missing_local_admin_identity,စစ်ကိုင်းတိုင်းဒေသကြီး,Sagaing Region,မုံရွာ မြို့နယ်,Monywa Township,ရန်ကင်း ရပ်ကွက်,Yan Kin Quarter,ward,6822,,no_exact_or_fuzzy,missing_local_after_rebind,0,1,1,"Township 6822 resolved, but no exact approved ward/village-tract identity matched; will not invent admin from postal text",,missing_local_admin_identity,township resolved; no exact inventory identity for locality,
0230010,missing_local_admin_identity,စစ်ကိုင်းတိုင်းဒေသကြီး,Sagaing Region,မုံရွာ မြို့နယ်,Monywa Township,သလ္လာ ရပ်ကွက်,Thar Lar Quarter,ward,6822,,no_exact_or_fuzzy,missing_local_after_rebind,0,1,1,"Township 6822 resolved, but no exact approved ward/village-tract identity matched; will not invent admin from postal text",,missing_local_admin_identity,township resolved; no exact inventory identity for locality,
0230011,missing_local_admin_identity,စစ်ကိုင်းတိုင်းဒေသကြီး,Sagaing Region,မုံရွာ မြို့နယ်,Monywa Township,အလယ် ရပ်ကွက်,Ah Lel Quarter,ward,6822,,no_exact_or_fuzzy,missing_local_after_rebind,0,1,1,"Township 6822 resolved, but no exact approved ward/village-tract identity matched; will not invent admin from postal text",,missing_local_admin_identity,township resolved; no exact inventory identity for locality,
0230012,missing_local_admin_identity,စစ်ကိုင်းတိုင်းဒေသကြီး,Sagaing Region,မုံရွာ မြို့နယ်,Monywa Township,သန်းတော ရပ်ကွက်,Than Taw Quarter,ward,6822,,no_exact_or_fuzzy,missing_local_after_rebind,0,1,1,"Township 6822 resolved, but no exact approved ward/village-tract identity matched; will not invent admin from postal text",,missing_local_admin_identity,township resolved; no exact inventory identity for locality,
0230013,missing_local_admin_identity,စစ်ကိုင်းတိုင်းဒေသကြီး,Sagaing Region,မုံရွာ မြို့နယ်,Monywa Township,အောင်မင်္ဂလာ ရပ်ကွက်,Aung Min Ga Lar Quarter,ward,6822,,no_exact_or_fuzzy,missing_local_after_rebind,0,1,1,"Township 6822 resolved, but no exact approved ward/village-tract identity matched; will not invent admin from postal text",,missing_local_admin_identity,township resolved; no exact inventory identity for locality,
0230014,missing_local_admin_identity,စစ်ကိုင်းတိုင်းဒေသကြီး,Sagaing Region,မုံရွာ မြို့နယ်,Monywa Township,မုံရွာတောင် ရပ်ကွက်,Monywa (South) Quarter,ward,6822,,no_exact_or_fuzzy,missing_local_after_rebind,0,1,1,"Township 6822 resolved, but no exact approved ward/village-tract identity matched; will not invent admin from postal text",,missing_local_admin_identity,township resolved; no exact inventory identity for locality,
0230015,missing_local_admin_identity,စစ်ကိုင်းတိုင်းဒေသကြီး,Sagaing Region,မုံရွာ မြို့နယ်,Monywa Township,မြဝတီ ရပ်ကွက်,Mya Wa Di Quarter,ward,6822,,no_exact_or_fuzzy,missing_local_after_rebind,0,1,1,"Township 6822 resolved, but no exact approved ward/village-tract identity matched; will not invent admin from postal text",,missing_local_admin_identity,township resolved; no exact inventory identity for locality,
0230016,missing_local_admin_identity,စစ်ကိုင်းတိုင်းဒေသကြီး,Sagaing Region,မုံရွာ မြို့နယ်,Monywa Township,ဘုရားကြီး ရပ်ကွက်,Hpa Yar Gyi Quarter,ward,6822,,no_exact_or_fuzzy,missing_local_after_rebind,0,1,1,"Township 6822 resolved, but no exact approved ward/village-tract identity matched; will not invent admin from postal text",,missing_local_admin_identity,township resolved; no exact inventory identity for locality,
0230017,missing_local_admin_identity,စစ်ကိုင်းတိုင်းဒေသကြီး,Sagaing Region,မုံရွာ မြို့နယ်,Monywa Township,ရုံးကြီး ရပ်ကွက်,Yone Gyi Quarter,ward,6822,,no_exact_or_fuzzy,missing_local_after_rebind,0,1,1,"Township 6822 resolved, but no exact approved ward/village-tract identity matched; will not invent admin from postal text",,missing_local_admin_identity,township resolved; no exact inventory identity for locality,
0230019,missing_local_admin_identity,စစ်ကိုင်းတိုင်းဒေသကြီး,Sagaing Region,မုံရွာ မြို့နယ်,Monywa Township,စစ်ပင် ရပ်ကွက်,Sit Pin Quarter,ward,6822,,no_exact_or_fuzzy,missing_local_after_rebind,0,1,1,"Township 6822 resolved, but no exact approved ward/village-tract identity matched; will not invent admin from postal text",,missing_local_admin_identity,township resolved; no exact inventory identity for locality,
0230020,missing_local_admin_identity,စစ်ကိုင်းတိုင်းဒေသကြီး,Sagaing Region,မုံရွာ မြို့နယ်,Monywa Township,အလုံ ရပ်ကွက်,Ah Lone Quarter,ward,6822,,no_exact_or_fuzzy,missing_local_after_rebind,0,1,1,"Township 6822 resolved, but no exact approved ward/village-tract identity matched; will not invent admin from postal text",,missing_local_admin_identity,township resolved; no exact inventory identity for locality,
0230021,missing_local_admin_identity,စစ်ကိုင်းတိုင်းဒေသကြီး,Sagaing Region,မုံရွာ မြို့နယ်,Monywa Township,အိုးဘိုတောင် ရပ်ကွက်,Oe Bo (South) Quarter,ward,6822,,no_exact_or_fuzzy,missing_local_after_rebind,0,1,1,"Township 6822 resolved, but no exact approved ward/village-tract identity matched; will not invent admin from postal text",,missing_local_admin_identity,township resolved; no exact inventory identity for locality,
0230022,missing_local_admin_identity,စစ်ကိုင်းတိုင်းဒေသကြီး,Sagaing Region,မုံရွာ မြို့နယ်,Monywa Township,မြို့သစ် ရပ်ကွက်,Myo Thit Quarter,ward,6822,,no_exact_or_fuzzy,missing_local_after_rebind,0,1,1,"Township 6822 resolved, but no exact approved ward/village-tract identity matched; will not invent admin from postal text",,missing_local_admin_identity,township resolved; no exact inventory identity for locality,
0230023,missing_local_admin_identity,စစ်ကိုင်းတိုင်းဒေသကြီး,Sagaing Region,မုံရွာ မြို့နယ်,Monywa Township,နန္ဒဝန် ရပ်ကွက်,Nan Da Wun Quarter,ward,6822,,no_exact_or_fuzzy,missing_local_after_rebind,0,1,1,"Township 6822 resolved, but no exact approved ward/village-tract identity matched; will not invent admin from postal text",,missing_local_admin_identity,township resolved; no exact inventory identity for locality,
0230024,missing_local_admin_identity,စစ်ကိုင်းတိုင်းဒေသကြီး,Sagaing Region,မုံရွာ မြို့နယ်,Monywa Township,နတ်လူထိပ်ပန် ရပ်ကွက်,Nat Lu Hteik Pan Quarter,ward,6822,,no_exact_or_fuzzy,missing_local_after_rebind,0,1,1,"Township 6822 resolved, but no exact approved ward/village-tract identity matched; will not invent admin from postal text",,missing_local_admin_identity,township resolved; no exact inventory identity for locality,
0230025,missing_local_admin_identity,စစ်ကိုင်းတိုင်းဒေသကြီး,Sagaing Region,မုံရွာ မြို့နယ်,Monywa Township,စက်မှုဇုန် ရပ်ကွက်,Set Hmu Zon Quarter,ward,6822,,no_exact_or_fuzzy,missing_local_after_rebind,0,1,1,"Township 6822 resolved, but no exact approved ward/village-tract identity matched; will not invent admin from postal text",,missing_local_admin_identity,township resolved; no exact inventory identity for locality,
0230026,missing_local_admin_identity,စစ်ကိုင်းတိုင်းဒေသကြီး,Sagaing Region,မုံရွာ မြို့နယ်,Monywa Township,ကန်သာဦး ရပ်ကွက်,Kan Thar Oo Quarter,ward,6822,,no_exact_or_fuzzy,missing_local_after_rebind,0,1,1,"Township 6822 resolved, but no exact approved ward/village-tract identity matched; will not invent admin from postal text",,missing_local_admin_identity,township resolved; no exact inventory identity for locality,
0230027,missing_local_admin_identity,စစ်ကိုင်းတိုင်းဒေသကြီး,Sagaing Region,မုံရွာ မြို့နယ်,Monywa Township,ချမ်းမြဝတီ ရပ်ကွက်,Chan Mya Wa Di Quarter,ward,6822,,no_exact_or_fuzzy,missing_local_after_rebind,0,1,1,"Township 6822 resolved, but no exact approved ward/village-tract identity matched; will not invent admin from postal text",,missing_local_admin_identity,township resolved; no exact inventory identity for locality,
0230028,missing_local_admin_identity,စစ်ကိုင်းတိုင်းဒေသကြီး,Sagaing Region,မုံရွာ မြို့နယ်,Monywa Township,ရွှေဇလုပ် ရပ်ကွက်,Shwe Za Loke Quarter,ward,6822,,no_exact_or_fuzzy,missing_local_after_rebind,0,1,1,"Township 6822 resolved, but no exact approved ward/village-tract identity matched; will not invent admin from postal text",,missing_local_admin_identity,township resolved; no exact inventory identity for locality,
0230029,missing_local_admin_identity,စစ်ကိုင်းတိုင်းဒေသကြီး,Sagaing Region,မုံရွာ မြို့နယ်,Monywa Township,ပြည်တော်သာ ရပ်ကွက်,Pyi Taw Thar Quarter,ward,6822,,no_exact_or_fuzzy,missing_local_after_rebind,0,1,1,"Township 6822 resolved, but no exact approved ward/village-tract identity matched; will not invent admin from postal text",,missing_local_admin_identity,township resolved; no exact inventory identity for locality,
0230030,missing_local_admin_identity,စစ်ကိုင်းတိုင်းဒေသကြီး,Sagaing Region,မုံရွာ မြို့နယ်,Monywa Township,ဗန္ဓုလ ရပ်ကွက်,Ban Du La Quarter,ward,6822,,no_exact_or_fuzzy,missing_local_after_rebind,0,1,1,"Township 6822 resolved, but no exact approved ward/village-tract identity matched; will not invent admin from postal text",,missing_local_admin_identity,township resolved; no exact inventory identity for locality,
0230031,missing_local_admin_identity,စစ်ကိုင်းတိုင်းဒေသကြီး,Sagaing Region,မုံရွာ မြို့နယ်,Monywa Township,ရွှေပြည်အေး ရပ်ကွက်,Shwe Pyi Aye Quarter,ward,6822,,no_exact_or_fuzzy,missing_local_after_rebind,0,1,1,"Township 6822 resolved, but no exact approved ward/village-tract identity matched; will not invent admin from postal text",,missing_local_admin_identity,township resolved; no exact inventory identity for locality,
0236001,missing_local_admin_identity,စစ်ကိုင်းတိုင်းဒေသကြီး,Sagaing Region,မြောင် မြို့နယ်,Myaung Township,မြို့သစ် ရပ်ကွက်,Myo Thit Quarter,ward,6875,,no_exact_or_fuzzy,missing_local_after_rebind,0,1,1,"Township 6875 resolved, but no exact approved ward/village-tract identity matched; will not invent admin from postal text",,missing_local_admin_identity,township resolved; no exact inventory identity for locality,
0236002,missing_local_admin_identity,စစ်ကိုင်းတိုင်းဒေသကြီး,Sagaing Region,မြောင် မြို့နယ်,Myaung Township,မြောက် ရပ်ကွက်,Myauk Quarter,ward,6875,,no_exact_or_fuzzy,missing_local_after_rebind,0,1,1,"Township 6875 resolved, but no exact approved ward/village-tract identity matched; will not invent admin from postal text",,missing_local_admin_identity,township resolved; no exact inventory identity for locality,
0236003,missing_local_admin_identity,စစ်ကိုင်းတိုင်းဒေသကြီး,Sagaing Region,မြောင် မြို့နယ်,Myaung Township,အလယ် ရပ်ကွက်,Ah Lel Quarter,ward,6875,,no_exact_or_fuzzy,missing_local_after_rebind,0,1,1,"Township 6875 resolved, but no exact approved ward/village-tract identity matched; will not invent admin from postal text",,missing_local_admin_identity,township resolved; no exact inventory identity for locality,
0236004,missing_local_admin_identity,စစ်ကိုင်းတိုင်းဒေသကြီး,Sagaing Region,မြောင် မြို့နယ်,Myaung Township,တောင် ရပ်ကွက်,Taung Quarter,ward,6875,,no_exact_or_fuzzy,missing_local_after_rebind,0,1,1,"Township 6875 resolved, but no exact approved ward/village-tract identity matched; will not invent admin from postal text",,missing_local_admin_identity,township resolved; no exact inventory identity for locality,
0236224,missing_local_admin_identity,စစ်ကိုင်းတိုင်းဒေသကြီး,Sagaing Region,မြောင် မြို့နယ်,Myaung Township,ပရိမ္မကျွန်း ကျေးရွာအုပ်စု,Pa Rein Ma Kyun Village Tract,village_tract,6875,,no_exact_or_fuzzy,missing_local_after_rebind,0,1,1,"Township 6875 resolved, but no exact approved ward/village-tract identity matched; will not invent admin from postal text",,missing_local_admin_identity,township resolved; no exact inventory identity for locality,
0237019,missing_local_admin_identity,စစ်ကိုင်းတိုင်းဒေသကြီး,Sagaing Region,စစ်ကိုင်း မြို့နယ်,Sagaing Township,တင်းတိပ် ရပ်ကွက်,Tin Teik Quarter,ward,6831,,no_exact_or_fuzzy,missing_local_after_rebind,0,1,1,"Township 6831 resolved, but no exact approved ward/village-tract identity matched; will not invent admin from postal text",,missing_local_admin_identity,township resolved; no exact inventory identity for locality,
0237020,missing_local_admin_identity,စစ်ကိုင်းတိုင်းဒေသကြီး,Sagaing Region,စစ်ကိုင်း မြို့နယ်,Sagaing Township,စီတီး ရပ်ကွက်,Si Tee Quarter,ward,6831,,no_exact_or_fuzzy,missing_local_after_rebind,0,1,1,"Township 6831 resolved, but no exact approved ward/village-tract identity matched; will not invent admin from postal text",,missing_local_admin_identity,township resolved; no exact inventory identity for locality,
0237021,missing_local_admin_identity,စစ်ကိုင်းတိုင်းဒေသကြီး,Sagaing Region,စစ်ကိုင်း မြို့နယ်,Sagaing Township,ပဲကတိုး ရပ်ကွက်,Pe Ka Toe Quarter,ward,6831,,no_exact_or_fuzzy,missing_local_after_rebind,0,1,1,"Township 6831 resolved, but no exact approved ward/village-tract identity matched; will not invent admin from postal text",,missing_local_admin_identity,township resolved; no exact inventory identity for locality,
0237023,missing_local_admin_identity,စစ်ကိုင်းတိုင်းဒေသကြီး,Sagaing Region,စစ်ကိုင်း မြို့နယ်,Sagaing Township,ပြူကံ ရပ်ကွက်,Pyu Kan Quarter,ward,6831,,no_exact_or_fuzzy,missing_local_after_rebind,0,1,1,"Township 6831 resolved, but no exact approved ward/village-tract identity matched; will not invent admin from postal text",,missing_local_admin_identity,township resolved; no exact inventory identity for locality,
0237225,missing_local_admin_identity,စစ်ကိုင်းတိုင်းဒေသကြီး,Sagaing Region,စစ်ကိုင်း မြို့နယ်,Sagaing Township,ဆားတောင် ကျေးရွာအုပ်စု,Sar Taung Village Tract,village_tract,6831,,no_exact_or_fuzzy,missing_local_after_rebind,0,1,1,"Township 6831 resolved, but no exact approved ward/village-tract identity matched; will not invent admin from postal text",,missing_local_admin_identity,township resolved; no exact inventory identity for locality,
0260001,non_admin_postal_locality,စစ်ကိုင်းတိုင်းဒေသကြီး,Sagaing Region,ပန်ဆောင် မြို့,Pansaung Town,အထက် ရပ်ကွက်,Ah Htet Quarter,ward,,,township_unresolved,non_admin_unresolved_township_name,0,1,1,Could not resolve approved CoreMap township from postal region/township names; local match skipped (township must resolve first),,non_admin_postal_locality,township name unresolved as CoreMap township; locality treated as non-admin postal place/town,
0260002,non_admin_postal_locality,စစ်ကိုင်းတိုင်းဒေသကြီး,Sagaing Region,ပန်ဆောင် မြို့,Pansaung Town,အလယ် ရပ်ကွက်,Ah Lel Quarter,ward,,,township_unresolved,non_admin_unresolved_township_name,0,1,1,Could not resolve approved CoreMap township from postal region/township names; local match skipped (township must resolve first),,non_admin_postal_locality,township name unresolved as CoreMap township; locality treated as non-admin postal place/town,
0260003,non_admin_postal_locality,စစ်ကိုင်းတိုင်းဒေသကြီး,Sagaing Region,ပန်ဆောင် မြို့,Pansaung Town,အောက် ရပ်ကွက်,Auk Quarter,ward,,,township_unresolved,non_admin_unresolved_township_name,0,1,1,Could not resolve approved CoreMap township from postal region/township names; local match skipped (township must resolve first),,non_admin_postal_locality,township name unresolved as CoreMap township; locality treated as non-admin postal place/town,
0261001,non_admin_postal_locality,စစ်ကိုင်းတိုင်းဒေသကြီး,Sagaing Region,ဒုံဟီး မြို့,Don Hee Town Town,မြို့မ ရပ်ကွက်,Myo Ma Quarter,ward,,,township_unresolved,non_admin_unresolved_township_name,0,1,1,Could not resolve approved CoreMap township from postal region/township names; local match skipped (township must resolve first),,non_admin_postal_locality,township name unresolved as CoreMap township; locality treated as non-admin postal place/town,
0261002,non_admin_postal_locality,စစ်ကိုင်းတိုင်းဒေသကြီး,Sagaing Region,ဒုံဟီး မြို့,Don Hee Town Town,မီတဲ ရပ်ကွက်,Me Tae Quarter,ward,,,township_unresolved,non_admin_unresolved_township_name,0,1,1,Could not resolve approved CoreMap township from postal region/township names; local match skipped (township must resolve first),,non_admin_postal_locality,township name unresolved as CoreMap township; locality treated as non-admin postal place/town,
0261003,non_admin_postal_locality,စစ်ကိုင်းတိုင်းဒေသကြီး,Sagaing Region,ဒုံဟီး မြို့,Don Hee Town Town,ထမ်ယုန်း ရပ်ကွက်,Htam Yone Quarter,ward,,,township_unresolved,non_admin_unresolved_township_name,0,1,1,Could not resolve approved CoreMap township from postal region/township names; local match skipped (township must resolve first),,non_admin_postal_locality,township name unresolved as CoreMap township; locality treated as non-admin postal place/town,
0262001,non_admin_postal_locality,စစ်ကိုင်းတိုင်းဒေသကြီး,Sagaing Region,ထန်ပါခွေ မြို့,Htan Par Kway Town,ထန်ပါခွေ ရပ်ကွက်,Htan Par Kway Quarter,ward,,,township_unresolved,non_admin_unresolved_township_name,0,1,1,Could not resolve approved CoreMap township from postal region/township names; local match skipped (township must resolve first),,non_admin_postal_locality,township name unresolved as CoreMap township; locality treated as non-admin postal place/town,
0263001,non_admin_postal_locality,စစ်ကိုင်းတိုင်းဒေသကြီး,Sagaing Region,မိုပိုင်းလွတ် မြို့,Mo Paing Lut Town,အမှတ် (၁) ရပ်ကွက်,No (1) Quarter,ward,,,township_unresolved,non_admin_unresolved_township_name,0,1,1,Could not resolve approved CoreMap township from postal region/township names; local match skipped (township must resolve first),,non_admin_postal_locality,township name unresolved as CoreMap township; locality treated as non-admin postal place/town,
0263002,non_admin_postal_locality,စစ်ကိုင်းတိုင်းဒေသကြီး,Sagaing Region,မိုပိုင်းလွတ် မြို့,Mo Paing Lut Town,အမှတ် (၂) ရပ်ကွက်,No (2) Quarter,ward,,,township_unresolved,non_admin_unresolved_township_name,0,1,1,Could not resolve approved CoreMap township from postal region/township names; local match skipped (township must resolve first),,non_admin_postal_locality,township name unresolved as CoreMap township; locality treated as non-admin postal place/town,
0264001,non_admin_postal_locality,စစ်ကိုင်းတိုင်းဒေသကြီး,Sagaing Region,ဆွမ္မရာ မြို့,Sum Ma Rar Town,အမှတ် (၁) ရပ်ကွက်,No (1) Quarter,ward,,,township_unresolved,non_admin_unresolved_township_name,0,1,1,Could not resolve approved CoreMap township from postal region/township names; local match skipped (township must resolve first),,non_admin_postal_locality,township name unresolved as CoreMap township; locality treated as non-admin postal place/town,
0264002,non_admin_postal_locality,စစ်ကိုင်းတိုင်းဒေသကြီး,Sagaing Region,ဆွမ္မရာ မြို့,Sum Ma Rar Town,အမှတ် (၂) ရပ်ကွက်,No (2) Quarter,ward,,,township_unresolved,non_admin_unresolved_township_name,0,1,1,Could not resolve approved CoreMap township from postal region/township names; local match skipped (township must resolve first),,non_admin_postal_locality,township name unresolved as CoreMap township; locality treated as non-admin postal place/town,
0264003,non_admin_postal_locality,စစ်ကိုင်းတိုင်းဒေသကြီး,Sagaing Region,ဆွမ္မရာ မြို့,Sum Ma Rar Town,အမှတ် (၃) ရပ်ကွက်,No (3) Quarter,ward,,,township_unresolved,non_admin_unresolved_township_name,0,1,1,Could not resolve approved CoreMap township from postal region/township names; local match skipped (township must resolve first),,non_admin_postal_locality,township name unresolved as CoreMap township; locality treated as non-admin postal place/town,
0265001,non_admin_postal_locality,စစ်ကိုင်းတိုင်းဒေသကြီး,Sagaing Region,ရွှေပြည်အေး မြို့,Shwe Pyi Aye Town,အမှတ် (၁) ရပ်ကွက်,No (1) Quarter,ward,,,township_unresolved,non_admin_unresolved_township_name,0,1,1,Could not resolve approved CoreMap township from postal region/township names; local match skipped (township must resolve first),,non_admin_postal_locality,township name unresolved as CoreMap township; locality treated as non-admin postal place/town,
0265002,non_admin_postal_locality,စစ်ကိုင်းတိုင်းဒေသကြီး,Sagaing Region,ရွှေပြည်အေး မြို့,Shwe Pyi Aye Town,အမှတ် (၂) ရပ်ကွက်,No (2) Quarter,ward,,,township_unresolved,non_admin_unresolved_township_name,0,1,1,Could not resolve approved CoreMap township from postal region/township names; local match skipped (township must resolve first),,non_admin_postal_locality,township name unresolved as CoreMap township; locality treated as non-admin postal place/town,
0265003,non_admin_postal_locality,စစ်ကိုင်းတိုင်းဒေသကြီး,Sagaing Region,ရွှေပြည်အေး မြို့,Shwe Pyi Aye Town,အမှတ် (၃) ရပ်ကွက်,No (3) Quarter,ward,,,township_unresolved,non_admin_unresolved_township_name,0,1,1,Could not resolve approved CoreMap township from postal region/township names; local match skipped (township must resolve first),,non_admin_postal_locality,township name unresolved as CoreMap township; locality treated as non-admin postal place/town,
0265004,non_admin_postal_locality,စစ်ကိုင်းတိုင်းဒေသကြီး,Sagaing Region,ရွှေပြည်အေး မြို့,Shwe Pyi Aye Town,အမှတ် (၄) ရပ်ကွက်,No (4) Quarter,ward,,,township_unresolved,non_admin_unresolved_township_name,0,1,1,Could not resolve approved CoreMap township from postal region/township names; local match skipped (township must resolve first),,non_admin_postal_locality,township name unresolved as CoreMap township; locality treated as non-admin postal place/town,
0265005,non_admin_postal_locality,စစ်ကိုင်းတိုင်းဒေသကြီး,Sagaing Region,ရွှေပြည်အေး မြို့,Shwe Pyi Aye Town,အမှတ် (၅) ရပ်ကွက်,No (5) Quarter,ward,,,township_unresolved,non_admin_unresolved_township_name,0,1,1,Could not resolve approved CoreMap township from postal region/township names; local match skipped (township must resolve first),,non_admin_postal_locality,township name unresolved as CoreMap township; locality treated as non-admin postal place/town,
0265006,non_admin_postal_locality,စစ်ကိုင်းတိုင်းဒေသကြီး,Sagaing Region,ရွှေပြည်အေး မြို့,Shwe Pyi Aye Town,အမှတ် (၆) ရပ်ကွက်,No (6) Quarter,ward,,,township_unresolved,non_admin_unresolved_township_name,0,1,1,Could not resolve approved CoreMap township from postal region/township names; local match skipped (township must resolve first),,non_admin_postal_locality,township name unresolved as CoreMap township; locality treated as non-admin postal place/town,
0265007,non_admin_postal_locality,စစ်ကိုင်းတိုင်းဒေသကြီး,Sagaing Region,ရွှေပြည်အေး မြို့,Shwe Pyi Aye Town,အမှတ် (၇) ရပ်ကွက်,No (7) Quarter,ward,,,township_unresolved,non_admin_unresolved_township_name,0,1,1,Could not resolve approved CoreMap township from postal region/township names; local match skipped (township must resolve first),,non_admin_postal_locality,township name unresolved as CoreMap township; locality treated as non-admin postal place/town,
0265008,non_admin_postal_locality,စစ်ကိုင်းတိုင်းဒေသကြီး,Sagaing Region,ရွှေပြည်အေး မြို့,Shwe Pyi Aye Town,အမှတ် (၈) ရပ်ကွက်,No (8) Quarter,ward,,,township_unresolved,non_admin_unresolved_township_name,0,1,1,Could not resolve approved CoreMap township from postal region/township names; local match skipped (township must resolve first),,non_admin_postal_locality,township name unresolved as CoreMap township; locality treated as non-admin postal place/town,
0265009,non_admin_postal_locality,စစ်ကိုင်းတိုင်းဒေသကြီး,Sagaing Region,ရွှေပြည်အေး မြို့,Shwe Pyi Aye Town,အမှတ် (၉) ရပ်ကွက်,No (9) Quarter,ward,,,township_unresolved,non_admin_unresolved_township_name,0,1,1,Could not resolve approved CoreMap township from postal region/township names; local match skipped (township must resolve first),,non_admin_postal_locality,township name unresolved as CoreMap township; locality treated as non-admin postal place/town,
0265010,non_admin_postal_locality,စစ်ကိုင်းတိုင်းဒေသကြီး,Sagaing Region,ရွှေပြည်အေး မြို့,Shwe Pyi Aye Town,အမှတ် (၁၀) ရပ်ကွက်,No (10) Quarter,ward,,,township_unresolved,non_admin_unresolved_township_name,0,1,1,Could not resolve approved CoreMap township from postal region/township names; local match skipped (township must resolve first),,non_admin_postal_locality,township name unresolved as CoreMap township; locality treated as non-admin postal place/town,
0265011,non_admin_postal_locality,စစ်ကိုင်းတိုင်းဒေသကြီး,Sagaing Region,ရွှေပြည်အေး မြို့,Shwe Pyi Aye Town,အမှတ် (၁၁) ရပ်ကွက်,No (11) Quarter,ward,,,township_unresolved,non_admin_unresolved_township_name,0,1,1,Could not resolve approved CoreMap township from postal region/township names; local match skipped (township must resolve first),,non_admin_postal_locality,township name unresolved as CoreMap township; locality treated as non-admin postal place/town,
0266001,missing_local_admin_identity,စစ်ကိုင်းတိုင်းဒေသကြီး,Sagaing Region,မြို့သစ် မြို့,Myothit Town,အမှတ် (၁) ရပ်ကွက်,No (1) Quarter,ward,7071,,no_exact_or_fuzzy,missing_local_after_rebind,0,1,1,"Township 7071 resolved, but no exact approved ward/village-tract identity matched; will not invent admin from postal text",,missing_local_admin_identity,township resolved; no exact inventory identity for locality,
0266002,missing_local_admin_identity,စစ်ကိုင်းတိုင်းဒေသကြီး,Sagaing Region,မြို့သစ် မြို့,Myothit Town,အမှတ် (၂) ရပ်ကွက်,No (2) Quarter,ward,7071,,no_exact_or_fuzzy,missing_local_after_rebind,0,1,1,"Township 7071 resolved, but no exact approved ward/village-tract identity matched; will not invent admin from postal text",,missing_local_admin_identity,township resolved; no exact inventory identity for locality,
0266003,missing_local_admin_identity,စစ်ကိုင်းတိုင်းဒေသကြီး,Sagaing Region,မြို့သစ် မြို့,Myothit Town,အမှတ် (၃) ရပ်ကွက်,No (3) Quarter,ward,7071,,no_exact_or_fuzzy,missing_local_after_rebind,0,1,1,"Township 7071 resolved, but no exact approved ward/village-tract identity matched; will not invent admin from postal text",,missing_local_admin_identity,township resolved; no exact inventory identity for locality,
0267001,non_admin_postal_locality,စစ်ကိုင်းတိုင်းဒေသကြီး,Sagaing Region,ခါမ်းပါတ် မြို့,Khampat Town,အမှတ် (၁) ရပ်ကွက်,No (1) Quarter,ward,,,township_unresolved,non_admin_unresolved_township_name,0,1,1,Could not resolve approved CoreMap township from postal region/township names; local match skipped (township must resolve first),,non_admin_postal_locality,township name unresolved as CoreMap township; locality treated as non-admin postal place/town,
0267002,non_admin_postal_locality,စစ်ကိုင်းတိုင်းဒေသကြီး,Sagaing Region,ခါမ်းပါတ် မြို့,Khampat Town,အမှတ် (၂) ရပ်ကွက်,No (2) Quarter,ward,,,township_unresolved,non_admin_unresolved_township_name,0,1,1,Could not resolve approved CoreMap township from postal region/township names; local match skipped (township must resolve first),,non_admin_postal_locality,township name unresolved as CoreMap township; locality treated as non-admin postal place/town,
0267003,non_admin_postal_locality,စစ်ကိုင်းတိုင်းဒေသကြီး,Sagaing Region,ခါမ်းပါတ် မြို့,Khampat Town,အမှတ် (၃) ရပ်ကွက်,No (3) Quarter,ward,,,township_unresolved,non_admin_unresolved_township_name,0,1,1,Could not resolve approved CoreMap township from postal region/township names; local match skipped (township must resolve first),,non_admin_postal_locality,township name unresolved as CoreMap township; locality treated as non-admin postal place/town,
0267004,non_admin_postal_locality,စစ်ကိုင်းတိုင်းဒေသကြီး,Sagaing Region,ခါမ်းပါတ် မြို့,Khampat Town,အမှတ် (၄) ရပ်ကွက်,No (4) Quarter,ward,,,township_unresolved,non_admin_unresolved_township_name,0,1,1,Could not resolve approved CoreMap township from postal region/township names; local match skipped (township must resolve first),,non_admin_postal_locality,township name unresolved as CoreMap township; locality treated as non-admin postal place/town,
0267005,non_admin_postal_locality,စစ်ကိုင်းတိုင်းဒေသကြီး,Sagaing Region,ခါမ်းပါတ် မြို့,Khampat Town,အမှတ် (၅) ရပ်ကွက်,No (5) Quarter,ward,,,township_unresolved,non_admin_unresolved_township_name,0,1,1,Could not resolve approved CoreMap township from postal region/township names; local match skipped (township must resolve first),,non_admin_postal_locality,township name unresolved as CoreMap township; locality treated as non-admin postal place/town,
0268001,non_admin_postal_locality,စစ်ကိုင်းတိုင်းဒေသကြီး,Sagaing Region,မော်လူး မြို့,Maw Lu Town,မင်းရာဇာ ရပ်ကွက်,Min Yar Zar Quarter,ward,,,township_unresolved,non_admin_unresolved_township_name,0,1,1,Could not resolve approved CoreMap township from postal region/township names; local match skipped (township must resolve first),,non_admin_postal_locality,township name unresolved as CoreMap township; locality treated as non-admin postal place/town,
0268002,non_admin_postal_locality,စစ်ကိုင်းတိုင်းဒေသကြီး,Sagaing Region,မော်လူး မြို့,Maw Lu Town,မင်းဇေယျာ ရပ်ကွက်,Min Zay Yar Quarter,ward,,,township_unresolved,non_admin_unresolved_township_name,0,1,1,Could not resolve approved CoreMap township from postal region/township names; local match skipped (township must resolve first),,non_admin_postal_locality,township name unresolved as CoreMap township; locality treated as non-admin postal place/town,
0268003,non_admin_postal_locality,စစ်ကိုင်းတိုင်းဒေသကြီး,Sagaing Region,မော်လူး မြို့,Maw Lu Town,မင်းချမ်းသာ ရပ်ကွက်,Min Chan Thar Quarter,ward,,,township_unresolved,non_admin_unresolved_township_name,0,1,1,Could not resolve approved CoreMap township from postal region/township names; local match skipped (township must resolve first),,non_admin_postal_locality,township name unresolved as CoreMap township; locality treated as non-admin postal place/town,
0268004,non_admin_postal_locality,စစ်ကိုင်းတိုင်းဒေသကြီး,Sagaing Region,မော်လူး မြို့,Maw Lu Town,မင်းသုခ ရပ်ကွက်,Min Thu Kha Quarter,ward,,,township_unresolved,non_admin_unresolved_township_name,0,1,1,Could not resolve approved CoreMap township from postal region/township names; local match skipped (township must resolve first),,non_admin_postal_locality,township name unresolved as CoreMap township; locality treated as non-admin postal place/town,
0268005,non_admin_postal_locality,စစ်ကိုင်းတိုင်းဒေသကြီး,Sagaing Region,မော်လူး မြို့,Maw Lu Town,မင်းသစ္စာ ရပ်ကွက်,Min Thit Sar Quarter,ward,,,township_unresolved,non_admin_unresolved_township_name,0,1,1,Could not resolve approved CoreMap township from postal region/township names; local match skipped (township must resolve first),,non_admin_postal_locality,township name unresolved as CoreMap township; locality treated as non-admin postal place/town,
0268006,non_admin_postal_locality,စစ်ကိုင်းတိုင်းဒေသကြီး,Sagaing Region,မော်လူး မြို့,Maw Lu Town,မင်းသီရိ ရပ်ကွက်,Min Thi Ri Quarter,ward,,,township_unresolved,non_admin_unresolved_township_name,0,1,1,Could not resolve approved CoreMap township from postal region/township names; local match skipped (township must resolve first),,non_admin_postal_locality,township name unresolved as CoreMap township; locality treated as non-admin postal place/town,
0269001,missing_local_admin_identity,စစ်ကိုင်းတိုင်းဒေသကြီး,Sagaing Region,ဇီးကုန်း မြို့,Zee Kone Town,ချမ်းအေးသာယာ ရပ်ကွက်,Chan Aye Thar Yar Quarter,ward,7162,,no_exact_or_fuzzy,missing_local_after_rebind,0,1,1,"Township 7162 resolved, but no exact approved ward/village-tract identity matched; will not invent admin from postal text",,missing_local_admin_identity,township resolved; no exact inventory identity for locality,
0269002,missing_local_admin_identity,စစ်ကိုင်းတိုင်းဒေသကြီး,Sagaing Region,ဇီးကုန်း မြို့,Zee Kone Town,ရန်ကြီးအောင် ရပ်ကွက်,Yan Gyi Aung Quarter,ward,7162,,no_exact_or_fuzzy,missing_local_after_rebind,0,1,1,"Township 7162 resolved, but no exact approved ward/village-tract identity matched; will not invent admin from postal text",,missing_local_admin_identity,township resolved; no exact inventory identity for locality,
0269003,missing_local_admin_identity,စစ်ကိုင်းတိုင်းဒေသကြီး,Sagaing Region,ဇီးကုန်း မြို့,Zee Kone Town,ရန်နိုင်အေး ရပ်ကွက်,Yan Naing Aye Quarter,ward,7162,,no_exact_or_fuzzy,missing_local_after_rebind,0,1,1,"Township 7162 resolved, but no exact approved ward/village-tract identity matched; will not invent admin from postal text",,missing_local_admin_identity,township resolved; no exact inventory identity for locality,
0269004,missing_local_admin_identity,စစ်ကိုင်းတိုင်းဒေသကြီး,Sagaing Region,ဇီးကုန်း မြို့,Zee Kone Town,အောင်သိဒ္ဓိ ရပ်ကွက်,Aung Theik Di Quarter,ward,7162,,no_exact_or_fuzzy,missing_local_after_rebind,0,1,1,"Township 7162 resolved, but no exact approved ward/village-tract identity matched; will not invent admin from postal text",,missing_local_admin_identity,township resolved; no exact inventory identity for locality,
0269005,missing_local_admin_identity,စစ်ကိုင်းတိုင်းဒေသကြီး,Sagaing Region,ဇီးကုန်း မြို့,Zee Kone Town,လက်ဆည် ရပ်ကွက်,Let Se Quarter,ward,7162,,no_exact_or_fuzzy,missing_local_after_rebind,0,1,1,"Township 7162 resolved, but no exact approved ward/village-tract identity matched; will not invent admin from postal text",,missing_local_admin_identity,township resolved; no exact inventory identity for locality,
0269006,missing_local_admin_identity,စစ်ကိုင်းတိုင်းဒေသကြီး,Sagaing Region,ဇီးကုန်း မြို့,Zee Kone Town,နဂါးပေါ် ရပ်ကွက်,Nagar Paw Quarter,ward,7162,,no_exact_or_fuzzy,missing_local_after_rebind,0,1,1,"Township 7162 resolved, but no exact approved ward/village-tract identity matched; will not invent admin from postal text",,missing_local_admin_identity,township resolved; no exact inventory identity for locality,
0270001,non_admin_postal_locality,စစ်ကိုင်းတိုင်းဒေသကြီး,Sagaing Region,စိုင်ပြင် မြို့,Saing Pyin Town,အမှတ် (၁) ရပ်ကွက်,No (1) Quarter,ward,,,township_unresolved,non_admin_unresolved_township_name,0,1,1,Could not resolve approved CoreMap township from postal region/township names; local match skipped (township must resolve first),,non_admin_postal_locality,township name unresolved as CoreMap township; locality treated as non-admin postal place/town,
0270002,non_admin_postal_locality,စစ်ကိုင်းတိုင်းဒေသကြီး,Sagaing Region,စိုင်ပြင် မြို့,Saing Pyin Town,အမှတ် (၂) ရပ်ကွက်,No (2) Quarter,ward,,,township_unresolved,non_admin_unresolved_township_name,0,1,1,Could not resolve approved CoreMap township from postal region/township names; local match skipped (township must resolve first),,non_admin_postal_locality,township name unresolved as CoreMap township; locality treated as non-admin postal place/town,
0270003,non_admin_postal_locality,စစ်ကိုင်းတိုင်းဒေသကြီး,Sagaing Region,စိုင်ပြင် မြို့,Saing Pyin Town,အမှတ် (၃) ရပ်ကွက်,No (3) Quarter,ward,,,township_unresolved,non_admin_unresolved_township_name,0,1,1,Could not resolve approved CoreMap township from postal region/township names; local match skipped (township must resolve first),,non_admin_postal_locality,township name unresolved as CoreMap township; locality treated as non-admin postal place/town,
0270004,non_admin_postal_locality,စစ်ကိုင်းတိုင်းဒေသကြီး,Sagaing Region,စိုင်ပြင် မြို့,Saing Pyin Town,အမှတ် (၄) ရပ်ကွက်,No (4) Quarter,ward,,,township_unresolved,non_admin_unresolved_township_name,0,1,1,Could not resolve approved CoreMap township from postal region/township names; local match skipped (township must resolve first),,non_admin_postal_locality,township name unresolved as CoreMap township; locality treated as non-admin postal place/town,
0270005,non_admin_postal_locality,စစ်ကိုင်းတိုင်းဒေသကြီး,Sagaing Region,စိုင်ပြင် မြို့,Saing Pyin Town,အမှတ် (၅) ရပ်ကွက်,No (5) Quarter,ward,,,township_unresolved,non_admin_unresolved_township_name,0,1,1,Could not resolve approved CoreMap township from postal region/township names; local match skipped (township must resolve first),,non_admin_postal_locality,township name unresolved as CoreMap township; locality treated as non-admin postal place/town,
0271001,non_admin_postal_locality,စစ်ကိုင်းတိုင်းဒေသကြီး,Sagaing Region,​ကျောက်မြောင်း မြို့,Kyauk Myaung Town,အမှတ် (၁) ရပ်ကွက်,No (1) Quarter,ward,,,township_unresolved,non_admin_unresolved_township_name,0,1,1,Could not resolve approved CoreMap township from postal region/township names; local match skipped (township must resolve first),,non_admin_postal_locality,township name unresolved as CoreMap township; locality treated as non-admin postal place/town,
0271002,non_admin_postal_locality,စစ်ကိုင်းတိုင်းဒေသကြီး,Sagaing Region,​ကျောက်မြောင်း မြို့,Kyauk Myaung Town,အမှတ် (၂) ရပ်ကွက်,No (2) Quarter,ward,,,township_unresolved,non_admin_unresolved_township_name,0,1,1,Could not resolve approved CoreMap township from postal region/township names; local match skipped (township must resolve first),,non_admin_postal_locality,township name unresolved as CoreMap township; locality treated as non-admin postal place/town,
0271003,non_admin_postal_locality,စစ်ကိုင်းတိုင်းဒေသကြီး,Sagaing Region,​ကျောက်မြောင်း မြို့,Kyauk Myaung Town,အမှတ် (၃) ရပ်ကွက်,No (3) Quarter,ward,,,township_unresolved,non_admin_unresolved_township_name,0,1,1,Could not resolve approved CoreMap township from postal region/township names; local match skipped (township must resolve first),,non_admin_postal_locality,township name unresolved as CoreMap township; locality treated as non-admin postal place/town,
0271004,non_admin_postal_locality,စစ်ကိုင်းတိုင်းဒေသကြီး,Sagaing Region,​ကျောက်မြောင်း မြို့,Kyauk Myaung Town,အမှတ် (၄) ရပ်ကွက်,No (4) Quarter,ward,,,township_unresolved,non_admin_unresolved_township_name,0,1,1,Could not resolve approved CoreMap township from postal region/township names; local match skipped (township must resolve first),,non_admin_postal_locality,township name unresolved as CoreMap township; locality treated as non-admin postal place/town,
0272001,non_admin_postal_locality,စစ်ကိုင်းတိုင်းဒေသကြီး,Sagaing Region,ဆားတောင် မြို့,Sar Taung Town,ရေကြည် ရပ်ကွက်,Yae Kyi Quarter,ward,,,township_unresolved,non_admin_unresolved_township_name,0,1,1,Could not resolve approved CoreMap township from postal region/township names; local match skipped (township must resolve first),,non_admin_postal_locality,township name unresolved as CoreMap township; locality treated as non-admin postal place/town,
0272002,non_admin_postal_locality,စစ်ကိုင်းတိုင်းဒေသကြီး,Sagaing Region,ဆားတောင် မြို့,Sar Taung Town,ရွာစိုက် ရပ်ကွက်,Ywar Saik Quarter,ward,,,township_unresolved,non_admin_unresolved_township_name,0,1,1,Could not resolve approved CoreMap township from postal region/township names; local match skipped (township must resolve first),,non_admin_postal_locality,township name unresolved as CoreMap township; locality treated as non-admin postal place/town,
0272003,non_admin_postal_locality,စစ်ကိုင်းတိုင်းဒေသကြီး,Sagaing Region,ဆားတောင် မြို့,Sar Taung Town,သင်းတွဲ ရပ်ကွက်,Thin Twe Quarter,ward,,,township_unresolved,non_admin_unresolved_township_name,0,1,1,Could not resolve approved CoreMap township from postal region/township names; local match skipped (township must resolve first),,non_admin_postal_locality,township name unresolved as CoreMap township; locality treated as non-admin postal place/town,
0272004,non_admin_postal_locality,စစ်ကိုင်းတိုင်းဒေသကြီး,Sagaing Region,ဆားတောင် မြို့,Sar Taung Town,ပင်းသင်း ရပ်ကွက်,Pin Thin Quarter,ward,,,township_unresolved,non_admin_unresolved_township_name,0,1,1,Could not resolve approved CoreMap township from postal region/township names; local match skipped (township must resolve first),,non_admin_postal_locality,township name unresolved as CoreMap township; locality treated as non-admin postal place/town,
0272005,non_admin_postal_locality,စစ်ကိုင်းတိုင်းဒေသကြီး,Sagaing Region,ဆားတောင် မြို့,Sar Taung Town,ကျောင်းနောက် ရပ်ကွက်,Kyaung Nauk Quarter,ward,,,township_unresolved,non_admin_unresolved_township_name,0,1,1,Could not resolve approved CoreMap township from postal region/township names; local match skipped (township must resolve first),,non_admin_postal_locality,township name unresolved as CoreMap township; locality treated as non-admin postal place/town,
0272006,non_admin_postal_locality,စစ်ကိုင်းတိုင်းဒေသကြီး,Sagaing Region,ဆားတောင် မြို့,Sar Taung Town,ရွာဝေး ရပ်ကွက်,Ywar Way Quarter,ward,,,township_unresolved,non_admin_unresolved_township_name,0,1,1,Could not resolve approved CoreMap township from postal region/township names; local match skipped (township must resolve first),,non_admin_postal_locality,township name unresolved as CoreMap township; locality treated as non-admin postal place/town,
0272007,non_admin_postal_locality,စစ်ကိုင်းတိုင်းဒေသကြီး,Sagaing Region,ဆားတောင် မြို့,Sar Taung Town,သူဌေး ရပ်ကွက်,Thu Htay Quarter,ward,,,township_unresolved,non_admin_unresolved_township_name,0,1,1,Could not resolve approved CoreMap township from postal region/township names; local match skipped (township must resolve first),,non_admin_postal_locality,township name unresolved as CoreMap township; locality treated as non-admin postal place/town,
0272008,non_admin_postal_locality,စစ်ကိုင်းတိုင်းဒေသကြီး,Sagaing Region,ဆားတောင် မြို့,Sar Taung Town,တောင်ပို ရပ်ကွက်,Taung Po Quarter,ward,,,township_unresolved,non_admin_unresolved_township_name,0,1,1,Could not resolve approved CoreMap township from postal region/township names; local match skipped (township must resolve first),,non_admin_postal_locality,township name unresolved as CoreMap township; locality treated as non-admin postal place/town,
0272009,non_admin_postal_locality,စစ်ကိုင်းတိုင်းဒေသကြီး,Sagaing Region,ဆားတောင် မြို့,Sar Taung Town,မြင်းကြွ ရပ်ကွက်,Myin Kywa Quarter,ward,,,township_unresolved,non_admin_unresolved_township_name,0,1,1,Could not resolve approved CoreMap township from postal region/township names; local match skipped (township must resolve first),,non_admin_postal_locality,township name unresolved as CoreMap township; locality treated as non-admin postal place/town,
0272010,non_admin_postal_locality,စစ်ကိုင်းတိုင်းဒေသကြီး,Sagaing Region,ဆားတောင် မြို့,Sar Taung Town,ညောင်ငုတ္တို ရပ်ကွက်,Nyaung Ngoke To Quarter,ward,,,township_unresolved,non_admin_unresolved_township_name,0,1,1,Could not resolve approved CoreMap township from postal region/township names; local match skipped (township must resolve first),,non_admin_postal_locality,township name unresolved as CoreMap township; locality treated as non-admin postal place/town,
0272011,non_admin_postal_locality,စစ်ကိုင်းတိုင်းဒေသကြီး,Sagaing Region,ဆားတောင် မြို့,Sar Taung Town,ရှားပင်ကန် ရပ်ကွက်,Shar Pin Kan Quarter,ward,,,township_unresolved,non_admin_unresolved_township_name,0,1,1,Could not resolve approved CoreMap township from postal region/township names; local match skipped (township must resolve first),,non_admin_postal_locality,township name unresolved as CoreMap township; locality treated as non-admin postal place/town,
0301001,missing_local_admin_identity,ချင်းပြည်နယ်,Chin State,ဟားခါး မြို့နယ်,Hakha Township,ဈေးဟောင်း ရပ်ကွက်,Zay Haung Quarter,ward,6743,,no_exact_or_fuzzy,missing_local_after_rebind,0,1,1,"Township 6743 resolved, but no exact approved ward/village-tract identity matched; will not invent admin from postal text",,missing_local_admin_identity,township resolved; no exact inventory identity for locality,
0301002,missing_local_admin_identity,ချင်းပြည်နယ်,Chin State,ဟားခါး မြို့နယ်,Hakha Township,ဈေးသစ် ရပ်ကွက်,Zay Thit Quarter,ward,6743,,no_exact_or_fuzzy,missing_local_after_rebind,0,1,1,"Township 6743 resolved, but no exact approved ward/village-tract identity matched; will not invent admin from postal text",,missing_local_admin_identity,township resolved; no exact inventory identity for locality,
0301003,missing_local_admin_identity,ချင်းပြည်နယ်,Chin State,ဟားခါး မြို့နယ်,Hakha Township,ပြည်တော်သာ ရပ်ကွက်,Pyi Taw Thar Quarter,ward,6743,,no_exact_or_fuzzy,missing_local_after_rebind,0,1,1,"Township 6743 resolved, but no exact approved ward/village-tract identity matched; will not invent admin from postal text",,missing_local_admin_identity,township resolved; no exact inventory identity for locality,
0301004,missing_local_admin_identity,ချင်းပြည်နယ်,Chin State,ဟားခါး မြို့နယ်,Hakha Township,ကျောဘုတ် ရပ်ကွက်,Kyaw Boke Quarter,ward,6743,,no_exact_or_fuzzy,missing_local_after_rebind,0,1,1,"Township 6743 resolved, but no exact approved ward/village-tract identity matched; will not invent admin from postal text",,missing_local_admin_identity,township resolved; no exact inventory identity for locality,
0301005,missing_local_admin_identity,ချင်းပြည်နယ်,Chin State,ဟားခါး မြို့နယ်,Hakha Township,မြို့ဟောင်း ရပ်ကွက်,Myo Haung Quarter,ward,6743,,no_exact_or_fuzzy,missing_local_after_rebind,0,1,1,"Township 6743 resolved, but no exact approved ward/village-tract identity matched; will not invent admin from postal text",,missing_local_admin_identity,township resolved; no exact inventory identity for locality,
0301006,missing_local_admin_identity,ချင်းပြည်နယ်,Chin State,ဟားခါး မြို့နယ်,Hakha Township,မြို့သစ် ရပ်ကွက်,Myo Thit Quarter,ward,6743,,no_exact_or_fuzzy,missing_local_after_rebind,0,1,1,"Township 6743 resolved, but no exact approved ward/village-tract identity matched; will not invent admin from postal text",,missing_local_admin_identity,township resolved; no exact inventory identity for locality,
0301007,missing_local_admin_identity,ချင်းပြည်နယ်,Chin State,ဟားခါး မြို့နယ်,Hakha Township,ဟားခါးထာရ် (၁) ရပ်ကွက်,Hakha Htar (1) Quarter,ward,6743,,no_exact_or_fuzzy,missing_local_after_rebind,0,1,1,"Township 6743 resolved, but no exact approved ward/village-tract identity matched; will not invent admin from postal text",,missing_local_admin_identity,township resolved; no exact inventory identity for locality,
0301008,missing_local_admin_identity,ချင်းပြည်နယ်,Chin State,ဟားခါး မြို့နယ်,Hakha Township,ဟားခါးထာရ် (၂) ရပ်ကွက်,Hakha Htar (2) Quarter,ward,6743,,no_exact_or_fuzzy,missing_local_after_rebind,0,1,1,"Township 6743 resolved, but no exact approved ward/village-tract identity matched; will not invent admin from postal text",,missing_local_admin_identity,township resolved; no exact inventory identity for locality,
0301216,missing_local_admin_identity,ချင်းပြည်နယ်,Chin State,ဟားခါး မြို့နယ်,Hakha Township,ဆူရ်ခွား ကျေးရွာအုပ်စု,Surkhua Village Tract,village_tract,6743,,no_exact_or_fuzzy,missing_local_after_rebind,0,1,1,"Township 6743 resolved, but no exact approved ward/village-tract identity matched; will not invent admin from postal text",,missing_local_admin_identity,township resolved; no exact inventory identity for locality,
0302001,missing_local_admin_identity,ချင်းပြည်နယ်,Chin State,ထန်တလန် မြို့နယ်,Thantlang Township,အမှတ် (၁) ရပ်ကွက်,No (1) Ward Quarter,ward,6745,,no_exact_or_fuzzy,missing_local_after_rebind,0,1,1,"Township 6745 resolved, but no exact approved ward/village-tract identity matched; will not invent admin from postal text",,missing_local_admin_identity,township resolved; no exact inventory identity for locality,
0302002,missing_local_admin_identity,ချင်းပြည်နယ်,Chin State,ထန်တလန် မြို့နယ်,Thantlang Township,အမှတ် (၂) ရပ်ကွက်,No (2) Ward Quarter,ward,6745,,no_exact_or_fuzzy,missing_local_after_rebind,0,1,1,"Township 6745 resolved, but no exact approved ward/village-tract identity matched; will not invent admin from postal text",,missing_local_admin_identity,township resolved; no exact inventory identity for locality,
0302003,missing_local_admin_identity,ချင်းပြည်နယ်,Chin State,ထန်တလန် မြို့နယ်,Thantlang Township,အမှတ် (၃) ရပ်ကွက်,No (3) Ward Quarter,ward,6745,,no_exact_or_fuzzy,missing_local_after_rebind,0,1,1,"Township 6745 resolved, but no exact approved ward/village-tract identity matched; will not invent admin from postal text",,missing_local_admin_identity,township resolved; no exact inventory identity for locality,
0302226,missing_local_admin_identity,ချင်းပြည်နယ်,Chin State,ထန်တလန် မြို့နယ်,Thantlang Township,နှာဟရိန် (က) ကျေးရွာအုပ်စု,Hnaring (A) Village Tract,village_tract,6745,,no_exact_or_fuzzy,missing_local_after_rebind,0,1,1,"Township 6745 resolved, but no exact approved ward/village-tract identity matched; will not invent admin from postal text",,missing_local_admin_identity,township resolved; no exact inventory identity for locality,
0303005,missing_local_admin_identity,ချင်းပြည်နယ်,Chin State,ဖလမ်း မြို့နယ်,Falam Township,လိုင်ဇိုး ရပ်ကွက်,Laizo Ward Quarter,ward,6739,,no_exact_or_fuzzy,missing_local_after_rebind,0,1,1,"Township 6739 resolved, but no exact approved ward/village-tract identity matched; will not invent admin from postal text",,missing_local_admin_identity,township resolved; no exact inventory identity for locality,
0303006,missing_local_admin_identity,ချင်းပြည်နယ်,Chin State,ဖလမ်း မြို့နယ်,Falam Township,လိုင်လွန် ရပ်ကွက်,Lailun Ward Quarter,ward,6739,,no_exact_or_fuzzy,missing_local_after_rebind,0,1,1,"Township 6739 resolved, but no exact approved ward/village-tract identity matched; will not invent admin from postal text",,missing_local_admin_identity,township resolved; no exact inventory identity for locality,
0303007,missing_local_admin_identity,ချင်းပြည်နယ်,Chin State,ဖလမ်း မြို့နယ်,Falam Township,လုံပီး ရပ်ကွက်,Lungpi Ward Quarter,ward,6739,,no_exact_or_fuzzy,missing_local_after_rebind,0,1,1,"Township 6739 resolved, but no exact approved ward/village-tract identity matched; will not invent admin from postal text",,missing_local_admin_identity,township resolved; no exact inventory identity for locality,
0303008,missing_local_admin_identity,ချင်းပြည်နယ်,Chin State,ဖလမ်း မြို့နယ်,Falam Township,ဇာလိုင် ရပ်ကွက်,Zalai Ward Quarter,ward,6739,,no_exact_or_fuzzy,missing_local_after_rebind,0,1,1,"Township 6739 resolved, but no exact approved ward/village-tract identity matched; will not invent admin from postal text",,missing_local_admin_identity,township resolved; no exact inventory identity for locality,
0303206,missing_local_admin_identity,ချင်းပြည်နယ်,Chin State,ဖလမ်း မြို့နယ်,Falam Township,လိုင်ဇိုး ကျေးရွာအုပ်စု,Laizo Village Tract,village_tract,6739,,no_exact_or_fuzzy,missing_local_after_rebind,0,1,1,"Township 6739 resolved, but no exact approved ward/village-tract identity matched; will not invent admin from postal text",,missing_local_admin_identity,township resolved; no exact inventory identity for locality,
0303243,missing_local_admin_identity,ချင်းပြည်နယ်,Chin State,ဖလမ်း မြို့နယ်,Falam Township,ဝေဘူလ ကျေးရွာအုပ်စု,Webula Village Tract,village_tract,6739,,no_exact_or_fuzzy,missing_local_after_rebind,0,1,1,"Township 6739 resolved, but no exact approved ward/village-tract identity matched; will not invent admin from postal text",,missing_local_admin_identity,township resolved; no exact inventory identity for locality,
0305001,missing_local_admin_identity,ချင်းပြည်နယ်,Chin State,တွန်းဇန် မြို့နယ်,Tonzang Township,ခေါဝုန် / လေးဆန် ရပ်ကွက်,Khuavung (Laysan) Quarter,ward,6712,,no_exact_or_fuzzy,missing_local_after_rebind,0,1,1,"Township 6712 resolved, but no exact approved ward/village-tract identity matched; will not invent admin from postal text",,missing_local_admin_identity,township resolved; no exact inventory identity for locality,
0305002,missing_local_admin_identity,ချင်းပြည်နယ်,Chin State,တွန်းဇန် မြို့နယ်,Tonzang Township,ခေါလိုင် / ဂိုးဇန် ရပ်ကွက်,Khualai (Gozan) Quarter,ward,6712,,no_exact_or_fuzzy,missing_local_after_rebind,0,1,1,"Township 6712 resolved, but no exact approved ward/village-tract identity matched; will not invent admin from postal text",,missing_local_admin_identity,township resolved; no exact inventory identity for locality,
0306234,missing_local_admin_identity,ချင်းပြည်နယ်,Chin State,မတူပီ မြို့နယ်,Matupi Township,လိုင်လင်းပီ ကျေးရွာအုပ်စု,Lalengpi Village Tract,village_tract,6922,,no_exact_or_fuzzy,missing_local_after_rebind,0,1,1,"Township 6922 resolved, but no exact approved ward/village-tract identity matched; will not invent admin from postal text",,missing_local_admin_identity,township resolved; no exact inventory identity for locality,
0307224,missing_local_admin_identity,ချင်းပြည်နယ်,Chin State,မင်းတပ် မြို့နယ်,Mindat Township,မကွီအိမ်နူး ကျေးရွာအုပ်စု,M'kuiimnu Village Tract,village_tract,6943,,no_exact_or_fuzzy,missing_local_after_rebind,0,1,1,"Township 6943 resolved, but no exact approved ward/village-tract identity matched; will not invent admin from postal text",,missing_local_admin_identity,township resolved; no exact inventory identity for locality,
0308001,missing_local_admin_identity,ချင်းပြည်နယ်,Chin State,ကန်ပက်လက် မြို့နယ်,Kanpetlet Township,အမှတ် (၁) ရပ်ကွက်,No (1) Quarter,ward,6949,,no_exact_or_fuzzy,missing_local_after_rebind,0,1,1,"Township 6949 resolved, but no exact approved ward/village-tract identity matched; will not invent admin from postal text",,missing_local_admin_identity,township resolved; no exact inventory identity for locality,
0308002,missing_local_admin_identity,ချင်းပြည်နယ်,Chin State,ကန်ပက်လက် မြို့နယ်,Kanpetlet Township,အမှတ် (၂) ရပ်ကွက်,No (2) Quarter,ward,6949,,no_exact_or_fuzzy,missing_local_after_rebind,0,1,1,"Township 6949 resolved, but no exact approved ward/village-tract identity matched; will not invent admin from postal text",,missing_local_admin_identity,township resolved; no exact inventory identity for locality,
0309004,missing_local_admin_identity,ချင်းပြည်နယ်,Chin State,ပလက်ဝ မြို့နယ်,Paletwa Township,ကင်ဝ ရပ်ကွက်,KinWa Quarter,ward,6941,,no_exact_or_fuzzy,missing_local_after_rebind,0,1,1,"Township 6941 resolved, but no exact approved ward/village-tract identity matched; will not invent admin from postal text",,missing_local_admin_identity,township resolved; no exact inventory identity for locality,
0309200,missing_local_admin_identity,ချင်းပြည်နယ်,Chin State,ပလက်ဝ မြို့နယ်,Paletwa Township,ကင်ဝ ကျေးရွာအုပ်စု,Kin Wa Village Tract,village_tract,6941,,no_exact_or_fuzzy,missing_local_after_rebind,0,1,1,"Township 6941 resolved, but no exact approved ward/village-tract identity matched; will not invent admin from postal text",,missing_local_admin_identity,township resolved; no exact inventory identity for locality,
0309257,missing_local_admin_identity,ချင်းပြည်နယ်,Chin State,ပလက်ဝ မြို့နယ်,Paletwa Township,ဆမီး ကျေးရွာအုပ်စု,Sa Mee Village Tract,village_tract,6941,,no_exact_or_fuzzy,missing_local_after_rebind,0,1,1,"Township 6941 resolved, but no exact approved ward/village-tract identity matched; will not invent admin from postal text",,missing_local_admin_identity,township resolved; no exact inventory identity for locality,
0360001,non_admin_postal_locality,ချင်းပြည်နယ်,Chin State,ဆူရ်ခွား မြို့,Surkhua Town,ဆိုင်လိုသာရ် ရပ်ကွက်,Hseng Lo Tar Quarter,ward,,,township_unresolved,non_admin_unresolved_township_name,0,1,1,Could not resolve approved CoreMap township from postal region/township names; local match skipped (township must resolve first),,non_admin_postal_locality,township name unresolved as CoreMap township; locality treated as non-admin postal place/town,
0360002,non_admin_postal_locality,ချင်းပြည်နယ်,Chin State,ဆူရ်ခွား မြို့,Surkhua Town,ဆလုံပူး ရပ်ကွက်,Sa Lung Pu Quarter,ward,,,township_unresolved,non_admin_unresolved_township_name,0,1,1,Could not resolve approved CoreMap township from postal region/township names; local match skipped (township must resolve first),,non_admin_postal_locality,township name unresolved as CoreMap township; locality treated as non-admin postal place/town,
0361001,non_admin_postal_locality,ချင်းပြည်နယ်,Chin State,နှာဟရိန် မြို့,Hnaring Town,အမှတ် (၁) ရပ်ကွက်,No (1) Quarter,ward,,,township_unresolved,non_admin_unresolved_township_name,0,1,1,Could not resolve approved CoreMap township from postal region/township names; local match skipped (township must resolve first),,non_admin_postal_locality,township name unresolved as CoreMap township; locality treated as non-admin postal place/town,
0361002,non_admin_postal_locality,ချင်းပြည်နယ်,Chin State,နှာဟရိန် မြို့,Hnaring Town,အမှတ် (၂) ရပ်ကွက်,No (2) Quarter,ward,,,township_unresolved,non_admin_unresolved_township_name,0,1,1,Could not resolve approved CoreMap township from postal region/township names; local match skipped (township must resolve first),,non_admin_postal_locality,township name unresolved as CoreMap township; locality treated as non-admin postal place/town,
0362001,non_admin_postal_locality,ချင်းပြည်နယ်,Chin State,ရိခေါ်ဒါရ် မြို့,Rihkhawdar Town,အမှတ် (၁) ရပ်ကွက်,No (1) Quarter,ward,,,township_unresolved,non_admin_unresolved_township_name,0,1,1,Could not resolve approved CoreMap township from postal region/township names; local match skipped (township must resolve first),,non_admin_postal_locality,township name unresolved as CoreMap township; locality treated as non-admin postal place/town,
0362002,non_admin_postal_locality,ချင်းပြည်နယ်,Chin State,ရိခေါ်ဒါရ် မြို့,Rihkhawdar Town,အမှတ် (၂) ရပ်ကွက်,No (2) Quarter,ward,,,township_unresolved,non_admin_unresolved_township_name,0,1,1,Could not resolve approved CoreMap township from postal region/township names; local match skipped (township must resolve first),,non_admin_postal_locality,township name unresolved as CoreMap township; locality treated as non-admin postal place/town,
0363001,non_admin_postal_locality,ချင်းပြည်နယ်,Chin State,ဝေဘူလ မြို့,Webula Town,မြို့မ ရပ်ကွက်,Myo Ma Quarter,ward,,,township_unresolved,non_admin_unresolved_township_name,0,1,1,Could not resolve approved CoreMap township from postal region/township names; local match skipped (township must resolve first),,non_admin_postal_locality,township name unresolved as CoreMap township; locality treated as non-admin postal place/town,
0363002,non_admin_postal_locality,ချင်းပြည်နယ်,Chin State,ဝေဘူလ မြို့,Webula Town,ကျန်ဘာရီ ရပ်ကွက်,Kyan Bar Yi Quarter,ward,,,township_unresolved,non_admin_unresolved_township_name,0,1,1,Could not resolve approved CoreMap township from postal region/township names; local match skipped (township must resolve first),,non_admin_postal_locality,township name unresolved as CoreMap township; locality treated as non-admin postal place/town,
0363003,non_admin_postal_locality,ချင်းပြည်နယ်,Chin State,ဝေဘူလ မြို့,Webula Town,လုံးသပ် ရပ်ကွက်,Lone That Quarter,ward,,,township_unresolved,non_admin_unresolved_township_name,0,1,1,Could not resolve approved CoreMap township from postal region/township names; local match skipped (township must resolve first),,non_admin_postal_locality,township name unresolved as CoreMap township; locality treated as non-admin postal place/town,
0363004,non_admin_postal_locality,ချင်းပြည်နယ်,Chin State,ဝေဘူလ မြို့,Webula Town,မွာလ်ဇောလ် ရပ်ကွက်,Mualzawl Quarter,ward,,,township_unresolved,non_admin_unresolved_township_name,0,1,1,Could not resolve approved CoreMap township from postal region/township names; local match skipped (township must resolve first),,non_admin_postal_locality,township name unresolved as CoreMap township; locality treated as non-admin postal place/town,
0364001,non_admin_postal_locality,ချင်းပြည်နယ်,Chin State,ခိုင်ကမ်း မြို့,Khaikam Town,အမှတ် (၁) ရပ်ကွက်,No (1) Quarter,ward,,,township_unresolved,non_admin_unresolved_township_name,0,1,1,Could not resolve approved CoreMap township from postal region/township names; local match skipped (township must resolve first),,non_admin_postal_locality,township name unresolved as CoreMap township; locality treated as non-admin postal place/town,
0364002,non_admin_postal_locality,ချင်းပြည်နယ်,Chin State,ခိုင်ကမ်း မြို့,Khaikam Town,အမှတ် (၂) ရပ်ကွက်,No (2) Quarter,ward,,,township_unresolved,non_admin_unresolved_township_name,0,1,1,Could not resolve approved CoreMap township from postal region/township names; local match skipped (township must resolve first),,non_admin_postal_locality,township name unresolved as CoreMap township; locality treated as non-admin postal place/town,
0364003,non_admin_postal_locality,ချင်းပြည်နယ်,Chin State,ခိုင်ကမ်း မြို့,Khaikam Town,အမှတ် (၃) ရပ်ကွက်,No (3) Quarter,ward,,,township_unresolved,non_admin_unresolved_township_name,0,1,1,Could not resolve approved CoreMap township from postal region/township names; local match skipped (township must resolve first),,non_admin_postal_locality,township name unresolved as CoreMap township; locality treated as non-admin postal place/town,
0364004,non_admin_postal_locality,ချင်းပြည်နယ်,Chin State,ခိုင်ကမ်း မြို့,Khaikam Town,အမှတ် (၄) ရပ်ကွက်,No (4) Quarter,ward,,,township_unresolved,non_admin_unresolved_township_name,0,1,1,Could not resolve approved CoreMap township from postal region/township names; local match skipped (township must resolve first),,non_admin_postal_locality,township name unresolved as CoreMap township; locality treated as non-admin postal place/town,
0365001,non_admin_postal_locality,ချင်းပြည်နယ်,Chin State,ကျီခါး မြို့,Cikha Town,အမှတ် (၁) ရပ်ကွက်,No (1) Quarter,ward,,,township_unresolved,non_admin_unresolved_township_name,0,1,1,Could not resolve approved CoreMap township from postal region/township names; local match skipped (township must resolve first),,non_admin_postal_locality,township name unresolved as CoreMap township; locality treated as non-admin postal place/town,
0365002,non_admin_postal_locality,ချင်းပြည်နယ်,Chin State,ကျီခါး မြို့,Cikha Town,အမှတ် (၂) ရပ်ကွက်,No (2) Quarter,ward,,,township_unresolved,non_admin_unresolved_township_name,0,1,1,Could not resolve approved CoreMap township from postal region/township names; local match skipped (township must resolve first),,non_admin_postal_locality,township name unresolved as CoreMap township; locality treated as non-admin postal place/town,
0366001,non_admin_postal_locality,ချင်းပြည်နယ်,Chin State,ရေဇွာ မြို့,Rezua Town,မြို့မ ရပ်ကွက်,Myo Ma Quarter,ward,,,township_unresolved,non_admin_unresolved_township_name,0,1,1,Could not resolve approved CoreMap township from postal region/township names; local match skipped (township must resolve first),,non_admin_postal_locality,township name unresolved as CoreMap township; locality treated as non-admin postal place/town,
0366002,non_admin_postal_locality,ချင်းပြည်နယ်,Chin State,ရေဇွာ မြို့,Rezua Town,အင်ရော ရပ်ကွက်,In Yaw Quarter,ward,,,township_unresolved,non_admin_unresolved_township_name,0,1,1,Could not resolve approved CoreMap township from postal region/township names; local match skipped (township must resolve first),,non_admin_postal_locality,township name unresolved as CoreMap township; locality treated as non-admin postal place/town,
0366003,non_admin_postal_locality,ချင်းပြည်နယ်,Chin State,ရေဇွာ မြို့,Rezua Town,မွာပီး ရပ်ကွက်,Mual Pi Quarter,ward,,,township_unresolved,non_admin_unresolved_township_name,0,1,1,Could not resolve approved CoreMap township from postal region/township names; local match skipped (township must resolve first),,non_admin_postal_locality,township name unresolved as CoreMap township; locality treated as non-admin postal place/town,
0366004,non_admin_postal_locality,ချင်းပြည်နယ်,Chin State,ရေဇွာ မြို့,Rezua Town,လောင်းရဲ ရပ်ကွက်,Laung Ye Quarter,ward,,,township_unresolved,non_admin_unresolved_township_name,0,1,1,Could not resolve approved CoreMap township from postal region/township names; local match skipped (township must resolve first),,non_admin_postal_locality,township name unresolved as CoreMap township; locality treated as non-admin postal place/town,
0367001,non_admin_postal_locality,ချင်းပြည်နယ်,Chin State,လိုင်လင်းပီ မြို့,Lalengpi Town,အမှတ် (၁) ရပ်ကွက်,No (1) Quarter,ward,,,township_unresolved,non_admin_unresolved_township_name,0,1,1,Could not resolve approved CoreMap township from postal region/township names; local match skipped (township must resolve first),,non_admin_postal_locality,township name unresolved as CoreMap township; locality treated as non-admin postal place/town,
0367002,non_admin_postal_locality,ချင်းပြည်နယ်,Chin State,လိုင်လင်းပီ မြို့,Lalengpi Town,အမှတ် (၂) ရပ်ကွက်,No (2) Quarter,ward,,,township_unresolved,non_admin_unresolved_township_name,0,1,1,Could not resolve approved CoreMap township from postal region/township names; local match skipped (township must resolve first),,non_admin_postal_locality,township name unresolved as CoreMap township; locality treated as non-admin postal place/town,
0368001,non_admin_postal_locality,ချင်းပြည်နယ်,Chin State,မကွီအိမ်နူး မြို့,M'kuiimnu Town,မကွီအိမ်နူး ရပ်ကွက်,M'kuiimnu Quarter,ward,,,township_unresolved,non_admin_unresolved_township_name,0,1,1,Could not resolve approved CoreMap township from postal region/township names; local match skipped (township must resolve first),,non_admin_postal_locality,township name unresolved as CoreMap township; locality treated as non-admin postal place/town,
0368002,non_admin_postal_locality,ချင်းပြည်နယ်,Chin State,မကွီအိမ်နူး မြို့,M'kuiimnu Town,ကြုံလောင်း ရပ်ကွက်,Kyon Laung Quarter,ward,,,township_unresolved,non_admin_unresolved_township_name,0,1,1,Could not resolve approved CoreMap township from postal region/township names; local match skipped (township must resolve first),,non_admin_postal_locality,township name unresolved as CoreMap township; locality treated as non-admin postal place/town,
0368003,non_admin_postal_locality,ချင်းပြည်နယ်,Chin State,မကွီအိမ်နူး မြို့,M'kuiimnu Town,ထိန်ပြုံး ရပ်ကွက်,Htein Pyone Quarter,ward,,,township_unresolved,non_admin_unresolved_township_name,0,1,1,Could not resolve approved CoreMap township from postal region/township names; local match skipped (township must resolve first),,non_admin_postal_locality,township name unresolved as CoreMap township; locality treated as non-admin postal place/town,
0368004,non_admin_postal_locality,ချင်းပြည်နယ်,Chin State,မကွီအိမ်နူး မြို့,M'kuiimnu Town,ဗွီနူး ရပ်ကွက်,Vi Nu Quarter,ward,,,township_unresolved,non_admin_unresolved_township_name,0,1,1,Could not resolve approved CoreMap township from postal region/township names; local match skipped (township must resolve first),,non_admin_postal_locality,township name unresolved as CoreMap township; locality treated as non-admin postal place/town,
0369001,non_admin_postal_locality,ချင်းပြည်နယ်,Chin State,ကျင်ဒွေး မြို့,Kyin Dway Town,ကျင်ဒွေး ရပ်ကွက်,Kyin Dway Quarter,ward,,,township_unresolved,non_admin_unresolved_township_name,0,1,1,Could not resolve approved CoreMap township from postal region/township names; local match skipped (township must resolve first),,non_admin_postal_locality,township name unresolved as CoreMap township; locality treated as non-admin postal place/town,
0369002,non_admin_postal_locality,ချင်းပြည်နယ်,Chin State,ကျင်ဒွေး မြို့,Kyin Dway Town,ဟုတ်ပုံကျင်း ရပ်ကွက်,Hoke Pon Kyin Quarter,ward,,,township_unresolved,non_admin_unresolved_township_name,0,1,1,Could not resolve approved CoreMap township from postal region/township names; local match skipped (township must resolve first),,non_admin_postal_locality,township name unresolved as CoreMap township; locality treated as non-admin postal place/town,
0369003,non_admin_postal_locality,ချင်းပြည်နယ်,Chin State,ကျင်ဒွေး မြို့,Kyin Dway Town,ဖုံးတွီကျင်း ရပ်ကွက်,Hpone Twi Kyin Quarter,ward,,,township_unresolved,non_admin_unresolved_township_name,0,1,1,Could not resolve approved CoreMap township from postal region/township names; local match skipped (township must resolve first),,non_admin_postal_locality,township name unresolved as CoreMap township; locality treated as non-admin postal place/town,
0369004,non_admin_postal_locality,ချင်းပြည်နယ်,Chin State,ကျင်ဒွေး မြို့,Kyin Dway Town,ထန်းကုန်း ရပ်ကွက်,Htan Kone Quarter,ward,,,township_unresolved,non_admin_unresolved_township_name,0,1,1,Could not resolve approved CoreMap township from postal region/township names; local match skipped (township must resolve first),,non_admin_postal_locality,township name unresolved as CoreMap township; locality treated as non-admin postal place/town,
0370001,non_admin_postal_locality,ချင်းပြည်နယ်,Chin State,ဆမီး မြို့,Samee Town,အမှတ် (၁) ရပ်ကွက်,No (1) Quarter,ward,,,township_unresolved,non_admin_unresolved_township_name,0,1,1,Could not resolve approved CoreMap township from postal region/township names; local match skipped (township must resolve first),,non_admin_postal_locality,township name unresolved as CoreMap township; locality treated as non-admin postal place/town,
0370002,non_admin_postal_locality,ချင်းပြည်နယ်,Chin State,ဆမီး မြို့,Samee Town,အမှတ် (၂) ရပ်ကွက်,No (2) Quarter,ward,,,township_unresolved,non_admin_unresolved_township_name,0,1,1,Could not resolve approved CoreMap township from postal region/township names; local match skipped (township must resolve first),,non_admin_postal_locality,township name unresolved as CoreMap township; locality treated as non-admin postal place/town,
0370003,non_admin_postal_locality,ချင်းပြည်နယ်,Chin State,ဆမီး မြို့,Samee Town,အမှတ် (၃) ရပ်ကွက်,No (3) Quarter,ward,,,township_unresolved,non_admin_unresolved_township_name,0,1,1,Could not resolve approved CoreMap township from postal region/township names; local match skipped (township must resolve first),,non_admin_postal_locality,township name unresolved as CoreMap township; locality treated as non-admin postal place/town,
0401009,missing_local_admin_identity,မကွေးတိုင်းဒေသကြီး,Magway Region,မကွေး မြို့နယ်,Magway Township,မင်းကံကြီး ရပ်ကွက်,Min Kan Gyi Quarter,ward,7072,,no_exact_or_fuzzy,missing_local_after_rebind,0,1,1,"Township 7072 resolved, but no exact approved ward/village-tract identity matched; will not invent admin from postal text",,missing_local_admin_identity,township resolved; no exact inventory identity for locality,
0402001,missing_local_admin_identity,မကွေးတိုင်းဒေသကြီး,Magway Region,မင်းဘူး မြို့နယ်,Minbu Township,အမှတ် (၁) ရပ်ကွက်,No (1) Quarter,ward,7018,,no_exact_or_fuzzy,missing_local_after_rebind,0,1,1,"Township 7018 resolved, but no exact approved ward/village-tract identity matched; will not invent admin from postal text",,missing_local_admin_identity,township resolved; no exact inventory identity for locality,
0402002,missing_local_admin_identity,မကွေးတိုင်းဒေသကြီး,Magway Region,မင်းဘူး မြို့နယ်,Minbu Township,အမှတ် (၂) ရပ်ကွက်,No (2) Quarter,ward,7018,,no_exact_or_fuzzy,missing_local_after_rebind,0,1,1,"Township 7018 resolved, but no exact approved ward/village-tract identity matched; will not invent admin from postal text",,missing_local_admin_identity,township resolved; no exact inventory identity for locality,
0402003,missing_local_admin_identity,မကွေးတိုင်းဒေသကြီး,Magway Region,မင်းဘူး မြို့နယ်,Minbu Township,အမှတ် (၃) ရပ်ကွက်,No (3) Quarter,ward,7018,,no_exact_or_fuzzy,missing_local_after_rebind,0,1,1,"Township 7018 resolved, but no exact approved ward/village-tract identity matched; will not invent admin from postal text",,missing_local_admin_identity,township resolved; no exact inventory identity for locality,
0402004,missing_local_admin_identity,မကွေးတိုင်းဒေသကြီး,Magway Region,မင်းဘူး မြို့နယ်,Minbu Township,အမှတ် (၄) ရပ်ကွက်,No (4) Quarter,ward,7018,,no_exact_or_fuzzy,missing_local_after_rebind,0,1,1,"Township 7018 resolved, but no exact approved ward/village-tract identity matched; will not invent admin from postal text",,missing_local_admin_identity,township resolved; no exact inventory identity for locality,
0404007,missing_local_admin_identity,မကွေးတိုင်းဒေသကြီး,Magway Region,စလင်း မြို့နယ်,Salin Township,မြေမိကုန်း ရပ်ကွက်,Myay Mi Kone Quarter,ward,7033,,no_exact_or_fuzzy,missing_local_after_rebind,0,1,1,"Township 7033 resolved, but no exact approved ward/village-tract identity matched; will not invent admin from postal text",,missing_local_admin_identity,township resolved; no exact inventory identity for locality,
0404008,missing_local_admin_identity,မကွေးတိုင်းဒေသကြီး,Magway Region,စလင်း မြို့နယ်,Salin Township,စာစီကျောင်း ရပ်ကွက်,Sar Si Kyaung Quarter,ward,7033,,no_exact_or_fuzzy,missing_local_after_rebind,0,1,1,"Township 7033 resolved, but no exact approved ward/village-tract identity matched; will not invent admin from postal text",,missing_local_admin_identity,township resolved; no exact inventory identity for locality,
0404222,missing_local_admin_identity,မကွေးတိုင်းဒေသကြီး,Magway Region,စလင်း မြို့နယ်,Salin Township,မြေမိကုန်း ကျေးရွာအုပ်စု,Myay Mi Kone Village Tract,village_tract,7033,,no_exact_or_fuzzy,missing_local_after_rebind,0,1,1,"Township 7033 resolved, but no exact approved ward/village-tract identity matched; will not invent admin from postal text",,missing_local_admin_identity,township resolved; no exact inventory identity for locality,
0404300,missing_local_admin_identity,မကွေးတိုင်းဒေသကြီး,Magway Region,စလင်း မြို့နယ်,Salin Township,ဆင်ဖြူကျွန်း (၁) ကျေးရွာအုပ်စု,Sin Hpyu Kyun (1) Village Tract,village_tract,7033,,no_exact_or_fuzzy,missing_local_after_rebind,0,1,1,"Township 7033 resolved, but no exact approved ward/village-tract identity matched; will not invent admin from postal text",,missing_local_admin_identity,township resolved; no exact inventory identity for locality,
0404301,missing_local_admin_identity,မကွေးတိုင်းဒေသကြီး,Magway Region,စလင်း မြို့နယ်,Salin Township,ဆင်ဖြူကျွန်း (၂) ကျေးရွာအုပ်စု,Sin Hpyu Kyun (2) Village Tract,village_tract,7033,,no_exact_or_fuzzy,missing_local_after_rebind,0,1,1,"Township 7033 resolved, but no exact approved ward/village-tract identity matched; will not invent admin from postal text",,missing_local_admin_identity,township resolved; no exact inventory identity for locality,
0409001,missing_local_admin_identity,မကွေးတိုင်းဒေသကြီး,Magway Region,သရက် မြို့နယ်,Thayet Township,အမှတ် (၁) ရပ်ကွက်,No (1) Quarter,ward,7127,,no_exact_or_fuzzy,missing_local_after_rebind,0,1,1,"Township 7127 resolved, but no exact approved ward/village-tract identity matched; will not invent admin from postal text",,missing_local_admin_identity,township resolved; no exact inventory identity for locality,
0409002,missing_local_admin_identity,မကွေးတိုင်းဒေသကြီး,Magway Region,သရက် မြို့နယ်,Thayet Township,အမှတ် (၂) ရပ်ကွက်,No (2) Quarter,ward,7127,,no_exact_or_fuzzy,missing_local_after_rebind,0,1,1,"Township 7127 resolved, but no exact approved ward/village-tract identity matched; will not invent admin from postal text",,missing_local_admin_identity,township resolved; no exact inventory identity for locality,
0409003,missing_local_admin_identity,မကွေးတိုင်းဒေသကြီး,Magway Region,သရက် မြို့နယ်,Thayet Township,အမှတ် (၃) ရပ်ကွက်,No (3) Quarter,ward,7127,,no_exact_or_fuzzy,missing_local_after_rebind,0,1,1,"Township 7127 resolved, but no exact approved ward/village-tract identity matched; will not invent admin from postal text",,missing_local_admin_identity,township resolved; no exact inventory identity for locality,
0409004,missing_local_admin_identity,မကွေးတိုင်းဒေသကြီး,Magway Region,သရက် မြို့နယ်,Thayet Township,အမှတ် (၄) ရပ်ကွက်,No (4) Quarter,ward,7127,,no_exact_or_fuzzy,missing_local_after_rebind,0,1,1,"Township 7127 resolved, but no exact approved ward/village-tract identity matched; will not invent admin from postal text",,missing_local_admin_identity,township resolved; no exact inventory identity for locality,
0409005,missing_local_admin_identity,မကွေးတိုင်းဒေသကြီး,Magway Region,သရက် မြို့နယ်,Thayet Township,အမှတ် (၅) ရပ်ကွက်,No (5) Quarter,ward,7127,,no_exact_or_fuzzy,missing_local_after_rebind,0,1,1,"Township 7127 resolved, but no exact approved ward/village-tract identity matched; will not invent admin from postal text",,missing_local_admin_identity,township resolved; no exact inventory identity for locality,
0409006,missing_local_admin_identity,မကွေးတိုင်းဒေသကြီး,Magway Region,သရက် မြို့နယ်,Thayet Township,အမှတ် (၆) ရပ်ကွက်,No (6) Quarter,ward,7127,,no_exact_or_fuzzy,missing_local_after_rebind,0,1,1,"Township 7127 resolved, but no exact approved ward/village-tract identity matched; will not invent admin from postal text",,missing_local_admin_identity,township resolved; no exact inventory identity for locality,
0409007,missing_local_admin_identity,မကွေးတိုင်းဒေသကြီး,Magway Region,သရက် မြို့နယ်,Thayet Township,အမှတ် (၇) ရပ်ကွက်,No (7) Quarter,ward,7127,,no_exact_or_fuzzy,missing_local_after_rebind,0,1,1,"Township 7127 resolved, but no exact approved ward/village-tract identity matched; will not invent admin from postal text",,missing_local_admin_identity,township resolved; no exact inventory identity for locality,
0409008,missing_local_admin_identity,မကွေးတိုင်းဒေသကြီး,Magway Region,သရက် မြို့နယ်,Thayet Township,အမှတ် (၈) ရပ်ကွက်,No (8) Quarter,ward,7127,,no_exact_or_fuzzy,missing_local_after_rebind,0,1,1,"Township 7127 resolved, but no exact approved ward/village-tract identity matched; will not invent admin from postal text",,missing_local_admin_identity,township resolved; no exact inventory identity for locality,
0416001,missing_local_admin_identity,မကွေးတိုင်းဒေသကြီး,Magway Region,ရေနံချောင်း မြို့နယ်,Yenangyaung Township,မြို့မမြောက် ရပ်ကွက်,Myo Ma (North) Quarter,ward,7028,,no_exact_or_fuzzy,missing_local_after_rebind,0,1,1,"Township 7028 resolved, but no exact approved ward/village-tract identity matched; will not invent admin from postal text",,missing_local_admin_identity,township resolved; no exact inventory identity for locality,
0416002,missing_local_admin_identity,မကွေးတိုင်းဒေသကြီး,Magway Region,ရေနံချောင်း မြို့နယ်,Yenangyaung Township,မြို့မတောင် ရပ်ကွက်,Myo Ma (South) Quarter,ward,7028,,no_exact_or_fuzzy,missing_local_after_rebind,0,1,1,"Township 7028 resolved, but no exact approved ward/village-tract identity matched; will not invent admin from postal text",,missing_local_admin_identity,township resolved; no exact inventory identity for locality,
0416003,missing_local_admin_identity,မကွေးတိုင်းဒေသကြီး,Magway Region,ရေနံချောင်း မြို့နယ်,Yenangyaung Township,အိုးဘို ရပ်ကွက်,Oe Bo Quarter,ward,7028,,no_exact_or_fuzzy,missing_local_after_rebind,0,1,1,"Township 7028 resolved, but no exact approved ward/village-tract identity matched; will not invent admin from postal text",,missing_local_admin_identity,township resolved; no exact inventory identity for locality,
0416004,missing_local_admin_identity,မကွေးတိုင်းဒေသကြီး,Magway Region,ရေနံချောင်း မြို့နယ်,Yenangyaung Township,ဆုံတိုက် ရပ်ကွက်,Son Taik Quarter,ward,7028,,no_exact_or_fuzzy,missing_local_after_rebind,0,1,1,"Township 7028 resolved, but no exact approved ward/village-tract identity matched; will not invent admin from postal text",,missing_local_admin_identity,township resolved; no exact inventory identity for locality,
0416005,missing_local_admin_identity,မကွေးတိုင်းဒေသကြီး,Magway Region,ရေနံချောင်း မြို့နယ်,Yenangyaung Township,ရွှေကြာငုံ ရပ်ကွက်,Shwe Kyar Ngon Quarter,ward,7028,,no_exact_or_fuzzy,missing_local_after_rebind,0,1,1,"Township 7028 resolved, but no exact approved ward/village-tract identity matched; will not invent admin from postal text",,missing_local_admin_identity,township resolved; no exact inventory identity for locality,
0416006,missing_local_admin_identity,မကွေးတိုင်းဒေသကြီး,Magway Region,ရေနံချောင်း မြို့နယ်,Yenangyaung Township,ရွာသစ် ရပ်ကွက်,Ywar Thit Quarter,ward,7028,,no_exact_or_fuzzy,missing_local_after_rebind,0,1,1,"Township 7028 resolved, but no exact approved ward/village-tract identity matched; will not invent admin from postal text",,missing_local_admin_identity,township resolved; no exact inventory identity for locality,
0416007,missing_local_admin_identity,မကွေးတိုင်းဒေသကြီး,Magway Region,ရေနံချောင်း မြို့နယ်,Yenangyaung Township,တွင်းကုန်း ရပ်ကွက်,Twin Kone Quarter,ward,7028,,no_exact_or_fuzzy,missing_local_after_rebind,0,1,1,"Township 7028 resolved, but no exact approved ward/village-tract identity matched; will not invent admin from postal text",,missing_local_admin_identity,township resolved; no exact inventory identity for locality,
0416008,missing_local_admin_identity,မကွေးတိုင်းဒေသကြီး,Magway Region,ရေနံချောင်း မြို့နယ်,Yenangyaung Township,သူဌေးကုန်း ရပ်ကွက်,Thu Htay Kone Quarter,ward,7028,,no_exact_or_fuzzy,missing_local_after_rebind,0,1,1,"Township 7028 resolved, but no exact approved ward/village-tract identity matched; will not invent admin from postal text",,missing_local_admin_identity,township resolved; no exact inventory identity for locality,
0416009,missing_local_admin_identity,မကွေးတိုင်းဒေသကြီး,Magway Region,ရေနံချောင်း မြို့နယ်,Yenangyaung Township,မြေနီခင်မြောက် ရပ်ကွက်,Myay Ni Khin (North) Quarter,ward,7028,,no_exact_or_fuzzy,missing_local_after_rebind,0,1,1,"Township 7028 resolved, but no exact approved ward/village-tract identity matched; will not invent admin from postal text",,missing_local_admin_identity,township resolved; no exact inventory identity for locality,
0416010,missing_local_admin_identity,မကွေးတိုင်းဒေသကြီး,Magway Region,ရေနံချောင်း မြို့နယ်,Yenangyaung Township,မြေနီခင်တောင် ရပ်ကွက်,Myay Ni Khin (South) Quarter,ward,7028,,no_exact_or_fuzzy,missing_local_after_rebind,0,1,1,"Township 7028 resolved, but no exact approved ward/village-tract identity matched; will not invent admin from postal text",,missing_local_admin_identity,township resolved; no exact inventory identity for locality,
0416011,missing_local_admin_identity,မကွေးတိုင်းဒေသကြီး,Magway Region,ရေနံချောင်း မြို့နယ်,Yenangyaung Township,ဘေးမဲ့ ရပ်ကွက်,Bay Mei Quarter,ward,7028,,no_exact_or_fuzzy,missing_local_after_rebind,0,1,1,"Township 7028 resolved, but no exact approved ward/village-tract identity matched; will not invent admin from postal text",,missing_local_admin_identity,township resolved; no exact inventory identity for locality,
0416012,missing_local_admin_identity,မကွေးတိုင်းဒေသကြီး,Magway Region,ရေနံချောင်း မြို့နယ်,Yenangyaung Township,သစ်တပွေ ရပ်ကွက်,Thit Ta Pway Quarter,ward,7028,,no_exact_or_fuzzy,missing_local_after_rebind,0,1,1,"Township 7028 resolved, but no exact approved ward/village-tract identity matched; will not invent admin from postal text",,missing_local_admin_identity,township resolved; no exact inventory identity for locality,
0416013,missing_local_admin_identity,မကွေးတိုင်းဒေသကြီး,Magway Region,ရေနံချောင်း မြို့နယ်,Yenangyaung Township,ညောင်လှ ရပ်ကွက်,Nyaung Hla Quarter,ward,7028,,no_exact_or_fuzzy,missing_local_after_rebind,0,1,1,"Township 7028 resolved, but no exact approved ward/village-tract identity matched; will not invent admin from postal text",,missing_local_admin_identity,township resolved; no exact inventory identity for locality,
0416014,missing_local_admin_identity,မကွေးတိုင်းဒေသကြီး,Magway Region,ရေနံချောင်း မြို့နယ်,Yenangyaung Township,ဘိုကုန်း ရပ်ကွက်,Bo Kone Quarter,ward,7028,,no_exact_or_fuzzy,missing_local_after_rebind,0,1,1,"Township 7028 resolved, but no exact approved ward/village-tract identity matched; will not invent admin from postal text",,missing_local_admin_identity,township resolved; no exact inventory identity for locality,
0417001,missing_local_admin_identity,မကွေးတိုင်းဒေသကြီး,Magway Region,ချောက် မြို့နယ်,Chauk Township,အမှတ် (၁) ရပ်ကွက်,No (1) Quarter,ward,7031,,no_exact_or_fuzzy,missing_local_after_rebind,0,1,1,"Township 7031 resolved, but no exact approved ward/village-tract identity matched; will not invent admin from postal text",,missing_local_admin_identity,township resolved; no exact inventory identity for locality,
0417002,missing_local_admin_identity,မကွေးတိုင်းဒေသကြီး,Magway Region,ချောက် မြို့နယ်,Chauk Township,အမှတ် (၂) ရပ်ကွက်,No (2) Quarter,ward,7031,,no_exact_or_fuzzy,missing_local_after_rebind,0,1,1,"Township 7031 resolved, but no exact approved ward/village-tract identity matched; will not invent admin from postal text",,missing_local_admin_identity,township resolved; no exact inventory identity for locality,
0417003,missing_local_admin_identity,မကွေးတိုင်းဒေသကြီး,Magway Region,ချောက် မြို့နယ်,Chauk Township,အမှတ် (၃) ရပ်ကွက်,No (3) Quarter,ward,7031,,no_exact_or_fuzzy,missing_local_after_rebind,0,1,1,"Township 7031 resolved, but no exact approved ward/village-tract identity matched; will not invent admin from postal text",,missing_local_admin_identity,township resolved; no exact inventory identity for locality,
0417004,missing_local_admin_identity,မကွေးတိုင်းဒေသကြီး,Magway Region,ချောက် မြို့နယ်,Chauk Township,အမှတ် (၄) ရပ်ကွက်,No (4) Quarter,ward,7031,,no_exact_or_fuzzy,missing_local_after_rebind,0,1,1,"Township 7031 resolved, but no exact approved ward/village-tract identity matched; will not invent admin from postal text",,missing_local_admin_identity,township resolved; no exact inventory identity for locality,
0417005,missing_local_admin_identity,မကွေးတိုင်းဒေသကြီး,Magway Region,ချောက် မြို့နယ်,Chauk Township,အမှတ် (၅) ရပ်ကွက်,No (5) Quarter,ward,7031,,no_exact_or_fuzzy,missing_local_after_rebind,0,1,1,"Township 7031 resolved, but no exact approved ward/village-tract identity matched; will not invent admin from postal text",,missing_local_admin_identity,township resolved; no exact inventory identity for locality,
0417006,missing_local_admin_identity,မကွေးတိုင်းဒေသကြီး,Magway Region,ချောက် မြို့နယ်,Chauk Township,အမှတ် (၆) ရပ်ကွက်,No (6) Quarter,ward,7031,,no_exact_or_fuzzy,missing_local_after_rebind,0,1,1,"Township 7031 resolved, but no exact approved ward/village-tract identity matched; will not invent admin from postal text",,missing_local_admin_identity,township resolved; no exact inventory identity for locality,
0417007,missing_local_admin_identity,မကွေးတိုင်းဒေသကြီး,Magway Region,ချောက် မြို့နယ်,Chauk Township,အမှတ် (၇) ရပ်ကွက်,No (7) Quarter,ward,7031,,no_exact_or_fuzzy,missing_local_after_rebind,0,1,1,"Township 7031 resolved, but no exact approved ward/village-tract identity matched; will not invent admin from postal text",,missing_local_admin_identity,township resolved; no exact inventory identity for locality,
0417008,missing_local_admin_identity,မကွေးတိုင်းဒေသကြီး,Magway Region,ချောက် မြို့နယ်,Chauk Township,အမှတ် (၈) ရပ်ကွက်,No (8) Quarter,ward,7031,,no_exact_or_fuzzy,missing_local_after_rebind,0,1,1,"Township 7031 resolved, but no exact approved ward/village-tract identity matched; will not invent admin from postal text",,missing_local_admin_identity,township resolved; no exact inventory identity for locality,
0417009,missing_local_admin_identity,မကွေးတိုင်းဒေသကြီး,Magway Region,ချောက် မြို့နယ်,Chauk Township,အမှတ် (၉) ရပ်ကွက်,No (9) Quarter,ward,7031,,no_exact_or_fuzzy,missing_local_after_rebind,0,1,1,"Township 7031 resolved, but no exact approved ward/village-tract identity matched; will not invent admin from postal text",,missing_local_admin_identity,township resolved; no exact inventory identity for locality,
0417010,missing_local_admin_identity,မကွေးတိုင်းဒေသကြီး,Magway Region,ချောက် မြို့နယ်,Chauk Township,အမှတ် (၁၀) ရပ်ကွက်,No (10) Quarter,ward,7031,,no_exact_or_fuzzy,missing_local_after_rebind,0,1,1,"Township 7031 resolved, but no exact approved ward/village-tract identity matched; will not invent admin from postal text",,missing_local_admin_identity,township resolved; no exact inventory identity for locality,
0417011,missing_local_admin_identity,မကွေးတိုင်းဒေသကြီး,Magway Region,ချောက် မြို့နယ်,Chauk Township,အမှတ် (၁၁) ရပ်ကွက်,No (11) Quarter,ward,7031,,no_exact_or_fuzzy,missing_local_after_rebind,0,1,1,"Township 7031 resolved, but no exact approved ward/village-tract identity matched; will not invent admin from postal text",,missing_local_admin_identity,township resolved; no exact inventory identity for locality,
0417012,missing_local_admin_identity,မကွေးတိုင်းဒေသကြီး,Magway Region,ချောက် မြို့နယ်,Chauk Township,အမှတ် (၁၂) ရပ်ကွက်,No (12) Quarter,ward,7031,,no_exact_or_fuzzy,missing_local_after_rebind,0,1,1,"Township 7031 resolved, but no exact approved ward/village-tract identity matched; will not invent admin from postal text",,missing_local_admin_identity,township resolved; no exact inventory identity for locality,
0417013,missing_local_admin_identity,မကွေးတိုင်းဒေသကြီး,Magway Region,ချောက် မြို့နယ်,Chauk Township,အမှတ် (၁၃) ရပ်ကွက်,No (13) Quarter,ward,7031,,no_exact_or_fuzzy,missing_local_after_rebind,0,1,1,"Township 7031 resolved, but no exact approved ward/village-tract identity matched; will not invent admin from postal text",,missing_local_admin_identity,township resolved; no exact inventory identity for locality,
0417014,missing_local_admin_identity,မကွေးတိုင်းဒေသကြီး,Magway Region,ချောက် မြို့နယ်,Chauk Township,အမှတ် (၁၄) ရပ်ကွက်,No (14) Quarter,ward,7031,,no_exact_or_fuzzy,missing_local_after_rebind,0,1,1,"Township 7031 resolved, but no exact approved ward/village-tract identity matched; will not invent admin from postal text",,missing_local_admin_identity,township resolved; no exact inventory identity for locality,
0417015,missing_local_admin_identity,မကွေးတိုင်းဒေသကြီး,Magway Region,ချောက် မြို့နယ်,Chauk Township,အမှတ် (၁၅) ရပ်ကွက်,No (15) Quarter,ward,7031,,no_exact_or_fuzzy,missing_local_after_rebind,0,1,1,"Township 7031 resolved, but no exact approved ward/village-tract identity matched; will not invent admin from postal text",,missing_local_admin_identity,township resolved; no exact inventory identity for locality,
0420001,missing_local_admin_identity,မကွေးတိုင်းဒေသကြီး,Magway Region,ပခုက္ကူ မြို့နယ်,Pakokku Township,အမှတ် (၁) ရပ်ကွက်,No (1) Quarter,ward,6914,,no_exact_or_fuzzy,missing_local_after_rebind,0,1,1,"Township 6914 resolved, but no exact approved ward/village-tract identity matched; will not invent admin from postal text",,missing_local_admin_identity,township resolved; no exact inventory identity for locality,
0420002,missing_local_admin_identity,မကွေးတိုင်းဒေသကြီး,Magway Region,ပခုက္ကူ မြို့နယ်,Pakokku Township,အမှတ် (၂) ရပ်ကွက်,No (2) Quarter,ward,6914,,no_exact_or_fuzzy,missing_local_after_rebind,0,1,1,"Township 6914 resolved, but no exact approved ward/village-tract identity matched; will not invent admin from postal text",,missing_local_admin_identity,township resolved; no exact inventory identity for locality,
0420003,missing_local_admin_identity,မကွေးတိုင်းဒေသကြီး,Magway Region,ပခုက္ကူ မြို့နယ်,Pakokku Township,အမှတ် (၃) ရပ်ကွက်,No (3) Quarter,ward,6914,,no_exact_or_fuzzy,missing_local_after_rebind,0,1,1,"Township 6914 resolved, but no exact approved ward/village-tract identity matched; will not invent admin from postal text",,missing_local_admin_identity,township resolved; no exact inventory identity for locality,
0420004,missing_local_admin_identity,မကွေးတိုင်းဒေသကြီး,Magway Region,ပခုက္ကူ မြို့နယ်,Pakokku Township,အမှတ် (၄) ရပ်ကွက်,No (4) Quarter,ward,6914,,no_exact_or_fuzzy,missing_local_after_rebind,0,1,1,"Township 6914 resolved, but no exact approved ward/village-tract identity matched; will not invent admin from postal text",,missing_local_admin_identity,township resolved; no exact inventory identity for locality,
0420005,missing_local_admin_identity,မကွေးတိုင်းဒေသကြီး,Magway Region,ပခုက္ကူ မြို့နယ်,Pakokku Township,အမှတ် (၅) ရပ်ကွက်,No (5) Quarter,ward,6914,,no_exact_or_fuzzy,missing_local_after_rebind,0,1,1,"Township 6914 resolved, but no exact approved ward/village-tract identity matched; will not invent admin from postal text",,missing_local_admin_identity,township resolved; no exact inventory identity for locality,
0420006,missing_local_admin_identity,မကွေးတိုင်းဒေသကြီး,Magway Region,ပခုက္ကူ မြို့နယ်,Pakokku Township,အမှတ် (၆) ရပ်ကွက်,No (6) Quarter,ward,6914,,no_exact_or_fuzzy,missing_local_after_rebind,0,1,1,"Township 6914 resolved, but no exact approved ward/village-tract identity matched; will not invent admin from postal text",,missing_local_admin_identity,township resolved; no exact inventory identity for locality,
0420007,missing_local_admin_identity,မကွေးတိုင်းဒေသကြီး,Magway Region,ပခုက္ကူ မြို့နယ်,Pakokku Township,အမှတ် (၇) ရပ်ကွက်,No (7) Quarter,ward,6914,,no_exact_or_fuzzy,missing_local_after_rebind,0,1,1,"Township 6914 resolved, but no exact approved ward/village-tract identity matched; will not invent admin from postal text",,missing_local_admin_identity,township resolved; no exact inventory identity for locality,
0420008,missing_local_admin_identity,မကွေးတိုင်းဒေသကြီး,Magway Region,ပခုက္ကူ မြို့နယ်,Pakokku Township,အမှတ် (၈) ရပ်ကွက်,No (8) Quarter,ward,6914,,no_exact_or_fuzzy,missing_local_after_rebind,0,1,1,"Township 6914 resolved, but no exact approved ward/village-tract identity matched; will not invent admin from postal text",,missing_local_admin_identity,township resolved; no exact inventory identity for locality,
0420009,missing_local_admin_identity,မကွေးတိုင်းဒေသကြီး,Magway Region,ပခုက္ကူ မြို့နယ်,Pakokku Township,အမှတ် (၉) ရပ်ကွက်,No (9) Quarter,ward,6914,,no_exact_or_fuzzy,missing_local_after_rebind,0,1,1,"Township 6914 resolved, but no exact approved ward/village-tract identity matched; will not invent admin from postal text",,missing_local_admin_identity,township resolved; no exact inventory identity for locality,
0420010,missing_local_admin_identity,မကွေးတိုင်းဒေသကြီး,Magway Region,ပခုက္ကူ မြို့နယ်,Pakokku Township,အမှတ် (၁၀) ရပ်ကွက်,No (10) Quarter,ward,6914,,no_exact_or_fuzzy,missing_local_after_rebind,0,1,1,"Township 6914 resolved, but no exact approved ward/village-tract identity matched; will not invent admin from postal text",,missing_local_admin_identity,township resolved; no exact inventory identity for locality,
0420011,missing_local_admin_identity,မကွေးတိုင်းဒေသကြီး,Magway Region,ပခုက္ကူ မြို့နယ်,Pakokku Township,အမှတ် (၁၁) ရပ်ကွက်,No (11) Quarter,ward,6914,,no_exact_or_fuzzy,missing_local_after_rebind,0,1,1,"Township 6914 resolved, but no exact approved ward/village-tract identity matched; will not invent admin from postal text",,missing_local_admin_identity,township resolved; no exact inventory identity for locality,
0420012,missing_local_admin_identity,မကွေးတိုင်းဒေသကြီး,Magway Region,ပခုက္ကူ မြို့နယ်,Pakokku Township,အမှတ် (၁၂) ရပ်ကွက်,No (12) Quarter,ward,6914,,no_exact_or_fuzzy,missing_local_after_rebind,0,1,1,"Township 6914 resolved, but no exact approved ward/village-tract identity matched; will not invent admin from postal text",,missing_local_admin_identity,township resolved; no exact inventory identity for locality,
0420013,missing_local_admin_identity,မကွေးတိုင်းဒေသကြီး,Magway Region,ပခုက္ကူ မြို့နယ်,Pakokku Township,အမှတ် (၁၃) ရပ်ကွက်,No (13) Quarter,ward,6914,,no_exact_or_fuzzy,missing_local_after_rebind,0,1,1,"Township 6914 resolved, but no exact approved ward/village-tract identity matched; will not invent admin from postal text",,missing_local_admin_identity,township resolved; no exact inventory identity for locality,
0420014,missing_local_admin_identity,မကွေးတိုင်းဒေသကြီး,Magway Region,ပခုက္ကူ မြို့နယ်,Pakokku Township,အမှတ် (၁၄) ရပ်ကွက်,No (14) Quarter,ward,6914,,no_exact_or_fuzzy,missing_local_after_rebind,0,1,1,"Township 6914 resolved, but no exact approved ward/village-tract identity matched; will not invent admin from postal text",,missing_local_admin_identity,township resolved; no exact inventory identity for locality,
0420015,missing_local_admin_identity,မကွေးတိုင်းဒေသကြီး,Magway Region,ပခုက္ကူ မြို့နယ်,Pakokku Township,အမှတ် (၁၅) ရပ်ကွက်,No (15) Quarter,ward,6914,,no_exact_or_fuzzy,missing_local_after_rebind,0,1,1,"Township 6914 resolved, but no exact approved ward/village-tract identity matched; will not invent admin from postal text",,missing_local_admin_identity,township resolved; no exact inventory identity for locality,
0420202,missing_local_admin_identity,မကွေးတိုင်းဒေသကြီး,Magway Region,ပခုက္ကူ မြို့နယ်,Pakokku Township,ကမ္မ ကျေးရွာအုပ်စု,Kamma Village Tract,village_tract,6914,,no_exact_or_fuzzy,missing_local_after_rebind,0,1,1,"Township 6914 resolved, but no exact approved ward/village-tract identity matched; will not invent admin from postal text",,missing_local_admin_identity,township resolved; no exact inventory identity for locality,
0421258,missing_local_admin_identity,မကွေးတိုင်းဒေသကြီး,Magway Region,ဂန့်ဂေါ မြို့နယ်,Gangaw Township,ကျော ကျေးရွာအုပ်စု,Kyaw Village Tract,village_tract,6809,,no_exact_or_fuzzy,missing_local_after_rebind,0,1,1,"Township 6809 resolved, but no exact approved ward/village-tract identity matched; will not invent admin from postal text",,missing_local_admin_identity,township resolved; no exact inventory identity for locality,
0423001,missing_local_admin_identity,မကွေးတိုင်းဒေသကြီး,Magway Region,ပေါက် မြို့နယ်,Pauk Township,အောင်တံခွန် ရပ်ကွက်,Aung Ta Khon Quarter,ward,6929,,no_exact_or_fuzzy,missing_local_after_rebind,0,1,1,"Township 6929 resolved, but no exact approved ward/village-tract identity matched; will not invent admin from postal text",,missing_local_admin_identity,township resolved; no exact inventory identity for locality,
0423002,missing_local_admin_identity,မကွေးတိုင်းဒေသကြီး,Magway Region,ပေါက် မြို့နယ်,Pauk Township,အောင်တော်မူ ရပ်ကွက်,Aung Taw Mu Quarter,ward,6929,,no_exact_or_fuzzy,missing_local_after_rebind,0,1,1,"Township 6929 resolved, but no exact approved ward/village-tract identity matched; will not invent admin from postal text",,missing_local_admin_identity,township resolved; no exact inventory identity for locality,
0423003,missing_local_admin_identity,မကွေးတိုင်းဒေသကြီး,Magway Region,ပေါက် မြို့နယ်,Pauk Township,အောင်ချမ်းသာ ရပ်ကွက်,Aung Chan Thar Quarter,ward,6929,,no_exact_or_fuzzy,missing_local_after_rebind,0,1,1,"Township 6929 resolved, but no exact approved ward/village-tract identity matched; will not invent admin from postal text",,missing_local_admin_identity,township resolved; no exact inventory identity for locality,
0423004,missing_local_admin_identity,မကွေးတိုင်းဒေသကြီး,Magway Region,ပေါက် မြို့နယ်,Pauk Township,ရွှေပေါက်ပင် ရပ်ကွက်,Shwe Pauk Pin Quarter,ward,6929,,no_exact_or_fuzzy,missing_local_after_rebind,0,1,1,"Township 6929 resolved, but no exact approved ward/village-tract identity matched; will not invent admin from postal text",,missing_local_admin_identity,township resolved; no exact inventory identity for locality,
0425001,missing_local_admin_identity,မကွေးတိုင်းဒေသကြီး,Magway Region,ဆိပ်ဖြူ မြို့နယ်,Seikphyu Township,အနောက်ပိုင်း ရပ်ကွက်,Ah Nauk Paing Quarter,ward,6916,,no_exact_or_fuzzy,missing_local_after_rebind,0,1,1,"Township 6916 resolved, but no exact approved ward/village-tract identity matched; will not invent admin from postal text",,missing_local_admin_identity,township resolved; no exact inventory identity for locality,
0425002,missing_local_admin_identity,မကွေးတိုင်းဒေသကြီး,Magway Region,ဆိပ်ဖြူ မြို့နယ်,Seikphyu Township,အလယ်ပိုင်း ရပ်ကွက်,Ah Lel Paing Quarter,ward,6916,,no_exact_or_fuzzy,missing_local_after_rebind,0,1,1,"Township 6916 resolved, but no exact approved ward/village-tract identity matched; will not invent admin from postal text",,missing_local_admin_identity,township resolved; no exact inventory identity for locality,
0425003,missing_local_admin_identity,မကွေးတိုင်းဒေသကြီး,Magway Region,ဆိပ်ဖြူ မြို့နယ်,Seikphyu Township,ယောဝ ရပ်ကွက်,Yaw Wa Quarter,ward,6916,,no_exact_or_fuzzy,missing_local_after_rebind,0,1,1,"Township 6916 resolved, but no exact approved ward/village-tract identity matched; will not invent admin from postal text",,missing_local_admin_identity,township resolved; no exact inventory identity for locality,
0425004,missing_local_admin_identity,မကွေးတိုင်းဒေသကြီး,Magway Region,ဆိပ်ဖြူ မြို့နယ်,Seikphyu Township,ရွာသစ် ရပ်ကွက်,Ywar Thit Quarter,ward,6916,,no_exact_or_fuzzy,missing_local_after_rebind,0,1,1,"Township 6916 resolved, but no exact approved ward/village-tract identity matched; will not invent admin from postal text",,missing_local_admin_identity,township resolved; no exact inventory identity for locality,
0425201,missing_local_admin_identity,မကွေးတိုင်းဒေသကြီး,Magway Region,ဆိပ်ဖြူ မြို့နယ်,Seikphyu Township,ရွာသစ် ကျေးရွာအုပ်စု,Ywar Thit Village Tract,village_tract,6916,,no_exact_or_fuzzy,missing_local_after_rebind,0,1,1,"Township 6916 resolved, but no exact approved ward/village-tract identity matched; will not invent admin from postal text",,missing_local_admin_identity,township resolved; no exact inventory identity for locality,
0460001,non_admin_postal_locality,မကွေးတိုင်းဒေသကြီး,Magway Region,စကု မြို့,Saku Town,အမှတ် (၁) ရပ်ကွက်,No (1) Quarter,ward,,,township_unresolved,non_admin_unresolved_township_name,0,1,1,Could not resolve approved CoreMap township from postal region/township names; local match skipped (township must resolve first),,non_admin_postal_locality,township name unresolved as CoreMap township; locality treated as non-admin postal place/town,
0460002,non_admin_postal_locality,မကွေးတိုင်းဒေသကြီး,Magway Region,စကု မြို့,Saku Town,အမှတ် (၂) ရပ်ကွက်,No (2) Quarter,ward,,,township_unresolved,non_admin_unresolved_township_name,0,1,1,Could not resolve approved CoreMap township from postal region/township names; local match skipped (township must resolve first),,non_admin_postal_locality,township name unresolved as CoreMap township; locality treated as non-admin postal place/town,
0460003,non_admin_postal_locality,မကွေးတိုင်းဒေသကြီး,Magway Region,စကု မြို့,Saku Town,အမှတ် (၃) ရပ်ကွက်,No (3) Quarter,ward,,,township_unresolved,non_admin_unresolved_township_name,0,1,1,Could not resolve approved CoreMap township from postal region/township names; local match skipped (township must resolve first),,non_admin_postal_locality,township name unresolved as CoreMap township; locality treated as non-admin postal place/town,
0461001,non_admin_postal_locality,မကွေးတိုင်းဒေသကြီး,Magway Region,ဆင်ဖြူကျွန်း မြို့,Sinphyukyun Town,အမှတ် (၁) ရပ်ကွက်,No (1) Quarter,ward,,,township_unresolved,non_admin_unresolved_township_name,0,1,1,Could not resolve approved CoreMap township from postal region/township names; local match skipped (township must resolve first),,non_admin_postal_locality,township name unresolved as CoreMap township; locality treated as non-admin postal place/town,
0461002,non_admin_postal_locality,မကွေးတိုင်းဒေသကြီး,Magway Region,ဆင်ဖြူကျွန်း မြို့,Sinphyukyun Town,အမှတ် (၂) ရပ်ကွက်,No (2) Quarter,ward,,,township_unresolved,non_admin_unresolved_township_name,0,1,1,Could not resolve approved CoreMap township from postal region/township names; local match skipped (township must resolve first),,non_admin_postal_locality,township name unresolved as CoreMap township; locality treated as non-admin postal place/town,
0461003,non_admin_postal_locality,မကွေးတိုင်းဒေသကြီး,Magway Region,ဆင်ဖြူကျွန်း မြို့,Sinphyukyun Town,အမှတ် (၃) ရပ်ကွက်,No (3) Quarter,ward,,,township_unresolved,non_admin_unresolved_township_name,0,1,1,Could not resolve approved CoreMap township from postal region/township names; local match skipped (township must resolve first),,non_admin_postal_locality,township name unresolved as CoreMap township; locality treated as non-admin postal place/town,
0462001,non_admin_postal_locality,မကွေးတိုင်းဒေသကြီး,Magway Region,စလေ မြို့,Sa Lay Town,အမှတ် (၁) ရပ်ကွက်,No (1) Quarter,ward,,,township_unresolved,non_admin_unresolved_township_name,0,1,1,Could not resolve approved CoreMap township from postal region/township names; local match skipped (township must resolve first),,non_admin_postal_locality,township name unresolved as CoreMap township; locality treated as non-admin postal place/town,
0462002,non_admin_postal_locality,မကွေးတိုင်းဒေသကြီး,Magway Region,စလေ မြို့,Sa Lay Town,အမှတ် (၂) ရပ်ကွက်,No (2) Quarter,ward,,,township_unresolved,non_admin_unresolved_township_name,0,1,1,Could not resolve approved CoreMap township from postal region/township names; local match skipped (township must resolve first),,non_admin_postal_locality,township name unresolved as CoreMap township; locality treated as non-admin postal place/town,
0462003,non_admin_postal_locality,မကွေးတိုင်းဒေသကြီး,Magway Region,စလေ မြို့,Sa Lay Town,အမှတ် (၃) ရပ်ကွက်,No (3) Quarter,ward,,,township_unresolved,non_admin_unresolved_township_name,0,1,1,Could not resolve approved CoreMap township from postal region/township names; local match skipped (township must resolve first),,non_admin_postal_locality,township name unresolved as CoreMap township; locality treated as non-admin postal place/town,
0462004,non_admin_postal_locality,မကွေးတိုင်းဒေသကြီး,Magway Region,စလေ မြို့,Sa Lay Town,အမှတ် (၄) ရပ်ကွက်,No (4) Quarter,ward,,,township_unresolved,non_admin_unresolved_township_name,0,1,1,Could not resolve approved CoreMap township from postal region/township names; local match skipped (township must resolve first),,non_admin_postal_locality,township name unresolved as CoreMap township; locality treated as non-admin postal place/town,
0462005,non_admin_postal_locality,မကွေးတိုင်းဒေသကြီး,Magway Region,စလေ မြို့,Sa Lay Town,အမှတ် (၅) ရပ်ကွက်,No (5) Quarter,ward,,,township_unresolved,non_admin_unresolved_township_name,0,1,1,Could not resolve approved CoreMap township from postal region/township names; local match skipped (township must resolve first),,non_admin_postal_locality,township name unresolved as CoreMap township; locality treated as non-admin postal place/town,
0463001,non_admin_postal_locality,မကွေးတိုင်းဒေသကြီး,Magway Region,ကမ္မ (ပခုက္ကူ) မြို့,Kamma (PKU) Town,အမှတ် (၁) ရပ်ကွက်,No (1) Quarter,ward,,,township_unresolved,non_admin_unresolved_township_name,0,1,1,Could not resolve approved CoreMap township from postal region/township names; local match skipped (township must resolve first),,non_admin_postal_locality,township name unresolved as CoreMap township; locality treated as non-admin postal place/town,
0463002,non_admin_postal_locality,မကွေးတိုင်းဒေသကြီး,Magway Region,ကမ္မ (ပခုက္ကူ) မြို့,Kamma (PKU) Town,အမှတ် (၂) ရပ်ကွက်,No (2) Quarter,ward,,,township_unresolved,non_admin_unresolved_township_name,0,1,1,Could not resolve approved CoreMap township from postal region/township names; local match skipped (township must resolve first),,non_admin_postal_locality,township name unresolved as CoreMap township; locality treated as non-admin postal place/town,
0463003,non_admin_postal_locality,မကွေးတိုင်းဒေသကြီး,Magway Region,ကမ္မ (ပခုက္ကူ) မြို့,Kamma (PKU) Town,အမှတ် (၃) ရပ်ကွက်,No (3) Quarter,ward,,,township_unresolved,non_admin_unresolved_township_name,0,1,1,Could not resolve approved CoreMap township from postal region/township names; local match skipped (township must resolve first),,non_admin_postal_locality,township name unresolved as CoreMap township; locality treated as non-admin postal place/town,
0463004,non_admin_postal_locality,မကွေးတိုင်းဒေသကြီး,Magway Region,ကမ္မ (ပခုက္ကူ) မြို့,Kamma (PKU) Town,အမှတ် (၄) ရပ်ကွက်,No (4) Quarter,ward,,,township_unresolved,non_admin_unresolved_township_name,0,1,1,Could not resolve approved CoreMap township from postal region/township names; local match skipped (township must resolve first),,non_admin_postal_locality,township name unresolved as CoreMap township; locality treated as non-admin postal place/town,
0463005,non_admin_postal_locality,မကွေးတိုင်းဒေသကြီး,Magway Region,ကမ္မ (ပခုက္ကူ) မြို့,Kamma (PKU) Town,အမှတ် (၅) ရပ်ကွက်,No (5) Quarter,ward,,,township_unresolved,non_admin_unresolved_township_name,0,1,1,Could not resolve approved CoreMap township from postal region/township names; local match skipped (township must resolve first),,non_admin_postal_locality,township name unresolved as CoreMap township; locality treated as non-admin postal place/town,
0463006,non_admin_postal_locality,မကွေးတိုင်းဒေသကြီး,Magway Region,ကမ္မ (ပခုက္ကူ) မြို့,Kamma (PKU) Town,အမှတ် (၆) ရပ်ကွက်,No (6) Quarter,ward,,,township_unresolved,non_admin_unresolved_township_name,0,1,1,Could not resolve approved CoreMap township from postal region/township names; local match skipped (township must resolve first),,non_admin_postal_locality,township name unresolved as CoreMap township; locality treated as non-admin postal place/town,
0463007,non_admin_postal_locality,မကွေးတိုင်းဒေသကြီး,Magway Region,ကမ္မ (ပခုက္ကူ) မြို့,Kamma (PKU) Town,အမှတ် (၇) ရပ်ကွက်,No (7) Quarter,ward,,,township_unresolved,non_admin_unresolved_township_name,0,1,1,Could not resolve approved CoreMap township from postal region/township names; local match skipped (township must resolve first),,non_admin_postal_locality,township name unresolved as CoreMap township; locality treated as non-admin postal place/town,
0463008,non_admin_postal_locality,မကွေးတိုင်းဒေသကြီး,Magway Region,ကမ္မ (ပခုက္ကူ) မြို့,Kamma (PKU) Town,အမှတ် (၈) ရပ်ကွက်,No (8) Quarter,ward,,,township_unresolved,non_admin_unresolved_township_name,0,1,1,Could not resolve approved CoreMap township from postal region/township names; local match skipped (township must resolve first),,non_admin_postal_locality,township name unresolved as CoreMap township; locality treated as non-admin postal place/town,
0463009,non_admin_postal_locality,မကွေးတိုင်းဒေသကြီး,Magway Region,ကမ္မ (ပခုက္ကူ) မြို့,Kamma (PKU) Town,အမှတ် (၉) ရပ်ကွက်,No (9) Quarter,ward,,,township_unresolved,non_admin_unresolved_township_name,0,1,1,Could not resolve approved CoreMap township from postal region/township names; local match skipped (township must resolve first),,non_admin_postal_locality,township name unresolved as CoreMap township; locality treated as non-admin postal place/town,
0463010,non_admin_postal_locality,မကွေးတိုင်းဒေသကြီး,Magway Region,ကမ္မ (ပခုက္ကူ) မြို့,Kamma (PKU) Town,အမှတ် (၁၀) ရပ်ကွက်,No (10) Quarter,ward,,,township_unresolved,non_admin_unresolved_township_name,0,1,1,Could not resolve approved CoreMap township from postal region/township names; local match skipped (township must resolve first),,non_admin_postal_locality,township name unresolved as CoreMap township; locality treated as non-admin postal place/town,
0463011,non_admin_postal_locality,မကွေးတိုင်းဒေသကြီး,Magway Region,ကမ္မ (ပခုက္ကူ) မြို့,Kamma (PKU) Town,အမှတ် (၁၁) ရပ်ကွက်,No (11) Quarter,ward,,,township_unresolved,non_admin_unresolved_township_name,0,1,1,Could not resolve approved CoreMap township from postal region/township names; local match skipped (township must resolve first),,non_admin_postal_locality,township name unresolved as CoreMap township; locality treated as non-admin postal place/town,
0463012,non_admin_postal_locality,မကွေးတိုင်းဒေသကြီး,Magway Region,ကမ္မ (ပခုက္ကူ) မြို့,Kamma (PKU) Town,အမှတ် (၁၂) ရပ်ကွက်,No (12) Quarter,ward,,,township_unresolved,non_admin_unresolved_township_name,0,1,1,Could not resolve approved CoreMap township from postal region/township names; local match skipped (township must resolve first),,non_admin_postal_locality,township name unresolved as CoreMap township; locality treated as non-admin postal place/town,
0464001,non_admin_postal_locality,မကွေးတိုင်းဒေသကြီး,Magway Region,မြစ်ခြေ မြို့,Myit Chay Town,အမှတ် (၁) ရပ်ကွက်,No (1) Quarter,ward,,,township_unresolved,non_admin_unresolved_township_name,0,1,1,Could not resolve approved CoreMap township from postal region/township names; local match skipped (township must resolve first),,non_admin_postal_locality,township name unresolved as CoreMap township; locality treated as non-admin postal place/town,
0464002,non_admin_postal_locality,မကွေးတိုင်းဒေသကြီး,Magway Region,မြစ်ခြေ မြို့,Myit Chay Town,အမှတ် (၂) ရပ်ကွက်,No (2) Quarter,ward,,,township_unresolved,non_admin_unresolved_township_name,0,1,1,Could not resolve approved CoreMap township from postal region/township names; local match skipped (township must resolve first),,non_admin_postal_locality,township name unresolved as CoreMap township; locality treated as non-admin postal place/town,
0464003,non_admin_postal_locality,မကွေးတိုင်းဒေသကြီး,Magway Region,မြစ်ခြေ မြို့,Myit Chay Town,အမှတ် (၃) ရပ်ကွက်,No (3) Quarter,ward,,,township_unresolved,non_admin_unresolved_township_name,0,1,1,Could not resolve approved CoreMap township from postal region/township names; local match skipped (township must resolve first),,non_admin_postal_locality,township name unresolved as CoreMap township; locality treated as non-admin postal place/town,
0464004,non_admin_postal_locality,မကွေးတိုင်းဒေသကြီး,Magway Region,မြစ်ခြေ မြို့,Myit Chay Town,အမှတ် (၄) ရပ်ကွက်,No (4) Quarter,ward,,,township_unresolved,non_admin_unresolved_township_name,0,1,1,Could not resolve approved CoreMap township from postal region/township names; local match skipped (township must resolve first),,non_admin_postal_locality,township name unresolved as CoreMap township; locality treated as non-admin postal place/town,
0464005,non_admin_postal_locality,မကွေးတိုင်းဒေသကြီး,Magway Region,မြစ်ခြေ မြို့,Myit Chay Town,အမှတ် (၅) ရပ်ကွက်,No (5) Quarter,ward,,,township_unresolved,non_admin_unresolved_township_name,0,1,1,Could not resolve approved CoreMap township from postal region/township names; local match skipped (township must resolve first),,non_admin_postal_locality,township name unresolved as CoreMap township; locality treated as non-admin postal place/town,
0464006,non_admin_postal_locality,မကွေးတိုင်းဒေသကြီး,Magway Region,မြစ်ခြေ မြို့,Myit Chay Town,အမှတ် (၆) ရပ်ကွက်,No (6) Quarter,ward,,,township_unresolved,non_admin_unresolved_township_name,0,1,1,Could not resolve approved CoreMap township from postal region/township names; local match skipped (township must resolve first),,non_admin_postal_locality,township name unresolved as CoreMap township; locality treated as non-admin postal place/town,
0464007,non_admin_postal_locality,မကွေးတိုင်းဒေသကြီး,Magway Region,မြစ်ခြေ မြို့,Myit Chay Town,အမှတ် (၇) ရပ်ကွက်,No (7) Quarter,ward,,,township_unresolved,non_admin_unresolved_township_name,0,1,1,Could not resolve approved CoreMap township from postal region/township names; local match skipped (township must resolve first),,non_admin_postal_locality,township name unresolved as CoreMap township; locality treated as non-admin postal place/town,
0464008,non_admin_postal_locality,မကွေးတိုင်းဒေသကြီး,Magway Region,မြစ်ခြေ မြို့,Myit Chay Town,အမှတ် (၈) ရပ်ကွက်,No (8) Quarter,ward,,,township_unresolved,non_admin_unresolved_township_name,0,1,1,Could not resolve approved CoreMap township from postal region/township names; local match skipped (township must resolve first),,non_admin_postal_locality,township name unresolved as CoreMap township; locality treated as non-admin postal place/town,
0465001,non_admin_postal_locality,မကွေးတိုင်းဒေသကြီး,Magway Region,ကျော မြို့,Kyaw Town,အမှတ် (၁) ရပ်ကွက်,No (1) Quarter,ward,,,township_unresolved,non_admin_unresolved_township_name,0,1,1,Could not resolve approved CoreMap township from postal region/township names; local match skipped (township must resolve first),,non_admin_postal_locality,township name unresolved as CoreMap township; locality treated as non-admin postal place/town,
0465002,non_admin_postal_locality,မကွေးတိုင်းဒေသကြီး,Magway Region,ကျော မြို့,Kyaw Town,အမှတ် (၂) ရပ်ကွက်,No (2) Quarter,ward,,,township_unresolved,non_admin_unresolved_township_name,0,1,1,Could not resolve approved CoreMap township from postal region/township names; local match skipped (township must resolve first),,non_admin_postal_locality,township name unresolved as CoreMap township; locality treated as non-admin postal place/town,
0465003,non_admin_postal_locality,မကွေးတိုင်းဒေသကြီး,Magway Region,ကျော မြို့,Kyaw Town,အမှတ် (၃) ရပ်ကွက်,No (3) Quarter,ward,,,township_unresolved,non_admin_unresolved_township_name,0,1,1,Could not resolve approved CoreMap township from postal region/township names; local match skipped (township must resolve first),,non_admin_postal_locality,township name unresolved as CoreMap township; locality treated as non-admin postal place/town,
0466001,non_admin_postal_locality,မကွေးတိုင်းဒေသကြီး,Magway Region,ကျောက်ထု မြို့,Kyaukhtu Town,ဂုံဘို ရပ်ကွက်,Gon Bo Quarter,ward,,,township_unresolved,non_admin_unresolved_township_name,0,1,1,Could not resolve approved CoreMap township from postal region/township names; local match skipped (township must resolve first),,non_admin_postal_locality,township name unresolved as CoreMap township; locality treated as non-admin postal place/town,
0466002,non_admin_postal_locality,မကွေးတိုင်းဒေသကြီး,Magway Region,ကျောက်ထု မြို့,Kyaukhtu Town,မြို့မ ရပ်ကွက်,Myo Ma Quarter,ward,,,township_unresolved,non_admin_unresolved_township_name,0,1,1,Could not resolve approved CoreMap township from postal region/township names; local match skipped (township must resolve first),,non_admin_postal_locality,township name unresolved as CoreMap township; locality treated as non-admin postal place/town,
0466003,non_admin_postal_locality,မကွေးတိုင်းဒေသကြီး,Magway Region,ကျောက်ထု မြို့,Kyaukhtu Town,နတ်ရဲ ရပ်ကွက်,Nat Ye Quarter,ward,,,township_unresolved,non_admin_unresolved_township_name,0,1,1,Could not resolve approved CoreMap township from postal region/township names; local match skipped (township must resolve first),,non_admin_postal_locality,township name unresolved as CoreMap township; locality treated as non-admin postal place/town,
0505017,missing_local_admin_identity,မန္တလေးတိုင်းဒေသကြီး,Mandalay Region,ပြည်ကြီးတံခွန် မြို့နယ်,Pyigyitagon Township,(ည) ရပ်ကွက်,(Nya) Quarter,ward,6203,,no_exact_or_fuzzy,missing_local_after_rebind,0,1,1,"Township 6203 resolved, but no exact approved ward/village-tract identity matched; will not invent admin from postal text",,missing_local_admin_identity,township resolved; no exact inventory identity for locality,
0505018,missing_local_admin_identity,မန္တလေးတိုင်းဒေသကြီး,Mandalay Region,ပြည်ကြီးတံခွန် မြို့နယ်,Pyigyitagon Township,(ဋ) ရပ်ကွက်,(Ta Ta Lin Cheik) Quarter,ward,6203,,no_exact_or_fuzzy,missing_local_after_rebind,0,1,1,"Township 6203 resolved, but no exact approved ward/village-tract identity matched; will not invent admin from postal text",,missing_local_admin_identity,township resolved; no exact inventory identity for locality,
0506001,missing_local_admin_identity,မန္တလေးတိုင်းဒေသကြီး,Mandalay Region,အမရပူရ မြို့နယ်,Amarapura Township,တောင်ကြီး ရပ်ကွက်,Taung Gyi Quarter,ward,6202,,no_exact_or_fuzzy,missing_local_after_rebind,0,1,1,"Township 6202 resolved, but no exact approved ward/village-tract identity matched; will not invent admin from postal text",,missing_local_admin_identity,township resolved; no exact inventory identity for locality,
0506002,missing_local_admin_identity,မန္တလေးတိုင်းဒေသကြီး,Mandalay Region,အမရပူရ မြို့နယ်,Amarapura Township,ကျန်တန်း ရပ်ကွက်,Kyan Tan Quarter,ward,6202,,no_exact_or_fuzzy,missing_local_after_rebind,0,1,1,"Township 6202 resolved, but no exact approved ward/village-tract identity matched; will not invent admin from postal text",,missing_local_admin_identity,township resolved; no exact inventory identity for locality,
0506003,missing_local_admin_identity,မန္တလေးတိုင်းဒေသကြီး,Mandalay Region,အမရပူရ မြို့နယ်,Amarapura Township,မှန်တန်း ရပ်ကွက်,Hman Tan Quarter,ward,6202,,no_exact_or_fuzzy,missing_local_after_rebind,0,1,1,"Township 6202 resolved, but no exact approved ward/village-tract identity matched; will not invent admin from postal text",,missing_local_admin_identity,township resolved; no exact inventory identity for locality,
0506004,missing_local_admin_identity,မန္တလေးတိုင်းဒေသကြီး,Mandalay Region,အမရပူရ မြို့နယ်,Amarapura Township,ဈေးချို ရပ်ကွက်,Zay Cho Quarter,ward,6202,,no_exact_or_fuzzy,missing_local_after_rebind,0,1,1,"Township 6202 resolved, but no exact approved ward/village-tract identity matched; will not invent admin from postal text",,missing_local_admin_identity,township resolved; no exact inventory identity for locality,
0506005,missing_local_admin_identity,မန္တလေးတိုင်းဒေသကြီး,Mandalay Region,အမရပူရ မြို့နယ်,Amarapura Township,ရွှေဂွမ်းထုတ် ရပ်ကွက်,Shwe Gun Htoke Quarter,ward,6202,,no_exact_or_fuzzy,missing_local_after_rebind,0,1,1,"Township 6202 resolved, but no exact approved ward/village-tract identity matched; will not invent admin from postal text",,missing_local_admin_identity,township resolved; no exact inventory identity for locality,
0506006,missing_local_admin_identity,မန္တလေးတိုင်းဒေသကြီး,Mandalay Region,အမရပူရ မြို့နယ်,Amarapura Township,လေးစု ရပ်ကွက်,Lay Su Ward Quarter,ward,6202,,no_exact_or_fuzzy,missing_local_after_rebind,0,1,1,"Township 6202 resolved, but no exact approved ward/village-tract identity matched; will not invent admin from postal text",,missing_local_admin_identity,township resolved; no exact inventory identity for locality,
0506007,missing_local_admin_identity,မန္တလေးတိုင်းဒေသကြီး,Mandalay Region,အမရပူရ မြို့နယ်,Amarapura Township,အိုးတော် ရပ်ကွက်,Oe Taw Quarter,ward,6202,,no_exact_or_fuzzy,missing_local_after_rebind,0,1,1,"Township 6202 resolved, but no exact approved ward/village-tract identity matched; will not invent admin from postal text",,missing_local_admin_identity,township resolved; no exact inventory identity for locality,
0506008,missing_local_admin_identity,မန္တလေးတိုင်းဒေသကြီး,Mandalay Region,အမရပူရ မြို့နယ်,Amarapura Township,ဆင်စွယ်ပွတ် ရပ်ကွက်,Sin Swei Put Quarter,ward,6202,,no_exact_or_fuzzy,missing_local_after_rebind,0,1,1,"Township 6202 resolved, but no exact approved ward/village-tract identity matched; will not invent admin from postal text",,missing_local_admin_identity,township resolved; no exact inventory identity for locality,
0507001,missing_local_admin_identity,မန္တလေးတိုင်းဒေသကြီး,Mandalay Region,ပုသိမ်ကြီး မြို့နယ်,Patheingyi Township,မြို့မ ရပ်ကွက်,Myo Ma Quarter,ward,6276,,no_exact_or_fuzzy,missing_local_after_rebind,0,1,1,"Township 6276 resolved, but no exact approved ward/village-tract identity matched; will not invent admin from postal text",,missing_local_admin_identity,township resolved; no exact inventory identity for locality,
0507248,missing_local_admin_identity,မန္တလေးတိုင်းဒေသကြီး,Mandalay Region,ပုသိမ်ကြီး မြို့နယ်,Patheingyi Township,ဇီးအုပ် ကျေးရွာအုပ်စု,Zee Oke Village Tract,village_tract,6276,,no_exact_or_fuzzy,missing_local_after_rebind,0,1,1,"Township 6276 resolved, but no exact approved ward/village-tract identity matched; will not invent admin from postal text",,missing_local_admin_identity,township resolved; no exact inventory identity for locality,
0508001,missing_local_admin_identity,မန္တလေးတိုင်းဒေသကြီး,Mandalay Region,ပြင်ဦးလွင် မြို့နယ်,Pyinoolwin Township,ရပ်ကွက်ကြီး (၁) ရပ်ကွက်,Yat Kwet Gyi (1) Ward Quarter,ward,6536,,no_exact_or_fuzzy,missing_local_after_rebind,0,1,1,"Township 6536 resolved, but no exact approved ward/village-tract identity matched; will not invent admin from postal text",,missing_local_admin_identity,township resolved; no exact inventory identity for locality,
0508002,missing_local_admin_identity,မန္တလေးတိုင်းဒေသကြီး,Mandalay Region,ပြင်ဦးလွင် မြို့နယ်,Pyinoolwin Township,ရပ်ကွက်ကြီး (၂) ရပ်ကွက်,Yat Kwet Gyi (2) Ward Quarter,ward,6536,,no_exact_or_fuzzy,missing_local_after_rebind,0,1,1,"Township 6536 resolved, but no exact approved ward/village-tract identity matched; will not invent admin from postal text",,missing_local_admin_identity,township resolved; no exact inventory identity for locality,
0508003,missing_local_admin_identity,မန္တလေးတိုင်းဒေသကြီး,Mandalay Region,ပြင်ဦးလွင် မြို့နယ်,Pyinoolwin Township,ရပ်ကွက်ကြီး (၃) ရပ်ကွက်,Yat Kwet Gyi (3) Ward Quarter,ward,6536,,no_exact_or_fuzzy,missing_local_after_rebind,0,1,1,"Township 6536 resolved, but no exact approved ward/village-tract identity matched; will not invent admin from postal text",,missing_local_admin_identity,township resolved; no exact inventory identity for locality,
0508004,missing_local_admin_identity,မန္တလေးတိုင်းဒေသကြီး,Mandalay Region,ပြင်ဦးလွင် မြို့နယ်,Pyinoolwin Township,ရပ်ကွက်ကြီး (၄) ရပ်ကွက်,Yat Kwet Gyi (4) Ward Quarter,ward,6536,,no_exact_or_fuzzy,missing_local_after_rebind,0,1,1,"Township 6536 resolved, but no exact approved ward/village-tract identity matched; will not invent admin from postal text",,missing_local_admin_identity,township resolved; no exact inventory identity for locality,
0508005,missing_local_admin_identity,မန္တလေးတိုင်းဒေသကြီး,Mandalay Region,ပြင်ဦးလွင် မြို့နယ်,Pyinoolwin Township,ရပ်ကွက်ကြီး (၅) ရပ်ကွက်,Yat Kwet Gyi (5) Ward Quarter,ward,6536,,no_exact_or_fuzzy,missing_local_after_rebind,0,1,1,"Township 6536 resolved, but no exact approved ward/village-tract identity matched; will not invent admin from postal text",,missing_local_admin_identity,township resolved; no exact inventory identity for locality,
0508006,missing_local_admin_identity,မန္တလေးတိုင်းဒေသကြီး,Mandalay Region,ပြင်ဦးလွင် မြို့နယ်,Pyinoolwin Township,ရပ်ကွက်ကြီး (၆) ရပ်ကွက်,Yat Kwet Gyi (6) Ward Quarter,ward,6536,,no_exact_or_fuzzy,missing_local_after_rebind,0,1,1,"Township 6536 resolved, but no exact approved ward/village-tract identity matched; will not invent admin from postal text",,missing_local_admin_identity,township resolved; no exact inventory identity for locality,
0508007,missing_local_admin_identity,မန္တလေးတိုင်းဒေသကြီး,Mandalay Region,ပြင်ဦးလွင် မြို့နယ်,Pyinoolwin Township,ရပ်ကွက်ကြီး (၇) ရပ်ကွက်,Yat Kwet Gyi (7) Ward Quarter,ward,6536,,no_exact_or_fuzzy,missing_local_after_rebind,0,1,1,"Township 6536 resolved, but no exact approved ward/village-tract identity matched; will not invent admin from postal text",,missing_local_admin_identity,township resolved; no exact inventory identity for locality,
0508008,missing_local_admin_identity,မန္တလေးတိုင်းဒေသကြီး,Mandalay Region,ပြင်ဦးလွင် မြို့နယ်,Pyinoolwin Township,ပဒေသာ(ရပ်ကွက်ကြီး-၈) ရပ်ကွက်,Pa Day Thar(Yat Kwet Gyi (8) ) Quarter,ward,6536,,no_exact_or_fuzzy,missing_local_after_rebind,0,1,1,"Township 6536 resolved, but no exact approved ward/village-tract identity matched; will not invent admin from postal text",,missing_local_admin_identity,township resolved; no exact inventory identity for locality,
0508009,missing_local_admin_identity,မန္တလေးတိုင်းဒေသကြီး,Mandalay Region,ပြင်ဦးလွင် မြို့နယ်,Pyinoolwin Township,နန္ဒဝန် (ရပ်ကွက်ကြီး-၉) ရပ်ကွက်,Nan Da Wun  (Yat Kwet Gyi (9)) Quarter,ward,6536,,no_exact_or_fuzzy,missing_local_after_rebind,0,1,1,"Township 6536 resolved, but no exact approved ward/village-tract identity matched; will not invent admin from postal text",,missing_local_admin_identity,township resolved; no exact inventory identity for locality,
0508010,missing_local_admin_identity,မန္တလေးတိုင်းဒေသကြီး,Mandalay Region,ပြင်ဦးလွင် မြို့နယ်,Pyinoolwin Township,ရပ်ကွက်ကြီး (၁၀) ရပ်ကွက်,Yat Kwet Gyi (10) Ward Quarter,ward,6536,,no_exact_or_fuzzy,missing_local_after_rebind,0,1,1,"Township 6536 resolved, but no exact approved ward/village-tract identity matched; will not invent admin from postal text",,missing_local_admin_identity,township resolved; no exact inventory identity for locality,
0508011,missing_local_admin_identity,မန္တလေးတိုင်းဒေသကြီး,Mandalay Region,ပြင်ဦးလွင် မြို့နယ်,Pyinoolwin Township,ရပ်ကွက်ကြီး (၁၁) ရပ်ကွက်,Yat Kwet Gyi (11) Ward Quarter,ward,6536,,no_exact_or_fuzzy,missing_local_after_rebind,0,1,1,"Township 6536 resolved, but no exact approved ward/village-tract identity matched; will not invent admin from postal text",,missing_local_admin_identity,township resolved; no exact inventory identity for locality,
0508012,missing_local_admin_identity,မန္တလေးတိုင်းဒေသကြီး,Mandalay Region,ပြင်ဦးလွင် မြို့နယ်,Pyinoolwin Township,ရပ်ကွက်ကြီး (၁၂) ရပ်ကွက်,Yat Kwet Gyi (12) Ward Quarter,ward,6536,,no_exact_or_fuzzy,missing_local_after_rebind,0,1,1,"Township 6536 resolved, but no exact approved ward/village-tract identity matched; will not invent admin from postal text",,missing_local_admin_identity,township resolved; no exact inventory identity for locality,
0508013,missing_local_admin_identity,မန္တလေးတိုင်းဒေသကြီး,Mandalay Region,ပြင်ဦးလွင် မြို့နယ်,Pyinoolwin Township,ရပ်ကွက်ကြီး (၁၃) ရပ်ကွက်,Yat Kwet Gyi (13) Ward Quarter,ward,6536,,no_exact_or_fuzzy,missing_local_after_rebind,0,1,1,"Township 6536 resolved, but no exact approved ward/village-tract identity matched; will not invent admin from postal text",,missing_local_admin_identity,township resolved; no exact inventory identity for locality,
0508014,missing_local_admin_identity,မန္တလေးတိုင်းဒေသကြီး,Mandalay Region,ပြင်ဦးလွင် မြို့နယ်,Pyinoolwin Township,ရပ်ကွက်ကြီး (၁၄) ရပ်ကွက်,Yat Kwet Gyi (14) Ward Quarter,ward,6536,,no_exact_or_fuzzy,missing_local_after_rebind,0,1,1,"Township 6536 resolved, but no exact approved ward/village-tract identity matched; will not invent admin from postal text",,missing_local_admin_identity,township resolved; no exact inventory identity for locality,
0508015,missing_local_admin_identity,မန္တလေးတိုင်းဒေသကြီး,Mandalay Region,ပြင်ဦးလွင် မြို့နယ်,Pyinoolwin Township,ရပ်ကွက်ကြီး (၁၅) ရပ်ကွက်,Yat Kwet Gyi (15) Ward Quarter,ward,6536,,no_exact_or_fuzzy,missing_local_after_rebind,0,1,1,"Township 6536 resolved, but no exact approved ward/village-tract identity matched; will not invent admin from postal text",,missing_local_admin_identity,township resolved; no exact inventory identity for locality,
0508016,missing_local_admin_identity,မန္တလေးတိုင်းဒေသကြီး,Mandalay Region,ပြင်ဦးလွင် မြို့နယ်,Pyinoolwin Township,ရပ်ကွက်ကြီး (၁၆) ရပ်ကွက်,Yat Kwet Gyi (16) Ward Quarter,ward,6536,,no_exact_or_fuzzy,missing_local_after_rebind,0,1,1,"Township 6536 resolved, but no exact approved ward/village-tract identity matched; will not invent admin from postal text",,missing_local_admin_identity,township resolved; no exact inventory identity for locality,
0508017,missing_local_admin_identity,မန္တလေးတိုင်းဒေသကြီး,Mandalay Region,ပြင်ဦးလွင် မြို့နယ်,Pyinoolwin Township,ရပ်ကွက်ကြီး (၁၇) ရပ်ကွက်,Yat Kwet Gyi (17) Ward Quarter,ward,6536,,no_exact_or_fuzzy,missing_local_after_rebind,0,1,1,"Township 6536 resolved, but no exact approved ward/village-tract identity matched; will not invent admin from postal text",,missing_local_admin_identity,township resolved; no exact inventory identity for locality,
0508018,missing_local_admin_identity,မန္တလေးတိုင်းဒေသကြီး,Mandalay Region,ပြင်ဦးလွင် မြို့နယ်,Pyinoolwin Township,ရပ်ကွက်ကြီး (၁၈) ရပ်ကွက်,Yat Kwet Gyi (18) Ward Quarter,ward,6536,,no_exact_or_fuzzy,missing_local_after_rebind,0,1,1,"Township 6536 resolved, but no exact approved ward/village-tract identity matched; will not invent admin from postal text",,missing_local_admin_identity,township resolved; no exact inventory identity for locality,
0508019,missing_local_admin_identity,မန္တလေးတိုင်းဒေသကြီး,Mandalay Region,ပြင်ဦးလွင် မြို့နယ်,Pyinoolwin Township,ရပ်ကွက်ကြီး (၁၉) ရပ်ကွက်,Yat Kwet Gyi (19) Ward Quarter,ward,6536,,no_exact_or_fuzzy,missing_local_after_rebind,0,1,1,"Township 6536 resolved, but no exact approved ward/village-tract identity matched; will not invent admin from postal text",,missing_local_admin_identity,township resolved; no exact inventory identity for locality,
0508020,missing_local_admin_identity,မန္တလေးတိုင်းဒေသကြီး,Mandalay Region,ပြင်ဦးလွင် မြို့နယ်,Pyinoolwin Township,ရပ်ကွက်ကြီး (၂၀) ရပ်ကွက်,Yat Kwet Gyi (20) Ward Quarter,ward,6536,,no_exact_or_fuzzy,missing_local_after_rebind,0,1,1,"Township 6536 resolved, but no exact approved ward/village-tract identity matched; will not invent admin from postal text",,missing_local_admin_identity,township resolved; no exact inventory identity for locality,
0508021,missing_local_admin_identity,မန္တလေးတိုင်းဒေသကြီး,Mandalay Region,ပြင်ဦးလွင် မြို့နယ်,Pyinoolwin Township,ရပ်ကွက်ကြီး (၂၁) ရပ်ကွက်,Yat Kwet Gyi (21) Ward Quarter,ward,6536,,no_exact_or_fuzzy,missing_local_after_rebind,0,1,1,"Township 6536 resolved, but no exact approved ward/village-tract identity matched; will not invent admin from postal text",,missing_local_admin_identity,township resolved; no exact inventory identity for locality,
0508234,missing_local_admin_identity,မန္တလေးတိုင်းဒေသကြီး,Mandalay Region,ပြင်ဦးလွင် မြို့နယ်,Pyinoolwin Township,ဖေါင်းတော ကျေးရွာအုပ်စု,Myo Haung Kone (Hpaung Taw) Village Tract,village_tract,6536,,no_exact_or_fuzzy,missing_local_after_rebind,0,1,1,"Township 6536 resolved, but no exact approved ward/village-tract identity matched; will not invent admin from postal text",,missing_local_admin_identity,township resolved; no exact inventory identity for locality,
0509001,missing_local_admin_identity,မန္တလေးတိုင်းဒေသကြီး,Mandalay Region,မိုးကုတ် မြို့နယ်,Mogoke Township,မြို့မရပ် ရပ်ကွက်,Myo Ma Quarter,ward,6553,,no_exact_or_fuzzy,missing_local_after_rebind,0,1,1,"Township 6553 resolved, but no exact approved ward/village-tract identity matched; will not invent admin from postal text",,missing_local_admin_identity,township resolved; no exact inventory identity for locality,
0509002,missing_local_admin_identity,မန္တလေးတိုင်းဒေသကြီး,Mandalay Region,မိုးကုတ် မြို့နယ်,Mogoke Township,ရှောလီဝိုင်း ရပ်ကွက်,Shaw Li Waing Quarter,ward,6553,,no_exact_or_fuzzy,missing_local_after_rebind,0,1,1,"Township 6553 resolved, but no exact approved ward/village-tract identity matched; will not invent admin from postal text",,missing_local_admin_identity,township resolved; no exact inventory identity for locality,
0509003,missing_local_admin_identity,မန္တလေးတိုင်းဒေသကြီး,Mandalay Region,မိုးကုတ် မြို့နယ်,Mogoke Township,မင်းတံတား ရပ်ကွက်,Min Ta Dar Quarter,ward,6553,,no_exact_or_fuzzy,missing_local_after_rebind,0,1,1,"Township 6553 resolved, but no exact approved ward/village-tract identity matched; will not invent admin from postal text",,missing_local_admin_identity,township resolved; no exact inventory identity for locality,
0509004,missing_local_admin_identity,မန္တလေးတိုင်းဒေသကြီး,Mandalay Region,မိုးကုတ် မြို့နယ်,Mogoke Township,လယ်ဦး ရပ်ကွက်,Lel U Quarter,ward,6553,,no_exact_or_fuzzy,missing_local_after_rebind,0,1,1,"Township 6553 resolved, but no exact approved ward/village-tract identity matched; will not invent admin from postal text",,missing_local_admin_identity,township resolved; no exact inventory identity for locality,
0509005,missing_local_admin_identity,မန္တလေးတိုင်းဒေသကြီး,Mandalay Region,မိုးကုတ် မြို့နယ်,Mogoke Township,ရေပူ ရပ်ကွက်,Yae Pu Quarter,ward,6553,,no_exact_or_fuzzy,missing_local_after_rebind,0,1,1,"Township 6553 resolved, but no exact approved ward/village-tract identity matched; will not invent admin from postal text",,missing_local_admin_identity,township resolved; no exact inventory identity for locality,
0509201,missing_local_admin_identity,မန္တလေးတိုင်းဒေသကြီး,Mandalay Region,မိုးကုတ် မြို့နယ်,Mogoke Township,သံလွင်တောင်အရှေ့ ကျေးရွာအုပ်စု,Than Lwin Taung Ah Shey Village Tract,village_tract,6553,,no_exact_or_fuzzy,missing_local_after_rebind,0,1,1,"Township 6553 resolved, but no exact approved ward/village-tract identity matched; will not invent admin from postal text",,missing_local_admin_identity,township resolved; no exact inventory identity for locality,
0510001,missing_local_admin_identity,မန္တလေးတိုင်းဒေသကြီး,Mandalay Region,သပိတ်ကျင်း မြို့နယ်,Thabeikkyin Township,ဆိပ်ကမ်း ရပ်ကွက်,Seik Kan Quarter,ward,6554,,no_exact_or_fuzzy,missing_local_after_rebind,0,1,1,"Township 6554 resolved, but no exact approved ward/village-tract identity matched; will not invent admin from postal text",,missing_local_admin_identity,township resolved; no exact inventory identity for locality,
0510002,missing_local_admin_identity,မန္တလေးတိုင်းဒေသကြီး,Mandalay Region,သပိတ်ကျင်း မြို့နယ်,Thabeikkyin Township,ကဘဲ့ ရပ်ကွက်,Ka Beit Quarter,ward,6554,,no_exact_or_fuzzy,missing_local_after_rebind,0,1,1,"Township 6554 resolved, but no exact approved ward/village-tract identity matched; will not invent admin from postal text",,missing_local_admin_identity,township resolved; no exact inventory identity for locality,
0511001,missing_local_admin_identity,မန္တလေးတိုင်းဒေသကြီး,Mandalay Region,စဉ့်ကူး မြို့နယ်,Singu Township,အမှတ် (၁) ရပ်ကွက်,No (1) Quarter,ward,6550,,no_exact_or_fuzzy,missing_local_after_rebind,0,1,1,"Township 6550 resolved, but no exact approved ward/village-tract identity matched; will not invent admin from postal text",,missing_local_admin_identity,township resolved; no exact inventory identity for locality,
0511002,missing_local_admin_identity,မန္တလေးတိုင်းဒေသကြီး,Mandalay Region,စဉ့်ကူး မြို့နယ်,Singu Township,အမှတ် (၂) ရပ်ကွက်,No (2) Quarter,ward,6550,,no_exact_or_fuzzy,missing_local_after_rebind,0,1,1,"Township 6550 resolved, but no exact approved ward/village-tract identity matched; will not invent admin from postal text",,missing_local_admin_identity,township resolved; no exact inventory identity for locality,
0513001,missing_local_admin_identity,မန္တလေးတိုင်းဒေသကြီး,Mandalay Region,တံတားဦး မြို့နယ်,Tada-U Township,အမှတ် (၁) ရပ်ကွက်,No (1) Quarter,ward,6891,,no_exact_or_fuzzy,missing_local_after_rebind,0,1,1,"Township 6891 resolved, but no exact approved ward/village-tract identity matched; will not invent admin from postal text",,missing_local_admin_identity,township resolved; no exact inventory identity for locality,
0513002,missing_local_admin_identity,မန္တလေးတိုင်းဒေသကြီး,Mandalay Region,တံတားဦး မြို့နယ်,Tada-U Township,အမှတ် (၂) ရပ်ကွက်,No (2) Quarter,ward,6891,,no_exact_or_fuzzy,missing_local_after_rebind,0,1,1,"Township 6891 resolved, but no exact approved ward/village-tract identity matched; will not invent admin from postal text",,missing_local_admin_identity,township resolved; no exact inventory identity for locality,
0513003,missing_local_admin_identity,မန္တလေးတိုင်းဒေသကြီး,Mandalay Region,တံတားဦး မြို့နယ်,Tada-U Township,အမှတ် (၃) ရပ်ကွက်,No (3) Quarter,ward,6891,,no_exact_or_fuzzy,missing_local_after_rebind,0,1,1,"Township 6891 resolved, but no exact approved ward/village-tract identity matched; will not invent admin from postal text",,missing_local_admin_identity,township resolved; no exact inventory identity for locality,
0514001,missing_local_admin_identity,မန္တလေးတိုင်းဒေသကြီး,Mandalay Region,စဉ့်ကိုင် မြို့နယ်,Sintgaing Township,မြို့သစ် ရပ်ကွက်,Myo Thit Quarter,ward,6205,,no_exact_or_fuzzy,missing_local_after_rebind,0,1,1,"Township 6205 resolved, but no exact approved ward/village-tract identity matched; will not invent admin from postal text",,missing_local_admin_identity,township resolved; no exact inventory identity for locality,
0514002,missing_local_admin_identity,မန္တလေးတိုင်းဒေသကြီး,Mandalay Region,စဉ့်ကိုင် မြို့နယ်,Sintgaing Township,မြို့မ ရပ်ကွက်,Myo Ma Quarter,ward,6205,,no_exact_or_fuzzy,missing_local_after_rebind,0,1,1,"Township 6205 resolved, but no exact approved ward/village-tract identity matched; will not invent admin from postal text",,missing_local_admin_identity,township resolved; no exact inventory identity for locality,
0514003,missing_local_admin_identity,မန္တလေးတိုင်းဒေသကြီး,Mandalay Region,စဉ့်ကိုင် မြို့နယ်,Sintgaing Township,ရွာနိုင် ရပ်ကွက်,Ywar Naing Quarter,ward,6205,,no_exact_or_fuzzy,missing_local_after_rebind,0,1,1,"Township 6205 resolved, but no exact approved ward/village-tract identity matched; will not invent admin from postal text",,missing_local_admin_identity,township resolved; no exact inventory identity for locality,
0514004,missing_local_admin_identity,မန္တလေးတိုင်းဒေသကြီး,Mandalay Region,စဉ့်ကိုင် မြို့နယ်,Sintgaing Township,တရုပ်စု ရပ်ကွက်,Ta Yoke Su Quarter,ward,6205,,no_exact_or_fuzzy,missing_local_after_rebind,0,1,1,"Township 6205 resolved, but no exact approved ward/village-tract identity matched; will not invent admin from postal text",,missing_local_admin_identity,township resolved; no exact inventory identity for locality,
0514005,missing_local_admin_identity,မန္တလေးတိုင်းဒေသကြီး,Mandalay Region,စဉ့်ကိုင် မြို့နယ်,Sintgaing Township,ရန်အောင်မြင် ရပ်ကွက်,Yan Aung Myin Quarter,ward,6205,,no_exact_or_fuzzy,missing_local_after_rebind,0,1,1,"Township 6205 resolved, but no exact approved ward/village-tract identity matched; will not invent admin from postal text",,missing_local_admin_identity,township resolved; no exact inventory identity for locality,
0515001,missing_local_admin_identity,မန္တလေးတိုင်းဒေသကြီး,Mandalay Region,ကျောက်ဆည် မြို့နယ်,Kyaukse Township,ဆူးကုန်း ရပ်ကွက်,Su Kone Quarter,ward,6198,,no_exact_or_fuzzy,missing_local_after_rebind,0,1,1,"Township 6198 resolved, but no exact approved ward/village-tract identity matched; will not invent admin from postal text",,missing_local_admin_identity,township resolved; no exact inventory identity for locality,
0515002,missing_local_admin_identity,မန္တလေးတိုင်းဒေသကြီး,Mandalay Region,ကျောက်ဆည် မြို့နယ်,Kyaukse Township,ဈေးတန်း ရပ်ကွက်,Zay Tan Quarter,ward,6198,,no_exact_or_fuzzy,missing_local_after_rebind,0,1,1,"Township 6198 resolved, but no exact approved ward/village-tract identity matched; will not invent admin from postal text",,missing_local_admin_identity,township resolved; no exact inventory identity for locality,
0515003,missing_local_admin_identity,မန္တလေးတိုင်းဒေသကြီး,Mandalay Region,ကျောက်ဆည် မြို့နယ်,Kyaukse Township,ဖောင်ရွာ ရပ်ကွက်,Hpaung Ywar Quarter,ward,6198,,no_exact_or_fuzzy,missing_local_after_rebind,0,1,1,"Township 6198 resolved, but no exact approved ward/village-tract identity matched; will not invent admin from postal text",,missing_local_admin_identity,township resolved; no exact inventory identity for locality,
0515004,missing_local_admin_identity,မန္တလေးတိုင်းဒေသကြီး,Mandalay Region,ကျောက်ဆည် မြို့နယ်,Kyaukse Township,စုကြီး ရပ်ကွက်,Su Gyi Quarter,ward,6198,,no_exact_or_fuzzy,missing_local_after_rebind,0,1,1,"Township 6198 resolved, but no exact approved ward/village-tract identity matched; will not invent admin from postal text",,missing_local_admin_identity,township resolved; no exact inventory identity for locality,
0515005,missing_local_admin_identity,မန္တလေးတိုင်းဒေသကြီး,Mandalay Region,ကျောက်ဆည် မြို့နယ်,Kyaukse Township,ပြည်လုံးနိုင် ရပ်ကွက်,Pyi Lone Naing Quarter,ward,6198,,no_exact_or_fuzzy,missing_local_after_rebind,0,1,1,"Township 6198 resolved, but no exact approved ward/village-tract identity matched; will not invent admin from postal text",,missing_local_admin_identity,township resolved; no exact inventory identity for locality,
0515006,missing_local_admin_identity,မန္တလေးတိုင်းဒေသကြီး,Mandalay Region,ကျောက်ဆည် မြို့နယ်,Kyaukse Township,မင်းရပ် ရပ်ကွက်,Min Yat Quarter,ward,6198,,no_exact_or_fuzzy,missing_local_after_rebind,0,1,1,"Township 6198 resolved, but no exact approved ward/village-tract identity matched; will not invent admin from postal text",,missing_local_admin_identity,township resolved; no exact inventory identity for locality,
0515007,missing_local_admin_identity,မန္တလေးတိုင်းဒေသကြီး,Mandalay Region,ကျောက်ဆည် မြို့နယ်,Kyaukse Township,ဘောဂဝတီ ရပ်ကွက်,Baw Ga Wa Di Quarter,ward,6198,,no_exact_or_fuzzy,missing_local_after_rebind,0,1,1,"Township 6198 resolved, but no exact approved ward/village-tract identity matched; will not invent admin from postal text",,missing_local_admin_identity,township resolved; no exact inventory identity for locality,
0515008,missing_local_admin_identity,မန္တလေးတိုင်းဒေသကြီး,Mandalay Region,ကျောက်ဆည် မြို့နယ်,Kyaukse Township,ရဲစု ရပ်ကွက်,Ye Su Quarter,ward,6198,,no_exact_or_fuzzy,missing_local_after_rebind,0,1,1,"Township 6198 resolved, but no exact approved ward/village-tract identity matched; will not invent admin from postal text",,missing_local_admin_identity,township resolved; no exact inventory identity for locality,
0515009,missing_local_admin_identity,မန္တလေးတိုင်းဒေသကြီး,Mandalay Region,ကျောက်ဆည် မြို့နယ်,Kyaukse Township,ကြက်မင်းတွန် ရပ်ကွက်,Kyet Min Tun Quarter,ward,6198,,no_exact_or_fuzzy,missing_local_after_rebind,0,1,1,"Township 6198 resolved, but no exact approved ward/village-tract identity matched; will not invent admin from postal text",,missing_local_admin_identity,township resolved; no exact inventory identity for locality,
0515010,missing_local_admin_identity,မန္တလေးတိုင်းဒေသကြီး,Mandalay Region,ကျောက်ဆည် မြို့နယ်,Kyaukse Township,ဧမြကြည်လင် ရပ်ကွက်,Aye Mya Kyi Lin Quarter,ward,6198,,no_exact_or_fuzzy,missing_local_after_rebind,0,1,1,"Township 6198 resolved, but no exact approved ward/village-tract identity matched; will not invent admin from postal text",,missing_local_admin_identity,township resolved; no exact inventory identity for locality,
0516246,missing_local_admin_identity,မန္တလေးတိုင်းဒေသကြီး,Mandalay Region,မြစ်သား မြို့နယ်,Myittha Township,ကူမဲ ကျေးရွာအုပ်စု,Ku Me Village Tract,village_tract,6200,,no_exact_or_fuzzy,missing_local_after_rebind,0,1,1,"Township 6200 resolved, but no exact approved ward/village-tract identity matched; will not invent admin from postal text",,missing_local_admin_identity,township resolved; no exact inventory identity for locality,
0518001,missing_local_admin_identity,မန္တလေးတိုင်းဒေသကြီး,Mandalay Region,မိတ္ထီလာ မြို့နယ်,Meiktila Township,အောင်ဆန်း ရပ်ကွက်,Aung San Quarter,ward,7051,,no_exact_or_fuzzy,missing_local_after_rebind,0,1,1,"Township 7051 resolved, but no exact approved ward/village-tract identity matched; will not invent admin from postal text",,missing_local_admin_identity,township resolved; no exact inventory identity for locality,
0518002,missing_local_admin_identity,မန္တလေးတိုင်းဒေသကြီး,Mandalay Region,မိတ္ထီလာ မြို့နယ်,Meiktila Township,ပေါက်ချောင်း ရပ်ကွက်,Pauk Chaung Quarter,ward,7051,,no_exact_or_fuzzy,missing_local_after_rebind,0,1,1,"Township 7051 resolved, but no exact approved ward/village-tract identity matched; will not invent admin from postal text",,missing_local_admin_identity,township resolved; no exact inventory identity for locality,
0518003,missing_local_admin_identity,မန္တလေးတိုင်းဒေသကြီး,Mandalay Region,မိတ္ထီလာ မြို့နယ်,Meiktila Township,နန်းတော်ကုန်း ရပ်ကွက်,Nan Taw Kone Quarter,ward,7051,,no_exact_or_fuzzy,missing_local_after_rebind,0,1,1,"Township 7051 resolved, but no exact approved ward/village-tract identity matched; will not invent admin from postal text",,missing_local_admin_identity,township resolved; no exact inventory identity for locality,
0518004,missing_local_admin_identity,မန္တလေးတိုင်းဒေသကြီး,Mandalay Region,မိတ္ထီလာ မြို့နယ်,Meiktila Township,မြို့မ ရပ်ကွက်,Myo Ma Quarter,ward,7051,,no_exact_or_fuzzy,missing_local_after_rebind,0,1,1,"Township 7051 resolved, but no exact approved ward/village-tract identity matched; will not invent admin from postal text",,missing_local_admin_identity,township resolved; no exact inventory identity for locality,
0518005,missing_local_admin_identity,မန္တလေးတိုင်းဒေသကြီး,Mandalay Region,မိတ္ထီလာ မြို့နယ်,Meiktila Township,အရှေ့ပြင် ရပ်ကွက်,Ah Shey Pyin Quarter,ward,7051,,no_exact_or_fuzzy,missing_local_after_rebind,0,1,1,"Township 7051 resolved, but no exact approved ward/village-tract identity matched; will not invent admin from postal text",,missing_local_admin_identity,township resolved; no exact inventory identity for locality,
0518006,missing_local_admin_identity,မန္တလေးတိုင်းဒေသကြီး,Mandalay Region,မိတ္ထီလာ မြို့နယ်,Meiktila Township,ရတနာမာန်အောင် ရပ်ကွက်,Ya Da Nar Man Aung Quarter,ward,7051,,no_exact_or_fuzzy,missing_local_after_rebind,0,1,1,"Township 7051 resolved, but no exact approved ward/village-tract identity matched; will not invent admin from postal text",,missing_local_admin_identity,township resolved; no exact inventory identity for locality,
0518007,missing_local_admin_identity,မန္တလေးတိုင်းဒေသကြီး,Mandalay Region,မိတ္ထီလာ မြို့နယ်,Meiktila Township,အောင်ဇေယျာ ရပ်ကွက်,Aung Zay Yar Quarter,ward,7051,,no_exact_or_fuzzy,missing_local_after_rebind,0,1,1,"Township 7051 resolved, but no exact approved ward/village-tract identity matched; will not invent admin from postal text",,missing_local_admin_identity,township resolved; no exact inventory identity for locality,
0518008,missing_local_admin_identity,မန္တလေးတိုင်းဒေသကြီး,Mandalay Region,မိတ္ထီလာ မြို့နယ်,Meiktila Township,ဝန်းဇင်း ရပ်ကွက်,Wun Zin Quarter,ward,7051,,no_exact_or_fuzzy,missing_local_after_rebind,0,1,1,"Township 7051 resolved, but no exact approved ward/village-tract identity matched; will not invent admin from postal text",,missing_local_admin_identity,township resolved; no exact inventory identity for locality,
0518009,missing_local_admin_identity,မန္တလေးတိုင်းဒေသကြီး,Mandalay Region,မိတ္ထီလာ မြို့နယ်,Meiktila Township,ရန်မျိုးအောင် ရပ်ကွက်,Yan Myo Aung Quarter,ward,7051,,no_exact_or_fuzzy,missing_local_after_rebind,0,1,1,"Township 7051 resolved, but no exact approved ward/village-tract identity matched; will not invent admin from postal text",,missing_local_admin_identity,township resolved; no exact inventory identity for locality,
0518010,missing_local_admin_identity,မန္တလေးတိုင်းဒေသကြီး,Mandalay Region,မိတ္ထီလာ မြို့နယ်,Meiktila Township,ကြည်တော်ကုန်း ရပ်ကွက်,Kyi Taw Kone Quarter,ward,7051,,no_exact_or_fuzzy,missing_local_after_rebind,0,1,1,"Township 7051 resolved, but no exact approved ward/village-tract identity matched; will not invent admin from postal text",,missing_local_admin_identity,township resolved; no exact inventory identity for locality,
0518011,missing_local_admin_identity,မန္တလေးတိုင်းဒေသကြီး,Mandalay Region,မိတ္ထီလာ မြို့နယ်,Meiktila Township,သီရိမင်္ဂလာ ရပ်ကွက်,Thi Ri Min Ga Lar Quarter,ward,7051,,no_exact_or_fuzzy,missing_local_after_rebind,0,1,1,"Township 7051 resolved, but no exact approved ward/village-tract identity matched; will not invent admin from postal text",,missing_local_admin_identity,township resolved; no exact inventory identity for locality,
0518012,missing_local_admin_identity,မန္တလေးတိုင်းဒေသကြီး,Mandalay Region,မိတ္ထီလာ မြို့နယ်,Meiktila Township,ချည်စက် ရပ်ကွက်,Chi Set Quarter,ward,7051,,no_exact_or_fuzzy,missing_local_after_rebind,0,1,1,"Township 7051 resolved, but no exact approved ward/village-tract identity matched; will not invent admin from postal text",,missing_local_admin_identity,township resolved; no exact inventory identity for locality,
0518013,missing_local_admin_identity,မန္တလေးတိုင်းဒေသကြီး,Mandalay Region,မိတ္ထီလာ မြို့နယ်,Meiktila Township,ပြည်သာယာ (တောင်) ရပ်ကွက်,Pyi Thar Yar (South) Quarter,ward,7051,,no_exact_or_fuzzy,missing_local_after_rebind,0,1,1,"Township 7051 resolved, but no exact approved ward/village-tract identity matched; will not invent admin from postal text",,missing_local_admin_identity,township resolved; no exact inventory identity for locality,
0518014,missing_local_admin_identity,မန္တလေးတိုင်းဒေသကြီး,Mandalay Region,မိတ္ထီလာ မြို့နယ်,Meiktila Township,ပြည်သာယာ (မြောက်) ရပ်ကွက်,Pyi Thar Yar  (North) Quarter,ward,7051,,no_exact_or_fuzzy,missing_local_after_rebind,0,1,1,"Township 7051 resolved, but no exact approved ward/village-tract identity matched; will not invent admin from postal text",,missing_local_admin_identity,township resolved; no exact inventory identity for locality,
0521252,missing_local_admin_identity,မန္တလေးတိုင်းဒေသကြီး,Mandalay Region,ပျော်ဘွယ် မြို့နယ်,Pyawbwe Township,ယင်းတော် ကျေးရွာအုပ်စု,Yin Taw Village Tract,village_tract,7052,,no_exact_or_fuzzy,missing_local_after_rebind,0,1,1,"Township 7052 resolved, but no exact approved ward/village-tract identity matched; will not invent admin from postal text",,missing_local_admin_identity,township resolved; no exact inventory identity for locality,
0522001,missing_local_admin_identity,မန္တလေးတိုင်းဒေသကြီး,Mandalay Region,ရမည်းသင်း မြို့နယ်,Yamethin Township,မြို့မ ရပ်ကွက်,Myo Ma Quarter,ward,6069,,no_exact_or_fuzzy,missing_local_after_rebind,0,1,1,"Township 6069 resolved, but no exact approved ward/village-tract identity matched; will not invent admin from postal text",,missing_local_admin_identity,township resolved; no exact inventory identity for locality,
0522002,missing_local_admin_identity,မန္တလေးတိုင်းဒေသကြီး,Mandalay Region,ရမည်းသင်း မြို့နယ်,Yamethin Township,ဝါတိုး ရပ်ကွက်,War Toe Quarter,ward,6069,,no_exact_or_fuzzy,missing_local_after_rebind,0,1,1,"Township 6069 resolved, but no exact approved ward/village-tract identity matched; will not invent admin from postal text",,missing_local_admin_identity,township resolved; no exact inventory identity for locality,
0522003,missing_local_admin_identity,မန္တလေးတိုင်းဒေသကြီး,Mandalay Region,ရမည်းသင်း မြို့နယ်,Yamethin Township,အောင်မင်္ဂလာ ရပ်ကွက်,Aung Min Ga Lar Quarter,ward,6069,,no_exact_or_fuzzy,missing_local_after_rebind,0,1,1,"Township 6069 resolved, but no exact approved ward/village-tract identity matched; will not invent admin from postal text",,missing_local_admin_identity,township resolved; no exact inventory identity for locality,
0522004,missing_local_admin_identity,မန္တလေးတိုင်းဒေသကြီး,Mandalay Region,ရမည်းသင်း မြို့နယ်,Yamethin Township,ရွှေစည်းခုံ ရပ်ကွက်,Shwe Si Khon Quarter,ward,6069,,no_exact_or_fuzzy,missing_local_after_rebind,0,1,1,"Township 6069 resolved, but no exact approved ward/village-tract identity matched; will not invent admin from postal text",,missing_local_admin_identity,township resolved; no exact inventory identity for locality,
0522005,missing_local_admin_identity,မန္တလေးတိုင်းဒေသကြီး,Mandalay Region,ရမည်းသင်း မြို့နယ်,Yamethin Township,ကျောင်းတိုက်စု ရပ်ကွက်,Kyaung Taik Su Quarter,ward,6069,,no_exact_or_fuzzy,missing_local_after_rebind,0,1,1,"Township 6069 resolved, but no exact approved ward/village-tract identity matched; will not invent admin from postal text",,missing_local_admin_identity,township resolved; no exact inventory identity for locality,
0523001,missing_local_admin_identity,မန္တလေးတိုင်းဒေသကြီး,Mandalay Region,ညောင်ဦး မြို့နယ်,Nyaung-U Township,အမှတ် (၁) ရပ်ကွက်,No (1) Quarter,ward,6905,,no_exact_or_fuzzy,missing_local_after_rebind,0,1,1,"Township 6905 resolved, but no exact approved ward/village-tract identity matched; will not invent admin from postal text",,missing_local_admin_identity,township resolved; no exact inventory identity for locality,
0523002,missing_local_admin_identity,မန္တလေးတိုင်းဒေသကြီး,Mandalay Region,ညောင်ဦး မြို့နယ်,Nyaung-U Township,အမှတ် (၂) ရပ်ကွက်,No (2) Quarter,ward,6905,,no_exact_or_fuzzy,missing_local_after_rebind,0,1,1,"Township 6905 resolved, but no exact approved ward/village-tract identity matched; will not invent admin from postal text",,missing_local_admin_identity,township resolved; no exact inventory identity for locality,
0523003,missing_local_admin_identity,မန္တလေးတိုင်းဒေသကြီး,Mandalay Region,ညောင်ဦး မြို့နယ်,Nyaung-U Township,အမှတ် (၃) ရပ်ကွက်,No (3) Quarter,ward,6905,,no_exact_or_fuzzy,missing_local_after_rebind,0,1,1,"Township 6905 resolved, but no exact approved ward/village-tract identity matched; will not invent admin from postal text",,missing_local_admin_identity,township resolved; no exact inventory identity for locality,
0523004,missing_local_admin_identity,မန္တလေးတိုင်းဒေသကြီး,Mandalay Region,ညောင်ဦး မြို့နယ်,Nyaung-U Township,အမှတ် (၄) ရပ်ကွက်,No (4) Quarter,ward,6905,,no_exact_or_fuzzy,missing_local_after_rebind,0,1,1,"Township 6905 resolved, but no exact approved ward/village-tract identity matched; will not invent admin from postal text",,missing_local_admin_identity,township resolved; no exact inventory identity for locality,
0523005,missing_local_admin_identity,မန္တလေးတိုင်းဒေသကြီး,Mandalay Region,ညောင်ဦး မြို့နယ်,Nyaung-U Township,အမှတ် (၅) ရပ်ကွက်,No (5) Quarter,ward,6905,,no_exact_or_fuzzy,missing_local_after_rebind,0,1,1,"Township 6905 resolved, but no exact approved ward/village-tract identity matched; will not invent admin from postal text",,missing_local_admin_identity,township resolved; no exact inventory identity for locality,
0523006,missing_local_admin_identity,မန္တလေးတိုင်းဒေသကြီး,Mandalay Region,ညောင်ဦး မြို့နယ်,Nyaung-U Township,အမှတ် (၆) ရပ်ကွက်,No (6) Quarter,ward,6905,,no_exact_or_fuzzy,missing_local_after_rebind,0,1,1,"Township 6905 resolved, but no exact approved ward/village-tract identity matched; will not invent admin from postal text",,missing_local_admin_identity,township resolved; no exact inventory identity for locality,
0523007,missing_local_admin_identity,မန္တလေးတိုင်းဒေသကြီး,Mandalay Region,ညောင်ဦး မြို့နယ်,Nyaung-U Township,အမှတ် (၇) ရပ်ကွက်,No (7) Quarter,ward,6905,,no_exact_or_fuzzy,missing_local_after_rebind,0,1,1,"Township 6905 resolved, but no exact approved ward/village-tract identity matched; will not invent admin from postal text",,missing_local_admin_identity,township resolved; no exact inventory identity for locality,
0523253,missing_local_admin_identity,မန္တလေးတိုင်းဒေသကြီး,Mandalay Region,ညောင်ဦး မြို့နယ်,Nyaung-U Township,ဝက်ကြီးအင်း ကျေးရွာအုပ်စု,Wet Gyi Inn Village Tract,village_tract,6905,,no_exact_or_fuzzy,missing_local_after_rebind,0,1,1,"Township 6905 resolved, but no exact approved ward/village-tract identity matched; will not invent admin from postal text",,missing_local_admin_identity,township resolved; no exact inventory identity for locality,
0525005,missing_local_admin_identity,မန္တလေးတိုင်းဒေသကြီး,Mandalay Region,မြင်းခြံ မြို့နယ်,Myingyan Township,အမှတ် (၅) ရပ်ကွက်,No (5) Quarter,ward,6888,,no_exact_or_fuzzy,missing_local_after_rebind,0,1,1,"Township 6888 resolved, but no exact approved ward/village-tract identity matched; will not invent admin from postal text",,missing_local_admin_identity,township resolved; no exact inventory identity for locality,
0525006,missing_local_admin_identity,မန္တလေးတိုင်းဒေသကြီး,Mandalay Region,မြင်းခြံ မြို့နယ်,Myingyan Township,အမှတ် (၆) ရပ်ကွက်,No (6) Quarter,ward,6888,,no_exact_or_fuzzy,missing_local_after_rebind,0,1,1,"Township 6888 resolved, but no exact approved ward/village-tract identity matched; will not invent admin from postal text",,missing_local_admin_identity,township resolved; no exact inventory identity for locality,
0525007,missing_local_admin_identity,မန္တလေးတိုင်းဒေသကြီး,Mandalay Region,မြင်းခြံ မြို့နယ်,Myingyan Township,အမှတ် (၇) ရပ်ကွက်,No (7) Quarter,ward,6888,,no_exact_or_fuzzy,missing_local_after_rebind,0,1,1,"Township 6888 resolved, but no exact approved ward/village-tract identity matched; will not invent admin from postal text",,missing_local_admin_identity,township resolved; no exact inventory identity for locality,
0525008,missing_local_admin_identity,မန္တလေးတိုင်းဒေသကြီး,Mandalay Region,မြင်းခြံ မြို့နယ်,Myingyan Township,အမှတ် (၈) ရပ်ကွက်,No (8) Quarter,ward,6888,,no_exact_or_fuzzy,missing_local_after_rebind,0,1,1,"Township 6888 resolved, but no exact approved ward/village-tract identity matched; will not invent admin from postal text",,missing_local_admin_identity,township resolved; no exact inventory identity for locality,
0525009,missing_local_admin_identity,မန္တလေးတိုင်းဒေသကြီး,Mandalay Region,မြင်းခြံ မြို့နယ်,Myingyan Township,အမှတ် (၉) ရပ်ကွက်,No (9) Quarter,ward,6888,,no_exact_or_fuzzy,missing_local_after_rebind,0,1,1,"Township 6888 resolved, but no exact approved ward/village-tract identity matched; will not invent admin from postal text",,missing_local_admin_identity,township resolved; no exact inventory identity for locality,
0525010,missing_local_admin_identity,မန္တလေးတိုင်းဒေသကြီး,Mandalay Region,မြင်းခြံ မြို့နယ်,Myingyan Township,အမှတ် (၁၀) ရပ်ကွက်,No (10) Quarter,ward,6888,,no_exact_or_fuzzy,missing_local_after_rebind,0,1,1,"Township 6888 resolved, but no exact approved ward/village-tract identity matched; will not invent admin from postal text",,missing_local_admin_identity,township resolved; no exact inventory identity for locality,
0525011,missing_local_admin_identity,မန္တလေးတိုင်းဒေသကြီး,Mandalay Region,မြင်းခြံ မြို့နယ်,Myingyan Township,အမှတ် (၁၁) ရပ်ကွက်,No (11) Quarter,ward,6888,,no_exact_or_fuzzy,missing_local_after_rebind,0,1,1,"Township 6888 resolved, but no exact approved ward/village-tract identity matched; will not invent admin from postal text",,missing_local_admin_identity,township resolved; no exact inventory identity for locality,
0525012,missing_local_admin_identity,မန္တလေးတိုင်းဒေသကြီး,Mandalay Region,မြင်းခြံ မြို့နယ်,Myingyan Township,အမှတ် (၁၂) ရပ်ကွက်,No (12) Quarter,ward,6888,,no_exact_or_fuzzy,missing_local_after_rebind,0,1,1,"Township 6888 resolved, but no exact approved ward/village-tract identity matched; will not invent admin from postal text",,missing_local_admin_identity,township resolved; no exact inventory identity for locality,
0525013,missing_local_admin_identity,မန္တလေးတိုင်းဒေသကြီး,Mandalay Region,မြင်းခြံ မြို့နယ်,Myingyan Township,အမှတ် (၁၃) ရပ်ကွက်,No (13) Quarter,ward,6888,,no_exact_or_fuzzy,missing_local_after_rebind,0,1,1,"Township 6888 resolved, but no exact approved ward/village-tract identity matched; will not invent admin from postal text",,missing_local_admin_identity,township resolved; no exact inventory identity for locality,
0525014,missing_local_admin_identity,မန္တလေးတိုင်းဒေသကြီး,Mandalay Region,မြင်းခြံ မြို့နယ်,Myingyan Township,အမှတ် (၁၄) ရပ်ကွက်,No (14) Quarter,ward,6888,,no_exact_or_fuzzy,missing_local_after_rebind,0,1,1,"Township 6888 resolved, but no exact approved ward/village-tract identity matched; will not invent admin from postal text",,missing_local_admin_identity,township resolved; no exact inventory identity for locality,
0525015,missing_local_admin_identity,မန္တလေးတိုင်းဒေသကြီး,Mandalay Region,မြင်းခြံ မြို့နယ်,Myingyan Township,အမှတ် (၁၅) ရပ်ကွက်,No (15) Quarter,ward,6888,,no_exact_or_fuzzy,missing_local_after_rebind,0,1,1,"Township 6888 resolved, but no exact approved ward/village-tract identity matched; will not invent admin from postal text",,missing_local_admin_identity,township resolved; no exact inventory identity for locality,
0525016,missing_local_admin_identity,မန္တလေးတိုင်းဒေသကြီး,Mandalay Region,မြင်းခြံ မြို့နယ်,Myingyan Township,အမှတ် (၁၆) ရပ်ကွက်,No (16) Quarter,ward,6888,,no_exact_or_fuzzy,missing_local_after_rebind,0,1,1,"Township 6888 resolved, but no exact approved ward/village-tract identity matched; will not invent admin from postal text",,missing_local_admin_identity,township resolved; no exact inventory identity for locality,
0525017,missing_local_admin_identity,မန္တလေးတိုင်းဒေသကြီး,Mandalay Region,မြင်းခြံ မြို့နယ်,Myingyan Township,အမှတ် (၁၇) ရပ်ကွက်,No (17) Quarter,ward,6888,,no_exact_or_fuzzy,missing_local_after_rebind,0,1,1,"Township 6888 resolved, but no exact approved ward/village-tract identity matched; will not invent admin from postal text",,missing_local_admin_identity,township resolved; no exact inventory identity for locality,
0525018,missing_local_admin_identity,မန္တလေးတိုင်းဒေသကြီး,Mandalay Region,မြင်းခြံ မြို့နယ်,Myingyan Township,အမှတ် (၁၈) ရပ်ကွက်,No (18) Quarter,ward,6888,,no_exact_or_fuzzy,missing_local_after_rebind,0,1,1,"Township 6888 resolved, but no exact approved ward/village-tract identity matched; will not invent admin from postal text",,missing_local_admin_identity,township resolved; no exact inventory identity for locality,
0525019,missing_local_admin_identity,မန္တလေးတိုင်းဒေသကြီး,Mandalay Region,မြင်းခြံ မြို့နယ်,Myingyan Township,အမှတ် (၁၉) ရပ်ကွက်,No (19) Quarter,ward,6888,,no_exact_or_fuzzy,missing_local_after_rebind,0,1,1,"Township 6888 resolved, but no exact approved ward/village-tract identity matched; will not invent admin from postal text",,missing_local_admin_identity,township resolved; no exact inventory identity for locality,
0525020,missing_local_admin_identity,မန္တလေးတိုင်းဒေသကြီး,Mandalay Region,မြင်းခြံ မြို့နယ်,Myingyan Township,အမှတ် (၂၀) ရပ်ကွက်,No (20) Quarter,ward,6888,,no_exact_or_fuzzy,missing_local_after_rebind,0,1,1,"Township 6888 resolved, but no exact approved ward/village-tract identity matched; will not invent admin from postal text",,missing_local_admin_identity,township resolved; no exact inventory identity for locality,
0525203,missing_local_admin_identity,မန္တလေးတိုင်းဒေသကြီး,Mandalay Region,မြင်းခြံ မြို့နယ်,Myingyan Township,ဆီမီးခုံ ကျေးရွာအုပ်စု,Si Mee Khon Village Tract,village_tract,6888,,no_exact_or_fuzzy,missing_local_after_rebind,0,1,1,"Township 6888 resolved, but no exact approved ward/village-tract identity matched; will not invent admin from postal text",,missing_local_admin_identity,township resolved; no exact inventory identity for locality,
0525244,missing_local_admin_identity,မန္တလေးတိုင်းဒေသကြီး,Mandalay Region,မြင်းခြံ မြို့နယ်,Myingyan Township,ချောင်းဒေါင်း ကျေးရွာအုပ်စု,Chaung Daung Village Tract,village_tract,6888,,no_exact_or_fuzzy,missing_local_after_rebind,0,1,1,"Township 6888 resolved, but no exact approved ward/village-tract identity matched; will not invent admin from postal text",,missing_local_admin_identity,township resolved; no exact inventory identity for locality,
0560001,non_admin_postal_locality,မန္တလေးတိုင်းဒေသကြီး,Mandalay Region,မြစ်ငယ် မြို့,Myitnge Town,မြစ်ငယ် ရပ်ကွက်,Myit Nge Quarter,ward,,,township_unresolved,non_admin_unresolved_township_name,0,1,1,Could not resolve approved CoreMap township from postal region/township names; local match skipped (township must resolve first),,non_admin_postal_locality,township name unresolved as CoreMap township; locality treated as non-admin postal place/town,
0561001,non_admin_postal_locality,မန္တလေးတိုင်းဒေသကြီး,Mandalay Region,တကောင်း မြို့,Takaung Town,အမှတ် (၁) ရပ်ကွက်,No (1) Quarter,ward,,,township_unresolved,non_admin_unresolved_township_name,0,1,1,Could not resolve approved CoreMap township from postal region/township names; local match skipped (township must resolve first),,non_admin_postal_locality,township name unresolved as CoreMap township; locality treated as non-admin postal place/town,
0561002,non_admin_postal_locality,မန္တလေးတိုင်းဒေသကြီး,Mandalay Region,တကောင်း မြို့,Takaung Town,အမှတ် (၂) ရပ်ကွက်,No (2) Quarter,ward,,,township_unresolved,non_admin_unresolved_township_name,0,1,1,Could not resolve approved CoreMap township from postal region/township names; local match skipped (township must resolve first),,non_admin_postal_locality,township name unresolved as CoreMap township; locality treated as non-admin postal place/town,
0561003,non_admin_postal_locality,မန္တလေးတိုင်းဒေသကြီး,Mandalay Region,တကောင်း မြို့,Takaung Town,အမှတ် (၃) ရပ်ကွက်,No (3) Quarter,ward,,,township_unresolved,non_admin_unresolved_township_name,0,1,1,Could not resolve approved CoreMap township from postal region/township names; local match skipped (township must resolve first),,non_admin_postal_locality,township name unresolved as CoreMap township; locality treated as non-admin postal place/town,
0562001,non_admin_postal_locality,မန္တလေးတိုင်းဒေသကြီး,Mandalay Region,ကူမဲ မြို့,Ku Me Town,အမှတ် (၁) ရပ်ကွက်,No (1) Quarter,ward,,,township_unresolved,non_admin_unresolved_township_name,0,1,1,Could not resolve approved CoreMap township from postal region/township names; local match skipped (township must resolve first),,non_admin_postal_locality,township name unresolved as CoreMap township; locality treated as non-admin postal place/town,
0562002,non_admin_postal_locality,မန္တလေးတိုင်းဒေသကြီး,Mandalay Region,ကူမဲ မြို့,Ku Me Town,အမှတ် (၂) ရပ်ကွက်,No (2) Quarter,ward,,,township_unresolved,non_admin_unresolved_township_name,0,1,1,Could not resolve approved CoreMap township from postal region/township names; local match skipped (township must resolve first),,non_admin_postal_locality,township name unresolved as CoreMap township; locality treated as non-admin postal place/town,
0562003,non_admin_postal_locality,မန္တလေးတိုင်းဒေသကြီး,Mandalay Region,ကူမဲ မြို့,Ku Me Town,အမှတ် (၃) ရပ်ကွက်,No (3) Quarter,ward,,,township_unresolved,non_admin_unresolved_township_name,0,1,1,Could not resolve approved CoreMap township from postal region/township names; local match skipped (township must resolve first),,non_admin_postal_locality,township name unresolved as CoreMap township; locality treated as non-admin postal place/town,
0562004,non_admin_postal_locality,မန္တလေးတိုင်းဒေသကြီး,Mandalay Region,ကူမဲ မြို့,Ku Me Town,အမှတ် (၄) ရပ်ကွက်,No (4) Quarter,ward,,,township_unresolved,non_admin_unresolved_township_name,0,1,1,Could not resolve approved CoreMap township from postal region/township names; local match skipped (township must resolve first),,non_admin_postal_locality,township name unresolved as CoreMap township; locality treated as non-admin postal place/town,
0562005,non_admin_postal_locality,မန္တလေးတိုင်းဒေသကြီး,Mandalay Region,ကူမဲ မြို့,Ku Me Town,အမှတ် (၅) ရပ်ကွက်,No (5) Ward Quarter,ward,,,township_unresolved,non_admin_unresolved_township_name,0,1,1,Could not resolve approved CoreMap township from postal region/township names; local match skipped (township must resolve first),,non_admin_postal_locality,township name unresolved as CoreMap township; locality treated as non-admin postal place/town,
0563001,non_admin_postal_locality,မန္တလေးတိုင်းဒေသကြီး,Mandalay Region,ပုဂံ မြို့,Bagan Town,ကျန်စစ်သား ရပ်ကွက်,Kyan Sit Thar Quarter,ward,,,township_unresolved,non_admin_unresolved_township_name,0,1,1,Could not resolve approved CoreMap township from postal region/township names; local match skipped (township must resolve first),,non_admin_postal_locality,township name unresolved as CoreMap township; locality treated as non-admin postal place/town,
0563002,non_admin_postal_locality,မန္တလေးတိုင်းဒေသကြီး,Mandalay Region,ပုဂံ မြို့,Bagan Town,အနော်ရထာ ရပ်ကွက်,Ah Naw Ra Htar Quarter,ward,,,township_unresolved,non_admin_unresolved_township_name,0,1,1,Could not resolve approved CoreMap township from postal region/township names; local match skipped (township must resolve first),,non_admin_postal_locality,township name unresolved as CoreMap township; locality treated as non-admin postal place/town,
0563003,non_admin_postal_locality,မန္တလေးတိုင်းဒေသကြီး,Mandalay Region,ပုဂံ မြို့,Bagan Town,သီရိပစ္စယာ ရပ်ကွက်,Thi Ri Pyit Sa Yar Quarter,ward,,,township_unresolved,non_admin_unresolved_township_name,0,1,1,Could not resolve approved CoreMap township from postal region/township names; local match skipped (township must resolve first),,non_admin_postal_locality,township name unresolved as CoreMap township; locality treated as non-admin postal place/town,
0563004,non_admin_postal_locality,မန္တလေးတိုင်းဒေသကြီး,Mandalay Region,ပုဂံ မြို့,Bagan Town,ရွှေတွင်း ရပ်ကွက်,Shwe Twin Quarter,ward,,,township_unresolved,non_admin_unresolved_township_name,0,1,1,Could not resolve approved CoreMap township from postal region/township names; local match skipped (township must resolve first),,non_admin_postal_locality,township name unresolved as CoreMap township; locality treated as non-admin postal place/town,
0563005,non_admin_postal_locality,မန္တလေးတိုင်းဒေသကြီး,Mandalay Region,ပုဂံ မြို့,Bagan Town,အရှေ့ရွာနောင် ရပ်ကွက်,Ah Shey Ywar Naung Quarter,ward,,,township_unresolved,non_admin_unresolved_township_name,0,1,1,Could not resolve approved CoreMap township from postal region/township names; local match skipped (township must resolve first),,non_admin_postal_locality,township name unresolved as CoreMap township; locality treated as non-admin postal place/town,
0563006,non_admin_postal_locality,မန္တလေးတိုင်းဒေသကြီး,Mandalay Region,ပုဂံ မြို့,Bagan Town,ဂန့်ဂါ (ဟော်တယ်ဇုံ ၄) ရပ်ကွက်,Gang Ga (Hotel Zone 4) Quarter,ward,,,township_unresolved,non_admin_unresolved_township_name,0,1,1,Could not resolve approved CoreMap township from postal region/township names; local match skipped (township must resolve first),,non_admin_postal_locality,township name unresolved as CoreMap township; locality treated as non-admin postal place/town,
0564001,non_admin_postal_locality,မန္တလေးတိုင်းဒေသကြီး,Mandalay Region,ငါ့သရောက် မြို့,Ngathayauk Town,အမှတ် (၁) ရပ်ကွက်,No (1) Quarter,ward,,,township_unresolved,non_admin_unresolved_township_name,0,1,1,Could not resolve approved CoreMap township from postal region/township names; local match skipped (township must resolve first),,non_admin_postal_locality,township name unresolved as CoreMap township; locality treated as non-admin postal place/town,
0564002,non_admin_postal_locality,မန္တလေးတိုင်းဒေသကြီး,Mandalay Region,ငါ့သရောက် မြို့,Ngathayauk Town,အမှတ် (၂) ရပ်ကွက်,No (2) Quarter,ward,,,township_unresolved,non_admin_unresolved_township_name,0,1,1,Could not resolve approved CoreMap township from postal region/township names; local match skipped (township must resolve first),,non_admin_postal_locality,township name unresolved as CoreMap township; locality treated as non-admin postal place/town,
0564003,non_admin_postal_locality,မန္တလေးတိုင်းဒေသကြီး,Mandalay Region,ငါ့သရောက် မြို့,Ngathayauk Town,အမှတ် (၃) ရပ်ကွက်,No (3) Quarter,ward,,,township_unresolved,non_admin_unresolved_township_name,0,1,1,Could not resolve approved CoreMap township from postal region/township names; local match skipped (township must resolve first),,non_admin_postal_locality,township name unresolved as CoreMap township; locality treated as non-admin postal place/town,
0564004,non_admin_postal_locality,မန္တလေးတိုင်းဒေသကြီး,Mandalay Region,ငါ့သရောက် မြို့,Ngathayauk Town,အမှတ် (၄) ရပ်ကွက်,No (4) Quarter,ward,,,township_unresolved,non_admin_unresolved_township_name,0,1,1,Could not resolve approved CoreMap township from postal region/township names; local match skipped (township must resolve first),,non_admin_postal_locality,township name unresolved as CoreMap township; locality treated as non-admin postal place/town,
0601001,missing_local_admin_identity,ရှမ်းပြည်နယ် (တောင်ပိုင်း),Shan State (South),တောင်ကြီး မြို့နယ်,Taunggyi Township,ညောင်ဖြူစခန်း ရပ်ကွက်,Nyaung Hpyu Sa Khan Quarter,ward,6114,,no_exact_or_fuzzy,missing_local_after_rebind,0,1,1,"Township 6114 resolved, but no exact approved ward/village-tract identity matched; will not invent admin from postal text",,missing_local_admin_identity,township resolved; no exact inventory identity for locality,
0601002,missing_local_admin_identity,ရှမ်းပြည်နယ် (တောင်ပိုင်း),Shan State (South),တောင်ကြီး မြို့နယ်,Taunggyi Township,မင်္ဂလာဦး ရပ်ကွက်,Min Ga Lar U Quarter,ward,6114,,no_exact_or_fuzzy,missing_local_after_rebind,0,1,1,"Township 6114 resolved, but no exact approved ward/village-tract identity matched; will not invent admin from postal text",,missing_local_admin_identity,township resolved; no exact inventory identity for locality,
0601003,missing_local_admin_identity,ရှမ်းပြည်နယ် (တောင်ပိုင်း),Shan State (South),တောင်ကြီး မြို့နယ်,Taunggyi Township,ပြည်တော်သာ ရပ်ကွက်,Pyi Taw Thar Quarter,ward,6114,,no_exact_or_fuzzy,missing_local_after_rebind,0,1,1,"Township 6114 resolved, but no exact approved ward/village-tract identity matched; will not invent admin from postal text",,missing_local_admin_identity,township resolved; no exact inventory identity for locality,
0601004,missing_local_admin_identity,ရှမ်းပြည်နယ် (တောင်ပိုင်း),Shan State (South),တောင်ကြီး မြို့နယ်,Taunggyi Township,ရတနာသီရိ ရပ်ကွက်,Ya Da Nar Thi Ri Quarter,ward,6114,,no_exact_or_fuzzy,missing_local_after_rebind,0,1,1,"Township 6114 resolved, but no exact approved ward/village-tract identity matched; will not invent admin from postal text",,missing_local_admin_identity,township resolved; no exact inventory identity for locality,
0601005,missing_local_admin_identity,ရှမ်းပြည်နယ် (တောင်ပိုင်း),Shan State (South),တောင်ကြီး မြို့နယ်,Taunggyi Township,ညောင်ရွှေဟော်ကုန်း ရပ်ကွက်,Nyaung Shwe Haw Kone Quarter,ward,6114,,no_exact_or_fuzzy,missing_local_after_rebind,0,1,1,"Township 6114 resolved, but no exact approved ward/village-tract identity matched; will not invent admin from postal text",,missing_local_admin_identity,township resolved; no exact inventory identity for locality,
0601006,missing_local_admin_identity,ရှမ်းပြည်နယ် (တောင်ပိုင်း),Shan State (South),တောင်ကြီး မြို့နယ်,Taunggyi Township,ရေအေးကွင်း ရပ်ကွက်,Yae Aye Kwin Quarter,ward,6114,,no_exact_or_fuzzy,missing_local_after_rebind,0,1,1,"Township 6114 resolved, but no exact approved ward/village-tract identity matched; will not invent admin from postal text",,missing_local_admin_identity,township resolved; no exact inventory identity for locality,
0601007,missing_local_admin_identity,ရှမ်းပြည်နယ် (တောင်ပိုင်း),Shan State (South),တောင်ကြီး မြို့နယ်,Taunggyi Township,ကန်အောက် ရပ်ကွက်,Kan Auk Quarter,ward,6114,,no_exact_or_fuzzy,missing_local_after_rebind,0,1,1,"Township 6114 resolved, but no exact approved ward/village-tract identity matched; will not invent admin from postal text",,missing_local_admin_identity,township resolved; no exact inventory identity for locality,
0601008,missing_local_admin_identity,ရှမ်းပြည်နယ် (တောင်ပိုင်း),Shan State (South),တောင်ကြီး မြို့နယ်,Taunggyi Township,ချမ်းမြသာစည် ရပ်ကွက်,Chan Mya Thar Zi Quarter,ward,6114,,no_exact_or_fuzzy,missing_local_after_rebind,0,1,1,"Township 6114 resolved, but no exact approved ward/village-tract identity matched; will not invent admin from postal text",,missing_local_admin_identity,township resolved; no exact inventory identity for locality,
0601009,missing_local_admin_identity,ရှမ်းပြည်နယ် (တောင်ပိုင်း),Shan State (South),တောင်ကြီး မြို့နယ်,Taunggyi Township,ဈေးပိုင်း ရပ်ကွက်,Zay Paing Quarter,ward,6114,,no_exact_or_fuzzy,missing_local_after_rebind,0,1,1,"Township 6114 resolved, but no exact approved ward/village-tract identity matched; will not invent admin from postal text",,missing_local_admin_identity,township resolved; no exact inventory identity for locality,
0601010,missing_local_admin_identity,ရှမ်းပြည်နယ် (တောင်ပိုင်း),Shan State (South),တောင်ကြီး မြို့နယ်,Taunggyi Township,ရွှေတောင် ရပ်ကွက်,Shwe Taung Quarter,ward,6114,,no_exact_or_fuzzy,missing_local_after_rebind,0,1,1,"Township 6114 resolved, but no exact approved ward/village-tract identity matched; will not invent admin from postal text",,missing_local_admin_identity,township resolved; no exact inventory identity for locality,
0601011,missing_local_admin_identity,ရှမ်းပြည်နယ် (တောင်ပိုင်း),Shan State (South),တောင်ကြီး မြို့နယ်,Taunggyi Township,ကံအောက် ရပ်ကွက်,Kan Auk Quarter,ward,6114,,no_exact_or_fuzzy,missing_local_after_rebind,0,1,1,"Township 6114 resolved, but no exact approved ward/village-tract identity matched; will not invent admin from postal text",,missing_local_admin_identity,township resolved; no exact inventory identity for locality,
0601012,missing_local_admin_identity,ရှမ်းပြည်နယ် (တောင်ပိုင်း),Shan State (South),တောင်ကြီး မြို့နယ်,Taunggyi Township,လမ်းမတော် ရပ်ကွက်,Lan Ma Taw Quarter,ward,6114,,no_exact_or_fuzzy,missing_local_after_rebind,0,1,1,"Township 6114 resolved, but no exact approved ward/village-tract identity matched; will not invent admin from postal text",,missing_local_admin_identity,township resolved; no exact inventory identity for locality,
0601013,missing_local_admin_identity,ရှမ်းပြည်နယ် (တောင်ပိုင်း),Shan State (South),တောင်ကြီး မြို့နယ်,Taunggyi Township,ဟော်ကုန်း ရပ်ကွက်,Haw Kone Quarter,ward,6114,,no_exact_or_fuzzy,missing_local_after_rebind,0,1,1,"Township 6114 resolved, but no exact approved ward/village-tract identity matched; will not invent admin from postal text",,missing_local_admin_identity,township resolved; no exact inventory identity for locality,
0601014,missing_local_admin_identity,ရှမ်းပြည်နယ် (တောင်ပိုင်း),Shan State (South),တောင်ကြီး မြို့နယ်,Taunggyi Township,စိန်ပန်း ရပ်ကွက်,Sein Pan Quarter,ward,6114,,no_exact_or_fuzzy,missing_local_after_rebind,0,1,1,"Township 6114 resolved, but no exact approved ward/village-tract identity matched; will not invent admin from postal text",,missing_local_admin_identity,township resolved; no exact inventory identity for locality,
0601015,missing_local_admin_identity,ရှမ်းပြည်နယ် (တောင်ပိုင်း),Shan State (South),တောင်ကြီး မြို့နယ်,Taunggyi Township,ကံသာ ရပ်ကွက်,Kan Thar Quarter,ward,6114,,no_exact_or_fuzzy,missing_local_after_rebind,0,1,1,"Township 6114 resolved, but no exact approved ward/village-tract identity matched; will not invent admin from postal text",,missing_local_admin_identity,township resolved; no exact inventory identity for locality,
0601016,missing_local_admin_identity,ရှမ်းပြည်နယ် (တောင်ပိုင်း),Shan State (South),တောင်ကြီး မြို့နယ်,Taunggyi Township,မြို့မ ရပ်ကွက်,Myo Ma Quarter,ward,6114,,no_exact_or_fuzzy,missing_local_after_rebind,0,1,1,"Township 6114 resolved, but no exact approved ward/village-tract identity matched; will not invent admin from postal text",,missing_local_admin_identity,township resolved; no exact inventory identity for locality,
0601017,missing_local_admin_identity,ရှမ်းပြည်နယ် (တောင်ပိုင်း),Shan State (South),တောင်ကြီး မြို့နယ်,Taunggyi Township,သစ်တော ရပ်ကွက်,Thit Taw Quarter,ward,6114,,no_exact_or_fuzzy,missing_local_after_rebind,0,1,1,"Township 6114 resolved, but no exact approved ward/village-tract identity matched; will not invent admin from postal text",,missing_local_admin_identity,township resolved; no exact inventory identity for locality,
0601018,missing_local_admin_identity,ရှမ်းပြည်နယ် (တောင်ပိုင်း),Shan State (South),တောင်ကြီး မြို့နယ်,Taunggyi Township,ချမ်းသာ ရပ်ကွက်,Chan Thar Quarter,ward,6114,,no_exact_or_fuzzy,missing_local_after_rebind,0,1,1,"Township 6114 resolved, but no exact approved ward/village-tract identity matched; will not invent admin from postal text",,missing_local_admin_identity,township resolved; no exact inventory identity for locality,
0601019,missing_local_admin_identity,ရှမ်းပြည်နယ် (တောင်ပိုင်း),Shan State (South),တောင်ကြီး မြို့နယ်,Taunggyi Township,ကျောင်းကြီးစု ရပ်ကွက်,Kyaung Gyi Su Quarter,ward,6114,,no_exact_or_fuzzy,missing_local_after_rebind,0,1,1,"Township 6114 resolved, but no exact approved ward/village-tract identity matched; will not invent admin from postal text",,missing_local_admin_identity,township resolved; no exact inventory identity for locality,
0601020,missing_local_admin_identity,ရှမ်းပြည်နယ် (တောင်ပိုင်း),Shan State (South),တောင်ကြီး မြို့နယ်,Taunggyi Township,စပ်စံထွန်း ရပ်ကွက်,Sat San Tun Quarter,ward,6114,,no_exact_or_fuzzy,missing_local_after_rebind,0,1,1,"Township 6114 resolved, but no exact approved ward/village-tract identity matched; will not invent admin from postal text",,missing_local_admin_identity,township resolved; no exact inventory identity for locality,
0601021,missing_local_admin_identity,ရှမ်းပြည်နယ် (တောင်ပိုင်း),Shan State (South),တောင်ကြီး မြို့နယ်,Taunggyi Township,ဘုရားဖြူ ရပ်ကွက်,Hpa Yar Phyu Quarter,ward,6114,,no_exact_or_fuzzy,missing_local_after_rebind,0,1,1,"Township 6114 resolved, but no exact approved ward/village-tract identity matched; will not invent admin from postal text",,missing_local_admin_identity,township resolved; no exact inventory identity for locality,
0601022,missing_local_admin_identity,ရှမ်းပြည်နယ် (တောင်ပိုင်း),Shan State (South),တောင်ကြီး မြို့နယ်,Taunggyi Township,ကံကြီး ရပ်ကွက်,Kan Gyi Quarter,ward,6114,,no_exact_or_fuzzy,missing_local_after_rebind,0,1,1,"Township 6114 resolved, but no exact approved ward/village-tract identity matched; will not invent admin from postal text",,missing_local_admin_identity,township resolved; no exact inventory identity for locality,
0603001,missing_local_admin_identity,ရှမ်းပြည်နယ် (တောင်ပိုင်း),Shan State (South),ပင်းတယ မြို့နယ်,Pindaya Township,ဆူးဗိုကုန်း ရပ်ကွက်,Sue Bo Kone Quarter,ward,6144,,no_exact_or_fuzzy,missing_local_after_rebind,0,1,1,"Township 6144 resolved, but no exact approved ward/village-tract identity matched; will not invent admin from postal text",,missing_local_admin_identity,township resolved; no exact inventory identity for locality,
0603002,missing_local_admin_identity,ရှမ်းပြည်နယ် (တောင်ပိုင်း),Shan State (South),ပင်းတယ မြို့နယ်,Pindaya Township,ရှမ်း ရပ်ကွက်,Shan Quarter,ward,6144,,no_exact_or_fuzzy,missing_local_after_rebind,0,1,1,"Township 6144 resolved, but no exact approved ward/village-tract identity matched; will not invent admin from postal text",,missing_local_admin_identity,township resolved; no exact inventory identity for locality,
0603003,missing_local_admin_identity,ရှမ်းပြည်နယ် (တောင်ပိုင်း),Shan State (South),ပင်းတယ မြို့နယ်,Pindaya Township,ဈေးတန်း ရပ်ကွက်,Zay Tan Quarter,ward,6144,,no_exact_or_fuzzy,missing_local_after_rebind,0,1,1,"Township 6144 resolved, but no exact approved ward/village-tract identity matched; will not invent admin from postal text",,missing_local_admin_identity,township resolved; no exact inventory identity for locality,
0603004,missing_local_admin_identity,ရှမ်းပြည်နယ် (တောင်ပိုင်း),Shan State (South),ပင်းတယ မြို့နယ်,Pindaya Township,ဆင်ခေါင်း ရပ်ကွက်,Sin Gaung Quarter,ward,6144,,no_exact_or_fuzzy,missing_local_after_rebind,0,1,1,"Township 6144 resolved, but no exact approved ward/village-tract identity matched; will not invent admin from postal text",,missing_local_admin_identity,township resolved; no exact inventory identity for locality,
0603005,missing_local_admin_identity,ရှမ်းပြည်နယ် (တောင်ပိုင်း),Shan State (South),ပင်းတယ မြို့နယ်,Pindaya Township,ရွာသစ်စေတီကုန်း ရပ်ကွက်,Ywar Thit Zay Di Kone Quarter,ward,6144,,no_exact_or_fuzzy,missing_local_after_rebind,0,1,1,"Township 6144 resolved, but no exact approved ward/village-tract identity matched; will not invent admin from postal text",,missing_local_admin_identity,township resolved; no exact inventory identity for locality,
0603006,missing_local_admin_identity,ရှမ်းပြည်နယ် (တောင်ပိုင်း),Shan State (South),ပင်းတယ မြို့နယ်,Pindaya Township,အော်ယော ရပ်ကွက်,Aw Yaw Quarter,ward,6144,,no_exact_or_fuzzy,missing_local_after_rebind,0,1,1,"Township 6144 resolved, but no exact approved ward/village-tract identity matched; will not invent admin from postal text",,missing_local_admin_identity,township resolved; no exact inventory identity for locality,
0603007,missing_local_admin_identity,ရှမ်းပြည်နယ် (တောင်ပိုင်း),Shan State (South),ပင်းတယ မြို့နယ်,Pindaya Township,ရွာငယ် ရပ်ကွက်,Ywar Nge Quarter,ward,6144,,no_exact_or_fuzzy,missing_local_after_rebind,0,1,1,"Township 6144 resolved, but no exact approved ward/village-tract identity matched; will not invent admin from postal text",,missing_local_admin_identity,township resolved; no exact inventory identity for locality,
0603008,missing_local_admin_identity,ရှမ်းပြည်နယ် (တောင်ပိုင်း),Shan State (South),ပင်းတယ မြို့နယ်,Pindaya Township,ဟော်ကုန်း ရပ်ကွက်,Haw Kone Quarter,ward,6144,,no_exact_or_fuzzy,missing_local_after_rebind,0,1,1,"Township 6144 resolved, but no exact approved ward/village-tract identity matched; will not invent admin from postal text",,missing_local_admin_identity,township resolved; no exact inventory identity for locality,
0603009,missing_local_admin_identity,ရှမ်းပြည်နယ် (တောင်ပိုင်း),Shan State (South),ပင်းတယ မြို့နယ်,Pindaya Township,အနောက် ရပ်ကွက်,Ah Nauk Quarter,ward,6144,,no_exact_or_fuzzy,missing_local_after_rebind,0,1,1,"Township 6144 resolved, but no exact approved ward/village-tract identity matched; will not invent admin from postal text",,missing_local_admin_identity,township resolved; no exact inventory identity for locality,
0603010,missing_local_admin_identity,ရှမ်းပြည်နယ် (တောင်ပိုင်း),Shan State (South),ပင်းတယ မြို့နယ်,Pindaya Township,ပေါက်တော ရပ်ကွက်,Pauk Taw Quarter,ward,6144,,no_exact_or_fuzzy,missing_local_after_rebind,0,1,1,"Township 6144 resolved, but no exact approved ward/village-tract identity matched; will not invent admin from postal text",,missing_local_admin_identity,township resolved; no exact inventory identity for locality,
0603011,missing_local_admin_identity,ရှမ်းပြည်နယ် (တောင်ပိုင်း),Shan State (South),ပင်းတယ မြို့နယ်,Pindaya Township,ငှက်ပျောတော ရပ်ကွက်,Hgnet Pyaw Taw Quarter,ward,6144,,no_exact_or_fuzzy,missing_local_after_rebind,0,1,1,"Township 6144 resolved, but no exact approved ward/village-tract identity matched; will not invent admin from postal text",,missing_local_admin_identity,township resolved; no exact inventory identity for locality,
0603012,missing_local_admin_identity,ရှမ်းပြည်နယ် (တောင်ပိုင်း),Shan State (South),ပင်းတယ မြို့နယ်,Pindaya Township,ပြည်တော်သာ ရပ်ကွက်,Pyi Taw Thar Quarter,ward,6144,,no_exact_or_fuzzy,missing_local_after_rebind,0,1,1,"Township 6144 resolved, but no exact approved ward/village-tract identity matched; will not invent admin from postal text",,missing_local_admin_identity,township resolved; no exact inventory identity for locality,
0603013,missing_local_admin_identity,ရှမ်းပြည်နယ် (တောင်ပိုင်း),Shan State (South),ပင်းတယ မြို့နယ်,Pindaya Township,သီရိမင်္ဂလာရပ်ကွက် ရပ်ကွက်,Thiri Mingalar Quarter,ward,6144,,no_exact_or_fuzzy,missing_local_after_rebind,0,1,1,"Township 6144 resolved, but no exact approved ward/village-tract identity matched; will not invent admin from postal text",,missing_local_admin_identity,township resolved; no exact inventory identity for locality,
0605204,linked_after_review,ရှမ်းပြည်နယ် (တောင်ပိုင်း),Shan State (South),ပင်လောင်း မြို့နယ်,Pinlaung Township,ထီပေါင်း ကျေးရွာအုပ်စု,Taung Hti Bwar Village Tract,village_tract,6073,,exact_my,deterministic_multi_create_pick,0,1,1,"Exact name matches Phase-3 approved create_mimu_placeholder / create_new, but no local_admin_area_id exists yet — do not invent id from postal text",,linked_after_review,multiple similar creates (2); deterministic pick village_tract:MMR014009004:row13103:village_tract_boundary_Shan_v94.zip_mmr_shn_polbnda_adm4_250k_mimu_1.shp,8a828723-fac4-4f2d-ba47-86870964e8b7
0606006,missing_local_admin_identity,ရှမ်းပြည်နယ် (တောင်ပိုင်း),Shan State (South),ဖယ်ခုံ မြို့နယ်,Pekon Township,ဈေးတန်း ရပ်ကွက်,Zay Tan Quarter,ward,6039,,no_exact_or_fuzzy,missing_local_after_rebind,0,1,1,"Township 6039 resolved, but no exact approved ward/village-tract identity matched; will not invent admin from postal text",,missing_local_admin_identity,township resolved; no exact inventory identity for locality,
0606210,missing_local_admin_identity,ရှမ်းပြည်နယ် (တောင်ပိုင်း),Shan State (South),ဖယ်ခုံ မြို့နယ်,Pekon Township,ကယော ကျေးရွာအုပ်စု,Kayaw Village Tract,village_tract,6039,,no_exact_or_fuzzy,missing_local_after_rebind,0,1,1,"Township 6039 resolved, but no exact approved ward/village-tract identity matched; will not invent admin from postal text",,missing_local_admin_identity,township resolved; no exact inventory identity for locality,
0606211,missing_local_admin_identity,ရှမ်းပြည်နယ် (တောင်ပိုင်း),Shan State (South),ဖယ်ခုံ မြို့နယ်,Pekon Township,နောင်လိုင် ကျေးရွာအုပ်စု,Pekon(Naung Hlaing) Village Tract,village_tract,6039,,no_exact_or_fuzzy,missing_local_after_rebind,0,1,1,"Township 6039 resolved, but no exact approved ward/village-tract identity matched; will not invent admin from postal text",,missing_local_admin_identity,township resolved; no exact inventory identity for locality,
0617002,missing_local_admin_identity,ရှမ်းပြည်နယ် (တောင်ပိုင်း),Shan State (South),မိုးနဲ မြို့နယ်,Mongnai Township,လွိုင်မြေ ရပ်ကွက်,Lwi Myay Quarter,ward,6362,,no_exact_or_fuzzy,missing_local_after_rebind,0,1,1,"Township 6362 resolved, but no exact approved ward/village-tract identity matched; will not invent admin from postal text",,missing_local_admin_identity,township resolved; no exact inventory identity for locality,
0617203,missing_local_admin_identity,ရှမ်းပြည်နယ် (တောင်ပိုင်း),Shan State (South),မိုးနဲ မြို့နယ်,Mongnai Township,နားလွိုင် ကျေးရွာအုပ်စု,Nar Loi Village Tract,village_tract,6362,,no_exact_or_fuzzy,missing_local_after_rebind,0,1,1,"Township 6362 resolved, but no exact approved ward/village-tract identity matched; will not invent admin from postal text",,missing_local_admin_identity,township resolved; no exact inventory identity for locality,
0620205,missing_local_admin_identity,ရှမ်းပြည်နယ် (တောင်ပိုင်း),Shan State (South),မိုင်းပန် မြို့နယ်,Mongpan Township,တောင်ကိုင်း ကျေးရွာအုပ်စု,Taung Kaing Village Tract,village_tract,6333,,no_exact_or_fuzzy,missing_local_after_rebind,0,1,1,"Township 6333 resolved, but no exact approved ward/village-tract identity matched; will not invent admin from postal text",,missing_local_admin_identity,township resolved; no exact inventory identity for locality,
0621205,missing_local_admin_identity,ရှမ်းပြည်နယ် (တောင်ပိုင်း),Shan State (South),ကွန်ဟိန်း မြို့နယ်,Kunhing Township,လိုက်ကမ် ကျေးရွာအုပ်စု,Laik Kam Village Tract,village_tract,6313,,no_exact_or_fuzzy,missing_local_after_rebind,0,1,1,"Township 6313 resolved, but no exact approved ward/village-tract identity matched; will not invent admin from postal text",,missing_local_admin_identity,township resolved; no exact inventory identity for locality,
0660001,non_admin_postal_locality,ရှမ်းပြည်နယ် (တောင်ပိုင်း),Shan State (South),ရွှေညောင် မြို့,Shwenyaung Town,လှိုင်ဘုံသာ ရပ်ကွက်,Hlaing Bon Thar Quarter,ward,,,township_unresolved,non_admin_unresolved_township_name,0,1,1,Could not resolve approved CoreMap township from postal region/township names; local match skipped (township must resolve first),,non_admin_postal_locality,township name unresolved as CoreMap township; locality treated as non-admin postal place/town,
0660002,non_admin_postal_locality,ရှမ်းပြည်နယ် (တောင်ပိုင်း),Shan State (South),ရွှေညောင် မြို့,Shwenyaung Town,သုခချမ်းသာ ရပ်ကွက်,Thu Kha Chan Thar Quarter,ward,,,township_unresolved,non_admin_unresolved_township_name,0,1,1,Could not resolve approved CoreMap township from postal region/township names; local match skipped (township must resolve first),,non_admin_postal_locality,township name unresolved as CoreMap township; locality treated as non-admin postal place/town,
0660003,non_admin_postal_locality,ရှမ်းပြည်နယ် (တောင်ပိုင်း),Shan State (South),ရွှေညောင် မြို့,Shwenyaung Town,ရွှေဘုံသာ ရပ်ကွက်,Shwe Bon Thar Quarter,ward,,,township_unresolved,non_admin_unresolved_township_name,0,1,1,Could not resolve approved CoreMap township from postal region/township names; local match skipped (township must resolve first),,non_admin_postal_locality,township name unresolved as CoreMap township; locality treated as non-admin postal place/town,
0660004,non_admin_postal_locality,ရှမ်းပြည်နယ် (တောင်ပိုင်း),Shan State (South),ရွှေညောင် မြို့,Shwenyaung Town,ဓနသိဒ္ဓိ ရပ်ကွက်,Dana Theik Di Quarter,ward,,,township_unresolved,non_admin_unresolved_township_name,0,1,1,Could not resolve approved CoreMap township from postal region/township names; local match skipped (township must resolve first),,non_admin_postal_locality,township name unresolved as CoreMap township; locality treated as non-admin postal place/town,
0660005,non_admin_postal_locality,ရှမ်းပြည်နယ် (တောင်ပိုင်း),Shan State (South),ရွှေညောင် မြို့,Shwenyaung Town,ရတနာ ရပ်ကွက်,Ya Da Nar Quarter,ward,,,township_unresolved,non_admin_unresolved_township_name,0,1,1,Could not resolve approved CoreMap township from postal region/township names; local match skipped (township must resolve first),,non_admin_postal_locality,township name unresolved as CoreMap township; locality treated as non-admin postal place/town,
0660006,non_admin_postal_locality,ရှမ်းပြည်နယ် (တောင်ပိုင်း),Shan State (South),ရွှေညောင် မြို့,Shwenyaung Town,မင်္ဂလာရွှေဗဟို ရပ်ကွက်,Min Ga Lar Shwe Baho Quarter,ward,,,township_unresolved,non_admin_unresolved_township_name,0,1,1,Could not resolve approved CoreMap township from postal region/township names; local match skipped (township must resolve first),,non_admin_postal_locality,township name unresolved as CoreMap township; locality treated as non-admin postal place/town,
0660007,non_admin_postal_locality,ရှမ်းပြည်နယ် (တောင်ပိုင်း),Shan State (South),ရွှေညောင် မြို့,Shwenyaung Town,မင်္ဂလာအောင်မြေ ရပ်ကွက်,Min Ga Lar Aung Myay Quarter,ward,,,township_unresolved,non_admin_unresolved_township_name,0,1,1,Could not resolve approved CoreMap township from postal region/township names; local match skipped (township must resolve first),,non_admin_postal_locality,township name unresolved as CoreMap township; locality treated as non-admin postal place/town,
0660008,non_admin_postal_locality,ရှမ်းပြည်နယ် (တောင်ပိုင်း),Shan State (South),ရွှေညောင် မြို့,Shwenyaung Town,ဆည်လဲ ရပ်ကွက်,Se Lel Quarter,ward,,,township_unresolved,non_admin_unresolved_township_name,0,1,1,Could not resolve approved CoreMap township from postal region/township names; local match skipped (township must resolve first),,non_admin_postal_locality,township name unresolved as CoreMap township; locality treated as non-admin postal place/town,
0660009,non_admin_postal_locality,ရှမ်းပြည်နယ် (တောင်ပိုင်း),Shan State (South),ရွှေညောင် မြို့,Shwenyaung Town,စဉ့်ဟယ် ရပ်ကွက်,Sint Hal Quarter,ward,,,township_unresolved,non_admin_unresolved_township_name,0,1,1,Could not resolve approved CoreMap township from postal region/township names; local match skipped (township must resolve first),,non_admin_postal_locality,township name unresolved as CoreMap township; locality treated as non-admin postal place/town,
0660010,non_admin_postal_locality,ရှမ်းပြည်နယ် (တောင်ပိုင်း),Shan State (South),ရွှေညောင် မြို့,Shwenyaung Town,အောင်သပြေ ရပ်ကွက်,Aung Tha Pyay Quarter,ward,,,township_unresolved,non_admin_unresolved_township_name,0,1,1,Could not resolve approved CoreMap township from postal region/township names; local match skipped (township must resolve first),,non_admin_postal_locality,township name unresolved as CoreMap township; locality treated as non-admin postal place/town,
0660011,non_admin_postal_locality,ရှမ်းပြည်နယ် (တောင်ပိုင်း),Shan State (South),ရွှေညောင် မြို့,Shwenyaung Town,မင်္ဂလာ ရပ်ကွက်,Min Ga Lar Quarter,ward,,,township_unresolved,non_admin_unresolved_township_name,0,1,1,Could not resolve approved CoreMap township from postal region/township names; local match skipped (township must resolve first),,non_admin_postal_locality,township name unresolved as CoreMap township; locality treated as non-admin postal place/town,
0661001,non_admin_postal_locality,ရှမ်းပြည်နယ် (တောင်ပိုင်း),Shan State (South),အေးသာယာ မြို့,Ayetharyar Town,အမှတ် (၁) ရပ်ကွက်,No (1) Quarter,ward,,,township_unresolved,non_admin_unresolved_township_name,0,1,1,Could not resolve approved CoreMap township from postal region/township names; local match skipped (township must resolve first),,non_admin_postal_locality,township name unresolved as CoreMap township; locality treated as non-admin postal place/town,
0661002,non_admin_postal_locality,ရှမ်းပြည်နယ် (တောင်ပိုင်း),Shan State (South),အေးသာယာ မြို့,Ayetharyar Town,အမှတ် (၂) ရပ်ကွက်,No (2) Quarter,ward,,,township_unresolved,non_admin_unresolved_township_name,0,1,1,Could not resolve approved CoreMap township from postal region/township names; local match skipped (township must resolve first),,non_admin_postal_locality,township name unresolved as CoreMap township; locality treated as non-admin postal place/town,
0661003,non_admin_postal_locality,ရှမ်းပြည်နယ် (တောင်ပိုင်း),Shan State (South),အေးသာယာ မြို့,Ayetharyar Town,အမှတ် (၃) ရပ်ကွက်,No (3) Quarter,ward,,,township_unresolved,non_admin_unresolved_township_name,0,1,1,Could not resolve approved CoreMap township from postal region/township names; local match skipped (township must resolve first),,non_admin_postal_locality,township name unresolved as CoreMap township; locality treated as non-admin postal place/town,
0661004,non_admin_postal_locality,ရှမ်းပြည်နယ် (တောင်ပိုင်း),Shan State (South),အေးသာယာ မြို့,Ayetharyar Town,အမှတ် (၄) ရပ်ကွက်,No (4) Quarter,ward,,,township_unresolved,non_admin_unresolved_township_name,0,1,1,Could not resolve approved CoreMap township from postal region/township names; local match skipped (township must resolve first),,non_admin_postal_locality,township name unresolved as CoreMap township; locality treated as non-admin postal place/town,
0661005,non_admin_postal_locality,ရှမ်းပြည်နယ် (တောင်ပိုင်း),Shan State (South),အေးသာယာ မြို့,Ayetharyar Town,အမှတ် (၅) ရပ်ကွက်,No (5) Quarter,ward,,,township_unresolved,non_admin_unresolved_township_name,0,1,1,Could not resolve approved CoreMap township from postal region/township names; local match skipped (township must resolve first),,non_admin_postal_locality,township name unresolved as CoreMap township; locality treated as non-admin postal place/town,
0661006,non_admin_postal_locality,ရှမ်းပြည်နယ် (တောင်ပိုင်း),Shan State (South),အေးသာယာ မြို့,Ayetharyar Town,အမှတ် (၆) ရပ်ကွက်,No (6) Quarter,ward,,,township_unresolved,non_admin_unresolved_township_name,0,1,1,Could not resolve approved CoreMap township from postal region/township names; local match skipped (township must resolve first),,non_admin_postal_locality,township name unresolved as CoreMap township; locality treated as non-admin postal place/town,
0661007,non_admin_postal_locality,ရှမ်းပြည်နယ် (တောင်ပိုင်း),Shan State (South),အေးသာယာ မြို့,Ayetharyar Town,အမှတ် (၇) ရပ်ကွက်,No (7) Quarter,ward,,,township_unresolved,non_admin_unresolved_township_name,0,1,1,Could not resolve approved CoreMap township from postal region/township names; local match skipped (township must resolve first),,non_admin_postal_locality,township name unresolved as CoreMap township; locality treated as non-admin postal place/town,
0661008,non_admin_postal_locality,ရှမ်းပြည်နယ် (တောင်ပိုင်း),Shan State (South),အေးသာယာ မြို့,Ayetharyar Town,အမှတ် (၈) ရပ်ကွက်,No (8) Quarter,ward,,,township_unresolved,non_admin_unresolved_township_name,0,1,1,Could not resolve approved CoreMap township from postal region/township names; local match skipped (township must resolve first),,non_admin_postal_locality,township name unresolved as CoreMap township; locality treated as non-admin postal place/town,
0661009,non_admin_postal_locality,ရှမ်းပြည်နယ် (တောင်ပိုင်း),Shan State (South),အေးသာယာ မြို့,Ayetharyar Town,အမှတ် (၉) ရပ်ကွက်,No (9) Quarter,ward,,,township_unresolved,non_admin_unresolved_township_name,0,1,1,Could not resolve approved CoreMap township from postal region/township names; local match skipped (township must resolve first),,non_admin_postal_locality,township name unresolved as CoreMap township; locality treated as non-admin postal place/town,
0661010,non_admin_postal_locality,ရှမ်းပြည်နယ် (တောင်ပိုင်း),Shan State (South),အေးသာယာ မြို့,Ayetharyar Town,အမှတ် (၁၀) ရပ်ကွက်,No (10) Quarter,ward,,,township_unresolved,non_admin_unresolved_township_name,0,1,1,Could not resolve approved CoreMap township from postal region/township names; local match skipped (township must resolve first),,non_admin_postal_locality,township name unresolved as CoreMap township; locality treated as non-admin postal place/town,
0661011,non_admin_postal_locality,ရှမ်းပြည်နယ် (တောင်ပိုင်း),Shan State (South),အေးသာယာ မြို့,Ayetharyar Town,အမှတ် (၁၁) ရပ်ကွက်,No (11) Quarter,ward,,,township_unresolved,non_admin_unresolved_township_name,0,1,1,Could not resolve approved CoreMap township from postal region/township names; local match skipped (township must resolve first),,non_admin_postal_locality,township name unresolved as CoreMap township; locality treated as non-admin postal place/town,
0661012,non_admin_postal_locality,ရှမ်းပြည်နယ် (တောင်ပိုင်း),Shan State (South),အေးသာယာ မြို့,Ayetharyar Town,အမှတ် (၁၂) ရပ်ကွက်,No (12) Quarter,ward,,,township_unresolved,non_admin_unresolved_township_name,0,1,1,Could not resolve approved CoreMap township from postal region/township names; local match skipped (township must resolve first),,non_admin_postal_locality,township name unresolved as CoreMap township; locality treated as non-admin postal place/town,
0662001,non_admin_postal_locality,ရှမ်းပြည်နယ် (တောင်ပိုင်း),Shan State (South),ကျောက်တလုံးကြီး မြို့,Kyauktalonegyi Town,တပုရွေး ရပ်ကွက်,Ta Pu Yway Quarter,ward,,,township_unresolved,non_admin_unresolved_township_name,0,1,1,Could not resolve approved CoreMap township from postal region/township names; local match skipped (township must resolve first),,non_admin_postal_locality,township name unresolved as CoreMap township; locality treated as non-admin postal place/town,
0662002,non_admin_postal_locality,ရှမ်းပြည်နယ် (တောင်ပိုင်း),Shan State (South),ကျောက်တလုံးကြီး မြို့,Kyauktalonegyi Town,ဒုံအုံး ရပ်ကွက်,Don Ong Quarter,ward,,,township_unresolved,non_admin_unresolved_township_name,0,1,1,Could not resolve approved CoreMap township from postal region/township names; local match skipped (township must resolve first),,non_admin_postal_locality,township name unresolved as CoreMap township; locality treated as non-admin postal place/town,
0662003,non_admin_postal_locality,ရှမ်းပြည်နယ် (တောင်ပိုင်း),Shan State (South),ကျောက်တလုံးကြီး မြို့,Kyauktalonegyi Town,နောင်လုံ ရပ်ကွက်,Nawng Long Quarter,ward,,,township_unresolved,non_admin_unresolved_township_name,0,1,1,Could not resolve approved CoreMap township from postal region/township names; local match skipped (township must resolve first),,non_admin_postal_locality,township name unresolved as CoreMap township; locality treated as non-admin postal place/town,
0662004,non_admin_postal_locality,ရှမ်းပြည်နယ် (တောင်ပိုင်း),Shan State (South),ကျောက်တလုံးကြီး မြို့,Kyauktalonegyi Town,ထီလုံ ရပ်ကွက်,Hti Long Quarter,ward,,,township_unresolved,non_admin_unresolved_township_name,0,1,1,Could not resolve approved CoreMap township from postal region/township names; local match skipped (township must resolve first),,non_admin_postal_locality,township name unresolved as CoreMap township; locality treated as non-admin postal place/town,
0662005,non_admin_postal_locality,ရှမ်းပြည်နယ် (တောင်ပိုင်း),Shan State (South),ကျောက်တလုံးကြီး မြို့,Kyauktalonegyi Town,လင်းနား ရပ်ကွက်,Lin Nar Quarter,ward,,,township_unresolved,non_admin_unresolved_township_name,0,1,1,Could not resolve approved CoreMap township from postal region/township names; local match skipped (township must resolve first),,non_admin_postal_locality,township name unresolved as CoreMap township; locality treated as non-admin postal place/town,
0662006,non_admin_postal_locality,ရှမ်းပြည်နယ် (တောင်ပိုင်း),Shan State (South),ကျောက်တလုံးကြီး မြို့,Kyauktalonegyi Town,ကောင်ဝိန်း ရပ်ကွက်,Kawng Wein Quarter,ward,,,township_unresolved,non_admin_unresolved_township_name,0,1,1,Could not resolve approved CoreMap township from postal region/township names; local match skipped (township must resolve first),,non_admin_postal_locality,township name unresolved as CoreMap township; locality treated as non-admin postal place/town,
0664001,non_admin_postal_locality,ရှမ်းပြည်နယ် (တောင်ပိုင်း),Shan State (South),ဟဲဟိုး မြို့,He Hoe Town,အမှတ် (၁) ရပ်ကွက်,No (1) Quarter,ward,,,township_unresolved,non_admin_unresolved_township_name,0,1,1,Could not resolve approved CoreMap township from postal region/township names; local match skipped (township must resolve first),,non_admin_postal_locality,township name unresolved as CoreMap township; locality treated as non-admin postal place/town,
0664002,non_admin_postal_locality,ရှမ်းပြည်နယ် (တောင်ပိုင်း),Shan State (South),ဟဲဟိုး မြို့,He Hoe Town,အမှတ် (၂) ရပ်ကွက်,No (2) Quarter,ward,,,township_unresolved,non_admin_unresolved_township_name,0,1,1,Could not resolve approved CoreMap township from postal region/township names; local match skipped (township must resolve first),,non_admin_postal_locality,township name unresolved as CoreMap township; locality treated as non-admin postal place/town,
0664003,non_admin_postal_locality,ရှမ်းပြည်နယ် (တောင်ပိုင်း),Shan State (South),ဟဲဟိုး မြို့,He Hoe Town,အမှတ် (၃) ရပ်ကွက်,No (3) Quarter,ward,,,township_unresolved,non_admin_unresolved_township_name,0,1,1,Could not resolve approved CoreMap township from postal region/township names; local match skipped (township must resolve first),,non_admin_postal_locality,township name unresolved as CoreMap township; locality treated as non-admin postal place/town,
0664004,non_admin_postal_locality,ရှမ်းပြည်နယ် (တောင်ပိုင်း),Shan State (South),ဟဲဟိုး မြို့,He Hoe Town,အမှတ် (၄) ရပ်ကွက်,No (4) Quarter,ward,,,township_unresolved,non_admin_unresolved_township_name,0,1,1,Could not resolve approved CoreMap township from postal region/township names; local match skipped (township must resolve first),,non_admin_postal_locality,township name unresolved as CoreMap township; locality treated as non-admin postal place/town,
0664005,non_admin_postal_locality,ရှမ်းပြည်နယ် (တောင်ပိုင်း),Shan State (South),ဟဲဟိုး မြို့,He Hoe Town,အမှတ် (၅) ရပ်ကွက်,No (5) Quarter,ward,,,township_unresolved,non_admin_unresolved_township_name,0,1,1,Could not resolve approved CoreMap township from postal region/township names; local match skipped (township must resolve first),,non_admin_postal_locality,township name unresolved as CoreMap township; locality treated as non-admin postal place/town,
0665001,non_admin_postal_locality,ရှမ်းပြည်နယ် (တောင်ပိုင်း),Shan State (South),နောင်တရား မြို့,Naungtayar Town,အမှတ် (၁) ရပ်ကွက်,No (1) Quarter,ward,,,township_unresolved,non_admin_unresolved_township_name,0,1,1,Could not resolve approved CoreMap township from postal region/township names; local match skipped (township must resolve first),,non_admin_postal_locality,township name unresolved as CoreMap township; locality treated as non-admin postal place/town,
0665002,non_admin_postal_locality,ရှမ်းပြည်နယ် (တောင်ပိုင်း),Shan State (South),နောင်တရား မြို့,Naungtayar Town,အမှတ် (၂) ရပ်ကွက်,No (2) Quarter,ward,,,township_unresolved,non_admin_unresolved_township_name,0,1,1,Could not resolve approved CoreMap township from postal region/township names; local match skipped (township must resolve first),,non_admin_postal_locality,township name unresolved as CoreMap township; locality treated as non-admin postal place/town,
0665003,non_admin_postal_locality,ရှမ်းပြည်နယ် (တောင်ပိုင်း),Shan State (South),နောင်တရား မြို့,Naungtayar Town,အမှတ် (၃) ရပ်ကွက်,No (3) Quarter,ward,,,township_unresolved,non_admin_unresolved_township_name,0,1,1,Could not resolve approved CoreMap township from postal region/township names; local match skipped (township must resolve first),,non_admin_postal_locality,township name unresolved as CoreMap township; locality treated as non-admin postal place/town,
0666001,non_admin_postal_locality,ရှမ်းပြည်နယ် (တောင်ပိုင်း),Shan State (South),ပေါင်းလောင်း မြို့,Pawng Lawng Town,ရပ်ကွက် (၁) ရပ်ကွက်,No (1) Quarter,ward,,,township_unresolved,non_admin_unresolved_township_name,0,1,1,Could not resolve approved CoreMap township from postal region/township names; local match skipped (township must resolve first),,non_admin_postal_locality,township name unresolved as CoreMap township; locality treated as non-admin postal place/town,
0666002,non_admin_postal_locality,ရှမ်းပြည်နယ် (တောင်ပိုင်း),Shan State (South),ပေါင်းလောင်း မြို့,Pawng Lawng Town,ရပ်ကွက် (၂) ရပ်ကွက်,No (2) Quarter,ward,,,township_unresolved,non_admin_unresolved_township_name,0,1,1,Could not resolve approved CoreMap township from postal region/township names; local match skipped (township must resolve first),,non_admin_postal_locality,township name unresolved as CoreMap township; locality treated as non-admin postal place/town,
0666003,non_admin_postal_locality,ရှမ်းပြည်နယ် (တောင်ပိုင်း),Shan State (South),ပေါင်းလောင်း မြို့,Pawng Lawng Town,ရပ်ကွက် (၃) ရပ်ကွက်,No (3) Quarter,ward,,,township_unresolved,non_admin_unresolved_township_name,0,1,1,Could not resolve approved CoreMap township from postal region/township names; local match skipped (township must resolve first),,non_admin_postal_locality,township name unresolved as CoreMap township; locality treated as non-admin postal place/town,
0666004,non_admin_postal_locality,ရှမ်းပြည်နယ် (တောင်ပိုင်း),Shan State (South),ပေါင်းလောင်း မြို့,Pawng Lawng Town,ရပ်ကွက် (၄) ရပ်ကွက်,No (4) Quarter,ward,,,township_unresolved,non_admin_unresolved_township_name,0,1,1,Could not resolve approved CoreMap township from postal region/township names; local match skipped (township must resolve first),,non_admin_postal_locality,township name unresolved as CoreMap township; locality treated as non-admin postal place/town,
0666005,non_admin_postal_locality,ရှမ်းပြည်နယ် (တောင်ပိုင်း),Shan State (South),ပေါင်းလောင်း မြို့,Pawng Lawng Town,ရပ်ကွက် (၅) ရပ်ကွက်,No (5) Quarter,ward,,,township_unresolved,non_admin_unresolved_township_name,0,1,1,Could not resolve approved CoreMap township from postal region/township names; local match skipped (township must resolve first),,non_admin_postal_locality,township name unresolved as CoreMap township; locality treated as non-admin postal place/town,
0666006,non_admin_postal_locality,ရှမ်းပြည်နယ် (တောင်ပိုင်း),Shan State (South),ပေါင်းလောင်း မြို့,Pawng Lawng Town,ရပ်ကွက် (၆) ရပ်ကွက်,No (6) Quarter,ward,,,township_unresolved,non_admin_unresolved_township_name,0,1,1,Could not resolve approved CoreMap township from postal region/township names; local match skipped (township must resolve first),,non_admin_postal_locality,township name unresolved as CoreMap township; locality treated as non-admin postal place/town,
0667001,non_admin_postal_locality,ရှမ်းပြည်နယ် (တောင်ပိုင်း),Shan State (South),အင်တော မြို့,Intaw Town,အမှတ် (၁) ရပ်ကွက်,No (1) Quarter,ward,,,township_unresolved,non_admin_unresolved_township_name,0,1,1,Could not resolve approved CoreMap township from postal region/township names; local match skipped (township must resolve first),,non_admin_postal_locality,township name unresolved as CoreMap township; locality treated as non-admin postal place/town,
0667002,non_admin_postal_locality,ရှမ်းပြည်နယ် (တောင်ပိုင်း),Shan State (South),အင်တော မြို့,Intaw Town,အမှတ် (၂) ရပ်ကွက်,No (2) Quarter,ward,,,township_unresolved,non_admin_unresolved_township_name,0,1,1,Could not resolve approved CoreMap township from postal region/township names; local match skipped (township must resolve first),,non_admin_postal_locality,township name unresolved as CoreMap township; locality treated as non-admin postal place/town,
0667003,non_admin_postal_locality,ရှမ်းပြည်နယ် (တောင်ပိုင်း),Shan State (South),အင်တော မြို့,Intaw Town,အမှတ် (၃) ရပ်ကွက်,No (3) Quarter,ward,,,township_unresolved,non_admin_unresolved_township_name,0,1,1,Could not resolve approved CoreMap township from postal region/township names; local match skipped (township must resolve first),,non_admin_postal_locality,township name unresolved as CoreMap township; locality treated as non-admin postal place/town,
0667004,non_admin_postal_locality,ရှမ်းပြည်နယ် (တောင်ပိုင်း),Shan State (South),အင်တော မြို့,Intaw Town,အမှတ် (၄) ရပ်ကွက်,No (4) Quarter,ward,,,township_unresolved,non_admin_unresolved_township_name,0,1,1,Could not resolve approved CoreMap township from postal region/township names; local match skipped (township must resolve first),,non_admin_postal_locality,township name unresolved as CoreMap township; locality treated as non-admin postal place/town,
0667005,non_admin_postal_locality,ရှမ်းပြည်နယ် (တောင်ပိုင်း),Shan State (South),အင်တော မြို့,Intaw Town,အမှတ် (၅) ရပ်ကွက်,No (5) Quarter,ward,,,township_unresolved,non_admin_unresolved_township_name,0,1,1,Could not resolve approved CoreMap township from postal region/township names; local match skipped (township must resolve first),,non_admin_postal_locality,township name unresolved as CoreMap township; locality treated as non-admin postal place/town,
0667006,non_admin_postal_locality,ရှမ်းပြည်နယ် (တောင်ပိုင်း),Shan State (South),အင်တော မြို့,Intaw Town,အမှတ် (၆) ရပ်ကွက်,No (6) Quarter,ward,,,township_unresolved,non_admin_unresolved_township_name,0,1,1,Could not resolve approved CoreMap township from postal region/township names; local match skipped (township must resolve first),,non_admin_postal_locality,township name unresolved as CoreMap township; locality treated as non-admin postal place/town,
0668001,non_admin_postal_locality,ရှမ်းပြည်နယ် (တောင်ပိုင်း),Shan State (South),- | ပင်လုံ မြို့,- | Pinlon Town,ရပ်ကွက် (၁) ရပ်ကွက် | အမှတ် (၁) ရပ်ကွက်,No (1) Quarter,ward,,,township_unresolved,non_admin_unresolved_township_name,2,2,2,Could not resolve approved CoreMap township from postal region/township names; local match skipped (township must resolve first),,non_admin_postal_locality,township name unresolved as CoreMap township; locality treated as non-admin postal place/town,
0668002,non_admin_postal_locality,ရှမ်းပြည်နယ် (တောင်ပိုင်း),Shan State (South),- | ပင်လုံ မြို့,- | Pinlon Town,ရပ်ကွက် (၂) ရပ်ကွက် | အမှတ် (၂) ရပ်ကွက်,No (2) Quarter,ward,,,township_unresolved,non_admin_unresolved_township_name,2,2,2,Could not resolve approved CoreMap township from postal region/township names; local match skipped (township must resolve first),,non_admin_postal_locality,township name unresolved as CoreMap township; locality treated as non-admin postal place/town,
0668003,non_admin_postal_locality,ရှမ်းပြည်နယ် (တောင်ပိုင်း),Shan State (South),- | ပင်လုံ မြို့,- | Pinlon Town,ရပ်ကွက် (၃) ရပ်ကွက် | အမှတ် (၃) ရပ်ကွက်,No (3) Quarter,ward,,,township_unresolved,non_admin_unresolved_township_name,2,2,2,Could not resolve approved CoreMap township from postal region/township names; local match skipped (township must resolve first),,non_admin_postal_locality,township name unresolved as CoreMap township; locality treated as non-admin postal place/town,
0668004,non_admin_postal_locality,ရှမ်းပြည်နယ် (တောင်ပိုင်း),Shan State (South),- | ပင်လုံ မြို့,- | Pinlon Town,ရပ်ကွက် (၄) ရပ်ကွက် | အမှတ် (၄) ရပ်ကွက်,No (4) Quarter,ward,,,township_unresolved,non_admin_unresolved_township_name,2,2,2,Could not resolve approved CoreMap township from postal region/township names; local match skipped (township must resolve first),,non_admin_postal_locality,township name unresolved as CoreMap township; locality treated as non-admin postal place/town,
0669001,non_admin_postal_locality,ရှမ်းပြည်နယ် (တောင်ပိုင်း),Shan State (South),မိုင်းစံ (မုန်းဆန်း) မြို့,Mongsan (Hmonesan) Town,အမှတ် (၁) ရပ်ကွက်,No (1) Quarter,ward,,,township_unresolved,non_admin_unresolved_township_name,0,1,1,Could not resolve approved CoreMap township from postal region/township names; local match skipped (township must resolve first),,non_admin_postal_locality,township name unresolved as CoreMap township; locality treated as non-admin postal place/town,
0669002,non_admin_postal_locality,ရှမ်းပြည်နယ် (တောင်ပိုင်း),Shan State (South),မိုင်းစံ (မုန်းဆန်း) မြို့,Mongsan (Hmonesan) Town,အမှတ် (၂) ရပ်ကွက်,No (2) Quarter,ward,,,township_unresolved,non_admin_unresolved_township_name,0,1,1,Could not resolve approved CoreMap township from postal region/township names; local match skipped (township must resolve first),,non_admin_postal_locality,township name unresolved as CoreMap township; locality treated as non-admin postal place/town,
0669003,non_admin_postal_locality,ရှမ်းပြည်နယ် (တောင်ပိုင်း),Shan State (South),မိုင်းစံ (မုန်းဆန်း) မြို့,Mongsan (Hmonesan) Town,အမှတ် (၃) ရပ်ကွက်,No (3) Quarter,ward,,,township_unresolved,non_admin_unresolved_township_name,0,1,1,Could not resolve approved CoreMap township from postal region/township names; local match skipped (township must resolve first),,non_admin_postal_locality,township name unresolved as CoreMap township; locality treated as non-admin postal place/town,
0671001,non_admin_postal_locality,ရှမ်းပြည်နယ် (တောင်ပိုင်း),Shan State (South),ခိုလမ် မြို့,Kho Lam Town,အမှတ် (၁) ရပ်ကွက်,No (1) Quarter,ward,,,township_unresolved,non_admin_unresolved_township_name,0,1,1,Could not resolve approved CoreMap township from postal region/township names; local match skipped (township must resolve first),,non_admin_postal_locality,township name unresolved as CoreMap township; locality treated as non-admin postal place/town,
0671002,non_admin_postal_locality,ရှမ်းပြည်နယ် (တောင်ပိုင်း),Shan State (South),ခိုလမ် မြို့,Kho Lam Town,အမှတ် (၂) ရပ်ကွက်,No (2) Quarter,ward,,,township_unresolved,non_admin_unresolved_township_name,0,1,1,Could not resolve approved CoreMap township from postal region/township names; local match skipped (township must resolve first),,non_admin_postal_locality,township name unresolved as CoreMap township; locality treated as non-admin postal place/town,
0671003,non_admin_postal_locality,ရှမ်းပြည်နယ် (တောင်ပိုင်း),Shan State (South),ခိုလမ် မြို့,Kho Lam Town,အမှတ် (၃) ရပ်ကွက်,No (3) Quarter,ward,,,township_unresolved,non_admin_unresolved_township_name,0,1,1,Could not resolve approved CoreMap township from postal region/township names; local match skipped (township must resolve first),,non_admin_postal_locality,township name unresolved as CoreMap township; locality treated as non-admin postal place/town,
0671004,non_admin_postal_locality,ရှမ်းပြည်နယ် (တောင်ပိုင်း),Shan State (South),ခိုလမ် မြို့,Kho Lam Town,အမှတ် (၄) ရပ်ကွက်,No (4) Quarter,ward,,,township_unresolved,non_admin_unresolved_township_name,0,1,1,Could not resolve approved CoreMap township from postal region/township names; local match skipped (township must resolve first),,non_admin_postal_locality,township name unresolved as CoreMap township; locality treated as non-admin postal place/town,
0671005,non_admin_postal_locality,ရှမ်းပြည်နယ် (တောင်ပိုင်း),Shan State (South),ခိုလမ် မြို့,Kho Lam Town,အမှတ် (၅) ရပ်ကွက်,No (5) Quarter,ward,,,township_unresolved,non_admin_unresolved_township_name,0,1,1,Could not resolve approved CoreMap township from postal region/township names; local match skipped (township must resolve first),,non_admin_postal_locality,township name unresolved as CoreMap township; locality treated as non-admin postal place/town,
0671006,non_admin_postal_locality,ရှမ်းပြည်နယ် (တောင်ပိုင်း),Shan State (South),ခိုလမ် မြို့,Kho Lam Town,အမှတ် (၆) ရပ်ကွက်,No (6) Quarter,ward,,,township_unresolved,non_admin_unresolved_township_name,0,1,1,Could not resolve approved CoreMap township from postal region/township names; local match skipped (township must resolve first),,non_admin_postal_locality,township name unresolved as CoreMap township; locality treated as non-admin postal place/town,
0672001,non_admin_postal_locality,ရှမ်းပြည်နယ် (တောင်ပိုင်း),Shan State (South),ကျိုင်းတောင်း မြို့,Kengtawng Town,အမှတ် (၁) ရပ်ကွက်,No (1) Quarter,ward,,,township_unresolved,non_admin_unresolved_township_name,0,1,1,Could not resolve approved CoreMap township from postal region/township names; local match skipped (township must resolve first),,non_admin_postal_locality,township name unresolved as CoreMap township; locality treated as non-admin postal place/town,
0672002,non_admin_postal_locality,ရှမ်းပြည်နယ် (တောင်ပိုင်း),Shan State (South),ကျိုင်းတောင်း မြို့,Kengtawng Town,အမှတ် (၂) ရပ်ကွက်,No (2) Quarter,ward,,,township_unresolved,non_admin_unresolved_township_name,0,1,1,Could not resolve approved CoreMap township from postal region/township names; local match skipped (township must resolve first),,non_admin_postal_locality,township name unresolved as CoreMap township; locality treated as non-admin postal place/town,
0672003,non_admin_postal_locality,ရှမ်းပြည်နယ် (တောင်ပိုင်း),Shan State (South),ကျိုင်းတောင်း မြို့,Kengtawng Town,အမှတ် (၃) ရပ်ကွက်,No (3) Quarter,ward,,,township_unresolved,non_admin_unresolved_township_name,0,1,1,Could not resolve approved CoreMap township from postal region/township names; local match skipped (township must resolve first),,non_admin_postal_locality,township name unresolved as CoreMap township; locality treated as non-admin postal place/town,
0672004,non_admin_postal_locality,ရှမ်းပြည်နယ် (တောင်ပိုင်း),Shan State (South),ကျိုင်းတောင်း မြို့,Kengtawng Town,အမှတ် (၄) ရပ်ကွက်,No (4) Quarter,ward,,,township_unresolved,non_admin_unresolved_township_name,0,1,1,Could not resolve approved CoreMap township from postal region/township names; local match skipped (township must resolve first),,non_admin_postal_locality,township name unresolved as CoreMap township; locality treated as non-admin postal place/town,
0672005,non_admin_postal_locality,ရှမ်းပြည်နယ် (တောင်ပိုင်း),Shan State (South),ကျိုင်းတောင်း မြို့,Kengtawng Town,အမှတ် (၅) ရပ်ကွက်,No (5) Quarter,ward,,,township_unresolved,non_admin_unresolved_township_name,0,1,1,Could not resolve approved CoreMap township from postal region/township names; local match skipped (township must resolve first),,non_admin_postal_locality,township name unresolved as CoreMap township; locality treated as non-admin postal place/town,
0672006,non_admin_postal_locality,ရှမ်းပြည်နယ် (တောင်ပိုင်း),Shan State (South),ကျိုင်းတောင်း မြို့,Kengtawng Town,အမှတ် (၆) ရပ်ကွက်,No (6) Quarter,ward,,,township_unresolved,non_admin_unresolved_township_name,0,1,1,Could not resolve approved CoreMap township from postal region/township names; local match skipped (township must resolve first),,non_admin_postal_locality,township name unresolved as CoreMap township; locality treated as non-admin postal place/town,
0672007,non_admin_postal_locality,ရှမ်းပြည်နယ် (တောင်ပိုင်း),Shan State (South),ကျိုင်းတောင်း မြို့,Kengtawng Town,အမှတ် (၇) ရပ်ကွက်,No (7) Quarter,ward,,,township_unresolved,non_admin_unresolved_township_name,0,1,1,Could not resolve approved CoreMap township from postal region/township names; local match skipped (township must resolve first),,non_admin_postal_locality,township name unresolved as CoreMap township; locality treated as non-admin postal place/town,
0674001,non_admin_postal_locality,ရှမ်းပြည်နယ် (တောင်ပိုင်း),Shan State (South),ကာလိ မြို့,Kar Li Town,အမှတ် (၁) ရပ်ကွက်,No (1) Quarter,ward,,,township_unresolved,non_admin_unresolved_township_name,0,1,1,Could not resolve approved CoreMap township from postal region/township names; local match skipped (township must resolve first),,non_admin_postal_locality,township name unresolved as CoreMap township; locality treated as non-admin postal place/town,
0674002,non_admin_postal_locality,ရှမ်းပြည်နယ် (တောင်ပိုင်း),Shan State (South),ကာလိ မြို့,Kar Li Town,အမှတ် (၂) ရပ်ကွက်,No (2) Quarter,ward,,,township_unresolved,non_admin_unresolved_township_name,0,1,1,Could not resolve approved CoreMap township from postal region/township names; local match skipped (township must resolve first),,non_admin_postal_locality,township name unresolved as CoreMap township; locality treated as non-admin postal place/town,
0674003,non_admin_postal_locality,ရှမ်းပြည်နယ် (တောင်ပိုင်း),Shan State (South),ကာလိ မြို့,Kar Li Town,အမှတ် (၃) ရပ်ကွက်,No (3) Quarter,ward,,,township_unresolved,non_admin_unresolved_township_name,0,1,1,Could not resolve approved CoreMap township from postal region/township names; local match skipped (township must resolve first),,non_admin_postal_locality,township name unresolved as CoreMap township; locality treated as non-admin postal place/town,
0674004,non_admin_postal_locality,ရှမ်းပြည်နယ် (တောင်ပိုင်း),Shan State (South),ကာလိ မြို့,Kar Li Town,အမှတ် (၄) ရပ်ကွက်,No (4) Quarter,ward,,,township_unresolved,non_admin_unresolved_township_name,0,1,1,Could not resolve approved CoreMap township from postal region/township names; local match skipped (township must resolve first),,non_admin_postal_locality,township name unresolved as CoreMap township; locality treated as non-admin postal place/town,
0674005,non_admin_postal_locality,ရှမ်းပြည်နယ် (တောင်ပိုင်း),Shan State (South),ကာလိ မြို့,Kar Li Town,အမှတ် (၅) ရပ်ကွက်,No (5) Quarter,ward,,,township_unresolved,non_admin_unresolved_township_name,0,1,1,Could not resolve approved CoreMap township from postal region/township names; local match skipped (township must resolve first),,non_admin_postal_locality,township name unresolved as CoreMap township; locality treated as non-admin postal place/town,
0674006,non_admin_postal_locality,ရှမ်းပြည်နယ် (တောင်ပိုင်း),Shan State (South),ကာလိ မြို့,Kar Li Town,အမှတ် (၆) ရပ်ကွက်,No (6) Quarter,ward,,,township_unresolved,non_admin_unresolved_township_name,0,1,1,Could not resolve approved CoreMap township from postal region/township names; local match skipped (township must resolve first),,non_admin_postal_locality,township name unresolved as CoreMap township; locality treated as non-admin postal place/town,
0675001,non_admin_postal_locality,ရှမ်းပြည်နယ် (တောင်ပိုင်း),Shan State (South),နန်းပန် မြို့,Nang Pang Town,အမှတ်(၁) ရပ်ကွက်,No(1) Quarter,ward,,,township_unresolved,non_admin_unresolved_township_name,0,1,1,Could not resolve approved CoreMap township from postal region/township names; local match skipped (township must resolve first),,non_admin_postal_locality,township name unresolved as CoreMap township; locality treated as non-admin postal place/town,
0675002,non_admin_postal_locality,ရှမ်းပြည်နယ် (တောင်ပိုင်း),Shan State (South),နန်းပန် မြို့,Nang Pang Town,အမှတ်(၂) ရပ်ကွက်,No(2) Quarter,ward,,,township_unresolved,non_admin_unresolved_township_name,0,1,1,Could not resolve approved CoreMap township from postal region/township names; local match skipped (township must resolve first),,non_admin_postal_locality,township name unresolved as CoreMap township; locality treated as non-admin postal place/town,
0675003,non_admin_postal_locality,ရှမ်းပြည်နယ် (တောင်ပိုင်း),Shan State (South),နန်းပန် မြို့,Nang Pang Town,အမှတ်(၃) ရပ်ကွက်,No(3) Quarter,ward,,,township_unresolved,non_admin_unresolved_township_name,0,1,1,Could not resolve approved CoreMap township from postal region/township names; local match skipped (township must resolve first),,non_admin_postal_locality,township name unresolved as CoreMap township; locality treated as non-admin postal place/town,
0675004,non_admin_postal_locality,ရှမ်းပြည်နယ် (တောင်ပိုင်း),Shan State (South),နန်းပန် မြို့,Nang Pang Town,အမှတ်(၄) ရပ်ကွက်,No(4) Quarter,ward,,,township_unresolved,non_admin_unresolved_township_name,0,1,1,Could not resolve approved CoreMap township from postal region/township names; local match skipped (township must resolve first),,non_admin_postal_locality,township name unresolved as CoreMap township; locality treated as non-admin postal place/town,
0701033,missing_local_admin_identity,ရခိုင်ပြည်နယ်,Rakhine State,စစ်တွေ မြို့နယ်,Sittwe Township,အောင်မင်္ဂလာမြောက် ရပ်ကွက်,Aung Mingalar Myauk Quarter,ward,6993,,no_exact_or_fuzzy,missing_local_after_rebind,0,1,1,"Township 6993 resolved, but no exact approved ward/village-tract identity matched; will not invent admin from postal text",,missing_local_admin_identity,township resolved; no exact inventory identity for locality,
0702007,missing_local_admin_identity,ရခိုင်ပြည်နယ်,Rakhine State,မောင်တော မြို့နယ်,Maungdaw Township,ကညင်တန်း ရပ်ကွက်,Ka Nyin Tan Quarter,ward,6966,,no_exact_or_fuzzy,missing_local_after_rebind,0,1,1,"Township 6966 resolved, but no exact approved ward/village-tract identity matched; will not invent admin from postal text",,missing_local_admin_identity,township resolved; no exact inventory identity for locality,
0702008,missing_local_admin_identity,ရခိုင်ပြည်နယ်,Rakhine State,မောင်တော မြို့နယ်,Maungdaw Township,မောင်နီ ရပ်ကွက်,Maung Ni Quarter,ward,6966,,no_exact_or_fuzzy,missing_local_after_rebind,0,1,1,"Township 6966 resolved, but no exact approved ward/village-tract identity matched; will not invent admin from postal text",,missing_local_admin_identity,township resolved; no exact inventory identity for locality,
0702009,missing_local_admin_identity,ရခိုင်ပြည်နယ်,Rakhine State,မောင်တော မြို့နယ်,Maungdaw Township,မြို့သူကြီး ရပ်ကွက်,Myo Thu Gyi Quarter,ward,6966,,no_exact_or_fuzzy,missing_local_after_rebind,0,1,1,"Township 6966 resolved, but no exact approved ward/village-tract identity matched; will not invent admin from postal text",,missing_local_admin_identity,township resolved; no exact inventory identity for locality,
0702010,missing_local_admin_identity,ရခိုင်ပြည်နယ်,Rakhine State,မောင်တော မြို့နယ်,Maungdaw Township,ဝေသာလီ ရပ်ကွက်,Wai Thar Li Quarter,ward,6966,,no_exact_or_fuzzy,missing_local_after_rebind,0,1,1,"Township 6966 resolved, but no exact approved ward/village-tract identity matched; will not invent admin from postal text",,missing_local_admin_identity,township resolved; no exact inventory identity for locality,
0702011,missing_local_admin_identity,ရခိုင်ပြည်နယ်,Rakhine State,မောင်တော မြို့နယ်,Maungdaw Township,မြို့ဦး ရပ်ကွက်,Myo U Quarter,ward,6966,,no_exact_or_fuzzy,missing_local_after_rebind,0,1,1,"Township 6966 resolved, but no exact approved ward/village-tract identity matched; will not invent admin from postal text",,missing_local_admin_identity,township resolved; no exact inventory identity for locality,
0702012,missing_local_admin_identity,ရခိုင်ပြည်နယ်,Rakhine State,မောင်တော မြို့နယ်,Maungdaw Township,လက်သာ ရပ်ကွက်,Let Thar Quarter,ward,6966,,no_exact_or_fuzzy,missing_local_after_rebind,0,1,1,"Township 6966 resolved, but no exact approved ward/village-tract identity matched; will not invent admin from postal text",,missing_local_admin_identity,township resolved; no exact inventory identity for locality,
0702260,missing_local_admin_identity,ရခိုင်ပြည်နယ်,Rakhine State,မောင်တော မြို့နယ်,Maungdaw Township,မြို့ဦး ကျေးရွာအုပ်စု,Myo U Village Tract,village_tract,6966,,no_exact_or_fuzzy,missing_local_after_rebind,0,1,1,"Township 6966 resolved, but no exact approved ward/village-tract identity matched; will not invent admin from postal text",,missing_local_admin_identity,township resolved; no exact inventory identity for locality,
0702261,missing_local_admin_identity,ရခိုင်ပြည်နယ်,Rakhine State,မောင်တော မြို့နယ်,Maungdaw Township,ကညင်တန်း(ခ)မြို့မကညင်တန်း ကျေးရွာအုပ်စု,Ka Nyin Tan (a) Myo Ma Ka Nyin Tan Village Tract,village_tract,6966,,no_exact_or_fuzzy,missing_local_after_rebind,0,1,1,"Township 6966 resolved, but no exact approved ward/village-tract identity matched; will not invent admin from postal text",,missing_local_admin_identity,township resolved; no exact inventory identity for locality,
0702262,missing_local_admin_identity,ရခိုင်ပြည်နယ်,Rakhine State,မောင်တော မြို့နယ်,Maungdaw Township,မြို့သူကြီး ကျေးရွာအုပ်စု,Myo Thu Gyi Village Tract,village_tract,6966,,no_exact_or_fuzzy,missing_local_after_rebind,0,1,1,"Township 6966 resolved, but no exact approved ward/village-tract identity matched; will not invent admin from postal text",,missing_local_admin_identity,township resolved; no exact inventory identity for locality,
0704256,linked_after_review,ရခိုင်ပြည်နယ်,Rakhine State,ရသေ့တောင် မြို့နယ်,Rathedaung Township,ငတောက်တူကြီး ကျေးရွာအုပ်စု,Nga Tauk Tu Chay Village Tract,village_tract,6986,,exact_en,deterministic_multi_create_pick,0,1,1,"Exact name matches Phase-3 approved create_mimu_placeholder / create_new, but no local_admin_area_id exists yet — do not invent id from postal text",,linked_after_review,multiple similar creates (2); deterministic pick village_tract:MMR012008057:row9548:village_tract_boundary_Rakhine_v94.zip_mmr_rke_polbnda_adm4_mimu_who_250k.shp,7d141387-6ece-450f-87a3-ca2a613277c3
0704258,linked_after_review,ရခိုင်ပြည်နယ်,Rakhine State,ရသေ့တောင် မြို့နယ်,Rathedaung Township,ငတောက်တူချေ ကျေးရွာအုပ်စု,Nga Tauk Tu Gyi Village Tract,village_tract,6986,,exact_my,deterministic_multi_create_pick,0,1,1,"Exact name matches Phase-3 approved create_mimu_placeholder / create_new, but no local_admin_area_id exists yet — do not invent id from postal text",,linked_after_review,multiple similar creates (2); deterministic pick village_tract:MMR012008057:row9548:village_tract_boundary_Rakhine_v94.zip_mmr_rke_polbnda_adm4_mimu_who_250k.shp,7d141387-6ece-450f-87a3-ca2a613277c3
0706001,missing_local_admin_identity,ရခိုင်ပြည်နယ်,Rakhine State,ကျောက်တော် မြို့နယ်,Kyauktaw Township,ရှမ်းရွာ ရပ်ကွက်,Shan Ywar Quarter,ward,6960,,no_exact_or_fuzzy,missing_local_after_rebind,0,1,1,"Township 6960 resolved, but no exact approved ward/village-tract identity matched; will not invent admin from postal text",,missing_local_admin_identity,township resolved; no exact inventory identity for locality,
0706002,missing_local_admin_identity,ရခိုင်ပြည်နယ်,Rakhine State,ကျောက်တော် မြို့နယ်,Kyauktaw Township,မြို့သစ် ရပ်ကွက်,Myo Thit Quarter,ward,6960,,no_exact_or_fuzzy,missing_local_after_rebind,0,1,1,"Township 6960 resolved, but no exact approved ward/village-tract identity matched; will not invent admin from postal text",,missing_local_admin_identity,township resolved; no exact inventory identity for locality,
0706003,missing_local_admin_identity,ရခိုင်ပြည်နယ်,Rakhine State,ကျောက်တော် မြို့နယ်,Kyauktaw Township,ကျောက်တော် ရပ်ကွက်,Kyauk Taw Quarter,ward,6960,,no_exact_or_fuzzy,missing_local_after_rebind,0,1,1,"Township 6960 resolved, but no exact approved ward/village-tract identity matched; will not invent admin from postal text",,missing_local_admin_identity,township resolved; no exact inventory identity for locality,
0706004,missing_local_admin_identity,ရခိုင်ပြည်နယ်,Rakhine State,ကျောက်တော် မြို့နယ်,Kyauktaw Township,ပြည်တော်သာ ရပ်ကွက်,Pyi Taw Thar Quarter,ward,6960,,no_exact_or_fuzzy,missing_local_after_rebind,0,1,1,"Township 6960 resolved, but no exact approved ward/village-tract identity matched; will not invent admin from postal text",,missing_local_admin_identity,township resolved; no exact inventory identity for locality,
0708001,missing_local_admin_identity,ရခိုင်ပြည်နယ်,Rakhine State,ပေါက်တော မြို့နယ်,Pauktaw Township,အနောက်ပိုင်း ရပ်ကွက်,Ah Nauk Paing Quarter,ward,7000,,no_exact_or_fuzzy,missing_local_after_rebind,0,1,1,"Township 7000 resolved, but no exact approved ward/village-tract identity matched; will not invent admin from postal text",,missing_local_admin_identity,township resolved; no exact inventory identity for locality,
0708002,missing_local_admin_identity,ရခိုင်ပြည်နယ်,Rakhine State,ပေါက်တော မြို့နယ်,Pauktaw Township,အလယ်ပိုင်း ရပ်ကွက်,Ah Lel Paing Quarter,ward,7000,,no_exact_or_fuzzy,missing_local_after_rebind,0,1,1,"Township 7000 resolved, but no exact approved ward/village-tract identity matched; will not invent admin from postal text",,missing_local_admin_identity,township resolved; no exact inventory identity for locality,
0708003,missing_local_admin_identity,ရခိုင်ပြည်နယ်,Rakhine State,ပေါက်တော မြို့နယ်,Pauktaw Township,အရှေ့ပိုင်း ရပ်ကွက်,Ah Shey Paing Quarter,ward,7000,,no_exact_or_fuzzy,missing_local_after_rebind,0,1,1,"Township 7000 resolved, but no exact approved ward/village-tract identity matched; will not invent admin from postal text",,missing_local_admin_identity,township resolved; no exact inventory identity for locality,
0708004,missing_local_admin_identity,ရခိုင်ပြည်နယ်,Rakhine State,ပေါက်တော မြို့နယ်,Pauktaw Township,ဘဝမ်းချောင်းဝစု ရပ်ကွက်,Ba Wan Chaung Wa Su Quarter,ward,7000,,no_exact_or_fuzzy,missing_local_after_rebind,0,1,1,"Township 7000 resolved, but no exact approved ward/village-tract identity matched; will not invent admin from postal text",,missing_local_admin_identity,township resolved; no exact inventory identity for locality,
0708005,missing_local_admin_identity,ရခိုင်ပြည်နယ်,Rakhine State,ပေါက်တော မြို့နယ်,Pauktaw Township,ဘဝမ်းချောင်းဖျားစု ရပ်ကွက်,Ba Wan Chaung Hpyar Su Quarter,ward,7000,,no_exact_or_fuzzy,missing_local_after_rebind,0,1,1,"Township 7000 resolved, but no exact approved ward/village-tract identity matched; will not invent admin from postal text",,missing_local_admin_identity,township resolved; no exact inventory identity for locality,
0709004,missing_local_admin_identity,ရခိုင်ပြည်နယ်,Rakhine State,မင်းပြား မြို့နယ်,Minbya Township,ဥက္ကာပျံ ရပ်ကွက်,Oke Kar Pyan Quarter,ward,6950,,no_exact_or_fuzzy,missing_local_after_rebind,0,1,1,"Township 6950 resolved, but no exact approved ward/village-tract identity matched; will not invent admin from postal text",,missing_local_admin_identity,township resolved; no exact inventory identity for locality,
0709005,missing_local_admin_identity,ရခိုင်ပြည်နယ်,Rakhine State,မင်းပြား မြို့နယ်,Minbya Township,ဦးစိုးတင့် ရပ်ကွက်,U Soe Tint Quarter,ward,6950,,no_exact_or_fuzzy,missing_local_after_rebind,0,1,1,"Township 6950 resolved, but no exact approved ward/village-tract identity matched; will not invent admin from postal text",,missing_local_admin_identity,township resolved; no exact inventory identity for locality,
0709006,missing_local_admin_identity,ရခိုင်ပြည်နယ်,Rakhine State,မင်းပြား မြို့နယ်,Minbya Township,ပြည်တော်သာ ရပ်ကွက်,Pyi Taw Thar Quarter,ward,6950,,no_exact_or_fuzzy,missing_local_after_rebind,0,1,1,"Township 6950 resolved, but no exact approved ward/village-tract identity matched; will not invent admin from postal text",,missing_local_admin_identity,township resolved; no exact inventory identity for locality,
0709007,missing_local_admin_identity,ရခိုင်ပြည်နယ်,Rakhine State,မင်းပြား မြို့နယ်,Minbya Township,ပြည်တော်လှ ရပ်ကွက်,Pyi Taw Hla Quarter,ward,6950,,no_exact_or_fuzzy,missing_local_after_rebind,0,1,1,"Township 6950 resolved, but no exact approved ward/village-tract identity matched; will not invent admin from postal text",,missing_local_admin_identity,township resolved; no exact inventory identity for locality,
0709008,missing_local_admin_identity,ရခိုင်ပြည်နယ်,Rakhine State,မင်းပြား မြို့နယ်,Minbya Township,မင်းဘာကြီး ရပ်ကွက်,Min Bar Gyi Quarter,ward,6950,,no_exact_or_fuzzy,missing_local_after_rebind,0,1,1,"Township 6950 resolved, but no exact approved ward/village-tract identity matched; will not invent admin from postal text",,missing_local_admin_identity,township resolved; no exact inventory identity for locality,
0710217,linked_after_review,ရခိုင်ပြည်နယ်,Rakhine State,မြောက်ဦး မြို့နယ်,Mrauk-U Township,ကုန်ဘောင် ကျေးရွာအုပ်စု,Kone Baung Village Tract,village_tract,6951,,exact_my,deterministic_multi_create_pick,0,1,1,"Exact name matches Phase-3 approved create_mimu_placeholder / create_new, but no local_admin_area_id exists yet — do not invent id from postal text",,linked_after_review,multiple similar creates (2); deterministic pick village_tract:MMR012003018:row9231:village_tract_boundary_Rakhine_v94.zip_mmr_rke_polbnda_adm4_mimu_who_250k.shp,b138e1b2-f276-4392-bae5-95042af8c640
0710276,linked_after_review,ရခိုင်ပြည်နယ်,Rakhine State,မြောက်ဦး မြို့နယ်,Mrauk-U Township,ကုန်ဘောင် ကျေးရွာအုပ်စု,Kon Baung Village Tract,village_tract,6951,,exact_my+en,deterministic_multi_create_pick,0,1,1,"Exact name matches Phase-3 approved create_mimu_placeholder / create_new, but no local_admin_area_id exists yet — do not invent id from postal text",,linked_after_review,multiple similar creates (2); deterministic pick village_tract:MMR012003018:row9231:village_tract_boundary_Rakhine_v94.zip_mmr_rke_polbnda_adm4_mimu_who_250k.shp,b138e1b2-f276-4392-bae5-95042af8c640
0710287,missing_local_admin_identity,ရခိုင်ပြည်နယ်,Rakhine State,မြောက်ဦး မြို့နယ်,Mrauk-U Township,ရန်အောင်ပြင် ကျေးရွာအုပ်စု,Yan Aung Pyin Village Tract,village_tract,6951,,no_exact_or_fuzzy,missing_local_after_rebind,0,1,1,"Township 6951 resolved, but no exact approved ward/village-tract identity matched; will not invent admin from postal text",,missing_local_admin_identity,township resolved; no exact inventory identity for locality,
0711001,missing_local_admin_identity,ရခိုင်ပြည်နယ်,Rakhine State,မြေပုံ မြို့နယ်,Myebon Township,ကုလားတောင် ရပ်ကွက်,Ku Lar Taung Quarter,ward,6897,,no_exact_or_fuzzy,missing_local_after_rebind,0,1,1,"Township 6897 resolved, but no exact approved ward/village-tract identity matched; will not invent admin from postal text",,missing_local_admin_identity,township resolved; no exact inventory identity for locality,
0711002,missing_local_admin_identity,ရခိုင်ပြည်နယ်,Rakhine State,မြေပုံ မြို့နယ်,Myebon Township,ကံသာထွက်ဝ ရပ်ကွက်,Kan Thar Htwet Wa Quarter,ward,6897,,no_exact_or_fuzzy,missing_local_after_rebind,0,1,1,"Township 6897 resolved, but no exact approved ward/village-tract identity matched; will not invent admin from postal text",,missing_local_admin_identity,township resolved; no exact inventory identity for locality,
0711003,missing_local_admin_identity,ရခိုင်ပြည်နယ်,Rakhine State,မြေပုံ မြို့နယ်,Myebon Township,မြေပုံမြောက်ပိုင်း ရပ်ကွက်,Myay Pon Myauk Paing Quarter,ward,6897,,no_exact_or_fuzzy,missing_local_after_rebind,0,1,1,"Township 6897 resolved, but no exact approved ward/village-tract identity matched; will not invent admin from postal text",,missing_local_admin_identity,township resolved; no exact inventory identity for locality,
0711004,missing_local_admin_identity,ရခိုင်ပြည်နယ်,Rakhine State,မြေပုံ မြို့နယ်,Myebon Township,မြေပုံတောင်ပိုင်း ရပ်ကွက်,Myay Pon Taung Paing Quarter,ward,6897,,no_exact_or_fuzzy,missing_local_after_rebind,0,1,1,"Township 6897 resolved, but no exact approved ward/village-tract identity matched; will not invent admin from postal text",,missing_local_admin_identity,township resolved; no exact inventory identity for locality,
0711005,missing_local_admin_identity,ရခိုင်ပြည်နယ်,Rakhine State,မြေပုံ မြို့နယ်,Myebon Township,မြေပုံအလယ်ပိုင်း ရပ်ကွက်,Myay Pon Ah Lel Paing Quarter,ward,6897,,no_exact_or_fuzzy,missing_local_after_rebind,0,1,1,"Township 6897 resolved, but no exact approved ward/village-tract identity matched; will not invent admin from postal text",,missing_local_admin_identity,township resolved; no exact inventory identity for locality,
0711006,missing_local_admin_identity,ရခိုင်ပြည်နယ်,Rakhine State,မြေပုံ မြို့နယ်,Myebon Township,ဈေးပိုင်း ရပ်ကွက်,Zay Paing Quarter,ward,6897,,no_exact_or_fuzzy,missing_local_after_rebind,0,1,1,"Township 6897 resolved, but no exact approved ward/village-tract identity matched; will not invent admin from postal text",,missing_local_admin_identity,township resolved; no exact inventory identity for locality,
0711007,missing_local_admin_identity,ရခိုင်ပြည်နယ်,Rakhine State,မြေပုံ မြို့နယ်,Myebon Township,တရုပ်တန်း ရပ်ကွက်,Ta Yoke Tan Quarter,ward,6897,,no_exact_or_fuzzy,missing_local_after_rebind,0,1,1,"Township 6897 resolved, but no exact approved ward/village-tract identity matched; will not invent admin from postal text",,missing_local_admin_identity,township resolved; no exact inventory identity for locality,
0711008,missing_local_admin_identity,ရခိုင်ပြည်နယ်,Rakhine State,မြေပုံ မြို့နယ်,Myebon Township,သဲတန်း ရပ်ကွက်,Thea Tan Quarter,ward,6897,,no_exact_or_fuzzy,missing_local_after_rebind,0,1,1,"Township 6897 resolved, but no exact approved ward/village-tract identity matched; will not invent admin from postal text",,missing_local_admin_identity,township resolved; no exact inventory identity for locality,
0711009,missing_local_admin_identity,ရခိုင်ပြည်နယ်,Rakhine State,မြေပုံ မြို့နယ်,Myebon Township,ရွာသစ်ကေ ရပ်ကွက်,Ywar Thit Kay Quarter,ward,6897,,no_exact_or_fuzzy,missing_local_after_rebind,0,1,1,"Township 6897 resolved, but no exact approved ward/village-tract identity matched; will not invent admin from postal text",,missing_local_admin_identity,township resolved; no exact inventory identity for locality,
0712001,missing_local_admin_identity,ရခိုင်ပြည်နယ်,Rakhine State,ကျောက်ဖြူ မြို့နယ်,Kyaukpyu Township,အရာရှိ ရပ်ကွက်,Ah Yar Shi Quarter,ward,5199,,no_exact_or_fuzzy,missing_local_after_rebind,0,1,1,"Township 5199 resolved, but no exact approved ward/village-tract identity matched; will not invent admin from postal text",,missing_local_admin_identity,township resolved; no exact inventory identity for locality,
0712002,missing_local_admin_identity,ရခိုင်ပြည်နယ်,Rakhine State,ကျောက်ဖြူ မြို့နယ်,Kyaukpyu Township,အစိုးရ ရပ်ကွက်,Ah Soe Ya Quarter,ward,5199,,no_exact_or_fuzzy,missing_local_after_rebind,0,1,1,"Township 5199 resolved, but no exact approved ward/village-tract identity matched; will not invent admin from postal text",,missing_local_admin_identity,township resolved; no exact inventory identity for locality,
0712003,missing_local_admin_identity,ရခိုင်ပြည်နယ်,Rakhine State,ကျောက်ဖြူ မြို့နယ်,Kyaukpyu Township,သံပန်ချောင်း ရပ်ကွက်,Than Pan Chaung Quarter,ward,5199,,no_exact_or_fuzzy,missing_local_after_rebind,0,1,1,"Township 5199 resolved, but no exact approved ward/village-tract identity matched; will not invent admin from postal text",,missing_local_admin_identity,township resolved; no exact inventory identity for locality,
0712004,missing_local_admin_identity,ရခိုင်ပြည်နယ်,Rakhine State,ကျောက်ဖြူ မြို့နယ်,Kyaukpyu Township,အနောက်ပိုင်း ရပ်ကွက်,Ah Nauk Paing Quarter,ward,5199,,no_exact_or_fuzzy,missing_local_after_rebind,0,1,1,"Township 5199 resolved, but no exact approved ward/village-tract identity matched; will not invent admin from postal text",,missing_local_admin_identity,township resolved; no exact inventory identity for locality,
0712005,missing_local_admin_identity,ရခိုင်ပြည်နယ်,Rakhine State,ကျောက်ဖြူ မြို့နယ်,Kyaukpyu Township,အလယ်ပိုင်း ရပ်ကွက်,Ah Lel Paing Quarter,ward,5199,,no_exact_or_fuzzy,missing_local_after_rebind,0,1,1,"Township 5199 resolved, but no exact approved ward/village-tract identity matched; will not invent admin from postal text",,missing_local_admin_identity,township resolved; no exact inventory identity for locality,
0712006,missing_local_admin_identity,ရခိုင်ပြည်နယ်,Rakhine State,ကျောက်ဖြူ မြို့နယ်,Kyaukpyu Township,အရှေ့ပိုင်း ရပ်ကွက်,Ah Shey Paing Quarter,ward,5199,,no_exact_or_fuzzy,missing_local_after_rebind,0,1,1,"Township 5199 resolved, but no exact approved ward/village-tract identity matched; will not invent admin from postal text",,missing_local_admin_identity,township resolved; no exact inventory identity for locality,
0712007,missing_local_admin_identity,ရခိုင်ပြည်နယ်,Rakhine State,ကျောက်ဖြူ မြို့နယ်,Kyaukpyu Township,မြစ်နားတန်း ရပ်ကွက်,Myit Nar Tan Quarter,ward,5199,,no_exact_or_fuzzy,missing_local_after_rebind,0,1,1,"Township 5199 resolved, but no exact approved ward/village-tract identity matched; will not invent admin from postal text",,missing_local_admin_identity,township resolved; no exact inventory identity for locality,
0712008,missing_local_admin_identity,ရခိုင်ပြည်နယ်,Rakhine State,ကျောက်ဖြူ မြို့နယ်,Kyaukpyu Township,ရခိုင်ပိုက်ဆိပ် ရပ်ကွက်,Rakhine Paik Seik Quarter,ward,5199,,no_exact_or_fuzzy,missing_local_after_rebind,0,1,1,"Township 5199 resolved, but no exact approved ward/village-tract identity matched; will not invent admin from postal text",,missing_local_admin_identity,township resolved; no exact inventory identity for locality,
0712009,missing_local_admin_identity,ရခိုင်ပြည်နယ်,Rakhine State,ကျောက်ဖြူ မြို့နယ်,Kyaukpyu Township,ကုလားပိုက်ဆိပ် ရပ်ကွက်,Ku Lar Paik Seik Quarter,ward,5199,,no_exact_or_fuzzy,missing_local_after_rebind,0,1,1,"Township 5199 resolved, but no exact approved ward/village-tract identity matched; will not invent admin from postal text",,missing_local_admin_identity,township resolved; no exact inventory identity for locality,
0712010,missing_local_admin_identity,ရခိုင်ပြည်နယ်,Rakhine State,ကျောက်ဖြူ မြို့နယ်,Kyaukpyu Township,စေတီတောင် ရပ်ကွက်,Zay Di (South) Quarter,ward,5199,,no_exact_or_fuzzy,missing_local_after_rebind,0,1,1,"Township 5199 resolved, but no exact approved ward/village-tract identity matched; will not invent admin from postal text",,missing_local_admin_identity,township resolved; no exact inventory identity for locality,
0712011,missing_local_admin_identity,ရခိုင်ပြည်နယ်,Rakhine State,ကျောက်ဖြူ မြို့နယ်,Kyaukpyu Township,ပြင်ဖြူမော် ရပ်ကွက်,Pyin Hpyu Maw Quarter,ward,5199,,no_exact_or_fuzzy,missing_local_after_rebind,0,1,1,"Township 5199 resolved, but no exact approved ward/village-tract identity matched; will not invent admin from postal text",,missing_local_admin_identity,township resolved; no exact inventory identity for locality,
0712012,missing_local_admin_identity,ရခိုင်ပြည်နယ်,Rakhine State,ကျောက်ဖြူ မြို့နယ်,Kyaukpyu Township,တောင်ရင်း ရပ်ကွက်,Taung Yin Quarter,ward,5199,,no_exact_or_fuzzy,missing_local_after_rebind,0,1,1,"Township 5199 resolved, but no exact approved ward/village-tract identity matched; will not invent admin from postal text",,missing_local_admin_identity,township resolved; no exact inventory identity for locality,
0712013,missing_local_admin_identity,ရခိုင်ပြည်နယ်,Rakhine State,ကျောက်ဖြူ မြို့နယ်,Kyaukpyu Township,စေတီ ရပ်ကွက်,Zay Di Quarter,ward,5199,,no_exact_or_fuzzy,missing_local_after_rebind,0,1,1,"Township 5199 resolved, but no exact approved ward/village-tract identity matched; will not invent admin from postal text",,missing_local_admin_identity,township resolved; no exact inventory identity for locality,
0712014,missing_local_admin_identity,ရခိုင်ပြည်နယ်,Rakhine State,ကျောက်ဖြူ မြို့နယ်,Kyaukpyu Township,ငလပွေ့ ရပ်ကွက်,Nga La Pwayt Quarter,ward,5199,,no_exact_or_fuzzy,missing_local_after_rebind,0,1,1,"Township 5199 resolved, but no exact approved ward/village-tract identity matched; will not invent admin from postal text",,missing_local_admin_identity,township resolved; no exact inventory identity for locality,
0712015,missing_local_admin_identity,ရခိုင်ပြည်နယ်,Rakhine State,ကျောက်ဖြူ မြို့နယ်,Kyaukpyu Township,ကုလားဘာတောင် ရပ်ကွက်,Ku Lar Bar Taung Quarter,ward,5199,,no_exact_or_fuzzy,missing_local_after_rebind,0,1,1,"Township 5199 resolved, but no exact approved ward/village-tract identity matched; will not invent admin from postal text",,missing_local_admin_identity,township resolved; no exact inventory identity for locality,
0712016,missing_local_admin_identity,ရခိုင်ပြည်နယ်,Rakhine State,ကျောက်ဖြူ မြို့နယ်,Kyaukpyu Township,ကညင်တော ရပ်ကွက်,Ka Nyin Taw Quarter,ward,5199,,no_exact_or_fuzzy,missing_local_after_rebind,0,1,1,"Township 5199 resolved, but no exact approved ward/village-tract identity matched; will not invent admin from postal text",,missing_local_admin_identity,township resolved; no exact inventory identity for locality,
0712017,missing_local_admin_identity,ရခိုင်ပြည်နယ်,Rakhine State,ကျောက်ဖြူ မြို့နယ်,Kyaukpyu Township,တိုးချဲ့ ရပ်ကွက်,Toe Cheit Quarter,ward,5199,,no_exact_or_fuzzy,missing_local_after_rebind,0,1,1,"Township 5199 resolved, but no exact approved ward/village-tract identity matched; will not invent admin from postal text",,missing_local_admin_identity,township resolved; no exact inventory identity for locality,
0712200,missing_local_admin_identity,ရခိုင်ပြည်နယ်,Rakhine State,ကျောက်ဖြူ မြို့နယ်,Kyaukpyu Township,ပြင်ဖြူမော် ကျေးရွာအုပ်စု,Pyin Hpyu Maw Village Tract,village_tract,5199,,no_exact_or_fuzzy,missing_local_after_rebind,0,1,1,"Township 5199 resolved, but no exact approved ward/village-tract identity matched; will not invent admin from postal text",,missing_local_admin_identity,township resolved; no exact inventory identity for locality,
0712201,missing_local_admin_identity,ရခိုင်ပြည်နယ်,Rakhine State,ကျောက်ဖြူ မြို့နယ်,Kyaukpyu Township,တောင်ရင်း ကျေးရွာအုပ်စု,Taung Yin Village Tract,village_tract,5199,,no_exact_or_fuzzy,missing_local_after_rebind,0,1,1,"Township 5199 resolved, but no exact approved ward/village-tract identity matched; will not invent admin from postal text",,missing_local_admin_identity,township resolved; no exact inventory identity for locality,
0713227,missing_local_admin_identity,ရခိုင်ပြည်နယ်,Rakhine State,ရမ်းဗြဲ မြို့နယ်,Ramree Township,ဇရပ်ပြင် ကျေးရွာအုပ်စု,Za Yat Pyin Village Tract,village_tract,7184,,no_exact_or_fuzzy,missing_local_after_rebind,0,1,1,"Township 7184 resolved, but no exact approved ward/village-tract identity matched; will not invent admin from postal text",,missing_local_admin_identity,township resolved; no exact inventory identity for locality,
0713228,missing_local_admin_identity,ရခိုင်ပြည်နယ်,Rakhine State,ရမ်းဗြဲ မြို့နယ်,Ramree Township,သရက်ချို ကျေးရွာအုပ်စု,Tha Yet Cho Village Tract,village_tract,7184,,no_exact_or_fuzzy,missing_local_after_rebind,0,1,1,"Township 7184 resolved, but no exact approved ward/village-tract identity matched; will not invent admin from postal text",,missing_local_admin_identity,township resolved; no exact inventory identity for locality,
0713229,missing_local_admin_identity,ရခိုင်ပြည်နယ်,Rakhine State,ရမ်းဗြဲ မြို့နယ်,Ramree Township,စပါးတုံ ကျေးရွာအုပ်စု,Sa Par Ton Village Tract,village_tract,7184,,no_exact_or_fuzzy,missing_local_after_rebind,0,1,1,"Township 7184 resolved, but no exact approved ward/village-tract identity matched; will not invent admin from postal text",,missing_local_admin_identity,township resolved; no exact inventory identity for locality,
0714001,missing_local_admin_identity,ရခိုင်ပြည်နယ်,Rakhine State,မာန်အောင် မြို့နယ်,Munaung Township,အနောက်စု ရပ်ကွက်,Ah Nauk Su Quarter,ward,5091,,no_exact_or_fuzzy,missing_local_after_rebind,0,1,1,"Township 5091 resolved, but no exact approved ward/village-tract identity matched; will not invent admin from postal text",,missing_local_admin_identity,township resolved; no exact inventory identity for locality,
0714002,missing_local_admin_identity,ရခိုင်ပြည်နယ်,Rakhine State,မာန်အောင် မြို့နယ်,Munaung Township,မြို့မ ရပ်ကွက်,Myo Ma Quarter,ward,5091,,no_exact_or_fuzzy,missing_local_after_rebind,0,1,1,"Township 5091 resolved, but no exact approved ward/village-tract identity matched; will not invent admin from postal text",,missing_local_admin_identity,township resolved; no exact inventory identity for locality,
0714003,missing_local_admin_identity,ရခိုင်ပြည်နယ်,Rakhine State,မာန်အောင် မြို့နယ်,Munaung Township,ရန်အောင်မြင် ရပ်ကွက်,Yan Aung Myin Quarter,ward,5091,,no_exact_or_fuzzy,missing_local_after_rebind,0,1,1,"Township 5091 resolved, but no exact approved ward/village-tract identity matched; will not invent admin from postal text",,missing_local_admin_identity,township resolved; no exact inventory identity for locality,
0714004,missing_local_admin_identity,ရခိုင်ပြည်နယ်,Rakhine State,မာန်အောင် မြို့နယ်,Munaung Township,မြို့သစ် ရပ်ကွက်,Myo Thit Quarter,ward,5091,,no_exact_or_fuzzy,missing_local_after_rebind,0,1,1,"Township 5091 resolved, but no exact approved ward/village-tract identity matched; will not invent admin from postal text",,missing_local_admin_identity,township resolved; no exact inventory identity for locality,
0714005,missing_local_admin_identity,ရခိုင်ပြည်နယ်,Rakhine State,မာန်အောင် မြို့နယ်,Munaung Township,ကမ်းနားတန်း ရပ်ကွက်,Kan Nar Tan Quarter,ward,5091,,no_exact_or_fuzzy,missing_local_after_rebind,0,1,1,"Township 5091 resolved, but no exact approved ward/village-tract identity matched; will not invent admin from postal text",,missing_local_admin_identity,township resolved; no exact inventory identity for locality,
0715008,missing_local_admin_identity,ရခိုင်ပြည်နယ်,Rakhine State,အမ်း မြို့နယ်,Ann Township,ဈေး ရပ်ကွက်,Zay Quarter,ward,7098,,no_exact_or_fuzzy,missing_local_after_rebind,0,1,1,"Township 7098 resolved, but no exact approved ward/village-tract identity matched; will not invent admin from postal text",,missing_local_admin_identity,township resolved; no exact inventory identity for locality,
0715009,missing_local_admin_identity,ရခိုင်ပြည်နယ်,Rakhine State,အမ်း မြို့နယ်,Ann Township,ဈေးတောင် ရပ်ကွက်,Zay Taung Quarter,ward,7098,,no_exact_or_fuzzy,missing_local_after_rebind,0,1,1,"Township 7098 resolved, but no exact approved ward/village-tract identity matched; will not invent admin from postal text",,missing_local_admin_identity,township resolved; no exact inventory identity for locality,
0716001,missing_local_admin_identity,ရခိုင်ပြည်နယ်,Rakhine State,တောင်ကုတ် မြို့နယ်,Toungup Township,သိမ်တောင် ရပ်ကွက်,Thein Taung Quarter,ward,7109,,no_exact_or_fuzzy,missing_local_after_rebind,0,1,1,"Township 7109 resolved, but no exact approved ward/village-tract identity matched; will not invent admin from postal text",,missing_local_admin_identity,township resolved; no exact inventory identity for locality,
0716002,missing_local_admin_identity,ရခိုင်ပြည်နယ်,Rakhine State,တောင်ကုတ် မြို့နယ်,Toungup Township,ကံပိုင် ရပ်ကွက်,Kan Paing Quarter,ward,7109,,no_exact_or_fuzzy,missing_local_after_rebind,0,1,1,"Township 7109 resolved, but no exact approved ward/village-tract identity matched; will not invent admin from postal text",,missing_local_admin_identity,township resolved; no exact inventory identity for locality,
0716003,missing_local_admin_identity,ရခိုင်ပြည်နယ်,Rakhine State,တောင်ကုတ် မြို့နယ်,Toungup Township,ဂူတာ ရပ်ကွက်,Gu Tar Quarter,ward,7109,,no_exact_or_fuzzy,missing_local_after_rebind,0,1,1,"Township 7109 resolved, but no exact approved ward/village-tract identity matched; will not invent admin from postal text",,missing_local_admin_identity,township resolved; no exact inventory identity for locality,
0716004,missing_local_admin_identity,ရခိုင်ပြည်နယ်,Rakhine State,တောင်ကုတ် မြို့နယ်,Toungup Township,ချောင်းကောက် ရပ်ကွက်,Chaung Kauk Quarter,ward,7109,,no_exact_or_fuzzy,missing_local_after_rebind,0,1,1,"Township 7109 resolved, but no exact approved ward/village-tract identity matched; will not invent admin from postal text",,missing_local_admin_identity,township resolved; no exact inventory identity for locality,
0716212,missing_local_admin_identity,ရခိုင်ပြည်နယ်,Rakhine State,တောင်ကုတ် မြို့နယ်,Toungup Township,ကူးတို့ဆိပ် ကျေးရွာအုပ်စု,Ku Toet Seik Village Tract,village_tract,7109,,no_exact_or_fuzzy,missing_local_after_rebind,0,1,1,"Township 7109 resolved, but no exact approved ward/village-tract identity matched; will not invent admin from postal text",,missing_local_admin_identity,township resolved; no exact inventory identity for locality,
0717001,missing_local_admin_identity,ရခိုင်ပြည်နယ်,Rakhine State,သံတွဲ မြို့နယ်,Thandwe Township,အမှတ် (၁) ရပ်ကွက်,No (1) Quarter,ward,7176,,no_exact_or_fuzzy,missing_local_after_rebind,0,1,1,"Township 7176 resolved, but no exact approved ward/village-tract identity matched; will not invent admin from postal text",,missing_local_admin_identity,township resolved; no exact inventory identity for locality,
0717002,missing_local_admin_identity,ရခိုင်ပြည်နယ်,Rakhine State,သံတွဲ မြို့နယ်,Thandwe Township,အမှတ် (၂) ရပ်ကွက်,No (2) Quarter,ward,7176,,no_exact_or_fuzzy,missing_local_after_rebind,0,1,1,"Township 7176 resolved, but no exact approved ward/village-tract identity matched; will not invent admin from postal text",,missing_local_admin_identity,township resolved; no exact inventory identity for locality,
0717003,missing_local_admin_identity,ရခိုင်ပြည်နယ်,Rakhine State,သံတွဲ မြို့နယ်,Thandwe Township,အမှတ် (၃) ရပ်ကွက်,No (3) Quarter,ward,7176,,no_exact_or_fuzzy,missing_local_after_rebind,0,1,1,"Township 7176 resolved, but no exact approved ward/village-tract identity matched; will not invent admin from postal text",,missing_local_admin_identity,township resolved; no exact inventory identity for locality,
0717004,missing_local_admin_identity,ရခိုင်ပြည်နယ်,Rakhine State,သံတွဲ မြို့နယ်,Thandwe Township,အမှတ် (၄) ရပ်ကွက်,No (4) Quarter,ward,7176,,no_exact_or_fuzzy,missing_local_after_rebind,0,1,1,"Township 7176 resolved, but no exact approved ward/village-tract identity matched; will not invent admin from postal text",,missing_local_admin_identity,township resolved; no exact inventory identity for locality,
0717005,missing_local_admin_identity,ရခိုင်ပြည်နယ်,Rakhine State,သံတွဲ မြို့နယ်,Thandwe Township,အမှတ် (၅) ရပ်ကွက်,No (5) Quarter,ward,7176,,no_exact_or_fuzzy,missing_local_after_rebind,0,1,1,"Township 7176 resolved, but no exact approved ward/village-tract identity matched; will not invent admin from postal text",,missing_local_admin_identity,township resolved; no exact inventory identity for locality,
0717006,missing_local_admin_identity,ရခိုင်ပြည်နယ်,Rakhine State,သံတွဲ မြို့နယ်,Thandwe Township,အမှတ် (၆) ရပ်ကွက်,No (6) Quarter,ward,7176,,no_exact_or_fuzzy,missing_local_after_rebind,0,1,1,"Township 7176 resolved, but no exact approved ward/village-tract identity matched; will not invent admin from postal text",,missing_local_admin_identity,township resolved; no exact inventory identity for locality,
0717007,missing_local_admin_identity,ရခိုင်ပြည်နယ်,Rakhine State,သံတွဲ မြို့နယ်,Thandwe Township,အမှတ် (၇) ရပ်ကွက်,No (7) Quarter,ward,7176,,no_exact_or_fuzzy,missing_local_after_rebind,0,1,1,"Township 7176 resolved, but no exact approved ward/village-tract identity matched; will not invent admin from postal text",,missing_local_admin_identity,township resolved; no exact inventory identity for locality,
0717008,missing_local_admin_identity,ရခိုင်ပြည်နယ်,Rakhine State,သံတွဲ မြို့နယ်,Thandwe Township,အမှတ် (၈)  (ဒွါရာဝတီမြို့သစ်) ရပ်ကွက်,No (8) (Dwar Yar Wa Ti Myo Thit ) Quarter,ward,7176,,no_exact_or_fuzzy,missing_local_after_rebind,0,1,1,"Township 7176 resolved, but no exact approved ward/village-tract identity matched; will not invent admin from postal text",,missing_local_admin_identity,township resolved; no exact inventory identity for locality,
0760001,non_admin_postal_locality,ရခိုင်ပြည်နယ်,Rakhine State,တောင်ပြိုလက်ဝဲ မြို့,Taungpyoletwea Town,အမှတ် (၁) ရပ်ကွက်,No (1) Quarter,ward,,,township_unresolved,non_admin_unresolved_township_name,0,1,1,Could not resolve approved CoreMap township from postal region/township names; local match skipped (township must resolve first),,non_admin_postal_locality,township name unresolved as CoreMap township; locality treated as non-admin postal place/town,
0760002,non_admin_postal_locality,ရခိုင်ပြည်နယ်,Rakhine State,တောင်ပြိုလက်ဝဲ မြို့,Taungpyoletwea Town,အမှတ် (၂) ရပ်ကွက်,No (2) Quarter,ward,,,township_unresolved,non_admin_unresolved_township_name,0,1,1,Could not resolve approved CoreMap township from postal region/township names; local match skipped (township must resolve first),,non_admin_postal_locality,township name unresolved as CoreMap township; locality treated as non-admin postal place/town,
0760003,non_admin_postal_locality,ရခိုင်ပြည်နယ်,Rakhine State,တောင်ပြိုလက်ဝဲ မြို့,Taungpyoletwea Town,အမှတ် (၃) ရပ်ကွက်,No (3) Quarter,ward,,,township_unresolved,non_admin_unresolved_township_name,0,1,1,Could not resolve approved CoreMap township from postal region/township names; local match skipped (township must resolve first),,non_admin_postal_locality,township name unresolved as CoreMap township; locality treated as non-admin postal place/town,
0760004,non_admin_postal_locality,ရခိုင်ပြည်နယ်,Rakhine State,တောင်ပြိုလက်ဝဲ မြို့,Taungpyoletwea Town,အမှတ် (၄) ရပ်ကွက်,No (4) Quarter,ward,,,township_unresolved,non_admin_unresolved_township_name,0,1,1,Could not resolve approved CoreMap township from postal region/township names; local match skipped (township must resolve first),,non_admin_postal_locality,township name unresolved as CoreMap township; locality treated as non-admin postal place/town,
0760005,non_admin_postal_locality,ရခိုင်ပြည်နယ်,Rakhine State,တောင်ပြိုလက်ဝဲ မြို့,Taungpyoletwea Town,အမှတ် (၅) ရပ်ကွက်,No (5) Quarter,ward,,,township_unresolved,non_admin_unresolved_township_name,0,1,1,Could not resolve approved CoreMap township from postal region/township names; local match skipped (township must resolve first),,non_admin_postal_locality,township name unresolved as CoreMap township; locality treated as non-admin postal place/town,
0761001,non_admin_postal_locality,ရခိုင်ပြည်နယ်,Rakhine State,ခမောင်းဆိပ် မြို့,Kha Maung Seik Town,အရှေ့ပိုင်း ရပ်ကွက်,Ah Shey Paing Quarter,ward,,,township_unresolved,non_admin_unresolved_township_name,0,1,1,Could not resolve approved CoreMap township from postal region/township names; local match skipped (township must resolve first),,non_admin_postal_locality,township name unresolved as CoreMap township; locality treated as non-admin postal place/town,
0761002,non_admin_postal_locality,ရခိုင်ပြည်နယ်,Rakhine State,ခမောင်းဆိပ် မြို့,Kha Maung Seik Town,အစံကျော် ရပ်ကွက်,Ah San Kyaw Quarter,ward,,,township_unresolved,non_admin_unresolved_township_name,0,1,1,Could not resolve approved CoreMap township from postal region/township names; local match skipped (township must resolve first),,non_admin_postal_locality,township name unresolved as CoreMap township; locality treated as non-admin postal place/town,
0761003,non_admin_postal_locality,ရခိုင်ပြည်နယ်,Rakhine State,ခမောင်းဆိပ် မြို့,Kha Maung Seik Town,ရဲဘောက်ကျာ ရပ်ကွက်,Ye Bauk Kyar Quarter,ward,,,township_unresolved,non_admin_unresolved_township_name,0,1,1,Could not resolve approved CoreMap township from postal region/township names; local match skipped (township must resolve first),,non_admin_postal_locality,township name unresolved as CoreMap township; locality treated as non-admin postal place/town,
0761004,non_admin_postal_locality,ရခိုင်ပြည်နယ်,Rakhine State,ခမောင်းဆိပ် မြို့,Kha Maung Seik Town,တိုင်းဘင်္ဂါ ရပ်ကွက်,Taing Bin Gar Quarter,ward,,,township_unresolved,non_admin_unresolved_township_name,0,1,1,Could not resolve approved CoreMap township from postal region/township names; local match skipped (township must resolve first),,non_admin_postal_locality,township name unresolved as CoreMap township; locality treated as non-admin postal place/town,
0761005,non_admin_postal_locality,ရခိုင်ပြည်နယ်,Rakhine State,ခမောင်းဆိပ် မြို့,Kha Maung Seik Town,မင်းခမောင်း ရပ်ကွက်,Min Kha Maung Quarter,ward,,,township_unresolved,non_admin_unresolved_township_name,0,1,1,Could not resolve approved CoreMap township from postal region/township names; local match skipped (township must resolve first),,non_admin_postal_locality,township name unresolved as CoreMap township; locality treated as non-admin postal place/town,
0762001,non_admin_postal_locality,ရခိုင်ပြည်နယ်,Rakhine State,မြင်းလွှတ် မြို့,Myin Hlut Town,အနောက်ပိုင်း ရပ်ကွက်,Ah Nauk Paing Quarter,ward,,,township_unresolved,non_admin_unresolved_township_name,0,1,1,Could not resolve approved CoreMap township from postal region/township names; local match skipped (township must resolve first),,non_admin_postal_locality,township name unresolved as CoreMap township; locality treated as non-admin postal place/town,
0762002,non_admin_postal_locality,ရခိုင်ပြည်နယ်,Rakhine State,မြင်းလွှတ် မြို့,Myin Hlut Town,အလယ်ပိုင်း ရပ်ကွက်,Ah Lel Paing Quarter,ward,,,township_unresolved,non_admin_unresolved_township_name,0,1,1,Could not resolve approved CoreMap township from postal region/township names; local match skipped (township must resolve first),,non_admin_postal_locality,township name unresolved as CoreMap township; locality treated as non-admin postal place/town,
0762003,non_admin_postal_locality,ရခိုင်ပြည်နယ်,Rakhine State,မြင်းလွှတ် မြို့,Myin Hlut Town,အရှေ့ပိုင်း ရပ်ကွက်,Ah Shey Paing Quarter,ward,,,township_unresolved,non_admin_unresolved_township_name,0,1,1,Could not resolve approved CoreMap township from postal region/township names; local match skipped (township must resolve first),,non_admin_postal_locality,township name unresolved as CoreMap township; locality treated as non-admin postal place/town,
0762004,non_admin_postal_locality,ရခိုင်ပြည်နယ်,Rakhine State,မြင်းလွှတ် မြို့,Myin Hlut Town,ရွာသစ် ရပ်ကွက်,Ywar Thit Quarter,ward,,,township_unresolved,non_admin_unresolved_township_name,0,1,1,Could not resolve approved CoreMap township from postal region/township names; local match skipped (township must resolve first),,non_admin_postal_locality,township name unresolved as CoreMap township; locality treated as non-admin postal place/town,
0762005,non_admin_postal_locality,ရခိုင်ပြည်နယ်,Rakhine State,မြင်းလွှတ် မြို့,Myin Hlut Town,ရှီးဒါး ရပ်ကွက်,Shee Dar Quarter,ward,,,township_unresolved,non_admin_unresolved_township_name,0,1,1,Could not resolve approved CoreMap township from postal region/township names; local match skipped (township must resolve first),,non_admin_postal_locality,township name unresolved as CoreMap township; locality treated as non-admin postal place/town,
0762006,non_admin_postal_locality,ရခိုင်ပြည်နယ်,Rakhine State,မြင်းလွှတ် မြို့,Myin Hlut Town,ဖွေရာ ရပ်ကွက်,Hpway Yar Quarter,ward,,,township_unresolved,non_admin_unresolved_township_name,0,1,1,Could not resolve approved CoreMap township from postal region/township names; local match skipped (township must resolve first),,non_admin_postal_locality,township name unresolved as CoreMap township; locality treated as non-admin postal place/town,
0762007,non_admin_postal_locality,ရခိုင်ပြည်နယ်,Rakhine State,မြင်းလွှတ် မြို့,Myin Hlut Town,မြောချောင်း ရပ်ကွက်,Myaw Chaung Quarter,ward,,,township_unresolved,non_admin_unresolved_township_name,0,1,1,Could not resolve approved CoreMap township from postal region/township names; local match skipped (township must resolve first),,non_admin_postal_locality,township name unresolved as CoreMap township; locality treated as non-admin postal place/town,
0762008,non_admin_postal_locality,ရခိုင်ပြည်နယ်,Rakhine State,မြင်းလွှတ် မြို့,Myin Hlut Town,ဂြင်းတော ရပ်ကွက်,Gyin Taw Quarter,ward,,,township_unresolved,non_admin_unresolved_township_name,0,1,1,Could not resolve approved CoreMap township from postal region/township names; local match skipped (township must resolve first),,non_admin_postal_locality,township name unresolved as CoreMap township; locality treated as non-admin postal place/town,
0763001,non_admin_postal_locality,ရခိုင်ပြည်နယ်,Rakhine State,ကမ်းထောင့်ကြီး မြို့,Kanhtauntkyi Town,အလယ်ပိုင်း ရပ်ကွက်,Ah Lel Paing Quarter,ward,,,township_unresolved,non_admin_unresolved_township_name,0,1,1,Could not resolve approved CoreMap township from postal region/township names; local match skipped (township must resolve first),,non_admin_postal_locality,township name unresolved as CoreMap township; locality treated as non-admin postal place/town,
0763002,non_admin_postal_locality,ရခိုင်ပြည်နယ်,Rakhine State,ကမ်းထောင့်ကြီး မြို့,Kanhtauntkyi Town,တောင်ပိုင်း ရပ်ကွက်,Taung Paing Quarter,ward,,,township_unresolved,non_admin_unresolved_township_name,0,1,1,Could not resolve approved CoreMap township from postal region/township names; local match skipped (township must resolve first),,non_admin_postal_locality,township name unresolved as CoreMap township; locality treated as non-admin postal place/town,
0763003,non_admin_postal_locality,ရခိုင်ပြည်နယ်,Rakhine State,ကမ်းထောင့်ကြီး မြို့,Kanhtauntkyi Town,မြောက်ပိုင်း ရပ်ကွက်,Myauk Paing Quarter,ward,,,township_unresolved,non_admin_unresolved_township_name,0,1,1,Could not resolve approved CoreMap township from postal region/township names; local match skipped (township must resolve first),,non_admin_postal_locality,township name unresolved as CoreMap township; locality treated as non-admin postal place/town,
0763004,non_admin_postal_locality,ရခိုင်ပြည်နယ်,Rakhine State,ကမ်းထောင့်ကြီး မြို့,Kanhtauntkyi Town,ရွာသာယာ ရပ်ကွက်,Ywar Thar Yar Quarter,ward,,,township_unresolved,non_admin_unresolved_township_name,0,1,1,Could not resolve approved CoreMap township from postal region/township names; local match skipped (township must resolve first),,non_admin_postal_locality,township name unresolved as CoreMap township; locality treated as non-admin postal place/town,
0763005,non_admin_postal_locality,ရခိုင်ပြည်နယ်,Rakhine State,ကမ်းထောင့်ကြီး မြို့,Kanhtauntkyi Town,ရွာသစ် ရပ်ကွက်,Ywar Thit Quarter,ward,,,township_unresolved,non_admin_unresolved_township_name,0,1,1,Could not resolve approved CoreMap township from postal region/township names; local match skipped (township must resolve first),,non_admin_postal_locality,township name unresolved as CoreMap township; locality treated as non-admin postal place/town,
0764001,non_admin_postal_locality,ရခိုင်ပြည်နယ်,Rakhine State,စနဲ မြို့,Sa Ne Town,ကံပြင် ရပ်ကွက်,Kan Pyin Quarter,ward,,,township_unresolved,non_admin_unresolved_township_name,0,1,1,Could not resolve approved CoreMap township from postal region/township names; local match skipped (township must resolve first),,non_admin_postal_locality,township name unresolved as CoreMap township; locality treated as non-admin postal place/town,
0764002,non_admin_postal_locality,ရခိုင်ပြည်နယ်,Rakhine State,စနဲ မြို့,Sa Ne Town,အလယ်ပိုင်း ရပ်ကွက်,Ah Lel Paing Quarter,ward,,,township_unresolved,non_admin_unresolved_township_name,0,1,1,Could not resolve approved CoreMap township from postal region/township names; local match skipped (township must resolve first),,non_admin_postal_locality,township name unresolved as CoreMap township; locality treated as non-admin postal place/town,
0764003,non_admin_postal_locality,ရခိုင်ပြည်နယ်,Rakhine State,စနဲ မြို့,Sa Ne Town,တောင်ငူစု ရပ်ကွက်,Taung Ngu Su Quarter,ward,,,township_unresolved,non_admin_unresolved_township_name,0,1,1,Could not resolve approved CoreMap township from postal region/township names; local match skipped (township must resolve first),,non_admin_postal_locality,township name unresolved as CoreMap township; locality treated as non-admin postal place/town,
0764004,non_admin_postal_locality,ရခိုင်ပြည်နယ်,Rakhine State,စနဲ မြို့,Sa Ne Town,ရွှေဟင်္သာ ရပ်ကွက်,Shwe Hin Thar Quarter,ward,,,township_unresolved,non_admin_unresolved_township_name,0,1,1,Could not resolve approved CoreMap township from postal region/township names; local match skipped (township must resolve first),,non_admin_postal_locality,township name unresolved as CoreMap township; locality treated as non-admin postal place/town,
0764005,non_admin_postal_locality,ရခိုင်ပြည်နယ်,Rakhine State,စနဲ မြို့,Sa Ne Town,ထိန်ဒွေ ရပ်ကွက်,Htein Dway Quarter,ward,,,township_unresolved,non_admin_unresolved_township_name,0,1,1,Could not resolve approved CoreMap township from postal region/township names; local match skipped (township must resolve first),,non_admin_postal_locality,township name unresolved as CoreMap township; locality treated as non-admin postal place/town,
0765001,non_admin_postal_locality,ရခိုင်ပြည်နယ်,Rakhine State,လေးတောင် မြို့,Lay Taung Town,အမှတ် (၁) ရပ်ကွက်,No (1) Quarter,ward,,,township_unresolved,non_admin_unresolved_township_name,0,1,1,Could not resolve approved CoreMap township from postal region/township names; local match skipped (township must resolve first),,non_admin_postal_locality,township name unresolved as CoreMap township; locality treated as non-admin postal place/town,
0765002,non_admin_postal_locality,ရခိုင်ပြည်နယ်,Rakhine State,လေးတောင် မြို့,Lay Taung Town,အမှတ် (၂) ရပ်ကွက်,No (2) Quarter,ward,,,township_unresolved,non_admin_unresolved_township_name,0,1,1,Could not resolve approved CoreMap township from postal region/township names; local match skipped (township must resolve first),,non_admin_postal_locality,township name unresolved as CoreMap township; locality treated as non-admin postal place/town,
0765003,non_admin_postal_locality,ရခိုင်ပြည်နယ်,Rakhine State,လေးတောင် မြို့,Lay Taung Town,အမှတ် (၃) ရပ်ကွက်,No (3) Quarter,ward,,,township_unresolved,non_admin_unresolved_township_name,0,1,1,Could not resolve approved CoreMap township from postal region/township names; local match skipped (township must resolve first),,non_admin_postal_locality,township name unresolved as CoreMap township; locality treated as non-admin postal place/town,
0765004,non_admin_postal_locality,ရခိုင်ပြည်နယ်,Rakhine State,လေးတောင် မြို့,Lay Taung Town,အမှတ် (၄) ရပ်ကွက်,No (4) Quarter,ward,,,township_unresolved,non_admin_unresolved_township_name,0,1,1,Could not resolve approved CoreMap township from postal region/township names; local match skipped (township must resolve first),,non_admin_postal_locality,township name unresolved as CoreMap township; locality treated as non-admin postal place/town,
0765005,non_admin_postal_locality,ရခိုင်ပြည်နယ်,Rakhine State,လေးတောင် မြို့,Lay Taung Town,အမှတ် (၅) ရပ်ကွက်,No (5) Quarter,ward,,,township_unresolved,non_admin_unresolved_township_name,0,1,1,Could not resolve approved CoreMap township from postal region/township names; local match skipped (township must resolve first),,non_admin_postal_locality,township name unresolved as CoreMap township; locality treated as non-admin postal place/town,
0766001,non_admin_postal_locality,ရခိုင်ပြည်နယ်,Rakhine State,တပ်တောင် မြို့,Tat Taung Town,အမှတ် (၁) ရပ်ကွက်,No (1) Quarter,ward,,,township_unresolved,non_admin_unresolved_township_name,0,1,1,Could not resolve approved CoreMap township from postal region/township names; local match skipped (township must resolve first),,non_admin_postal_locality,township name unresolved as CoreMap township; locality treated as non-admin postal place/town,
0766002,non_admin_postal_locality,ရခိုင်ပြည်နယ်,Rakhine State,တပ်တောင် မြို့,Tat Taung Town,အမှတ် (၂) ရပ်ကွက်,No (2) Quarter,ward,,,township_unresolved,non_admin_unresolved_township_name,0,1,1,Could not resolve approved CoreMap township from postal region/township names; local match skipped (township must resolve first),,non_admin_postal_locality,township name unresolved as CoreMap township; locality treated as non-admin postal place/town,
0766003,non_admin_postal_locality,ရခိုင်ပြည်နယ်,Rakhine State,တပ်တောင် မြို့,Tat Taung Town,အမှတ် (၃) ရပ်ကွက်,No (3) Quarter,ward,,,township_unresolved,non_admin_unresolved_township_name,0,1,1,Could not resolve approved CoreMap township from postal region/township names; local match skipped (township must resolve first),,non_admin_postal_locality,township name unresolved as CoreMap township; locality treated as non-admin postal place/town,
0767001,non_admin_postal_locality,ရခိုင်ပြည်နယ်,Rakhine State,မအီ မြို့,Ma-Ei Town,အမှတ် (၁) ရပ်ကွက်,No (1) Quarter,ward,,,township_unresolved,non_admin_unresolved_township_name,0,1,1,Could not resolve approved CoreMap township from postal region/township names; local match skipped (township must resolve first),,non_admin_postal_locality,township name unresolved as CoreMap township; locality treated as non-admin postal place/town,
0767002,non_admin_postal_locality,ရခိုင်ပြည်နယ်,Rakhine State,မအီ မြို့,Ma-Ei Town,အမှတ် (၂) ရပ်ကွက်,No (2) Quarter,ward,,,township_unresolved,non_admin_unresolved_township_name,0,1,1,Could not resolve approved CoreMap township from postal region/township names; local match skipped (township must resolve first),,non_admin_postal_locality,township name unresolved as CoreMap township; locality treated as non-admin postal place/town,
0767003,non_admin_postal_locality,ရခိုင်ပြည်နယ်,Rakhine State,မအီ မြို့,Ma-Ei Town,အမှတ် (၃) ရပ်ကွက်,No (3) Quarter,ward,,,township_unresolved,non_admin_unresolved_township_name,0,1,1,Could not resolve approved CoreMap township from postal region/township names; local match skipped (township must resolve first),,non_admin_postal_locality,township name unresolved as CoreMap township; locality treated as non-admin postal place/town,
0767004,non_admin_postal_locality,ရခိုင်ပြည်နယ်,Rakhine State,မအီ မြို့,Ma-Ei Town,အမှတ် (၄) ရပ်ကွက်,No (4) Quarter,ward,,,township_unresolved,non_admin_unresolved_township_name,0,1,1,Could not resolve approved CoreMap township from postal region/township names; local match skipped (township must resolve first),,non_admin_postal_locality,township name unresolved as CoreMap township; locality treated as non-admin postal place/town,
0768001,non_admin_postal_locality,ရခိုင်ပြည်နယ်,Rakhine State,တန်းလွဲရွာမ မြို့,Tan Hlwe Ywar Ma Town,အမှတ် (၁) (အထက်ပိုင်း) ရပ်ကွက်,No (1) (Ah Htet Paing) Quarter,ward,,,township_unresolved,non_admin_unresolved_township_name,0,1,1,Could not resolve approved CoreMap township from postal region/township names; local match skipped (township must resolve first),,non_admin_postal_locality,township name unresolved as CoreMap township; locality treated as non-admin postal place/town,
0768002,non_admin_postal_locality,ရခိုင်ပြည်နယ်,Rakhine State,တန်းလွဲရွာမ မြို့,Tan Hlwe Ywar Ma Town,အမှတ် (၂) (အလယ်ပိုင်း) ရပ်ကွက်,No (2) (Ah Lel Paing) Quarter,ward,,,township_unresolved,non_admin_unresolved_township_name,0,1,1,Could not resolve approved CoreMap township from postal region/township names; local match skipped (township must resolve first),,non_admin_postal_locality,township name unresolved as CoreMap township; locality treated as non-admin postal place/town,
0768003,non_admin_postal_locality,ရခိုင်ပြည်နယ်,Rakhine State,တန်းလွဲရွာမ မြို့,Tan Hlwe Ywar Ma Town,အမှတ် (၃) (အောက်ပိုင်း) ရပ်ကွက်,No (3) (Auk Paing) Quarter,ward,,,township_unresolved,non_admin_unresolved_township_name,0,1,1,Could not resolve approved CoreMap township from postal region/township names; local match skipped (township must resolve first),,non_admin_postal_locality,township name unresolved as CoreMap township; locality treated as non-admin postal place/town,
0768004,non_admin_postal_locality,ရခိုင်ပြည်နယ်,Rakhine State,တန်းလွဲရွာမ မြို့,Tan Hlwe Ywar Ma Town,အမှတ် (၄) (ရွာသစ်) ရပ်ကွက်,No (4) (Ywar Thit) Quarter,ward,,,township_unresolved,non_admin_unresolved_township_name,0,1,1,Could not resolve approved CoreMap township from postal region/township names; local match skipped (township must resolve first),,non_admin_postal_locality,township name unresolved as CoreMap township; locality treated as non-admin postal place/town,
0768005,non_admin_postal_locality,ရခိုင်ပြည်နယ်,Rakhine State,တန်းလွဲရွာမ မြို့,Tan Hlwe Ywar Ma Town,အမှတ် (၅) (ကူးတို့ဆိပ်) ရပ်ကွက်,No (5) (Ku Toet Seik) Quarter,ward,,,township_unresolved,non_admin_unresolved_township_name,0,1,1,Could not resolve approved CoreMap township from postal region/township names; local match skipped (township must resolve first),,non_admin_postal_locality,township name unresolved as CoreMap township; locality treated as non-admin postal place/town,
0768006,non_admin_postal_locality,ရခိုင်ပြည်နယ်,Rakhine State,တန်းလွဲရွာမ မြို့,Tan Hlwe Ywar Ma Town,အမှတ် (၆) (မော်လှမော်) ရပ်ကွက်,No (6) (Maw Hla Maw) Quarter,ward,,,township_unresolved,non_admin_unresolved_township_name,0,1,1,Could not resolve approved CoreMap township from postal region/township names; local match skipped (township must resolve first),,non_admin_postal_locality,township name unresolved as CoreMap township; locality treated as non-admin postal place/town,
0769001,non_admin_postal_locality,ရခိုင်ပြည်နယ်,Rakhine State,ငပလီ မြို့,Ngapali Town,ဂေါ့ ရပ်ကွက်,Gawt Quarter,ward,,,township_unresolved,non_admin_unresolved_township_name,0,1,1,Could not resolve approved CoreMap township from postal region/township names; local match skipped (township must resolve first),,non_admin_postal_locality,township name unresolved as CoreMap township; locality treated as non-admin postal place/town,
0769002,non_admin_postal_locality,ရခိုင်ပြည်နယ်,Rakhine State,ငပလီ မြို့,Ngapali Town,ဇီးဖြူကုန်း ရပ်ကွက်,Zee Hpyu Kone Quarter,ward,,,township_unresolved,non_admin_unresolved_township_name,0,1,1,Could not resolve approved CoreMap township from postal region/township names; local match skipped (township must resolve first),,non_admin_postal_locality,township name unresolved as CoreMap township; locality treated as non-admin postal place/town,
0769003,non_admin_postal_locality,ရခိုင်ပြည်နယ်,Rakhine State,ငပလီ မြို့,Ngapali Town,လင်းသာ ရပ်ကွက်,Lin Thar Quarter,ward,,,township_unresolved,non_admin_unresolved_township_name,0,1,1,Could not resolve approved CoreMap township from postal region/township names; local match skipped (township must resolve first),,non_admin_postal_locality,township name unresolved as CoreMap township; locality treated as non-admin postal place/town,
0769004,non_admin_postal_locality,ရခိုင်ပြည်နယ်,Rakhine State,ငပလီ မြို့,Ngapali Town,မြပြင် ရပ်ကွက်,Mya Pyin Quarter,ward,,,township_unresolved,non_admin_unresolved_township_name,0,1,1,Could not resolve approved CoreMap township from postal region/township names; local match skipped (township must resolve first),,non_admin_postal_locality,township name unresolved as CoreMap township; locality treated as non-admin postal place/town,
0769005,non_admin_postal_locality,ရခိုင်ပြည်နယ်,Rakhine State,ငပလီ မြို့,Ngapali Town,ဂျိတ္တော ရပ်ကွက်,Gyeik Taw Quarter,ward,,,township_unresolved,non_admin_unresolved_township_name,0,1,1,Could not resolve approved CoreMap township from postal region/township names; local match skipped (township must resolve first),,non_admin_postal_locality,township name unresolved as CoreMap township; locality treated as non-admin postal place/town,
0770001,non_admin_postal_locality,ရခိုင်ပြည်နယ်,Rakhine State,ကျိန္တလီ မြို့,Kyeintali Town,အမှတ် (၁) ရပ်ကွက်,No (1) Quarter,ward,,,township_unresolved,non_admin_unresolved_township_name,0,1,1,Could not resolve approved CoreMap township from postal region/township names; local match skipped (township must resolve first),,non_admin_postal_locality,township name unresolved as CoreMap township; locality treated as non-admin postal place/town,
0770002,non_admin_postal_locality,ရခိုင်ပြည်နယ်,Rakhine State,ကျိန္တလီ မြို့,Kyeintali Town,အမှတ် (၂) ရပ်ကွက်,No (2) Quarter,ward,,,township_unresolved,non_admin_unresolved_township_name,0,1,1,Could not resolve approved CoreMap township from postal region/township names; local match skipped (township must resolve first),,non_admin_postal_locality,township name unresolved as CoreMap township; locality treated as non-admin postal place/town,
0770003,non_admin_postal_locality,ရခိုင်ပြည်နယ်,Rakhine State,ကျိန္တလီ မြို့,Kyeintali Town,အမှတ် (၃) ရပ်ကွက်,No (3) Quarter,ward,,,township_unresolved,non_admin_unresolved_township_name,0,1,1,Could not resolve approved CoreMap township from postal region/township names; local match skipped (township must resolve first),,non_admin_postal_locality,township name unresolved as CoreMap township; locality treated as non-admin postal place/town,
0801001,missing_local_admin_identity,ပဲခူးတိုင်းဒေသကြီး (အရှေ့),Bago Region (East),ပဲခူး မြို့နယ်,Bago Township,မြို့တွင်းအရှေ့ (က) ရပ်ကွက်,Myo Twin (East-Ka Gyi) Quarter,ward,5924,,no_exact_or_fuzzy,missing_local_after_rebind,0,1,1,"Township 5924 resolved, but no exact approved ward/village-tract identity matched; will not invent admin from postal text",,missing_local_admin_identity,township resolved; no exact inventory identity for locality,
0801002,missing_local_admin_identity,ပဲခူးတိုင်းဒေသကြီး (အရှေ့),Bago Region (East),ပဲခူး မြို့နယ်,Bago Township,မြို့တွင်းအရှေ့ (ခ) ရပ်ကွက်,Myo Twin (East-Kha Gway) Quarter,ward,5924,,no_exact_or_fuzzy,missing_local_after_rebind,0,1,1,"Township 5924 resolved, but no exact approved ward/village-tract identity matched; will not invent admin from postal text",,missing_local_admin_identity,township resolved; no exact inventory identity for locality,
0801003,missing_local_admin_identity,ပဲခူးတိုင်းဒေသကြီး (အရှေ့),Bago Region (East),ပဲခူး မြို့နယ်,Bago Township,မြို့တွင်းအနောက် (က) ရပ်ကွက်,Myo Twin (West-Ka Gyi) Quarter,ward,5924,,no_exact_or_fuzzy,missing_local_after_rebind,0,1,1,"Township 5924 resolved, but no exact approved ward/village-tract identity matched; will not invent admin from postal text",,missing_local_admin_identity,township resolved; no exact inventory identity for locality,
0801004,missing_local_admin_identity,ပဲခူးတိုင်းဒေသကြီး (အရှေ့),Bago Region (East),ပဲခူး မြို့နယ်,Bago Township,မြို့တွင်းအနောက် (ခ) ရပ်ကွက်,Myo Twin (West-Kha Gway) Quarter,ward,5924,,no_exact_or_fuzzy,missing_local_after_rebind,0,1,1,"Township 5924 resolved, but no exact approved ward/village-tract identity matched; will not invent admin from postal text",,missing_local_admin_identity,township resolved; no exact inventory identity for locality,
0801005,missing_local_admin_identity,ပဲခူးတိုင်းဒေသကြီး (အရှေ့),Bago Region (East),ပဲခူး မြို့နယ်,Bago Township,လိပ်ပြာကန် ရပ်ကွက်,Leik Pyar Kan Quarter,ward,5924,,no_exact_or_fuzzy,missing_local_after_rebind,0,1,1,"Township 5924 resolved, but no exact approved ward/village-tract identity matched; will not invent admin from postal text",,missing_local_admin_identity,township resolved; no exact inventory identity for locality,
0801006,missing_local_admin_identity,ပဲခူးတိုင်းဒေသကြီး (အရှေ့),Bago Region (East),ပဲခူး မြို့နယ်,Bago Township,ပုဏ္ဏားစု ရပ်ကွက်,Pon Nar Su Quarter,ward,5924,,no_exact_or_fuzzy,missing_local_after_rebind,0,1,1,"Township 5924 resolved, but no exact approved ward/village-tract identity matched; will not invent admin from postal text",,missing_local_admin_identity,township resolved; no exact inventory identity for locality,
0801007,missing_local_admin_identity,ပဲခူးတိုင်းဒေသကြီး (အရှေ့),Bago Region (East),ပဲခူး မြို့နယ်,Bago Township,ပန်းလှိုင် ရပ်ကွက်,Pan Hlaing Quarter,ward,5924,,no_exact_or_fuzzy,missing_local_after_rebind,0,1,1,"Township 5924 resolved, but no exact approved ward/village-tract identity matched; will not invent admin from postal text",,missing_local_admin_identity,township resolved; no exact inventory identity for locality,
0801008,missing_local_admin_identity,ပဲခူးတိုင်းဒေသကြီး (အရှေ့),Bago Region (East),ပဲခူး မြို့နယ်,Bago Township,ဈေးပိုင်း ရပ်ကွက်,Zay Paing Quarter,ward,5924,,no_exact_or_fuzzy,missing_local_after_rebind,0,1,1,"Township 5924 resolved, but no exact approved ward/village-tract identity matched; will not invent admin from postal text",,missing_local_admin_identity,township resolved; no exact inventory identity for locality,
0801009,missing_local_admin_identity,ပဲခူးတိုင်းဒေသကြီး (အရှေ့),Bago Region (East),ပဲခူး မြို့နယ်,Bago Township,ညောင်ဝိုင်း (တောင်) ရပ်ကွက်,Nyaung Waing (South) Quarter,ward,5924,,no_exact_or_fuzzy,missing_local_after_rebind,0,1,1,"Township 5924 resolved, but no exact approved ward/village-tract identity matched; will not invent admin from postal text",,missing_local_admin_identity,township resolved; no exact inventory identity for locality,
0801010,missing_local_admin_identity,ပဲခူးတိုင်းဒေသကြီး (အရှေ့),Bago Region (East),ပဲခူး မြို့နယ်,Bago Township,ညောင်ဝိုင်း (မြောက်) ရပ်ကွက်,Nyaung Waing (North) Quarter,ward,5924,,no_exact_or_fuzzy,missing_local_after_rebind,0,1,1,"Township 5924 resolved, but no exact approved ward/village-tract identity matched; will not invent admin from postal text",,missing_local_admin_identity,township resolved; no exact inventory identity for locality,
0801011,missing_local_admin_identity,ပဲခူးတိုင်းဒေသကြီး (အရှေ့),Bago Region (East),ပဲခူး မြို့နယ်,Bago Township,သွန်းဘုရားကုန်း ရပ်ကွက်,Thun Hpa Yar Kone Quarter,ward,5924,,no_exact_or_fuzzy,missing_local_after_rebind,0,1,1,"Township 5924 resolved, but no exact approved ward/village-tract identity matched; will not invent admin from postal text",,missing_local_admin_identity,township resolved; no exact inventory identity for locality,
0801012,missing_local_admin_identity,ပဲခူးတိုင်းဒေသကြီး (အရှေ့),Bago Region (East),ပဲခူး မြို့နယ်,Bago Township,ကျောက်ကြီးစု ရပ်ကွက်,Kyauk Gyi Su Quarter,ward,5924,,no_exact_or_fuzzy,missing_local_after_rebind,0,1,1,"Township 5924 resolved, but no exact approved ward/village-tract identity matched; will not invent admin from postal text",,missing_local_admin_identity,township resolved; no exact inventory identity for locality,
0801013,missing_local_admin_identity,ပဲခူးတိုင်းဒေသကြီး (အရှေ့),Bago Region (East),ပဲခူး မြို့နယ်,Bago Township,ဇိုင်းဂနိုင်း (တောင်) ရပ်ကွက်,Zyaing Ga Naing (South) Quarter,ward,5924,,no_exact_or_fuzzy,missing_local_after_rebind,0,1,1,"Township 5924 resolved, but no exact approved ward/village-tract identity matched; will not invent admin from postal text",,missing_local_admin_identity,township resolved; no exact inventory identity for locality,
0801014,missing_local_admin_identity,ပဲခူးတိုင်းဒေသကြီး (အရှေ့),Bago Region (East),ပဲခူး မြို့နယ်,Bago Township,ဇိုင်းဂနိုင်း (မြောက်) ရပ်ကွက်,Zyaing Ga Naing (North) Quarter,ward,5924,,no_exact_or_fuzzy,missing_local_after_rebind,0,1,1,"Township 5924 resolved, but no exact approved ward/village-tract identity matched; will not invent admin from postal text",,missing_local_admin_identity,township resolved; no exact inventory identity for locality,
0801015,missing_local_admin_identity,ပဲခူးတိုင်းဒေသကြီး (အရှေ့),Bago Region (East),ပဲခူး မြို့နယ်,Bago Township,မဇင်း (က) ရပ်ကွက်,Ma Zin (Ka Gyi) Quarter,ward,5924,,no_exact_or_fuzzy,missing_local_after_rebind,0,1,1,"Township 5924 resolved, but no exact approved ward/village-tract identity matched; will not invent admin from postal text",,missing_local_admin_identity,township resolved; no exact inventory identity for locality,
0801016,missing_local_admin_identity,ပဲခူးတိုင်းဒေသကြီး (အရှေ့),Bago Region (East),ပဲခူး မြို့နယ်,Bago Township,မဇင်း (ခ) ရပ်ကွက်,Ma Zin (Kha Gway) Quarter,ward,5924,,no_exact_or_fuzzy,missing_local_after_rebind,0,1,1,"Township 5924 resolved, but no exact approved ward/village-tract identity matched; will not invent admin from postal text",,missing_local_admin_identity,township resolved; no exact inventory identity for locality,
0801017,missing_local_admin_identity,ပဲခူးတိုင်းဒေသကြီး (အရှေ့),Bago Region (East),ပဲခူး မြို့နယ်,Bago Township,မဇင်း (ဂ) ရပ်ကွက်,Ma Zin( Ga Nge) Quarter,ward,5924,,no_exact_or_fuzzy,missing_local_after_rebind,0,1,1,"Township 5924 resolved, but no exact approved ward/village-tract identity matched; will not invent admin from postal text",,missing_local_admin_identity,township resolved; no exact inventory identity for locality,
0801018,missing_local_admin_identity,ပဲခူးတိုင်းဒေသကြီး (အရှေ့),Bago Region (East),ပဲခူး မြို့နယ်,Bago Township,ဟင်္သာကုန်း ရပ်ကွက်,Hin Thar Kone Quarter,ward,5924,,no_exact_or_fuzzy,missing_local_after_rebind,0,1,1,"Township 5924 resolved, but no exact approved ward/village-tract identity matched; will not invent admin from postal text",,missing_local_admin_identity,township resolved; no exact inventory identity for locality,
0801019,missing_local_admin_identity,ပဲခူးတိုင်းဒေသကြီး (အရှေ့),Bago Region (East),ပဲခူး မြို့နယ်,Bago Township,ဗိုလ်ကုန်း ရပ်ကွက်,Bo Kone Quarter,ward,5924,,no_exact_or_fuzzy,missing_local_after_rebind,0,1,1,"Township 5924 resolved, but no exact approved ward/village-tract identity matched; will not invent admin from postal text",,missing_local_admin_identity,township resolved; no exact inventory identity for locality,
0801020,missing_local_admin_identity,ပဲခူးတိုင်းဒေသကြီး (အရှေ့),Bago Region (East),ပဲခူး မြို့နယ်,Bago Township,ဟံသာဝတီ ရပ်ကွက်,Han Thar Wa Di Quarter,ward,5924,,no_exact_or_fuzzy,missing_local_after_rebind,0,1,1,"Township 5924 resolved, but no exact approved ward/village-tract identity matched; will not invent admin from postal text",,missing_local_admin_identity,township resolved; no exact inventory identity for locality,
0801022,missing_local_admin_identity,ပဲခူးတိုင်းဒေသကြီး (အရှေ့),Bago Region (East),ပဲခူး မြို့နယ်,Bago Township,မြို့သစ် ရပ်ကွက်,Myo Thit Quarter,ward,5924,,no_exact_or_fuzzy,missing_local_after_rebind,0,1,1,"Township 5924 resolved, but no exact approved ward/village-tract identity matched; will not invent admin from postal text",,missing_local_admin_identity,township resolved; no exact inventory identity for locality,
0801023,missing_local_admin_identity,ပဲခူးတိုင်းဒေသကြီး (အရှေ့),Bago Region (East),ပဲခူး မြို့နယ်,Bago Township,အမှတ် (၁) ရပ်ကွက်,No (1) Quarter,ward,5924,,no_exact_or_fuzzy,missing_local_after_rebind,0,1,1,"Township 5924 resolved, but no exact approved ward/village-tract identity matched; will not invent admin from postal text",,missing_local_admin_identity,township resolved; no exact inventory identity for locality,
0801024,missing_local_admin_identity,ပဲခူးတိုင်းဒေသကြီး (အရှေ့),Bago Region (East),ပဲခူး မြို့နယ်,Bago Township,အမှတ် (၂) ရပ်ကွက်,No (2) Quarter,ward,5924,,no_exact_or_fuzzy,missing_local_after_rebind,0,1,1,"Township 5924 resolved, but no exact approved ward/village-tract identity matched; will not invent admin from postal text",,missing_local_admin_identity,township resolved; no exact inventory identity for locality,
0801025,missing_local_admin_identity,ပဲခူးတိုင်းဒေသကြီး (အရှေ့),Bago Region (East),ပဲခူး မြို့နယ်,Bago Township,အမှတ် (၃) ရပ်ကွက်,No (3) Quarter,ward,5924,,no_exact_or_fuzzy,missing_local_after_rebind,0,1,1,"Township 5924 resolved, but no exact approved ward/village-tract identity matched; will not invent admin from postal text",,missing_local_admin_identity,township resolved; no exact inventory identity for locality,
0801026,missing_local_admin_identity,ပဲခူးတိုင်းဒေသကြီး (အရှေ့),Bago Region (East),ပဲခူး မြို့နယ်,Bago Township,အမှတ် (၄) ရပ်ကွက်,No (4) Quarter,ward,5924,,no_exact_or_fuzzy,missing_local_after_rebind,0,1,1,"Township 5924 resolved, but no exact approved ward/village-tract identity matched; will not invent admin from postal text",,missing_local_admin_identity,township resolved; no exact inventory identity for locality,
0801027,missing_local_admin_identity,ပဲခူးတိုင်းဒေသကြီး (အရှေ့),Bago Region (East),ပဲခူး မြို့နယ်,Bago Township,အမှတ် (၅) ရပ်ကွက်,No (5) Quarter,ward,5924,,no_exact_or_fuzzy,missing_local_after_rebind,0,1,1,"Township 5924 resolved, but no exact approved ward/village-tract identity matched; will not invent admin from postal text",,missing_local_admin_identity,township resolved; no exact inventory identity for locality,
0801028,missing_local_admin_identity,ပဲခူးတိုင်းဒေသကြီး (အရှေ့),Bago Region (East),ပဲခူး မြို့နယ်,Bago Township,အမှတ် (၆) ရပ်ကွက်,No (6) Quarter,ward,5924,,no_exact_or_fuzzy,missing_local_after_rebind,0,1,1,"Township 5924 resolved, but no exact approved ward/village-tract identity matched; will not invent admin from postal text",,missing_local_admin_identity,township resolved; no exact inventory identity for locality,
0801029,missing_local_admin_identity,ပဲခူးတိုင်းဒေသကြီး (အရှေ့),Bago Region (East),ပဲခူး မြို့နယ်,Bago Township,အမှတ် (၇) ရပ်ကွက်,No (7) Quarter,ward,5924,,no_exact_or_fuzzy,missing_local_after_rebind,0,1,1,"Township 5924 resolved, but no exact approved ward/village-tract identity matched; will not invent admin from postal text",,missing_local_admin_identity,township resolved; no exact inventory identity for locality,
0801030,missing_local_admin_identity,ပဲခူးတိုင်းဒေသကြီး (အရှေ့),Bago Region (East),ပဲခူး မြို့နယ်,Bago Township,အမှတ် (၈) ရပ်ကွက်,No (8) Quarter,ward,5924,,no_exact_or_fuzzy,missing_local_after_rebind,0,1,1,"Township 5924 resolved, but no exact approved ward/village-tract identity matched; will not invent admin from postal text",,missing_local_admin_identity,township resolved; no exact inventory identity for locality,
0801031,missing_local_admin_identity,ပဲခူးတိုင်းဒေသကြီး (အရှေ့),Bago Region (East),ပဲခူး မြို့နယ်,Bago Township,အမှတ် (၉) ရပ်ကွက်,No (9) Quarter,ward,5924,,no_exact_or_fuzzy,missing_local_after_rebind,0,1,1,"Township 5924 resolved, but no exact approved ward/village-tract identity matched; will not invent admin from postal text",,missing_local_admin_identity,township resolved; no exact inventory identity for locality,
0801213,missing_local_admin_identity,ပဲခူးတိုင်းဒေသကြီး (အရှေ့),Bago Region (East),ပဲခူး မြို့နယ်,Bago Township,ဘုရားကြီး ကျေးရွာအုပ်စု,Hpa Yar Gyi Village Tract,village_tract,5924,,no_exact_or_fuzzy,missing_local_after_rebind,0,1,1,"Township 5924 resolved, but no exact approved ward/village-tract identity matched; will not invent admin from postal text",,missing_local_admin_identity,township resolved; no exact inventory identity for locality,
0801233,missing_local_admin_identity,ပဲခူးတိုင်းဒေသကြီး (အရှေ့),Bago Region (East),ပဲခူး မြို့နယ်,Bago Township,အင်းတကော် ကျေးရွာအုပ်စု,Inn Ta Kaw Village Tract,village_tract,5924,,no_exact_or_fuzzy,missing_local_after_rebind,0,1,1,"Township 5924 resolved, but no exact approved ward/village-tract identity matched; will not invent admin from postal text",,missing_local_admin_identity,township resolved; no exact inventory identity for locality,
0801247,missing_local_admin_identity,ပဲခူးတိုင်းဒေသကြီး (အရှေ့),Bago Region (East),ပဲခူး မြို့နယ်,Bago Township,သာယာကုန်း ကျေးရွာအုပ်စု,Thar Yar Kone Village Tract,village_tract,5924,,no_exact_or_fuzzy,missing_local_after_rebind,0,1,1,"Township 5924 resolved, but no exact approved ward/village-tract identity matched; will not invent admin from postal text",,missing_local_admin_identity,township resolved; no exact inventory identity for locality,
0802233,missing_local_admin_identity,ပဲခူးတိုင်းဒေသကြီး (အရှေ့),Bago Region (East),ကျောက်တံခါး မြို့နယ်,Kyauktaga Township,ဖဒို ကျေးရွာအုပ်စု,Hpa Do Village Tract,village_tract,5925,,no_exact_or_fuzzy,missing_local_after_rebind,0,1,1,"Township 5925 resolved, but no exact approved ward/village-tract identity matched; will not invent admin from postal text",,missing_local_admin_identity,township resolved; no exact inventory identity for locality,
0803224,missing_local_admin_identity,ပဲခူးတိုင်းဒေသကြီး (အရှေ့),Bago Region (East),ညောင်လေးပင် မြို့နယ်,Nyaunglebin Township,ပိန်းဇလုပ် ကျေးရွာအုပ်စု,Pein Za Loke Village Tract,village_tract,5910,,no_exact_or_fuzzy,missing_local_after_rebind,0,1,1,"Township 5910 resolved, but no exact approved ward/village-tract identity matched; will not invent admin from postal text",,missing_local_admin_identity,township resolved; no exact inventory identity for locality,
0804001,missing_local_admin_identity,ပဲခူးတိုင်းဒေသကြီး (အရှေ့),Bago Region (East),ကျောက်ကြီး မြို့နယ်,Kyaukkyi Township,ပဲခူး ရပ်ကွက်,Bago Quarter,ward,5941,,no_exact_or_fuzzy,missing_local_after_rebind,0,1,1,"Township 5941 resolved, but no exact approved ward/village-tract identity matched; will not invent admin from postal text",,missing_local_admin_identity,township resolved; no exact inventory identity for locality,
0804002,missing_local_admin_identity,ပဲခူးတိုင်းဒေသကြီး (အရှေ့),Bago Region (East),ကျောက်ကြီး မြို့နယ်,Kyaukkyi Township,ဆားတန်း ရပ်ကွက်,Sar Tan Quarter,ward,5941,,no_exact_or_fuzzy,missing_local_after_rebind,0,1,1,"Township 5941 resolved, but no exact approved ward/village-tract identity matched; will not invent admin from postal text",,missing_local_admin_identity,township resolved; no exact inventory identity for locality,
0804003,missing_local_admin_identity,ပဲခူးတိုင်းဒေသကြီး (အရှေ့),Bago Region (East),ကျောက်ကြီး မြို့နယ်,Kyaukkyi Township,ကပ်ကျေး ရပ်ကွက်,Kat Kyay Quarter,ward,5941,,no_exact_or_fuzzy,missing_local_after_rebind,0,1,1,"Township 5941 resolved, but no exact approved ward/village-tract identity matched; will not invent admin from postal text",,missing_local_admin_identity,township resolved; no exact inventory identity for locality,
0804004,missing_local_admin_identity,ပဲခူးတိုင်းဒေသကြီး (အရှေ့),Bago Region (East),ကျောက်ကြီး မြို့နယ်,Kyaukkyi Township,သိန်တန်း ရပ်ကွက်,Thein Tan Quarter,ward,5941,,no_exact_or_fuzzy,missing_local_after_rebind,0,1,1,"Township 5941 resolved, but no exact approved ward/village-tract identity matched; will not invent admin from postal text",,missing_local_admin_identity,township resolved; no exact inventory identity for locality,
0804005,missing_local_admin_identity,ပဲခူးတိုင်းဒေသကြီး (အရှေ့),Bago Region (East),ကျောက်ကြီး မြို့နယ်,Kyaukkyi Township,တောင်ငူတန်း ရပ်ကွက်,Taungoo Tan Quarter,ward,5941,,no_exact_or_fuzzy,missing_local_after_rebind,0,1,1,"Township 5941 resolved, but no exact approved ward/village-tract identity matched; will not invent admin from postal text",,missing_local_admin_identity,township resolved; no exact inventory identity for locality,
0804006,missing_local_admin_identity,ပဲခူးတိုင်းဒေသကြီး (အရှေ့),Bago Region (East),ကျောက်ကြီး မြို့နယ်,Kyaukkyi Township,မေတ္တာ ရပ်ကွက်,Myit Tar Quarter,ward,5941,,no_exact_or_fuzzy,missing_local_after_rebind,0,1,1,"Township 5941 resolved, but no exact approved ward/village-tract identity matched; will not invent admin from postal text",,missing_local_admin_identity,township resolved; no exact inventory identity for locality,
0804007,missing_local_admin_identity,ပဲခူးတိုင်းဒေသကြီး (အရှေ့),Bago Region (East),ကျောက်ကြီး မြို့နယ်,Kyaukkyi Township,လောင်ပုပ် ရပ်ကွက်,Laung Poke Quarter,ward,5941,,no_exact_or_fuzzy,missing_local_after_rebind,0,1,1,"Township 5941 resolved, but no exact approved ward/village-tract identity matched; will not invent admin from postal text",,missing_local_admin_identity,township resolved; no exact inventory identity for locality,
0804232,missing_local_admin_identity,ပဲခူးတိုင်းဒေသကြီး (အရှေ့),Bago Region (East),ကျောက်ကြီး မြို့နယ်,Kyaukkyi Township,ကြက်သောင်းတောင် ကျေးရွာအုပ်စု,Kyet Thaung Taung Village Tract,village_tract,5941,,no_exact_or_fuzzy,missing_local_after_rebind,0,1,1,"Township 5941 resolved, but no exact approved ward/village-tract identity matched; will not invent admin from postal text",,missing_local_admin_identity,township resolved; no exact inventory identity for locality,
0804233,missing_local_admin_identity,ပဲခူးတိုင်းဒေသကြီး (အရှေ့),Bago Region (East),ကျောက်ကြီး မြို့နယ်,Kyaukkyi Township,ကွီးလာ ကျေးရွာအုပ်စု,Kwee Lar Village Tract,village_tract,5941,,no_exact_or_fuzzy,missing_local_after_rebind,0,1,1,"Township 5941 resolved, but no exact approved ward/village-tract identity matched; will not invent admin from postal text",,missing_local_admin_identity,township resolved; no exact inventory identity for locality,
0804234,missing_local_admin_identity,ပဲခူးတိုင်းဒေသကြီး (အရှေ့),Bago Region (East),ကျောက်ကြီး မြို့နယ်,Kyaukkyi Township,ကပ်ပယ်လမ်းခွဲ ကျေးရွာအုပ်စု,Kat Pei Lan Khwe Village Tract,village_tract,5941,,no_exact_or_fuzzy,missing_local_after_rebind,0,1,1,"Township 5941 resolved, but no exact approved ward/village-tract identity matched; will not invent admin from postal text",,missing_local_admin_identity,township resolved; no exact inventory identity for locality,
0804235,missing_local_admin_identity,ပဲခူးတိုင်းဒေသကြီး (အရှေ့),Bago Region (East),ကျောက်ကြီး မြို့နယ်,Kyaukkyi Township,ဇင့်ကာ ကျေးရွာအုပ်စု,Zint Kar Village Tract,village_tract,5941,,no_exact_or_fuzzy,missing_local_after_rebind,0,1,1,"Township 5941 resolved, but no exact approved ward/village-tract identity matched; will not invent admin from postal text",,missing_local_admin_identity,township resolved; no exact inventory identity for locality,
0804236,missing_local_admin_identity,ပဲခူးတိုင်းဒေသကြီး (အရှေ့),Bago Region (East),ကျောက်ကြီး မြို့နယ်,Kyaukkyi Township,ခဲဒိုး ကျေးရွာအုပ်စု,Khe Doe Village Tract,village_tract,5941,,no_exact_or_fuzzy,missing_local_after_rebind,0,1,1,"Township 5941 resolved, but no exact approved ward/village-tract identity matched; will not invent admin from postal text",,missing_local_admin_identity,township resolved; no exact inventory identity for locality,
0804237,missing_local_admin_identity,ပဲခူးတိုင်းဒေသကြီး (အရှေ့),Bago Region (East),ကျောက်ကြီး မြို့နယ်,Kyaukkyi Township,ကျေးစီး (တောင်) ကျေးရွာအုပ်စု,Kyay See (South) Village Tract,village_tract,5941,,no_exact_or_fuzzy,missing_local_after_rebind,0,1,1,"Township 5941 resolved, but no exact approved ward/village-tract identity matched; will not invent admin from postal text",,missing_local_admin_identity,township resolved; no exact inventory identity for locality,
0804238,missing_local_admin_identity,ပဲခူးတိုင်းဒေသကြီး (အရှေ့),Bago Region (East),ကျောက်ကြီး မြို့နယ်,Kyaukkyi Township,ရေပူ ကျေးရွာအုပ်စု,Yae Pu Village Tract,village_tract,5941,,no_exact_or_fuzzy,missing_local_after_rebind,0,1,1,"Township 5941 resolved, but no exact approved ward/village-tract identity matched; will not invent admin from postal text",,missing_local_admin_identity,township resolved; no exact inventory identity for locality,
0804239,missing_local_admin_identity,ပဲခူးတိုင်းဒေသကြီး (အရှေ့),Bago Region (East),ကျောက်ကြီး မြို့နယ်,Kyaukkyi Township,ခူမှိုင်း ကျေးရွာအုပ်စု,Khu Hmaing Village Tract,village_tract,5941,,no_exact_or_fuzzy,missing_local_after_rebind,0,1,1,"Township 5941 resolved, but no exact approved ward/village-tract identity matched; will not invent admin from postal text",,missing_local_admin_identity,township resolved; no exact inventory identity for locality,
0804240,missing_local_admin_identity,ပဲခူးတိုင်းဒေသကြီး (အရှေ့),Bago Region (East),ကျောက်ကြီး မြို့နယ်,Kyaukkyi Township,ထီးရိုးဘောတထာ ကျေးရွာအုပ်စု,Htee Yoe Baw Ta Htar Village Tract,village_tract,5941,,no_exact_or_fuzzy,missing_local_after_rebind,0,1,1,"Township 5941 resolved, but no exact approved ward/village-tract identity matched; will not invent admin from postal text",,missing_local_admin_identity,township resolved; no exact inventory identity for locality,
0804241,missing_local_admin_identity,ပဲခူးတိုင်းဒေသကြီး (အရှေ့),Bago Region (East),ကျောက်ကြီး မြို့နယ်,Kyaukkyi Township,ဆိပ်ချောင် ကျေးရွာအုပ်စု,Seik Chaung Village Tract,village_tract,5941,,no_exact_or_fuzzy,missing_local_after_rebind,0,1,1,"Township 5941 resolved, but no exact approved ward/village-tract identity matched; will not invent admin from postal text",,missing_local_admin_identity,township resolved; no exact inventory identity for locality,
0804242,missing_local_admin_identity,ပဲခူးတိုင်းဒေသကြီး (အရှေ့),Bago Region (East),ကျောက်ကြီး မြို့နယ်,Kyaukkyi Township,ပဒါး ကျေးရွာအုပ်စု,Pa Dar Village Tract,village_tract,5941,,no_exact_or_fuzzy,missing_local_after_rebind,0,1,1,"Township 5941 resolved, but no exact approved ward/village-tract identity matched; will not invent admin from postal text",,missing_local_admin_identity,township resolved; no exact inventory identity for locality,
0804243,missing_local_admin_identity,ပဲခူးတိုင်းဒေသကြီး (အရှေ့),Bago Region (East),ကျောက်ကြီး မြို့နယ်,Kyaukkyi Township,မော်သိုကြီး ကျေးရွာအုပ်စု,Maw Tho Gyi Village Tract,village_tract,5941,,no_exact_or_fuzzy,missing_local_after_rebind,0,1,1,"Township 5941 resolved, but no exact approved ward/village-tract identity matched; will not invent admin from postal text",,missing_local_admin_identity,township resolved; no exact inventory identity for locality,
0804244,missing_local_admin_identity,ပဲခူးတိုင်းဒေသကြီး (အရှေ့),Bago Region (East),ကျောက်ကြီး မြို့နယ်,Kyaukkyi Township,ဖေါင်ဆိပ် ကျေးရွာအုပ်စု,Hpaung Seik Village Tract,village_tract,5941,,no_exact_or_fuzzy,missing_local_after_rebind,0,1,1,"Township 5941 resolved, but no exact approved ward/village-tract identity matched; will not invent admin from postal text",,missing_local_admin_identity,township resolved; no exact inventory identity for locality,
0804245,missing_local_admin_identity,ပဲခူးတိုင်းဒေသကြီး (အရှေ့),Bago Region (East),ကျောက်ကြီး မြို့နယ်,Kyaukkyi Township,မရမ်းမြောင် ကျေးရွာအုပ်စု,Ma Yan Myaung Village Tract,village_tract,5941,,no_exact_or_fuzzy,missing_local_after_rebind,0,1,1,"Township 5941 resolved, but no exact approved ward/village-tract identity matched; will not invent admin from postal text",,missing_local_admin_identity,township resolved; no exact inventory identity for locality,
0805233,missing_local_admin_identity,ပဲခူးတိုင်းဒေသကြီး (အရှေ့),Bago Region (East),ရွှေကျင် မြို့နယ်,Shwegyin Township,ထီးသပြု ကျေးရွာအုပ်စု,Htee Tha Pyu Village Tract,village_tract,5920,,no_exact_or_fuzzy,missing_local_after_rebind,0,1,1,"Township 5920 resolved, but no exact approved ward/village-tract identity matched; will not invent admin from postal text",,missing_local_admin_identity,township resolved; no exact inventory identity for locality,
0805238,missing_local_admin_identity,ပဲခူးတိုင်းဒေသကြီး (အရှေ့),Bago Region (East),ရွှေကျင် မြို့နယ်,Shwegyin Township,လဲရပ် ကျေးရွာအုပ်စု,Le Yat Village Tract,village_tract,5920,,no_exact_or_fuzzy,missing_local_after_rebind,0,1,1,"Township 5920 resolved, but no exact approved ward/village-tract identity matched; will not invent admin from postal text",,missing_local_admin_identity,township resolved; no exact inventory identity for locality,
0805242,missing_local_admin_identity,ပဲခူးတိုင်းဒေသကြီး (အရှေ့),Bago Region (East),ရွှေကျင် မြို့နယ်,Shwegyin Township,ကမော့ထော် ကျေးရွာအုပ်စု,Ka Mawt Htaw Village Tract,village_tract,5920,,no_exact_or_fuzzy,missing_local_after_rebind,0,1,1,"Township 5920 resolved, but no exact approved ward/village-tract identity matched; will not invent admin from postal text",,missing_local_admin_identity,township resolved; no exact inventory identity for locality,
0805243,missing_local_admin_identity,ပဲခူးတိုင်းဒေသကြီး (အရှေ့),Bago Region (East),ရွှေကျင် မြို့နယ်,Shwegyin Township,မဲလော့(အထက်) ကျေးရွာအုပ်စု,Me Lawt (Upper) Village Tract,village_tract,5920,,no_exact_or_fuzzy,missing_local_after_rebind,0,1,1,"Township 5920 resolved, but no exact approved ward/village-tract identity matched; will not invent admin from postal text",,missing_local_admin_identity,township resolved; no exact inventory identity for locality,
0805245,missing_local_admin_identity,ပဲခူးတိုင်းဒေသကြီး (အရှေ့),Bago Region (East),ရွှေကျင် မြို့နယ်,Shwegyin Township,မဲရစ် ကျေးရွာအုပ်စု,Me Yit Village Tract,village_tract,5920,,no_exact_or_fuzzy,missing_local_after_rebind,0,1,1,"Township 5920 resolved, but no exact approved ward/village-tract identity matched; will not invent admin from postal text",,missing_local_admin_identity,township resolved; no exact inventory identity for locality,
0805258,missing_local_admin_identity,ပဲခူးတိုင်းဒေသကြီး (အရှေ့),Bago Region (East),ရွှေကျင် မြို့နယ်,Shwegyin Township,ရှမ်းစု ကျေးရွာအုပ်စု,Shan Su Village Tract,village_tract,5920,,no_exact_or_fuzzy,missing_local_after_rebind,0,1,1,"Township 5920 resolved, but no exact approved ward/village-tract identity matched; will not invent admin from postal text",,missing_local_admin_identity,township resolved; no exact inventory identity for locality,
0809240,missing_local_admin_identity,ပဲခူးတိုင်းဒေသကြီး (အရှေ့),Bago Region (East),ကဝ မြို့နယ်,Kawa Township,သက္ကလ ကျေးရွာအုပ်စု,Thet Ka La Village Tract,village_tract,5873,,no_exact_or_fuzzy,missing_local_after_rebind,0,1,1,"Township 5873 resolved, but no exact approved ward/village-tract identity matched; will not invent admin from postal text",,missing_local_admin_identity,township resolved; no exact inventory identity for locality,
0809254,missing_local_admin_identity,ပဲခူးတိုင်းဒေသကြီး (အရှေ့),Bago Region (East),ကဝ မြို့နယ်,Kawa Township,ညဏ်ဦး ကျေးရွာအုပ်စု,Nyan U Village Tract,village_tract,5873,,no_exact_or_fuzzy,missing_local_after_rebind,0,1,1,"Township 5873 resolved, but no exact approved ward/village-tract identity matched; will not invent admin from postal text",,missing_local_admin_identity,township resolved; no exact inventory identity for locality,
0811001,missing_local_admin_identity,ပဲခူးတိုင်းဒေသကြီး (အရှေ့),Bago Region (East),ရေတာရှည် မြို့နယ်,Yedashe Township,ရွာမ ရပ်ကွက်,Ywar Ma Quarter,ward,6020,,no_exact_or_fuzzy,missing_local_after_rebind,0,1,1,"Township 6020 resolved, but no exact approved ward/village-tract identity matched; will not invent admin from postal text",,missing_local_admin_identity,township resolved; no exact inventory identity for locality,
0811002,missing_local_admin_identity,ပဲခူးတိုင်းဒေသကြီး (အရှေ့),Bago Region (East),ရေတာရှည် မြို့နယ်,Yedashe Township,ဈေး ရပ်ကွက်,Zay Quarter,ward,6020,,no_exact_or_fuzzy,missing_local_after_rebind,0,1,1,"Township 6020 resolved, but no exact approved ward/village-tract identity matched; will not invent admin from postal text",,missing_local_admin_identity,township resolved; no exact inventory identity for locality,
0811003,missing_local_admin_identity,ပဲခူးတိုင်းဒေသကြီး (အရှေ့),Bago Region (East),ရေတာရှည် မြို့နယ်,Yedashe Township,ဗိုလ်တဲ ရပ်ကွက်,Bo Te Quarter,ward,6020,,no_exact_or_fuzzy,missing_local_after_rebind,0,1,1,"Township 6020 resolved, but no exact approved ward/village-tract identity matched; will not invent admin from postal text",,missing_local_admin_identity,township resolved; no exact inventory identity for locality,
0811004,missing_local_admin_identity,ပဲခူးတိုင်းဒေသကြီး (အရှေ့),Bago Region (East),ရေတာရှည် မြို့နယ်,Yedashe Township,ပေကုန်း ရပ်ကွက်,Pay Kone Quarter,ward,6020,,no_exact_or_fuzzy,missing_local_after_rebind,0,1,1,"Township 6020 resolved, but no exact approved ward/village-tract identity matched; will not invent admin from postal text",,missing_local_admin_identity,township resolved; no exact inventory identity for locality,
0811005,missing_local_admin_identity,ပဲခူးတိုင်းဒေသကြီး (အရှေ့),Bago Region (East),ရေတာရှည် မြို့နယ်,Yedashe Township,ရွှေကြက်ယက်တောင် ရပ်ကွက်,Shwe Kyet Yet (South) Quarter,ward,6020,,no_exact_or_fuzzy,missing_local_after_rebind,0,1,1,"Township 6020 resolved, but no exact approved ward/village-tract identity matched; will not invent admin from postal text",,missing_local_admin_identity,township resolved; no exact inventory identity for locality,
0811006,missing_local_admin_identity,ပဲခူးတိုင်းဒေသကြီး (အရှေ့),Bago Region (East),ရေတာရှည် မြို့နယ်,Yedashe Township,ရွှေကြက်ယက်မြောက် ရပ်ကွက်,Shwe Kyet Yet (North) Quarter,ward,6020,,no_exact_or_fuzzy,missing_local_after_rebind,0,1,1,"Township 6020 resolved, but no exact approved ward/village-tract identity matched; will not invent admin from postal text",,missing_local_admin_identity,township resolved; no exact inventory identity for locality,
0811216,missing_local_admin_identity,ပဲခူးတိုင်းဒေသကြီး (အရှေ့),Bago Region (East),ရေတာရှည် မြို့နယ်,Yedashe Township,ဆွာစက်ရုံ ကျေးရွာအုပ်စု,Swar Set Yon Village Tract,village_tract,6020,,no_exact_or_fuzzy,missing_local_after_rebind,0,1,1,"Township 6020 resolved, but no exact approved ward/village-tract identity matched; will not invent admin from postal text",,missing_local_admin_identity,township resolved; no exact inventory identity for locality,
0811238,missing_local_admin_identity,ပဲခူးတိုင်းဒေသကြီး (အရှေ့),Bago Region (East),ရေတာရှည် မြို့နယ်,Yedashe Township,မြို့လှ ကျေးရွာအုပ်စု,Myo Hla Village Tract,village_tract,6020,,no_exact_or_fuzzy,missing_local_after_rebind,0,1,1,"Township 6020 resolved, but no exact approved ward/village-tract identity matched; will not invent admin from postal text",,missing_local_admin_identity,township resolved; no exact inventory identity for locality,
0811239,missing_local_admin_identity,ပဲခူးတိုင်းဒေသကြီး (အရှေ့),Bago Region (East),ရေတာရှည် မြို့နယ်,Yedashe Township,ငွေတောင် ကျေးရွာအုပ်စု,Ngwe Taung Village Tract,village_tract,6020,,no_exact_or_fuzzy,missing_local_after_rebind,0,1,1,"Township 6020 resolved, but no exact approved ward/village-tract identity matched; will not invent admin from postal text",,missing_local_admin_identity,township resolved; no exact inventory identity for locality,
0811248,missing_local_admin_identity,ပဲခူးတိုင်းဒေသကြီး (အရှေ့),Bago Region (East),ရေတာရှည် မြို့နယ်,Yedashe Township,ရေနီ ကျေးရွာအုပ်စု,Yae Ni Village Tract,village_tract,6020,,no_exact_or_fuzzy,missing_local_after_rebind,0,1,1,"Township 6020 resolved, but no exact approved ward/village-tract identity matched; will not invent admin from postal text",,missing_local_admin_identity,township resolved; no exact inventory identity for locality,
0812001,missing_local_admin_identity,ပဲခူးတိုင်းဒေသကြီး (အရှေ့),Bago Region (East),အုတ်တွင်း မြို့နယ်,Oktwin Township,မဲကုန်း ရပ်ကွက်,Me Kone Quarter,ward,5943,,no_exact_or_fuzzy,missing_local_after_rebind,0,1,1,"Township 5943 resolved, but no exact approved ward/village-tract identity matched; will not invent admin from postal text",,missing_local_admin_identity,township resolved; no exact inventory identity for locality,
0812002,missing_local_admin_identity,ပဲခူးတိုင်းဒေသကြီး (အရှေ့),Bago Region (East),အုတ်တွင်း မြို့နယ်,Oktwin Township,ကသစ်တန်း ရပ်ကွက်,Ka Thit Tan Quarter,ward,5943,,no_exact_or_fuzzy,missing_local_after_rebind,0,1,1,"Township 5943 resolved, but no exact approved ward/village-tract identity matched; will not invent admin from postal text",,missing_local_admin_identity,township resolved; no exact inventory identity for locality,
0812003,missing_local_admin_identity,ပဲခူးတိုင်းဒေသကြီး (အရှေ့),Bago Region (East),အုတ်တွင်း မြို့နယ်,Oktwin Township,ဈေး ရပ်ကွက်,Zay Quarter,ward,5943,,no_exact_or_fuzzy,missing_local_after_rebind,0,1,1,"Township 5943 resolved, but no exact approved ward/village-tract identity matched; will not invent admin from postal text",,missing_local_admin_identity,township resolved; no exact inventory identity for locality,
0812004,missing_local_admin_identity,ပဲခူးတိုင်းဒေသကြီး (အရှေ့),Bago Region (East),အုတ်တွင်း မြို့နယ်,Oktwin Township,ပဲခူးလမ်း ရပ်ကွက်,Bago Lan Quarter,ward,5943,,no_exact_or_fuzzy,missing_local_after_rebind,0,1,1,"Township 5943 resolved, but no exact approved ward/village-tract identity matched; will not invent admin from postal text",,missing_local_admin_identity,township resolved; no exact inventory identity for locality,
0812005,missing_local_admin_identity,ပဲခူးတိုင်းဒေသကြီး (အရှေ့),Bago Region (East),အုတ်တွင်း မြို့နယ်,Oktwin Township,ကြက်သွန်ခင်း (၁) ရပ်ကွက်,Kyet Thun Khin (1) Quarter,ward,5943,,no_exact_or_fuzzy,missing_local_after_rebind,0,1,1,"Township 5943 resolved, but no exact approved ward/village-tract identity matched; will not invent admin from postal text",,missing_local_admin_identity,township resolved; no exact inventory identity for locality,
0812006,missing_local_admin_identity,ပဲခူးတိုင်းဒေသကြီး (အရှေ့),Bago Region (East),အုတ်တွင်း မြို့နယ်,Oktwin Township,ကြက်သွန်ခင်း (၂) ရပ်ကွက်,Kyet Thun Khin (2) Quarter,ward,5943,,no_exact_or_fuzzy,missing_local_after_rebind,0,1,1,"Township 5943 resolved, but no exact approved ward/village-tract identity matched; will not invent admin from postal text",,missing_local_admin_identity,township resolved; no exact inventory identity for locality,
0812239,missing_local_admin_identity,ပဲခူးတိုင်းဒေသကြီး (အရှေ့),Bago Region (East),အုတ်တွင်း မြို့နယ်,Oktwin Township,ကျွဲပွဲ ကျေးရွာအုပ်စု,Kywe Pwe Village Tract,village_tract,5943,,no_exact_or_fuzzy,missing_local_after_rebind,0,1,1,"Township 5943 resolved, but no exact approved ward/village-tract identity matched; will not invent admin from postal text",,missing_local_admin_identity,township resolved; no exact inventory identity for locality,
0813001,missing_local_admin_identity,ပဲခူးတိုင်းဒေသကြီး (အရှေ့),Bago Region (East),ထန်းတပင် မြို့နယ်,Htantabin Township,အောင်မင်္ဂလာ ရပ်ကွက်,Aung Min Ga Lar Quarter,ward,5971,,no_exact_or_fuzzy,missing_local_after_rebind,0,1,1,"Township 5971 resolved, but no exact approved ward/village-tract identity matched; will not invent admin from postal text",,missing_local_admin_identity,township resolved; no exact inventory identity for locality,
0813002,missing_local_admin_identity,ပဲခူးတိုင်းဒေသကြီး (အရှေ့),Bago Region (East),ထန်းတပင် မြို့နယ်,Htantabin Township,သီရိဟေမာ ရပ်ကွက်,Thi Ri Hay Mar Quarter,ward,5971,,no_exact_or_fuzzy,missing_local_after_rebind,0,1,1,"Township 5971 resolved, but no exact approved ward/village-tract identity matched; will not invent admin from postal text",,missing_local_admin_identity,township resolved; no exact inventory identity for locality,
0813003,missing_local_admin_identity,ပဲခူးတိုင်းဒေသကြီး (အရှေ့),Bago Region (East),ထန်းတပင် မြို့နယ်,Htantabin Township,သီရိရတနာ ရပ်ကွက်,Thi Ri Ya Da Nar Quarter,ward,5971,,no_exact_or_fuzzy,missing_local_after_rebind,0,1,1,"Township 5971 resolved, but no exact approved ward/village-tract identity matched; will not invent admin from postal text",,missing_local_admin_identity,township resolved; no exact inventory identity for locality,
0813004,missing_local_admin_identity,ပဲခူးတိုင်းဒေသကြီး (အရှေ့),Bago Region (East),ထန်းတပင် မြို့နယ်,Htantabin Township,အောင်သုခ ရပ်ကွက်,Aung Thu Kha Quarter,ward,5971,,no_exact_or_fuzzy,missing_local_after_rebind,0,1,1,"Township 5971 resolved, but no exact approved ward/village-tract identity matched; will not invent admin from postal text",,missing_local_admin_identity,township resolved; no exact inventory identity for locality,
0813005,missing_local_admin_identity,ပဲခူးတိုင်းဒေသကြီး (အရှေ့),Bago Region (East),ထန်းတပင် မြို့နယ်,Htantabin Township,အောင်ချမ်းသာ ရပ်ကွက်,Aung Chan Thar Quarter,ward,5971,,no_exact_or_fuzzy,missing_local_after_rebind,0,1,1,"Township 5971 resolved, but no exact approved ward/village-tract identity matched; will not invent admin from postal text",,missing_local_admin_identity,township resolved; no exact inventory identity for locality,
0813006,missing_local_admin_identity,ပဲခူးတိုင်းဒေသကြီး (အရှေ့),Bago Region (East),ထန်းတပင် မြို့နယ်,Htantabin Township,ဆိပ်ကြီး ရပ်ကွက်,Seik Gyi Quarter,ward,5971,,no_exact_or_fuzzy,missing_local_after_rebind,0,1,1,"Township 5971 resolved, but no exact approved ward/village-tract identity matched; will not invent admin from postal text",,missing_local_admin_identity,township resolved; no exact inventory identity for locality,
0814001,missing_local_admin_identity,ပဲခူးတိုင်းဒေသကြီး (အရှေ့),Bago Region (East),ဖြူး မြို့နယ်,Phyu Township,သိမ်ကုန်း ရပ်ကွက်,Thein Kone Quarter,ward,5942,,no_exact_or_fuzzy,missing_local_after_rebind,0,1,1,"Township 5942 resolved, but no exact approved ward/village-tract identity matched; will not invent admin from postal text",,missing_local_admin_identity,township resolved; no exact inventory identity for locality,
0814003,missing_local_admin_identity,ပဲခူးတိုင်းဒေသကြီး (အရှေ့),Bago Region (East),ဖြူး မြို့နယ်,Phyu Township,ထန်းကုန်း ရပ်ကွက်,Htan Kone Quarter,ward,5942,,no_exact_or_fuzzy,missing_local_after_rebind,0,1,1,"Township 5942 resolved, but no exact approved ward/village-tract identity matched; will not invent admin from postal text",,missing_local_admin_identity,township resolved; no exact inventory identity for locality,
0814004,missing_local_admin_identity,ပဲခူးတိုင်းဒေသကြီး (အရှေ့),Bago Region (East),ဖြူး မြို့နယ်,Phyu Township,ဘူတာမြောက် ရပ်ကွက်,Bu Tar (North) Quarter,ward,5942,,no_exact_or_fuzzy,missing_local_after_rebind,0,1,1,"Township 5942 resolved, but no exact approved ward/village-tract identity matched; will not invent admin from postal text",,missing_local_admin_identity,township resolved; no exact inventory identity for locality,
0814005,missing_local_admin_identity,ပဲခူးတိုင်းဒေသကြီး (အရှေ့),Bago Region (East),ဖြူး မြို့နယ်,Phyu Township,ဘူတာတောင် ရပ်ကွက်,Bu Tar (South) Quarter,ward,5942,,no_exact_or_fuzzy,missing_local_after_rebind,0,1,1,"Township 5942 resolved, but no exact approved ward/village-tract identity matched; will not invent admin from postal text",,missing_local_admin_identity,township resolved; no exact inventory identity for locality,
0814006,missing_local_admin_identity,ပဲခူးတိုင်းဒေသကြီး (အရှေ့),Bago Region (East),ဖြူး မြို့နယ်,Phyu Township,ဈေး ရပ်ကွက်,Zay Quarter,ward,5942,,no_exact_or_fuzzy,missing_local_after_rebind,0,1,1,"Township 5942 resolved, but no exact approved ward/village-tract identity matched; will not invent admin from postal text",,missing_local_admin_identity,township resolved; no exact inventory identity for locality,
0814007,missing_local_admin_identity,ပဲခူးတိုင်းဒေသကြီး (အရှေ့),Bago Region (East),ဖြူး မြို့နယ်,Phyu Township,မြို့မအရှေ့ ရပ်ကွက်,Myo Ma (East) Quarter,ward,5942,,no_exact_or_fuzzy,missing_local_after_rebind,0,1,1,"Township 5942 resolved, but no exact approved ward/village-tract identity matched; will not invent admin from postal text",,missing_local_admin_identity,township resolved; no exact inventory identity for locality,
0814008,missing_local_admin_identity,ပဲခူးတိုင်းဒေသကြီး (အရှေ့),Bago Region (East),ဖြူး မြို့နယ်,Phyu Township,မြို့မအနောက် ရပ်ကွက်,Myo Ma (West) Quarter,ward,5942,,no_exact_or_fuzzy,missing_local_after_rebind,0,1,1,"Township 5942 resolved, but no exact approved ward/village-tract identity matched; will not invent admin from postal text",,missing_local_admin_identity,township resolved; no exact inventory identity for locality,
0814009,missing_local_admin_identity,ပဲခူးတိုင်းဒေသကြီး (အရှေ့),Bago Region (East),ဖြူး မြို့နယ်,Phyu Township,ရုံး ရပ်ကွက်,Yone Quarter,ward,5942,,no_exact_or_fuzzy,missing_local_after_rebind,0,1,1,"Township 5942 resolved, but no exact approved ward/village-tract identity matched; will not invent admin from postal text",,missing_local_admin_identity,township resolved; no exact inventory identity for locality,
0814010,missing_local_admin_identity,ပဲခူးတိုင်းဒေသကြီး (အရှေ့),Bago Region (East),ဖြူး မြို့နယ်,Phyu Township,ဆေးရုံ ရပ်ကွက်,Say Yon Quarter,ward,5942,,no_exact_or_fuzzy,missing_local_after_rebind,0,1,1,"Township 5942 resolved, but no exact approved ward/village-tract identity matched; will not invent admin from postal text",,missing_local_admin_identity,township resolved; no exact inventory identity for locality,
0814203,missing_local_admin_identity,ပဲခူးတိုင်းဒေသကြီး (အရှေ့),Bago Region (East),ဖြူး မြို့နယ်,Phyu Township,ဇေယျဝတီ ကျေးရွာအုပ်စု,Zay Ya Wa Di Village Tract,village_tract,5942,,no_exact_or_fuzzy,missing_local_after_rebind,0,1,1,"Township 5942 resolved, but no exact approved ward/village-tract identity matched; will not invent admin from postal text",,missing_local_admin_identity,township resolved; no exact inventory identity for locality,
0814240,missing_local_admin_identity,ပဲခူးတိုင်းဒေသကြီး (အရှေ့),Bago Region (East),ဖြူး မြို့နယ်,Phyu Township,ကညွှတ်ကွင်း(အရှေ့) ကျေးရွာအုပ်စု,Ka Nyut Kwin (East) Village Tract,village_tract,5942,,no_exact_or_fuzzy,missing_local_after_rebind,0,1,1,"Township 5942 resolved, but no exact approved ward/village-tract identity matched; will not invent admin from postal text",,missing_local_admin_identity,township resolved; no exact inventory identity for locality,
0814241,missing_local_admin_identity,ပဲခူးတိုင်းဒေသကြီး (အရှေ့),Bago Region (East),ဖြူး မြို့နယ်,Phyu Township,ကညွှတ်ကွင်း(အနောက်) ကျေးရွာအုပ်စု,Ka Nyut Kwin (West) Village Tract,village_tract,5942,,no_exact_or_fuzzy,missing_local_after_rebind,0,1,1,"Township 5942 resolved, but no exact approved ward/village-tract identity matched; will not invent admin from postal text",,missing_local_admin_identity,township resolved; no exact inventory identity for locality,
0860001,non_admin_postal_locality,ပဲခူးတိုင်းဒေသကြီး (အရှေ့),Bago Region (East),ဘုရားကြီး မြို့,Hpayargyi Town,ဘုရားကြီး (၁) ရပ်ကွက်,Hpa Yar Gyi (1) Quarter,ward,,,township_unresolved,non_admin_unresolved_township_name,0,1,1,Could not resolve approved CoreMap township from postal region/township names; local match skipped (township must resolve first),,non_admin_postal_locality,township name unresolved as CoreMap township; locality treated as non-admin postal place/town,
0860002,non_admin_postal_locality,ပဲခူးတိုင်းဒေသကြီး (အရှေ့),Bago Region (East),ဘုရားကြီး မြို့,Hpayargyi Town,ဘုရားကြီး (၂) ရပ်ကွက်,Hpa Yar Gyi (2) Quarter,ward,,,township_unresolved,non_admin_unresolved_township_name,0,1,1,Could not resolve approved CoreMap township from postal region/township names; local match skipped (township must resolve first),,non_admin_postal_locality,township name unresolved as CoreMap township; locality treated as non-admin postal place/town,
0860003,non_admin_postal_locality,ပဲခူးတိုင်းဒေသကြီး (အရှေ့),Bago Region (East),ဘုရားကြီး မြို့,Hpayargyi Town,ဘုရားကြီး (၃) ရပ်ကွက်,Hpa Yar Gyi (3) Quarter,ward,,,township_unresolved,non_admin_unresolved_township_name,0,1,1,Could not resolve approved CoreMap township from postal region/township names; local match skipped (township must resolve first),,non_admin_postal_locality,township name unresolved as CoreMap township; locality treated as non-admin postal place/town,
0861001,non_admin_postal_locality,ပဲခူးတိုင်းဒေသကြီး (အရှေ့),Bago Region (East),အင်းတကော် မြို့,Inntakaw Town,အမှတ် (၁) ရပ်ကွက်,No (1) Quarter,ward,,,township_unresolved,non_admin_unresolved_township_name,0,1,1,Could not resolve approved CoreMap township from postal region/township names; local match skipped (township must resolve first),,non_admin_postal_locality,township name unresolved as CoreMap township; locality treated as non-admin postal place/town,
0861002,non_admin_postal_locality,ပဲခူးတိုင်းဒေသကြီး (အရှေ့),Bago Region (East),အင်းတကော် မြို့,Inntakaw Town,အမှတ် (၂) ရပ်ကွက်,No (2) Quarter,ward,,,township_unresolved,non_admin_unresolved_township_name,0,1,1,Could not resolve approved CoreMap township from postal region/township names; local match skipped (township must resolve first),,non_admin_postal_locality,township name unresolved as CoreMap township; locality treated as non-admin postal place/town,
0861003,non_admin_postal_locality,ပဲခူးတိုင်းဒေသကြီး (အရှေ့),Bago Region (East),အင်းတကော် မြို့,Inntakaw Town,အမှတ် (၃) ရပ်ကွက်,No (3) Quarter,ward,,,township_unresolved,non_admin_unresolved_township_name,0,1,1,Could not resolve approved CoreMap township from postal region/township names; local match skipped (township must resolve first),,non_admin_postal_locality,township name unresolved as CoreMap township; locality treated as non-admin postal place/town,
0861004,non_admin_postal_locality,ပဲခူးတိုင်းဒေသကြီး (အရှေ့),Bago Region (East),အင်းတကော် မြို့,Inntakaw Town,အမှတ် (၄) ရပ်ကွက်,No (4) Quarter,ward,,,township_unresolved,non_admin_unresolved_township_name,0,1,1,Could not resolve approved CoreMap township from postal region/township names; local match skipped (township must resolve first),,non_admin_postal_locality,township name unresolved as CoreMap township; locality treated as non-admin postal place/town,
0861005,non_admin_postal_locality,ပဲခူးတိုင်းဒေသကြီး (အရှေ့),Bago Region (East),အင်းတကော် မြို့,Inntakaw Town,အမှတ် (၅) ရပ်ကွက်,No (5) Quarter,ward,,,township_unresolved,non_admin_unresolved_township_name,0,1,1,Could not resolve approved CoreMap township from postal region/township names; local match skipped (township must resolve first),,non_admin_postal_locality,township name unresolved as CoreMap township; locality treated as non-admin postal place/town,
0861006,non_admin_postal_locality,ပဲခူးတိုင်းဒေသကြီး (အရှေ့),Bago Region (East),အင်းတကော် မြို့,Inntakaw Town,အမှတ် (၆) ရပ်ကွက်,No (6) Quarter,ward,,,township_unresolved,non_admin_unresolved_township_name,0,1,1,Could not resolve approved CoreMap township from postal region/township names; local match skipped (township must resolve first),,non_admin_postal_locality,township name unresolved as CoreMap township; locality treated as non-admin postal place/town,
0864001,non_admin_postal_locality,ပဲခူးတိုင်းဒေသကြီး (အရှေ့),Bago Region (East),မဒေါက် မြို့,Madauk Town,မြို့မ(၁) ရပ်ကွက်,Myo Ma No (1) Quarter,ward,,,township_unresolved,non_admin_unresolved_township_name,0,1,1,Could not resolve approved CoreMap township from postal region/township names; local match skipped (township must resolve first),,non_admin_postal_locality,township name unresolved as CoreMap township; locality treated as non-admin postal place/town,
0864002,non_admin_postal_locality,ပဲခူးတိုင်းဒေသကြီး (အရှေ့),Bago Region (East),မဒေါက် မြို့,Madauk Town,မြို့မ(၂) ရပ်ကွက်,Myo Ma No (2) Quarter,ward,,,township_unresolved,non_admin_unresolved_township_name,0,1,1,Could not resolve approved CoreMap township from postal region/township names; local match skipped (township must resolve first),,non_admin_postal_locality,township name unresolved as CoreMap township; locality treated as non-admin postal place/town,
0865001,non_admin_postal_locality,ပဲခူးတိုင်းဒေသကြီး (အရှေ့),Bago Region (East),ပြွန်တန်ဆာ မြို့,Pyuntasa Town,မြို့မ(၁) ရပ်ကွက်,Myo Ma No (1) Quarter,ward,,,township_unresolved,non_admin_unresolved_township_name,0,1,1,Could not resolve approved CoreMap township from postal region/township names; local match skipped (township must resolve first),,non_admin_postal_locality,township name unresolved as CoreMap township; locality treated as non-admin postal place/town,
0865002,non_admin_postal_locality,ပဲခူးတိုင်းဒေသကြီး (အရှေ့),Bago Region (East),ပြွန်တန်ဆာ မြို့,Pyuntasa Town,မြို့မ(၂) ရပ်ကွက်,Myo Ma No (2) Quarter,ward,,,township_unresolved,non_admin_unresolved_township_name,0,1,1,Could not resolve approved CoreMap township from postal region/township names; local match skipped (township must resolve first),,non_admin_postal_locality,township name unresolved as CoreMap township; locality treated as non-admin postal place/town,
0865003,non_admin_postal_locality,ပဲခူးတိုင်းဒေသကြီး (အရှေ့),Bago Region (East),ပြွန်တန်ဆာ မြို့,Pyuntasa Town,မြို့မ(၃) ရပ်ကွက်,Myo Ma No (3) Quarter,ward,,,township_unresolved,non_admin_unresolved_township_name,0,1,1,Could not resolve approved CoreMap township from postal region/township names; local match skipped (township must resolve first),,non_admin_postal_locality,township name unresolved as CoreMap township; locality treated as non-admin postal place/town,
0865004,non_admin_postal_locality,ပဲခူးတိုင်းဒေသကြီး (အရှေ့),Bago Region (East),ပြွန်တန်ဆာ မြို့,Pyuntasa Town,မြို့မ(၄) ရပ်ကွက်,Myo Ma No (4) Quarter,ward,,,township_unresolved,non_admin_unresolved_township_name,0,1,1,Could not resolve approved CoreMap township from postal region/township names; local match skipped (township must resolve first),,non_admin_postal_locality,township name unresolved as CoreMap township; locality treated as non-admin postal place/town,
0866001,non_admin_postal_locality,ပဲခူးတိုင်းဒေသကြီး (အရှေ့),Bago Region (East),ပိန်းဇလုပ် မြို့,Peinzalok Town,မြို့မ(၁) ရပ်ကွက်,Myo Ma No (1) Quarter,ward,,,township_unresolved,non_admin_unresolved_township_name,0,1,1,Could not resolve approved CoreMap township from postal region/township names; local match skipped (township must resolve first),,non_admin_postal_locality,township name unresolved as CoreMap township; locality treated as non-admin postal place/town,
0866002,non_admin_postal_locality,ပဲခူးတိုင်းဒေသကြီး (အရှေ့),Bago Region (East),ပိန်းဇလုပ် မြို့,Peinzalok Town,မြို့မ(၂) ရပ်ကွက်,Myo Ma No (2) Quarter,ward,,,township_unresolved,non_admin_unresolved_township_name,0,1,1,Could not resolve approved CoreMap township from postal region/township names; local match skipped (township must resolve first),,non_admin_postal_locality,township name unresolved as CoreMap township; locality treated as non-admin postal place/town,
0867001,non_admin_postal_locality,ပဲခူးတိုင်းဒေသကြီး (အရှေ့),Bago Region (East),သက္ကလ မြို့,Thetkala Town,ကန်တော်မင်္ဂလာ ရပ်ကွက်,Kan Taw Min Ga Lar Quarter,ward,,,township_unresolved,non_admin_unresolved_township_name,0,1,1,Could not resolve approved CoreMap township from postal region/township names; local match skipped (township must resolve first),,non_admin_postal_locality,township name unresolved as CoreMap township; locality treated as non-admin postal place/town,
0867002,non_admin_postal_locality,ပဲခူးတိုင်းဒေသကြီး (အရှေ့),Bago Region (East),သက္ကလ မြို့,Thetkala Town,အောင်မင်္ဂလာ ရပ်ကွက်,Aung Min Ga Lar Quarter,ward,,,township_unresolved,non_admin_unresolved_township_name,0,1,1,Could not resolve approved CoreMap township from postal region/township names; local match skipped (township must resolve first),,non_admin_postal_locality,township name unresolved as CoreMap township; locality treated as non-admin postal place/town,
0867003,non_admin_postal_locality,ပဲခူးတိုင်းဒေသကြီး (အရှေ့),Bago Region (East),သက္ကလ မြို့,Thetkala Town,ဈေးကြီး ရပ်ကွက်,Zay Gyi Quarter,ward,,,township_unresolved,non_admin_unresolved_township_name,0,1,1,Could not resolve approved CoreMap township from postal region/township names; local match skipped (township must resolve first),,non_admin_postal_locality,township name unresolved as CoreMap township; locality treated as non-admin postal place/town,
0867004,non_admin_postal_locality,ပဲခူးတိုင်းဒေသကြီး (အရှေ့),Bago Region (East),သက္ကလ မြို့,Thetkala Town,ဘူတာ ရပ်ကွက်,Bu Tar Quarter,ward,,,township_unresolved,non_admin_unresolved_township_name,0,1,1,Could not resolve approved CoreMap township from postal region/township names; local match skipped (township must resolve first),,non_admin_postal_locality,township name unresolved as CoreMap township; locality treated as non-admin postal place/town,
0867005,non_admin_postal_locality,ပဲခူးတိုင်းဒေသကြီး (အရှေ့),Bago Region (East),သက္ကလ မြို့,Thetkala Town,မြို့မစံပြ ရပ်ကွက်,Myo Ma San Pya Quarter,ward,,,township_unresolved,non_admin_unresolved_township_name,0,1,1,Could not resolve approved CoreMap township from postal region/township names; local match skipped (township must resolve first),,non_admin_postal_locality,township name unresolved as CoreMap township; locality treated as non-admin postal place/town,
0867006,non_admin_postal_locality,ပဲခူးတိုင်းဒေသကြီး (အရှေ့),Bago Region (East),သက္ကလ မြို့,Thetkala Town,ရွှေပြည်အေး ရပ်ကွက်,Shwe Pyi Aye Quarter,ward,,,township_unresolved,non_admin_unresolved_township_name,0,1,1,Could not resolve approved CoreMap township from postal region/township names; local match skipped (township must resolve first),,non_admin_postal_locality,township name unresolved as CoreMap township; locality treated as non-admin postal place/town,
0868001,non_admin_postal_locality,ပဲခူးတိုင်းဒေသကြီး (အရှေ့),Bago Region (East),ကေတုမတီ မြို့,Kaytumati Town,နတ်သျှင်နောင် ရပ်ကွက်,Nat Shin Naung Quarter,ward,,,township_unresolved,non_admin_unresolved_township_name,0,1,1,Could not resolve approved CoreMap township from postal region/township names; local match skipped (township must resolve first),,non_admin_postal_locality,township name unresolved as CoreMap township; locality treated as non-admin postal place/town,
0868002,non_admin_postal_locality,ပဲခူးတိုင်းဒေသကြီး (အရှေ့),Bago Region (East),ကေတုမတီ မြို့,Kaytumati Town,တပင်ရွှေထီး ရပ်ကွက်,Ta Pin Shwe Htee Quarter,ward,,,township_unresolved,non_admin_unresolved_township_name,0,1,1,Could not resolve approved CoreMap township from postal region/township names; local match skipped (township must resolve first),,non_admin_postal_locality,township name unresolved as CoreMap township; locality treated as non-admin postal place/town,
0868003,non_admin_postal_locality,ပဲခူးတိုင်းဒေသကြီး (အရှေ့),Bago Region (East),ကေတုမတီ မြို့,Kaytumati Town,မင်းကြီးဆွေ ရပ်ကွက်,Min Gyi Swe Quarter,ward,,,township_unresolved,non_admin_unresolved_township_name,0,1,1,Could not resolve approved CoreMap township from postal region/township names; local match skipped (township must resolve first),,non_admin_postal_locality,township name unresolved as CoreMap township; locality treated as non-admin postal place/town,
0868004,non_admin_postal_locality,ပဲခူးတိုင်းဒေသကြီး (အရှေ့),Bago Region (East),ကေတုမတီ မြို့,Kaytumati Town,သဝန်ငယ် ရပ်ကွက်,Tha Wun Nge Quarter,ward,,,township_unresolved,non_admin_unresolved_township_name,0,1,1,Could not resolve approved CoreMap township from postal region/township names; local match skipped (township must resolve first),,non_admin_postal_locality,township name unresolved as CoreMap township; locality treated as non-admin postal place/town,
0869001,non_admin_postal_locality,ပဲခူးတိုင်းဒေသကြီး (အရှေ့),Bago Region (East),ဆွာ မြို့,Hswar Town,ဆွာမြောက်ပိုင်း ရပ်ကွက်,Hswar Myauk Paing Quarter,ward,,,township_unresolved,non_admin_unresolved_township_name,0,1,1,Could not resolve approved CoreMap township from postal region/township names; local match skipped (township must resolve first),,non_admin_postal_locality,township name unresolved as CoreMap township; locality treated as non-admin postal place/town,
0869002,non_admin_postal_locality,ပဲခူးတိုင်းဒေသကြီး (အရှေ့),Bago Region (East),ဆွာ မြို့,Hswar Town,ဆွာတောင်ပိုင်း ရပ်ကွက်,Hswar Taung Paing Quarter,ward,,,township_unresolved,non_admin_unresolved_township_name,0,1,1,Could not resolve approved CoreMap township from postal region/township names; local match skipped (township must resolve first),,non_admin_postal_locality,township name unresolved as CoreMap township; locality treated as non-admin postal place/town,
0870001,non_admin_postal_locality,ပဲခူးတိုင်းဒေသကြီး (အရှေ့),Bago Region (East),ရေနီ မြို့,Yae Ni Town,အမှတ် (၁) ရပ်ကွက်,No (1) Quarter,ward,,,township_unresolved,non_admin_unresolved_township_name,0,1,1,Could not resolve approved CoreMap township from postal region/township names; local match skipped (township must resolve first),,non_admin_postal_locality,township name unresolved as CoreMap township; locality treated as non-admin postal place/town,
0870002,non_admin_postal_locality,ပဲခူးတိုင်းဒေသကြီး (အရှေ့),Bago Region (East),ရေနီ မြို့,Yae Ni Town,အမှတ် (၂) ရပ်ကွက်,No (2) Quarter,ward,,,township_unresolved,non_admin_unresolved_township_name,0,1,1,Could not resolve approved CoreMap township from postal region/township names; local match skipped (township must resolve first),,non_admin_postal_locality,township name unresolved as CoreMap township; locality treated as non-admin postal place/town,
0870003,non_admin_postal_locality,ပဲခူးတိုင်းဒေသကြီး (အရှေ့),Bago Region (East),ရေနီ မြို့,Yae Ni Town,အမှတ် (၃) ရပ်ကွက်,No (3) Quarter,ward,,,township_unresolved,non_admin_unresolved_township_name,0,1,1,Could not resolve approved CoreMap township from postal region/township names; local match skipped (township must resolve first),,non_admin_postal_locality,township name unresolved as CoreMap township; locality treated as non-admin postal place/town,
0870004,non_admin_postal_locality,ပဲခူးတိုင်းဒေသကြီး (အရှေ့),Bago Region (East),ရေနီ မြို့,Yae Ni Town,အမှတ် (၄) ရပ်ကွက်,No (4) Quarter,ward,,,township_unresolved,non_admin_unresolved_township_name,0,1,1,Could not resolve approved CoreMap township from postal region/township names; local match skipped (township must resolve first),,non_admin_postal_locality,township name unresolved as CoreMap township; locality treated as non-admin postal place/town,
0871001,non_admin_postal_locality,ပဲခူးတိုင်းဒေသကြီး (အရှေ့),Bago Region (East),မြို့လှ မြို့,Myo Hla Town,အမှတ် (၁) ရပ်ကွက်,No (1) Quarter,ward,,,township_unresolved,non_admin_unresolved_township_name,0,1,1,Could not resolve approved CoreMap township from postal region/township names; local match skipped (township must resolve first),,non_admin_postal_locality,township name unresolved as CoreMap township; locality treated as non-admin postal place/town,
0871002,non_admin_postal_locality,ပဲခူးတိုင်းဒေသကြီး (အရှေ့),Bago Region (East),မြို့လှ မြို့,Myo Hla Town,အမှတ် (၂) ရပ်ကွက်,No (2) Quarter,ward,,,township_unresolved,non_admin_unresolved_township_name,0,1,1,Could not resolve approved CoreMap township from postal region/township names; local match skipped (township must resolve first),,non_admin_postal_locality,township name unresolved as CoreMap township; locality treated as non-admin postal place/town,
0871003,non_admin_postal_locality,ပဲခူးတိုင်းဒေသကြီး (အရှေ့),Bago Region (East),မြို့လှ မြို့,Myo Hla Town,အမှတ် (၃) ရပ်ကွက်,No (3) Quarter,ward,,,township_unresolved,non_admin_unresolved_township_name,0,1,1,Could not resolve approved CoreMap township from postal region/township names; local match skipped (township must resolve first),,non_admin_postal_locality,township name unresolved as CoreMap township; locality treated as non-admin postal place/town,
0871004,non_admin_postal_locality,ပဲခူးတိုင်းဒေသကြီး (အရှေ့),Bago Region (East),မြို့လှ မြို့,Myo Hla Town,အမှတ် (၄) ရပ်ကွက်,No (4) Quarter,ward,,,township_unresolved,non_admin_unresolved_township_name,0,1,1,Could not resolve approved CoreMap township from postal region/township names; local match skipped (township must resolve first),,non_admin_postal_locality,township name unresolved as CoreMap township; locality treated as non-admin postal place/town,
0871005,non_admin_postal_locality,ပဲခူးတိုင်းဒေသကြီး (အရှေ့),Bago Region (East),မြို့လှ မြို့,Myo Hla Town,အမှတ် (၅) ရပ်ကွက်,No (5) Quarter,ward,,,township_unresolved,non_admin_unresolved_township_name,0,1,1,Could not resolve approved CoreMap township from postal region/township names; local match skipped (township must resolve first),,non_admin_postal_locality,township name unresolved as CoreMap township; locality treated as non-admin postal place/town,
0872001,non_admin_postal_locality,ပဲခူးတိုင်းဒေသကြီး (အရှေ့),Bago Region (East),ကျွဲပွဲ မြို့,Kywe Pwe Town,အမှတ် (၁) ရပ်ကွက်,No (1) Quarter,ward,,,township_unresolved,non_admin_unresolved_township_name,0,1,1,Could not resolve approved CoreMap township from postal region/township names; local match skipped (township must resolve first),,non_admin_postal_locality,township name unresolved as CoreMap township; locality treated as non-admin postal place/town,
0872002,non_admin_postal_locality,ပဲခူးတိုင်းဒေသကြီး (အရှေ့),Bago Region (East),ကျွဲပွဲ မြို့,Kywe Pwe Town,အမှတ် (၂) ရပ်ကွက်,No (2) Quarter,ward,,,township_unresolved,non_admin_unresolved_township_name,0,1,1,Could not resolve approved CoreMap township from postal region/township names; local match skipped (township must resolve first),,non_admin_postal_locality,township name unresolved as CoreMap township; locality treated as non-admin postal place/town,
0872003,non_admin_postal_locality,ပဲခူးတိုင်းဒေသကြီး (အရှေ့),Bago Region (East),ကျွဲပွဲ မြို့,Kywe Pwe Town,အမှတ် (၃) ရပ်ကွက်,No (3) Quarter,ward,,,township_unresolved,non_admin_unresolved_township_name,0,1,1,Could not resolve approved CoreMap township from postal region/township names; local match skipped (township must resolve first),,non_admin_postal_locality,township name unresolved as CoreMap township; locality treated as non-admin postal place/town,
0872004,non_admin_postal_locality,ပဲခူးတိုင်းဒေသကြီး (အရှေ့),Bago Region (East),ကျွဲပွဲ မြို့,Kywe Pwe Town,အမှတ် (၄) ရပ်ကွက်,No (4) Quarter,ward,,,township_unresolved,non_admin_unresolved_township_name,0,1,1,Could not resolve approved CoreMap township from postal region/township names; local match skipped (township must resolve first),,non_admin_postal_locality,township name unresolved as CoreMap township; locality treated as non-admin postal place/town,
0872005,non_admin_postal_locality,ပဲခူးတိုင်းဒေသကြီး (အရှေ့),Bago Region (East),ကျွဲပွဲ မြို့,Kywe Pwe Town,အမှတ် (၅) ရပ်ကွက်,No (5) Quarter,ward,,,township_unresolved,non_admin_unresolved_township_name,0,1,1,Could not resolve approved CoreMap township from postal region/township names; local match skipped (township must resolve first),,non_admin_postal_locality,township name unresolved as CoreMap township; locality treated as non-admin postal place/town,
0873001,non_admin_postal_locality,ပဲခူးတိုင်းဒေသကြီး (အရှေ့),Bago Region (East),ကညွတ်ကွင်း မြို့,Kanyutkwin Town,ကညွတ်ကွင်းအရှေ့ (၁) ရပ်ကွက်,Ka Nyut Kwin Ah Shey (1) Quarter,ward,,,township_unresolved,non_admin_unresolved_township_name,0,1,1,Could not resolve approved CoreMap township from postal region/township names; local match skipped (township must resolve first),,non_admin_postal_locality,township name unresolved as CoreMap township; locality treated as non-admin postal place/town,
0873002,non_admin_postal_locality,ပဲခူးတိုင်းဒေသကြီး (အရှေ့),Bago Region (East),ကညွတ်ကွင်း မြို့,Kanyutkwin Town,ကညွတ်ကွင်းအရှေ့ (၂) ရပ်ကွက်,Ka Nyut Kwin Ah Shey (2) Quarter,ward,,,township_unresolved,non_admin_unresolved_township_name,0,1,1,Could not resolve approved CoreMap township from postal region/township names; local match skipped (township must resolve first),,non_admin_postal_locality,township name unresolved as CoreMap township; locality treated as non-admin postal place/town,
0873003,non_admin_postal_locality,ပဲခူးတိုင်းဒေသကြီး (အရှေ့),Bago Region (East),ကညွတ်ကွင်း မြို့,Kanyutkwin Town,ကညွတ်ကွင်းအနောက် (၁) ရပ်ကွက်,Ka Nyut Kwin Ah Nauk (1) Quarter,ward,,,township_unresolved,non_admin_unresolved_township_name,0,1,1,Could not resolve approved CoreMap township from postal region/township names; local match skipped (township must resolve first),,non_admin_postal_locality,township name unresolved as CoreMap township; locality treated as non-admin postal place/town,
0873004,non_admin_postal_locality,ပဲခူးတိုင်းဒေသကြီး (အရှေ့),Bago Region (East),ကညွတ်ကွင်း မြို့,Kanyutkwin Town,ကညွတ်ကွင်းအနောက် (၂) ရပ်ကွက်,Ka Nyut Kwin Ah Nauk (2) Quarter,ward,,,township_unresolved,non_admin_unresolved_township_name,0,1,1,Could not resolve approved CoreMap township from postal region/township names; local match skipped (township must resolve first),,non_admin_postal_locality,township name unresolved as CoreMap township; locality treated as non-admin postal place/town,
0874001,non_admin_postal_locality,ပဲခူးတိုင်းဒေသကြီး (အရှေ့),Bago Region (East),ဇေယျ၀တီ မြို့,Zayyawadi Town,ရပ်ကွက် (၁) ရပ်ကွက်,No (1) Quarter,ward,,,township_unresolved,non_admin_unresolved_township_name,0,1,1,Could not resolve approved CoreMap township from postal region/township names; local match skipped (township must resolve first),,non_admin_postal_locality,township name unresolved as CoreMap township; locality treated as non-admin postal place/town,
0874002,non_admin_postal_locality,ပဲခူးတိုင်းဒေသကြီး (အရှေ့),Bago Region (East),ဇေယျ၀တီ မြို့,Zayyawadi Town,ရပ်ကွက် (၂) ရပ်ကွက်,No (2) Quarter,ward,,,township_unresolved,non_admin_unresolved_township_name,0,1,1,Could not resolve approved CoreMap township from postal region/township names; local match skipped (township must resolve first),,non_admin_postal_locality,township name unresolved as CoreMap township; locality treated as non-admin postal place/town,
0874003,non_admin_postal_locality,ပဲခူးတိုင်းဒေသကြီး (အရှေ့),Bago Region (East),ဇေယျ၀တီ မြို့,Zayyawadi Town,ရပ်ကွက် (၃) ရပ်ကွက်,No (3) Quarter,ward,,,township_unresolved,non_admin_unresolved_township_name,0,1,1,Could not resolve approved CoreMap township from postal region/township names; local match skipped (township must resolve first),,non_admin_postal_locality,township name unresolved as CoreMap township; locality treated as non-admin postal place/town,
0874004,non_admin_postal_locality,ပဲခူးတိုင်းဒေသကြီး (အရှေ့),Bago Region (East),ဇေယျ၀တီ မြို့,Zayyawadi Town,ရပ်ကွက် (၄) ရပ်ကွက်,No (4) Quarter,ward,,,township_unresolved,non_admin_unresolved_township_name,0,1,1,Could not resolve approved CoreMap township from postal region/township names; local match skipped (township must resolve first),,non_admin_postal_locality,township name unresolved as CoreMap township; locality treated as non-admin postal place/town,
0901001,missing_local_admin_identity,ကယားပြည်နယ်,Kayah state,လွိုင်ကော် မြို့နယ်,Loikaw Township,နောင်ယား(က) ရပ်ကွက်,Naung Yar (Ka Gyi) Quarter,ward,5997,,no_exact_or_fuzzy,missing_local_after_rebind,0,1,1,"Township 5997 resolved, but no exact approved ward/village-tract identity matched; will not invent admin from postal text",,missing_local_admin_identity,township resolved; no exact inventory identity for locality,
0901002,missing_local_admin_identity,ကယားပြည်နယ်,Kayah state,လွိုင်ကော် မြို့နယ်,Loikaw Township,နောင်ယား(ခ) ရပ်ကွက်,Naung Yar (Kha Gway) Quarter,ward,5997,,no_exact_or_fuzzy,missing_local_after_rebind,0,1,1,"Township 5997 resolved, but no exact approved ward/village-tract identity matched; will not invent admin from postal text",,missing_local_admin_identity,township resolved; no exact inventory identity for locality,
0901003,missing_local_admin_identity,ကယားပြည်နယ်,Kayah state,လွိုင်ကော် မြို့နယ်,Loikaw Township,ဒေါဥခူ ရပ်ကွက်,Daw Au Khu Quarter,ward,5997,,no_exact_or_fuzzy,missing_local_after_rebind,0,1,1,"Township 5997 resolved, but no exact approved ward/village-tract identity matched; will not invent admin from postal text",,missing_local_admin_identity,township resolved; no exact inventory identity for locality,
0901004,missing_local_admin_identity,ကယားပြည်နယ်,Kayah state,လွိုင်ကော် မြို့နယ်,Loikaw Township,မိုင်းလုံး ရပ်ကွက်,Maing Lone Quarter,ward,5997,,no_exact_or_fuzzy,missing_local_after_rebind,0,1,1,"Township 5997 resolved, but no exact approved ward/village-tract identity matched; will not invent admin from postal text",,missing_local_admin_identity,township resolved; no exact inventory identity for locality,
0901005,missing_local_admin_identity,ကယားပြည်နယ်,Kayah state,လွိုင်ကော် မြို့နယ်,Loikaw Township,မင်္ဂလာ ရပ်ကွက်,Min Ga Lar Quarter,ward,5997,,no_exact_or_fuzzy,missing_local_after_rebind,0,1,1,"Township 5997 resolved, but no exact approved ward/village-tract identity matched; will not invent admin from postal text",,missing_local_admin_identity,township resolved; no exact inventory identity for locality,
0901006,missing_local_admin_identity,ကယားပြည်နယ်,Kayah state,လွိုင်ကော် မြို့နယ်,Loikaw Township,ဓမ္မာရုံ ရပ်ကွက်,Dhammar Yon Quarter,ward,5997,,no_exact_or_fuzzy,missing_local_after_rebind,0,1,1,"Township 5997 resolved, but no exact approved ward/village-tract identity matched; will not invent admin from postal text",,missing_local_admin_identity,township resolved; no exact inventory identity for locality,
0901007,missing_local_admin_identity,ကယားပြည်နယ်,Kayah state,လွိုင်ကော် မြို့နယ်,Loikaw Township,ဈေးပိုင်း ရပ်ကွက်,Zay Paing Quarter,ward,5997,,no_exact_or_fuzzy,missing_local_after_rebind,0,1,1,"Township 5997 resolved, but no exact approved ward/village-tract identity matched; will not invent admin from postal text",,missing_local_admin_identity,township resolved; no exact inventory identity for locality,
0901008,missing_local_admin_identity,ကယားပြည်နယ်,Kayah state,လွိုင်ကော် မြို့နယ်,Loikaw Township,ရွှေတောင် ရပ်ကွက်,Shwe Taung Quarter,ward,5997,,no_exact_or_fuzzy,missing_local_after_rebind,0,1,1,"Township 5997 resolved, but no exact approved ward/village-tract identity matched; will not invent admin from postal text",,missing_local_admin_identity,township resolved; no exact inventory identity for locality,
0901009,missing_local_admin_identity,ကယားပြည်နယ်,Kayah state,လွိုင်ကော် မြို့နယ်,Loikaw Township,လောဓမ္မ ရပ်ကွက်,Law Da Ma Quarter,ward,5997,,no_exact_or_fuzzy,missing_local_after_rebind,0,1,1,"Township 5997 resolved, but no exact approved ward/village-tract identity matched; will not invent admin from postal text",,missing_local_admin_identity,township resolved; no exact inventory identity for locality,
0901010,missing_local_admin_identity,ကယားပြည်နယ်,Kayah state,လွိုင်ကော် မြို့နယ်,Loikaw Township,ဒေါတမ ရပ်ကွက်,Daw Tan Ma Quarter,ward,5997,,no_exact_or_fuzzy,missing_local_after_rebind,0,1,1,"Township 5997 resolved, but no exact approved ward/village-tract identity matched; will not invent admin from postal text",,missing_local_admin_identity,township resolved; no exact inventory identity for locality,
0901011,missing_local_admin_identity,ကယားပြည်နယ်,Kayah state,လွိုင်ကော် မြို့နယ်,Loikaw Township,ဒေါနိုးကူး ရပ်ကွက်,Daw Noe Ku Quarter,ward,5997,,no_exact_or_fuzzy,missing_local_after_rebind,0,1,1,"Township 5997 resolved, but no exact approved ward/village-tract identity matched; will not invent admin from postal text",,missing_local_admin_identity,township resolved; no exact inventory identity for locality,
0901012,missing_local_admin_identity,ကယားပြည်နယ်,Kayah state,လွိုင်ကော် မြို့နယ်,Loikaw Township,ရှမ်းစု ရပ်ကွက်,Shan Su Quarter,ward,5997,,no_exact_or_fuzzy,missing_local_after_rebind,0,1,1,"Township 5997 resolved, but no exact approved ward/village-tract identity matched; will not invent admin from postal text",,missing_local_admin_identity,township resolved; no exact inventory identity for locality,
0901013,missing_local_admin_identity,ကယားပြည်နယ်,Kayah state,လွိုင်ကော် မြို့နယ်,Loikaw Township,မင်းစု ရပ်ကွက်,Min Su Quarter,ward,5997,,no_exact_or_fuzzy,missing_local_after_rebind,0,1,1,"Township 5997 resolved, but no exact approved ward/village-tract identity matched; will not invent admin from postal text",,missing_local_admin_identity,township resolved; no exact inventory identity for locality,
0901014,missing_local_admin_identity,ကယားပြည်နယ်,Kayah state,လွိုင်ကော် မြို့နယ်,Loikaw Township,နာနတ်တော ရပ်ကွက်,Nar Nat Taw Quarter,ward,5997,,no_exact_or_fuzzy,missing_local_after_rebind,0,1,1,"Township 5997 resolved, but no exact approved ward/village-tract identity matched; will not invent admin from postal text",,missing_local_admin_identity,township resolved; no exact inventory identity for locality,
0901015,missing_local_admin_identity,ကယားပြည်နယ်,Kayah state,လွိုင်ကော် မြို့နယ်,Loikaw Township,နမ့်ဘော်ဝမ် (က) ရပ်ကွက်,Nam Baw Wan (Ka) Quarter,ward,5997,,no_exact_or_fuzzy,missing_local_after_rebind,0,1,1,"Township 5997 resolved, but no exact approved ward/village-tract identity matched; will not invent admin from postal text",,missing_local_admin_identity,township resolved; no exact inventory identity for locality,
0901016,missing_local_admin_identity,ကယားပြည်နယ်,Kayah state,လွိုင်ကော် မြို့နယ်,Loikaw Township,နမ့်ဘော်ဝမ် (ခ) ရပ်ကွက်,Nam Baw Wan (Kha) Quarter,ward,5997,,no_exact_or_fuzzy,missing_local_after_rebind,0,1,1,"Township 5997 resolved, but no exact approved ward/village-tract identity matched; will not invent admin from postal text",,missing_local_admin_identity,township resolved; no exact inventory identity for locality,
0901017,missing_local_admin_identity,ကယားပြည်နယ်,Kayah state,လွိုင်ကော် မြို့နယ်,Loikaw Township,ဧက (၅၀ဝ) ရပ်ကွက်,Aye Ka Ngar Yar Quarter,ward,5997,,no_exact_or_fuzzy,missing_local_after_rebind,0,1,1,"Township 5997 resolved, but no exact approved ward/village-tract identity matched; will not invent admin from postal text",,missing_local_admin_identity,township resolved; no exact inventory identity for locality,
0901018,missing_local_admin_identity,ကယားပြည်နယ်,Kayah state,လွိုင်ကော် မြို့နယ်,Loikaw Township,ထေးသမ ရပ်ကွက်,Htay Tha Ma Quarter,ward,5997,,no_exact_or_fuzzy,missing_local_after_rebind,0,1,1,"Township 5997 resolved, but no exact approved ward/village-tract identity matched; will not invent admin from postal text",,missing_local_admin_identity,township resolved; no exact inventory identity for locality,
0901019,missing_local_admin_identity,ကယားပြည်နယ်,Kayah state,လွိုင်ကော် မြို့နယ်,Loikaw Township,နမ့်ကွတ် ရပ်ကွက်,Nant Kut Quarter,ward,5997,,no_exact_or_fuzzy,missing_local_after_rebind,0,1,1,"Township 5997 resolved, but no exact approved ward/village-tract identity matched; will not invent admin from postal text",,missing_local_admin_identity,township resolved; no exact inventory identity for locality,
0901211,missing_local_admin_identity,ကယားပြည်နယ်,Kayah state,လွိုင်ကော် မြို့နယ်,Loikaw Township,လောပိတ ကျေးရွာအုပ်စု,Law Pi Ta Village Tract,village_tract,5997,,no_exact_or_fuzzy,missing_local_after_rebind,0,1,1,"Township 5997 resolved, but no exact approved ward/village-tract identity matched; will not invent admin from postal text",,missing_local_admin_identity,township resolved; no exact inventory identity for locality,
0901212,missing_local_admin_identity,ကယားပြည်နယ်,Kayah state,လွိုင်ကော် မြို့နယ်,Loikaw Township,ထီးတငါး ကျေးရွာအုပ်စု,Htee Ta Ngar Village Tract,village_tract,5997,,no_exact_or_fuzzy,missing_local_after_rebind,0,1,1,"Township 5997 resolved, but no exact approved ward/village-tract identity matched; will not invent admin from postal text",,missing_local_admin_identity,township resolved; no exact inventory identity for locality,
0902001,missing_local_admin_identity,ကယားပြည်နယ်,Kayah state,ဒီးမော့ဆို မြို့နယ်,Demoso Township,မြို့မ ရပ်ကွက်,Myo Ma Quarter,ward,6015,,no_exact_or_fuzzy,missing_local_after_rebind,0,1,1,"Township 6015 resolved, but no exact approved ward/village-tract identity matched; will not invent admin from postal text",,missing_local_admin_identity,township resolved; no exact inventory identity for locality,
0902202,missing_local_admin_identity,ကယားပြည်နယ်,Kayah state,ဒီးမော့ဆို မြို့နယ်,Demoso Township,နန်းမယ်ခုံ ကျေးရွာအုပ်စု,Nan Mei Khon Village Tract,village_tract,6015,,no_exact_or_fuzzy,missing_local_after_rebind,0,1,1,"Township 6015 resolved, but no exact approved ward/village-tract identity matched; will not invent admin from postal text",,missing_local_admin_identity,township resolved; no exact inventory identity for locality,
0904001,missing_local_admin_identity,ကယားပြည်နယ်,Kayah state,ဘောလခဲ မြို့နယ်,Bawlake Township,ကယားပိုင်း ရပ်ကွက်,Kayah Paing Quarter,ward,6006,,no_exact_or_fuzzy,missing_local_after_rebind,0,1,1,"Township 6006 resolved, but no exact approved ward/village-tract identity matched; will not invent admin from postal text",,missing_local_admin_identity,township resolved; no exact inventory identity for locality,
0904002,missing_local_admin_identity,ကယားပြည်နယ်,Kayah state,ဘောလခဲ မြို့နယ်,Bawlake Township,ရှမ်းပိုင်း ရပ်ကွက်,Shan Paing Quarter,ward,6006,,no_exact_or_fuzzy,missing_local_after_rebind,0,1,1,"Township 6006 resolved, but no exact approved ward/village-tract identity matched; will not invent admin from postal text",,missing_local_admin_identity,township resolved; no exact inventory identity for locality,
0904206,missing_local_admin_identity,ကယားပြည်နယ်,Kayah state,ဘောလခဲ မြို့နယ်,Bawlake Township,နန်းလင်း ကျေးရွာအုပ်စု,Nan Lin Village Tract,village_tract,6006,,no_exact_or_fuzzy,missing_local_after_rebind,0,1,1,"Township 6006 resolved, but no exact approved ward/village-tract identity matched; will not invent admin from postal text",,missing_local_admin_identity,township resolved; no exact inventory identity for locality,
0906204,missing_local_admin_identity,ကယားပြည်နယ်,Kayah state,မယ်စဲ မြို့နယ်,Mese Township,သာယာ ကျေးရွာအုပ်စု,Thar Yar Village Tract,village_tract,5962,,no_exact_or_fuzzy,missing_local_after_rebind,0,1,1,"Township 5962 resolved, but no exact approved ward/village-tract identity matched; will not invent admin from postal text",,missing_local_admin_identity,township resolved; no exact inventory identity for locality,
0906205,missing_local_admin_identity,ကယားပြည်နယ်,Kayah state,မယ်စဲ မြို့နယ်,Mese Township,ဒေါကဒွီး ကျေးရွာအုပ်စု,Daw Ka Dwee Village Tract,village_tract,5962,,no_exact_or_fuzzy,missing_local_after_rebind,0,1,1,"Township 5962 resolved, but no exact approved ward/village-tract identity matched; will not invent admin from postal text",,missing_local_admin_identity,township resolved; no exact inventory identity for locality,
0907203,missing_local_admin_identity,ကယားပြည်နယ်,Kayah state,ရှားတော မြို့နယ်,Shadaw Township,သံလွင် (အရှေ့) ကျေးရွာအုပ်စု,Than Lwin (East) Village Tract,village_tract,5998,,no_exact_or_fuzzy,missing_local_after_rebind,0,1,1,"Township 5998 resolved, but no exact approved ward/village-tract identity matched; will not invent admin from postal text",,missing_local_admin_identity,township resolved; no exact inventory identity for locality,
0960001,non_admin_postal_locality,ကယားပြည်နယ်,Kayah state,လွိုင်လင်လေး မြို့,Loilen Lay Town,အောင်တေဇ ရပ်ကွက်,Aung Tay Za Quarter,ward,,,township_unresolved,non_admin_unresolved_township_name,0,1,1,Could not resolve approved CoreMap township from postal region/township names; local match skipped (township must resolve first),,non_admin_postal_locality,township name unresolved as CoreMap township; locality treated as non-admin postal place/town,
0960002,non_admin_postal_locality,ကယားပြည်နယ်,Kayah state,လွိုင်လင်လေး မြို့,Loilen Lay Town,အောင်သိန္ဒိ ရပ်ကွက်,Aung Theik Di Quarter,ward,,,township_unresolved,non_admin_unresolved_township_name,0,1,1,Could not resolve approved CoreMap township from postal region/township names; local match skipped (township must resolve first),,non_admin_postal_locality,township name unresolved as CoreMap township; locality treated as non-admin postal place/town,
0960003,non_admin_postal_locality,ကယားပြည်နယ်,Kayah state,လွိုင်လင်လေး မြို့,Loilen Lay Town,အောင်မင်္ဂလာ ရပ်ကွက်,Aung Min Ga Lar Quarter,ward,,,township_unresolved,non_admin_unresolved_township_name,0,1,1,Could not resolve approved CoreMap township from postal region/township names; local match skipped (township must resolve first),,non_admin_postal_locality,township name unresolved as CoreMap township; locality treated as non-admin postal place/town,
0961001,non_admin_postal_locality,ကယားပြည်နယ်,Kayah state,နန်းမယ်ခုံ မြို့,Nan Mei Khon Town,မြို့မကယန်း ရပ်ကွက်,Myo Ma Kayan Quarter,ward,,,township_unresolved,non_admin_unresolved_township_name,0,1,1,Could not resolve approved CoreMap township from postal region/township names; local match skipped (township must resolve first),,non_admin_postal_locality,township name unresolved as CoreMap township; locality treated as non-admin postal place/town,
0961002,non_admin_postal_locality,ကယားပြည်နယ်,Kayah state,နန်းမယ်ခုံ မြို့,Nan Mei Khon Town,မြို့မရှမ်း ရပ်ကွက်,Myo Ma Shan Quarter,ward,,,township_unresolved,non_admin_unresolved_township_name,0,1,1,Could not resolve approved CoreMap township from postal region/township names; local match skipped (township must resolve first),,non_admin_postal_locality,township name unresolved as CoreMap township; locality treated as non-admin postal place/town,
0961003,non_admin_postal_locality,ကယားပြည်နယ်,Kayah state,နန်းမယ်ခုံ မြို့,Nan Mei Khon Town,ခေါ်ခုကယား ရပ်ကွက်,Khaw Khu Kayah Quarter,ward,,,township_unresolved,non_admin_unresolved_township_name,0,1,1,Could not resolve approved CoreMap township from postal region/township names; local match skipped (township must resolve first),,non_admin_postal_locality,township name unresolved as CoreMap township; locality treated as non-admin postal place/town,
0961004,non_admin_postal_locality,ကယားပြည်နယ်,Kayah state,နန်းမယ်ခုံ မြို့,Nan Mei Khon Town,ခေါ်ခုရှမ်း ရပ်ကွက်,Khaw Khu Shan Quarter,ward,,,township_unresolved,non_admin_unresolved_township_name,0,1,1,Could not resolve approved CoreMap township from postal region/township names; local match skipped (township must resolve first),,non_admin_postal_locality,township name unresolved as CoreMap township; locality treated as non-admin postal place/town,
0962001,non_admin_postal_locality,ကယားပြည်နယ်,Kayah state,ရွာသစ် မြို့,Ywarthit Town,မြောက်ပိုင်း ရပ်ကွက်,Myauk Paing Quarter,ward,,,township_unresolved,non_admin_unresolved_township_name,0,1,1,Could not resolve approved CoreMap township from postal region/township names; local match skipped (township must resolve first),,non_admin_postal_locality,township name unresolved as CoreMap township; locality treated as non-admin postal place/town,
0962002,non_admin_postal_locality,ကယားပြည်နယ်,Kayah state,ရွာသစ် မြို့,Ywarthit Town,တောင်ပိုင်း ရပ်ကွက်,Taung Paing Quarter,ward,,,township_unresolved,non_admin_unresolved_township_name,0,1,1,Could not resolve approved CoreMap township from postal region/township names; local match skipped (township must resolve first),,non_admin_postal_locality,township name unresolved as CoreMap township; locality treated as non-admin postal place/town,
1004201,linked_after_review,ဧရာဝတီတိုင်းဒေသကြီး,Ayeyarwady Region,မြန်အောင် မြို့နယ်,Myanaung Township,သပြေကုန်း ကျေးရွာအုပ်စု,ha Pyay Kone Village Tract,village_tract,6767,,exact_my,deterministic_multi_create_pick,0,1,1,"Exact name matches Phase-3 approved create_mimu_placeholder / create_new, but no local_admin_area_id exists yet — do not invent id from postal text",,linked_after_review,multiple similar creates (2); deterministic pick village_tract:MMR017011002:row320:village_tract_boundary_Ayeyarwady_v94.zip_mmr_ady_polbnda_adm4_mimu_250k.shp,98f46372-8ff3-4b6e-9e78-7c1853b21ab1
1004238,linked_after_review,ဧရာဝတီတိုင်းဒေသကြီး,Ayeyarwady Region,မြန်အောင် မြို့နယ်,Myanaung Township,သပြေကုန်း ကျေးရွာအုပ်စု,Tha Pyay Kone (2)/ Tha Pyay Kone Village Tract,village_tract,6767,,exact_my,deterministic_multi_create_pick,0,1,1,"Exact name matches Phase-3 approved create_mimu_placeholder / create_new, but no local_admin_area_id exists yet — do not invent id from postal text",,linked_after_review,multiple similar creates (2); deterministic pick village_tract:MMR017011002:row320:village_tract_boundary_Ayeyarwady_v94.zip_mmr_ady_polbnda_adm4_mimu_250k.shp,98f46372-8ff3-4b6e-9e78-7c1853b21ab1
1005210,missing_local_admin_identity,ဧရာဝတီတိုင်းဒေသကြီး,Ayeyarwady Region,အင်္ဂပူ မြို့နယ်,Ingapu Township,မဲဇလီကုန်း ကျေးရွာအုပ်စု,Me Za Li Kone Village Tract,village_tract,7215,,no_exact_or_fuzzy,missing_local_after_rebind,0,1,1,"Township 7215 resolved, but no exact approved ward/village-tract identity matched; will not invent admin from postal text",,missing_local_admin_identity,township resolved; no exact inventory identity for locality,
1005221,missing_local_admin_identity,ဧရာဝတီတိုင်းဒေသကြီး,Ayeyarwady Region,အင်္ဂပူ မြို့နယ်,Ingapu Township,ထူးကြီး ကျေးရွာအုပ်စု,Htu Gyi Village Tract,village_tract,7215,,no_exact_or_fuzzy,missing_local_after_rebind,0,1,1,"Township 7215 resolved, but no exact approved ward/village-tract identity matched; will not invent admin from postal text",,missing_local_admin_identity,township resolved; no exact inventory identity for locality,
1005223,missing_local_admin_identity,ဧရာဝတီတိုင်းဒေသကြီး,Ayeyarwady Region,အင်္ဂပူ မြို့နယ်,Ingapu Township,ကျောင်းကုန်း ကျေးရွာအုပ်စု,Kyaung Kone Village Tract,village_tract,7215,,no_exact_or_fuzzy,missing_local_after_rebind,0,1,1,"Township 7215 resolved, but no exact approved ward/village-tract identity matched; will not invent admin from postal text",,missing_local_admin_identity,township resolved; no exact inventory identity for locality,
1006248,missing_local_admin_identity,ဧရာဝတီတိုင်းဒေသကြီး,Ayeyarwady Region,ဟင်္သာတ မြို့နယ်,Hinthada Township,ထန်းတပင် (ဒူးယား) ကျေးရွာအုပ်စု,Htan Ta Pin (Du Yar) Village Tract,village_tract,7208,,no_exact_or_fuzzy,missing_local_after_rebind,0,1,1,"Township 7208 resolved, but no exact approved ward/village-tract identity matched; will not invent admin from postal text",,missing_local_admin_identity,township resolved; no exact inventory identity for locality,
1006278,missing_local_admin_identity,ဧရာဝတီတိုင်းဒေသကြီး,Ayeyarwady Region,ဟင်္သာတ မြို့နယ်,Hinthada Township,တလုတ္ထော် ကျေးရွာအုပ်စု,Ta Loke Htaw Village Tract,village_tract,7208,,no_exact_or_fuzzy,missing_local_after_rebind,0,1,1,"Township 7208 resolved, but no exact approved ward/village-tract identity matched; will not invent admin from postal text",,missing_local_admin_identity,township resolved; no exact inventory identity for locality,
1006280,linked_after_review,ဧရာဝတီတိုင်းဒေသကြီး,Ayeyarwady Region,ဟင်္သာတ မြို့နယ်,Hinthada Township,အင်္ဂပို ကျေးရွာအုပ်စု,La Har Kyaw Village Tract,village_tract,7208,,exact_my,deterministic_multi_create_pick,0,1,1,"Exact name matches Phase-3 approved create_mimu_placeholder / create_new, but no local_admin_area_id exists yet — do not invent id from postal text",,linked_after_review,multiple similar creates (2); deterministic pick village_tract:MMR017008074:row39:village_tract_boundary_Ayeyarwady_v94.zip_mmr_ady_polbnda_adm4_mimu_250k.shp,ff125393-d1e3-4506-9307-8dd3a0a32044
1006293,missing_local_admin_identity,ဧရာဝတီတိုင်းဒေသကြီး,Ayeyarwady Region,ဟင်္သာတ မြို့နယ်,Hinthada Township,တလုပ်ကုန်း ကျေးရွာအုပ်စု,Ta Loke Kone Village Tract,village_tract,7208,,no_exact_or_fuzzy,missing_local_after_rebind,0,1,1,"Township 7208 resolved, but no exact approved ward/village-tract identity matched; will not invent admin from postal text",,missing_local_admin_identity,township resolved; no exact inventory identity for locality,
1008005,ambiguous_local_area,ဧရာဝတီတိုင်းဒေသကြီး,Ayeyarwady Region,ရေကြည် မြို့နယ်,Yegyi Township,မြို့မ ရပ်ကွက်,Myo Ma Quarter,ward,7187,,exact_my+en,ambiguous_exact_local,0,1,1,"Multiple exact approved locals under township: 7269,7262",,ambiguous_local_area,"Multiple exact approved locals under township: 7269,7262",
1008255,missing_local_admin_identity,ဧရာဝတီတိုင်းဒေသကြီး,Ayeyarwady Region,ရေကြည် မြို့နယ်,Yegyi Township,အသုတ် ကျေးရွာအုပ်စု,Ah Thoke Village Tract,village_tract,7187,,no_exact_or_fuzzy,missing_local_after_rebind,0,1,1,"Township 7187 resolved, but no exact approved ward/village-tract identity matched; will not invent admin from postal text",,missing_local_admin_identity,township resolved; no exact inventory identity for locality,
1009227,missing_local_admin_identity,ဧရာဝတီတိုင်းဒေသကြီး,Ayeyarwady Region,ကျုံပျော် မြို့နယ်,Kyonpyaw Town Township,အထောင် ကျေးရွာအုပ်စု,Ah Htaung Village Tract,village_tract,7282,,no_exact_or_fuzzy,missing_local_after_rebind,0,1,1,"Township 7282 resolved, but no exact approved ward/village-tract identity matched; will not invent admin from postal text",,missing_local_admin_identity,township resolved; no exact inventory identity for locality,
1010001,missing_local_admin_identity,ဧရာဝတီတိုင်းဒေသကြီး,Ayeyarwady Region,ကျောင်းကုန်း မြို့နယ်,Kyaunggon Township,အမှတ် (၁) ရပ်ကွက်,No (1) Quarter,ward,7286,,no_exact_or_fuzzy,missing_local_after_rebind,0,1,1,"Township 7286 resolved, but no exact approved ward/village-tract identity matched; will not invent admin from postal text",,missing_local_admin_identity,township resolved; no exact inventory identity for locality,
1010002,missing_local_admin_identity,ဧရာဝတီတိုင်းဒေသကြီး,Ayeyarwady Region,ကျောင်းကုန်း မြို့နယ်,Kyaunggon Township,အမှတ် (၂) ရပ်ကွက်,No (2) Quarter,ward,7286,,no_exact_or_fuzzy,missing_local_after_rebind,0,1,1,"Township 7286 resolved, but no exact approved ward/village-tract identity matched; will not invent admin from postal text",,missing_local_admin_identity,township resolved; no exact inventory identity for locality,
1010003,missing_local_admin_identity,ဧရာဝတီတိုင်းဒေသကြီး,Ayeyarwady Region,ကျောင်းကုန်း မြို့နယ်,Kyaunggon Township,အမှတ် (၃) ရပ်ကွက်,No (3) Quarter,ward,7286,,no_exact_or_fuzzy,missing_local_after_rebind,0,1,1,"Township 7286 resolved, but no exact approved ward/village-tract identity matched; will not invent admin from postal text",,missing_local_admin_identity,township resolved; no exact inventory identity for locality,
1011001,missing_local_admin_identity,ဧရာဝတီတိုင်းဒေသကြီး,Ayeyarwady Region,သာပေါင်း မြို့နယ်,Thabaung Township,အမှတ် (၁) ရပ်ကွက်,No (1) Quarter,ward,7186,,no_exact_or_fuzzy,missing_local_after_rebind,0,1,1,"Township 7186 resolved, but no exact approved ward/village-tract identity matched; will not invent admin from postal text",,missing_local_admin_identity,township resolved; no exact inventory identity for locality,
1011002,missing_local_admin_identity,ဧရာဝတီတိုင်းဒေသကြီး,Ayeyarwady Region,သာပေါင်း မြို့နယ်,Thabaung Township,အမှတ် (၂) ရပ်ကွက်,No (2) Quarter,ward,7186,,no_exact_or_fuzzy,missing_local_after_rebind,0,1,1,"Township 7186 resolved, but no exact approved ward/village-tract identity matched; will not invent admin from postal text",,missing_local_admin_identity,township resolved; no exact inventory identity for locality,
1011003,missing_local_admin_identity,ဧရာဝတီတိုင်းဒေသကြီး,Ayeyarwady Region,သာပေါင်း မြို့နယ်,Thabaung Township,အမှတ် (၃) ရပ်ကွက်,No (3) Quarter,ward,7186,,no_exact_or_fuzzy,missing_local_after_rebind,0,1,1,"Township 7186 resolved, but no exact approved ward/village-tract identity matched; will not invent admin from postal text",,missing_local_admin_identity,township resolved; no exact inventory identity for locality,
1013001,missing_local_admin_identity,ဧရာဝတီတိုင်းဒေသကြီး,Ayeyarwady Region,ငပုတော မြို့နယ်,Ngapudaw Township,မြောက်ပိုင်း ရပ်ကွက်,Myauk Paing Quarter,ward,7364,,no_exact_or_fuzzy,missing_local_after_rebind,0,1,1,"Township 7364 resolved, but no exact approved ward/village-tract identity matched; will not invent admin from postal text",,missing_local_admin_identity,township resolved; no exact inventory identity for locality,
1013002,missing_local_admin_identity,ဧရာဝတီတိုင်းဒေသကြီး,Ayeyarwady Region,ငပုတော မြို့နယ်,Ngapudaw Township,တောင်ပိုင်း ရပ်ကွက်,Taung Paing Quarter,ward,7364,,no_exact_or_fuzzy,missing_local_after_rebind,0,1,1,"Township 7364 resolved, but no exact approved ward/village-tract identity matched; will not invent admin from postal text",,missing_local_admin_identity,township resolved; no exact inventory identity for locality,
1013003,missing_local_admin_identity,ဧရာဝတီတိုင်းဒေသကြီး,Ayeyarwady Region,ငပုတော မြို့နယ်,Ngapudaw Township,အရှေ့ပိုင်း ရပ်ကွက်,Ah Shey Paing Quarter,ward,7364,,no_exact_or_fuzzy,missing_local_after_rebind,0,1,1,"Township 7364 resolved, but no exact approved ward/village-tract identity matched; will not invent admin from postal text",,missing_local_admin_identity,township resolved; no exact inventory identity for locality,
1013004,missing_local_admin_identity,ဧရာဝတီတိုင်းဒေသကြီး,Ayeyarwady Region,ငပုတော မြို့နယ်,Ngapudaw Township,အနောက်ပိုင်း ရပ်ကွက်,Ah Nauk Paing Quarter,ward,7364,,no_exact_or_fuzzy,missing_local_after_rebind,0,1,1,"Township 7364 resolved, but no exact approved ward/village-tract identity matched; will not invent admin from postal text",,missing_local_admin_identity,township resolved; no exact inventory identity for locality,
1019297,missing_local_admin_identity,ဧရာဝတီတိုင်းဒေသကြီး,Ayeyarwady Region,အိမ်မဲ မြို့နယ်,Einme Township,နိဗ္ဗန် ကျေးရွာအုပ်စု,Neik Ban Village Tract,village_tract,7326,,no_exact_or_fuzzy,missing_local_after_rebind,0,1,1,"Township 7326 resolved, but no exact approved ward/village-tract identity matched; will not invent admin from postal text",,missing_local_admin_identity,township resolved; no exact inventory identity for locality,
1020001,missing_local_admin_identity,ဧရာဝတီတိုင်းဒေသကြီး,Ayeyarwady Region,ဝါးခယ်မ မြို့နယ်,Wakema Township,သော်က ရပ်ကွက်,Thaw Ka Quarter,ward,7323,,no_exact_or_fuzzy,missing_local_after_rebind,0,1,1,"Township 7323 resolved, but no exact approved ward/village-tract identity matched; will not invent admin from postal text",,missing_local_admin_identity,township resolved; no exact inventory identity for locality,
1020002,missing_local_admin_identity,ဧရာဝတီတိုင်းဒေသကြီး,Ayeyarwady Region,ဝါးခယ်မ မြို့နယ်,Wakema Township,တရုပ်တန်း ရပ်ကွက်,Ta Yoke Tan Quarter,ward,7323,,no_exact_or_fuzzy,missing_local_after_rebind,0,1,1,"Township 7323 resolved, but no exact approved ward/village-tract identity matched; will not invent admin from postal text",,missing_local_admin_identity,township resolved; no exact inventory identity for locality,
1020003,missing_local_admin_identity,ဧရာဝတီတိုင်းဒေသကြီး,Ayeyarwady Region,ဝါးခယ်မ မြို့နယ်,Wakema Township,လှေကျင်းကုန်း ရပ်ကွက်,Hlay Kyin Kone (Hlay Kyin ) Quarter,ward,7323,,no_exact_or_fuzzy,missing_local_after_rebind,0,1,1,"Township 7323 resolved, but no exact approved ward/village-tract identity matched; will not invent admin from postal text",,missing_local_admin_identity,township resolved; no exact inventory identity for locality,
1020004,missing_local_admin_identity,ဧရာဝတီတိုင်းဒေသကြီး,Ayeyarwady Region,ဝါးခယ်မ မြို့နယ်,Wakema Township,ရွာလည် ရပ်ကွက်,Ywar Lel Quarter,ward,7323,,no_exact_or_fuzzy,missing_local_after_rebind,0,1,1,"Township 7323 resolved, but no exact approved ward/village-tract identity matched; will not invent admin from postal text",,missing_local_admin_identity,township resolved; no exact inventory identity for locality,
1020005,missing_local_admin_identity,ဧရာဝတီတိုင်းဒေသကြီး,Ayeyarwady Region,ဝါးခယ်မ မြို့နယ်,Wakema Township,ရေကျော် ရပ်ကွက်,Yae Kyaw Quarter,ward,7323,,no_exact_or_fuzzy,missing_local_after_rebind,0,1,1,"Township 7323 resolved, but no exact approved ward/village-tract identity matched; will not invent admin from postal text",,missing_local_admin_identity,township resolved; no exact inventory identity for locality,
1020006,missing_local_admin_identity,ဧရာဝတီတိုင်းဒေသကြီး,Ayeyarwady Region,ဝါးခယ်မ မြို့နယ်,Wakema Township,ပတ္တမြား ရပ်ကွက်,Pa Da Myar Quarter,ward,7323,,no_exact_or_fuzzy,missing_local_after_rebind,0,1,1,"Township 7323 resolved, but no exact approved ward/village-tract identity matched; will not invent admin from postal text",,missing_local_admin_identity,township resolved; no exact inventory identity for locality,
1020007,missing_local_admin_identity,ဧရာဝတီတိုင်းဒေသကြီး,Ayeyarwady Region,ဝါးခယ်မ မြို့နယ်,Wakema Township,စာရေးကုန်း ရပ်ကွက်,Sar Yay Kone Quarter,ward,7323,,no_exact_or_fuzzy,missing_local_after_rebind,0,1,1,"Township 7323 resolved, but no exact approved ward/village-tract identity matched; will not invent admin from postal text",,missing_local_admin_identity,township resolved; no exact inventory identity for locality,
1020008,missing_local_admin_identity,ဧရာဝတီတိုင်းဒေသကြီး,Ayeyarwady Region,ဝါးခယ်မ မြို့နယ်,Wakema Township,ရွာသစ် ရပ်ကွက်,Ywar Thit Quarter,ward,7323,,no_exact_or_fuzzy,missing_local_after_rebind,0,1,1,"Township 7323 resolved, but no exact approved ward/village-tract identity matched; will not invent admin from postal text",,missing_local_admin_identity,township resolved; no exact inventory identity for locality,
1020010,missing_local_admin_identity,ဧရာဝတီတိုင်းဒေသကြီး,Ayeyarwady Region,ဝါးခယ်မ မြို့နယ်,Wakema Township,မြသိန်းတန် ရပ်ကွက်,Mya Thein Tan Quarter,ward,7323,,no_exact_or_fuzzy,missing_local_after_rebind,0,1,1,"Township 7323 resolved, but no exact approved ward/village-tract identity matched; will not invent admin from postal text",,missing_local_admin_identity,township resolved; no exact inventory identity for locality,
1020011,missing_local_admin_identity,ဧရာဝတီတိုင်းဒေသကြီး,Ayeyarwady Region,ဝါးခယ်မ မြို့နယ်,Wakema Township,ဆေးရုံ ရပ်ကွက်,Say Yon Quarter,ward,7323,,no_exact_or_fuzzy,missing_local_after_rebind,0,1,1,"Township 7323 resolved, but no exact approved ward/village-tract identity matched; will not invent admin from postal text",,missing_local_admin_identity,township resolved; no exact inventory identity for locality,
1020012,missing_local_admin_identity,ဧရာဝတီတိုင်းဒေသကြီး,Ayeyarwady Region,ဝါးခယ်မ မြို့နယ်,Wakema Township,ဈေး ရပ်ကွက်,Zay Quarter,ward,7323,,no_exact_or_fuzzy,missing_local_after_rebind,0,1,1,"Township 7323 resolved, but no exact approved ward/village-tract identity matched; will not invent admin from postal text",,missing_local_admin_identity,township resolved; no exact inventory identity for locality,
1020013,missing_local_admin_identity,ဧရာဝတီတိုင်းဒေသကြီး,Ayeyarwady Region,ဝါးခယ်မ မြို့နယ်,Wakema Township,မင်းပိုင်း ရပ်ကွက်,Min Paing Quarter,ward,7323,,no_exact_or_fuzzy,missing_local_after_rebind,0,1,1,"Township 7323 resolved, but no exact approved ward/village-tract identity matched; will not invent admin from postal text",,missing_local_admin_identity,township resolved; no exact inventory identity for locality,
1020014,missing_local_admin_identity,ဧရာဝတီတိုင်းဒေသကြီး,Ayeyarwady Region,ဝါးခယ်မ မြို့နယ်,Wakema Township,သံကြိုးတိုင် ရပ်ကွက်,Than Kyoe Taing Quarter,ward,7323,,no_exact_or_fuzzy,missing_local_after_rebind,0,1,1,"Township 7323 resolved, but no exact approved ward/village-tract identity matched; will not invent admin from postal text",,missing_local_admin_identity,township resolved; no exact inventory identity for locality,
1020309,missing_local_admin_identity,ဧရာဝတီတိုင်းဒေသကြီး,Ayeyarwady Region,ဝါးခယ်မ မြို့နယ်,Wakema Township,ကျုံမငေး ကျေးရွာအုပ်စု,Kyon Ma Ngay Village Tract,village_tract,7323,,no_exact_or_fuzzy,missing_local_after_rebind,0,1,1,"Township 7323 resolved, but no exact approved ward/village-tract identity matched; will not invent admin from postal text",,missing_local_admin_identity,township resolved; no exact inventory identity for locality,
1020310,missing_local_admin_identity,ဧရာဝတီတိုင်းဒေသကြီး,Ayeyarwady Region,ဝါးခယ်မ မြို့နယ်,Wakema Township,အုံးပင် ကျေးရွာအုပ်စု,Ohn Pin Village Tract,village_tract,7323,,no_exact_or_fuzzy,missing_local_after_rebind,0,1,1,"Township 7323 resolved, but no exact approved ward/village-tract identity matched; will not invent admin from postal text",,missing_local_admin_identity,township resolved; no exact inventory identity for locality,
1021001,missing_local_admin_identity,ဧရာဝတီတိုင်းဒေသကြီး,Ayeyarwady Region,မြောင်းမြ မြို့နယ်,Myaungmya Township,အမှတ် (၁) ရပ်ကွက်,No (1) Quarter,ward,7335,,no_exact_or_fuzzy,missing_local_after_rebind,0,1,1,"Township 7335 resolved, but no exact approved ward/village-tract identity matched; will not invent admin from postal text",,missing_local_admin_identity,township resolved; no exact inventory identity for locality,
1021002,missing_local_admin_identity,ဧရာဝတီတိုင်းဒေသကြီး,Ayeyarwady Region,မြောင်းမြ မြို့နယ်,Myaungmya Township,အမှတ် (၂) ရပ်ကွက်,No (2) Quarter,ward,7335,,no_exact_or_fuzzy,missing_local_after_rebind,0,1,1,"Township 7335 resolved, but no exact approved ward/village-tract identity matched; will not invent admin from postal text",,missing_local_admin_identity,township resolved; no exact inventory identity for locality,
1021003,missing_local_admin_identity,ဧရာဝတီတိုင်းဒေသကြီး,Ayeyarwady Region,မြောင်းမြ မြို့နယ်,Myaungmya Township,အမှတ် (၃) ရပ်ကွက်,No (3) Quarter,ward,7335,,no_exact_or_fuzzy,missing_local_after_rebind,0,1,1,"Township 7335 resolved, but no exact approved ward/village-tract identity matched; will not invent admin from postal text",,missing_local_admin_identity,township resolved; no exact inventory identity for locality,
1021004,missing_local_admin_identity,ဧရာဝတီတိုင်းဒေသကြီး,Ayeyarwady Region,မြောင်းမြ မြို့နယ်,Myaungmya Township,အမှတ် (၄) ရပ်ကွက်,No (4) Quarter,ward,7335,,no_exact_or_fuzzy,missing_local_after_rebind,0,1,1,"Township 7335 resolved, but no exact approved ward/village-tract identity matched; will not invent admin from postal text",,missing_local_admin_identity,township resolved; no exact inventory identity for locality,
1021005,missing_local_admin_identity,ဧရာဝတီတိုင်းဒေသကြီး,Ayeyarwady Region,မြောင်းမြ မြို့နယ်,Myaungmya Township,အမှတ် (၅) ရပ်ကွက်,No (5) Quarter,ward,7335,,no_exact_or_fuzzy,missing_local_after_rebind,0,1,1,"Township 7335 resolved, but no exact approved ward/village-tract identity matched; will not invent admin from postal text",,missing_local_admin_identity,township resolved; no exact inventory identity for locality,
1021006,missing_local_admin_identity,ဧရာဝတီတိုင်းဒေသကြီး,Ayeyarwady Region,မြောင်းမြ မြို့နယ်,Myaungmya Township,အမှတ် (၆) ရပ်ကွက်,No (6) Quarter,ward,7335,,no_exact_or_fuzzy,missing_local_after_rebind,0,1,1,"Township 7335 resolved, but no exact approved ward/village-tract identity matched; will not invent admin from postal text",,missing_local_admin_identity,township resolved; no exact inventory identity for locality,
1021007,missing_local_admin_identity,ဧရာဝတီတိုင်းဒေသကြီး,Ayeyarwady Region,မြောင်းမြ မြို့နယ်,Myaungmya Township,အမှတ် (၇) ရပ်ကွက်,No (7) Quarter,ward,7335,,no_exact_or_fuzzy,missing_local_after_rebind,0,1,1,"Township 7335 resolved, but no exact approved ward/village-tract identity matched; will not invent admin from postal text",,missing_local_admin_identity,township resolved; no exact inventory identity for locality,
1021008,missing_local_admin_identity,ဧရာဝတီတိုင်းဒေသကြီး,Ayeyarwady Region,မြောင်းမြ မြို့နယ်,Myaungmya Township,အမှတ် (၈) ရပ်ကွက်,No (8) Quarter,ward,7335,,no_exact_or_fuzzy,missing_local_after_rebind,0,1,1,"Township 7335 resolved, but no exact approved ward/village-tract identity matched; will not invent admin from postal text",,missing_local_admin_identity,township resolved; no exact inventory identity for locality,
1021009,missing_local_admin_identity,ဧရာဝတီတိုင်းဒေသကြီး,Ayeyarwady Region,မြောင်းမြ မြို့နယ်,Myaungmya Township,အမှတ် (၉) ရပ်ကွက်,No (9) Quarter,ward,7335,,no_exact_or_fuzzy,missing_local_after_rebind,0,1,1,"Township 7335 resolved, but no exact approved ward/village-tract identity matched; will not invent admin from postal text",,missing_local_admin_identity,township resolved; no exact inventory identity for locality,
1021010,missing_local_admin_identity,ဧရာဝတီတိုင်းဒေသကြီး,Ayeyarwady Region,မြောင်းမြ မြို့နယ်,Myaungmya Township,အမှတ် (၁၀) ရပ်ကွက်,No (10) Quarter,ward,7335,,no_exact_or_fuzzy,missing_local_after_rebind,0,1,1,"Township 7335 resolved, but no exact approved ward/village-tract identity matched; will not invent admin from postal text",,missing_local_admin_identity,township resolved; no exact inventory identity for locality,
1021011,missing_local_admin_identity,ဧရာဝတီတိုင်းဒေသကြီး,Ayeyarwady Region,မြောင်းမြ မြို့နယ်,Myaungmya Township,မရမ်းကုန်း ရပ်ကွက်,Ma Yan Kone Quarter,ward,7335,,no_exact_or_fuzzy,missing_local_after_rebind,0,1,1,"Township 7335 resolved, but no exact approved ward/village-tract identity matched; will not invent admin from postal text",,missing_local_admin_identity,township resolved; no exact inventory identity for locality,
1021012,missing_local_admin_identity,ဧရာဝတီတိုင်းဒေသကြီး,Ayeyarwady Region,မြောင်းမြ မြို့နယ်,Myaungmya Township,ကံ့ကော်မြိုင် ရပ်ကွက်,Kant Kaw Myaing Quarter,ward,7335,,no_exact_or_fuzzy,missing_local_after_rebind,0,1,1,"Township 7335 resolved, but no exact approved ward/village-tract identity matched; will not invent admin from postal text",,missing_local_admin_identity,township resolved; no exact inventory identity for locality,
1021013,missing_local_admin_identity,ဧရာဝတီတိုင်းဒေသကြီး,Ayeyarwady Region,မြောင်းမြ မြို့နယ်,Myaungmya Township,မြကန်သာ ရပ်ကွက်,Mya Kan Thar Quarter,ward,7335,,no_exact_or_fuzzy,missing_local_after_rebind,0,1,1,"Township 7335 resolved, but no exact approved ward/village-tract identity matched; will not invent admin from postal text",,missing_local_admin_identity,township resolved; no exact inventory identity for locality,
1021014,missing_local_admin_identity,ဧရာဝတီတိုင်းဒေသကြီး,Ayeyarwady Region,မြောင်းမြ မြို့နယ်,Myaungmya Township,မြရတနာ ရပ်ကွက်,Mya Ya Da Nar Quarter,ward,7335,,no_exact_or_fuzzy,missing_local_after_rebind,0,1,1,"Township 7335 resolved, but no exact approved ward/village-tract identity matched; will not invent admin from postal text",,missing_local_admin_identity,township resolved; no exact inventory identity for locality,
1021015,missing_local_admin_identity,ဧရာဝတီတိုင်းဒေသကြီး,Ayeyarwady Region,မြောင်းမြ မြို့နယ်,Myaungmya Township,မြစန္ဒာ ရပ်ကွက်,Mya Sandar Quarter,ward,7335,,no_exact_or_fuzzy,missing_local_after_rebind,0,1,1,"Township 7335 resolved, but no exact approved ward/village-tract identity matched; will not invent admin from postal text",,missing_local_admin_identity,township resolved; no exact inventory identity for locality,
1021016,missing_local_admin_identity,ဧရာဝတီတိုင်းဒေသကြီး,Ayeyarwady Region,မြောင်းမြ မြို့နယ်,Myaungmya Township,မြဟေမာ ရပ်ကွက်,Mya Hay Mar Quarter,ward,7335,,no_exact_or_fuzzy,missing_local_after_rebind,0,1,1,"Township 7335 resolved, but no exact approved ward/village-tract identity matched; will not invent admin from postal text",,missing_local_admin_identity,township resolved; no exact inventory identity for locality,
1060001,non_admin_postal_locality,ဧရာဝတီတိုင်းဒေသကြီး,Ayeyarwady Region,ရွှေသောင်ယံ မြို့,Shwethaungyan Town,အမှတ် (၁) ရပ်ကွက်,No (1) Quarter,ward,,,township_unresolved,non_admin_unresolved_township_name,0,1,1,Could not resolve approved CoreMap township from postal region/township names; local match skipped (township must resolve first),,non_admin_postal_locality,township name unresolved as CoreMap township; locality treated as non-admin postal place/town,
1060002,non_admin_postal_locality,ဧရာဝတီတိုင်းဒေသကြီး,Ayeyarwady Region,ရွှေသောင်ယံ မြို့,Shwethaungyan Town,အမှတ် (၂) ရပ်ကွက်,No (2) Quarter,ward,,,township_unresolved,non_admin_unresolved_township_name,0,1,1,Could not resolve approved CoreMap township from postal region/township names; local match skipped (township must resolve first),,non_admin_postal_locality,township name unresolved as CoreMap township; locality treated as non-admin postal place/town,
1060003,non_admin_postal_locality,ဧရာဝတီတိုင်းဒေသကြီး,Ayeyarwady Region,ရွှေသောင်ယံ မြို့,Shwethaungyan Town,အမှတ် (၃) ရပ်ကွက်,No (3) Quarter,ward,,,township_unresolved,non_admin_unresolved_township_name,0,1,1,Could not resolve approved CoreMap township from postal region/township names; local match skipped (township must resolve first),,non_admin_postal_locality,township name unresolved as CoreMap township; locality treated as non-admin postal place/town,
1061001,non_admin_postal_locality,ဧရာဝတီတိုင်းဒေသကြီး,Ayeyarwady Region,ငွေဆောင် မြို့,Ngwesaung Town,အမှတ် (၁) ရပ်ကွက်,No (1) Quarter,ward,,,township_unresolved,non_admin_unresolved_township_name,0,1,1,Could not resolve approved CoreMap township from postal region/township names; local match skipped (township must resolve first),,non_admin_postal_locality,township name unresolved as CoreMap township; locality treated as non-admin postal place/town,
1061002,non_admin_postal_locality,ဧရာဝတီတိုင်းဒေသကြီး,Ayeyarwady Region,ငွေဆောင် မြို့,Ngwesaung Town,အမှတ် (၂) ရပ်ကွက်,No (2) Quarter,ward,,,township_unresolved,non_admin_unresolved_township_name,0,1,1,Could not resolve approved CoreMap township from postal region/township names; local match skipped (township must resolve first),,non_admin_postal_locality,township name unresolved as CoreMap township; locality treated as non-admin postal place/town,
1061003,non_admin_postal_locality,ဧရာဝတီတိုင်းဒေသကြီး,Ayeyarwady Region,ငွေဆောင် မြို့,Ngwesaung Town,အမှတ် (၃) ရပ်ကွက်,No (3) Quarter,ward,,,township_unresolved,non_admin_unresolved_township_name,0,1,1,Could not resolve approved CoreMap township from postal region/township names; local match skipped (township must resolve first),,non_admin_postal_locality,township name unresolved as CoreMap township; locality treated as non-admin postal place/town,
1061004,non_admin_postal_locality,ဧရာဝတီတိုင်းဒေသကြီး,Ayeyarwady Region,ငွေဆောင် မြို့,Ngwesaung Town,အမှတ် (၄) ရပ်ကွက်,No (4) Quarter,ward,,,township_unresolved,non_admin_unresolved_township_name,0,1,1,Could not resolve approved CoreMap township from postal region/township names; local match skipped (township must resolve first),,non_admin_postal_locality,township name unresolved as CoreMap township; locality treated as non-admin postal place/town,
1062001,non_admin_postal_locality,ဧရာဝတီတိုင်းဒေသကြီး,Ayeyarwady Region,ချောင်းသာ မြို့,Chaung Thar Town,အမှတ် (၁) ရပ်ကွက်,No (1) Quarter,ward,,,township_unresolved,non_admin_unresolved_township_name,0,1,1,Could not resolve approved CoreMap township from postal region/township names; local match skipped (township must resolve first),,non_admin_postal_locality,township name unresolved as CoreMap township; locality treated as non-admin postal place/town,
1062002,non_admin_postal_locality,ဧရာဝတီတိုင်းဒေသကြီး,Ayeyarwady Region,ချောင်းသာ မြို့,Chaung Thar Town,အမှတ် (၂) ရပ်ကွက်,No (2) Quarter,ward,,,township_unresolved,non_admin_unresolved_township_name,0,1,1,Could not resolve approved CoreMap township from postal region/township names; local match skipped (township must resolve first),,non_admin_postal_locality,township name unresolved as CoreMap township; locality treated as non-admin postal place/town,
1062003,non_admin_postal_locality,ဧရာဝတီတိုင်းဒေသကြီး,Ayeyarwady Region,ချောင်းသာ မြို့,Chaung Thar Town,အမှတ် (၃) ရပ်ကွက်,No (3) Quarter,ward,,,township_unresolved,non_admin_unresolved_township_name,0,1,1,Could not resolve approved CoreMap township from postal region/township names; local match skipped (township must resolve first),,non_admin_postal_locality,township name unresolved as CoreMap township; locality treated as non-admin postal place/town,
1064001,non_admin_postal_locality,ဧရာဝတီတိုင်းဒေသကြီး,Ayeyarwady Region,ကနောင် မြို့,Kanaung Town,မြောက်ပိုင်း ရပ်ကွက်,Myauk Paing Quarter,ward,,,township_unresolved,non_admin_unresolved_township_name,0,1,1,Could not resolve approved CoreMap township from postal region/township names; local match skipped (township must resolve first),,non_admin_postal_locality,township name unresolved as CoreMap township; locality treated as non-admin postal place/town,
1064002,non_admin_postal_locality,ဧရာဝတီတိုင်းဒေသကြီး,Ayeyarwady Region,ကနောင် မြို့,Kanaung Town,အလယ်ပိုင်း ရပ်ကွက်,Ah Lel Paing Quarter,ward,,,township_unresolved,non_admin_unresolved_township_name,0,1,1,Could not resolve approved CoreMap township from postal region/township names; local match skipped (township must resolve first),,non_admin_postal_locality,township name unresolved as CoreMap township; locality treated as non-admin postal place/town,
1064003,non_admin_postal_locality,ဧရာဝတီတိုင်းဒေသကြီး,Ayeyarwady Region,ကနောင် မြို့,Kanaung Town,ဈေးပိုင်း ရပ်ကွက်,Zay Paing Quarter,ward,,,township_unresolved,non_admin_unresolved_township_name,0,1,1,Could not resolve approved CoreMap township from postal region/township names; local match skipped (township must resolve first),,non_admin_postal_locality,township name unresolved as CoreMap township; locality treated as non-admin postal place/town,
1064004,non_admin_postal_locality,ဧရာဝတီတိုင်းဒေသကြီး,Ayeyarwady Region,ကနောင် မြို့,Kanaung Town,မြို့မ ရပ်ကွက်,Myo Ma Quarter,ward,,,township_unresolved,non_admin_unresolved_township_name,0,1,1,Could not resolve approved CoreMap township from postal region/township names; local match skipped (township must resolve first),,non_admin_postal_locality,township name unresolved as CoreMap township; locality treated as non-admin postal place/town,
1064005,non_admin_postal_locality,ဧရာဝတီတိုင်းဒေသကြီး,Ayeyarwady Region,ကနောင် မြို့,Kanaung Town,ရိုက်စု ရပ်ကွက်,Yaik Su Quarter,ward,,,township_unresolved,non_admin_unresolved_township_name,0,1,1,Could not resolve approved CoreMap township from postal region/township names; local match skipped (township must resolve first),,non_admin_postal_locality,township name unresolved as CoreMap township; locality treated as non-admin postal place/town,
1065001,non_admin_postal_locality,ဧရာဝတီတိုင်းဒေသကြီး,Ayeyarwady Region,အင်ပင် မြို့,In Pin Town,အမှတ် (၁) ရပ်ကွက်,No (1) Quarter,ward,,,township_unresolved,non_admin_unresolved_township_name,0,1,1,Could not resolve approved CoreMap township from postal region/township names; local match skipped (township must resolve first),,non_admin_postal_locality,township name unresolved as CoreMap township; locality treated as non-admin postal place/town,
1065002,non_admin_postal_locality,ဧရာဝတီတိုင်းဒေသကြီး,Ayeyarwady Region,အင်ပင် မြို့,In Pin Town,အမှတ် (၂) ရပ်ကွက်,No (2) Quarter,ward,,,township_unresolved,non_admin_unresolved_township_name,0,1,1,Could not resolve approved CoreMap township from postal region/township names; local match skipped (township must resolve first),,non_admin_postal_locality,township name unresolved as CoreMap township; locality treated as non-admin postal place/town,
1065003,non_admin_postal_locality,ဧရာဝတီတိုင်းဒေသကြီး,Ayeyarwady Region,အင်ပင် မြို့,In Pin Town,အမှတ် (၃) ရပ်ကွက်,No (3) Quarter,ward,,,township_unresolved,non_admin_unresolved_township_name,0,1,1,Could not resolve approved CoreMap township from postal region/township names; local match skipped (township must resolve first),,non_admin_postal_locality,township name unresolved as CoreMap township; locality treated as non-admin postal place/town,
1065004,non_admin_postal_locality,ဧရာဝတီတိုင်းဒေသကြီး,Ayeyarwady Region,အင်ပင် မြို့,In Pin Town,အမှတ် (၄) ရပ်ကွက်,No (4) Quarter,ward,,,township_unresolved,non_admin_unresolved_township_name,0,1,1,Could not resolve approved CoreMap township from postal region/township names; local match skipped (township must resolve first),,non_admin_postal_locality,township name unresolved as CoreMap township; locality treated as non-admin postal place/town,
1066001,non_admin_postal_locality,ဧရာဝတီတိုင်းဒေသကြီး,Ayeyarwady Region,ထူးကြီး မြို့,Htoogyi Town,အမှတ် (၁) ရပ်ကွက်,No (1) Quarter,ward,,,township_unresolved,non_admin_unresolved_township_name,0,1,1,Could not resolve approved CoreMap township from postal region/township names; local match skipped (township must resolve first),,non_admin_postal_locality,township name unresolved as CoreMap township; locality treated as non-admin postal place/town,
1066002,non_admin_postal_locality,ဧရာဝတီတိုင်းဒေသကြီး,Ayeyarwady Region,ထူးကြီး မြို့,Htoogyi Town,အမှတ် (၂) ရပ်ကွက်,No (2) Quarter,ward,,,township_unresolved,non_admin_unresolved_township_name,0,1,1,Could not resolve approved CoreMap township from postal region/township names; local match skipped (township must resolve first),,non_admin_postal_locality,township name unresolved as CoreMap township; locality treated as non-admin postal place/town,
1066003,non_admin_postal_locality,ဧရာဝတီတိုင်းဒေသကြီး,Ayeyarwady Region,ထူးကြီး မြို့,Htoogyi Town,အမှတ် (၃) ရပ်ကွက်,No (3) Quarter,ward,,,township_unresolved,non_admin_unresolved_township_name,0,1,1,Could not resolve approved CoreMap township from postal region/township names; local match skipped (township must resolve first),,non_admin_postal_locality,township name unresolved as CoreMap township; locality treated as non-admin postal place/town,
1066004,non_admin_postal_locality,ဧရာဝတီတိုင်းဒေသကြီး,Ayeyarwady Region,ထူးကြီး မြို့,Htoogyi Town,အမှတ် (၄) ရပ်ကွက်,No (4) Quarter,ward,,,township_unresolved,non_admin_unresolved_township_name,0,1,1,Could not resolve approved CoreMap township from postal region/township names; local match skipped (township must resolve first),,non_admin_postal_locality,township name unresolved as CoreMap township; locality treated as non-admin postal place/town,
1066005,non_admin_postal_locality,ဧရာဝတီတိုင်းဒေသကြီး,Ayeyarwady Region,ထူးကြီး မြို့,Htoogyi Town,အမှတ် (၅) ရပ်ကွက်,No (5) Quarter,ward,,,township_unresolved,non_admin_unresolved_township_name,0,1,1,Could not resolve approved CoreMap township from postal region/township names; local match skipped (township must resolve first),,non_admin_postal_locality,township name unresolved as CoreMap township; locality treated as non-admin postal place/town,
1067001,non_admin_postal_locality,ဧရာဝတီတိုင်းဒေသကြီး,Ayeyarwady Region,မဲဇလီကုန်း မြို့,Me Za Li Kone Town,အမှတ် (၁) ရပ်ကွက်,No (1) Quarter,ward,,,township_unresolved,non_admin_unresolved_township_name,0,1,1,Could not resolve approved CoreMap township from postal region/township names; local match skipped (township must resolve first),,non_admin_postal_locality,township name unresolved as CoreMap township; locality treated as non-admin postal place/town,
1067002,non_admin_postal_locality,ဧရာဝတီတိုင်းဒေသကြီး,Ayeyarwady Region,မဲဇလီကုန်း မြို့,Me Za Li Kone Town,အမှတ် (၂) ရပ်ကွက်,No (2) Quarter,ward,,,township_unresolved,non_admin_unresolved_township_name,0,1,1,Could not resolve approved CoreMap township from postal region/township names; local match skipped (township must resolve first),,non_admin_postal_locality,township name unresolved as CoreMap township; locality treated as non-admin postal place/town,
1067003,non_admin_postal_locality,ဧရာဝတီတိုင်းဒေသကြီး,Ayeyarwady Region,မဲဇလီကုန်း မြို့,Me Za Li Kone Town,အမှတ် (၃) ရပ်ကွက်,No (3) Quarter,ward,,,township_unresolved,non_admin_unresolved_township_name,0,1,1,Could not resolve approved CoreMap township from postal region/township names; local match skipped (township must resolve first),,non_admin_postal_locality,township name unresolved as CoreMap township; locality treated as non-admin postal place/town,
1067004,non_admin_postal_locality,ဧရာဝတီတိုင်းဒေသကြီး,Ayeyarwady Region,မဲဇလီကုန်း မြို့,Me Za Li Kone Town,အမှတ် (၄) ရပ်ကွက်,No (4) Quarter,ward,,,township_unresolved,non_admin_unresolved_township_name,0,1,1,Could not resolve approved CoreMap township from postal region/township names; local match skipped (township must resolve first),,non_admin_postal_locality,township name unresolved as CoreMap township; locality treated as non-admin postal place/town,
1068001,non_admin_postal_locality,ဧရာဝတီတိုင်းဒေသကြီး,Ayeyarwady Region,တလုတ္ထော် မြို့,Ta Loke Htaw Town,အမှတ် (၁) ရပ်ကွက်,No (1) Quarter,ward,,,township_unresolved,non_admin_unresolved_township_name,0,1,1,Could not resolve approved CoreMap township from postal region/township names; local match skipped (township must resolve first),,non_admin_postal_locality,township name unresolved as CoreMap township; locality treated as non-admin postal place/town,
1068002,non_admin_postal_locality,ဧရာဝတီတိုင်းဒေသကြီး,Ayeyarwady Region,တလုတ္ထော် မြို့,Ta Loke Htaw Town,အမှတ် (၂) ရပ်ကွက်,No (2) Quarter,ward,,,township_unresolved,non_admin_unresolved_township_name,0,1,1,Could not resolve approved CoreMap township from postal region/township names; local match skipped (township must resolve first),,non_admin_postal_locality,township name unresolved as CoreMap township; locality treated as non-admin postal place/town,
1068003,non_admin_postal_locality,ဧရာဝတီတိုင်းဒေသကြီး,Ayeyarwady Region,တလုတ္ထော် မြို့,Ta Loke Htaw Town,အမှတ် (၃) ရပ်ကွက်,No (3) Quarter,ward,,,township_unresolved,non_admin_unresolved_township_name,0,1,1,Could not resolve approved CoreMap township from postal region/township names; local match skipped (township must resolve first),,non_admin_postal_locality,township name unresolved as CoreMap township; locality treated as non-admin postal place/town,
1068004,non_admin_postal_locality,ဧရာဝတီတိုင်းဒေသကြီး,Ayeyarwady Region,တလုတ္ထော် မြို့,Ta Loke Htaw Town,အမှတ် (၄) ရပ်ကွက်,No (4) Quarter,ward,,,township_unresolved,non_admin_unresolved_township_name,0,1,1,Could not resolve approved CoreMap township from postal region/township names; local match skipped (township must resolve first),,non_admin_postal_locality,township name unresolved as CoreMap township; locality treated as non-admin postal place/town,
1068005,non_admin_postal_locality,ဧရာဝတီတိုင်းဒေသကြီး,Ayeyarwady Region,တလုတ္ထော် မြို့,Ta Loke Htaw Town,အမှတ်(၅) ရပ်ကွက်,No (5) Quarter,ward,,,township_unresolved,non_admin_unresolved_township_name,0,1,1,Could not resolve approved CoreMap township from postal region/township names; local match skipped (township must resolve first),,non_admin_postal_locality,township name unresolved as CoreMap township; locality treated as non-admin postal place/town,
1070002,ambiguous_local_area,ဧရာဝတီတိုင်းဒေသကြီး,Ayeyarwady Region,ငသိုင်းချောင်း မြို့,Ngathaingchaung Town,မြို့မ ရပ်ကွက်,Myo Ma Quarter,ward,7187,,exact_my+en,ambiguous_exact_local,0,1,1,"Multiple exact approved locals under township: 7269,7262",,ambiguous_local_area,"Multiple exact approved locals under township: 7269,7262",
1072001,non_admin_postal_locality,ဧရာဝတီတိုင်းဒေသကြီး,Ayeyarwady Region,အထောင် မြို့,Ahtaung Town,အမှတ် (၁) ရပ်ကွက်,No (1) Quarter,ward,,,township_unresolved,non_admin_unresolved_township_name,0,1,1,Could not resolve approved CoreMap township from postal region/township names; local match skipped (township must resolve first),,non_admin_postal_locality,township name unresolved as CoreMap township; locality treated as non-admin postal place/town,
1072002,non_admin_postal_locality,ဧရာဝတီတိုင်းဒေသကြီး,Ayeyarwady Region,အထောင် မြို့,Ahtaung Town,အမှတ် (၂) ရပ်ကွက်,No (2) Quarter,ward,,,township_unresolved,non_admin_unresolved_township_name,0,1,1,Could not resolve approved CoreMap township from postal region/township names; local match skipped (township must resolve first),,non_admin_postal_locality,township name unresolved as CoreMap township; locality treated as non-admin postal place/town,
1072003,non_admin_postal_locality,ဧရာဝတီတိုင်းဒေသကြီး,Ayeyarwady Region,အထောင် မြို့,Ahtaung Town,အမှတ် (၃) ရပ်ကွက်,No (3) Quarter,ward,,,township_unresolved,non_admin_unresolved_township_name,0,1,1,Could not resolve approved CoreMap township from postal region/township names; local match skipped (township must resolve first),,non_admin_postal_locality,township name unresolved as CoreMap township; locality treated as non-admin postal place/town,
1072004,non_admin_postal_locality,ဧရာဝတီတိုင်းဒေသကြီး,Ayeyarwady Region,အထောင် မြို့,Ahtaung Town,အမှတ် (၄) ရပ်ကွက်,No (4) Quarter,ward,,,township_unresolved,non_admin_unresolved_township_name,0,1,1,Could not resolve approved CoreMap township from postal region/township names; local match skipped (township must resolve first),,non_admin_postal_locality,township name unresolved as CoreMap township; locality treated as non-admin postal place/town,
1073001,non_admin_postal_locality,ဧရာဝတီတိုင်းဒေသကြီး,Ayeyarwady Region,ပြင်စလူ မြို့,Pyinsalu Town,အမှတ် (၁) ရပ်ကွက်,No (1) Quarter,ward,,,township_unresolved,non_admin_unresolved_township_name,0,1,1,Could not resolve approved CoreMap township from postal region/township names; local match skipped (township must resolve first),,non_admin_postal_locality,township name unresolved as CoreMap township; locality treated as non-admin postal place/town,
1073002,non_admin_postal_locality,ဧရာဝတီတိုင်းဒေသကြီး,Ayeyarwady Region,ပြင်စလူ မြို့,Pyinsalu Town,အမှတ် (၂) ရပ်ကွက်,No (2) Quarter,ward,,,township_unresolved,non_admin_unresolved_township_name,0,1,1,Could not resolve approved CoreMap township from postal region/township names; local match skipped (township must resolve first),,non_admin_postal_locality,township name unresolved as CoreMap township; locality treated as non-admin postal place/town,
1073003,non_admin_postal_locality,ဧရာဝတီတိုင်းဒေသကြီး,Ayeyarwady Region,ပြင်စလူ မြို့,Pyinsalu Town,အမှတ် (၃) ရပ်ကွက်,No (3) Quarter,ward,,,township_unresolved,non_admin_unresolved_township_name,0,1,1,Could not resolve approved CoreMap township from postal region/township names; local match skipped (township must resolve first),,non_admin_postal_locality,township name unresolved as CoreMap township; locality treated as non-admin postal place/town,
1074001,non_admin_postal_locality,ဧရာဝတီတိုင်းဒေသကြီး,Ayeyarwady Region,လပွတ္တာ (၃) မိုင် မြို့,Labutta (3) Mile Town,အမှတ် (၁) ရပ်ကွက်,No (1) Quarter,ward,,,township_unresolved,non_admin_unresolved_township_name,0,1,1,Could not resolve approved CoreMap township from postal region/township names; local match skipped (township must resolve first),,non_admin_postal_locality,township name unresolved as CoreMap township; locality treated as non-admin postal place/town,
1074002,non_admin_postal_locality,ဧရာဝတီတိုင်းဒေသကြီး,Ayeyarwady Region,လပွတ္တာ (၃) မိုင် မြို့,Labutta (3) Mile Town,အမှတ် (၂) ရပ်ကွက်,No (2) Quarter,ward,,,township_unresolved,non_admin_unresolved_township_name,0,1,1,Could not resolve approved CoreMap township from postal region/township names; local match skipped (township must resolve first),,non_admin_postal_locality,township name unresolved as CoreMap township; locality treated as non-admin postal place/town,
1074003,non_admin_postal_locality,ဧရာဝတီတိုင်းဒေသကြီး,Ayeyarwady Region,လပွတ္တာ (၃) မိုင် မြို့,Labutta (3) Mile Town,အမှတ် (၃) ရပ်ကွက်,No (3) Quarter,ward,,,township_unresolved,non_admin_unresolved_township_name,0,1,1,Could not resolve approved CoreMap township from postal region/township names; local match skipped (township must resolve first),,non_admin_postal_locality,township name unresolved as CoreMap township; locality treated as non-admin postal place/town,
1074004,non_admin_postal_locality,ဧရာဝတီတိုင်းဒေသကြီး,Ayeyarwady Region,လပွတ္တာ (၃) မိုင် မြို့,Labutta (3) Mile Town,အမှတ် (၄) ရပ်ကွက်,No (4) Quarter,ward,,,township_unresolved,non_admin_unresolved_township_name,0,1,1,Could not resolve approved CoreMap township from postal region/township names; local match skipped (township must resolve first),,non_admin_postal_locality,township name unresolved as CoreMap township; locality treated as non-admin postal place/town,
1075001,non_admin_postal_locality,ဧရာဝတီတိုင်းဒေသကြီး,Ayeyarwady Region,ငရုတ်ကောင်း မြို့,Ngayokekaung Town,အမှတ် (၁) ရပ်ကွက်,No (1) Quarter,ward,,,township_unresolved,non_admin_unresolved_township_name,0,1,1,Could not resolve approved CoreMap township from postal region/township names; local match skipped (township must resolve first),,non_admin_postal_locality,township name unresolved as CoreMap township; locality treated as non-admin postal place/town,
1075002,non_admin_postal_locality,ဧရာဝတီတိုင်းဒေသကြီး,Ayeyarwady Region,ငရုတ်ကောင်း မြို့,Ngayokekaung Town,အမှတ် (၂) ရပ်ကွက်,No (2) Quarter,ward,,,township_unresolved,non_admin_unresolved_township_name,0,1,1,Could not resolve approved CoreMap township from postal region/township names; local match skipped (township must resolve first),,non_admin_postal_locality,township name unresolved as CoreMap township; locality treated as non-admin postal place/town,
1076001,non_admin_postal_locality,ဧရာဝတီတိုင်းဒေသကြီး,Ayeyarwady Region,ဟိုင်းကြီးကျွန်း မြို့,Hainggyikyun Town,အမှတ် (၁) ရပ်ကွက်,No (1) Quarter,ward,,,township_unresolved,non_admin_unresolved_township_name,0,1,1,Could not resolve approved CoreMap township from postal region/township names; local match skipped (township must resolve first),,non_admin_postal_locality,township name unresolved as CoreMap township; locality treated as non-admin postal place/town,
1076002,non_admin_postal_locality,ဧရာဝတီတိုင်းဒေသကြီး,Ayeyarwady Region,ဟိုင်းကြီးကျွန်း မြို့,Hainggyikyun Town,အမှတ် (၂) ရပ်ကွက်,No (2) Quarter,ward,,,township_unresolved,non_admin_unresolved_township_name,0,1,1,Could not resolve approved CoreMap township from postal region/township names; local match skipped (township must resolve first),,non_admin_postal_locality,township name unresolved as CoreMap township; locality treated as non-admin postal place/town,
1076003,non_admin_postal_locality,ဧရာဝတီတိုင်းဒေသကြီး,Ayeyarwady Region,ဟိုင်းကြီးကျွန်း မြို့,Hainggyikyun Town,အမှတ် (၃) ရပ်ကွက်,No (3) Quarter,ward,,,township_unresolved,non_admin_unresolved_township_name,0,1,1,Could not resolve approved CoreMap township from postal region/township names; local match skipped (township must resolve first),,non_admin_postal_locality,township name unresolved as CoreMap township; locality treated as non-admin postal place/town,
1077001,non_admin_postal_locality,ဧရာဝတီတိုင်းဒေသကြီး,Ayeyarwady Region,ကျုံမငေး မြို့,Kyonmangae Town,မြစိမ်း ရပ်ကွက်,Mya Sein Quarter,ward,,,township_unresolved,non_admin_unresolved_township_name,0,1,1,Could not resolve approved CoreMap township from postal region/township names; local match skipped (township must resolve first),,non_admin_postal_locality,township name unresolved as CoreMap township; locality treated as non-admin postal place/town,
1077002,non_admin_postal_locality,ဧရာဝတီတိုင်းဒေသကြီး,Ayeyarwady Region,ကျုံမငေး မြို့,Kyonmangae Town,သီရိဟေမာ ရပ်ကွက်,Thi Ri Hay Mar Quarter,ward,,,township_unresolved,non_admin_unresolved_township_name,0,1,1,Could not resolve approved CoreMap township from postal region/township names; local match skipped (township must resolve first),,non_admin_postal_locality,township name unresolved as CoreMap township; locality treated as non-admin postal place/town,
1077003,non_admin_postal_locality,ဧရာဝတီတိုင်းဒေသကြီး,Ayeyarwady Region,ကျုံမငေး မြို့,Kyonmangae Town,နထ္ထိပ် ရပ်ကွက်,Nat Hteik Quarter,ward,,,township_unresolved,non_admin_unresolved_township_name,0,1,1,Could not resolve approved CoreMap township from postal region/township names; local match skipped (township must resolve first),,non_admin_postal_locality,township name unresolved as CoreMap township; locality treated as non-admin postal place/town,
1077004,non_admin_postal_locality,ဧရာဝတီတိုင်းဒေသကြီး,Ayeyarwady Region,ကျုံမငေး မြို့,Kyonmangae Town,ပုလဲအောင်မြေ ရပ်ကွက်,Pale Aung Myay Quarter,ward,,,township_unresolved,non_admin_unresolved_township_name,0,1,1,Could not resolve approved CoreMap township from postal region/township names; local match skipped (township must resolve first),,non_admin_postal_locality,township name unresolved as CoreMap township; locality treated as non-admin postal place/town,
1077005,non_admin_postal_locality,ဧရာဝတီတိုင်းဒေသကြီး,Ayeyarwady Region,ကျုံမငေး မြို့,Kyonmangae Town,နဒီအောင်မြေ ရပ်ကွက်,Nadi Aung Myay Quarter,ward,,,township_unresolved,non_admin_unresolved_township_name,0,1,1,Could not resolve approved CoreMap township from postal region/township names; local match skipped (township must resolve first),,non_admin_postal_locality,township name unresolved as CoreMap township; locality treated as non-admin postal place/town,
1078001,non_admin_postal_locality,ဧရာဝတီတိုင်းဒေသကြီး,Ayeyarwady Region,အမာ မြို့,Ahmar Town,အမှတ် (၁) ရပ်ကွက်,No (1) Quarter,ward,,,township_unresolved,non_admin_unresolved_township_name,0,1,1,Could not resolve approved CoreMap township from postal region/township names; local match skipped (township must resolve first),,non_admin_postal_locality,township name unresolved as CoreMap township; locality treated as non-admin postal place/town,
1078002,non_admin_postal_locality,ဧရာဝတီတိုင်းဒေသကြီး,Ayeyarwady Region,အမာ မြို့,Ahmar Town,အမှတ် (၂) ရပ်ကွက်,No (2) Quarter,ward,,,township_unresolved,non_admin_unresolved_township_name,0,1,1,Could not resolve approved CoreMap township from postal region/township names; local match skipped (township must resolve first),,non_admin_postal_locality,township name unresolved as CoreMap township; locality treated as non-admin postal place/town,
1078003,non_admin_postal_locality,ဧရာဝတီတိုင်းဒေသကြီး,Ayeyarwady Region,အမာ မြို့,Ahmar Town,အမှတ် (၃) ရပ်ကွက်,No (3) Quarter,ward,,,township_unresolved,non_admin_unresolved_township_name,0,1,1,Could not resolve approved CoreMap township from postal region/township names; local match skipped (township must resolve first),,non_admin_postal_locality,township name unresolved as CoreMap township; locality treated as non-admin postal place/town,
1078004,non_admin_postal_locality,ဧရာဝတီတိုင်းဒေသကြီး,Ayeyarwady Region,အမာ မြို့,Ahmar Town,အမှတ် (၄) ရပ်ကွက်,No (4) Quarter,ward,,,township_unresolved,non_admin_unresolved_township_name,0,1,1,Could not resolve approved CoreMap township from postal region/township names; local match skipped (township must resolve first),,non_admin_postal_locality,township name unresolved as CoreMap township; locality treated as non-admin postal place/town,
1107023,missing_local_admin_identity,ရန်ကုန်တိုင်းဒေသကြီး,Yangon Region,သင်္ဃန်းကျွန်း မြို့နယ်,Thingangyun Township,ကြီးပွားရေး ရပ်ကွက်,Kyi Pwar Yay Quarter,ward,5344,,no_exact_or_fuzzy,missing_local_after_rebind,0,1,1,"Township 5344 resolved, but no exact approved ward/village-tract identity matched; will not invent admin from postal text",,missing_local_admin_identity,township resolved; no exact inventory identity for locality,
1128001,missing_local_admin_identity,ရန်ကုန်တိုင်းဒေသကြီး,Yangon Region,ကိုကိုးကျွန်း မြို့နယ်,Cocokyun Township,အမှတ် (၁) ရပ်ကွက်,No (1) Quarter,ward,7440,,no_exact_or_fuzzy,missing_local_after_rebind,0,1,1,"Township 7440 resolved, but no exact approved ward/village-tract identity matched; will not invent admin from postal text",,missing_local_admin_identity,township resolved; no exact inventory identity for locality,
1128002,missing_local_admin_identity,ရန်ကုန်တိုင်းဒေသကြီး,Yangon Region,ကိုကိုးကျွန်း မြို့နယ်,Cocokyun Township,အမှတ် (၂) ရပ်ကွက်,No (2) Quarter,ward,7440,,no_exact_or_fuzzy,missing_local_after_rebind,0,1,1,"Township 7440 resolved, but no exact approved ward/village-tract identity matched; will not invent admin from postal text",,missing_local_admin_identity,township resolved; no exact inventory identity for locality,
1130244,missing_local_admin_identity,ရန်ကုန်တိုင်းဒေသကြီး,Yangon Region,ကျောက်တန်း မြို့နယ်,Kyauktan Township,ဘိုကုန်း ကျေးရွာအုပ်စု,Boe Kone Village Tract,village_tract,5144,,no_exact_or_fuzzy,missing_local_after_rebind,0,1,1,"Township 5144 resolved, but no exact approved ward/village-tract identity matched; will not invent admin from postal text",,missing_local_admin_identity,township resolved; no exact inventory identity for locality,
1131001,missing_local_admin_identity,ရန်ကုန်တိုင်းဒေသကြီး,Yangon Region,သုံးခွ မြို့နယ်,Thongwa Township,အမှတ် (၁) ရပ်ကွက်,No (1) Quarter,ward,5145,,no_exact_or_fuzzy,missing_local_after_rebind,0,1,1,"Township 5145 resolved, but no exact approved ward/village-tract identity matched; will not invent admin from postal text",,missing_local_admin_identity,township resolved; no exact inventory identity for locality,
1131002,missing_local_admin_identity,ရန်ကုန်တိုင်းဒေသကြီး,Yangon Region,သုံးခွ မြို့နယ်,Thongwa Township,အမှတ် (၂) ရပ်ကွက်,No (2) Quarter,ward,5145,,no_exact_or_fuzzy,missing_local_after_rebind,0,1,1,"Township 5145 resolved, but no exact approved ward/village-tract identity matched; will not invent admin from postal text",,missing_local_admin_identity,township resolved; no exact inventory identity for locality,
1131003,missing_local_admin_identity,ရန်ကုန်တိုင်းဒေသကြီး,Yangon Region,သုံးခွ မြို့နယ်,Thongwa Township,အမှတ် (၃) ရပ်ကွက်,No (3) Quarter,ward,5145,,no_exact_or_fuzzy,missing_local_after_rebind,0,1,1,"Township 5145 resolved, but no exact approved ward/village-tract identity matched; will not invent admin from postal text",,missing_local_admin_identity,township resolved; no exact inventory identity for locality,
1131004,missing_local_admin_identity,ရန်ကုန်တိုင်းဒေသကြီး,Yangon Region,သုံးခွ မြို့နယ်,Thongwa Township,အမှတ် (၄) ရပ်ကွက်,No (4) Quarter,ward,5145,,no_exact_or_fuzzy,missing_local_after_rebind,0,1,1,"Township 5145 resolved, but no exact approved ward/village-tract identity matched; will not invent admin from postal text",,missing_local_admin_identity,township resolved; no exact inventory identity for locality,
1131005,missing_local_admin_identity,ရန်ကုန်တိုင်းဒေသကြီး,Yangon Region,သုံးခွ မြို့နယ်,Thongwa Township,အမှတ် (၅) ရပ်ကွက်,No (5) Quarter,ward,5145,,no_exact_or_fuzzy,missing_local_after_rebind,0,1,1,"Township 5145 resolved, but no exact approved ward/village-tract identity matched; will not invent admin from postal text",,missing_local_admin_identity,township resolved; no exact inventory identity for locality,
1131006,missing_local_admin_identity,ရန်ကုန်တိုင်းဒေသကြီး,Yangon Region,သုံးခွ မြို့နယ်,Thongwa Township,အမှတ် (၆) ရပ်ကွက်,No (6) Quarter,ward,5145,,no_exact_or_fuzzy,missing_local_after_rebind,0,1,1,"Township 5145 resolved, but no exact approved ward/village-tract identity matched; will not invent admin from postal text",,missing_local_admin_identity,township resolved; no exact inventory identity for locality,
1131007,missing_local_admin_identity,ရန်ကုန်တိုင်းဒေသကြီး,Yangon Region,သုံးခွ မြို့နယ်,Thongwa Township,အမှတ် (၇) ရပ်ကွက်,No (7) Quarter,ward,5145,,no_exact_or_fuzzy,missing_local_after_rebind,0,1,1,"Township 5145 resolved, but no exact approved ward/village-tract identity matched; will not invent admin from postal text",,missing_local_admin_identity,township resolved; no exact inventory identity for locality,
1131008,missing_local_admin_identity,ရန်ကုန်တိုင်းဒေသကြီး,Yangon Region,သုံးခွ မြို့နယ်,Thongwa Township,အမှတ် (၈) ရပ်ကွက်,No (8) Quarter,ward,5145,,no_exact_or_fuzzy,missing_local_after_rebind,0,1,1,"Township 5145 resolved, but no exact approved ward/village-tract identity matched; will not invent admin from postal text",,missing_local_admin_identity,township resolved; no exact inventory identity for locality,
1131009,missing_local_admin_identity,ရန်ကုန်တိုင်းဒေသကြီး,Yangon Region,သုံးခွ မြို့နယ်,Thongwa Township,အမှတ် (၉) ရပ်ကွက်,No (9) Quarter,ward,5145,,no_exact_or_fuzzy,missing_local_after_rebind,0,1,1,"Township 5145 resolved, but no exact approved ward/village-tract identity matched; will not invent admin from postal text",,missing_local_admin_identity,township resolved; no exact inventory identity for locality,
1131010,missing_local_admin_identity,ရန်ကုန်တိုင်းဒေသကြီး,Yangon Region,သုံးခွ မြို့နယ်,Thongwa Township,အမှတ် (၁၀) ရပ်ကွက်,No (10) Quarter,ward,5145,,no_exact_or_fuzzy,missing_local_after_rebind,0,1,1,"Township 5145 resolved, but no exact approved ward/village-tract identity matched; will not invent admin from postal text",,missing_local_admin_identity,township resolved; no exact inventory identity for locality,
1131011,missing_local_admin_identity,ရန်ကုန်တိုင်းဒေသကြီး,Yangon Region,သုံးခွ မြို့နယ်,Thongwa Township,အမှတ် (၁၁) ရပ်ကွက်,No (11) Quarter,ward,5145,,no_exact_or_fuzzy,missing_local_after_rebind,0,1,1,"Township 5145 resolved, but no exact approved ward/village-tract identity matched; will not invent admin from postal text",,missing_local_admin_identity,township resolved; no exact inventory identity for locality,
1131012,missing_local_admin_identity,ရန်ကုန်တိုင်းဒေသကြီး,Yangon Region,သုံးခွ မြို့နယ်,Thongwa Township,အမှတ် (၁၂) ရပ်ကွက်,No (12) Quarter,ward,5145,,no_exact_or_fuzzy,missing_local_after_rebind,0,1,1,"Township 5145 resolved, but no exact approved ward/village-tract identity matched; will not invent admin from postal text",,missing_local_admin_identity,township resolved; no exact inventory identity for locality,
1134001,missing_local_admin_identity,ရန်ကုန်တိုင်းဒေသကြီး,Yangon Region,ကွမ်းခြံကုန်း မြို့နယ်,Kungyangon Township,မြို့မ ရပ်ကွက်,Myo Ma Quarter,ward,5112,,no_exact_or_fuzzy,missing_local_after_rebind,0,1,1,"Township 5112 resolved, but no exact approved ward/village-tract identity matched; will not invent admin from postal text",,missing_local_admin_identity,township resolved; no exact inventory identity for locality,
1134003,missing_local_admin_identity,ရန်ကုန်တိုင်းဒေသကြီး,Yangon Region,ကွမ်းခြံကုန်း မြို့နယ်,Kungyangon Township,ဈေးပိုင်း ရပ်ကွက်,Zay Paing Quarter,ward,5112,,no_exact_or_fuzzy,missing_local_after_rebind,0,1,1,"Township 5112 resolved, but no exact approved ward/village-tract identity matched; will not invent admin from postal text",,missing_local_admin_identity,township resolved; no exact inventory identity for locality,
1134216,linked_after_review,ရန်ကုန်တိုင်းဒေသကြီး,Yangon Region,ကွမ်းခြံကုန်း မြို့နယ်,Kungyangon Township,တောင်ကုန်း ကျေးရွာအုပ်စု,Taung Kone 1 Village Tract,village_tract,5112,,exact_my+en,deterministic_multi_create_pick,0,1,1,"Exact name matches Phase-3 approved create_mimu_placeholder / create_new, but no local_admin_area_id exists yet — do not invent id from postal text",,linked_after_review,multiple similar creates (2); deterministic pick village_tract:MMR013029017:row13947:village_tract_boundary_Yangon_v94.zip_mmr_ygn_polbnda_adm4_mimu_250k_1.shp,66d91f8e-2e34-43b7-8d9d-db72b1a79a08
1134241,linked_after_review,ရန်ကုန်တိုင်းဒေသကြီး,Yangon Region,ကွမ်းခြံကုန်း မြို့နယ်,Kungyangon Township,တောင်ကုန်း ကျေးရွာအုပ်စု,Taung Kone 2 Village Tract,village_tract,5112,,exact_my,deterministic_multi_create_pick,0,1,1,"Exact name matches Phase-3 approved create_mimu_placeholder / create_new, but no local_admin_area_id exists yet — do not invent id from postal text",,linked_after_review,multiple similar creates (2); deterministic pick village_tract:MMR013029017:row13947:village_tract_boundary_Yangon_v94.zip_mmr_ygn_polbnda_adm4_mimu_250k_1.shp,66d91f8e-2e34-43b7-8d9d-db72b1a79a08
1136216,missing_local_admin_identity,ရန်ကုန်တိုင်းဒေသကြီး,Yangon Region,မှော်ဘီ မြို့နယ်,Hmawbi Township,အင်ကြင်းကုန်း ကျေးရွာအုပ်စု,In Gyin Kone Village Tract,village_tract,5856,,no_exact_or_fuzzy,missing_local_after_rebind,0,1,1,"Township 5856 resolved, but no exact approved ward/village-tract identity matched; will not invent admin from postal text",,missing_local_admin_identity,township resolved; no exact inventory identity for locality,
1136226,missing_local_admin_identity,ရန်ကုန်တိုင်းဒေသကြီး,Yangon Region,မှော်ဘီ မြို့နယ်,Hmawbi Township,ဘွက်ကြီး ကျေးရွာအုပ်စု,Bwet Gyi Village Tract,village_tract,5856,,no_exact_or_fuzzy,missing_local_after_rebind,0,1,1,"Township 5856 resolved, but no exact approved ward/village-tract identity matched; will not invent admin from postal text",,missing_local_admin_identity,township resolved; no exact inventory identity for locality,
1137001,missing_local_admin_identity,ရန်ကုန်တိုင်းဒေသကြီး,Yangon Region,လှည်းကူး မြို့နယ်,Hlegu Township,အောင်မင်္ဂလာ ရပ်ကွက်,Aung Min Ga Lar Quarter,ward,5857,,no_exact_or_fuzzy,missing_local_after_rebind,0,1,1,"Township 5857 resolved, but no exact approved ward/village-tract identity matched; will not invent admin from postal text",,missing_local_admin_identity,township resolved; no exact inventory identity for locality,
1137002,missing_local_admin_identity,ရန်ကုန်တိုင်းဒေသကြီး,Yangon Region,လှည်းကူး မြို့နယ်,Hlegu Township,ပြည်တော်သာ ရပ်ကွက်,Pyi Taw Thar Quarter,ward,5857,,no_exact_or_fuzzy,missing_local_after_rebind,0,1,1,"Township 5857 resolved, but no exact approved ward/village-tract identity matched; will not invent admin from postal text",,missing_local_admin_identity,township resolved; no exact inventory identity for locality,
1137003,missing_local_admin_identity,ရန်ကုန်တိုင်းဒေသကြီး,Yangon Region,လှည်းကူး မြို့နယ်,Hlegu Township,သာသနာ့ရိပ်သာ ရပ်ကွက်,Thar Tha Na Yeik Thar Quarter,ward,5857,,no_exact_or_fuzzy,missing_local_after_rebind,0,1,1,"Township 5857 resolved, but no exact approved ward/village-tract identity matched; will not invent admin from postal text",,missing_local_admin_identity,township resolved; no exact inventory identity for locality,
1137004,missing_local_admin_identity,ရန်ကုန်တိုင်းဒေသကြီး,Yangon Region,လှည်းကူး မြို့နယ်,Hlegu Township,ဈေးပိုင်း ရပ်ကွက်,Zay Paing Quarter,ward,5857,,no_exact_or_fuzzy,missing_local_after_rebind,0,1,1,"Township 5857 resolved, but no exact approved ward/village-tract identity matched; will not invent admin from postal text",,missing_local_admin_identity,township resolved; no exact inventory identity for locality,
1137005,missing_local_admin_identity,ရန်ကုန်တိုင်းဒေသကြီး,Yangon Region,လှည်းကူး မြို့နယ်,Hlegu Township,မြို့မ ရပ်ကွက်,Myo Ma Quarter,ward,5857,,no_exact_or_fuzzy,missing_local_after_rebind,0,1,1,"Township 5857 resolved, but no exact approved ward/village-tract identity matched; will not invent admin from postal text",,missing_local_admin_identity,township resolved; no exact inventory identity for locality,
1137202,missing_local_admin_identity,ရန်ကုန်တိုင်းဒေသကြီး,Yangon Region,လှည်းကူး မြို့နယ်,Hlegu Township,ဝါးချောင်း (အရှေ့) ကျေးရွာအုပ်စု,War Chaung (East) Village Tract,village_tract,5857,,no_exact_or_fuzzy,missing_local_after_rebind,0,1,1,"Township 5857 resolved, but no exact approved ward/village-tract identity matched; will not invent admin from postal text",,missing_local_admin_identity,township resolved; no exact inventory identity for locality,
1137203,missing_local_admin_identity,ရန်ကုန်တိုင်းဒေသကြီး,Yangon Region,လှည်းကူး မြို့နယ်,Hlegu Township,ဝါးချောင်း (အနောက်) ကျေးရွာအုပ်စု,War Chaung (West) Village Tract,village_tract,5857,,no_exact_or_fuzzy,missing_local_after_rebind,0,1,1,"Township 5857 resolved, but no exact approved ward/village-tract identity matched; will not invent admin from postal text",,missing_local_admin_identity,township resolved; no exact inventory identity for locality,
1137204,missing_local_admin_identity,ရန်ကုန်တိုင်းဒေသကြီး,Yangon Region,လှည်းကူး မြို့နယ်,Hlegu Township,ပုတ်သင်ညို ကျေးရွာအုပ်စု,Poke Thin Nyo Village Tract,village_tract,5857,,no_exact_or_fuzzy,missing_local_after_rebind,0,1,1,"Township 5857 resolved, but no exact approved ward/village-tract identity matched; will not invent admin from postal text",,missing_local_admin_identity,township resolved; no exact inventory identity for locality,
1137218,missing_local_admin_identity,ရန်ကုန်တိုင်းဒေသကြီး,Yangon Region,လှည်းကူး မြို့နယ်,Hlegu Township,ဇရပ်ကွင်း ကျေးရွာအုပ်စု,Za Yat Kwin Village Tract,village_tract,5857,,no_exact_or_fuzzy,missing_local_after_rebind,0,1,1,"Township 5857 resolved, but no exact approved ward/village-tract identity matched; will not invent admin from postal text",,missing_local_admin_identity,township resolved; no exact inventory identity for locality,
1137237,missing_local_admin_identity,ရန်ကုန်တိုင်းဒေသကြီး,Yangon Region,လှည်းကူး မြို့နယ်,Hlegu Township,သခွတ်ပင် ကျေးရွာအုပ်စု,Tha Khut Pin Village Tract,village_tract,5857,,no_exact_or_fuzzy,missing_local_after_rebind,0,1,1,"Township 5857 resolved, but no exact approved ward/village-tract identity matched; will not invent admin from postal text",,missing_local_admin_identity,township resolved; no exact inventory identity for locality,
1137253,missing_local_admin_identity,ရန်ကုန်တိုင်းဒေသကြီး,Yangon Region,လှည်းကူး မြို့နယ်,Hlegu Township,ငွေနံ့သာ ကျေးရွာအုပ်စု,Ngwe Nant Thar Village Tract,village_tract,5857,,no_exact_or_fuzzy,missing_local_after_rebind,0,1,1,"Township 5857 resolved, but no exact approved ward/village-tract identity matched; will not invent admin from postal text",,missing_local_admin_identity,township resolved; no exact inventory identity for locality,
1138237,missing_local_admin_identity,ရန်ကုန်တိုင်းဒေသကြီး,Yangon Region,တိုက်ကြီး မြို့နယ်,Taikkyi Township,ရေတာလေး ကျေးရွာအုပ်စု,Yae Tar Lay (Kyoe Kyar) Village Tract,village_tract,7233,,no_exact_or_fuzzy,missing_local_after_rebind,0,1,1,"Township 7233 resolved, but no exact approved ward/village-tract identity matched; will not invent admin from postal text",,missing_local_admin_identity,township resolved; no exact inventory identity for locality,
1138274,missing_local_admin_identity,ရန်ကုန်တိုင်းဒေသကြီး,Yangon Region,တိုက်ကြီး မြို့နယ်,Taikkyi Township,မလေးရှားဝိုင် ကျေးရွာအုပ်စု,Ma Lay Shar Waing Village Tract,village_tract,7233,,no_exact_or_fuzzy,missing_local_after_rebind,0,1,1,"Township 7233 resolved, but no exact approved ward/village-tract identity matched; will not invent admin from postal text",,missing_local_admin_identity,township resolved; no exact inventory identity for locality,
1139001,missing_local_admin_identity,ရန်ကုန်တိုင်းဒေသကြီး,Yangon Region,ထန်းတပင် မြို့နယ်,Htantabin Township,အမှတ် (၁) ရပ်ကွက်,No (1) Quarter,ward,7298,,no_exact_or_fuzzy,missing_local_after_rebind,0,1,1,"Township 7298 resolved, but no exact approved ward/village-tract identity matched; will not invent admin from postal text",,missing_local_admin_identity,township resolved; no exact inventory identity for locality,
1139002,missing_local_admin_identity,ရန်ကုန်တိုင်းဒေသကြီး,Yangon Region,ထန်းတပင် မြို့နယ်,Htantabin Township,အမှတ် (၂) ရပ်ကွက်,No (2) Quarter,ward,7298,,no_exact_or_fuzzy,missing_local_after_rebind,0,1,1,"Township 7298 resolved, but no exact approved ward/village-tract identity matched; will not invent admin from postal text",,missing_local_admin_identity,township resolved; no exact inventory identity for locality,
1139003,missing_local_admin_identity,ရန်ကုန်တိုင်းဒေသကြီး,Yangon Region,ထန်းတပင် မြို့နယ်,Htantabin Township,အမှတ် (၃) ရပ်ကွက်,No (3) Quarter,ward,7298,,no_exact_or_fuzzy,missing_local_after_rebind,0,1,1,"Township 7298 resolved, but no exact approved ward/village-tract identity matched; will not invent admin from postal text",,missing_local_admin_identity,township resolved; no exact inventory identity for locality,
1139004,missing_local_admin_identity,ရန်ကုန်တိုင်းဒေသကြီး,Yangon Region,ထန်းတပင် မြို့နယ်,Htantabin Township,အမှတ် (၄) ရပ်ကွက်,No (4) Quarter,ward,7298,,no_exact_or_fuzzy,missing_local_after_rebind,0,1,1,"Township 7298 resolved, but no exact approved ward/village-tract identity matched; will not invent admin from postal text",,missing_local_admin_identity,township resolved; no exact inventory identity for locality,
1139005,missing_local_admin_identity,ရန်ကုန်တိုင်းဒေသကြီး,Yangon Region,ထန်းတပင် မြို့နယ်,Htantabin Township,အမှတ် (၅) ရပ်ကွက်,No (5) Quarter,ward,7298,,no_exact_or_fuzzy,missing_local_after_rebind,0,1,1,"Township 7298 resolved, but no exact approved ward/village-tract identity matched; will not invent admin from postal text",,missing_local_admin_identity,township resolved; no exact inventory identity for locality,
1139212,missing_local_admin_identity,ရန်ကုန်တိုင်းဒေသကြီး,Yangon Region,ထန်းတပင် မြို့နယ်,Htantabin Township,ချောင်းညီအစ်ကို ကျေးရွာအုပ်စု,Chaung Nyi Ah Ko Village Tract,village_tract,7298,,no_exact_or_fuzzy,missing_local_after_rebind,0,1,1,"Township 7298 resolved, but no exact approved ward/village-tract identity matched; will not invent admin from postal text",,missing_local_admin_identity,township resolved; no exact inventory identity for locality,
1139245,missing_local_admin_identity,ရန်ကုန်တိုင်းဒေသကြီး,Yangon Region,ထန်းတပင် မြို့နယ်,Htantabin Township,တူးချောင်း ကျေးရွာအုပ်စု,Tu Chaung Village Tract,village_tract,7298,,no_exact_or_fuzzy,missing_local_after_rebind,0,1,1,"Township 7298 resolved, but no exact approved ward/village-tract identity matched; will not invent admin from postal text",,missing_local_admin_identity,township resolved; no exact inventory identity for locality,
1140204,missing_local_admin_identity,ရန်ကုန်တိုင်းဒေသကြီး,Yangon Region,- | လှိုင်သာယာ(အရှေ့) မြို့နယ်,- | Hlaingtharya(East) Township,ရေဥက္ကံ ကျေးရွာအုပ်စု | ဥက္ကံသောင်ကြား (ရေဥက္ကံ) ကျေးရွာအုပ်စု,Oke Kan Thaung Kyar (Yae Oke Kan) Village Tract | Yae Oke Kan Village Tract,village_tract,5659,,no_exact_or_fuzzy,missing_local_after_rebind,2,2,2,"Township 5659 resolved, but no exact approved ward/village-tract identity matched; will not invent admin from postal text",,missing_local_admin_identity,township resolved; no exact inventory identity for locality,
1143203,missing_local_admin_identity,ရန်ကုန်တိုင်းဒေသကြီး,Yangon Region,ဒဂုံမြို့သစ် (တောင်ပိုင်း) မြို့နယ်,Dagon Myothit (South) Township,စိုက်ပျိုးမွေးမြူရေးကျေးရွာအမှတ် (၁) ကျေးရွာအုပ်စု,Saik Pyo Mway Myu Yay Kyay Ywar (1) Village Tract,village_tract,5231,,no_exact_or_fuzzy,missing_local_after_rebind,0,1,1,"Township 5231 resolved, but no exact approved ward/village-tract identity matched; will not invent admin from postal text",,missing_local_admin_identity,township resolved; no exact inventory identity for locality,
1144200,missing_local_admin_identity,ရန်ကုန်တိုင်းဒေသကြီး,Yangon Region,ဒဂုံမြို့သစ် (ဆိပ်ကမ်း) မြို့နယ်,Dagon Myothit (Seikkan) Township,ကျီစု (အရှေ့) ကျေးရွာအုပ်စု,Kyi Su (East) Village Tract,village_tract,5213,,no_exact_or_fuzzy,missing_local_after_rebind,0,1,1,"Township 5213 resolved, but no exact approved ward/village-tract identity matched; will not invent admin from postal text",,missing_local_admin_identity,township resolved; no exact inventory identity for locality,
1144201,missing_local_admin_identity,ရန်ကုန်တိုင်းဒေသကြီး,Yangon Region,ဒဂုံမြို့သစ် (ဆိပ်ကမ်း) မြို့နယ်,Dagon Myothit (Seikkan) Township,ညောင်ပင် ကျေးရွာအုပ်စု,Nyaung Pin Village Tract,village_tract,5213,,no_exact_or_fuzzy,missing_local_after_rebind,0,1,1,"Township 5213 resolved, but no exact approved ward/village-tract identity matched; will not invent admin from postal text",,missing_local_admin_identity,township resolved; no exact inventory identity for locality,
1144202,missing_local_admin_identity,ရန်ကုန်တိုင်းဒေသကြီး,Yangon Region,ဒဂုံမြို့သစ် (ဆိပ်ကမ်း) မြို့နယ်,Dagon Myothit (Seikkan) Township,သရက်ပင်ချောင် ကျေးရွာအုပ်စု,Tha Yet Pin Chaung Village Tract,village_tract,5213,,no_exact_or_fuzzy,missing_local_after_rebind,0,1,1,"Township 5213 resolved, but no exact approved ward/village-tract identity matched; will not invent admin from postal text",,missing_local_admin_identity,township resolved; no exact inventory identity for locality,
1144203,missing_local_admin_identity,ရန်ကုန်တိုင်းဒေသကြီး,Yangon Region,ဒဂုံမြို့သစ် (ဆိပ်ကမ်း) မြို့နယ်,Dagon Myothit (Seikkan) Township,ဒလဘမ်း ကျေးရွာအုပ်စု,Da La Ban Village Tract,village_tract,5213,,no_exact_or_fuzzy,missing_local_after_rebind,0,1,1,"Township 5213 resolved, but no exact approved ward/village-tract identity matched; will not invent admin from postal text",,missing_local_admin_identity,township resolved; no exact inventory identity for locality,
1145016,missing_local_admin_identity,ရန်ကုန်တိုင်းဒေသကြီး,Yangon Region,ဒဂုံမြို့သစ် (အရှေ့ပိုင်း) မြို့နယ်,Dagon Myothit (East) Township,အမှတ် (၁၆) (အရှေ့ပိုင်း) ရပ်ကွက်,No (16)(East) Quarter,ward,5165,,no_exact_or_fuzzy,missing_local_after_rebind,0,1,1,"Township 5165 resolved, but no exact approved ward/village-tract identity matched; will not invent admin from postal text",,missing_local_admin_identity,township resolved; no exact inventory identity for locality,
1161001,non_admin_postal_locality,ရန်ကုန်တိုင်းဒေသကြီး,Yangon Region,တံတား မြို့,Tadar Town,အမှတ် (၁) ရပ်ကွက်,No (1) Quarter,ward,,,township_unresolved,non_admin_unresolved_township_name,0,1,1,Could not resolve approved CoreMap township from postal region/township names; local match skipped (township must resolve first),,non_admin_postal_locality,township name unresolved as CoreMap township; locality treated as non-admin postal place/town,
1161002,non_admin_postal_locality,ရန်ကုန်တိုင်းဒေသကြီး,Yangon Region,တံတား မြို့,Tadar Town,အမှတ် (၂) ရပ်ကွက်,No (2) Quarter,ward,,,township_unresolved,non_admin_unresolved_township_name,0,1,1,Could not resolve approved CoreMap township from postal region/township names; local match skipped (township must resolve first),,non_admin_postal_locality,township name unresolved as CoreMap township; locality treated as non-admin postal place/town,
1161003,non_admin_postal_locality,ရန်ကုန်တိုင်းဒေသကြီး,Yangon Region,တံတား မြို့,Tadar Town,အမှတ် (၃) ရပ်ကွက်,No (3) Quarter,ward,,,township_unresolved,non_admin_unresolved_township_name,0,1,1,Could not resolve approved CoreMap township from postal region/township names; local match skipped (township must resolve first),,non_admin_postal_locality,township name unresolved as CoreMap township; locality treated as non-admin postal place/town,
1161004,non_admin_postal_locality,ရန်ကုန်တိုင်းဒေသကြီး,Yangon Region,တံတား မြို့,Tadar Town,အမှတ် (၄) ရပ်ကွက်,No (4) Quarter,ward,,,township_unresolved,non_admin_unresolved_township_name,0,1,1,Could not resolve approved CoreMap township from postal region/township names; local match skipped (township must resolve first),,non_admin_postal_locality,township name unresolved as CoreMap township; locality treated as non-admin postal place/town,
1162001,non_admin_postal_locality,ရန်ကုန်တိုင်းဒေသကြီး,Yangon Region,ဥက္ကံ မြို့,Okekan Town,ကျန်စစ်သား ရပ်ကွက်,Kyan Sit Thar Quarter,ward,,,township_unresolved,non_admin_unresolved_township_name,0,1,1,Could not resolve approved CoreMap township from postal region/township names; local match skipped (township must resolve first),,non_admin_postal_locality,township name unresolved as CoreMap township; locality treated as non-admin postal place/town,
1162002,non_admin_postal_locality,ရန်ကုန်တိုင်းဒေသကြီး,Yangon Region,ဥက္ကံ မြို့,Okekan Town,ဦးအောင်ဇေယျ ရပ်ကွက်,U Aung Zay Ya Quarter,ward,,,township_unresolved,non_admin_unresolved_township_name,0,1,1,Could not resolve approved CoreMap township from postal region/township names; local match skipped (township must resolve first),,non_admin_postal_locality,township name unresolved as CoreMap township; locality treated as non-admin postal place/town,
1162003,non_admin_postal_locality,ရန်ကုန်တိုင်းဒေသကြီး,Yangon Region,ဥက္ကံ မြို့,Okekan Town,အနော်ရထာ ရပ်ကွက်,Ah Naw Ra Htar Quarter,ward,,,township_unresolved,non_admin_unresolved_township_name,0,1,1,Could not resolve approved CoreMap township from postal region/township names; local match skipped (township must resolve first),,non_admin_postal_locality,township name unresolved as CoreMap township; locality treated as non-admin postal place/town,
1162004,non_admin_postal_locality,ရန်ကုန်တိုင်းဒေသကြီး,Yangon Region,ဥက္ကံ မြို့,Okekan Town,ဗန္ဓုလ ရပ်ကွက်,Ban Du La Quarter,ward,,,township_unresolved,non_admin_unresolved_township_name,0,1,1,Could not resolve approved CoreMap township from postal region/township names; local match skipped (township must resolve first),,non_admin_postal_locality,township name unresolved as CoreMap township; locality treated as non-admin postal place/town,
1162005,non_admin_postal_locality,ရန်ကုန်တိုင်းဒေသကြီး,Yangon Region,ဥက္ကံ မြို့,Okekan Town,ဗိုလ်ချုပ်အောင်ဆန်း ရပ်ကွက်,Bo Gyoke Aung San Quarter,ward,,,township_unresolved,non_admin_unresolved_township_name,0,1,1,Could not resolve approved CoreMap township from postal region/township names; local match skipped (township must resolve first),,non_admin_postal_locality,township name unresolved as CoreMap township; locality treated as non-admin postal place/town,
1162006,non_admin_postal_locality,ရန်ကုန်တိုင်းဒေသကြီး,Yangon Region,ဥက္ကံ မြို့,Okekan Town,ဆင်ဖြူရှင် ရပ်ကွက်,Sin Hpyu Shin Quarter,ward,,,township_unresolved,non_admin_unresolved_township_name,0,1,1,Could not resolve approved CoreMap township from postal region/township names; local match skipped (township must resolve first),,non_admin_postal_locality,township name unresolved as CoreMap township; locality treated as non-admin postal place/town,
1162007,non_admin_postal_locality,ရန်ကုန်တိုင်းဒေသကြီး,Yangon Region,ဥက္ကံ မြို့,Okekan Town,ဘုရင့်နောင် ရပ်ကွက်,Ba Yint Naung Quarter,ward,,,township_unresolved,non_admin_unresolved_township_name,0,1,1,Could not resolve approved CoreMap township from postal region/township names; local match skipped (township must resolve first),,non_admin_postal_locality,township name unresolved as CoreMap township; locality treated as non-admin postal place/town,
1162008,non_admin_postal_locality,ရန်ကုန်တိုင်းဒေသကြီး,Yangon Region,ဥက္ကံ မြို့,Okekan Town,မင်းရဲကျော်စွာ ရပ်ကွက်,Min Ye Kyaw Swar Quarter,ward,,,township_unresolved,non_admin_unresolved_township_name,0,1,1,Could not resolve approved CoreMap township from postal region/township names; local match skipped (township must resolve first),,non_admin_postal_locality,township name unresolved as CoreMap township; locality treated as non-admin postal place/town,
1163001,non_admin_postal_locality,ရန်ကုန်တိုင်းဒေသကြီး,Yangon Region,အဖျောက် မြို့,Ahpyauk Town,အမှတ် (၁) ရပ်ကွက်,No (1) Quarter,ward,,,township_unresolved,non_admin_unresolved_township_name,0,1,1,Could not resolve approved CoreMap township from postal region/township names; local match skipped (township must resolve first),,non_admin_postal_locality,township name unresolved as CoreMap township; locality treated as non-admin postal place/town,
1163002,non_admin_postal_locality,ရန်ကုန်တိုင်းဒေသကြီး,Yangon Region,အဖျောက် မြို့,Ahpyauk Town,အမှတ် (၂) ရပ်ကွက်,No (2) Quarter,ward,,,township_unresolved,non_admin_unresolved_township_name,0,1,1,Could not resolve approved CoreMap township from postal region/township names; local match skipped (township must resolve first),,non_admin_postal_locality,township name unresolved as CoreMap township; locality treated as non-admin postal place/town,
1163003,non_admin_postal_locality,ရန်ကုန်တိုင်းဒေသကြီး,Yangon Region,အဖျောက် မြို့,Ahpyauk Town,အမှတ် (၃) ရပ်ကွက်,No (3) Quarter,ward,,,township_unresolved,non_admin_unresolved_township_name,0,1,1,Could not resolve approved CoreMap township from postal region/township names; local match skipped (township must resolve first),,non_admin_postal_locality,township name unresolved as CoreMap township; locality treated as non-admin postal place/town,
1163004,non_admin_postal_locality,ရန်ကုန်တိုင်းဒေသကြီး,Yangon Region,အဖျောက် မြို့,Ahpyauk Town,အမှတ် (၄) ရပ်ကွက်,No (4) Quarter,ward,,,township_unresolved,non_admin_unresolved_township_name,0,1,1,Could not resolve approved CoreMap township from postal region/township names; local match skipped (township must resolve first),,non_admin_postal_locality,township name unresolved as CoreMap township; locality treated as non-admin postal place/town,
1202222,missing_local_admin_identity,မွန်ပြည်နယ်,Mon State,ကျိုက်ထို မြို့နယ်,Kyaikto Township,သိမ်ဇရပ် ကျေးရွာအုပ်စု,Thein Za Yat Village Tract,village_tract,5889,,no_exact_or_fuzzy,missing_local_after_rebind,0,1,1,"Township 5889 resolved, but no exact approved ward/village-tract identity matched; will not invent admin from postal text",,missing_local_admin_identity,township resolved; no exact inventory identity for locality,
1202223,missing_local_admin_identity,မွန်ပြည်နယ်,Mon State,ကျိုက်ထို မြို့နယ်,Kyaikto Township,ကျောက်ကလပ် ကျေးရွာအုပ်စု,Kyauk Ka Lat Village Tract,village_tract,5889,,no_exact_or_fuzzy,missing_local_after_rebind,0,1,1,"Township 5889 resolved, but no exact approved ward/village-tract identity matched; will not invent admin from postal text",,missing_local_admin_identity,township resolved; no exact inventory identity for locality,
1202235,missing_local_admin_identity,မွန်ပြည်နယ်,Mon State,ကျိုက်ထို မြို့နယ်,Kyaikto Township,ကျိုက်ထီးရိုးရင်ပြင်တော် ကျေးရွာအုပ်စု,Kyike Htee Yoe Yinpyintaw Village Tract,village_tract,5889,,no_exact_or_fuzzy,missing_local_after_rebind,0,1,1,"Township 5889 resolved, but no exact approved ward/village-tract identity matched; will not invent admin from postal text",,missing_local_admin_identity,township resolved; no exact inventory identity for locality,
1204200,missing_local_admin_identity,မွန်ပြည်နယ်,Mon State,သထုံ မြို့နယ်,Thaton Township,တောင်ကြား ကျေးရွာအုပ်စု,Taung Kyar Village Tract,village_tract,5053,,no_exact_or_fuzzy,missing_local_after_rebind,0,1,1,"Township 5053 resolved, but no exact approved ward/village-tract identity matched; will not invent admin from postal text",,missing_local_admin_identity,township resolved; no exact inventory identity for locality,
1204210,missing_local_admin_identity,မွန်ပြည်နယ်,Mon State,သထုံ မြို့နယ်,Thaton Township,သိမ်ဆိပ် ကျေးရွာအုပ်စု,Thein Seik Village Tract,village_tract,5053,,no_exact_or_fuzzy,missing_local_after_rebind,0,1,1,"Township 5053 resolved, but no exact approved ward/village-tract identity matched; will not invent admin from postal text",,missing_local_admin_identity,township resolved; no exact inventory identity for locality,
1204211,missing_local_admin_identity,မွန်ပြည်နယ်,Mon State,သထုံ မြို့နယ်,Thaton Township,ကျိုက္ကော် ကျေးရွာအုပ်စု,Kyaik Kaw Village Tract,village_tract,5053,,no_exact_or_fuzzy,missing_local_after_rebind,0,1,1,"Township 5053 resolved, but no exact approved ward/village-tract identity matched; will not invent admin from postal text",,missing_local_admin_identity,township resolved; no exact inventory identity for locality,
1204244,linked_after_review,မွန်ပြည်နယ်,Mon State,သထုံ မြို့နယ်,Thaton Township,ဈေးမသွယ် (အထက်) ကျေးရွာအုပ်စု,Zay Ma Thwei (Lower) Village Tract,village_tract,5053,,exact_en,deterministic_multi_create_pick,0,1,1,"Exact name matches Phase-3 approved create_mimu_placeholder / create_new, but no local_admin_area_id exists yet — do not invent id from postal text",,linked_after_review,multiple similar creates (2); deterministic pick village_tract:MMR011007045:row8498:village_tract_boundary_Mon_v94.zip_mmr_mon_polbnda_adm4_unicef_mimu_250k.shp,270e6e24-8e4a-4db5-b8bf-e872a59717b3
1204245,linked_after_review,မွန်ပြည်နယ်,Mon State,သထုံ မြို့နယ်,Thaton Township,ဈေးမသွယ် (အောက်) ကျေးရွာအုပ်စု,Zay Ma Thwei (Upper) Village Tract,village_tract,5053,,exact_my,deterministic_multi_create_pick,0,1,1,"Exact name matches Phase-3 approved create_mimu_placeholder / create_new, but no local_admin_area_id exists yet — do not invent id from postal text",,linked_after_review,multiple similar creates (2); deterministic pick village_tract:MMR011007045:row8498:village_tract_boundary_Mon_v94.zip_mmr_mon_polbnda_adm4_unicef_mimu_250k.shp,270e6e24-8e4a-4db5-b8bf-e872a59717b3
1204249,missing_local_admin_identity,မွန်ပြည်နယ်,Mon State,သထုံ မြို့နယ်,Thaton Township,သုဓမ္မဝတီ ကျေးရွာအုပ်စု,Thu Damah Wady Village Tract,village_tract,5053,,no_exact_or_fuzzy,missing_local_after_rebind,0,1,1,"Township 5053 resolved, but no exact approved ward/village-tract identity matched; will not invent admin from postal text",,missing_local_admin_identity,township resolved; no exact inventory identity for locality,
1205208,missing_local_admin_identity,မွန်ပြည်နယ်,Mon State,ပေါင် မြို့နယ်,Paung Township,ဇင်းကျိုက် ကျေးရွာအုပ်စု,Zin Kyaik Village Tract,village_tract,5055,,no_exact_or_fuzzy,missing_local_after_rebind,0,1,1,"Township 5055 resolved, but no exact approved ward/village-tract identity matched; will not invent admin from postal text",,missing_local_admin_identity,township resolved; no exact inventory identity for locality,
1207004,missing_local_admin_identity,မွန်ပြည်နယ်,Mon State,ကျိုက်မရော မြို့နယ်,Kyaikmaraw Township,အောင်သုခ ရပ်ကွက်,Aung Thu Kha Quarter,ward,5098,,no_exact_or_fuzzy,missing_local_after_rebind,0,1,1,"Township 5098 resolved, but no exact approved ward/village-tract identity matched; will not invent admin from postal text",,missing_local_admin_identity,township resolved; no exact inventory identity for locality,
1207231,missing_local_admin_identity,မွန်ပြည်နယ်,Mon State,ကျိုက်မရော မြို့နယ်,Kyaikmaraw Township,ညောင်ပင်ဆိပ် ကျေးရွာအုပ်စု,Nyaung Pin Seik Village Tract,village_tract,5098,,no_exact_or_fuzzy,missing_local_after_rebind,0,1,1,"Township 5098 resolved, but no exact approved ward/village-tract identity matched; will not invent admin from postal text",,missing_local_admin_identity,township resolved; no exact inventory identity for locality,
1208221,missing_local_admin_identity,မွန်ပြည်နယ်,Mon State,မုဒုံ မြို့နယ်,Mudon Township,ဂုံညင်းတန်း ကျေးရွာအုပ်စု,Gon Hnyin Tan Village Tract,village_tract,5108,,no_exact_or_fuzzy,missing_local_after_rebind,0,1,1,"Township 5108 resolved, but no exact approved ward/village-tract identity matched; will not invent admin from postal text",,missing_local_admin_identity,township resolved; no exact inventory identity for locality,
1208222,missing_local_admin_identity,မွန်ပြည်နယ်,Mon State,မုဒုံ မြို့နယ်,Mudon Township,သိမ်ကုန်း ကျေးရွာအုပ်စု,Thein Kone Village Tract,village_tract,5108,,no_exact_or_fuzzy,missing_local_after_rebind,0,1,1,"Township 5108 resolved, but no exact approved ward/village-tract identity matched; will not invent admin from postal text",,missing_local_admin_identity,township resolved; no exact inventory identity for locality,
1208223,missing_local_admin_identity,မွန်ပြည်နယ်,Mon State,မုဒုံ မြို့နယ်,Mudon Township,ကမာဝက် ကျေးရွာအုပ်စု,Ka Mar Wet Village Tract,village_tract,5108,,no_exact_or_fuzzy,missing_local_after_rebind,0,1,1,"Township 5108 resolved, but no exact approved ward/village-tract identity matched; will not invent admin from postal text",,missing_local_admin_identity,township resolved; no exact inventory identity for locality,
1208224,missing_local_admin_identity,မွန်ပြည်နယ်,Mon State,မုဒုံ မြို့နယ်,Mudon Township,ထောင်ကေး ကျေးရွာအုပ်စု,Htaung Kay Village Tract,village_tract,5108,,no_exact_or_fuzzy,missing_local_after_rebind,0,1,1,"Township 5108 resolved, but no exact approved ward/village-tract identity matched; will not invent admin from postal text",,missing_local_admin_identity,township resolved; no exact inventory identity for locality,
1208225,missing_local_admin_identity,မွန်ပြည်နယ်,Mon State,မုဒုံ မြို့နယ်,Mudon Township,စိန်တောင် ကျေးရွာအုပ်စု,Sein Taung Village Tract,village_tract,5108,,no_exact_or_fuzzy,missing_local_after_rebind,0,1,1,"Township 5108 resolved, but no exact approved ward/village-tract identity matched; will not invent admin from postal text",,missing_local_admin_identity,township resolved; no exact inventory identity for locality,
1260001,non_admin_postal_locality,မွန်ပြည်နယ်,Mon State,သိမ်ဇရပ် မြို့,Thein Za Yat Town,အမှတ် (၁) ရပ်ကွက်,No (1) Quarter,ward,,,township_unresolved,non_admin_unresolved_township_name,0,1,1,Could not resolve approved CoreMap township from postal region/township names; local match skipped (township must resolve first),,non_admin_postal_locality,township name unresolved as CoreMap township; locality treated as non-admin postal place/town,
1260002,non_admin_postal_locality,မွန်ပြည်နယ်,Mon State,သိမ်ဇရပ် မြို့,Thein Za Yat Town,အမှတ် (၂) ရပ်ကွက်,No (2) Quarter,ward,,,township_unresolved,non_admin_unresolved_township_name,0,1,1,Could not resolve approved CoreMap township from postal region/township names; local match skipped (township must resolve first),,non_admin_postal_locality,township name unresolved as CoreMap township; locality treated as non-admin postal place/town,
1260003,non_admin_postal_locality,မွန်ပြည်နယ်,Mon State,သိမ်ဇရပ် မြို့,Thein Za Yat Town,အမှတ် (၃) ရပ်ကွက်,No (3) Quarter,ward,,,township_unresolved,non_admin_unresolved_township_name,0,1,1,Could not resolve approved CoreMap township from postal region/township names; local match skipped (township must resolve first),,non_admin_postal_locality,township name unresolved as CoreMap township; locality treated as non-admin postal place/town,
1260004,non_admin_postal_locality,မွန်ပြည်နယ်,Mon State,သိမ်ဇရပ် မြို့,Thein Za Yat Town,အမှတ် (၄) ရပ်ကွက်,No (4) Ward Quarter,ward,,,township_unresolved,non_admin_unresolved_township_name,0,1,1,Could not resolve approved CoreMap township from postal region/township names; local match skipped (township must resolve first),,non_admin_postal_locality,township name unresolved as CoreMap township; locality treated as non-admin postal place/town,
1261001,non_admin_postal_locality,မွန်ပြည်နယ်,Mon State,သုဝဏ္ဏဝတီ မြို့,Thuwunnawady Town,သိမ်ဆိပ် ရပ်ကွက်,Thein Seik Quarter,ward,,,township_unresolved,non_admin_unresolved_township_name,0,1,1,Could not resolve approved CoreMap township from postal region/township names; local match skipped (township must resolve first),,non_admin_postal_locality,township name unresolved as CoreMap township; locality treated as non-admin postal place/town,
1261002,non_admin_postal_locality,မွန်ပြည်နယ်,Mon State,သုဝဏ္ဏဝတီ မြို့,Thuwunnawady Town,ကျိုက္ကော် ရပ်ကွက်,Kyeik Kaw Quarter,ward,,,township_unresolved,non_admin_unresolved_township_name,0,1,1,Could not resolve approved CoreMap township from postal region/township names; local match skipped (township must resolve first),,non_admin_postal_locality,township name unresolved as CoreMap township; locality treated as non-admin postal place/town,
1261003,non_admin_postal_locality,မွန်ပြည်နယ်,Mon State,သုဝဏ္ဏဝတီ မြို့,Thuwunnawady Town,တောင်ကြား ရပ်ကွက်,Taung Kyar Quarter,ward,,,township_unresolved,non_admin_unresolved_township_name,0,1,1,Could not resolve approved CoreMap township from postal region/township names; local match skipped (township must resolve first),,non_admin_postal_locality,township name unresolved as CoreMap township; locality treated as non-admin postal place/town,
1262001,non_admin_postal_locality,မွန်ပြည်နယ်,Mon State,ဇင်းကျိုက် မြို့,Zinkyaik Town,ဇင်းကျိုက် ရပ်ကွက်,Zinkyaik Quarter,ward,,,township_unresolved,non_admin_unresolved_township_name,0,1,1,Could not resolve approved CoreMap township from postal region/township names; local match skipped (township must resolve first),,non_admin_postal_locality,township name unresolved as CoreMap township; locality treated as non-admin postal place/town,
1262002,non_admin_postal_locality,မွန်ပြည်နယ်,Mon State,ဇင်းကျိုက် မြို့,Zinkyaik Town,ခလောက်အင်း ရပ်ကွက်,Kha Lauk Inn Quarter,ward,,,township_unresolved,non_admin_unresolved_township_name,0,1,1,Could not resolve approved CoreMap township from postal region/township names; local match skipped (township must resolve first),,non_admin_postal_locality,township name unresolved as CoreMap township; locality treated as non-admin postal place/town,
1262003,non_admin_postal_locality,မွန်ပြည်နယ်,Mon State,ဇင်းကျိုက် မြို့,Zinkyaik Town,ဖလပ် ရပ်ကွက်,Hpa Lup Quarter,ward,,,township_unresolved,non_admin_unresolved_township_name,0,1,1,Could not resolve approved CoreMap township from postal region/township names; local match skipped (township must resolve first),,non_admin_postal_locality,township name unresolved as CoreMap township; locality treated as non-admin postal place/town,
1262004,non_admin_postal_locality,မွန်ပြည်နယ်,Mon State,ဇင်းကျိုက် မြို့,Zinkyaik Town,ဆားဖိုစု ရပ်ကွက်,Sar Hpo Su Quarter,ward,,,township_unresolved,non_admin_unresolved_township_name,0,1,1,Could not resolve approved CoreMap township from postal region/township names; local match skipped (township must resolve first),,non_admin_postal_locality,township name unresolved as CoreMap township; locality treated as non-admin postal place/town,
1263001,non_admin_postal_locality,မွန်ပြည်နယ်,Mon State,ကမာ၀က် မြို့,Kamarwet Town,ကမာဝက် ရပ်ကွက်,Ka Mar Wet Quarter,ward,,,township_unresolved,non_admin_unresolved_township_name,0,1,1,Could not resolve approved CoreMap township from postal region/township names; local match skipped (township must resolve first),,non_admin_postal_locality,township name unresolved as CoreMap township; locality treated as non-admin postal place/town,
1263002,non_admin_postal_locality,မွန်ပြည်နယ်,Mon State,ကမာ၀က် မြို့,Kamarwet Town,သိမ်ကုန်း ရပ်ကွက်,Thein Kone Quarter,ward,,,township_unresolved,non_admin_unresolved_township_name,0,1,1,Could not resolve approved CoreMap township from postal region/township names; local match skipped (township must resolve first),,non_admin_postal_locality,township name unresolved as CoreMap township; locality treated as non-admin postal place/town,
1263003,non_admin_postal_locality,မွန်ပြည်နယ်,Mon State,ကမာ၀က် မြို့,Kamarwet Town,စိန်တောင် ရပ်ကွက်,Sein Taung Quarter,ward,,,township_unresolved,non_admin_unresolved_township_name,0,1,1,Could not resolve approved CoreMap township from postal region/township names; local match skipped (township must resolve first),,non_admin_postal_locality,township name unresolved as CoreMap township; locality treated as non-admin postal place/town,
1263004,non_admin_postal_locality,မွန်ပြည်နယ်,Mon State,ကမာ၀က် မြို့,Kamarwet Town,ထောင်ကေး ရပ်ကွက်,Htaung Kay Quarter,ward,,,township_unresolved,non_admin_unresolved_township_name,0,1,1,Could not resolve approved CoreMap township from postal region/township names; local match skipped (township must resolve first),,non_admin_postal_locality,township name unresolved as CoreMap township; locality treated as non-admin postal place/town,
1263005,non_admin_postal_locality,မွန်ပြည်နယ်,Mon State,ကမာ၀က် မြို့,Kamarwet Town,ဂုံညင်းတန်း ရပ်ကွက်,Gon Nyin Tan Quarter,ward,,,township_unresolved,non_admin_unresolved_township_name,0,1,1,Could not resolve approved CoreMap township from postal region/township names; local match skipped (township must resolve first),,non_admin_postal_locality,township name unresolved as CoreMap township; locality treated as non-admin postal place/town,
1265001,non_admin_postal_locality,မွန်ပြည်နယ်,Mon State,လမိုင်း မြို့,Lamaing Town,အမှတ်(၁) ရပ်ကွက်,No (1) Quarter,ward,,,township_unresolved,non_admin_unresolved_township_name,0,1,1,Could not resolve approved CoreMap township from postal region/township names; local match skipped (township must resolve first),,non_admin_postal_locality,township name unresolved as CoreMap township; locality treated as non-admin postal place/town,
1265002,non_admin_postal_locality,မွန်ပြည်နယ်,Mon State,လမိုင်း မြို့,Lamaing Town,အမှတ်(၂) ရပ်ကွက်,No (2) Quarter,ward,,,township_unresolved,non_admin_unresolved_township_name,0,1,1,Could not resolve approved CoreMap township from postal region/township names; local match skipped (township must resolve first),,non_admin_postal_locality,township name unresolved as CoreMap township; locality treated as non-admin postal place/town,
1265003,non_admin_postal_locality,မွန်ပြည်နယ်,Mon State,လမိုင်း မြို့,Lamaing Town,အမှတ်(၃) ရပ်ကွက်,No (3) Quarter,ward,,,township_unresolved,non_admin_unresolved_township_name,0,1,1,Could not resolve approved CoreMap township from postal region/township names; local match skipped (township must resolve first),,non_admin_postal_locality,township name unresolved as CoreMap township; locality treated as non-admin postal place/town,
1266001,non_admin_postal_locality,မွန်ပြည်နယ်,Mon State,ခေါဇာ မြို့,Khawzar Town,အမှတ်(၁) ရပ်ကွက်,No (1) Quarter,ward,,,township_unresolved,non_admin_unresolved_township_name,0,1,1,Could not resolve approved CoreMap township from postal region/township names; local match skipped (township must resolve first),,non_admin_postal_locality,township name unresolved as CoreMap township; locality treated as non-admin postal place/town,
1266002,non_admin_postal_locality,မွန်ပြည်နယ်,Mon State,ခေါဇာ မြို့,Khawzar Town,အမှတ်(၂) ရပ်ကွက်,No (2) Quarter,ward,,,township_unresolved,non_admin_unresolved_township_name,0,1,1,Could not resolve approved CoreMap township from postal region/township names; local match skipped (township must resolve first),,non_admin_postal_locality,township name unresolved as CoreMap township; locality treated as non-admin postal place/town,
1302001,missing_local_admin_identity,ကရင်ပြည်နယ်,Kayin State,သံတောင်ကြီး မြို့နယ်,Thandaunggyi Township,အမှတ် (၁) ရပ်ကွက်,No (1) Quarter,ward,6018,,no_exact_or_fuzzy,missing_local_after_rebind,0,1,1,"Township 6018 resolved, but no exact approved ward/village-tract identity matched; will not invent admin from postal text",,missing_local_admin_identity,township resolved; no exact inventory identity for locality,
1302002,missing_local_admin_identity,ကရင်ပြည်နယ်,Kayin State,သံတောင်ကြီး မြို့နယ်,Thandaunggyi Township,အမှတ် (၂) ရပ်ကွက်,No (2) Quarter,ward,6018,,no_exact_or_fuzzy,missing_local_after_rebind,0,1,1,"Township 6018 resolved, but no exact approved ward/village-tract identity matched; will not invent admin from postal text",,missing_local_admin_identity,township resolved; no exact inventory identity for locality,
1302003,missing_local_admin_identity,ကရင်ပြည်နယ်,Kayin State,သံတောင်ကြီး မြို့နယ်,Thandaunggyi Township,အမှတ် (၃) ရပ်ကွက်,No (3) Quarter,ward,6018,,no_exact_or_fuzzy,missing_local_after_rebind,0,1,1,"Township 6018 resolved, but no exact approved ward/village-tract identity matched; will not invent admin from postal text",,missing_local_admin_identity,township resolved; no exact inventory identity for locality,
1302004,missing_local_admin_identity,ကရင်ပြည်နယ်,Kayin State,သံတောင်ကြီး မြို့နယ်,Thandaunggyi Township,အမှတ် (၄) ရပ်ကွက်,No (4) Quarter,ward,6018,,no_exact_or_fuzzy,missing_local_after_rebind,0,1,1,"Township 6018 resolved, but no exact approved ward/village-tract identity matched; will not invent admin from postal text",,missing_local_admin_identity,township resolved; no exact inventory identity for locality,
1302005,missing_local_admin_identity,ကရင်ပြည်နယ်,Kayin State,သံတောင်ကြီး မြို့နယ်,Thandaunggyi Township,အမှတ် (၅) ရပ်ကွက်,No (5) Quarter,ward,6018,,no_exact_or_fuzzy,missing_local_after_rebind,0,1,1,"Township 6018 resolved, but no exact approved ward/village-tract identity matched; will not invent admin from postal text",,missing_local_admin_identity,township resolved; no exact inventory identity for locality,
1303001,missing_local_admin_identity,ကရင်ပြည်နယ်,Kayin State,ဖာပွန် မြို့နယ်,Hpapun Township,အမှတ် (၁) ရပ်ကွက်,No (1) Quarter,ward,5978,,no_exact_or_fuzzy,missing_local_after_rebind,0,1,1,"Township 5978 resolved, but no exact approved ward/village-tract identity matched; will not invent admin from postal text",,missing_local_admin_identity,township resolved; no exact inventory identity for locality,
1303002,missing_local_admin_identity,ကရင်ပြည်နယ်,Kayin State,ဖာပွန် မြို့နယ်,Hpapun Township,အမှတ် (၂) ရပ်ကွက်,No (2) Quarter,ward,5978,,no_exact_or_fuzzy,missing_local_after_rebind,0,1,1,"Township 5978 resolved, but no exact approved ward/village-tract identity matched; will not invent admin from postal text",,missing_local_admin_identity,township resolved; no exact inventory identity for locality,
1303003,missing_local_admin_identity,ကရင်ပြည်နယ်,Kayin State,ဖာပွန် မြို့နယ်,Hpapun Township,အမှတ် (၃) ရပ်ကွက်,No (3) Quarter,ward,5978,,no_exact_or_fuzzy,missing_local_after_rebind,0,1,1,"Township 5978 resolved, but no exact approved ward/village-tract identity matched; will not invent admin from postal text",,missing_local_admin_identity,township resolved; no exact inventory identity for locality,
1303004,missing_local_admin_identity,ကရင်ပြည်နယ်,Kayin State,ဖာပွန် မြို့နယ်,Hpapun Township,အမှတ် (၄) ရပ်ကွက်,No (4) Quarter,ward,5978,,no_exact_or_fuzzy,missing_local_after_rebind,0,1,1,"Township 5978 resolved, but no exact approved ward/village-tract identity matched; will not invent admin from postal text",,missing_local_admin_identity,township resolved; no exact inventory identity for locality,
1304001,missing_local_admin_identity,ကရင်ပြည်နယ်,Kayin State,လှိုင်းဘွဲ့ မြို့နယ်,Hlaingbwe Township,(က) ရပ်ကွက်,(Ka Gyi) Quarter,ward,5880,,no_exact_or_fuzzy,missing_local_after_rebind,0,1,1,"Township 5880 resolved, but no exact approved ward/village-tract identity matched; will not invent admin from postal text",,missing_local_admin_identity,township resolved; no exact inventory identity for locality,
1304002,missing_local_admin_identity,ကရင်ပြည်နယ်,Kayin State,လှိုင်းဘွဲ့ မြို့နယ်,Hlaingbwe Township,(ခ) ရပ်ကွက်,(Kha Gway) Quarter,ward,5880,,no_exact_or_fuzzy,missing_local_after_rebind,0,1,1,"Township 5880 resolved, but no exact approved ward/village-tract identity matched; will not invent admin from postal text",,missing_local_admin_identity,township resolved; no exact inventory identity for locality,
1304003,missing_local_admin_identity,ကရင်ပြည်နယ်,Kayin State,လှိုင်းဘွဲ့ မြို့နယ်,Hlaingbwe Township,(ဂ) ရပ်ကွက်,(Ga Nge) Quarter,ward,5880,,no_exact_or_fuzzy,missing_local_after_rebind,0,1,1,"Township 5880 resolved, but no exact approved ward/village-tract identity matched; will not invent admin from postal text",,missing_local_admin_identity,township resolved; no exact inventory identity for locality,
1304004,missing_local_admin_identity,ကရင်ပြည်နယ်,Kayin State,လှိုင်းဘွဲ့ မြို့နယ်,Hlaingbwe Township,(ဃ) ရပ်ကွက်,(Ga Gyi) Quarter,ward,5880,,no_exact_or_fuzzy,missing_local_after_rebind,0,1,1,"Township 5880 resolved, but no exact approved ward/village-tract identity matched; will not invent admin from postal text",,missing_local_admin_identity,township resolved; no exact inventory identity for locality,
1305001,missing_local_admin_identity,ကရင်ပြည်နယ်,Kayin State,မြဝတီ မြို့နယ်,Myawaddy Township,အမှတ် (၁) ရပ်ကွက်,No (1) Quarter,ward,5033,,no_exact_or_fuzzy,missing_local_after_rebind,0,1,1,"Township 5033 resolved, but no exact approved ward/village-tract identity matched; will not invent admin from postal text",,missing_local_admin_identity,township resolved; no exact inventory identity for locality,
1305002,missing_local_admin_identity,ကရင်ပြည်နယ်,Kayin State,မြဝတီ မြို့နယ်,Myawaddy Township,အမှတ် (၂) ရပ်ကွက်,No (2) Quarter,ward,5033,,no_exact_or_fuzzy,missing_local_after_rebind,0,1,1,"Township 5033 resolved, but no exact approved ward/village-tract identity matched; will not invent admin from postal text",,missing_local_admin_identity,township resolved; no exact inventory identity for locality,
1305003,missing_local_admin_identity,ကရင်ပြည်နယ်,Kayin State,မြဝတီ မြို့နယ်,Myawaddy Township,အမှတ် (၃) ရပ်ကွက်,No (3) Quarter,ward,5033,,no_exact_or_fuzzy,missing_local_after_rebind,0,1,1,"Township 5033 resolved, but no exact approved ward/village-tract identity matched; will not invent admin from postal text",,missing_local_admin_identity,township resolved; no exact inventory identity for locality,
1305004,missing_local_admin_identity,ကရင်ပြည်နယ်,Kayin State,မြဝတီ မြို့နယ်,Myawaddy Township,အမှတ် (၄) ရပ်ကွက်,No (4) Quarter,ward,5033,,no_exact_or_fuzzy,missing_local_after_rebind,0,1,1,"Township 5033 resolved, but no exact approved ward/village-tract identity matched; will not invent admin from postal text",,missing_local_admin_identity,township resolved; no exact inventory identity for locality,
1305005,missing_local_admin_identity,ကရင်ပြည်နယ်,Kayin State,မြဝတီ မြို့နယ်,Myawaddy Township,အမှတ် (၅) ရပ်ကွက်,No (5) Quarter,ward,5033,,no_exact_or_fuzzy,missing_local_after_rebind,0,1,1,"Township 5033 resolved, but no exact approved ward/village-tract identity matched; will not invent admin from postal text",,missing_local_admin_identity,township resolved; no exact inventory identity for locality,
1305006,missing_local_admin_identity,ကရင်ပြည်နယ်,Kayin State,မြဝတီ မြို့နယ်,Myawaddy Township,အမှတ် (၆) ရပ်ကွက်,No (6) Quarter,ward,5033,,no_exact_or_fuzzy,missing_local_after_rebind,0,1,1,"Township 5033 resolved, but no exact approved ward/village-tract identity matched; will not invent admin from postal text",,missing_local_admin_identity,township resolved; no exact inventory identity for locality,
1305007,missing_local_admin_identity,ကရင်ပြည်နယ်,Kayin State,မြဝတီ မြို့နယ်,Myawaddy Township,အမှတ် (၇) ရပ်ကွက်,No (7) Quarter,ward,5033,,no_exact_or_fuzzy,missing_local_after_rebind,0,1,1,"Township 5033 resolved, but no exact approved ward/village-tract identity matched; will not invent admin from postal text",,missing_local_admin_identity,township resolved; no exact inventory identity for locality,
1306001,missing_local_admin_identity,ကရင်ပြည်နယ်,Kayin State,ကော့ကရိတ် မြို့နယ်,Kawkareik Township,ချောင်းတောင် ရပ်ကွက်,Chaung Taung Quarter,ward,5030,,no_exact_or_fuzzy,missing_local_after_rebind,0,1,1,"Township 5030 resolved, but no exact approved ward/village-tract identity matched; will not invent admin from postal text",,missing_local_admin_identity,township resolved; no exact inventory identity for locality,
1306002,missing_local_admin_identity,ကရင်ပြည်နယ်,Kayin State,ကော့ကရိတ် မြို့နယ်,Kawkareik Township,ဝင်းကြီး ရပ်ကွက်,Win Gyi Quarter,ward,5030,,no_exact_or_fuzzy,missing_local_after_rebind,0,1,1,"Township 5030 resolved, but no exact approved ward/village-tract identity matched; will not invent admin from postal text",,missing_local_admin_identity,township resolved; no exact inventory identity for locality,
1306003,missing_local_admin_identity,ကရင်ပြည်နယ်,Kayin State,ကော့ကရိတ် မြို့နယ်,Kawkareik Township,အလယ်တန်း ရပ်ကွက်,Ah Lel Tan Quarter,ward,5030,,no_exact_or_fuzzy,missing_local_after_rebind,0,1,1,"Township 5030 resolved, but no exact approved ward/village-tract identity matched; will not invent admin from postal text",,missing_local_admin_identity,township resolved; no exact inventory identity for locality,
1306004,missing_local_admin_identity,ကရင်ပြည်နယ်,Kayin State,ကော့ကရိတ် မြို့နယ်,Kawkareik Township,အထက်တောင်သူစု ရပ်ကွက်,Ah Htet Taung Thu Su Quarter,ward,5030,,no_exact_or_fuzzy,missing_local_after_rebind,0,1,1,"Township 5030 resolved, but no exact approved ward/village-tract identity matched; will not invent admin from postal text",,missing_local_admin_identity,township resolved; no exact inventory identity for locality,
1306005,missing_local_admin_identity,ကရင်ပြည်နယ်,Kayin State,ကော့ကရိတ် မြို့နယ်,Kawkareik Township,အောက်တောင်သူစု ရပ်ကွက်,Auk Taung Thu Su Quarter,ward,5030,,no_exact_or_fuzzy,missing_local_after_rebind,0,1,1,"Township 5030 resolved, but no exact approved ward/village-tract identity matched; will not invent admin from postal text",,missing_local_admin_identity,township resolved; no exact inventory identity for locality,
1306006,missing_local_admin_identity,ကရင်ပြည်နယ်,Kayin State,ကော့ကရိတ် မြို့နယ်,Kawkareik Township,အနောက်ပိုင်း ရပ်ကွက်,Ah Nauk Paing Quarter,ward,5030,,no_exact_or_fuzzy,missing_local_after_rebind,0,1,1,"Township 5030 resolved, but no exact approved ward/village-tract identity matched; will not invent admin from postal text",,missing_local_admin_identity,township resolved; no exact inventory identity for locality,
1306007,missing_local_admin_identity,ကရင်ပြည်နယ်,Kayin State,ကော့ကရိတ် မြို့နယ်,Kawkareik Township,တံတားဦး ရပ်ကွက်,Ta Dar U Quarter,ward,5030,,no_exact_or_fuzzy,missing_local_after_rebind,0,1,1,"Township 5030 resolved, but no exact approved ward/village-tract identity matched; will not invent admin from postal text",,missing_local_admin_identity,township resolved; no exact inventory identity for locality,
1360001,non_admin_postal_locality,ကရင်ပြည်နယ်,Kayin State,သံတောင် မြို့,Thandaung Town,အမှတ် (၁) ရပ်ကွက်,No (1) Quarter,ward,,,township_unresolved,non_admin_unresolved_township_name,0,1,1,Could not resolve approved CoreMap township from postal region/township names; local match skipped (township must resolve first),,non_admin_postal_locality,township name unresolved as CoreMap township; locality treated as non-admin postal place/town,
1360002,non_admin_postal_locality,ကရင်ပြည်နယ်,Kayin State,သံတောင် မြို့,Thandaung Town,အမှတ် (၂) ရပ်ကွက်,No (2) Quarter,ward,,,township_unresolved,non_admin_unresolved_township_name,0,1,1,Could not resolve approved CoreMap township from postal region/township names; local match skipped (township must resolve first),,non_admin_postal_locality,township name unresolved as CoreMap township; locality treated as non-admin postal place/town,
1360003,non_admin_postal_locality,ကရင်ပြည်နယ်,Kayin State,သံတောင် မြို့,Thandaung Town,အမှတ် (၃) ရပ်ကွက်,No (3) Quarter,ward,,,township_unresolved,non_admin_unresolved_township_name,0,1,1,Could not resolve approved CoreMap township from postal region/township names; local match skipped (township must resolve first),,non_admin_postal_locality,township name unresolved as CoreMap township; locality treated as non-admin postal place/town,
1360004,non_admin_postal_locality,ကရင်ပြည်နယ်,Kayin State,သံတောင် မြို့,Thandaung Town,အမှတ် (၄) ရပ်ကွက်,No (4) Quarter,ward,,,township_unresolved,non_admin_unresolved_township_name,0,1,1,Could not resolve approved CoreMap township from postal region/township names; local match skipped (township must resolve first),,non_admin_postal_locality,township name unresolved as CoreMap township; locality treated as non-admin postal place/town,
1361001,non_admin_postal_locality,ကရင်ပြည်နယ်,Kayin State,လိပ်သို မြို့,Leik Tho Town,အမှတ် (၁) ရပ်ကွက်,No (1) Quarter,ward,,,township_unresolved,non_admin_unresolved_township_name,0,1,1,Could not resolve approved CoreMap township from postal region/township names; local match skipped (township must resolve first),,non_admin_postal_locality,township name unresolved as CoreMap township; locality treated as non-admin postal place/town,
1361002,non_admin_postal_locality,ကရင်ပြည်နယ်,Kayin State,လိပ်သို မြို့,Leik Tho Town,အမှတ် (၂) ရပ်ကွက်,No (2) Quarter,ward,,,township_unresolved,non_admin_unresolved_township_name,0,1,1,Could not resolve approved CoreMap township from postal region/township names; local match skipped (township must resolve first),,non_admin_postal_locality,township name unresolved as CoreMap township; locality treated as non-admin postal place/town,
1361003,non_admin_postal_locality,ကရင်ပြည်နယ်,Kayin State,လိပ်သို မြို့,Leik Tho Town,အမှတ် (၃) ရပ်ကွက်,No (3) Quarter,ward,,,township_unresolved,non_admin_unresolved_township_name,0,1,1,Could not resolve approved CoreMap township from postal region/township names; local match skipped (township must resolve first),,non_admin_postal_locality,township name unresolved as CoreMap township; locality treated as non-admin postal place/town,
1361004,non_admin_postal_locality,ကရင်ပြည်နယ်,Kayin State,လိပ်သို မြို့,Leik Tho Town,အမှတ် (၄) ရပ်ကွက်,No (4) Quarter,ward,,,township_unresolved,non_admin_unresolved_township_name,0,1,1,Could not resolve approved CoreMap township from postal region/township names; local match skipped (township must resolve first),,non_admin_postal_locality,township name unresolved as CoreMap township; locality treated as non-admin postal place/town,
1361005,non_admin_postal_locality,ကရင်ပြည်နယ်,Kayin State,လိပ်သို မြို့,Leik Tho Town,အမှတ် (၅) ရပ်ကွက်,No (5) Quarter,ward,,,township_unresolved,non_admin_unresolved_township_name,0,1,1,Could not resolve approved CoreMap township from postal region/township names; local match skipped (township must resolve first),,non_admin_postal_locality,township name unresolved as CoreMap township; locality treated as non-admin postal place/town,
1361006,non_admin_postal_locality,ကရင်ပြည်နယ်,Kayin State,လိပ်သို မြို့,Leik Tho Town,အမှတ် (၆) ရပ်ကွက်,No (6) Quarter,ward,,,township_unresolved,non_admin_unresolved_township_name,0,1,1,Could not resolve approved CoreMap township from postal region/township names; local match skipped (township must resolve first),,non_admin_postal_locality,township name unresolved as CoreMap township; locality treated as non-admin postal place/town,
1362001,non_admin_postal_locality,ကရင်ပြည်နယ်,Kayin State,ဘောဂလိ မြို့,Baw Ga Li Town,အမှတ် (၁) ရပ်ကွက်,No (1) Quarter,ward,,,township_unresolved,non_admin_unresolved_township_name,0,1,1,Could not resolve approved CoreMap township from postal region/township names; local match skipped (township must resolve first),,non_admin_postal_locality,township name unresolved as CoreMap township; locality treated as non-admin postal place/town,
1362002,non_admin_postal_locality,ကရင်ပြည်နယ်,Kayin State,ဘောဂလိ မြို့,Baw Ga Li Town,အမှတ် (၂) ရပ်ကွက်,No (2) Quarter,ward,,,township_unresolved,non_admin_unresolved_township_name,0,1,1,Could not resolve approved CoreMap township from postal region/township names; local match skipped (township must resolve first),,non_admin_postal_locality,township name unresolved as CoreMap township; locality treated as non-admin postal place/town,
1362003,non_admin_postal_locality,ကရင်ပြည်နယ်,Kayin State,ဘောဂလိ မြို့,Baw Ga Li Town,အမှတ် (၃) ရပ်ကွက်,No (3) Quarter,ward,,,township_unresolved,non_admin_unresolved_township_name,0,1,1,Could not resolve approved CoreMap township from postal region/township names; local match skipped (township must resolve first),,non_admin_postal_locality,township name unresolved as CoreMap township; locality treated as non-admin postal place/town,
1362004,non_admin_postal_locality,ကရင်ပြည်နယ်,Kayin State,ဘောဂလိ မြို့,Baw Ga Li Town,အမှတ် (၄) ရပ်ကွက်,No (4) Quarter,ward,,,township_unresolved,non_admin_unresolved_township_name,0,1,1,Could not resolve approved CoreMap township from postal region/township names; local match skipped (township must resolve first),,non_admin_postal_locality,township name unresolved as CoreMap township; locality treated as non-admin postal place/town,
1363001,non_admin_postal_locality,ကရင်ပြည်နယ်,Kayin State,ကမမောင်း မြို့,Kamarmaung Town,အမှတ် (၁) ရပ်ကွက်,No (1) Quarter,ward,,,township_unresolved,non_admin_unresolved_township_name,0,1,1,Could not resolve approved CoreMap township from postal region/township names; local match skipped (township must resolve first),,non_admin_postal_locality,township name unresolved as CoreMap township; locality treated as non-admin postal place/town,
1363002,non_admin_postal_locality,ကရင်ပြည်နယ်,Kayin State,ကမမောင်း မြို့,Kamarmaung Town,အမှတ် (၂) ရပ်ကွက်,No (2) Quarter,ward,,,township_unresolved,non_admin_unresolved_township_name,0,1,1,Could not resolve approved CoreMap township from postal region/township names; local match skipped (township must resolve first),,non_admin_postal_locality,township name unresolved as CoreMap township; locality treated as non-admin postal place/town,
1363003,non_admin_postal_locality,ကရင်ပြည်နယ်,Kayin State,ကမမောင်း မြို့,Kamarmaung Town,အမှတ် (၃) ရပ်ကွက်,No (3) Quarter,ward,,,township_unresolved,non_admin_unresolved_township_name,0,1,1,Could not resolve approved CoreMap township from postal region/township names; local match skipped (township must resolve first),,non_admin_postal_locality,township name unresolved as CoreMap township; locality treated as non-admin postal place/town,
1363004,non_admin_postal_locality,ကရင်ပြည်နယ်,Kayin State,ကမမောင်း မြို့,Kamarmaung Town,အမှတ် (၄) ရပ်ကွက်,No (4) Quarter,ward,,,township_unresolved,non_admin_unresolved_township_name,0,1,1,Could not resolve approved CoreMap township from postal region/township names; local match skipped (township must resolve first),,non_admin_postal_locality,township name unresolved as CoreMap township; locality treated as non-admin postal place/town,
1364001,non_admin_postal_locality,ကရင်ပြည်နယ်,Kayin State,ပိုင်ကျုံ မြို့,Paingkyon Town,အမှတ် (၁) ရပ်ကွက်,No (1) Quarter,ward,,,township_unresolved,non_admin_unresolved_township_name,0,1,1,Could not resolve approved CoreMap township from postal region/township names; local match skipped (township must resolve first),,non_admin_postal_locality,township name unresolved as CoreMap township; locality treated as non-admin postal place/town,
1364002,non_admin_postal_locality,ကရင်ပြည်နယ်,Kayin State,ပိုင်ကျုံ မြို့,Paingkyon Town,အမှတ် (၂) ရပ်ကွက်,No (2) Quarter,ward,,,township_unresolved,non_admin_unresolved_township_name,0,1,1,Could not resolve approved CoreMap township from postal region/township names; local match skipped (township must resolve first),,non_admin_postal_locality,township name unresolved as CoreMap township; locality treated as non-admin postal place/town,
1364003,non_admin_postal_locality,ကရင်ပြည်နယ်,Kayin State,ပိုင်ကျုံ မြို့,Paingkyon Town,အမှတ် (၃) ရပ်ကွက်,No (3) Quarter,ward,,,township_unresolved,non_admin_unresolved_township_name,0,1,1,Could not resolve approved CoreMap township from postal region/township names; local match skipped (township must resolve first),,non_admin_postal_locality,township name unresolved as CoreMap township; locality treated as non-admin postal place/town,
1364004,non_admin_postal_locality,ကရင်ပြည်နယ်,Kayin State,ပိုင်ကျုံ မြို့,Paingkyon Town,အမှတ် (၄) ရပ်ကွက်,No (4) Quarter,ward,,,township_unresolved,non_admin_unresolved_township_name,0,1,1,Could not resolve approved CoreMap township from postal region/township names; local match skipped (township must resolve first),,non_admin_postal_locality,township name unresolved as CoreMap township; locality treated as non-admin postal place/town,
1364005,non_admin_postal_locality,ကရင်ပြည်နယ်,Kayin State,ပိုင်ကျုံ မြို့,Paingkyon Town,အမှတ် (၅) ရပ်ကွက်,No (5) Quarter,ward,,,township_unresolved,non_admin_unresolved_township_name,0,1,1,Could not resolve approved CoreMap township from postal region/township names; local match skipped (township must resolve first),,non_admin_postal_locality,township name unresolved as CoreMap township; locality treated as non-admin postal place/town,
1365001,non_admin_postal_locality,ကရင်ပြည်နယ်,Kayin State,ရှမ်းရွာသစ် မြို့,Shan Ywar Thit Town,အမှတ် (၁) ရပ်ကွက်,No (1) Quarter,ward,,,township_unresolved,non_admin_unresolved_township_name,0,1,1,Could not resolve approved CoreMap township from postal region/township names; local match skipped (township must resolve first),,non_admin_postal_locality,township name unresolved as CoreMap township; locality treated as non-admin postal place/town,
1365002,non_admin_postal_locality,ကရင်ပြည်နယ်,Kayin State,ရှမ်းရွာသစ် မြို့,Shan Ywar Thit Town,အမှတ် (၂) ရပ်ကွက်,No (2) Quarter,ward,,,township_unresolved,non_admin_unresolved_township_name,0,1,1,Could not resolve approved CoreMap township from postal region/township names; local match skipped (township must resolve first),,non_admin_postal_locality,township name unresolved as CoreMap township; locality treated as non-admin postal place/town,
1365003,non_admin_postal_locality,ကရင်ပြည်နယ်,Kayin State,ရှမ်းရွာသစ် မြို့,Shan Ywar Thit Town,အမှတ် (၃) ရပ်ကွက်,No (3) Quarter,ward,,,township_unresolved,non_admin_unresolved_township_name,0,1,1,Could not resolve approved CoreMap township from postal region/township names; local match skipped (township must resolve first),,non_admin_postal_locality,township name unresolved as CoreMap township; locality treated as non-admin postal place/town,
1365004,non_admin_postal_locality,ကရင်ပြည်နယ်,Kayin State,ရှမ်းရွာသစ် မြို့,Shan Ywar Thit Town,အမှတ် (၄) ရပ်ကွက်,No (4) Quarter,ward,,,township_unresolved,non_admin_unresolved_township_name,0,1,1,Could not resolve approved CoreMap township from postal region/township names; local match skipped (township must resolve first),,non_admin_postal_locality,township name unresolved as CoreMap township; locality treated as non-admin postal place/town,
1366001,non_admin_postal_locality,ကရင်ပြည်နယ်,Kayin State,စုကလိ မြို့,Su Ka Li Town,အမှတ် (၁) ရပ်ကွက်,No (1) Quarter,ward,,,township_unresolved,non_admin_unresolved_township_name,0,1,1,Could not resolve approved CoreMap township from postal region/township names; local match skipped (township must resolve first),,non_admin_postal_locality,township name unresolved as CoreMap township; locality treated as non-admin postal place/town,
1367001,non_admin_postal_locality,ကရင်ပြည်နယ်,Kayin State,​ဝေါလေမြိုင် (ဝေါလေ) မြို့,Waw Lay Myaing (Waw Lay) Town,အမှတ် (၁) ရပ်ကွက်,No (1) Quarter,ward,,,township_unresolved,non_admin_unresolved_township_name,0,1,1,Could not resolve approved CoreMap township from postal region/township names; local match skipped (township must resolve first),,non_admin_postal_locality,township name unresolved as CoreMap township; locality treated as non-admin postal place/town,
1367002,non_admin_postal_locality,ကရင်ပြည်နယ်,Kayin State,​ဝေါလေမြိုင် (ဝေါလေ) မြို့,Waw Lay Myaing (Waw Lay) Town,အမှတ် (၂) ရပ်ကွက်,No (2) Quarter,ward,,,township_unresolved,non_admin_unresolved_township_name,0,1,1,Could not resolve approved CoreMap township from postal region/township names; local match skipped (township must resolve first),,non_admin_postal_locality,township name unresolved as CoreMap township; locality treated as non-admin postal place/town,
1368001,non_admin_postal_locality,ကရင်ပြည်နယ်,Kayin State,ကျုံဒိုး မြို့,Kyondoe Town,အမှတ် (၁) ရပ်ကွက်,No (1) Quarter,ward,,,township_unresolved,non_admin_unresolved_township_name,0,1,1,Could not resolve approved CoreMap township from postal region/township names; local match skipped (township must resolve first),,non_admin_postal_locality,township name unresolved as CoreMap township; locality treated as non-admin postal place/town,
1368002,non_admin_postal_locality,ကရင်ပြည်နယ်,Kayin State,ကျုံဒိုး မြို့,Kyondoe Town,အမှတ် (၂) ရပ်ကွက်,No (2) Quarter,ward,,,township_unresolved,non_admin_unresolved_township_name,0,1,1,Could not resolve approved CoreMap township from postal region/township names; local match skipped (township must resolve first),,non_admin_postal_locality,township name unresolved as CoreMap township; locality treated as non-admin postal place/town,
1368003,non_admin_postal_locality,ကရင်ပြည်နယ်,Kayin State,ကျုံဒိုး မြို့,Kyondoe Town,အမှတ် (၃) ရပ်ကွက်,No (3) Quarter,ward,,,township_unresolved,non_admin_unresolved_township_name,0,1,1,Could not resolve approved CoreMap township from postal region/township names; local match skipped (township must resolve first),,non_admin_postal_locality,township name unresolved as CoreMap township; locality treated as non-admin postal place/town,
1368004,non_admin_postal_locality,ကရင်ပြည်နယ်,Kayin State,ကျုံဒိုး မြို့,Kyondoe Town,အမှတ် (၄) ရပ်ကွက်,No (4) Quarter,ward,,,township_unresolved,non_admin_unresolved_township_name,0,1,1,Could not resolve approved CoreMap township from postal region/township names; local match skipped (township must resolve first),,non_admin_postal_locality,township name unresolved as CoreMap township; locality treated as non-admin postal place/town,
1369001,non_admin_postal_locality,ကရင်ပြည်နယ်,Kayin State,ဘုရားသုံးဆူ မြို့,Hpayarthonesu Town,အမှတ် (၁) ရပ်ကွက်,No (1) Quarter,ward,,,township_unresolved,non_admin_unresolved_township_name,0,1,1,Could not resolve approved CoreMap township from postal region/township names; local match skipped (township must resolve first),,non_admin_postal_locality,township name unresolved as CoreMap township; locality treated as non-admin postal place/town,
1369002,non_admin_postal_locality,ကရင်ပြည်နယ်,Kayin State,ဘုရားသုံးဆူ မြို့,Hpayarthonesu Town,အမှတ် (၂) ရပ်ကွက်,No (2) Ward Quarter,ward,,,township_unresolved,non_admin_unresolved_township_name,0,1,1,Could not resolve approved CoreMap township from postal region/township names; local match skipped (township must resolve first),,non_admin_postal_locality,township name unresolved as CoreMap township; locality treated as non-admin postal place/town,
1369003,non_admin_postal_locality,ကရင်ပြည်နယ်,Kayin State,ဘုရားသုံးဆူ မြို့,Hpayarthonesu Town,အမှတ် (၃) ရပ်ကွက်,No (3) Quarter,ward,,,township_unresolved,non_admin_unresolved_township_name,0,1,1,Could not resolve approved CoreMap township from postal region/township names; local match skipped (township must resolve first),,non_admin_postal_locality,township name unresolved as CoreMap township; locality treated as non-admin postal place/town,
1369004,non_admin_postal_locality,ကရင်ပြည်နယ်,Kayin State,ဘုရားသုံးဆူ မြို့,Hpayarthonesu Town,အမှတ် (၄) ရပ်ကွက်,No (4) Quarter,ward,,,township_unresolved,non_admin_unresolved_township_name,0,1,1,Could not resolve approved CoreMap township from postal region/township names; local match skipped (township must resolve first),,non_admin_postal_locality,township name unresolved as CoreMap township; locality treated as non-admin postal place/town,
1370001,non_admin_postal_locality,ကရင်ပြည်နယ်,Kayin State,ကျိုက်ဒုံ မြို့,Kyaikdon Town,အမှတ် (၁) ရပ်ကွက်,No (1) Quarter,ward,,,township_unresolved,non_admin_unresolved_township_name,0,1,1,Could not resolve approved CoreMap township from postal region/township names; local match skipped (township must resolve first),,non_admin_postal_locality,township name unresolved as CoreMap township; locality treated as non-admin postal place/town,
1370002,non_admin_postal_locality,ကရင်ပြည်နယ်,Kayin State,ကျိုက်ဒုံ မြို့,Kyaikdon Town,အမှတ် (၂) ရပ်ကွက်,No (2) Quarter,ward,,,township_unresolved,non_admin_unresolved_township_name,0,1,1,Could not resolve approved CoreMap township from postal region/township names; local match skipped (township must resolve first),,non_admin_postal_locality,township name unresolved as CoreMap township; locality treated as non-admin postal place/town,
1370003,non_admin_postal_locality,ကရင်ပြည်နယ်,Kayin State,ကျိုက်ဒုံ မြို့,Kyaikdon Town,အမှတ် (၃) ရပ်ကွက်,No (3) Quarter,ward,,,township_unresolved,non_admin_unresolved_township_name,0,1,1,Could not resolve approved CoreMap township from postal region/township names; local match skipped (township must resolve first),,non_admin_postal_locality,township name unresolved as CoreMap township; locality treated as non-admin postal place/town,
1370004,non_admin_postal_locality,ကရင်ပြည်နယ်,Kayin State,ကျိုက်ဒုံ မြို့,Kyaikdon Town,အမှတ် (၄) ရပ်ကွက်,No (4) Quarter,ward,,,township_unresolved,non_admin_unresolved_township_name,0,1,1,Could not resolve approved CoreMap township from postal region/township names; local match skipped (township must resolve first),,non_admin_postal_locality,township name unresolved as CoreMap township; locality treated as non-admin postal place/town,
1370005,non_admin_postal_locality,ကရင်ပြည်နယ်,Kayin State,ကျိုက်ဒုံ မြို့,Kyaikdon Town,အမှတ် (၅) ရပ်ကွက်,No (5) Quarter,ward,,,township_unresolved,non_admin_unresolved_township_name,0,1,1,Could not resolve approved CoreMap township from postal region/township names; local match skipped (township must resolve first),,non_admin_postal_locality,township name unresolved as CoreMap township; locality treated as non-admin postal place/town,
1370006,non_admin_postal_locality,ကရင်ပြည်နယ်,Kayin State,ကျိုက်ဒုံ မြို့,Kyaikdon Town,အမှတ် (၆) ရပ်ကွက်,No (6) Quarter,ward,,,township_unresolved,non_admin_unresolved_township_name,0,1,1,Could not resolve approved CoreMap township from postal region/township names; local match skipped (township must resolve first),,non_admin_postal_locality,township name unresolved as CoreMap township; locality treated as non-admin postal place/town,
1402234,missing_local_admin_identity,တနင်္သာရီတိုင်းဒေသကြီး,Tanintharyi Region,ရေဖြူ မြို့နယ်,Yebyu Township,ထိန်ကြီး ကျေးရွာအုပ်စု,Htein Gyi Village Tract,village_tract,7503,,no_exact_or_fuzzy,missing_local_after_rebind,0,1,1,"Township 7503 resolved, but no exact approved ward/village-tract identity matched; will not invent admin from postal text",,missing_local_admin_identity,township resolved; no exact inventory identity for locality,
1408001,missing_local_admin_identity,တနင်္သာရီတိုင်းဒေသကြီး,Tanintharyi Region,ဘုတ်ပြင်း မြို့နယ်,Bokpyin Township,ရွှေဘုံသာ ရပ်ကွက်,Shwe Bon Thar Quarter,ward,5035,,no_exact_or_fuzzy,missing_local_after_rebind,0,1,1,"Township 5035 resolved, but no exact approved ward/village-tract identity matched; will not invent admin from postal text",,missing_local_admin_identity,township resolved; no exact inventory identity for locality,
1408002,missing_local_admin_identity,တနင်္သာရီတိုင်းဒေသကြီး,Tanintharyi Region,ဘုတ်ပြင်း မြို့နယ်,Bokpyin Township,အောင်မင်္ဂလာ ရပ်ကွက်,Aung Min Ga Lar Quarter,ward,5035,,no_exact_or_fuzzy,missing_local_after_rebind,0,1,1,"Township 5035 resolved, but no exact approved ward/village-tract identity matched; will not invent admin from postal text",,missing_local_admin_identity,township resolved; no exact inventory identity for locality,
1408205,missing_local_admin_identity,တနင်္သာရီတိုင်းဒေသကြီး,Tanintharyi Region,ဘုတ်ပြင်း မြို့နယ်,Bokpyin Township,အလယ်မန် ကျေးရွာအုပ်စု,AhLenMan Village Tract,village_tract,5035,,no_exact_or_fuzzy,missing_local_after_rebind,0,1,1,"Township 5035 resolved, but no exact approved ward/village-tract identity matched; will not invent admin from postal text",,missing_local_admin_identity,township resolved; no exact inventory identity for locality,
1408209,missing_local_admin_identity,တနင်္သာရီတိုင်းဒေသကြီး,Tanintharyi Region,ဘုတ်ပြင်း မြို့နယ်,Bokpyin Township,တောင်စုန်မတက်(ခေါ်)ချောင်းကတုန်း ကျေးရွာအုပ်စု,HtaungSonMaHet (‌a) ChaungKaTon Village Tract,village_tract,5035,,no_exact_or_fuzzy,missing_local_after_rebind,0,1,1,"Township 5035 resolved, but no exact approved ward/village-tract identity matched; will not invent admin from postal text",,missing_local_admin_identity,township resolved; no exact inventory identity for locality,
1460001,non_admin_postal_locality,တနင်္သာရီတိုင်းဒေသကြီး,Tanintharyi Region,မေတ္တာ မြို့,Myitta Town,အမှတ် (၁) ရပ်ကွက်,No (1) Quarter,ward,,,township_unresolved,non_admin_unresolved_township_name,0,1,1,Could not resolve approved CoreMap township from postal region/township names; local match skipped (township must resolve first),,non_admin_postal_locality,township name unresolved as CoreMap township; locality treated as non-admin postal place/town,
1460002,non_admin_postal_locality,တနင်္သာရီတိုင်းဒေသကြီး,Tanintharyi Region,မေတ္တာ မြို့,Myitta Town,အမှတ် (၂) ရပ်ကွက်,No (2) Quarter,ward,,,township_unresolved,non_admin_unresolved_township_name,0,1,1,Could not resolve approved CoreMap township from postal region/township names; local match skipped (township must resolve first),,non_admin_postal_locality,township name unresolved as CoreMap township; locality treated as non-admin postal place/town,
1460003,non_admin_postal_locality,တနင်္သာရီတိုင်းဒေသကြီး,Tanintharyi Region,မေတ္တာ မြို့,Myitta Town,အမှတ် (၃) ရပ်ကွက်,No (3) Quarter,ward,,,township_unresolved,non_admin_unresolved_township_name,0,1,1,Could not resolve approved CoreMap township from postal region/township names; local match skipped (township must resolve first),,non_admin_postal_locality,township name unresolved as CoreMap township; locality treated as non-admin postal place/town,
1461001,non_admin_postal_locality,တနင်္သာရီတိုင်းဒေသကြီး,Tanintharyi Region,ကလိန်အောင် မြို့,Kaleinaung Town,အမှတ် (၁) ရပ်ကွက်,No (1) Quarter,ward,,,township_unresolved,non_admin_unresolved_township_name,0,1,1,Could not resolve approved CoreMap township from postal region/township names; local match skipped (township must resolve first),,non_admin_postal_locality,township name unresolved as CoreMap township; locality treated as non-admin postal place/town,
1461002,non_admin_postal_locality,တနင်္သာရီတိုင်းဒေသကြီး,Tanintharyi Region,ကလိန်အောင် မြို့,Kaleinaung Town,အမှတ် (၂) ရပ်ကွက်,No (2) Quarter,ward,,,township_unresolved,non_admin_unresolved_township_name,0,1,1,Could not resolve approved CoreMap township from postal region/township names; local match skipped (township must resolve first),,non_admin_postal_locality,township name unresolved as CoreMap township; locality treated as non-admin postal place/town,
1461003,non_admin_postal_locality,တနင်္သာရီတိုင်းဒေသကြီး,Tanintharyi Region,ကလိန်အောင် မြို့,Kaleinaung Town,အမှတ် (၃) ရပ်ကွက်,No (3) Quarter,ward,,,township_unresolved,non_admin_unresolved_township_name,0,1,1,Could not resolve approved CoreMap township from postal region/township names; local match skipped (township must resolve first),,non_admin_postal_locality,township name unresolved as CoreMap township; locality treated as non-admin postal place/town,
1461004,non_admin_postal_locality,တနင်္သာရီတိုင်းဒေသကြီး,Tanintharyi Region,ကလိန်အောင် မြို့,Kaleinaung Town,အမှတ် (၄) ရပ်ကွက်,No (4) Quarter,ward,,,township_unresolved,non_admin_unresolved_township_name,0,1,1,Could not resolve approved CoreMap township from postal region/township names; local match skipped (township must resolve first),,non_admin_postal_locality,township name unresolved as CoreMap township; locality treated as non-admin postal place/town,
1462001,non_admin_postal_locality,တနင်္သာရီတိုင်းဒေသကြီး,Tanintharyi Region,ပလောက် မြို့,Palauk Town,အမှတ် (၁) ရပ်ကွက်,No (1) Quarter,ward,,,township_unresolved,non_admin_unresolved_township_name,0,1,1,Could not resolve approved CoreMap township from postal region/township names; local match skipped (township must resolve first),,non_admin_postal_locality,township name unresolved as CoreMap township; locality treated as non-admin postal place/town,
1462002,non_admin_postal_locality,တနင်္သာရီတိုင်းဒေသကြီး,Tanintharyi Region,ပလောက် မြို့,Palauk Town,အမှတ် (၂) ရပ်ကွက်,No (2) Quarter,ward,,,township_unresolved,non_admin_unresolved_township_name,0,1,1,Could not resolve approved CoreMap township from postal region/township names; local match skipped (township must resolve first),,non_admin_postal_locality,township name unresolved as CoreMap township; locality treated as non-admin postal place/town,
1462003,non_admin_postal_locality,တနင်္သာရီတိုင်းဒေသကြီး,Tanintharyi Region,ပလောက် မြို့,Palauk Town,အမှတ် (၃) ရပ်ကွက်,No (3) Quarter,ward,,,township_unresolved,non_admin_unresolved_township_name,0,1,1,Could not resolve approved CoreMap township from postal region/township names; local match skipped (township must resolve first),,non_admin_postal_locality,township name unresolved as CoreMap township; locality treated as non-admin postal place/town,
1462004,non_admin_postal_locality,တနင်္သာရီတိုင်းဒေသကြီး,Tanintharyi Region,ပလောက် မြို့,Palauk Town,အမှတ် (၄) ရပ်ကွက်,No (4) Quarter,ward,,,township_unresolved,non_admin_unresolved_township_name,0,1,1,Could not resolve approved CoreMap township from postal region/township names; local match skipped (township must resolve first),,non_admin_postal_locality,township name unresolved as CoreMap township; locality treated as non-admin postal place/town,
1464001,non_admin_postal_locality,တနင်္သာရီတိုင်းဒေသကြီး,Tanintharyi Region,မောတောင် မြို့,Maw Taung Town,မြို့မ ရပ်ကွက်,Myo Ma Quarter,ward,,,township_unresolved,non_admin_unresolved_township_name,0,1,1,Could not resolve approved CoreMap township from postal region/township names; local match skipped (township must resolve first),,non_admin_postal_locality,township name unresolved as CoreMap township; locality treated as non-admin postal place/town,
1464002,non_admin_postal_locality,တနင်္သာရီတိုင်းဒေသကြီး,Tanintharyi Region,မောတောင် မြို့,Maw Taung Town,အမှတ် (၁) ရပ်ကွက်,No (1) Quarter,ward,,,township_unresolved,non_admin_unresolved_township_name,0,1,1,Could not resolve approved CoreMap township from postal region/township names; local match skipped (township must resolve first),,non_admin_postal_locality,township name unresolved as CoreMap township; locality treated as non-admin postal place/town,
1464003,non_admin_postal_locality,တနင်္သာရီတိုင်းဒေသကြီး,Tanintharyi Region,မောတောင် မြို့,Maw Taung Town,အမှတ် (၂) ရပ်ကွက်,No (2) Quarter,ward,,,township_unresolved,non_admin_unresolved_township_name,0,1,1,Could not resolve approved CoreMap township from postal region/township names; local match skipped (township must resolve first),,non_admin_postal_locality,township name unresolved as CoreMap township; locality treated as non-admin postal place/town,
1465001,non_admin_postal_locality,တနင်္သာရီတိုင်းဒေသကြီး,Tanintharyi Region,ပြည်ကြီးမဏ္ဍိုင် မြို့,Pyigyimandaing Town,ပြည်ကြီးမဏ္ဍိုင် ရပ်ကွက်,Pyi Gyi Mandaing Quarter,ward,,,township_unresolved,non_admin_unresolved_township_name,0,1,1,Could not resolve approved CoreMap township from postal region/township names; local match skipped (township must resolve first),,non_admin_postal_locality,township name unresolved as CoreMap township; locality treated as non-admin postal place/town,
1465002,non_admin_postal_locality,တနင်္သာရီတိုင်းဒေသကြီး,Tanintharyi Region,ပြည်ကြီးမဏ္ဍိုင် မြို့,Pyigyimandaing Town,လေညှာ (အရှေ့) ရပ်ကွက်,Lay Hnar (East) Quarter,ward,,,township_unresolved,non_admin_unresolved_township_name,0,1,1,Could not resolve approved CoreMap township from postal region/township names; local match skipped (township must resolve first),,non_admin_postal_locality,township name unresolved as CoreMap township; locality treated as non-admin postal place/town,
1465003,non_admin_postal_locality,တနင်္သာရီတိုင်းဒေသကြီး,Tanintharyi Region,ပြည်ကြီးမဏ္ဍိုင် မြို့,Pyigyimandaing Town,လေညှာ (အနောက်) ရပ်ကွက်,Lay Hnar (West) Quarter,ward,,,township_unresolved,non_admin_unresolved_township_name,0,1,1,Could not resolve approved CoreMap township from postal region/township names; local match skipped (township must resolve first),,non_admin_postal_locality,township name unresolved as CoreMap township; locality treated as non-admin postal place/town,
1466001,non_admin_postal_locality,တနင်္သာရီတိုင်းဒေသကြီး,Tanintharyi Region,ကရသူရိ မြို့,Karathuri Town,အမှတ် (၁) ရပ်ကွက်,No (1) Quarter,ward,,,township_unresolved,non_admin_unresolved_township_name,0,1,1,Could not resolve approved CoreMap township from postal region/township names; local match skipped (township must resolve first),,non_admin_postal_locality,township name unresolved as CoreMap township; locality treated as non-admin postal place/town,
1466002,non_admin_postal_locality,တနင်္သာရီတိုင်းဒေသကြီး,Tanintharyi Region,ကရသူရိ မြို့,Karathuri Town,အမှတ် (၂) ရပ်ကွက်,No (2) Quarter,ward,,,township_unresolved,non_admin_unresolved_township_name,0,1,1,Could not resolve approved CoreMap township from postal region/township names; local match skipped (township must resolve first),,non_admin_postal_locality,township name unresolved as CoreMap township; locality treated as non-admin postal place/town,
1466003,non_admin_postal_locality,တနင်္သာရီတိုင်းဒေသကြီး,Tanintharyi Region,ကရသူရိ မြို့,Karathuri Town,အမှတ် (၃) ရပ်ကွက်,No (3) Quarter,ward,,,township_unresolved,non_admin_unresolved_township_name,0,1,1,Could not resolve approved CoreMap township from postal region/township names; local match skipped (township must resolve first),,non_admin_postal_locality,township name unresolved as CoreMap township; locality treated as non-admin postal place/town,
1467001,non_admin_postal_locality,တနင်္သာရီတိုင်းဒေသကြီး,Tanintharyi Region,ခမောက်ကြီး မြို့,Khamaukgyi Town,အမှတ် (၁) ရပ်ကွက်,No (1) Quarter,ward,,,township_unresolved,non_admin_unresolved_township_name,0,1,1,Could not resolve approved CoreMap township from postal region/township names; local match skipped (township must resolve first),,non_admin_postal_locality,township name unresolved as CoreMap township; locality treated as non-admin postal place/town,
1467002,non_admin_postal_locality,တနင်္သာရီတိုင်းဒေသကြီး,Tanintharyi Region,ခမောက်ကြီး မြို့,Khamaukgyi Town,အမှတ် (၂) ရပ်ကွက်,No (2) Quarter,ward,,,township_unresolved,non_admin_unresolved_township_name,0,1,1,Could not resolve approved CoreMap township from postal region/township names; local match skipped (township must resolve first),,non_admin_postal_locality,township name unresolved as CoreMap township; locality treated as non-admin postal place/town,
1467003,non_admin_postal_locality,တနင်္သာရီတိုင်းဒေသကြီး,Tanintharyi Region,ခမောက်ကြီး မြို့,Khamaukgyi Town,အမှတ် (၄) ရပ်ကွက်,No (4) Quarter,ward,,,township_unresolved,non_admin_unresolved_township_name,0,1,1,Could not resolve approved CoreMap township from postal region/township names; local match skipped (township must resolve first),,non_admin_postal_locality,township name unresolved as CoreMap township; locality treated as non-admin postal place/town,
1501010,ambiguous_local_area,နေပြည်တော် (ပြည်ထောင်စုနယ်မြေ),Naypyitaw Union Territory,ဇမ္ဗူသီရိ မြို့နယ်,Za Bu Thi Ri Township,ဓနသိဒ္ဓိ ရပ်ကွက်,Dha Na Theik Di Quarter,ward,6029,,exact_my+en,ambiguous_exact_local,0,1,1,"Multiple exact approved locals under township: 6011,6024",,ambiguous_local_area,"Multiple exact approved locals under township: 6011,6024",
1501202,missing_local_admin_identity,နေပြည်တော် (ပြည်ထောင်စုနယ်မြေ),Naypyitaw Union Territory,ဇမ္ဗူသီရိ မြို့နယ်,Za Bu Thi Ri Township,ပြန့်ကပြေး ကျေးရွာအုပ်စု,Pyant Ka Pyay Village Tract,village_tract,6029,,no_exact_or_fuzzy,missing_local_after_rebind,0,1,1,"Township 6029 resolved, but no exact approved ward/village-tract identity matched; will not invent admin from postal text",,missing_local_admin_identity,township resolved; no exact inventory identity for locality,
1502001,missing_local_admin_identity,နေပြည်တော် (ပြည်ထောင်စုနယ်မြေ),Naypyitaw Union Territory,ပျဉ်းမနား မြို့နယ်,Pyinmana Township,ရွာကောက် ရပ်ကွက်,Ywar Kauk Quarter,ward,6038,,no_exact_or_fuzzy,missing_local_after_rebind,0,1,1,"Township 6038 resolved, but no exact approved ward/village-tract identity matched; will not invent admin from postal text",,missing_local_admin_identity,township resolved; no exact inventory identity for locality,
1502002,missing_local_admin_identity,နေပြည်တော် (ပြည်ထောင်စုနယ်မြေ),Naypyitaw Union Territory,ပျဉ်းမနား မြို့နယ်,Pyinmana Township,ရန်အောင် (၁) ရပ်ကွက်,Yan Aung (1) Quarter,ward,6038,,no_exact_or_fuzzy,missing_local_after_rebind,0,1,1,"Township 6038 resolved, but no exact approved ward/village-tract identity matched; will not invent admin from postal text",,missing_local_admin_identity,township resolved; no exact inventory identity for locality,
1502003,missing_local_admin_identity,နေပြည်တော် (ပြည်ထောင်စုနယ်မြေ),Naypyitaw Union Territory,ပျဉ်းမနား မြို့နယ်,Pyinmana Township,ရန်အောင် (၂) ရပ်ကွက်,Yan Aung (2) Quarter,ward,6038,,no_exact_or_fuzzy,missing_local_after_rebind,0,1,1,"Township 6038 resolved, but no exact approved ward/village-tract identity matched; will not invent admin from postal text",,missing_local_admin_identity,township resolved; no exact inventory identity for locality,
1502004,missing_local_admin_identity,နေပြည်တော် (ပြည်ထောင်စုနယ်မြေ),Naypyitaw Union Territory,ပျဉ်းမနား မြို့နယ်,Pyinmana Township,ရွှေချီ ရပ်ကွက်,Shwe Chi Quarter,ward,6038,,no_exact_or_fuzzy,missing_local_after_rebind,0,1,1,"Township 6038 resolved, but no exact approved ward/village-tract identity matched; will not invent admin from postal text",,missing_local_admin_identity,township resolved; no exact inventory identity for locality,
1502005,missing_local_admin_identity,နေပြည်တော် (ပြည်ထောင်စုနယ်မြေ),Naypyitaw Union Territory,ပျဉ်းမနား မြို့နယ်,Pyinmana Township,မင်္ဂလာ ရပ်ကွက်,Min Ga Lar Quarter,ward,6038,,no_exact_or_fuzzy,missing_local_after_rebind,0,1,1,"Township 6038 resolved, but no exact approved ward/village-tract identity matched; will not invent admin from postal text",,missing_local_admin_identity,township resolved; no exact inventory identity for locality,
1502006,missing_local_admin_identity,နေပြည်တော် (ပြည်ထောင်စုနယ်မြေ),Naypyitaw Union Territory,ပျဉ်းမနား မြို့နယ်,Pyinmana Township,ဘောဂဝတီ ရပ်ကွက်,Baw Ga Wa Di Quarter,ward,6038,,no_exact_or_fuzzy,missing_local_after_rebind,0,1,1,"Township 6038 resolved, but no exact approved ward/village-tract identity matched; will not invent admin from postal text",,missing_local_admin_identity,township resolved; no exact inventory identity for locality,
1502007,missing_local_admin_identity,နေပြည်တော် (ပြည်ထောင်စုနယ်မြေ),Naypyitaw Union Territory,ပျဉ်းမနား မြို့နယ်,Pyinmana Township,ဥယျာဉ်စု ရပ်ကွက်,U Yin Su Quarter,ward,6038,,no_exact_or_fuzzy,missing_local_after_rebind,0,1,1,"Township 6038 resolved, but no exact approved ward/village-tract identity matched; will not invent admin from postal text",,missing_local_admin_identity,township resolved; no exact inventory identity for locality,
1502221,missing_local_admin_identity,နေပြည်တော် (ပြည်ထောင်စုနယ်မြေ),Naypyitaw Union Territory,ပျဉ်းမနား မြို့နယ်,Pyinmana Township,ဥယျာဉ်စု ကျေးရွာအုပ်စု,U Yin Su Village Tract,village_tract,6038,,no_exact_or_fuzzy,missing_local_after_rebind,0,1,1,"Township 6038 resolved, but no exact approved ward/village-tract identity matched; will not invent admin from postal text",,missing_local_admin_identity,township resolved; no exact inventory identity for locality,
1502230,missing_local_admin_identity,နေပြည်တော် (ပြည်ထောင်စုနယ်မြေ),Naypyitaw Union Territory,ပျဉ်းမနား မြို့နယ်,Pyinmana Township,သာယာကုန်း ကျေးရွာအုပ်စု,Thar Yar Kone Village Tract,village_tract,6038,,no_exact_or_fuzzy,missing_local_after_rebind,0,1,1,"Township 6038 resolved, but no exact approved ward/village-tract identity matched; will not invent admin from postal text",,missing_local_admin_identity,township resolved; no exact inventory identity for locality,
1503225,missing_local_admin_identity,နေပြည်တော် (ပြည်ထောင်စုနယ်မြေ),Naypyitaw Union Territory,တပ်ကုန်း မြို့နယ်,Tatkon Township,ဇရပ်ကြီးကုန်း ကျေးရွာအုပ်စု,Za Yat Gyi Kone Village Tract,village_tract,6067,,no_exact_or_fuzzy,missing_local_after_rebind,0,1,1,"Township 6067 resolved, but no exact approved ward/village-tract identity matched; will not invent admin from postal text",,missing_local_admin_identity,township resolved; no exact inventory identity for locality,
1505001,missing_local_admin_identity,နေပြည်တော် (ပြည်ထောင်စုနယ်မြေ),Naypyitaw Union Territory,ဇေယျာသီရိ မြို့နယ်,Zay Yar Thi Ri Township,ကျန်စစ်သား ရပ်ကွက်,Kyan Sit Thar Quarter,ward,6046,,no_exact_or_fuzzy,missing_local_after_rebind,0,1,1,"Township 6046 resolved, but no exact approved ward/village-tract identity matched; will not invent admin from postal text",,missing_local_admin_identity,township resolved; no exact inventory identity for locality,
1505002,missing_local_admin_identity,နေပြည်တော် (ပြည်ထောင်စုနယ်မြေ),Naypyitaw Union Territory,ဇေယျာသီရိ မြို့နယ်,Zay Yar Thi Ri Township,အနော်ရထာ ရပ်ကွက်,Ah Naw Ra Htar Quarter,ward,6046,,no_exact_or_fuzzy,missing_local_after_rebind,0,1,1,"Township 6046 resolved, but no exact approved ward/village-tract identity matched; will not invent admin from postal text",,missing_local_admin_identity,township resolved; no exact inventory identity for locality,
1505003,missing_local_admin_identity,နေပြည်တော် (ပြည်ထောင်စုနယ်မြေ),Naypyitaw Union Territory,ဇေယျာသီရိ မြို့နယ်,Zay Yar Thi Ri Township,ပြည်စံအောင် ရပ်ကွက်,Pyi San Aung Quarter,ward,6046,,no_exact_or_fuzzy,missing_local_after_rebind,0,1,1,"Township 6046 resolved, but no exact approved ward/village-tract identity matched; will not invent admin from postal text",,missing_local_admin_identity,township resolved; no exact inventory identity for locality,
1505004,missing_local_admin_identity,နေပြည်တော် (ပြည်ထောင်စုနယ်မြေ),Naypyitaw Union Territory,ဇေယျာသီရိ မြို့နယ်,Zay Yar Thi Ri Township,အောင်ဇေယျ ရပ်ကွက်,Aung Zay Ya Quarter,ward,6046,,no_exact_or_fuzzy,missing_local_after_rebind,0,1,1,"Township 6046 resolved, but no exact approved ward/village-tract identity matched; will not invent admin from postal text",,missing_local_admin_identity,township resolved; no exact inventory identity for locality,
1505005,missing_local_admin_identity,နေပြည်တော် (ပြည်ထောင်စုနယ်မြေ),Naypyitaw Union Territory,ဇေယျာသီရိ မြို့နယ်,Zay Yar Thi Ri Township,ပုပ္ပါးကုန်း ရပ်ကွက်,Poke Par Kone Quarter,ward,6046,,no_exact_or_fuzzy,missing_local_after_rebind,0,1,1,"Township 6046 resolved, but no exact approved ward/village-tract identity matched; will not invent admin from postal text",,missing_local_admin_identity,township resolved; no exact inventory identity for locality,
1507002,missing_local_admin_identity,နေပြည်တော် (ပြည်ထောင်စုနယ်မြေ),Naypyitaw Union Territory,ပုဗ္ဗသီရိ မြို့နယ်,Poke Ba Thi Ri Township,အောင်သာယာ ရပ်ကွက်,Aung Thar Yar Quarter,ward,6059,,no_exact_or_fuzzy,missing_local_after_rebind,0,1,1,"Township 6059 resolved, but no exact approved ward/village-tract identity matched; will not invent admin from postal text",,missing_local_admin_identity,township resolved; no exact inventory identity for locality,
1507012,missing_local_admin_identity,နေပြည်တော် (ပြည်ထောင်စုနယ်မြေ),Naypyitaw Union Territory,ပုဗ္ဗသီရိ မြို့နယ်,Poke Ba Thi Ri Township,ကျည်တောင်ကန်အမှတ် (၁)  (မြို့သစ်) ရပ်ကွက်,Kyi Taung Kan No (1)  (Myo Thit) Quarter,ward,6059,,no_exact_or_fuzzy,missing_local_after_rebind,0,1,1,"Township 6059 resolved, but no exact approved ward/village-tract identity matched; will not invent admin from postal text",,missing_local_admin_identity,township resolved; no exact inventory identity for locality,
1507013,missing_local_admin_identity,နေပြည်တော် (ပြည်ထောင်စုနယ်မြေ),Naypyitaw Union Territory,ပုဗ္ဗသီရိ မြို့နယ်,Poke Ba Thi Ri Township,ကျည်တောင်ကန်အမှတ် (၂)  (မြို့မ) ရပ်ကွက်,Kyi Taung Kan No (2)  (Myo Ma) Quarter,ward,6059,,no_exact_or_fuzzy,missing_local_after_rebind,0,1,1,"Township 6059 resolved, but no exact approved ward/village-tract identity matched; will not invent admin from postal text",,missing_local_admin_identity,township resolved; no exact inventory identity for locality,
1507014,missing_local_admin_identity,နေပြည်တော် (ပြည်ထောင်စုနယ်မြေ),Naypyitaw Union Territory,ပုဗ္ဗသီရိ မြို့နယ်,Poke Ba Thi Ri Township,ကျည်တောင်ကန်အမှတ် (၃)  (မြို့ဟောင်း) ရပ်ကွက်,Kyi Taung Kan No (3)  (Myo Haung) Quarter,ward,6059,,no_exact_or_fuzzy,missing_local_after_rebind,0,1,1,"Township 6059 resolved, but no exact approved ward/village-tract identity matched; will not invent admin from postal text",,missing_local_admin_identity,township resolved; no exact inventory identity for locality,
1507015,missing_local_admin_identity,နေပြည်တော် (ပြည်ထောင်စုနယ်မြေ),Naypyitaw Union Territory,ပုဗ္ဗသီရိ မြို့နယ်,Poke Ba Thi Ri Township,ကျည်တောင်ကန်အမှတ် (၄)  (ကမ်းနား) ရပ်ကွက်,Kyi Taung Kan No (4) (Kan Nar) Quarter,ward,6059,,no_exact_or_fuzzy,missing_local_after_rebind,0,1,1,"Township 6059 resolved, but no exact approved ward/village-tract identity matched; will not invent admin from postal text",,missing_local_admin_identity,township resolved; no exact inventory identity for locality,
1507016,missing_local_admin_identity,နေပြည်တော် (ပြည်ထောင်စုနယ်မြေ),Naypyitaw Union Territory,ပုဗ္ဗသီရိ မြို့နယ်,Poke Ba Thi Ri Township,ကျည်တောင်ကန်အမှတ် (၅)  (ဆုံကုန်း) ရပ်ကွက်,Kyi Taung Kan No (5)  (Sone Kone) Quarter,ward,6059,,no_exact_or_fuzzy,missing_local_after_rebind,0,1,1,"Township 6059 resolved, but no exact approved ward/village-tract identity matched; will not invent admin from postal text",,missing_local_admin_identity,township resolved; no exact inventory identity for locality,
1507017,missing_local_admin_identity,နေပြည်တော် (ပြည်ထောင်စုနယ်မြေ),Naypyitaw Union Territory,ပုဗ္ဗသီရိ မြို့နယ်,Poke Ba Thi Ri Township,ကျည်တောင်ကန်အမှတ် (၆) (သဲကျွန်း) ရပ်ကွက်,Kyi Taung Kan No (6)  (Thae Kyun) Quarter,ward,6059,,no_exact_or_fuzzy,missing_local_after_rebind,0,1,1,"Township 6059 resolved, but no exact approved ward/village-tract identity matched; will not invent admin from postal text",,missing_local_admin_identity,township resolved; no exact inventory identity for locality,
1601001,missing_local_admin_identity,ရှမ်းပြည်နယ် (မြောက်ပိုင်း),Shan State (North),လားရှိုး မြို့နယ်,Lashio Township,သီရိမဟာ ရပ်ကွက်,Thi Ri Ma Har Quarter,ward,6468,,no_exact_or_fuzzy,missing_local_after_rebind,0,1,1,"Township 6468 resolved, but no exact approved ward/village-tract identity matched; will not invent admin from postal text",,missing_local_admin_identity,township resolved; no exact inventory identity for locality,
1601002,missing_local_admin_identity,ရှမ်းပြည်နယ် (မြောက်ပိုင်း),Shan State (North),လားရှိုး မြို့နယ်,Lashio Township,အောင်မေတ္တာ ရပ်ကွက်,Aung Myit Tar Quarter,ward,6468,,no_exact_or_fuzzy,missing_local_after_rebind,0,1,1,"Township 6468 resolved, but no exact approved ward/village-tract identity matched; will not invent admin from postal text",,missing_local_admin_identity,township resolved; no exact inventory identity for locality,
1601003,missing_local_admin_identity,ရှမ်းပြည်နယ် (မြောက်ပိုင်း),Shan State (North),လားရှိုး မြို့နယ်,Lashio Township,ရွှေဘုံသာ ရပ်ကွက်,Shwe Bon Thar Quarter,ward,6468,,no_exact_or_fuzzy,missing_local_after_rebind,0,1,1,"Township 6468 resolved, but no exact approved ward/village-tract identity matched; will not invent admin from postal text",,missing_local_admin_identity,township resolved; no exact inventory identity for locality,
1601004,missing_local_admin_identity,ရှမ်းပြည်နယ် (မြောက်ပိုင်း),Shan State (North),လားရှိုး မြို့နယ်,Lashio Township,အာရုံတော် ရပ်ကွက်,Ahr Yon Taw Quarter,ward,6468,,no_exact_or_fuzzy,missing_local_after_rebind,0,1,1,"Township 6468 resolved, but no exact approved ward/village-tract identity matched; will not invent admin from postal text",,missing_local_admin_identity,township resolved; no exact inventory identity for locality,
1601005,missing_local_admin_identity,ရှမ်းပြည်နယ် (မြောက်ပိုင်း),Shan State (North),လားရှိုး မြို့နယ်,Lashio Township,အောင်မင်္ဂလာ ရပ်ကွက်,Aung Min Ga Lar Quarter,ward,6468,,no_exact_or_fuzzy,missing_local_after_rebind,0,1,1,"Township 6468 resolved, but no exact approved ward/village-tract identity matched; will not invent admin from postal text",,missing_local_admin_identity,township resolved; no exact inventory identity for locality,
1601006,missing_local_admin_identity,ရှမ်းပြည်နယ် (မြောက်ပိုင်း),Shan State (North),လားရှိုး မြို့နယ်,Lashio Township,ရွှေလီ ရပ်ကွက်,Shwe Li Quarter,ward,6468,,no_exact_or_fuzzy,missing_local_after_rebind,0,1,1,"Township 6468 resolved, but no exact approved ward/village-tract identity matched; will not invent admin from postal text",,missing_local_admin_identity,township resolved; no exact inventory identity for locality,
1601007,missing_local_admin_identity,ရှမ်းပြည်နယ် (မြောက်ပိုင်း),Shan State (North),လားရှိုး မြို့နယ်,Lashio Township,သံလွင် ရပ်ကွက်,Than Lwin Quarter,ward,6468,,no_exact_or_fuzzy,missing_local_after_rebind,0,1,1,"Township 6468 resolved, but no exact approved ward/village-tract identity matched; will not invent admin from postal text",,missing_local_admin_identity,township resolved; no exact inventory identity for locality,
1601008,missing_local_admin_identity,ရှမ်းပြည်နယ် (မြောက်ပိုင်း),Shan State (North),လားရှိုး မြို့နယ်,Lashio Township,အောင်သီတာ ရပ်ကွက်,Aung Thi Dar Quarter,ward,6468,,no_exact_or_fuzzy,missing_local_after_rebind,0,1,1,"Township 6468 resolved, but no exact approved ward/village-tract identity matched; will not invent admin from postal text",,missing_local_admin_identity,township resolved; no exact inventory identity for locality,
1601009,missing_local_admin_identity,ရှမ်းပြည်နယ် (မြောက်ပိုင်း),Shan State (North),လားရှိုး မြို့နယ်,Lashio Township,မြန်မာခါးရိုး ရပ်ကွက်,Myanmar Khar Yoe Quarter,ward,6468,,no_exact_or_fuzzy,missing_local_after_rebind,0,1,1,"Township 6468 resolved, but no exact approved ward/village-tract identity matched; will not invent admin from postal text",,missing_local_admin_identity,township resolved; no exact inventory identity for locality,
1601010,missing_local_admin_identity,ရှမ်းပြည်နယ် (မြောက်ပိုင်း),Shan State (North),လားရှိုး မြို့နယ်,Lashio Township,မြို့ဝမ် ရပ်ကွက်,Myo Wan Quarter,ward,6468,,no_exact_or_fuzzy,missing_local_after_rebind,0,1,1,"Township 6468 resolved, but no exact approved ward/village-tract identity matched; will not invent admin from postal text",,missing_local_admin_identity,township resolved; no exact inventory identity for locality,
1601011,missing_local_admin_identity,ရှမ်းပြည်နယ် (မြောက်ပိုင်း),Shan State (North),လားရှိုး မြို့နယ်,Lashio Township,နမ့်ပါချီး ရပ်ကွက်,Nam Pa Hkyi Quarter,ward,6468,,no_exact_or_fuzzy,missing_local_after_rebind,0,1,1,"Township 6468 resolved, but no exact approved ward/village-tract identity matched; will not invent admin from postal text",,missing_local_admin_identity,township resolved; no exact inventory identity for locality,
1601012,missing_local_admin_identity,ရှမ်းပြည်နယ် (မြောက်ပိုင်း),Shan State (North),လားရှိုး မြို့နယ်,Lashio Township,လားရှိုးကြီး ရပ်ကွက်,Lashio Gyi Quarter,ward,6468,,no_exact_or_fuzzy,missing_local_after_rebind,0,1,1,"Township 6468 resolved, but no exact approved ward/village-tract identity matched; will not invent admin from postal text",,missing_local_admin_identity,township resolved; no exact inventory identity for locality,
1601234,missing_local_admin_identity,ရှမ်းပြည်နယ် (မြောက်ပိုင်း),Shan State (North),လားရှိုး မြို့နယ်,Lashio Township,ပန်ကွဲ ကျေးရွာအုပ်စု,Pang Kwe Village Tract,village_tract,6468,,no_exact_or_fuzzy,missing_local_after_rebind,0,1,1,"Township 6468 resolved, but no exact approved ward/village-tract identity matched; will not invent admin from postal text",,missing_local_admin_identity,township resolved; no exact inventory identity for locality,
1601267,missing_local_admin_identity,ရှမ်းပြည်နယ် (မြောက်ပိုင်း),Shan State (North),လားရှိုး မြို့နယ်,Lashio Township,နောင်ကော် ကျေးရွာအုပ်စု,Nawng Kaw Village Tract,village_tract,6468,,no_exact_or_fuzzy,missing_local_after_rebind,0,1,1,"Township 6468 resolved, but no exact approved ward/village-tract identity matched; will not invent admin from postal text",,missing_local_admin_identity,township resolved; no exact inventory identity for locality,
1601269,missing_local_admin_identity,ရှမ်းပြည်နယ် (မြောက်ပိုင်း),Shan State (North),လားရှိုး မြို့နယ်,Lashio Township,မတ်ကျိုင်း ကျေးရွာအုပ်စု,Mak Keng Village Tract,village_tract,6468,,no_exact_or_fuzzy,missing_local_after_rebind,0,1,1,"Township 6468 resolved, but no exact approved ward/village-tract identity matched; will not invent admin from postal text",,missing_local_admin_identity,township resolved; no exact inventory identity for locality,
1603225,missing_local_admin_identity,ရှမ်းပြည်နယ် (မြောက်ပိုင်း),Shan State (North),မိုင်းရယ် မြို့နယ်,Mongyai Township,နောင်အက် (ပန်ကောင်းမူး) ကျေးရွာအုပ်စု,Nawng Et (Pang Kawng Mu) Village Tract,village_tract,6479,,no_exact_or_fuzzy,missing_local_after_rebind,0,1,1,"Township 6479 resolved, but no exact approved ward/village-tract identity matched; will not invent admin from postal text",,missing_local_admin_identity,township resolved; no exact inventory identity for locality,
1603226,missing_local_admin_identity,ရှမ်းပြည်နယ် (မြောက်ပိုင်း),Shan State (North),မိုင်းရယ် မြို့နယ်,Mongyai Township,နမ့်ယုံး ကျေးရွာအုပ်စု,Nam Yone Village Tract,village_tract,6479,,no_exact_or_fuzzy,missing_local_after_rebind,0,1,1,"Township 6479 resolved, but no exact approved ward/village-tract identity matched; will not invent admin from postal text",,missing_local_admin_identity,township resolved; no exact inventory identity for locality,
1603227,missing_local_admin_identity,ရှမ်းပြည်နယ် (မြောက်ပိုင်း),Shan State (North),မိုင်းရယ် မြို့နယ်,Mongyai Township,ဟတ်လုံတာဟုန်း ကျေးရွာအုပ်စု,Hat Long Tar Huong Village Tract,village_tract,6479,,no_exact_or_fuzzy,missing_local_after_rebind,0,1,1,"Township 6479 resolved, but no exact approved ward/village-tract identity matched; will not invent admin from postal text",,missing_local_admin_identity,township resolved; no exact inventory identity for locality,
1604001,missing_local_admin_identity,ရှမ်းပြည်နယ် (မြောက်ပိုင်း),Shan State (North),တန့်ယန်း မြို့နယ်,Tangyan Township,အမှတ် (၁) ရပ်ကွက်,No (1) Quarter,ward,6467,,no_exact_or_fuzzy,missing_local_after_rebind,0,1,1,"Township 6467 resolved, but no exact approved ward/village-tract identity matched; will not invent admin from postal text",,missing_local_admin_identity,township resolved; no exact inventory identity for locality,
1604002,missing_local_admin_identity,ရှမ်းပြည်နယ် (မြောက်ပိုင်း),Shan State (North),တန့်ယန်း မြို့နယ်,Tangyan Township,အမှတ် (၂) ရပ်ကွက်,No (2) Quarter,ward,6467,,no_exact_or_fuzzy,missing_local_after_rebind,0,1,1,"Township 6467 resolved, but no exact approved ward/village-tract identity matched; will not invent admin from postal text",,missing_local_admin_identity,township resolved; no exact inventory identity for locality,
1604003,missing_local_admin_identity,ရှမ်းပြည်နယ် (မြောက်ပိုင်း),Shan State (North),တန့်ယန်း မြို့နယ်,Tangyan Township,အမှတ် (၃) ရပ်ကွက်,No (3) Quarter,ward,6467,,no_exact_or_fuzzy,missing_local_after_rebind,0,1,1,"Township 6467 resolved, but no exact approved ward/village-tract identity matched; will not invent admin from postal text",,missing_local_admin_identity,township resolved; no exact inventory identity for locality,
1604004,missing_local_admin_identity,ရှမ်းပြည်နယ် (မြောက်ပိုင်း),Shan State (North),တန့်ယန်း မြို့နယ်,Tangyan Township,အမှတ် (၄) ရပ်ကွက်,No (4) Quarter,ward,6467,,no_exact_or_fuzzy,missing_local_after_rebind,0,1,1,"Township 6467 resolved, but no exact approved ward/village-tract identity matched; will not invent admin from postal text",,missing_local_admin_identity,township resolved; no exact inventory identity for locality,
1604005,missing_local_admin_identity,ရှမ်းပြည်နယ် (မြောက်ပိုင်း),Shan State (North),တန့်ယန်း မြို့နယ်,Tangyan Township,အမှတ် (၅) ရပ်ကွက်,No (5) Quarter,ward,6467,,no_exact_or_fuzzy,missing_local_after_rebind,0,1,1,"Township 6467 resolved, but no exact approved ward/village-tract identity matched; will not invent admin from postal text",,missing_local_admin_identity,township resolved; no exact inventory identity for locality,
1604006,missing_local_admin_identity,ရှမ်းပြည်နယ် (မြောက်ပိုင်း),Shan State (North),တန့်ယန်း မြို့နယ်,Tangyan Township,ဝိန်းလောင်း ရပ်ကွက်,Wein Lawng Quarter,ward,6467,,no_exact_or_fuzzy,missing_local_after_rebind,0,1,1,"Township 6467 resolved, but no exact approved ward/village-tract identity matched; will not invent admin from postal text",,missing_local_admin_identity,township resolved; no exact inventory identity for locality,
1604008,missing_local_admin_identity,ရှမ်းပြည်နယ် (မြောက်ပိုင်း),Shan State (North),တန့်ယန်း မြို့နယ်,Tangyan Township,နောင်မို ရပ်ကွက်,Nawng Mo Quarter,ward,6467,,no_exact_or_fuzzy,missing_local_after_rebind,0,1,1,"Township 6467 resolved, but no exact approved ward/village-tract identity matched; will not invent admin from postal text",,missing_local_admin_identity,township resolved; no exact inventory identity for locality,
1604009,missing_local_admin_identity,ရှမ်းပြည်နယ် (မြောက်ပိုင်း),Shan State (North),တန့်ယန်း မြို့နယ်,Tangyan Township,မန်စန် ရပ်ကွက်,Man Hsan Quarter,ward,6467,,no_exact_or_fuzzy,missing_local_after_rebind,0,1,1,"Township 6467 resolved, but no exact approved ward/village-tract identity matched; will not invent admin from postal text",,missing_local_admin_identity,township resolved; no exact inventory identity for locality,
1604010,missing_local_admin_identity,ရှမ်းပြည်နယ် (မြောက်ပိုင်း),Shan State (North),တန့်ယန်း မြို့နယ်,Tangyan Township,ဟိုနမ့် ရပ်ကွက်,Ho Nam Quarter,ward,6467,,no_exact_or_fuzzy,missing_local_after_rebind,0,1,1,"Township 6467 resolved, but no exact approved ward/village-tract identity matched; will not invent admin from postal text",,missing_local_admin_identity,township resolved; no exact inventory identity for locality,
1605001,missing_local_admin_identity,ရှမ်းပြည်နယ် (မြောက်ပိုင်း),Shan State (North),ပန်ဆန်း (ပန်ခမ်း) မြို့နယ်,Pangsang (Panghkam) Township,အမှတ် (၁) ရပ်ကွက်,No (1) Quarter,ward,,,no_exact_or_fuzzy,missing_local_after_rebind,0,1,1,"Township 6484 resolved, but no exact approved ward/village-tract identity matched; will not invent admin from postal text",7c8315d4-ab5a-4b41-974a-fb3cbe249fc9,missing_local_admin_identity,exact pending create could not be rebound to frozen inventory identity,
1605002,missing_local_admin_identity,ရှမ်းပြည်နယ် (မြောက်ပိုင်း),Shan State (North),ပန်ဆန်း (ပန်ခမ်း) မြို့နယ်,Pangsang (Panghkam) Township,အမှတ် (၂) ရပ်ကွက်,No (2) Quarter,ward,,,no_exact_or_fuzzy,missing_local_after_rebind,0,1,1,"Township 6484 resolved, but no exact approved ward/village-tract identity matched; will not invent admin from postal text",7c8315d4-ab5a-4b41-974a-fb3cbe249fc9,missing_local_admin_identity,exact pending create could not be rebound to frozen inventory identity,
1605003,missing_local_admin_identity,ရှမ်းပြည်နယ် (မြောက်ပိုင်း),Shan State (North),ပန်ဆန်း (ပန်ခမ်း) မြို့နယ်,Pangsang (Panghkam) Township,အမှတ် (၃) ရပ်ကွက်,No (3) Quarter,ward,,,no_exact_or_fuzzy,missing_local_after_rebind,0,1,1,"Township 6484 resolved, but no exact approved ward/village-tract identity matched; will not invent admin from postal text",7c8315d4-ab5a-4b41-974a-fb3cbe249fc9,missing_local_admin_identity,exact pending create could not be rebound to frozen inventory identity,
1605205,missing_local_admin_identity,ရှမ်းပြည်နယ် (မြောက်ပိုင်း),Shan State (North),ပန်ဆန်း (ပန်ခမ်း) မြို့နယ်,Pangsang (Panghkam) Township,နောင်ချိတ် ကျေးရွာအုပ်စု,Nawng Cheik Village Tract,village_tract,,,no_exact_or_fuzzy,missing_local_after_rebind,0,1,1,"Township 6484 resolved, but no exact approved ward/village-tract identity matched; will not invent admin from postal text",7c8315d4-ab5a-4b41-974a-fb3cbe249fc9,missing_local_admin_identity,exact pending create could not be rebound to frozen inventory identity,
1605207,missing_local_admin_identity,ရှမ်းပြည်နယ် (မြောက်ပိုင်း),Shan State (North),ပန်ဆန်း (ပန်ခမ်း) မြို့နယ်,Pangsang (Panghkam) Township,ကိုင်းတိန် ကျေးရွာအုပ်စု,Kaing Tein Village Tract,village_tract,,,no_exact_or_fuzzy,missing_local_after_rebind,0,1,1,"Township 6484 resolved, but no exact approved ward/village-tract identity matched; will not invent admin from postal text",7c8315d4-ab5a-4b41-974a-fb3cbe249fc9,missing_local_admin_identity,exact pending create could not be rebound to frozen inventory identity,
1605227,linked_after_review,ရှမ်းပြည်နယ် (မြောက်ပိုင်း),Shan State (North),ပန်ဆန်း (ပန်ခမ်း) မြို့နယ်,Pangsang (Panghkam) Township,နားကောင် ကျေးရွာအုပ်စု,Nar Kawng Village Tract,village_tract,,,no_exact_or_fuzzy,deterministic_multi_create_pick,0,1,1,"Township 6484 resolved, but no exact approved ward/village-tract identity matched; will not invent admin from postal text",7c8315d4-ab5a-4b41-974a-fb3cbe249fc9,linked_after_review,multiple similar creates (2); deterministic pick village_tract:MMR015005028:row12457:village_tract_boundary_Shan_v94.zip_mmr_shn_polbnda_adm4_250k_mimu_1.shp,79908999-e8c9-41fe-8727-8a75473766fc
1605234,linked_after_review,ရှမ်းပြည်နယ် (မြောက်ပိုင်း),Shan State (North),ပန်ဆန်း (ပန်ခမ်း) မြို့နယ်,Pangsang (Panghkam) Township,အုံလုံ ကျေးရွာအုပ်စု,Ong Long Village Tract,village_tract,,,no_exact_or_fuzzy,deterministic_multi_create_pick,0,1,1,"Township 6484 resolved, but no exact approved ward/village-tract identity matched; will not invent admin from postal text",7c8315d4-ab5a-4b41-974a-fb3cbe249fc9,linked_after_review,multiple similar creates (2); deterministic pick village_tract:MMR015005035:row12464:village_tract_boundary_Shan_v94.zip_mmr_shn_polbnda_adm4_250k_mimu_1.shp,70f016fc-9918-4e8d-9d0c-8fe29ed24c18
1605242,missing_local_admin_identity,ရှမ်းပြည်နယ် (မြောက်ပိုင်း),Shan State (North),ပန်ဆန်း (ပန်ခမ်း) မြို့နယ်,Pangsang (Panghkam) Township,ဟိုနမ်း (မန်မန်းဆိုင်) ကျေးရွာအုပ်စု,Ho Nam (Man Mann Hseng) Village Tract,village_tract,,,no_exact_or_fuzzy,missing_local_after_rebind,0,1,1,"Township 6484 resolved, but no exact approved ward/village-tract identity matched; will not invent admin from postal text",7c8315d4-ab5a-4b41-974a-fb3cbe249fc9,missing_local_admin_identity,exact pending create could not be rebound to frozen inventory identity,
1605243,missing_local_admin_identity,ရှမ်းပြည်နယ် (မြောက်ပိုင်း),Shan State (North),ပန်ဆန်း (ပန်ခမ်း) မြို့နယ်,Pangsang (Panghkam) Township,နားမွန်း ကျေးရွာအုပ်စု,Nar Mun Village Tract,village_tract,,,no_exact_or_fuzzy,missing_local_after_rebind,0,1,1,"Township 6484 resolved, but no exact approved ward/village-tract identity matched; will not invent admin from postal text",7c8315d4-ab5a-4b41-974a-fb3cbe249fc9,missing_local_admin_identity,exact pending create could not be rebound to frozen inventory identity,
1605248,missing_local_admin_identity,ရှမ်းပြည်နယ် (မြောက်ပိုင်း),Shan State (North),ပန်ဆန်း (ပန်ခမ်း) မြို့နယ်,Pangsang (Panghkam) Township,အိန်ဆိုင် ကျေးရွာအုပ်စု,Ein Hseng Village Tract,village_tract,,,no_exact_or_fuzzy,missing_local_after_rebind,0,1,1,"Township 6484 resolved, but no exact approved ward/village-tract identity matched; will not invent admin from postal text",7c8315d4-ab5a-4b41-974a-fb3cbe249fc9,missing_local_admin_identity,exact pending create could not be rebound to frozen inventory identity,
1605254,missing_local_admin_identity,ရှမ်းပြည်နယ် (မြောက်ပိုင်း),Shan State (North),ပန်ဆန်း (ပန်ခမ်း) မြို့နယ်,Pangsang (Panghkam) Township,တမန်ဆုံ ကျေးရွာအုပ်စု,Ta Man Hson Village Tract,village_tract,,,no_exact_or_fuzzy,missing_local_after_rebind,0,1,1,"Township 6484 resolved, but no exact approved ward/village-tract identity matched; will not invent admin from postal text",7c8315d4-ab5a-4b41-974a-fb3cbe249fc9,missing_local_admin_identity,exact pending create could not be rebound to frozen inventory identity,
1605264,missing_local_admin_identity,ရှမ်းပြည်နယ် (မြောက်ပိုင်း),Shan State (North),ပန်ဆန်း (ပန်ခမ်း) မြို့နယ်,Pangsang (Panghkam) Township,နားအန် ကျေးရွာအုပ်စု,Nar An Village Tract,village_tract,,,no_exact_or_fuzzy,missing_local_after_rebind,0,1,1,"Township 6484 resolved, but no exact approved ward/village-tract identity matched; will not invent admin from postal text",7c8315d4-ab5a-4b41-974a-fb3cbe249fc9,missing_local_admin_identity,exact pending create could not be rebound to frozen inventory identity,
1605265,missing_local_admin_identity,ရှမ်းပြည်နယ် (မြောက်ပိုင်း),Shan State (North),ပန်ဆန်း (ပန်ခမ်း) မြို့နယ်,Pangsang (Panghkam) Township,ပန်လော့ ကျေးရွာအုပ်စု,Pang Lawt Village Tract,village_tract,,,no_exact_or_fuzzy,missing_local_after_rebind,0,1,1,"Township 6484 resolved, but no exact approved ward/village-tract identity matched; will not invent admin from postal text",7c8315d4-ab5a-4b41-974a-fb3cbe249fc9,missing_local_admin_identity,exact pending create could not be rebound to frozen inventory identity,
1605268,missing_local_admin_identity,ရှမ်းပြည်နယ် (မြောက်ပိုင်း),Shan State (North),ပန်ဆန်း (ပန်ခမ်း) မြို့နယ်,Pangsang (Panghkam) Township,နောက်ငုံး ကျေးရွာအုပ်စု,Nauk Ngone Village Tract,village_tract,,,no_exact_or_fuzzy,missing_local_after_rebind,0,1,1,"Township 6484 resolved, but no exact approved ward/village-tract identity matched; will not invent admin from postal text",7c8315d4-ab5a-4b41-974a-fb3cbe249fc9,missing_local_admin_identity,exact pending create could not be rebound to frozen inventory identity,
1605269,missing_local_admin_identity,ရှမ်းပြည်နယ် (မြောက်ပိုင်း),Shan State (North),ပန်ဆန်း (ပန်ခမ်း) မြို့နယ်,Pangsang (Panghkam) Township,ဆုတ်ဝိုး ကျေးရွာအုပ်စု,Soke Woe Village Tract,village_tract,,,no_exact_or_fuzzy,missing_local_after_rebind,0,1,1,"Township 6484 resolved, but no exact approved ward/village-tract identity matched; will not invent admin from postal text",7c8315d4-ab5a-4b41-974a-fb3cbe249fc9,missing_local_admin_identity,exact pending create could not be rebound to frozen inventory identity,
1605276,missing_local_admin_identity,ရှမ်းပြည်နယ် (မြောက်ပိုင်း),Shan State (North),ပန်ဆန်း (ပန်ခမ်း) မြို့နယ်,Pangsang (Panghkam) Township,ယောင်ပန် ကျေးရွာအုပ်စု,Yawng Pang Village Tract,village_tract,,,no_exact_or_fuzzy,missing_local_after_rebind,0,1,1,"Township 6484 resolved, but no exact approved ward/village-tract identity matched; will not invent admin from postal text",7c8315d4-ab5a-4b41-974a-fb3cbe249fc9,missing_local_admin_identity,exact pending create could not be rebound to frozen inventory identity,
1606208,missing_local_admin_identity,ရှမ်းပြည်နယ် (မြောက်ပိုင်း),Shan State (North),နားဖန် မြို့နယ်,Narphan Township,ဆုံလုံ ကျေးရွာအုပ်စု,Hson Long Village Tract,village_tract,6456,,no_exact_or_fuzzy,missing_local_after_rebind,0,1,1,"Township 6456 resolved, but no exact approved ward/village-tract identity matched; will not invent admin from postal text",,missing_local_admin_identity,township resolved; no exact inventory identity for locality,
1606226,missing_local_admin_identity,ရှမ်းပြည်နယ် (မြောက်ပိုင်း),Shan State (North),နားဖန် မြို့နယ်,Narphan Township,ဈေးသစ် (ဟာခွန်) ကျေးရွာအုပ်စု,Zay Thit (Har Hkun) Village Tract,village_tract,6456,,no_exact_or_fuzzy,missing_local_after_rebind,0,1,1,"Township 6456 resolved, but no exact approved ward/village-tract identity matched; will not invent admin from postal text",,missing_local_admin_identity,township resolved; no exact inventory identity for locality,
1606230,missing_local_admin_identity,ရှမ်းပြည်နယ် (မြောက်ပိုင်း),Shan State (North),နားဖန် မြို့နယ်,Narphan Township,ကွန်ညှက် ကျေးရွာအုပ်စု,Kun Hnyet Village Tract,village_tract,6456,,no_exact_or_fuzzy,missing_local_after_rebind,0,1,1,"Township 6456 resolved, but no exact approved ward/village-tract identity matched; will not invent admin from postal text",,missing_local_admin_identity,township resolved; no exact inventory identity for locality,
1606232,missing_local_admin_identity,ရှမ်းပြည်နယ် (မြောက်ပိုင်း),Shan State (North),နားဖန် မြို့နယ်,Narphan Township,ဖန်ခရို့ ကျေးရွာအုပ်စု,Hpan Hka Yoet Village Tract,village_tract,6456,,no_exact_or_fuzzy,missing_local_after_rebind,0,1,1,"Township 6456 resolved, but no exact approved ward/village-tract identity matched; will not invent admin from postal text",,missing_local_admin_identity,township resolved; no exact inventory identity for locality,
1607213,missing_local_admin_identity,ရှမ်းပြည်နယ် (မြောက်ပိုင်း),Shan State (North),ပန်ဝိုင် မြို့နယ်,Pangwaun Township,ယောင်တီးယား ကျေးရွာအုပ်စု,Yawng Tee Yar Village Tract,village_tract,6451,,no_exact_or_fuzzy,missing_local_after_rebind,0,1,1,"Township 6451 resolved, but no exact approved ward/village-tract identity matched; will not invent admin from postal text",,missing_local_admin_identity,township resolved; no exact inventory identity for locality,
1607217,missing_local_admin_identity,ရှမ်းပြည်နယ် (မြောက်ပိုင်း),Shan State (North),ပန်ဝိုင် မြို့နယ်,Pangwaun Township,ယောင်နွန်း ကျေးရွာအုပ်စု,Yawng Nun Village Tract,village_tract,6451,,no_exact_or_fuzzy,missing_local_after_rebind,0,1,1,"Township 6451 resolved, but no exact approved ward/village-tract identity matched; will not invent admin from postal text",,missing_local_admin_identity,township resolved; no exact inventory identity for locality,
1608219,missing_local_admin_identity,ရှမ်းပြည်နယ် (မြောက်ပိုင်း),Shan State (North),မိုင်းမော မြို့နယ်,Mongmao Township,မန်ကွေ့လုံ ကျေးရွာအုပ်စု,Man Kwayt Lun Village Tract,village_tract,6488,,no_exact_or_fuzzy,missing_local_after_rebind,0,1,1,"Township 6488 resolved, but no exact approved ward/village-tract identity matched; will not invent admin from postal text",,missing_local_admin_identity,township resolved; no exact inventory identity for locality,
1608221,missing_local_admin_identity,ရှမ်းပြည်နယ် (မြောက်ပိုင်း),Shan State (North),မိုင်းမော မြို့နယ်,Mongmao Township,မွတ်လုံ ကျေးရွာအုပ်စု,Mut Long Village Tract,village_tract,6488,,no_exact_or_fuzzy,missing_local_after_rebind,0,1,1,"Township 6488 resolved, but no exact approved ward/village-tract identity matched; will not invent admin from postal text",,missing_local_admin_identity,township resolved; no exact inventory identity for locality,
1608232,missing_local_admin_identity,ရှမ်းပြည်နယ် (မြောက်ပိုင်း),Shan State (North),မိုင်းမော မြို့နယ်,Mongmao Township,ကန်ဆေး ကျေးရွာအုပ်စု,Kan Hsay Village Tract,village_tract,6488,,no_exact_or_fuzzy,missing_local_after_rebind,0,1,1,"Township 6488 resolved, but no exact approved ward/village-tract identity matched; will not invent admin from postal text",,missing_local_admin_identity,township resolved; no exact inventory identity for locality,
1608239,missing_local_admin_identity,ရှမ်းပြည်နယ် (မြောက်ပိုင်း),Shan State (North),မိုင်းမော မြို့နယ်,Mongmao Township,စအွတ်မန်ထိုက် ကျေးရွာအုပ်စု,Sa Aut Man Htaik Village Tract,village_tract,6488,,no_exact_or_fuzzy,missing_local_after_rebind,0,1,1,"Township 6488 resolved, but no exact approved ward/village-tract identity matched; will not invent admin from postal text",,missing_local_admin_identity,township resolved; no exact inventory identity for locality,
1609220,missing_local_admin_identity,ရှမ်းပြည်နယ် (မြောက်ပိုင်း),Shan State (North),မူဆယ် မြို့နယ်,Muse Township,ဖာပွန်လီဆော ကျေးရွာအုပ်စု,Hpar Pun Li Saw Village Tract,village_tract,6600,,no_exact_or_fuzzy,missing_local_after_rebind,0,1,1,"Township 6600 resolved, but no exact approved ward/village-tract identity matched; will not invent admin from postal text",,missing_local_admin_identity,township resolved; no exact inventory identity for locality,
1609224,missing_local_admin_identity,ရှမ်းပြည်နယ် (မြောက်ပိုင်း),Shan State (North),မူဆယ် မြို့နယ်,Muse Township,နမ့်မြဲကချင် ကျေးရွာအုပ်စု,Nam Mye Kachin Village Tract,village_tract,6600,,no_exact_or_fuzzy,missing_local_after_rebind,0,1,1,"Township 6600 resolved, but no exact approved ward/village-tract identity matched; will not invent admin from postal text",,missing_local_admin_identity,township resolved; no exact inventory identity for locality,
1609227,missing_local_admin_identity,ရှမ်းပြည်နယ် (မြောက်ပိုင်း),Shan State (North),မူဆယ် မြို့နယ်,Muse Township,ပန်ဆိုင်း ကျေးရွာအုပ်စု,Pang Hseng Village Tract,village_tract,6600,,no_exact_or_fuzzy,missing_local_after_rebind,0,1,1,"Township 6600 resolved, but no exact approved ward/village-tract identity matched; will not invent admin from postal text",,missing_local_admin_identity,township resolved; no exact inventory identity for locality,
1609250,linked_after_review,ရှမ်းပြည်နယ် (မြောက်ပိုင်း),Shan State (North),မူဆယ် မြို့နယ်,Muse Township,မန့်ကန် ကျေးရွာအုပ်စု,Mant Kant Village Tract,village_tract,6600,,exact_my,deterministic_multi_create_pick,0,1,1,"Exact name matches Phase-3 approved create_mimu_placeholder / create_new, but no local_admin_area_id exists yet — do not invent id from postal text",,linked_after_review,multiple similar creates (2); deterministic pick village_tract:MMR015009032:row12631:village_tract_boundary_Shan_v94.zip_mmr_shn_polbnda_adm4_250k_mimu_1.shp,0588c012-f59a-4cf9-a0a5-bd9911e61e58
1610001,missing_local_admin_identity,ရှမ်းပြည်နယ် (မြောက်ပိုင်း),Shan State (North),နမ့်ခမ်း မြို့နယ်,Namhkan Township,အမှတ် (၁) ရပ်ကွက်,No (1) Quarter,ward,6599,,no_exact_or_fuzzy,missing_local_after_rebind,0,1,1,"Township 6599 resolved, but no exact approved ward/village-tract identity matched; will not invent admin from postal text",,missing_local_admin_identity,township resolved; no exact inventory identity for locality,
1610002,missing_local_admin_identity,ရှမ်းပြည်နယ် (မြောက်ပိုင်း),Shan State (North),နမ့်ခမ်း မြို့နယ်,Namhkan Township,အမှတ် (၂) ရပ်ကွက်,No (2) Quarter,ward,6599,,no_exact_or_fuzzy,missing_local_after_rebind,0,1,1,"Township 6599 resolved, but no exact approved ward/village-tract identity matched; will not invent admin from postal text",,missing_local_admin_identity,township resolved; no exact inventory identity for locality,
1610003,missing_local_admin_identity,ရှမ်းပြည်နယ် (မြောက်ပိုင်း),Shan State (North),နမ့်ခမ်း မြို့နယ်,Namhkan Township,အမှတ် (၃) ရပ်ကွက်,No (3) Quarter,ward,6599,,no_exact_or_fuzzy,missing_local_after_rebind,0,1,1,"Township 6599 resolved, but no exact approved ward/village-tract identity matched; will not invent admin from postal text",,missing_local_admin_identity,township resolved; no exact inventory identity for locality,
1610004,missing_local_admin_identity,ရှမ်းပြည်နယ် (မြောက်ပိုင်း),Shan State (North),နမ့်ခမ်း မြို့နယ်,Namhkan Township,အမှတ် (၄) ရပ်ကွက်,No (4) Quarter,ward,6599,,no_exact_or_fuzzy,missing_local_after_rebind,0,1,1,"Township 6599 resolved, but no exact approved ward/village-tract identity matched; will not invent admin from postal text",,missing_local_admin_identity,township resolved; no exact inventory identity for locality,
1610005,missing_local_admin_identity,ရှမ်းပြည်နယ် (မြောက်ပိုင်း),Shan State (North),နမ့်ခမ်း မြို့နယ်,Namhkan Township,အမှတ် (၅) ရပ်ကွက်,No (5) Quarter,ward,6599,,no_exact_or_fuzzy,missing_local_after_rebind,0,1,1,"Township 6599 resolved, but no exact approved ward/village-tract identity matched; will not invent admin from postal text",,missing_local_admin_identity,township resolved; no exact inventory identity for locality,
1610006,missing_local_admin_identity,ရှမ်းပြည်နယ် (မြောက်ပိုင်း),Shan State (North),နမ့်ခမ်း မြို့နယ်,Namhkan Township,အမှတ် (၆) ရပ်ကွက်,No (6) Quarter,ward,6599,,no_exact_or_fuzzy,missing_local_after_rebind,0,1,1,"Township 6599 resolved, but no exact approved ward/village-tract identity matched; will not invent admin from postal text",,missing_local_admin_identity,township resolved; no exact inventory identity for locality,
1610007,missing_local_admin_identity,ရှမ်းပြည်နယ် (မြောက်ပိုင်း),Shan State (North),နမ့်ခမ်း မြို့နယ်,Namhkan Township,အမှတ် (၇) ရပ်ကွက်,No (7) Quarter,ward,6599,,no_exact_or_fuzzy,missing_local_after_rebind,0,1,1,"Township 6599 resolved, but no exact approved ward/village-tract identity matched; will not invent admin from postal text",,missing_local_admin_identity,township resolved; no exact inventory identity for locality,
1610008,missing_local_admin_identity,ရှမ်းပြည်နယ် (မြောက်ပိုင်း),Shan State (North),နမ့်ခမ်း မြို့နယ်,Namhkan Township,အမှတ် (၈) ရပ်ကွက်,No (8) Quarter,ward,6599,,no_exact_or_fuzzy,missing_local_after_rebind,0,1,1,"Township 6599 resolved, but no exact approved ward/village-tract identity matched; will not invent admin from postal text",,missing_local_admin_identity,township resolved; no exact inventory identity for locality,
1610009,missing_local_admin_identity,ရှမ်းပြည်နယ် (မြောက်ပိုင်း),Shan State (North),နမ့်ခမ်း မြို့နယ်,Namhkan Township,အမှတ် (၉) ရပ်ကွက်,No (9) Quarter,ward,6599,,no_exact_or_fuzzy,missing_local_after_rebind,0,1,1,"Township 6599 resolved, but no exact approved ward/village-tract identity matched; will not invent admin from postal text",,missing_local_admin_identity,township resolved; no exact inventory identity for locality,
1610010,missing_local_admin_identity,ရှမ်းပြည်နယ် (မြောက်ပိုင်း),Shan State (North),နမ့်ခမ်း မြို့နယ်,Namhkan Township,အမှတ် (၁၀) ရပ်ကွက်,No (10) Quarter,ward,6599,,no_exact_or_fuzzy,missing_local_after_rebind,0,1,1,"Township 6599 resolved, but no exact approved ward/village-tract identity matched; will not invent admin from postal text",,missing_local_admin_identity,township resolved; no exact inventory identity for locality,
1610011,missing_local_admin_identity,ရှမ်းပြည်နယ် (မြောက်ပိုင်း),Shan State (North),နမ့်ခမ်း မြို့နယ်,Namhkan Township,အမှတ် (၁၁) ရပ်ကွက်,No (11) Quarter,ward,6599,,no_exact_or_fuzzy,missing_local_after_rebind,0,1,1,"Township 6599 resolved, but no exact approved ward/village-tract identity matched; will not invent admin from postal text",,missing_local_admin_identity,township resolved; no exact inventory identity for locality,
1610012,missing_local_admin_identity,ရှမ်းပြည်နယ် (မြောက်ပိုင်း),Shan State (North),နမ့်ခမ်း မြို့နယ်,Namhkan Township,အမှတ် (၁၂) ရပ်ကွက်,No (12) Quarter,ward,6599,,no_exact_or_fuzzy,missing_local_after_rebind,0,1,1,"Township 6599 resolved, but no exact approved ward/village-tract identity matched; will not invent admin from postal text",,missing_local_admin_identity,township resolved; no exact inventory identity for locality,
1610013,missing_local_admin_identity,ရှမ်းပြည်နယ် (မြောက်ပိုင်း),Shan State (North),နမ့်ခမ်း မြို့နယ်,Namhkan Township,အမှတ် (၁၃) ရပ်ကွက်,No (13) Quarter,ward,6599,,no_exact_or_fuzzy,missing_local_after_rebind,0,1,1,"Township 6599 resolved, but no exact approved ward/village-tract identity matched; will not invent admin from postal text",,missing_local_admin_identity,township resolved; no exact inventory identity for locality,
1610014,missing_local_admin_identity,ရှမ်းပြည်နယ် (မြောက်ပိုင်း),Shan State (North),နမ့်ခမ်း မြို့နယ်,Namhkan Township,အမှတ် (၁၄) ရပ်ကွက်,No (14) Quarter,ward,6599,,no_exact_or_fuzzy,missing_local_after_rebind,0,1,1,"Township 6599 resolved, but no exact approved ward/village-tract identity matched; will not invent admin from postal text",,missing_local_admin_identity,township resolved; no exact inventory identity for locality,
1610200,missing_local_admin_identity,ရှမ်းပြည်နယ် (မြောက်ပိုင်း),Shan State (North),နမ့်ခမ်း မြို့နယ်,Namhkan Township,ကောင်းဆာ ကျေးရွာအုပ်စု,Kawng Hsar Village Tract,village_tract,6599,,no_exact_or_fuzzy,missing_local_after_rebind,0,1,1,"Township 6599 resolved, but no exact approved ward/village-tract identity matched; will not invent admin from postal text",,missing_local_admin_identity,township resolved; no exact inventory identity for locality,
1611224,missing_local_admin_identity,ရှမ်းပြည်နယ် (မြောက်ပိုင်း),Shan State (North),ကွတ်ခိုင် မြို့နယ်,Kutkai Township,အူရာဘွမ်ဇင်လွမ် ကျေးရွာအုပ်စု,Au Rar Bum Zin Lum Village Tract,village_tract,6569,,no_exact_or_fuzzy,missing_local_after_rebind,0,1,1,"Township 6569 resolved, but no exact approved ward/village-tract identity matched; will not invent admin from postal text",,missing_local_admin_identity,township resolved; no exact inventory identity for locality,
1611225,missing_local_admin_identity,ရှမ်းပြည်နယ် (မြောက်ပိုင်း),Shan State (North),ကွတ်ခိုင် မြို့နယ်,Kutkai Township,ပန်ကိုင်နားမွန်း ကျေးရွာအုပ်စု,Pang Kai Nar Mun Village Tract,village_tract,6569,,no_exact_or_fuzzy,missing_local_after_rebind,0,1,1,"Township 6569 resolved, but no exact approved ward/village-tract identity matched; will not invent admin from postal text",,missing_local_admin_identity,township resolved; no exact inventory identity for locality,
1611226,missing_local_admin_identity,ရှမ်းပြည်နယ် (မြောက်ပိုင်း),Shan State (North),ကွတ်ခိုင် မြို့နယ်,Kutkai Township,ပန်ကိုင်  (ထက်) ကျေးရွာအုပ်စု,Pang Kai (Upper) Village Tract,village_tract,6569,,no_exact_or_fuzzy,missing_local_after_rebind,0,1,1,"Township 6569 resolved, but no exact approved ward/village-tract identity matched; will not invent admin from postal text",,missing_local_admin_identity,township resolved; no exact inventory identity for locality,
1611236,missing_local_admin_identity,ရှမ်းပြည်နယ် (မြောက်ပိုင်း),Shan State (North),ကွတ်ခိုင် မြို့နယ်,Kutkai Township,နိမ်လွမ်ဂန်နမ် ကျေးရွာအုပ်စု,Nein Lum Gan Nam Village Tract,village_tract,6569,,no_exact_or_fuzzy,missing_local_after_rebind,0,1,1,"Township 6569 resolved, but no exact approved ward/village-tract identity matched; will not invent admin from postal text",,missing_local_admin_identity,township resolved; no exact inventory identity for locality,
1611237,missing_local_admin_identity,ရှမ်းပြည်နယ် (မြောက်ပိုင်း),Shan State (North),ကွတ်ခိုင် မြို့နယ်,Kutkai Township,နိမ်လွမ်ဝလိုင်း ကျေးရွာအုပ်စု,Nein Lum Wa Laing Village Tract,village_tract,6569,,no_exact_or_fuzzy,missing_local_after_rebind,0,1,1,"Township 6569 resolved, but no exact approved ward/village-tract identity matched; will not invent admin from postal text",,missing_local_admin_identity,township resolved; no exact inventory identity for locality,
1612263,missing_local_admin_identity,ရှမ်းပြည်နယ် (မြောက်ပိုင်း),Shan State (North),ကျောက်မဲ မြို့နယ်,Kyaukme Township,ကောင်းကလော ကျေးရွာအုပ်စု,Kawng Ka Law Village Tract,village_tract,6551,,no_exact_or_fuzzy,missing_local_after_rebind,0,1,1,"Township 6551 resolved, but no exact approved ward/village-tract identity matched; will not invent admin from postal text",,missing_local_admin_identity,township resolved; no exact inventory identity for locality,
1612268,missing_local_admin_identity,ရှမ်းပြည်နယ် (မြောက်ပိုင်း),Shan State (North),ကျောက်မဲ မြို့နယ်,Kyaukme Township,ခွန်ခွါ ကျေးရွာအုပ်စု,Hkun Hkwa Village Tract,village_tract,6551,,no_exact_or_fuzzy,missing_local_after_rebind,0,1,1,"Township 6551 resolved, but no exact approved ward/village-tract identity matched; will not invent admin from postal text",,missing_local_admin_identity,township resolved; no exact inventory identity for locality,
1612270,missing_local_admin_identity,ရှမ်းပြည်နယ် (မြောက်ပိုင်း),Shan State (North),ကျောက်မဲ မြို့နယ်,Kyaukme Township,ကျောက်လုံးကြီး ကျေးရွာအုပ်စု,Kyauk Lone Gyi Village Tract,village_tract,6551,,no_exact_or_fuzzy,missing_local_after_rebind,0,1,1,"Township 6551 resolved, but no exact approved ward/village-tract identity matched; will not invent admin from postal text",,missing_local_admin_identity,township resolved; no exact inventory identity for locality,
1612271,missing_local_admin_identity,ရှမ်းပြည်နယ် (မြောက်ပိုင်း),Shan State (North),ကျောက်မဲ မြို့နယ်,Kyaukme Township,ကျောက်ဖြူ ကျေးရွာအုပ်စု,Kyauk Hpyu Village Tract,village_tract,6551,,no_exact_or_fuzzy,missing_local_after_rebind,0,1,1,"Township 6551 resolved, but no exact approved ward/village-tract identity matched; will not invent admin from postal text",,missing_local_admin_identity,township resolved; no exact inventory identity for locality,
1612272,missing_local_admin_identity,ရှမ်းပြည်နယ် (မြောက်ပိုင်း),Shan State (North),ကျောက်မဲ မြို့နယ်,Kyaukme Township,မြို့သစ် ကျေးရွာအုပ်စု,Myo Thit Village Tract,village_tract,6551,,no_exact_or_fuzzy,missing_local_after_rebind,0,1,1,"Township 6551 resolved, but no exact approved ward/village-tract identity matched; will not invent admin from postal text",,missing_local_admin_identity,township resolved; no exact inventory identity for locality,
1612273,missing_local_admin_identity,ရှမ်းပြည်နယ် (မြောက်ပိုင်း),Shan State (North),ကျောက်မဲ မြို့နယ်,Kyaukme Township,နမ့်တွေ ကျေးရွာအုပ်စု,Nam Tway Village Tract,village_tract,6551,,no_exact_or_fuzzy,missing_local_after_rebind,0,1,1,"Township 6551 resolved, but no exact approved ward/village-tract identity matched; will not invent admin from postal text",,missing_local_admin_identity,township resolved; no exact inventory identity for locality,
1612274,missing_local_admin_identity,ရှမ်းပြည်နယ် (မြောက်ပိုင်း),Shan State (North),ကျောက်မဲ မြို့နယ်,Kyaukme Township,အုန်းမစွန် ကျေးရွာအုပ်စု,Ohn Ma Sun Village Tract,village_tract,6551,,no_exact_or_fuzzy,missing_local_after_rebind,0,1,1,"Township 6551 resolved, but no exact approved ward/village-tract identity matched; will not invent admin from postal text",,missing_local_admin_identity,township resolved; no exact inventory identity for locality,
1612275,missing_local_admin_identity,ရှမ်းပြည်နယ် (မြောက်ပိုင်း),Shan State (North),ကျောက်မဲ မြို့နယ်,Kyaukme Township,ပန်းနင်း ကျေးရွာအုပ်စု,Pang Nin Village Tract,village_tract,6551,,no_exact_or_fuzzy,missing_local_after_rebind,0,1,1,"Township 6551 resolved, but no exact approved ward/village-tract identity matched; will not invent admin from postal text",,missing_local_admin_identity,township resolved; no exact inventory identity for locality,
1614242,linked_after_review,ရှမ်းပြည်နယ် (မြောက်ပိုင်း),Shan State (North),သီပေါ မြို့နယ်,Hsipaw Township,နားလေ (လီ) ကျေးရွာအုပ်စု,Nar Lay Village Tract,village_tract,6523,,exact_en,deterministic_multi_create_pick,0,1,1,"Exact name matches Phase-3 approved create_mimu_placeholder / create_new, but no local_admin_area_id exists yet — do not invent id from postal text",,linked_after_review,multiple similar creates (2); deterministic pick village_tract:MMR015014043:row11992:village_tract_boundary_Shan_v94.zip_mmr_shn_polbnda_adm4_250k_mimu_1.shp,a0daa25f-dfc4-401c-b09f-70a9d1f09ef7
1614250,linked_after_review,ရှမ်းပြည်နယ် (မြောက်ပိုင်း),Shan State (North),သီပေါ မြို့နယ်,Hsipaw Township,နားလေ ကျေးရွာအုပ်စု,Nar Lay (Li) Village Tract,village_tract,6523,,exact_my,deterministic_multi_create_pick,0,1,1,"Exact name matches Phase-3 approved create_mimu_placeholder / create_new, but no local_admin_area_id exists yet — do not invent id from postal text",,linked_after_review,multiple similar creates (2); deterministic pick village_tract:MMR015014043:row11992:village_tract_boundary_Shan_v94.zip_mmr_shn_polbnda_adm4_250k_mimu_1.shp,a0daa25f-dfc4-401c-b09f-70a9d1f09ef7
1615220,missing_local_admin_identity,ရှမ်းပြည်နယ် (မြောက်ပိုင်း),Shan State (North),နမ္မတူ မြို့နယ်,Namtu Township,ဝိန်းမြင့် ကျေးရွာအုပ်စု,Wein Myint Village Tract,village_tract,6560,,no_exact_or_fuzzy,missing_local_after_rebind,0,1,1,"Township 6560 resolved, but no exact approved ward/village-tract identity matched; will not invent admin from postal text",,missing_local_admin_identity,township resolved; no exact inventory identity for locality,
1615221,missing_local_admin_identity,ရှမ်းပြည်နယ် (မြောက်ပိုင်း),Shan State (North),နမ္မတူ မြို့နယ်,Namtu Township,ပန်ယန်း ကျေးရွာအုပ်စု,Pang Yang Village Tract,village_tract,6560,,no_exact_or_fuzzy,missing_local_after_rebind,0,1,1,"Township 6560 resolved, but no exact approved ward/village-tract identity matched; will not invent admin from postal text",,missing_local_admin_identity,township resolved; no exact inventory identity for locality,
1615222,missing_local_admin_identity,ရှမ်းပြည်နယ် (မြောက်ပိုင်း),Shan State (North),နမ္မတူ မြို့နယ်,Namtu Township,ဆန်ပူး ကျေးရွာအုပ်စု,Hsan Pu Village Tract,village_tract,6560,,no_exact_or_fuzzy,missing_local_after_rebind,0,1,1,"Township 6560 resolved, but no exact approved ward/village-tract identity matched; will not invent admin from postal text",,missing_local_admin_identity,township resolved; no exact inventory identity for locality,
1617001,missing_local_admin_identity,ရှမ်းပြည်နယ် (မြောက်ပိုင်း),Shan State (North),မိုးမိတ် မြို့နယ်,Mongmit Township,တောင်ပိုင်း ရပ်ကွက်,Taung Paing Quarter,ward,6558,,no_exact_or_fuzzy,missing_local_after_rebind,0,1,1,"Township 6558 resolved, but no exact approved ward/village-tract identity matched; will not invent admin from postal text",,missing_local_admin_identity,township resolved; no exact inventory identity for locality,
1617002,missing_local_admin_identity,ရှမ်းပြည်နယ် (မြောက်ပိုင်း),Shan State (North),မိုးမိတ် မြို့နယ်,Mongmit Township,မြောက်ပိုင်း ရပ်ကွက်,Myauk Paing Quarter,ward,6558,,no_exact_or_fuzzy,missing_local_after_rebind,0,1,1,"Township 6558 resolved, but no exact approved ward/village-tract identity matched; will not invent admin from postal text",,missing_local_admin_identity,township resolved; no exact inventory identity for locality,
1617003,missing_local_admin_identity,ရှမ်းပြည်နယ် (မြောက်ပိုင်း),Shan State (North),မိုးမိတ် မြို့နယ်,Mongmit Township,လက်ခုတ်တန်း ရပ်ကွက်,Let Khoke Tan Quarter,ward,6558,,no_exact_or_fuzzy,missing_local_after_rebind,0,1,1,"Township 6558 resolved, but no exact approved ward/village-tract identity matched; will not invent admin from postal text",,missing_local_admin_identity,township resolved; no exact inventory identity for locality,
1617004,missing_local_admin_identity,ရှမ်းပြည်နယ် (မြောက်ပိုင်း),Shan State (North),မိုးမိတ် မြို့နယ်,Mongmit Township,ဟော်ကုန်း (ဟော်နန်း) ရပ်ကွက်,Haw Kone (Haw Nan) Quarter,ward,6558,,no_exact_or_fuzzy,missing_local_after_rebind,0,1,1,"Township 6558 resolved, but no exact approved ward/village-tract identity matched; will not invent admin from postal text",,missing_local_admin_identity,township resolved; no exact inventory identity for locality,
1617223,missing_local_admin_identity,ရှမ်းပြည်နယ် (မြောက်ပိုင်း),Shan State (North),မိုးမိတ် မြို့နယ်,Mongmit Township,ကြူဆာ ကျေးရွာအုပ်စု,Kyu Hsar Village Tract,village_tract,6558,,no_exact_or_fuzzy,missing_local_after_rebind,0,1,1,"Township 6558 resolved, but no exact approved ward/village-tract identity matched; will not invent admin from postal text",,missing_local_admin_identity,township resolved; no exact inventory identity for locality,
1618210,missing_local_admin_identity,ရှမ်းပြည်နယ် (မြောက်ပိုင်း),Shan State (North),မဘိမ်း မြို့နယ်,Mabein Township,လွယ်ဆိုင် ကျေးရွာအုပ်စု,Loi Hseng Village Tract,village_tract,6585,,no_exact_or_fuzzy,missing_local_after_rebind,0,1,1,"Township 6585 resolved, but no exact approved ward/village-tract identity matched; will not invent admin from postal text",,missing_local_admin_identity,township resolved; no exact inventory identity for locality,
1618211,missing_local_admin_identity,ရှမ်းပြည်နယ် (မြောက်ပိုင်း),Shan State (North),မဘိမ်း မြို့နယ်,Mabein Township,လွယ်ဝိန်း ကျေးရွာအုပ်စု,Loi Wein Village Tract,village_tract,6585,,no_exact_or_fuzzy,missing_local_after_rebind,0,1,1,"Township 6585 resolved, but no exact approved ward/village-tract identity matched; will not invent admin from postal text",,missing_local_admin_identity,township resolved; no exact inventory identity for locality,
1618212,missing_local_admin_identity,ရှမ်းပြည်နယ် (မြောက်ပိုင်း),Shan State (North),မဘိမ်း မြို့နယ်,Mabein Township,ခါဂျစ် ကျေးရွာအုပ်စု,Hkar Gyit Village Tract,village_tract,6585,,no_exact_or_fuzzy,missing_local_after_rebind,0,1,1,"Township 6585 resolved, but no exact approved ward/village-tract identity matched; will not invent admin from postal text",,missing_local_admin_identity,township resolved; no exact inventory identity for locality,
1618213,missing_local_admin_identity,ရှမ်းပြည်နယ် (မြောက်ပိုင်း),Shan State (North),မဘိမ်း မြို့နယ်,Mabein Township,လွယ်ဆောင်း ကျေးရွာအုပ်စု,Loi Hsawng Village Tract,village_tract,6585,,no_exact_or_fuzzy,missing_local_after_rebind,0,1,1,"Township 6585 resolved, but no exact approved ward/village-tract identity matched; will not invent admin from postal text",,missing_local_admin_identity,township resolved; no exact inventory identity for locality,
1619212,missing_local_admin_identity,ရှမ်းပြည်နယ် (မြောက်ပိုင်း),Shan State (North),မန်တုံ မြို့နယ်,Manton Township,ဆိုင်းလိန် (က) ကျေးရွာအုပ်စု,Hseng Lein (Ka) Village Tract,village_tract,6527,,no_exact_or_fuzzy,missing_local_after_rebind,0,1,1,"Township 6527 resolved, but no exact approved ward/village-tract identity matched; will not invent admin from postal text",,missing_local_admin_identity,township resolved; no exact inventory identity for locality,
1621211,missing_local_admin_identity,ရှမ်းပြည်နယ် (မြောက်ပိုင်း),Shan State (North),ဟိုပန် မြို့နယ်,Hopang Township,ရှီကန်ထို ကျေးရွာအုပ်စု,Shi Kan Hto Village Tract,village_tract,6429,,no_exact_or_fuzzy,missing_local_after_rebind,0,1,1,"Township 6429 resolved, but no exact approved ward/village-tract identity matched; will not invent admin from postal text",,missing_local_admin_identity,township resolved; no exact inventory identity for locality,
1621240,missing_local_admin_identity,ရှမ်းပြည်နယ် (မြောက်ပိုင်း),Shan State (North),ဟိုပန် မြို့နယ်,Hopang Township,ကောင်းနင် ကျေးရွာအုပ်စု,Kawng Nin Village Tract,village_tract,6429,,no_exact_or_fuzzy,missing_local_after_rebind,0,1,1,"Township 6429 resolved, but no exact approved ward/village-tract identity matched; will not invent admin from postal text",,missing_local_admin_identity,township resolved; no exact inventory identity for locality,
1621249,missing_local_admin_identity,ရှမ်းပြည်နယ် (မြောက်ပိုင်း),Shan State (North),ဟိုပန် မြို့နယ်,Hopang Township,ကောမုန် ကျေးရွာအုပ်စု,Kaw Mon Village Tract,village_tract,6429,,no_exact_or_fuzzy,missing_local_after_rebind,0,1,1,"Township 6429 resolved, but no exact approved ward/village-tract identity matched; will not invent admin from postal text",,missing_local_admin_identity,township resolved; no exact inventory identity for locality,
1622001,missing_local_admin_identity,ရှမ်းပြည်နယ် (မြောက်ပိုင်း),Shan State (North),လောက်ကိုင် မြို့နယ်,Laukkaing Township,အမှတ် (၁) ရပ်ကွက်,No (1) Quarter,ward,6417,,no_exact_or_fuzzy,missing_local_after_rebind,0,1,1,"Township 6417 resolved, but no exact approved ward/village-tract identity matched; will not invent admin from postal text",,missing_local_admin_identity,township resolved; no exact inventory identity for locality,
1622002,missing_local_admin_identity,ရှမ်းပြည်နယ် (မြောက်ပိုင်း),Shan State (North),လောက်ကိုင် မြို့နယ်,Laukkaing Township,အမှတ် (၂) ရပ်ကွက်,No (2) Quarter,ward,6417,,no_exact_or_fuzzy,missing_local_after_rebind,0,1,1,"Township 6417 resolved, but no exact approved ward/village-tract identity matched; will not invent admin from postal text",,missing_local_admin_identity,township resolved; no exact inventory identity for locality,
1622003,missing_local_admin_identity,ရှမ်းပြည်နယ် (မြောက်ပိုင်း),Shan State (North),လောက်ကိုင် မြို့နယ်,Laukkaing Township,အမှတ် (၃) ရပ်ကွက်,No (3) Quarter,ward,6417,,no_exact_or_fuzzy,missing_local_after_rebind,0,1,1,"Township 6417 resolved, but no exact approved ward/village-tract identity matched; will not invent admin from postal text",,missing_local_admin_identity,township resolved; no exact inventory identity for locality,
1622202,missing_local_admin_identity,ရှမ်းပြည်နယ် (မြောက်ပိုင်း),Shan State (North),လောက်ကိုင် မြို့နယ်,Laukkaing Township,ကြာတိလင် ကျေးရွာအုပ်စု,Kyar Ti Lin Village Tract,village_tract,6417,,no_exact_or_fuzzy,missing_local_after_rebind,0,1,1,"Township 6417 resolved, but no exact approved ward/village-tract identity matched; will not invent admin from postal text",,missing_local_admin_identity,township resolved; no exact inventory identity for locality,
1622203,missing_local_admin_identity,ရှမ်းပြည်နယ် (မြောက်ပိုင်း),Shan State (North),လောက်ကိုင် မြို့နယ်,Laukkaing Township,ကုန်းဆာ (ရှမ်း) ကျေးရွာအုပ်စု,Kone Hsar Village Tract,village_tract,6417,,no_exact_or_fuzzy,missing_local_after_rebind,0,1,1,"Township 6417 resolved, but no exact approved ward/village-tract identity matched; will not invent admin from postal text",,missing_local_admin_identity,township resolved; no exact inventory identity for locality,
1622205,missing_local_admin_identity,ရှမ်းပြည်နယ် (မြောက်ပိုင်း),Shan State (North),လောက်ကိုင် မြို့နယ်,Laukkaing Township,လောက်ပါကျိုင်း ကျေးရွာအုပ်စု,Lauk Par Kyaing Village Tract,village_tract,6417,,no_exact_or_fuzzy,missing_local_after_rebind,0,1,1,"Township 6417 resolved, but no exact approved ward/village-tract identity matched; will not invent admin from postal text",,missing_local_admin_identity,township resolved; no exact inventory identity for locality,
1622206,missing_local_admin_identity,ရှမ်းပြည်နယ် (မြောက်ပိုင်း),Shan State (North),လောက်ကိုင် မြို့နယ်,Laukkaing Township,ခုတ်ထန် ကျေးရွာအုပ်စု,Hkoke Htan Village Tract,village_tract,6417,,no_exact_or_fuzzy,missing_local_after_rebind,0,1,1,"Township 6417 resolved, but no exact approved ward/village-tract identity matched; will not invent admin from postal text",,missing_local_admin_identity,township resolved; no exact inventory identity for locality,
1622207,missing_local_admin_identity,ရှမ်းပြည်နယ် (မြောက်ပိုင်း),Shan State (North),လောက်ကိုင် မြို့နယ်,Laukkaing Township,မာလီလင့် ကျေးရွာအုပ်စု,Mar Li Lint Village Tract,village_tract,6417,,no_exact_or_fuzzy,missing_local_after_rebind,0,1,1,"Township 6417 resolved, but no exact approved ward/village-tract identity matched; will not invent admin from postal text",,missing_local_admin_identity,township resolved; no exact inventory identity for locality,
1622208,missing_local_admin_identity,ရှမ်းပြည်နယ် (မြောက်ပိုင်း),Shan State (North),လောက်ကိုင် မြို့နယ်,Laukkaing Township,ပါဆင်ကျော် ကျေးရွာအုပ်စု,Par Hsin Chow Village Tract,village_tract,6417,,no_exact_or_fuzzy,missing_local_after_rebind,0,1,1,"Township 6417 resolved, but no exact approved ward/village-tract identity matched; will not invent admin from postal text",,missing_local_admin_identity,township resolved; no exact inventory identity for locality,
1622210,missing_local_admin_identity,ရှမ်းပြည်နယ် (မြောက်ပိုင်း),Shan State (North),လောက်ကိုင် မြို့နယ်,Laukkaing Township,ရန်တော်ရှန်း ကျေးရွာအုပ်စု,Yan Taw Shan Village Tract,village_tract,6417,,no_exact_or_fuzzy,missing_local_after_rebind,0,1,1,"Township 6417 resolved, but no exact approved ward/village-tract identity matched; will not invent admin from postal text",,missing_local_admin_identity,township resolved; no exact inventory identity for locality,
1622212,missing_local_admin_identity,ရှမ်းပြည်နယ် (မြောက်ပိုင်း),Shan State (North),လောက်ကိုင် မြို့နယ်,Laukkaing Township,ကျူကျိုင်း ကျေးရွာအုပ်စု,Kyu Kyaing Village Tract,village_tract,6417,,no_exact_or_fuzzy,missing_local_after_rebind,0,1,1,"Township 6417 resolved, but no exact approved ward/village-tract identity matched; will not invent admin from postal text",,missing_local_admin_identity,township resolved; no exact inventory identity for locality,
1622214,missing_local_admin_identity,ရှမ်းပြည်နယ် (မြောက်ပိုင်း),Shan State (North),လောက်ကိုင် မြို့နယ်,Laukkaing Township,တာရင်းဖန် ကျေးရွာအုပ်စု,Tar Yin Hpan Village Tract,village_tract,6417,,no_exact_or_fuzzy,missing_local_after_rebind,0,1,1,"Township 6417 resolved, but no exact approved ward/village-tract identity matched; will not invent admin from postal text",,missing_local_admin_identity,township resolved; no exact inventory identity for locality,
1622215,missing_local_admin_identity,ရှမ်းပြည်နယ် (မြောက်ပိုင်း),Shan State (North),လောက်ကိုင် မြို့နယ်,Laukkaing Township,ညိုခွမ်း ကျေးရွာအုပ်စု,Nyo Khwan Village Tract,village_tract,6417,,no_exact_or_fuzzy,missing_local_after_rebind,0,1,1,"Township 6417 resolved, but no exact approved ward/village-tract identity matched; will not invent admin from postal text",,missing_local_admin_identity,township resolved; no exact inventory identity for locality,
1622216,missing_local_admin_identity,ရှမ်းပြည်နယ် (မြောက်ပိုင်း),Shan State (North),လောက်ကိုင် မြို့နယ်,Laukkaing Township,အိုက်လား ကျေးရွာအုပ်စု,Aik Lar Village Tract,village_tract,6417,,no_exact_or_fuzzy,missing_local_after_rebind,0,1,1,"Township 6417 resolved, but no exact approved ward/village-tract identity matched; will not invent admin from postal text",,missing_local_admin_identity,township resolved; no exact inventory identity for locality,
1622217,missing_local_admin_identity,ရှမ်းပြည်နယ် (မြောက်ပိုင်း),Shan State (North),လောက်ကိုင် မြို့နယ်,Laukkaing Township,ဟုံစီတုံးဟော် ကျေးရွာအုပ်စု,Huong Si Tone Haw Village Tract,village_tract,6417,,no_exact_or_fuzzy,missing_local_after_rebind,0,1,1,"Township 6417 resolved, but no exact approved ward/village-tract identity matched; will not invent admin from postal text",,missing_local_admin_identity,township resolved; no exact inventory identity for locality,
1622219,missing_local_admin_identity,ရှမ်းပြည်နယ် (မြောက်ပိုင်း),Shan State (North),လောက်ကိုင် မြို့နယ်,Laukkaing Township,ကျင်ခိုက်ထန် ကျေးရွာအုပ်စု,Kyin Hkaik Htan Village Tract,village_tract,6417,,no_exact_or_fuzzy,missing_local_after_rebind,0,1,1,"Township 6417 resolved, but no exact approved ward/village-tract identity matched; will not invent admin from postal text",,missing_local_admin_identity,township resolved; no exact inventory identity for locality,
1622220,missing_local_admin_identity,ရှမ်းပြည်နယ် (မြောက်ပိုင်း),Shan State (North),လောက်ကိုင် မြို့နယ်,Laukkaing Township,ဟော်ရှီရှန်း ကျေးရွာအုပ်စု,Haw Shi Shan Village Tract,village_tract,6417,,no_exact_or_fuzzy,missing_local_after_rebind,0,1,1,"Township 6417 resolved, but no exact approved ward/village-tract identity matched; will not invent admin from postal text",,missing_local_admin_identity,township resolved; no exact inventory identity for locality,
1622221,missing_local_admin_identity,ရှမ်းပြည်နယ် (မြောက်ပိုင်း),Shan State (North),လောက်ကိုင် မြို့နယ်,Laukkaing Township,ရှောက်ပုန်းထန် ကျေးရွာအုပ်စု,Shauk Pong Htan Village Tract,village_tract,6417,,no_exact_or_fuzzy,missing_local_after_rebind,0,1,1,"Township 6417 resolved, but no exact approved ward/village-tract identity matched; will not invent admin from postal text",,missing_local_admin_identity,township resolved; no exact inventory identity for locality,
1622223,missing_local_admin_identity,ရှမ်းပြည်နယ် (မြောက်ပိုင်း),Shan State (North),လောက်ကိုင် မြို့နယ်,Laukkaing Township,တာကန်ထန် ကျေးရွာအုပ်စု,Tar Kan Htan (Chinshwehaw Sub-township) Village Tract,village_tract,6417,,no_exact_or_fuzzy,missing_local_after_rebind,0,1,1,"Township 6417 resolved, but no exact approved ward/village-tract identity matched; will not invent admin from postal text",,missing_local_admin_identity,township resolved; no exact inventory identity for locality,
1622224,missing_local_admin_identity,ရှမ်းပြည်နယ် (မြောက်ပိုင်း),Shan State (North),လောက်ကိုင် မြို့နယ်,Laukkaing Township,ရှန်ကိုင် ကျေးရွာအုပ်စု,Shan Kai (Chinshwehaw Sub-township) Village Tract,village_tract,6417,,no_exact_or_fuzzy,missing_local_after_rebind,0,1,1,"Township 6417 resolved, but no exact approved ward/village-tract identity matched; will not invent admin from postal text",,missing_local_admin_identity,township resolved; no exact inventory identity for locality,
1622225,missing_local_admin_identity,ရှမ်းပြည်နယ် (မြောက်ပိုင်း),Shan State (North),လောက်ကိုင် မြို့နယ်,Laukkaing Township,တာမူနိုင်း ကျေးရွာအုပ်စု,Tar Mu Naing (Chinshwehaw Sub-township) Village Tract,village_tract,6417,,no_exact_or_fuzzy,missing_local_after_rebind,0,1,1,"Township 6417 resolved, but no exact approved ward/village-tract identity matched; will not invent admin from postal text",,missing_local_admin_identity,township resolved; no exact inventory identity for locality,
1622226,missing_local_admin_identity,ရှမ်းပြည်နယ် (မြောက်ပိုင်း),Shan State (North),လောက်ကိုင် မြို့နယ်,Laukkaing Township,တုံတိုးလင့် ကျေးရွာအုပ်စု,Ton Toe Lint (Chinshwehaw Sub-township) Village Tract,village_tract,6417,,no_exact_or_fuzzy,missing_local_after_rebind,0,1,1,"Township 6417 resolved, but no exact approved ward/village-tract identity matched; will not invent admin from postal text",,missing_local_admin_identity,township resolved; no exact inventory identity for locality,
1622227,missing_local_admin_identity,ရှမ်းပြည်နယ် (မြောက်ပိုင်း),Shan State (North),လောက်ကိုင် မြို့နယ်,Laukkaing Township,ရှန်ဟိုကျိုင်း ကျေးရွာအုပ်စု,Shan Ho Kyaing (Chinshwehaw Sub-township) Village Tract,village_tract,6417,,no_exact_or_fuzzy,missing_local_after_rebind,0,1,1,"Township 6417 resolved, but no exact approved ward/village-tract identity matched; will not invent admin from postal text",,missing_local_admin_identity,township resolved; no exact inventory identity for locality,
1622228,missing_local_admin_identity,ရှမ်းပြည်နယ် (မြောက်ပိုင်း),Shan State (North),လောက်ကိုင် မြို့နယ်,Laukkaing Township,ရှာအိုက်ဖန် ကျေးရွာအုပ်စု,Shar Aik Hpan (Chinshwehaw Sub-township) Village Tract,village_tract,6417,,no_exact_or_fuzzy,missing_local_after_rebind,0,1,1,"Township 6417 resolved, but no exact approved ward/village-tract identity matched; will not invent admin from postal text",,missing_local_admin_identity,township resolved; no exact inventory identity for locality,
1622231,missing_local_admin_identity,ရှမ်းပြည်နယ် (မြောက်ပိုင်း),Shan State (North),လောက်ကိုင် မြို့နယ်,Laukkaing Township,မြင်ဆူရှမ်း ကျေးရွာအုပ်စု,Myin Su Shan Village Tract,village_tract,6417,,no_exact_or_fuzzy,missing_local_after_rebind,0,1,1,"Township 6417 resolved, but no exact approved ward/village-tract identity matched; will not invent admin from postal text",,missing_local_admin_identity,township resolved; no exact inventory identity for locality,
1622232,missing_local_admin_identity,ရှမ်းပြည်နယ် (မြောက်ပိုင်း),Shan State (North),လောက်ကိုင် မြို့နယ်,Laukkaing Township,ကြာကြည်ရှု ကျေးရွာအုပ်စု,Kyar Kyi Shu (Chya Zi Shio) Village Tract,village_tract,6417,,no_exact_or_fuzzy,missing_local_after_rebind,0,1,1,"Township 6417 resolved, but no exact approved ward/village-tract identity matched; will not invent admin from postal text",,missing_local_admin_identity,township resolved; no exact inventory identity for locality,
1622233,missing_local_admin_identity,ရှမ်းပြည်နယ် (မြောက်ပိုင်း),Shan State (North),လောက်ကိုင် မြို့နယ်,Laukkaing Township,ထိုက်ဖြင်ရှမ်း ကျေးရွာအုပ်စု,Htaik Hpyin Shan Village Tract,village_tract,6417,,no_exact_or_fuzzy,missing_local_after_rebind,0,1,1,"Township 6417 resolved, but no exact approved ward/village-tract identity matched; will not invent admin from postal text",,missing_local_admin_identity,township resolved; no exact inventory identity for locality,
1622234,missing_local_admin_identity,ရှမ်းပြည်နယ် (မြောက်ပိုင်း),Shan State (North),လောက်ကိုင် မြို့နယ်,Laukkaing Township,ဟော်ဖြင်ရှမ်း ကျေးရွာအုပ်စု,Haw Hpyin Shan Village Tract,village_tract,6417,,no_exact_or_fuzzy,missing_local_after_rebind,0,1,1,"Township 6417 resolved, but no exact approved ward/village-tract identity matched; will not invent admin from postal text",,missing_local_admin_identity,township resolved; no exact inventory identity for locality,
1622235,missing_local_admin_identity,ရှမ်းပြည်နယ် (မြောက်ပိုင်း),Shan State (North),လောက်ကိုင် မြို့နယ်,Laukkaing Township,တောက်ရွှေရှမ်း ကျေးရွာအုပ်စု,Tauk Shwe Shan Village Tract,village_tract,6417,,no_exact_or_fuzzy,missing_local_after_rebind,0,1,1,"Township 6417 resolved, but no exact approved ward/village-tract identity matched; will not invent admin from postal text",,missing_local_admin_identity,township resolved; no exact inventory identity for locality,
1623200,missing_local_admin_identity,ရှမ်းပြည်နယ် (မြောက်ပိုင်း),Shan State (North),ကုန်းကြမ်း မြို့နယ်,Konkyan Township,တာရှန် ကျေးရွာအုပ်စု,Tar Shan Village Tract,village_tract,6412,,no_exact_or_fuzzy,missing_local_after_rebind,0,1,1,"Township 6412 resolved, but no exact approved ward/village-tract identity matched; will not invent admin from postal text",,missing_local_admin_identity,township resolved; no exact inventory identity for locality,
1623201,missing_local_admin_identity,ရှမ်းပြည်နယ် (မြောက်ပိုင်း),Shan State (North),ကုန်းကြမ်း မြို့နယ်,Konkyan Township,ရှင်ဝမ်ဖူး ကျေးရွာအုပ်စု,Shin Wan Hpu Village Tract,village_tract,6412,,no_exact_or_fuzzy,missing_local_after_rebind,0,1,1,"Township 6412 resolved, but no exact approved ward/village-tract identity matched; will not invent admin from postal text",,missing_local_admin_identity,township resolved; no exact inventory identity for locality,
1623202,missing_local_admin_identity,ရှမ်းပြည်နယ် (မြောက်ပိုင်း),Shan State (North),ကုန်းကြမ်း မြို့နယ်,Konkyan Township,စိန်ကျိုင် ကျေးရွာအုပ်စု,Sein Kyaing Village Tract,village_tract,6412,,no_exact_or_fuzzy,missing_local_after_rebind,0,1,1,"Township 6412 resolved, but no exact approved ward/village-tract identity matched; will not invent admin from postal text",,missing_local_admin_identity,township resolved; no exact inventory identity for locality,
1623203,missing_local_admin_identity,ရှမ်းပြည်နယ် (မြောက်ပိုင်း),Shan State (North),ကုန်းကြမ်း မြို့နယ်,Konkyan Township,ယွီထန် ကျေးရွာအုပ်စု,Ywi Htan Village Tract,village_tract,6412,,no_exact_or_fuzzy,missing_local_after_rebind,0,1,1,"Township 6412 resolved, but no exact approved ward/village-tract identity matched; will not invent admin from postal text",,missing_local_admin_identity,township resolved; no exact inventory identity for locality,
1623204,missing_local_admin_identity,ရှမ်းပြည်နယ် (မြောက်ပိုင်း),Shan State (North),ကုန်းကြမ်း မြို့နယ်,Konkyan Township,မာစီထန် ကျေးရွာအုပ်စု,Mar Si Htan Village Tract,village_tract,6412,,no_exact_or_fuzzy,missing_local_after_rebind,0,1,1,"Township 6412 resolved, but no exact approved ward/village-tract identity matched; will not invent admin from postal text",,missing_local_admin_identity,township resolved; no exact inventory identity for locality,
1623206,missing_local_admin_identity,ရှမ်းပြည်နယ် (မြောက်ပိုင်း),Shan State (North),ကုန်းကြမ်း မြို့နယ်,Konkyan Township,ကျင်ညဲ့ ကျေးရွာအုပ်စု,Kyin Nye Village Tract,village_tract,6412,,no_exact_or_fuzzy,missing_local_after_rebind,0,1,1,"Township 6412 resolved, but no exact approved ward/village-tract identity matched; will not invent admin from postal text",,missing_local_admin_identity,township resolved; no exact inventory identity for locality,
1623208,missing_local_admin_identity,ရှမ်းပြည်နယ် (မြောက်ပိုင်း),Shan State (North),ကုန်းကြမ်း မြို့နယ်,Konkyan Township,ပန်ရုံလုံထန် ကျေးရွာအုပ်စု,Pang Yon Long Htan Village Tract,village_tract,6412,,no_exact_or_fuzzy,missing_local_after_rebind,0,1,1,"Township 6412 resolved, but no exact approved ward/village-tract identity matched; will not invent admin from postal text",,missing_local_admin_identity,township resolved; no exact inventory identity for locality,
1623210,missing_local_admin_identity,ရှမ်းပြည်နယ် (မြောက်ပိုင်း),Shan State (North),ကုန်းကြမ်း မြို့နယ်,Konkyan Township,စူကြာကျိုင်း ကျေးရွာအုပ်စု,Su Kyar Kyaing Village Tract,village_tract,6412,,no_exact_or_fuzzy,missing_local_after_rebind,0,1,1,"Township 6412 resolved, but no exact approved ward/village-tract identity matched; will not invent admin from postal text",,missing_local_admin_identity,township resolved; no exact inventory identity for locality,
1623212,missing_local_admin_identity,ရှမ်းပြည်နယ် (မြောက်ပိုင်း),Shan State (North),ကုန်းကြမ်း မြို့နယ်,Konkyan Township,လုံထန်ကျင်ချန် ကျေးရွာအုပ်စု,Long Htan Kyin Chan Village Tract,village_tract,6412,,no_exact_or_fuzzy,missing_local_after_rebind,0,1,1,"Township 6412 resolved, but no exact approved ward/village-tract identity matched; will not invent admin from postal text",,missing_local_admin_identity,township resolved; no exact inventory identity for locality,
1623213,missing_local_admin_identity,ရှမ်းပြည်နယ် (မြောက်ပိုင်း),Shan State (North),ကုန်းကြမ်း မြို့နယ်,Konkyan Township,ကျင်ဖန် ကျေးရွာအုပ်စု,Kyin Hpan Village Tract,village_tract,6412,,no_exact_or_fuzzy,missing_local_after_rebind,0,1,1,"Township 6412 resolved, but no exact approved ward/village-tract identity matched; will not invent admin from postal text",,missing_local_admin_identity,township resolved; no exact inventory identity for locality,
1623214,missing_local_admin_identity,ရှမ်းပြည်နယ် (မြောက်ပိုင်း),Shan State (North),ကုန်းကြမ်း မြို့နယ်,Konkyan Township,ရှန်ပန်ကော်ရှန် ကျေးရွာအုပ်စု,Shar Pang Kaw Shan Village Tract,village_tract,6412,,no_exact_or_fuzzy,missing_local_after_rebind,0,1,1,"Township 6412 resolved, but no exact approved ward/village-tract identity matched; will not invent admin from postal text",,missing_local_admin_identity,township resolved; no exact inventory identity for locality,
1623216,missing_local_admin_identity,ရှမ်းပြည်နယ် (မြောက်ပိုင်း),Shan State (North),ကုန်းကြမ်း မြို့နယ်,Konkyan Township,မုန်ဟုန်တီး ကျေးရွာအုပ်စု,Mon Huong Tee Village Tract,village_tract,6412,,no_exact_or_fuzzy,missing_local_after_rebind,0,1,1,"Township 6412 resolved, but no exact approved ward/village-tract identity matched; will not invent admin from postal text",,missing_local_admin_identity,township resolved; no exact inventory identity for locality,
1623218,missing_local_admin_identity,ရှမ်းပြည်နယ် (မြောက်ပိုင်း),Shan State (North),ကုန်းကြမ်း မြို့နယ်,Konkyan Township,မော်ရှန်းချောင် ကျေးရွာအုပ်စု,Maw Shan Chaung Village Tract,village_tract,6412,,no_exact_or_fuzzy,missing_local_after_rebind,0,1,1,"Township 6412 resolved, but no exact approved ward/village-tract identity matched; will not invent admin from postal text",,missing_local_admin_identity,township resolved; no exact inventory identity for locality,
1623219,missing_local_admin_identity,ရှမ်းပြည်နယ် (မြောက်ပိုင်း),Shan State (North),ကုန်းကြမ်း မြို့နယ်,Konkyan Township,စုံဟော် ကျေးရွာအုပ်စု,Son Haw Village Tract,village_tract,6412,,no_exact_or_fuzzy,missing_local_after_rebind,0,1,1,"Township 6412 resolved, but no exact approved ward/village-tract identity matched; will not invent admin from postal text",,missing_local_admin_identity,township resolved; no exact inventory identity for locality,
1623222,missing_local_admin_identity,ရှမ်းပြည်နယ် (မြောက်ပိုင်း),Shan State (North),ကုန်းကြမ်း မြို့နယ်,Konkyan Township,ရှမ်မာကျင်ဝှမ်း ကျေးရွာအုပ်စု,Shan Mar Kyin Sang Village Tract,village_tract,6412,,no_exact_or_fuzzy,missing_local_after_rebind,0,1,1,"Township 6412 resolved, but no exact approved ward/village-tract identity matched; will not invent admin from postal text",,missing_local_admin_identity,township resolved; no exact inventory identity for locality,
1623223,missing_local_admin_identity,ရှမ်းပြည်နယ် (မြောက်ပိုင်း),Shan State (North),ကုန်းကြမ်း မြို့နယ်,Konkyan Township,ကြာကြွယ်စူး ကျေးရွာအုပ်စု,Kyar Kywe Su Village Tract,village_tract,6412,,no_exact_or_fuzzy,missing_local_after_rebind,0,1,1,"Township 6412 resolved, but no exact approved ward/village-tract identity matched; will not invent admin from postal text",,missing_local_admin_identity,township resolved; no exact inventory identity for locality,
1623224,missing_local_admin_identity,ရှမ်းပြည်နယ် (မြောက်ပိုင်း),Shan State (North),ကုန်းကြမ်း မြို့နယ်,Konkyan Township,မြင်အန်မန်မော် ကျေးရွာအုပ်စု,Myin An Man Maw Village Tract,village_tract,6412,,no_exact_or_fuzzy,missing_local_after_rebind,0,1,1,"Township 6412 resolved, but no exact approved ward/village-tract identity matched; will not invent admin from postal text",,missing_local_admin_identity,township resolved; no exact inventory identity for locality,
1623228,missing_local_admin_identity,ရှမ်းပြည်နယ် (မြောက်ပိုင်း),Shan State (North),ကုန်းကြမ်း မြို့နယ်,Konkyan Township,ရှင်ထန် ကျေးရွာအုပ်စု,Shin Htan (Xing Tang) Village Tract,village_tract,6412,,no_exact_or_fuzzy,missing_local_after_rebind,0,1,1,"Township 6412 resolved, but no exact approved ward/village-tract identity matched; will not invent admin from postal text",,missing_local_admin_identity,township resolved; no exact inventory identity for locality,
1623229,missing_local_admin_identity,ရှမ်းပြည်နယ် (မြောက်ပိုင်း),Shan State (North),ကုန်းကြမ်း မြို့နယ်,Konkyan Township,စင်ပင်ကိုင်း ကျေးရွာအုပ်စု,Sim Ping Kai Village Tract,village_tract,6412,,no_exact_or_fuzzy,missing_local_after_rebind,0,1,1,"Township 6412 resolved, but no exact approved ward/village-tract identity matched; will not invent admin from postal text",,missing_local_admin_identity,township resolved; no exact inventory identity for locality,
1623230,missing_local_admin_identity,ရှမ်းပြည်နယ် (မြောက်ပိုင်း),Shan State (North),ကုန်းကြမ်း မြို့နယ်,Konkyan Township,လမ်ဖြေလင် ကျေးရွာအုပ်စု,Lan Hpyay Lin (Lan Pi Lin) Village Tract,village_tract,6412,,no_exact_or_fuzzy,missing_local_after_rebind,0,1,1,"Township 6412 resolved, but no exact approved ward/village-tract identity matched; will not invent admin from postal text",,missing_local_admin_identity,township resolved; no exact inventory identity for locality,
1623231,missing_local_admin_identity,ရှမ်းပြည်နယ် (မြောက်ပိုင်း),Shan State (North),ကုန်းကြမ်း မြို့နယ်,Konkyan Township,ရှောင်ကိုင်း ကျေးရွာအုပ်စု,Shaung Kaing (Shaokai) Village Tract,village_tract,6412,,no_exact_or_fuzzy,missing_local_after_rebind,0,1,1,"Township 6412 resolved, but no exact approved ward/village-tract identity matched; will not invent admin from postal text",,missing_local_admin_identity,township resolved; no exact inventory identity for locality,
1623232,missing_local_admin_identity,ရှမ်းပြည်နယ် (မြောက်ပိုင်း),Shan State (North),ကုန်းကြမ်း မြို့နယ်,Konkyan Township,ကုန်းကျန်း ကျေးရွာအုပ်စု,Kone Kyan Village Tract,village_tract,6412,,no_exact_or_fuzzy,missing_local_after_rebind,0,1,1,"Township 6412 resolved, but no exact approved ward/village-tract identity matched; will not invent admin from postal text",,missing_local_admin_identity,township resolved; no exact inventory identity for locality,
1624001,missing_local_admin_identity,ရှမ်းပြည်နယ် (မြောက်ပိုင်း),Shan State (North),မက်မန်း မြို့နယ်,Matman Township,အမှတ် (၁) ရပ်ကွက်,No (1) Quarter,ward,6328,,no_exact_or_fuzzy,missing_local_after_rebind,0,1,1,"Township 6328 resolved, but no exact approved ward/village-tract identity matched; will not invent admin from postal text",,missing_local_admin_identity,township resolved; no exact inventory identity for locality,
1624002,missing_local_admin_identity,ရှမ်းပြည်နယ် (မြောက်ပိုင်း),Shan State (North),မက်မန်း မြို့နယ်,Matman Township,အမှတ် (၂) ရပ်ကွက်,No (2) Quarter,ward,6328,,no_exact_or_fuzzy,missing_local_after_rebind,0,1,1,"Township 6328 resolved, but no exact approved ward/village-tract identity matched; will not invent admin from postal text",,missing_local_admin_identity,township resolved; no exact inventory identity for locality,
1624223,missing_local_admin_identity,ရှမ်းပြည်နယ် (မြောက်ပိုင်း),Shan State (North),မက်မန်း မြို့နယ်,Matman Township,ဝမ်ဖင်း ကျေးရွာအုပ်စု,Wan Hpin Village Tract,village_tract,6328,,no_exact_or_fuzzy,missing_local_after_rebind,0,1,1,"Township 6328 resolved, but no exact approved ward/village-tract identity matched; will not invent admin from postal text",,missing_local_admin_identity,township resolved; no exact inventory identity for locality,
1624224,missing_local_admin_identity,ရှမ်းပြည်နယ် (မြောက်ပိုင်း),Shan State (North),မက်မန်း မြို့နယ်,Matman Township,လိုင်လင်း ကျေးရွာအုပ်စု,Lai Lin Village Tract,village_tract,6328,,no_exact_or_fuzzy,missing_local_after_rebind,0,1,1,"Township 6328 resolved, but no exact approved ward/village-tract identity matched; will not invent admin from postal text",,missing_local_admin_identity,township resolved; no exact inventory identity for locality,
1660001,non_admin_postal_locality,ရှမ်းပြည်နယ် (မြောက်ပိုင်း),Shan State (North),မန်ကန် မြို့,Man Kan Town,အမှတ် (၁) ရပ်ကွက်,No (1) Quarter,ward,,,township_unresolved,non_admin_unresolved_township_name,0,1,1,Could not resolve approved CoreMap township from postal region/township names; local match skipped (township must resolve first),,non_admin_postal_locality,township name unresolved as CoreMap township; locality treated as non-admin postal place/town,
1660002,non_admin_postal_locality,ရှမ်းပြည်နယ် (မြောက်ပိုင်း),Shan State (North),မန်ကန် မြို့,Man Kan Town,အမှတ် (၂) ရပ်ကွက်,No (2) Quarter,ward,,,township_unresolved,non_admin_unresolved_township_name,0,1,1,Could not resolve approved CoreMap township from postal region/township names; local match skipped (township must resolve first),,non_admin_postal_locality,township name unresolved as CoreMap township; locality treated as non-admin postal place/town,
1660003,non_admin_postal_locality,ရှမ်းပြည်နယ် (မြောက်ပိုင်း),Shan State (North),မန်ကန် မြို့,Man Kan Town,အမှတ် (၃) ရပ်ကွက်,No (3) Quarter,ward,,,township_unresolved,non_admin_unresolved_township_name,0,1,1,Could not resolve approved CoreMap township from postal region/township names; local match skipped (township must resolve first),,non_admin_postal_locality,township name unresolved as CoreMap township; locality treated as non-admin postal place/town,
1661001,non_admin_postal_locality,ရှမ်းပြည်နယ် (မြောက်ပိုင်း),Shan State (North),မုန်းကိုး မြို့,Monekoe Town,အမှတ် (၁) ရပ်ကွက်,No (1) Quarter,ward,,,township_unresolved,non_admin_unresolved_township_name,0,1,1,Could not resolve approved CoreMap township from postal region/township names; local match skipped (township must resolve first),,non_admin_postal_locality,township name unresolved as CoreMap township; locality treated as non-admin postal place/town,
1661002,non_admin_postal_locality,ရှမ်းပြည်နယ် (မြောက်ပိုင်း),Shan State (North),မုန်းကိုး မြို့,Monekoe Town,အမှတ် (၂) ရပ်ကွက်,No (2) Quarter,ward,,,township_unresolved,non_admin_unresolved_township_name,0,1,1,Could not resolve approved CoreMap township from postal region/township names; local match skipped (township must resolve first),,non_admin_postal_locality,township name unresolved as CoreMap township; locality treated as non-admin postal place/town,
1661003,non_admin_postal_locality,ရှမ်းပြည်နယ် (မြောက်ပိုင်း),Shan State (North),မုန်းကိုး မြို့,Monekoe Town,အမှတ် (၃) ရပ်ကွက်,No (3) Quarter,ward,,,township_unresolved,non_admin_unresolved_township_name,0,1,1,Could not resolve approved CoreMap township from postal region/township names; local match skipped (township must resolve first),,non_admin_postal_locality,township name unresolved as CoreMap township; locality treated as non-admin postal place/town,
1661004,non_admin_postal_locality,ရှမ်းပြည်နယ် (မြောက်ပိုင်း),Shan State (North),မုန်းကိုး မြို့,Monekoe Town,အမှတ် (၄) ရပ်ကွက်,No (4) Quarter,ward,,,township_unresolved,non_admin_unresolved_township_name,0,1,1,Could not resolve approved CoreMap township from postal region/township names; local match skipped (township must resolve first),,non_admin_postal_locality,township name unresolved as CoreMap township; locality treated as non-admin postal place/town,
1661005,non_admin_postal_locality,ရှမ်းပြည်နယ် (မြောက်ပိုင်း),Shan State (North),မုန်းကိုး မြို့,Monekoe Town,အမှတ် (၅) ရပ်ကွက်,No (5) Quarter,ward,,,township_unresolved,non_admin_unresolved_township_name,0,1,1,Could not resolve approved CoreMap township from postal region/township names; local match skipped (township must resolve first),,non_admin_postal_locality,township name unresolved as CoreMap township; locality treated as non-admin postal place/town,
1661006,non_admin_postal_locality,ရှမ်းပြည်နယ် (မြောက်ပိုင်း),Shan State (North),မုန်းကိုး မြို့,Monekoe Town,အမှတ် (၆) ရပ်ကွက်,No (6) Quarter,ward,,,township_unresolved,non_admin_unresolved_township_name,0,1,1,Could not resolve approved CoreMap township from postal region/township names; local match skipped (township must resolve first),,non_admin_postal_locality,township name unresolved as CoreMap township; locality treated as non-admin postal place/town,
1661007,non_admin_postal_locality,ရှမ်းပြည်နယ် (မြောက်ပိုင်း),Shan State (North),မုန်းကိုး မြို့,Monekoe Town,အမှတ် (၇) ရပ်ကွက်,No (7) Quarter,ward,,,township_unresolved,non_admin_unresolved_township_name,0,1,1,Could not resolve approved CoreMap township from postal region/township names; local match skipped (township must resolve first),,non_admin_postal_locality,township name unresolved as CoreMap township; locality treated as non-admin postal place/town,
1662001,non_admin_postal_locality,ရှမ်းပြည်နယ် (မြောက်ပိုင်း),Shan State (North),(မန်ဟျိုး) မန်ဟီးရိုး မြို့,Manhlyoe (Manhero) Town,အမှတ် (၁) ရပ်ကွက်,No (1) Quarter,ward,,,township_unresolved,non_admin_unresolved_township_name,0,1,1,Could not resolve approved CoreMap township from postal region/township names; local match skipped (township must resolve first),,non_admin_postal_locality,township name unresolved as CoreMap township; locality treated as non-admin postal place/town,
1662002,non_admin_postal_locality,ရှမ်းပြည်နယ် (မြောက်ပိုင်း),Shan State (North),(မန်ဟျိုး) မန်ဟီးရိုး မြို့,Manhlyoe (Manhero) Town,အမှတ် (၂) ရပ်ကွက်,No (2) Quarter,ward,,,township_unresolved,non_admin_unresolved_township_name,0,1,1,Could not resolve approved CoreMap township from postal region/township names; local match skipped (township must resolve first),,non_admin_postal_locality,township name unresolved as CoreMap township; locality treated as non-admin postal place/town,
1662003,non_admin_postal_locality,ရှမ်းပြည်နယ် (မြောက်ပိုင်း),Shan State (North),(မန်ဟျိုး) မန်ဟီးရိုး မြို့,Manhlyoe (Manhero) Town,အမှတ် (၃) ရပ်ကွက်,No (3) Quarter,ward,,,township_unresolved,non_admin_unresolved_township_name,0,1,1,Could not resolve approved CoreMap township from postal region/township names; local match skipped (township must resolve first),,non_admin_postal_locality,township name unresolved as CoreMap township; locality treated as non-admin postal place/town,
1663001,non_admin_postal_locality,ရှမ်းပြည်နယ် (မြောက်ပိုင်း),Shan State (North),ပန်ဆိုင်း (ကြူကုတ်) မြို့,Pang Hseng (Kyu Koke) Town,အမှတ် (၁) ရပ်ကွက်,No (1) Quarter,ward,,,township_unresolved,non_admin_unresolved_township_name,0,1,1,Could not resolve approved CoreMap township from postal region/township names; local match skipped (township must resolve first),,non_admin_postal_locality,township name unresolved as CoreMap township; locality treated as non-admin postal place/town,
1663002,non_admin_postal_locality,ရှမ်းပြည်နယ် (မြောက်ပိုင်း),Shan State (North),ပန်ဆိုင်း (ကြူကုတ်) မြို့,Pang Hseng (Kyu Koke) Town,အမှတ် (၂) ရပ်ကွက်,No (2) Quarter,ward,,,township_unresolved,non_admin_unresolved_township_name,0,1,1,Could not resolve approved CoreMap township from postal region/township names; local match skipped (township must resolve first),,non_admin_postal_locality,township name unresolved as CoreMap township; locality treated as non-admin postal place/town,
1663003,non_admin_postal_locality,ရှမ်းပြည်နယ် (မြောက်ပိုင်း),Shan State (North),ပန်ဆိုင်း (ကြူကုတ်) မြို့,Pang Hseng (Kyu Koke) Town,အမှတ် (၃) ရပ်ကွက်,No (3) Quarter,ward,,,township_unresolved,non_admin_unresolved_township_name,0,1,1,Could not resolve approved CoreMap township from postal region/township names; local match skipped (township must resolve first),,non_admin_postal_locality,township name unresolved as CoreMap township; locality treated as non-admin postal place/town,
1663004,non_admin_postal_locality,ရှမ်းပြည်နယ် (မြောက်ပိုင်း),Shan State (North),ပန်ဆိုင်း (ကြူကုတ်) မြို့,Pang Hseng (Kyu Koke) Town,အမှတ် (၄) ရပ်ကွက်,No (4) Quarter,ward,,,township_unresolved,non_admin_unresolved_township_name,0,1,1,Could not resolve approved CoreMap township from postal region/township names; local match skipped (township must resolve first),,non_admin_postal_locality,township name unresolved as CoreMap township; locality treated as non-admin postal place/town,
1663005,non_admin_postal_locality,ရှမ်းပြည်နယ် (မြောက်ပိုင်း),Shan State (North),ပန်ဆိုင်း (ကြူကုတ်) မြို့,Pang Hseng (Kyu Koke) Town,အမှတ် (၅) ရပ်ကွက်,No (5) Quarter,ward,,,township_unresolved,non_admin_unresolved_township_name,0,1,1,Could not resolve approved CoreMap township from postal region/township names; local match skipped (township must resolve first),,non_admin_postal_locality,township name unresolved as CoreMap township; locality treated as non-admin postal place/town,
1664001,missing_local_admin_identity,ရှမ်းပြည်နယ် (မြောက်ပိုင်း),Shan State (North),တာမိုးညဲ မြို့,Tarmoenye Town,အမှတ် (၁) ရပ်ကွက်,No (1) Quarter,ward,6414,,no_exact_or_fuzzy,missing_local_after_rebind,0,1,1,"Township 6414 resolved, but no exact approved ward/village-tract identity matched; will not invent admin from postal text",,missing_local_admin_identity,township resolved; no exact inventory identity for locality,
1664002,missing_local_admin_identity,ရှမ်းပြည်နယ် (မြောက်ပိုင်း),Shan State (North),တာမိုးညဲ မြို့,Tarmoenye Town,အမှတ် (၂) ရပ်ကွက်,No (2) Quarter,ward,6414,,no_exact_or_fuzzy,missing_local_after_rebind,0,1,1,"Township 6414 resolved, but no exact approved ward/village-tract identity matched; will not invent admin from postal text",,missing_local_admin_identity,township resolved; no exact inventory identity for locality,
1664003,missing_local_admin_identity,ရှမ်းပြည်နယ် (မြောက်ပိုင်း),Shan State (North),တာမိုးညဲ မြို့,Tarmoenye Town,အမှတ် (၃) ရပ်ကွက်,No (3) Quarter,ward,6414,,no_exact_or_fuzzy,missing_local_after_rebind,0,1,1,"Township 6414 resolved, but no exact approved ward/village-tract identity matched; will not invent admin from postal text",,missing_local_admin_identity,township resolved; no exact inventory identity for locality,
1664004,missing_local_admin_identity,ရှမ်းပြည်နယ် (မြောက်ပိုင်း),Shan State (North),တာမိုးညဲ မြို့,Tarmoenye Town,အမှတ် (၄) ရပ်ကွက်,No (4) Quarter,ward,6414,,no_exact_or_fuzzy,missing_local_after_rebind,0,1,1,"Township 6414 resolved, but no exact approved ward/village-tract identity matched; will not invent admin from postal text",,missing_local_admin_identity,township resolved; no exact inventory identity for locality,
1664005,missing_local_admin_identity,ရှမ်းပြည်နယ် (မြောက်ပိုင်း),Shan State (North),တာမိုးညဲ မြို့,Tarmoenye Town,အမှတ် (၅) ရပ်ကွက်,No (5) Quarter,ward,6414,,no_exact_or_fuzzy,missing_local_after_rebind,0,1,1,"Township 6414 resolved, but no exact approved ward/village-tract identity matched; will not invent admin from postal text",,missing_local_admin_identity,township resolved; no exact inventory identity for locality,
1664006,missing_local_admin_identity,ရှမ်းပြည်နယ် (မြောက်ပိုင်း),Shan State (North),တာမိုးညဲ မြို့,Tarmoenye Town,အမှတ် (၆) ရပ်ကွက်,No (6) Quarter,ward,6414,,no_exact_or_fuzzy,missing_local_after_rebind,0,1,1,"Township 6414 resolved, but no exact approved ward/village-tract identity matched; will not invent admin from postal text",,missing_local_admin_identity,township resolved; no exact inventory identity for locality,
1664007,missing_local_admin_identity,ရှမ်းပြည်နယ် (မြောက်ပိုင်း),Shan State (North),တာမိုးညဲ မြို့,Tarmoenye Town,အမှတ် (၇) ရပ်ကွက်,No (7) Quarter,ward,6414,,no_exact_or_fuzzy,missing_local_after_rebind,0,1,1,"Township 6414 resolved, but no exact approved ward/village-tract identity matched; will not invent admin from postal text",,missing_local_admin_identity,township resolved; no exact inventory identity for locality,
1664008,missing_local_admin_identity,ရှမ်းပြည်နယ် (မြောက်ပိုင်း),Shan State (North),တာမိုးညဲ မြို့,Tarmoenye Town,အမှတ် (၈) ရပ်ကွက်,No (8) Quarter,ward,6414,,no_exact_or_fuzzy,missing_local_after_rebind,0,1,1,"Township 6414 resolved, but no exact approved ward/village-tract identity matched; will not invent admin from postal text",,missing_local_admin_identity,township resolved; no exact inventory identity for locality,
1665001,non_admin_postal_locality,ရှမ်းပြည်နယ် (မြောက်ပိုင်း),Shan State (North),မိုင်းငေါ့ မြို့,Mongngawt Town,တာလုံ ရပ်ကွက်,Tar Long Quarter,ward,,,township_unresolved,non_admin_unresolved_township_name,0,1,1,Could not resolve approved CoreMap township from postal region/township names; local match skipped (township must resolve first),,non_admin_postal_locality,township name unresolved as CoreMap township; locality treated as non-admin postal place/town,
1665002,non_admin_postal_locality,ရှမ်းပြည်နယ် (မြောက်ပိုင်း),Shan State (North),မိုင်းငေါ့ မြို့,Mongngawt Town,ပန်ဖတ်ဖာ ရပ်ကွက်,Pang Hpat Hpar Quarter,ward,,,township_unresolved,non_admin_unresolved_township_name,0,1,1,Could not resolve approved CoreMap township from postal region/township names; local match skipped (township must resolve first),,non_admin_postal_locality,township name unresolved as CoreMap township; locality treated as non-admin postal place/town,
1665003,non_admin_postal_locality,ရှမ်းပြည်နယ် (မြောက်ပိုင်း),Shan State (North),မိုင်းငေါ့ မြို့,Mongngawt Town,မန်ကောင်း ရပ်ကွက်,Man Kawng Quarter,ward,,,township_unresolved,non_admin_unresolved_township_name,0,1,1,Could not resolve approved CoreMap township from postal region/township names; local match skipped (township must resolve first),,non_admin_postal_locality,township name unresolved as CoreMap township; locality treated as non-admin postal place/town,
1665004,non_admin_postal_locality,ရှမ်းပြည်နယ် (မြောက်ပိုင်း),Shan State (North),မိုင်းငေါ့ မြို့,Mongngawt Town,မန်လုံ ရပ်ကွက်,Man Long Quarter,ward,,,township_unresolved,non_admin_unresolved_township_name,0,1,1,Could not resolve approved CoreMap township from postal region/township names; local match skipped (township must resolve first),,non_admin_postal_locality,township name unresolved as CoreMap township; locality treated as non-admin postal place/town,
1665005,non_admin_postal_locality,ရှမ်းပြည်နယ် (မြောက်ပိုင်း),Shan State (North),မိုင်းငေါ့ မြို့,Mongngawt Town,မိုင်းငေါ့ဈေး ရပ်ကွက်,Mong Ngawt Zay Quarter,ward,,,township_unresolved,non_admin_unresolved_township_name,0,1,1,Could not resolve approved CoreMap township from postal region/township names; local match skipped (township must resolve first),,non_admin_postal_locality,township name unresolved as CoreMap township; locality treated as non-admin postal place/town,
1666001,non_admin_postal_locality,ရှမ်းပြည်နယ် (မြောက်ပိုင်း),Shan State (North),မိုင်းလုံ မြို့,Monglon Town,ခန္တီ ရပ်ကွက်,Hkan Ti Quarter,ward,,,township_unresolved,non_admin_unresolved_township_name,0,1,1,Could not resolve approved CoreMap township from postal region/township names; local match skipped (township must resolve first),,non_admin_postal_locality,township name unresolved as CoreMap township; locality treated as non-admin postal place/town,
1666002,non_admin_postal_locality,ရှမ်းပြည်နယ် (မြောက်ပိုင်း),Shan State (North),မိုင်းလုံ မြို့,Monglon Town,ဈေး ရပ်ကွက်,Zay Quarter,ward,,,township_unresolved,non_admin_unresolved_township_name,0,1,1,Could not resolve approved CoreMap township from postal region/township names; local match skipped (township must resolve first),,non_admin_postal_locality,township name unresolved as CoreMap township; locality treated as non-admin postal place/town,
1666003,non_admin_postal_locality,ရှမ်းပြည်နယ် (မြောက်ပိုင်း),Shan State (North),မိုင်းလုံ မြို့,Monglon Town,နမ့်ပိန် ရပ်ကွက်,Namt Paing Quarter,ward,,,township_unresolved,non_admin_unresolved_township_name,0,1,1,Could not resolve approved CoreMap township from postal region/township names; local match skipped (township must resolve first),,non_admin_postal_locality,township name unresolved as CoreMap township; locality treated as non-admin postal place/town,
1666004,non_admin_postal_locality,ရှမ်းပြည်နယ် (မြောက်ပိုင်း),Shan State (North),မိုင်းလုံ မြို့,Monglon Town,အထက်ပိုင်း ရပ်ကွက်,Ah Htet Paing Quarter,ward,,,township_unresolved,non_admin_unresolved_township_name,0,1,1,Could not resolve approved CoreMap township from postal region/township names; local match skipped (township must resolve first),,non_admin_postal_locality,township name unresolved as CoreMap township; locality treated as non-admin postal place/town,
1666005,non_admin_postal_locality,ရှမ်းပြည်နယ် (မြောက်ပိုင်း),Shan State (North),မိုင်းလုံ မြို့,Monglon Town,အလယ်ပိုင်း ရပ်ကွက်,Ah Lel Paing Quarter,ward,,,township_unresolved,non_admin_unresolved_township_name,0,1,1,Could not resolve approved CoreMap township from postal region/township names; local match skipped (township must resolve first),,non_admin_postal_locality,township name unresolved as CoreMap township; locality treated as non-admin postal place/town,
1666006,non_admin_postal_locality,ရှမ်းပြည်နယ် (မြောက်ပိုင်း),Shan State (North),မိုင်းလုံ မြို့,Monglon Town,အောက်ပိုင်း ရပ်ကွက်,Auk Paing Quarter,ward,,,township_unresolved,non_admin_unresolved_township_name,0,1,1,Could not resolve approved CoreMap township from postal region/township names; local match skipped (township must resolve first),,non_admin_postal_locality,township name unresolved as CoreMap township; locality treated as non-admin postal place/town,
1667001,missing_local_admin_identity,ရှမ်းပြည်နယ် (မြောက်ပိုင်း),Shan State (North),နမ့်တစ် မြို့,Nam Tit Town,အမှတ် (၁) ရပ်ကွက်,No (1) Quarter,ward,6430,,no_exact_or_fuzzy,missing_local_after_rebind,0,1,1,"Township 6430 resolved, but no exact approved ward/village-tract identity matched; will not invent admin from postal text",,missing_local_admin_identity,township resolved; no exact inventory identity for locality,
1667002,missing_local_admin_identity,ရှမ်းပြည်နယ် (မြောက်ပိုင်း),Shan State (North),နမ့်တစ် မြို့,Nam Tit Town,အမှတ် (၂) ရပ်ကွက်,No (2) Quarter,ward,6430,,no_exact_or_fuzzy,missing_local_after_rebind,0,1,1,"Township 6430 resolved, but no exact approved ward/village-tract identity matched; will not invent admin from postal text",,missing_local_admin_identity,township resolved; no exact inventory identity for locality,
1667003,missing_local_admin_identity,ရှမ်းပြည်နယ် (မြောက်ပိုင်း),Shan State (North),နမ့်တစ် မြို့,Nam Tit Town,အမှတ် (၃) ရပ်ကွက်,No (3) Quarter,ward,6430,,no_exact_or_fuzzy,missing_local_after_rebind,0,1,1,"Township 6430 resolved, but no exact approved ward/village-tract identity matched; will not invent admin from postal text",,missing_local_admin_identity,township resolved; no exact inventory identity for locality,
1667004,missing_local_admin_identity,ရှမ်းပြည်နယ် (မြောက်ပိုင်း),Shan State (North),နမ့်တစ် မြို့,Nam Tit Town,အမှတ် (၄) ရပ်ကွက်,No (4) Quarter,ward,6430,,no_exact_or_fuzzy,missing_local_after_rebind,0,1,1,"Township 6430 resolved, but no exact approved ward/village-tract identity matched; will not invent admin from postal text",,missing_local_admin_identity,township resolved; no exact inventory identity for locality,
1667005,missing_local_admin_identity,ရှမ်းပြည်နယ် (မြောက်ပိုင်း),Shan State (North),နမ့်တစ် မြို့,Nam Tit Town,အမှတ် (၅) ရပ်ကွက်,No (5) Quarter,ward,6430,,no_exact_or_fuzzy,missing_local_after_rebind,0,1,1,"Township 6430 resolved, but no exact approved ward/village-tract identity matched; will not invent admin from postal text",,missing_local_admin_identity,township resolved; no exact inventory identity for locality,
1668001,missing_local_admin_identity,ရှမ်းပြည်နယ် (မြောက်ပိုင်း),Shan State (North),ပန်လုံ မြို့,Pan Lon Town,အမှတ် (၁) ရပ်ကွက်,No (1) Quarter,ward,6432,,no_exact_or_fuzzy,missing_local_after_rebind,0,1,1,"Township 6432 resolved, but no exact approved ward/village-tract identity matched; will not invent admin from postal text",,missing_local_admin_identity,township resolved; no exact inventory identity for locality,
1668002,missing_local_admin_identity,ရှမ်းပြည်နယ် (မြောက်ပိုင်း),Shan State (North),ပန်လုံ မြို့,Pan Lon Town,အမှတ် (၂) ရပ်ကွက်,No (2) Quarter,ward,6432,,no_exact_or_fuzzy,missing_local_after_rebind,0,1,1,"Township 6432 resolved, but no exact approved ward/village-tract identity matched; will not invent admin from postal text",,missing_local_admin_identity,township resolved; no exact inventory identity for locality,
1668003,missing_local_admin_identity,ရှမ်းပြည်နယ် (မြောက်ပိုင်း),Shan State (North),ပန်လုံ မြို့,Pan Lon Town,အမှတ် (၃) ရပ်ကွက်,No (3) Quarter,ward,6432,,no_exact_or_fuzzy,missing_local_after_rebind,0,1,1,"Township 6432 resolved, but no exact approved ward/village-tract identity matched; will not invent admin from postal text",,missing_local_admin_identity,township resolved; no exact inventory identity for locality,
1668004,missing_local_admin_identity,ရှမ်းပြည်နယ် (မြောက်ပိုင်း),Shan State (North),ပန်လုံ မြို့,Pan Lon Town,အမှတ် (၄) ရပ်ကွက်,No (4) Quarter,ward,6432,,no_exact_or_fuzzy,missing_local_after_rebind,0,1,1,"Township 6432 resolved, but no exact approved ward/village-tract identity matched; will not invent admin from postal text",,missing_local_admin_identity,township resolved; no exact inventory identity for locality,
1668005,missing_local_admin_identity,ရှမ်းပြည်နယ် (မြောက်ပိုင်း),Shan State (North),ပန်လုံ မြို့,Pan Lon Town,အမှတ် (၅) ရပ်ကွက်,No (5) Quarter,ward,6432,,no_exact_or_fuzzy,missing_local_after_rebind,0,1,1,"Township 6432 resolved, but no exact approved ward/village-tract identity matched; will not invent admin from postal text",,missing_local_admin_identity,township resolved; no exact inventory identity for locality,
1668006,missing_local_admin_identity,ရှမ်းပြည်နယ် (မြောက်ပိုင်း),Shan State (North),ပန်လုံ မြို့,Pan Lon Town,အမှတ် (၆) ရပ်ကွက်,No (6) Quarter,ward,6432,,no_exact_or_fuzzy,missing_local_after_rebind,0,1,1,"Township 6432 resolved, but no exact approved ward/village-tract identity matched; will not invent admin from postal text",,missing_local_admin_identity,township resolved; no exact inventory identity for locality,
1668007,missing_local_admin_identity,ရှမ်းပြည်နယ် (မြောက်ပိုင်း),Shan State (North),ပန်လုံ မြို့,Pan Lon Town,အမှတ် (၇) ရပ်ကွက်,No (7) Quarter,ward,6432,,no_exact_or_fuzzy,missing_local_after_rebind,0,1,1,"Township 6432 resolved, but no exact approved ward/village-tract identity matched; will not invent admin from postal text",,missing_local_admin_identity,township resolved; no exact inventory identity for locality,
1668008,missing_local_admin_identity,ရှမ်းပြည်နယ် (မြောက်ပိုင်း),Shan State (North),ပန်လုံ မြို့,Pan Lon Town,အမှတ် (၈) ရပ်ကွက်,No (8) Quarter,ward,6432,,no_exact_or_fuzzy,missing_local_after_rebind,0,1,1,"Township 6432 resolved, but no exact approved ward/village-tract identity matched; will not invent admin from postal text",,missing_local_admin_identity,township resolved; no exact inventory identity for locality,
1669001,non_admin_postal_locality,ရှမ်းပြည်နယ် (မြောက်ပိုင်း),Shan State (North),ချင်းရွှေဟော် မြို့,Chinshwehaw Town,အမှတ် (၁) ရပ်ကွက် ရပ်ကွက်,No (1) Ward Quarter,ward,,,township_unresolved,non_admin_unresolved_township_name,0,1,1,Could not resolve approved CoreMap township from postal region/township names; local match skipped (township must resolve first),,non_admin_postal_locality,township name unresolved as CoreMap township; locality treated as non-admin postal place/town,
1669002,non_admin_postal_locality,ရှမ်းပြည်နယ် (မြောက်ပိုင်း),Shan State (North),ချင်းရွှေဟော် မြို့,Chinshwehaw Town,အမှတ် (၂) ရပ်ကွက် ရပ်ကွက်,No (2) Ward Quarter,ward,,,township_unresolved,non_admin_unresolved_township_name,0,1,1,Could not resolve approved CoreMap township from postal region/township names; local match skipped (township must resolve first),,non_admin_postal_locality,township name unresolved as CoreMap township; locality treated as non-admin postal place/town,
1669003,non_admin_postal_locality,ရှမ်းပြည်နယ် (မြောက်ပိုင်း),Shan State (North),ချင်းရွှေဟော် မြို့,Chinshwehaw Town,အမှတ် (၃) ရပ်ကွက် ရပ်ကွက်,No (3) Ward Quarter,ward,,,township_unresolved,non_admin_unresolved_township_name,0,1,1,Could not resolve approved CoreMap township from postal region/township names; local match skipped (township must resolve first),,non_admin_postal_locality,township name unresolved as CoreMap township; locality treated as non-admin postal place/town,
1669200,non_admin_postal_locality,ရှမ်းပြည်နယ် (မြောက်ပိုင်း),Shan State (North),ချင်းရွှေဟော် မြို့,Chinshwehaw Town,မာစုပြင်ရှန်း ကျေးရွာအုပ်စု,Mar Su Phyin Shan Village Tract,village_tract,,,township_unresolved,non_admin_unresolved_township_name,0,1,1,Could not resolve approved CoreMap township from postal region/township names; local match skipped (township must resolve first),,non_admin_postal_locality,township name unresolved as CoreMap township; locality treated as non-admin postal place/town,
1669201,non_admin_postal_locality,ရှမ်းပြည်နယ် (မြောက်ပိုင်း),Shan State (North),ချင်းရွှေဟော် မြို့,Chinshwehaw Town,လုံထန်ရှမ်း ကျေးရွာအုပ်စု,Long Htan Shan Village Tract,village_tract,,,township_unresolved,non_admin_unresolved_township_name,0,1,1,Could not resolve approved CoreMap township from postal region/township names; local match skipped (township must resolve first),,non_admin_postal_locality,township name unresolved as CoreMap township; locality treated as non-admin postal place/town,
1669202,non_admin_postal_locality,ရှမ်းပြည်နယ် (မြောက်ပိုင်း),Shan State (North),ချင်းရွှေဟော် မြို့,Chinshwehaw Town,ရွှေကော်ဝါ ကျေးရွာအုပ်စု,Shwe Kaw War (Shi Gou Wa) Village Tract,village_tract,,,township_unresolved,non_admin_unresolved_township_name,0,1,1,Could not resolve approved CoreMap township from postal region/township names; local match skipped (township must resolve first),,non_admin_postal_locality,township name unresolved as CoreMap township; locality treated as non-admin postal place/town,
1670001,non_admin_postal_locality,ရှမ်းပြည်နယ် (မြောက်ပိုင်း),Shan State (North),​မော်ထိုက် မြို့,Maw Hteik Town,အမှတ် (၁) ရပ်ကွက်,No (1) Quarter,ward,,,township_unresolved,non_admin_unresolved_township_name,0,1,1,Could not resolve approved CoreMap township from postal region/township names; local match skipped (township must resolve first),,non_admin_postal_locality,township name unresolved as CoreMap township; locality treated as non-admin postal place/town,
1670002,non_admin_postal_locality,ရှမ်းပြည်နယ် (မြောက်ပိုင်း),Shan State (North),​မော်ထိုက် မြို့,Maw Hteik Town,အမှတ် (၂) ရပ်ကွက်,No (2) Quarter,ward,,,township_unresolved,non_admin_unresolved_township_name,0,1,1,Could not resolve approved CoreMap township from postal region/township names; local match skipped (township must resolve first),,non_admin_postal_locality,township name unresolved as CoreMap township; locality treated as non-admin postal place/town,
1670003,non_admin_postal_locality,ရှမ်းပြည်နယ် (မြောက်ပိုင်း),Shan State (North),​မော်ထိုက် မြို့,Maw Hteik Town,အမှတ် (၃) ရပ်ကွက်,No (3) Quarter,ward,,,township_unresolved,non_admin_unresolved_township_name,0,1,1,Could not resolve approved CoreMap township from postal region/township names; local match skipped (township must resolve first),,non_admin_postal_locality,township name unresolved as CoreMap township; locality treated as non-admin postal place/town,
1671001,non_admin_postal_locality,ရှမ်းပြည်နယ် (မြောက်ပိုင်း),Shan State (North),ဝိန်းကောင် မြို့,Wein Kawn Town,ဝိန်းကောင် ရပ်ကွက်,Wein Kawn Quarter,ward,,,township_unresolved,non_admin_unresolved_township_name,0,1,1,Could not resolve approved CoreMap township from postal region/township names; local match skipped (township must resolve first),,non_admin_postal_locality,township name unresolved as CoreMap township; locality treated as non-admin postal place/town,
1702201,missing_local_admin_identity,ရှမ်းပြည်နယ် (အရှေ့),Shan State (East),မိုင်းခတ် မြို့နယ်,Mongkhet Township,နမ့်ဆော် ကျေးရွာအုပ်စု,Nam Hsaw Village Tract,village_tract,6331,,no_exact_or_fuzzy,missing_local_after_rebind,0,1,1,"Township 6331 resolved, but no exact approved ward/village-tract identity matched; will not invent admin from postal text",,missing_local_admin_identity,township resolved; no exact inventory identity for locality,
1704001,missing_local_admin_identity,ရှမ်းပြည်နယ် (အရှေ့),Shan State (East),မိုင်းလား မြို့နယ်,Mongla Township,အမှတ် (၁) ရပ်ကွက်,No (1) Quarter,ward,7526,,no_exact_or_fuzzy,missing_local_after_rebind,0,1,1,"Township 7526 resolved, but no exact approved ward/village-tract identity matched; will not invent admin from postal text",,missing_local_admin_identity,township resolved; no exact inventory identity for locality,
1704002,missing_local_admin_identity,ရှမ်းပြည်နယ် (အရှေ့),Shan State (East),မိုင်းလား မြို့နယ်,Mongla Township,အမှတ် (၂) ရပ်ကွက်,No (2) Quarter,ward,7526,,no_exact_or_fuzzy,missing_local_after_rebind,0,1,1,"Township 7526 resolved, but no exact approved ward/village-tract identity matched; will not invent admin from postal text",,missing_local_admin_identity,township resolved; no exact inventory identity for locality,
1704200,missing_local_admin_identity,ရှမ်းပြည်နယ် (အရှေ့),Shan State (East),မိုင်းလား မြို့နယ်,Mongla Township,စွပ်ပလွေ ကျေးရွာအုပ်စု,Sut Pa Lway Village Tract,village_tract,7526,,no_exact_or_fuzzy,missing_local_after_rebind,0,1,1,"Township 7526 resolved, but no exact approved ward/village-tract identity matched; will not invent admin from postal text",,missing_local_admin_identity,township resolved; no exact inventory identity for locality,
1704202,missing_local_admin_identity,ရှမ်းပြည်နယ် (အရှေ့),Shan State (East),မိုင်းလား မြို့နယ်,Mongla Township,တာပုံ ကျေးရွာအုပ်စု,Tar Pong Village Tract,village_tract,7526,,no_exact_or_fuzzy,missing_local_after_rebind,0,1,1,"Township 7526 resolved, but no exact approved ward/village-tract identity matched; will not invent admin from postal text",,missing_local_admin_identity,township resolved; no exact inventory identity for locality,
1704205,missing_local_admin_identity,ရှမ်းပြည်နယ် (အရှေ့),Shan State (East),မိုင်းလား မြို့နယ်,Mongla Township,မိုင်းဝ ကျေးရွာအုပ်စု,Mong Wa Village Tract,village_tract,7526,,no_exact_or_fuzzy,missing_local_after_rebind,0,1,1,"Township 7526 resolved, but no exact approved ward/village-tract identity matched; will not invent admin from postal text",,missing_local_admin_identity,township resolved; no exact inventory identity for locality,
1704208,missing_local_admin_identity,ရှမ်းပြည်နယ် (အရှေ့),Shan State (East),မိုင်းလား မြို့နယ်,Mongla Township,ဝမ်မိုင်းလုံ ကျေးရွာအုပ်စု,Wan Mong Long Village Tract,village_tract,7526,,no_exact_or_fuzzy,missing_local_after_rebind,0,1,1,"Township 7526 resolved, but no exact approved ward/village-tract identity matched; will not invent admin from postal text",,missing_local_admin_identity,township resolved; no exact inventory identity for locality,
1705001,missing_local_admin_identity,ရှမ်းပြည်နယ် (အရှေ့),Shan State (East),မိုင်းဆတ် မြို့နယ်,Monghsat Township,ကျဒယ် ရပ်ကွက်,Kya Dei Quarter,ward,6372,,no_exact_or_fuzzy,missing_local_after_rebind,0,1,1,"Township 6372 resolved, but no exact approved ward/village-tract identity matched; will not invent admin from postal text",,missing_local_admin_identity,township resolved; no exact inventory identity for locality,
1705003,missing_local_admin_identity,ရှမ်းပြည်နယ် (အရှေ့),Shan State (East),မိုင်းဆတ် မြို့နယ်,Monghsat Township,မယ်ဆွမ်မြောက် ရပ်ကွက်,Mae Sum (North) Quarter,ward,6372,,no_exact_or_fuzzy,missing_local_after_rebind,0,1,1,"Township 6372 resolved, but no exact approved ward/village-tract identity matched; will not invent admin from postal text",,missing_local_admin_identity,township resolved; no exact inventory identity for locality,
1705004,missing_local_admin_identity,ရှမ်းပြည်နယ် (အရှေ့),Shan State (East),မိုင်းဆတ် မြို့နယ်,Monghsat Township,မြို့သစ် ရပ်ကွက်,Myo Thit Quarter,ward,6372,,no_exact_or_fuzzy,missing_local_after_rebind,0,1,1,"Township 6372 resolved, but no exact approved ward/village-tract identity matched; will not invent admin from postal text",,missing_local_admin_identity,township resolved; no exact inventory identity for locality,
1705005,missing_local_admin_identity,ရှမ်းပြည်နယ် (အရှေ့),Shan State (East),မိုင်းဆတ် မြို့နယ်,Monghsat Township,ဝိန်းနေ ရပ်ကွက်,Wein Nay Quarter,ward,6372,,no_exact_or_fuzzy,missing_local_after_rebind,0,1,1,"Township 6372 resolved, but no exact approved ward/village-tract identity matched; will not invent admin from postal text",,missing_local_admin_identity,township resolved; no exact inventory identity for locality,
1705006,missing_local_admin_identity,ရှမ်းပြည်နယ် (အရှေ့),Shan State (East),မိုင်းဆတ် မြို့နယ်,Monghsat Township,ဝိန်းဝိုင် ရပ်ကွက်,Wein Waing Quarter,ward,6372,,no_exact_or_fuzzy,missing_local_after_rebind,0,1,1,"Township 6372 resolved, but no exact approved ward/village-tract identity matched; will not invent admin from postal text",,missing_local_admin_identity,township resolved; no exact inventory identity for locality,
1706200,missing_local_admin_identity,ရှမ်းပြည်နယ် (အရှေ့),Shan State (East),မိုင်းပျဉ်း မြို့နယ်,Mongping Township,ကျောင်းခါး ကျေးရွာအုပ်စု,Kyawng Hkar Village Tract,village_tract,6312,,no_exact_or_fuzzy,missing_local_after_rebind,0,1,1,"Township 6312 resolved, but no exact approved ward/village-tract identity matched; will not invent admin from postal text",,missing_local_admin_identity,township resolved; no exact inventory identity for locality,
1706201,missing_local_admin_identity,ရှမ်းပြည်နယ် (အရှေ့),Shan State (East),မိုင်းပျဉ်း မြို့နယ်,Mongping Township,ကုန်းဆာ ကျေးရွာအုပ်စု,Kone Hsar Village Tract,village_tract,6312,,no_exact_or_fuzzy,missing_local_after_rebind,0,1,1,"Township 6312 resolved, but no exact approved ward/village-tract identity matched; will not invent admin from postal text",,missing_local_admin_identity,township resolved; no exact inventory identity for locality,
1706203,missing_local_admin_identity,ရှမ်းပြည်နယ် (အရှေ့),Shan State (East),မိုင်းပျဉ်း မြို့နယ်,Mongping Township,ဆီပေါ့ ကျေးရွာအုပ်စု,Hsi Pawt Village Tract,village_tract,6312,,no_exact_or_fuzzy,missing_local_after_rebind,0,1,1,"Township 6312 resolved, but no exact approved ward/village-tract identity matched; will not invent admin from postal text",,missing_local_admin_identity,township resolved; no exact inventory identity for locality,
1706208,missing_local_admin_identity,ရှမ်းပြည်နယ် (အရှေ့),Shan State (East),မိုင်းပျဉ်း မြို့နယ်,Mongping Township,နားမော် ကျေးရွာအုပ်စု,Nar Maw Village Tract,village_tract,6312,,no_exact_or_fuzzy,missing_local_after_rebind,0,1,1,"Township 6312 resolved, but no exact approved ward/village-tract identity matched; will not invent admin from postal text",,missing_local_admin_identity,township resolved; no exact inventory identity for locality,
1706227,missing_local_admin_identity,ရှမ်းပြည်နယ် (အရှေ့),Shan State (East),မိုင်းပျဉ်း မြို့နယ်,Mongping Township,ဟွေခုရု ကျေးရွာအုပ်စု,Hway Hku Yu Village Tract,village_tract,6312,,no_exact_or_fuzzy,missing_local_after_rebind,0,1,1,"Township 6312 resolved, but no exact approved ward/village-tract identity matched; will not invent admin from postal text",,missing_local_admin_identity,township resolved; no exact inventory identity for locality,
1707001,missing_local_admin_identity,ရှမ်းပြည်နယ် (အရှေ့),Shan State (East),မိုင်းတုံ မြို့နယ်,Mongton Township,မြို့မ ရပ်ကွက်,Myo Ma Quarter,ward,6385,,no_exact_or_fuzzy,missing_local_after_rebind,0,1,1,"Township 6385 resolved, but no exact approved ward/village-tract identity matched; will not invent admin from postal text",,missing_local_admin_identity,township resolved; no exact inventory identity for locality,
1707002,missing_local_admin_identity,ရှမ်းပြည်နယ် (အရှေ့),Shan State (East),မိုင်းတုံ မြို့နယ်,Mongton Township,နောင်ပါရင် ရပ်ကွက်,Nawng Pa Yin Quarter,ward,6385,,no_exact_or_fuzzy,missing_local_after_rebind,0,1,1,"Township 6385 resolved, but no exact approved ward/village-tract identity matched; will not invent admin from postal text",,missing_local_admin_identity,township resolved; no exact inventory identity for locality,
1707003,missing_local_admin_identity,ရှမ်းပြည်နယ် (အရှေ့),Shan State (East),မိုင်းတုံ မြို့နယ်,Mongton Township,ဝမ်မိုင် ရပ်ကွက်,Wan Mai Quarter,ward,6385,,no_exact_or_fuzzy,missing_local_after_rebind,0,1,1,"Township 6385 resolved, but no exact approved ward/village-tract identity matched; will not invent admin from postal text",,missing_local_admin_identity,township resolved; no exact inventory identity for locality,
1707210,missing_local_admin_identity,ရှမ်းပြည်နယ် (အရှေ့),Shan State (East),မိုင်းတုံ မြို့နယ်,Mongton Township,မုန်းထော် ကျေးရွာအုပ်စု,Mone Htaw Village Tract,village_tract,6385,,no_exact_or_fuzzy,missing_local_after_rebind,0,1,1,"Township 6385 resolved, but no exact approved ward/village-tract identity matched; will not invent admin from postal text",,missing_local_admin_identity,township resolved; no exact inventory identity for locality,
1708001,missing_local_admin_identity,ရှမ်းပြည်နယ် (အရှေ့),Shan State (East),တာချီလိတ် မြို့နယ်,Tachileik Township,​ဆေခမ်း ရပ်ကွက်,Hsay Hkam Quarter,ward,6390,,no_exact_or_fuzzy,missing_local_after_rebind,0,1,1,"Township 6390 resolved, but no exact approved ward/village-tract identity matched; will not invent admin from postal text",,missing_local_admin_identity,township resolved; no exact inventory identity for locality,
1708002,missing_local_admin_identity,ရှမ်းပြည်နယ် (အရှေ့),Shan State (East),တာချီလိတ် မြို့နယ်,Tachileik Township,ဆန်ဆိုင်း(က) ရပ်ကွက်,Hsan Hseng(Ka Gyi) Quarter,ward,6390,,no_exact_or_fuzzy,missing_local_after_rebind,0,1,1,"Township 6390 resolved, but no exact approved ward/village-tract identity matched; will not invent admin from postal text",,missing_local_admin_identity,township resolved; no exact inventory identity for locality,
1708003,missing_local_admin_identity,ရှမ်းပြည်နယ် (အရှေ့),Shan State (East),တာချီလိတ် မြို့နယ်,Tachileik Township,ဆန်ဆိုင်း(ခ) ရပ်ကွက်,Hsan Hseng  (Kha Gway) Quarter,ward,6390,,no_exact_or_fuzzy,missing_local_after_rebind,0,1,1,"Township 6390 resolved, but no exact approved ward/village-tract identity matched; will not invent admin from postal text",,missing_local_admin_identity,township resolved; no exact inventory identity for locality,
1708004,missing_local_admin_identity,ရှမ်းပြည်နယ် (အရှေ့),Shan State (East),တာချီလိတ် မြို့နယ်,Tachileik Township,တာလော့ ရပ်ကွက်,Tar Lawt Quarter,ward,6390,,no_exact_or_fuzzy,missing_local_after_rebind,0,1,1,"Township 6390 resolved, but no exact approved ward/village-tract identity matched; will not invent admin from postal text",,missing_local_admin_identity,township resolved; no exact inventory identity for locality,
1708005,missing_local_admin_identity,ရှမ်းပြည်နယ် (အရှေ့),Shan State (East),တာချီလိတ် မြို့နယ်,Tachileik Township,ပါဆတ် ရပ်ကွက်,Par Sat Quarter,ward,6390,,no_exact_or_fuzzy,missing_local_after_rebind,0,1,1,"Township 6390 resolved, but no exact approved ward/village-tract identity matched; will not invent admin from postal text",,missing_local_admin_identity,township resolved; no exact inventory identity for locality,
1708006,missing_local_admin_identity,ရှမ်းပြည်နယ် (အရှေ့),Shan State (East),တာချီလိတ် မြို့နယ်,Tachileik Township,ပုန်းထွန်း ရပ်ကွက်,Pone Tun Quarter,ward,6390,,no_exact_or_fuzzy,missing_local_after_rebind,0,1,1,"Township 6390 resolved, but no exact approved ward/village-tract identity matched; will not invent admin from postal text",,missing_local_admin_identity,township resolved; no exact inventory identity for locality,
1708007,missing_local_admin_identity,ရှမ်းပြည်နယ် (အရှေ့),Shan State (East),တာချီလိတ် မြို့နယ်,Tachileik Township,မကာဟိုခမ်း ရပ်ကွက်,Ma Kar Ho Hkam Quarter,ward,6390,,no_exact_or_fuzzy,missing_local_after_rebind,0,1,1,"Township 6390 resolved, but no exact approved ward/village-tract identity matched; will not invent admin from postal text",,missing_local_admin_identity,township resolved; no exact inventory identity for locality,
1708008,missing_local_admin_identity,ရှမ်းပြည်နယ် (အရှေ့),Shan State (East),တာချီလိတ် မြို့နယ်,Tachileik Township,မယ်ခေါင် ရပ်ကွက်,Mae Khawng Quarter,ward,6390,,no_exact_or_fuzzy,missing_local_after_rebind,0,1,1,"Township 6390 resolved, but no exact approved ward/village-tract identity matched; will not invent admin from postal text",,missing_local_admin_identity,township resolved; no exact inventory identity for locality,
1708009,missing_local_admin_identity,ရှမ်းပြည်နယ် (အရှေ့),Shan State (East),တာချီလိတ် မြို့နယ်,Tachileik Township,ရန်အောင်မြေ ရပ်ကွက်,Yan Aung Myay Quarter,ward,6390,,no_exact_or_fuzzy,missing_local_after_rebind,0,1,1,"Township 6390 resolved, but no exact approved ward/village-tract identity matched; will not invent admin from postal text",,missing_local_admin_identity,township resolved; no exact inventory identity for locality,
1708010,missing_local_admin_identity,ရှမ်းပြည်နယ် (အရှေ့),Shan State (East),တာချီလိတ် မြို့နယ်,Tachileik Township,ဝမ်ကောင်း ရပ်ကွက်,Wan Kawng Quarter,ward,6390,,no_exact_or_fuzzy,missing_local_after_rebind,0,1,1,"Township 6390 resolved, but no exact approved ward/village-tract identity matched; will not invent admin from postal text",,missing_local_admin_identity,township resolved; no exact inventory identity for locality,
1708011,missing_local_admin_identity,ရှမ်းပြည်နယ် (အရှေ့),Shan State (East),တာချီလိတ် မြို့နယ်,Tachileik Township,ဝိန်းကျောက် ရပ်ကွက်,Wein Kyauk Quarter,ward,6390,,no_exact_or_fuzzy,missing_local_after_rebind,0,1,1,"Township 6390 resolved, but no exact approved ward/village-tract identity matched; will not invent admin from postal text",,missing_local_admin_identity,township resolved; no exact inventory identity for locality,
1709001,missing_local_admin_identity,ရှမ်းပြည်နယ် (အရှေ့),Shan State (East),မိုင်းဖြတ် မြို့နယ်,Monghpyak Township,ဈေးတန်း ရပ်ကွက်,Zay Tan Quarter,ward,6370,,no_exact_or_fuzzy,missing_local_after_rebind,0,1,1,"Township 6370 resolved, but no exact approved ward/village-tract identity matched; will not invent admin from postal text",,missing_local_admin_identity,township resolved; no exact inventory identity for locality,
1709002,missing_local_admin_identity,ရှမ်းပြည်နယ် (အရှေ့),Shan State (East),မိုင်းဖြတ် မြို့နယ်,Monghpyak Township,ဝမ်မိုင် ရပ်ကွက်,Wan Mai Quarter,ward,6370,,no_exact_or_fuzzy,missing_local_after_rebind,0,1,1,"Township 6370 resolved, but no exact approved ward/village-tract identity matched; will not invent admin from postal text",,missing_local_admin_identity,township resolved; no exact inventory identity for locality,
1709003,missing_local_admin_identity,ရှမ်းပြည်နယ် (အရှေ့),Shan State (East),မိုင်းဖြတ် မြို့နယ်,Monghpyak Township,ဝမ်ဝှေ ရပ်ကွက်,Wan Whay Quarter,ward,6370,,no_exact_or_fuzzy,missing_local_after_rebind,0,1,1,"Township 6370 resolved, but no exact approved ward/village-tract identity matched; will not invent admin from postal text",,missing_local_admin_identity,township resolved; no exact inventory identity for locality,
1709216,missing_local_admin_identity,ရှမ်းပြည်နယ် (အရှေ့),Shan State (East),မိုင်းဖြတ် မြို့နယ်,Monghpyak Township,လုံကောင့် ကျေးရွာအုပ်စု,Long Kaunt Village Tract,village_tract,6370,,no_exact_or_fuzzy,missing_local_after_rebind,0,1,1,"Township 6370 resolved, but no exact approved ward/village-tract identity matched; will not invent admin from postal text",,missing_local_admin_identity,township resolved; no exact inventory identity for locality,
1711200,missing_local_admin_identity,ရှမ်းပြည်နယ် (အရှေ့),Shan State (East),ဟိုတောင်း မြို့နယ်,Ho Tawng (Ho Tao) Township,ဟိုတောင်း ကျေးရွာအုပ်စု,Ho Tawng (Ho Tao) Village Tract,village_tract,6460,,no_exact_or_fuzzy,missing_local_after_rebind,0,1,1,"Township 6460 resolved, but no exact approved ward/village-tract identity matched; will not invent admin from postal text",,missing_local_admin_identity,township resolved; no exact inventory identity for locality,
1711201,missing_local_admin_identity,ရှမ်းပြည်နယ် (အရှေ့),Shan State (East),ဟိုတောင်း မြို့နယ်,Ho Tawng (Ho Tao) Township,ကျိမ်းခမ်း ကျေးရွာအုပ်စု,Kyein Hkam Village Tract,village_tract,6460,,no_exact_or_fuzzy,missing_local_after_rebind,0,1,1,"Township 6460 resolved, but no exact approved ward/village-tract identity matched; will not invent admin from postal text",,missing_local_admin_identity,township resolved; no exact inventory identity for locality,
1711202,missing_local_admin_identity,ရှမ်းပြည်နယ် (အရှေ့),Shan State (East),ဟိုတောင်း မြို့နယ်,Ho Tawng (Ho Tao) Township,နမ်ဒူ ကျေးရွာအုပ်စု,Nam Du Village Tract,village_tract,6460,,no_exact_or_fuzzy,missing_local_after_rebind,0,1,1,"Township 6460 resolved, but no exact approved ward/village-tract identity matched; will not invent admin from postal text",,missing_local_admin_identity,township resolved; no exact inventory identity for locality,
1711203,missing_local_admin_identity,ရှမ်းပြည်နယ် (အရှေ့),Shan State (East),ဟိုတောင်း မြို့နယ်,Ho Tawng (Ho Tao) Township,နမ့်တွန် ကျေးရွာအုပ်စု,Nam Tun Village Tract,village_tract,6460,,no_exact_or_fuzzy,missing_local_after_rebind,0,1,1,"Township 6460 resolved, but no exact approved ward/village-tract identity matched; will not invent admin from postal text",,missing_local_admin_identity,township resolved; no exact inventory identity for locality,
1711204,missing_local_admin_identity,ရှမ်းပြည်နယ် (အရှေ့),Shan State (East),ဟိုတောင်း မြို့နယ်,Ho Tawng (Ho Tao) Township,နောင်တောင်း ကျေးရွာအုပ်စု,Nawng Tawng Village Tract,village_tract,6460,,no_exact_or_fuzzy,missing_local_after_rebind,0,1,1,"Township 6460 resolved, but no exact approved ward/village-tract identity matched; will not invent admin from postal text",,missing_local_admin_identity,township resolved; no exact inventory identity for locality,
1712200,missing_local_admin_identity,ရှမ်းပြည်နယ် (အရှေ့),Shan State (East),မိုင်းပေါက် မြို့နယ်,Mong Pawk Township,မိုင်းပေါက် ကျေးရွာအုပ်စု,Mong Pawk Village Tract,village_tract,6466,,no_exact_or_fuzzy,missing_local_after_rebind,0,1,1,"Township 6466 resolved, but no exact approved ward/village-tract identity matched; will not invent admin from postal text",,missing_local_admin_identity,township resolved; no exact inventory identity for locality,
1712201,missing_local_admin_identity,ရှမ်းပြည်နယ် (အရှေ့),Shan State (East),မိုင်းပေါက် မြို့နယ်,Mong Pawk Township,နမ့်အူး ကျေးရွာအုပ်စု,Nam Au Village Tract,village_tract,6466,,no_exact_or_fuzzy,missing_local_after_rebind,0,1,1,"Township 6466 resolved, but no exact approved ward/village-tract identity matched; will not invent admin from postal text",,missing_local_admin_identity,township resolved; no exact inventory identity for locality,
1712202,missing_local_admin_identity,ရှမ်းပြည်နယ် (အရှေ့),Shan State (East),မိုင်းပေါက် မြို့နယ်,Mong Pawk Township,နမ့်မောင်း ကျေးရွာအုပ်စု,Nam Mawng Village Tract,village_tract,6466,,no_exact_or_fuzzy,missing_local_after_rebind,0,1,1,"Township 6466 resolved, but no exact approved ward/village-tract identity matched; will not invent admin from postal text",,missing_local_admin_identity,township resolved; no exact inventory identity for locality,
1712203,missing_local_admin_identity,ရှမ်းပြည်နယ် (အရှေ့),Shan State (East),မိုင်းပေါက် မြို့နယ်,Mong Pawk Township,တုံဖ ကျေးရွာအုပ်စု,Ton Hpa Village Tract,village_tract,6466,,no_exact_or_fuzzy,missing_local_after_rebind,0,1,1,"Township 6466 resolved, but no exact approved ward/village-tract identity matched; will not invent admin from postal text",,missing_local_admin_identity,township resolved; no exact inventory identity for locality,
1712204,missing_local_admin_identity,ရှမ်းပြည်နယ် (အရှေ့),Shan State (East),မိုင်းပေါက် မြို့နယ်,Mong Pawk Township,ဝမ်းကောင် ကျေးရွာအုပ်စု,Wan Kawng Village Tract,village_tract,6466,,no_exact_or_fuzzy,missing_local_after_rebind,0,1,1,"Township 6466 resolved, but no exact approved ward/village-tract identity matched; will not invent admin from postal text",,missing_local_admin_identity,township resolved; no exact inventory identity for locality,
1712205,missing_local_admin_identity,ရှမ်းပြည်နယ် (အရှေ့),Shan State (East),မိုင်းပေါက် မြို့နယ်,Mong Pawk Township,ယောင်ဟတ် ကျေးရွာအုပ်စု,Yawng Hat Village Tract,village_tract,6466,,no_exact_or_fuzzy,missing_local_after_rebind,0,1,1,"Township 6466 resolved, but no exact approved ward/village-tract identity matched; will not invent admin from postal text",,missing_local_admin_identity,township resolved; no exact inventory identity for locality,
1712206,missing_local_admin_identity,ရှမ်းပြည်နယ် (အရှေ့),Shan State (East),မိုင်းပေါက် မြို့နယ်,Mong Pawk Township,မိုင်းပေါက်ဈေး ကျေးရွာအုပ်စု,Mong Pawk Market Village Tract,village_tract,6466,,no_exact_or_fuzzy,missing_local_after_rebind,0,1,1,"Township 6466 resolved, but no exact approved ward/village-tract identity matched; will not invent admin from postal text",,missing_local_admin_identity,township resolved; no exact inventory identity for locality,
1760001,non_admin_postal_locality,ရှမ်းပြည်နယ် (အရှေ့),Shan State (East),မိုင်းခုတ် မြို့,Mongkhoke Town,အမှတ် (၁) ရပ်ကွက်,No (1) Quarter,ward,,,township_unresolved,non_admin_unresolved_township_name,0,1,1,Could not resolve approved CoreMap township from postal region/township names; local match skipped (township must resolve first),,non_admin_postal_locality,township name unresolved as CoreMap township; locality treated as non-admin postal place/town,
1760002,non_admin_postal_locality,ရှမ်းပြည်နယ် (အရှေ့),Shan State (East),မိုင်းခုတ် မြို့,Mongkhoke Town,အမှတ် (၂) ရပ်ကွက်,No (2) Quarter,ward,,,township_unresolved,non_admin_unresolved_township_name,0,1,1,Could not resolve approved CoreMap township from postal region/township names; local match skipped (township must resolve first),,non_admin_postal_locality,township name unresolved as CoreMap township; locality treated as non-admin postal place/town,
1760003,non_admin_postal_locality,ရှမ်းပြည်နယ် (အရှေ့),Shan State (East),မိုင်းခုတ် မြို့,Mongkhoke Town,အမှတ် (၃) ရပ်ကွက်,No (3) Quarter,ward,,,township_unresolved,non_admin_unresolved_township_name,0,1,1,Could not resolve approved CoreMap township from postal region/township names; local match skipped (township must resolve first),,non_admin_postal_locality,township name unresolved as CoreMap township; locality treated as non-admin postal place/town,
1761001,non_admin_postal_locality,ရှမ်းပြည်နယ် (အရှေ့),Shan State (East),တုံတာ မြို့,Tontar Town,အမှတ် (၁) ရပ်ကွက်,No (1) Quarter,ward,,,township_unresolved,non_admin_unresolved_township_name,0,1,1,Could not resolve approved CoreMap township from postal region/township names; local match skipped (township must resolve first),,non_admin_postal_locality,township name unresolved as CoreMap township; locality treated as non-admin postal place/town,
1761002,non_admin_postal_locality,ရှမ်းပြည်နယ် (အရှေ့),Shan State (East),တုံတာ မြို့,Tontar Town,အမှတ် (၂) ရပ်ကွက်,No (2) Quarter,ward,,,township_unresolved,non_admin_unresolved_township_name,0,1,1,Could not resolve approved CoreMap township from postal region/township names; local match skipped (township must resolve first),,non_admin_postal_locality,township name unresolved as CoreMap township; locality treated as non-admin postal place/town,
1761003,non_admin_postal_locality,ရှမ်းပြည်နယ် (အရှေ့),Shan State (East),တုံတာ မြို့,Tontar Town,အမှတ် (၃) ရပ်ကွက်,No (3) Quarter,ward,,,township_unresolved,non_admin_unresolved_township_name,0,1,1,Could not resolve approved CoreMap township from postal region/township names; local match skipped (township must resolve first),,non_admin_postal_locality,township name unresolved as CoreMap township; locality treated as non-admin postal place/town,
1761004,non_admin_postal_locality,ရှမ်းပြည်နယ် (အရှေ့),Shan State (East),တုံတာ မြို့,Tontar Town,အမှတ် (၄) ရပ်ကွက်,No (4) Quarter,ward,,,township_unresolved,non_admin_unresolved_township_name,0,1,1,Could not resolve approved CoreMap township from postal region/township names; local match skipped (township must resolve first),,non_admin_postal_locality,township name unresolved as CoreMap township; locality treated as non-admin postal place/town,
1762001,non_admin_postal_locality,ရှမ်းပြည်နယ် (အရှေ့),Shan State (East),ပုံပါကျင် မြို့,Ponparkyin Town,အမှတ် (၁) ရပ်ကွက်,No (1) Quarter,ward,,,township_unresolved,non_admin_unresolved_township_name,0,1,1,Could not resolve approved CoreMap township from postal region/township names; local match skipped (township must resolve first),,non_admin_postal_locality,township name unresolved as CoreMap township; locality treated as non-admin postal place/town,
1762002,non_admin_postal_locality,ရှမ်းပြည်နယ် (အရှေ့),Shan State (East),ပုံပါကျင် မြို့,Ponparkyin Town,အမှတ် (၂) ရပ်ကွက်,No (2) Quarter,ward,,,township_unresolved,non_admin_unresolved_township_name,0,1,1,Could not resolve approved CoreMap township from postal region/township names; local match skipped (township must resolve first),,non_admin_postal_locality,township name unresolved as CoreMap township; locality treated as non-admin postal place/town,
1762003,non_admin_postal_locality,ရှမ်းပြည်နယ် (အရှေ့),Shan State (East),ပုံပါကျင် မြို့,Ponparkyin Town,အမှတ် (၃) ရပ်ကွက်,No (3) Quarter,ward,,,township_unresolved,non_admin_unresolved_township_name,0,1,1,Could not resolve approved CoreMap township from postal region/township names; local match skipped (township must resolve first),,non_admin_postal_locality,township name unresolved as CoreMap township; locality treated as non-admin postal place/town,
1762004,non_admin_postal_locality,ရှမ်းပြည်နယ် (အရှေ့),Shan State (East),ပုံပါကျင် မြို့,Ponparkyin Town,အမှတ် (၄) ရပ်ကွက်,No (4) Quarter,ward,,,township_unresolved,non_admin_unresolved_township_name,0,1,1,Could not resolve approved CoreMap township from postal region/township names; local match skipped (township must resolve first),,non_admin_postal_locality,township name unresolved as CoreMap township; locality treated as non-admin postal place/town,
1762005,non_admin_postal_locality,ရှမ်းပြည်နယ် (အရှေ့),Shan State (East),ပုံပါကျင် မြို့,Ponparkyin Town,အမှတ် (၅) ရပ်ကွက်,No (5) Quarter,ward,,,township_unresolved,non_admin_unresolved_township_name,0,1,1,Could not resolve approved CoreMap township from postal region/township names; local match skipped (township must resolve first),,non_admin_postal_locality,township name unresolved as CoreMap township; locality treated as non-admin postal place/town,
1763001,non_admin_postal_locality,ရှမ်းပြည်နယ် (အရှေ့),Shan State (East),မုံးထ မြို့,Hmone Hta Town,အမှတ် (၁) ရပ်ကွက်,No (1) Quarter,ward,,,township_unresolved,non_admin_unresolved_township_name,0,1,1,Could not resolve approved CoreMap township from postal region/township names; local match skipped (township must resolve first),,non_admin_postal_locality,township name unresolved as CoreMap township; locality treated as non-admin postal place/town,
1763002,non_admin_postal_locality,ရှမ်းပြည်နယ် (အရှေ့),Shan State (East),မုံးထ မြို့,Hmone Hta Town,အမှတ် (၂) ရပ်ကွက်,No (2) Quarter,ward,,,township_unresolved,non_admin_unresolved_township_name,0,1,1,Could not resolve approved CoreMap township from postal region/township names; local match skipped (township must resolve first),,non_admin_postal_locality,township name unresolved as CoreMap township; locality treated as non-admin postal place/town,
1763003,non_admin_postal_locality,ရှမ်းပြည်နယ် (အရှေ့),Shan State (East),မုံးထ မြို့,Hmone Hta Town,အမှတ် (၃) ရပ်ကွက်,No (3) Quarter,ward,,,township_unresolved,non_admin_unresolved_township_name,0,1,1,Could not resolve approved CoreMap township from postal region/township names; local match skipped (township must resolve first),,non_admin_postal_locality,township name unresolved as CoreMap township; locality treated as non-admin postal place/town,
1764001,non_admin_postal_locality,ရှမ်းပြည်နယ် (အရှေ့),Shan State (East),ကျိုင်းလပ် မြို့,Kenglat Town,အမှတ် (၁) ရပ်ကွက်,No (1) Quarter,ward,,,township_unresolved,non_admin_unresolved_township_name,0,1,1,Could not resolve approved CoreMap township from postal region/township names; local match skipped (township must resolve first),,non_admin_postal_locality,township name unresolved as CoreMap township; locality treated as non-admin postal place/town,
1764002,non_admin_postal_locality,ရှမ်းပြည်နယ် (အရှေ့),Shan State (East),ကျိုင်းလပ် မြို့,Kenglat Town,အမှတ် (၂) ရပ်ကွက်,No (2) Quarter,ward,,,township_unresolved,non_admin_unresolved_township_name,0,1,1,Could not resolve approved CoreMap township from postal region/township names; local match skipped (township must resolve first),,non_admin_postal_locality,township name unresolved as CoreMap township; locality treated as non-admin postal place/town,
1764003,non_admin_postal_locality,ရှမ်းပြည်နယ် (အရှေ့),Shan State (East),ကျိုင်းလပ် မြို့,Kenglat Town,အမှတ် (၃) ရပ်ကွက်,No (3) Quarter,ward,,,township_unresolved,non_admin_unresolved_township_name,0,1,1,Could not resolve approved CoreMap township from postal region/township names; local match skipped (township must resolve first),,non_admin_postal_locality,township name unresolved as CoreMap township; locality treated as non-admin postal place/town,
1765001,non_admin_postal_locality,ရှမ်းပြည်နယ် (အရှေ့),Shan State (East),တာလေ မြို့,Tarlay Town,အမှတ် (၁) ရပ်ကွက်,No (1) Quarter,ward,,,township_unresolved,non_admin_unresolved_township_name,0,1,1,Could not resolve approved CoreMap township from postal region/township names; local match skipped (township must resolve first),,non_admin_postal_locality,township name unresolved as CoreMap township; locality treated as non-admin postal place/town,
1765002,non_admin_postal_locality,ရှမ်းပြည်နယ် (အရှေ့),Shan State (East),တာလေ မြို့,Tarlay Town,အမှတ် (၂) ရပ်ကွက်,No (2) Quarter,ward,,,township_unresolved,non_admin_unresolved_township_name,0,1,1,Could not resolve approved CoreMap township from postal region/township names; local match skipped (township must resolve first),,non_admin_postal_locality,township name unresolved as CoreMap township; locality treated as non-admin postal place/town,
1765003,non_admin_postal_locality,ရှမ်းပြည်နယ် (အရှေ့),Shan State (East),တာလေ မြို့,Tarlay Town,အမှတ် (၃) ရပ်ကွက်,No (3) Quarter,ward,,,township_unresolved,non_admin_unresolved_township_name,0,1,1,Could not resolve approved CoreMap township from postal region/township names; local match skipped (township must resolve first),,non_admin_postal_locality,township name unresolved as CoreMap township; locality treated as non-admin postal place/town,
1765004,non_admin_postal_locality,ရှမ်းပြည်နယ် (အရှေ့),Shan State (East),တာလေ မြို့,Tarlay Town,အမှတ် (၄) ရပ်ကွက်,No (4) Quarter,ward,,,township_unresolved,non_admin_unresolved_township_name,0,1,1,Could not resolve approved CoreMap township from postal region/township names; local match skipped (township must resolve first),,non_admin_postal_locality,township name unresolved as CoreMap township; locality treated as non-admin postal place/town,
1766001,non_admin_postal_locality,ရှမ်းပြည်နယ် (အရှေ့),Shan State (East),မိုင်းယု မြို့,Mongyu Town,မိုင်းယုမြို့မ ရပ်ကွက်,Mongyu Myo Ma Quarter,ward,,,township_unresolved,non_admin_unresolved_township_name,0,1,1,Could not resolve approved CoreMap township from postal region/township names; local match skipped (township must resolve first),,non_admin_postal_locality,township name unresolved as CoreMap township; locality treated as non-admin postal place/town,
1801001,missing_local_admin_identity,ပဲခူးတိုင်းဒေသကြီး (အနောက်),Bago Region (West),ပြည် မြို့နယ်,Pyay Township,နဝင်း ရပ်ကွက်,Na Win Ward Quarter,ward,7139,,no_exact_or_fuzzy,missing_local_after_rebind,0,1,1,"Township 7139 resolved, but no exact approved ward/village-tract identity matched; will not invent admin from postal text",,missing_local_admin_identity,township resolved; no exact inventory identity for locality,
1801002,missing_local_admin_identity,ပဲခူးတိုင်းဒေသကြီး (အနောက်),Bago Region (West),ပြည် မြို့နယ်,Pyay Township,ရွှေကူ ရပ်ကွက်,Shwe Ku Quarter,ward,7139,,no_exact_or_fuzzy,missing_local_after_rebind,0,1,1,"Township 7139 resolved, but no exact approved ward/village-tract identity matched; will not invent admin from postal text",,missing_local_admin_identity,township resolved; no exact inventory identity for locality,
1801003,missing_local_admin_identity,ပဲခူးတိုင်းဒေသကြီး (အနောက်),Bago Region (West),ပြည် မြို့နယ်,Pyay Township,အိုးတန်း ရပ်ကွက်,Oe Tan Quarter,ward,7139,,no_exact_or_fuzzy,missing_local_after_rebind,0,1,1,"Township 7139 resolved, but no exact approved ward/village-tract identity matched; will not invent admin from postal text",,missing_local_admin_identity,township resolved; no exact inventory identity for locality,
1801004,missing_local_admin_identity,ပဲခူးတိုင်းဒေသကြီး (အနောက်),Bago Region (West),ပြည် မြို့နယ်,Pyay Township,ဆံတော် ရပ်ကွက်,San Taw Quarter,ward,7139,,no_exact_or_fuzzy,missing_local_after_rebind,0,1,1,"Township 7139 resolved, but no exact approved ward/village-tract identity matched; will not invent admin from postal text",,missing_local_admin_identity,township resolved; no exact inventory identity for locality,
1801005,missing_local_admin_identity,ပဲခူးတိုင်းဒေသကြီး (အနောက်),Bago Region (West),ပြည် မြို့နယ်,Pyay Township,ဆင်စု ရပ်ကွက်,Sin Su Quarter,ward,7139,,no_exact_or_fuzzy,missing_local_after_rebind,0,1,1,"Township 7139 resolved, but no exact approved ward/village-tract identity matched; will not invent admin from postal text",,missing_local_admin_identity,township resolved; no exact inventory identity for locality,
1801006,missing_local_admin_identity,ပဲခူးတိုင်းဒေသကြီး (အနောက်),Bago Region (West),ပြည် မြို့နယ်,Pyay Township,ရွာဘဲ ရပ်ကွက်,Ywar Be Quarter,ward,7139,,no_exact_or_fuzzy,missing_local_after_rebind,0,1,1,"Township 7139 resolved, but no exact approved ward/village-tract identity matched; will not invent admin from postal text",,missing_local_admin_identity,township resolved; no exact inventory identity for locality,
1801007,missing_local_admin_identity,ပဲခူးတိုင်းဒေသကြီး (အနောက်),Bago Region (West),ပြည် မြို့နယ်,Pyay Township,ခေတ္တရာမြို့သစ် ရပ်ကွက်,Khit Ta Yar Myo Thit Quarter,ward,7139,,no_exact_or_fuzzy,missing_local_after_rebind,0,1,1,"Township 7139 resolved, but no exact approved ward/village-tract identity matched; will not invent admin from postal text",,missing_local_admin_identity,township resolved; no exact inventory identity for locality,
1801008,missing_local_admin_identity,ပဲခူးတိုင်းဒေသကြီး (အနောက်),Bago Region (West),ပြည် မြို့နယ်,Pyay Township,ပြည်သာယာ ရပ်ကွက်,Pyi Thar Yar Quarter,ward,7139,,no_exact_or_fuzzy,missing_local_after_rebind,0,1,1,"Township 7139 resolved, but no exact approved ward/village-tract identity matched; will not invent admin from postal text",,missing_local_admin_identity,township resolved; no exact inventory identity for locality,
1801009,missing_local_admin_identity,ပဲခူးတိုင်းဒေသကြီး (အနောက်),Bago Region (West),ပြည် မြို့နယ်,Pyay Township,နဝဒေး ရပ်ကွက်,Na Wa Day Quarter,ward,7139,,no_exact_or_fuzzy,missing_local_after_rebind,0,1,1,"Township 7139 resolved, but no exact approved ward/village-tract identity matched; will not invent admin from postal text",,missing_local_admin_identity,township resolved; no exact inventory identity for locality,
1801010,missing_local_admin_identity,ပဲခူးတိုင်းဒေသကြီး (အနောက်),Bago Region (West),ပြည် မြို့နယ်,Pyay Township,ရွှေတံခါး ရပ်ကွက်,Shwe Ta Gar Quarter,ward,7139,,no_exact_or_fuzzy,missing_local_after_rebind,0,1,1,"Township 7139 resolved, but no exact approved ward/village-tract identity matched; will not invent admin from postal text",,missing_local_admin_identity,township resolved; no exact inventory identity for locality,
1801227,missing_local_admin_identity,ပဲခူးတိုင်းဒေသကြီး (အနောက်),Bago Region (West),ပြည် မြို့နယ်,Pyay Township,ပေါင်းတလည် ကျေးရွာအုပ်စု,Paung Ta Lei Village Tract,village_tract,7139,,no_exact_or_fuzzy,missing_local_after_rebind,0,1,1,"Township 7139 resolved, but no exact approved ward/village-tract identity matched; will not invent admin from postal text",,missing_local_admin_identity,township resolved; no exact inventory identity for locality,
1802252,missing_local_admin_identity,ပဲခူးတိုင်းဒေသကြီး (အနောက်),Bago Region (West),ပေါက်ခေါင်း မြို့နယ်,Paukkhaung Township,ရွှေတောင်ငွေတောင် ကျေးရွာအုပ်စု,Shwe Taung Ngwe Taung Village Tract,village_tract,7137,,no_exact_or_fuzzy,missing_local_after_rebind,0,1,1,"Township 7137 resolved, but no exact approved ward/village-tract identity matched; will not invent admin from postal text",,missing_local_admin_identity,township resolved; no exact inventory identity for locality,
1803207,missing_local_admin_identity,ပဲခူးတိုင်းဒေသကြီး (အနောက်),Bago Region (West),ပန်းတောင်း မြို့နယ်,Padaung Township,ဥသျှစ်ပင် ကျေးရွာအုပ်စု,Oke Shit Pin Village Tract,village_tract,6778,,no_exact_or_fuzzy,missing_local_after_rebind,0,1,1,"Township 6778 resolved, but no exact approved ward/village-tract identity matched; will not invent admin from postal text",,missing_local_admin_identity,township resolved; no exact inventory identity for locality,
1803241,missing_local_admin_identity,ပဲခူးတိုင်းဒေသကြီး (အနောက်),Bago Region (West),ပန်းတောင်း မြို့နယ်,Padaung Township,ညောင်ကျိုး ကျေးရွာအုပ်စု,Nyaung Kyoe Village Tract,village_tract,6778,,no_exact_or_fuzzy,missing_local_after_rebind,0,1,1,"Township 6778 resolved, but no exact approved ward/village-tract identity matched; will not invent admin from postal text",,missing_local_admin_identity,township resolved; no exact inventory identity for locality,
1804001,missing_local_admin_identity,ပဲခူးတိုင်းဒေသကြီး (အနောက်),Bago Region (West),ပေါင်းတည် မြို့နယ်,Paungde Township,ဘွဲ့ပင်ကန် ရပ်ကွက်,Bweit Pin Kan Quarter,ward,7161,,no_exact_or_fuzzy,missing_local_after_rebind,0,1,1,"Township 7161 resolved, but no exact approved ward/village-tract identity matched; will not invent admin from postal text",,missing_local_admin_identity,township resolved; no exact inventory identity for locality,
1804002,missing_local_admin_identity,ပဲခူးတိုင်းဒေသကြီး (အနောက်),Bago Region (West),ပေါင်းတည် မြို့နယ်,Paungde Township,ပျဉ်းပင်ကန် ရပ်ကွက်,Pyin Pin Kan Quarter,ward,7161,,no_exact_or_fuzzy,missing_local_after_rebind,0,1,1,"Township 7161 resolved, but no exact approved ward/village-tract identity matched; will not invent admin from postal text",,missing_local_admin_identity,township resolved; no exact inventory identity for locality,
1804003,missing_local_admin_identity,ပဲခူးတိုင်းဒေသကြီး (အနောက်),Bago Region (West),ပေါင်းတည် မြို့နယ်,Paungde Township,အုတ်ဖို (၁) အရှေ့ ရပ်ကွက်,Oke Hpo (1) Ah Shey Quarter,ward,7161,,no_exact_or_fuzzy,missing_local_after_rebind,0,1,1,"Township 7161 resolved, but no exact approved ward/village-tract identity matched; will not invent admin from postal text",,missing_local_admin_identity,township resolved; no exact inventory identity for locality,
1804004,missing_local_admin_identity,ပဲခူးတိုင်းဒေသကြီး (အနောက်),Bago Region (West),ပေါင်းတည် မြို့နယ်,Paungde Township,အုတ်ဖို (၂) အနောက် ရပ်ကွက်,Oke Hpo (2) Ah Nauk Quarter,ward,7161,,no_exact_or_fuzzy,missing_local_after_rebind,0,1,1,"Township 7161 resolved, but no exact approved ward/village-tract identity matched; will not invent admin from postal text",,missing_local_admin_identity,township resolved; no exact inventory identity for locality,
1804005,missing_local_admin_identity,ပဲခူးတိုင်းဒေသကြီး (အနောက်),Bago Region (West),ပေါင်းတည် မြို့နယ်,Paungde Township,ဈေး (၁) ရပ်ကွက်,Zay (1) Quarter,ward,7161,,no_exact_or_fuzzy,missing_local_after_rebind,0,1,1,"Township 7161 resolved, but no exact approved ward/village-tract identity matched; will not invent admin from postal text",,missing_local_admin_identity,township resolved; no exact inventory identity for locality,
1804006,missing_local_admin_identity,ပဲခူးတိုင်းဒေသကြီး (အနောက်),Bago Region (West),ပေါင်းတည် မြို့နယ်,Paungde Township,ဈေး (၂) ရပ်ကွက်,Zay (2) Quarter,ward,7161,,no_exact_or_fuzzy,missing_local_after_rebind,0,1,1,"Township 7161 resolved, but no exact approved ward/village-tract identity matched; will not invent admin from postal text",,missing_local_admin_identity,township resolved; no exact inventory identity for locality,
1804007,missing_local_admin_identity,ပဲခူးတိုင်းဒေသကြီး (အနောက်),Bago Region (West),ပေါင်းတည် မြို့နယ်,Paungde Township,မင်းကွက် (၁) ရပ်ကွက်,Min Kwet (1) Quarter,ward,7161,,no_exact_or_fuzzy,missing_local_after_rebind,0,1,1,"Township 7161 resolved, but no exact approved ward/village-tract identity matched; will not invent admin from postal text",,missing_local_admin_identity,township resolved; no exact inventory identity for locality,
1804008,missing_local_admin_identity,ပဲခူးတိုင်းဒေသကြီး (အနောက်),Bago Region (West),ပေါင်းတည် မြို့နယ်,Paungde Township,မင်းကွက် (၂) ရပ်ကွက်,Min Kwet  (2) Quarter,ward,7161,,no_exact_or_fuzzy,missing_local_after_rebind,0,1,1,"Township 7161 resolved, but no exact approved ward/village-tract identity matched; will not invent admin from postal text",,missing_local_admin_identity,township resolved; no exact inventory identity for locality,
1804009,missing_local_admin_identity,ပဲခူးတိုင်းဒေသကြီး (အနောက်),Bago Region (West),ပေါင်းတည် မြို့နယ်,Paungde Township,မင်းကွက် (၃) ရပ်ကွက်,Min Kwet (3) Quarter,ward,7161,,no_exact_or_fuzzy,missing_local_after_rebind,0,1,1,"Township 7161 resolved, but no exact approved ward/village-tract identity matched; will not invent admin from postal text",,missing_local_admin_identity,township resolved; no exact inventory identity for locality,
1804010,missing_local_admin_identity,ပဲခူးတိုင်းဒေသကြီး (အနောက်),Bago Region (West),ပေါင်းတည် မြို့နယ်,Paungde Township,နွယ်ချို (၁) ရပ်ကွက်,Nwe Cho (1) Quarter,ward,7161,,no_exact_or_fuzzy,missing_local_after_rebind,0,1,1,"Township 7161 resolved, but no exact approved ward/village-tract identity matched; will not invent admin from postal text",,missing_local_admin_identity,township resolved; no exact inventory identity for locality,
1804011,missing_local_admin_identity,ပဲခူးတိုင်းဒေသကြီး (အနောက်),Bago Region (West),ပေါင်းတည် မြို့နယ်,Paungde Township,နွယ်ချို (၂) ရပ်ကွက်,Nwe Cho (2) Quarter,ward,7161,,no_exact_or_fuzzy,missing_local_after_rebind,0,1,1,"Township 7161 resolved, but no exact approved ward/village-tract identity matched; will not invent admin from postal text",,missing_local_admin_identity,township resolved; no exact inventory identity for locality,
1804012,missing_local_admin_identity,ပဲခူးတိုင်းဒေသကြီး (အနောက်),Bago Region (West),ပေါင်းတည် မြို့နယ်,Paungde Township,ဟင်္သာကန် ရပ်ကွက်,Hin Thar Kan Quarter,ward,7161,,no_exact_or_fuzzy,missing_local_after_rebind,0,1,1,"Township 7161 resolved, but no exact approved ward/village-tract identity matched; will not invent admin from postal text",,missing_local_admin_identity,township resolved; no exact inventory identity for locality,
1805213,missing_local_admin_identity,ပဲခူးတိုင်းဒေသကြီး (အနောက်),Bago Region (West),သဲကုန်း မြို့နယ်,Thegon Township,ပုတီးကုန်း ကျေးရွာအုပ်စု,Pu Tee Kone Village Tract,village_tract,7157,,no_exact_or_fuzzy,missing_local_after_rebind,0,1,1,"Township 7157 resolved, but no exact approved ward/village-tract identity matched; will not invent admin from postal text",,missing_local_admin_identity,township resolved; no exact inventory identity for locality,
1805224,missing_local_admin_identity,ပဲခူးတိုင်းဒေသကြီး (အနောက်),Bago Region (West),သဲကုန်း မြို့နယ်,Thegon Township,အင်းမအရှေ့ပိုင်း ကျေးရွာအုပ်စု,Inn Ma Ah Shey Paing Village Tract,village_tract,7157,,no_exact_or_fuzzy,missing_local_after_rebind,0,1,1,"Township 7157 resolved, but no exact approved ward/village-tract identity matched; will not invent admin from postal text",,missing_local_admin_identity,township resolved; no exact inventory identity for locality,
1806242,missing_local_admin_identity,ပဲခူးတိုင်းဒေသကြီး (အနောက်),Bago Region (West),ရွှေတောင် မြို့နယ်,Shwedaung Township,သောင်ပြင်ကုန်း ကျေးရွာအုပ်စု,Thaung Pyin Kone Village Tract,village_tract,7151,,no_exact_or_fuzzy,missing_local_after_rebind,0,1,1,"Township 7151 resolved, but no exact approved ward/village-tract identity matched; will not invent admin from postal text",,missing_local_admin_identity,township resolved; no exact inventory identity for locality,
1808001,missing_local_admin_identity,ပဲခူးတိုင်းဒေသကြီး (အနောက်),Bago Region (West),လက်ပံတန်း မြို့နယ်,Letpadan Township,မြို့မ ရပ်ကွက်,Myo Ma Quarter,ward,7225,,no_exact_or_fuzzy,missing_local_after_rebind,0,1,1,"Township 7225 resolved, but no exact approved ward/village-tract identity matched; will not invent admin from postal text",,missing_local_admin_identity,township resolved; no exact inventory identity for locality,
1808002,missing_local_admin_identity,ပဲခူးတိုင်းဒေသကြီး (အနောက်),Bago Region (West),လက်ပံတန်း မြို့နယ်,Letpadan Township,မင်းရပ် ရပ်ကွက်,Min Yat Quarter,ward,7225,,no_exact_or_fuzzy,missing_local_after_rebind,0,1,1,"Township 7225 resolved, but no exact approved ward/village-tract identity matched; will not invent admin from postal text",,missing_local_admin_identity,township resolved; no exact inventory identity for locality,
1808003,missing_local_admin_identity,ပဲခူးတိုင်းဒေသကြီး (အနောက်),Bago Region (West),လက်ပံတန်း မြို့နယ်,Letpadan Township,မအူကုန်း ရပ်ကွက်,Ma Au Kon Quarter,ward,7225,,no_exact_or_fuzzy,missing_local_after_rebind,0,1,1,"Township 7225 resolved, but no exact approved ward/village-tract identity matched; will not invent admin from postal text",,missing_local_admin_identity,township resolved; no exact inventory identity for locality,
1808004,missing_local_admin_identity,ပဲခူးတိုင်းဒေသကြီး (အနောက်),Bago Region (West),လက်ပံတန်း မြို့နယ်,Letpadan Township,ဘီးလင်းတန်း ရပ်ကွက်,Bee Lin Tan Quarter,ward,7225,,no_exact_or_fuzzy,missing_local_after_rebind,0,1,1,"Township 7225 resolved, but no exact approved ward/village-tract identity matched; will not invent admin from postal text",,missing_local_admin_identity,township resolved; no exact inventory identity for locality,
1809001,missing_local_admin_identity,ပဲခူးတိုင်းဒေသကြီး (အနောက်),Bago Region (West),မင်းလှ မြို့နယ်,Minhla Township,ဇီးကုန်းလေး ရပ်ကွက်,Zee Kone Lay Quarter,ward,7224,,no_exact_or_fuzzy,missing_local_after_rebind,0,1,1,"Township 7224 resolved, but no exact approved ward/village-tract identity matched; will not invent admin from postal text",,missing_local_admin_identity,township resolved; no exact inventory identity for locality,
1809002,missing_local_admin_identity,ပဲခူးတိုင်းဒေသကြီး (အနောက်),Bago Region (West),မင်းလှ မြို့နယ်,Minhla Township,ကန်ကြီးတန်း ရပ်ကွက်,Kan Gyi Tan Quarter,ward,7224,,no_exact_or_fuzzy,missing_local_after_rebind,0,1,1,"Township 7224 resolved, but no exact approved ward/village-tract identity matched; will not invent admin from postal text",,missing_local_admin_identity,township resolved; no exact inventory identity for locality,
1809003,missing_local_admin_identity,ပဲခူးတိုင်းဒေသကြီး (အနောက်),Bago Region (West),မင်းလှ မြို့နယ်,Minhla Township,လမ်းမတော် ရပ်ကွက်,Lan Ma Taw Quarter,ward,7224,,no_exact_or_fuzzy,missing_local_after_rebind,0,1,1,"Township 7224 resolved, but no exact approved ward/village-tract identity matched; will not invent admin from postal text",,missing_local_admin_identity,township resolved; no exact inventory identity for locality,
1809004,missing_local_admin_identity,ပဲခူးတိုင်းဒေသကြီး (အနောက်),Bago Region (West),မင်းလှ မြို့နယ်,Minhla Township,ရုံးလမ်း ရပ်ကွက်,Yone Lan Quarter,ward,7224,,no_exact_or_fuzzy,missing_local_after_rebind,0,1,1,"Township 7224 resolved, but no exact approved ward/village-tract identity matched; will not invent admin from postal text",,missing_local_admin_identity,township resolved; no exact inventory identity for locality,
1809005,missing_local_admin_identity,ပဲခူးတိုင်းဒေသကြီး (အနောက်),Bago Region (West),မင်းလှ မြို့နယ်,Minhla Township,မင်းတန်း ရပ်ကွက်,Min Tan Quarter,ward,7224,,no_exact_or_fuzzy,missing_local_after_rebind,0,1,1,"Township 7224 resolved, but no exact approved ward/village-tract identity matched; will not invent admin from postal text",,missing_local_admin_identity,township resolved; no exact inventory identity for locality,
1809006,missing_local_admin_identity,ပဲခူးတိုင်းဒေသကြီး (အနောက်),Bago Region (West),မင်းလှ မြို့နယ်,Minhla Township,ဈေးချိုတန်း ရပ်ကွက်,Zay Cho Tan Quarter,ward,7224,,no_exact_or_fuzzy,missing_local_after_rebind,0,1,1,"Township 7224 resolved, but no exact approved ward/village-tract identity matched; will not invent admin from postal text",,missing_local_admin_identity,township resolved; no exact inventory identity for locality,
1809007,missing_local_admin_identity,ပဲခူးတိုင်းဒေသကြီး (အနောက်),Bago Region (West),မင်းလှ မြို့နယ်,Minhla Township,ပြည်တော်သာ ရပ်ကွက်,Pyi Taw Thar Quarter,ward,7224,,no_exact_or_fuzzy,missing_local_after_rebind,0,1,1,"Township 7224 resolved, but no exact approved ward/village-tract identity matched; will not invent admin from postal text",,missing_local_admin_identity,township resolved; no exact inventory identity for locality,
1809008,missing_local_admin_identity,ပဲခူးတိုင်းဒေသကြီး (အနောက်),Bago Region (West),မင်းလှ မြို့နယ်,Minhla Township,ပန်းဘဲချောင် ရပ်ကွက်,Pan Be Chaung Quarter,ward,7224,,no_exact_or_fuzzy,missing_local_after_rebind,0,1,1,"Township 7224 resolved, but no exact approved ward/village-tract identity matched; will not invent admin from postal text",,missing_local_admin_identity,township resolved; no exact inventory identity for locality,
1809229,missing_local_admin_identity,ပဲခူးတိုင်းဒေသကြီး (အနောက်),Bago Region (West),မင်းလှ မြို့နယ်,Minhla Township,စစ်ကွင်း ကျေးရွာအုပ်စု,Sit Kwin Village Tract,village_tract,7224,,no_exact_or_fuzzy,missing_local_after_rebind,0,1,1,"Township 7224 resolved, but no exact approved ward/village-tract identity matched; will not invent admin from postal text",,missing_local_admin_identity,township resolved; no exact inventory identity for locality,
1810001,missing_local_admin_identity,ပဲခူးတိုင်းဒေသကြီး (အနောက်),Bago Region (West),အုတ်ဖို မြို့နယ်,Okpho Township,မြို့မ ရပ်ကွက်,Myo Ma Quarter,ward,7168,,no_exact_or_fuzzy,missing_local_after_rebind,0,1,1,"Township 7168 resolved, but no exact approved ward/village-tract identity matched; will not invent admin from postal text",,missing_local_admin_identity,township resolved; no exact inventory identity for locality,
1810002,missing_local_admin_identity,ပဲခူးတိုင်းဒေသကြီး (အနောက်),Bago Region (West),အုတ်ဖို မြို့နယ်,Okpho Township,အောင်မင်္ဂလာ ရပ်ကွက်,Aung Min Ga Lar Quarter,ward,7168,,no_exact_or_fuzzy,missing_local_after_rebind,0,1,1,"Township 7168 resolved, but no exact approved ward/village-tract identity matched; will not invent admin from postal text",,missing_local_admin_identity,township resolved; no exact inventory identity for locality,
1810003,missing_local_admin_identity,ပဲခူးတိုင်းဒေသကြီး (အနောက်),Bago Region (West),အုတ်ဖို မြို့နယ်,Okpho Township,ကျောင်းကြီးတန်း ရပ်ကွက်,Kyaung Gyi Tan Quarter,ward,7168,,no_exact_or_fuzzy,missing_local_after_rebind,0,1,1,"Township 7168 resolved, but no exact approved ward/village-tract identity matched; will not invent admin from postal text",,missing_local_admin_identity,township resolved; no exact inventory identity for locality,
1810004,missing_local_admin_identity,ပဲခူးတိုင်းဒေသကြီး (အနောက်),Bago Region (West),အုတ်ဖို မြို့နယ်,Okpho Township,မိုးညိုတန်း ရပ်ကွက်,Moe Nyo Tan Quarter,ward,7168,,no_exact_or_fuzzy,missing_local_after_rebind,0,1,1,"Township 7168 resolved, but no exact approved ward/village-tract identity matched; will not invent admin from postal text",,missing_local_admin_identity,township resolved; no exact inventory identity for locality,
1810005,missing_local_admin_identity,ပဲခူးတိုင်းဒေသကြီး (အနောက်),Bago Region (West),အုတ်ဖို မြို့နယ်,Okpho Township,ကွေးချောင်း ရပ်ကွက်,Kway Chaung Quarter,ward,7168,,no_exact_or_fuzzy,missing_local_after_rebind,0,1,1,"Township 7168 resolved, but no exact approved ward/village-tract identity matched; will not invent admin from postal text",,missing_local_admin_identity,township resolved; no exact inventory identity for locality,
1810006,missing_local_admin_identity,ပဲခူးတိုင်းဒေသကြီး (အနောက်),Bago Region (West),အုတ်ဖို မြို့နယ်,Okpho Township,ရွာမ ရပ်ကွက်,Ywar Ma Quarter,ward,7168,,no_exact_or_fuzzy,missing_local_after_rebind,0,1,1,"Township 7168 resolved, but no exact approved ward/village-tract identity matched; will not invent admin from postal text",,missing_local_admin_identity,township resolved; no exact inventory identity for locality,
1810211,missing_local_admin_identity,ပဲခူးတိုင်းဒေသကြီး (အနောက်),Bago Region (West),အုတ်ဖို မြို့နယ်,Okpho Township,အိုးသည်ကုန်း ကျေးရွာအုပ်စု,Oe Thei Kone Village Tract,village_tract,7168,,no_exact_or_fuzzy,missing_local_after_rebind,0,1,1,"Township 7168 resolved, but no exact approved ward/village-tract identity matched; will not invent admin from postal text",,missing_local_admin_identity,township resolved; no exact inventory identity for locality,
1811001,missing_local_admin_identity,ပဲခူးတိုင်းဒေသကြီး (အနောက်),Bago Region (West),ဇီးကုန်း မြို့နယ်,Zigon Township,အမှတ် (၁) ရပ်ကွက်,No (1) Quarter,ward,7162,,no_exact_or_fuzzy,missing_local_after_rebind,0,1,1,"Township 7162 resolved, but no exact approved ward/village-tract identity matched; will not invent admin from postal text",,missing_local_admin_identity,township resolved; no exact inventory identity for locality,
1811002,missing_local_admin_identity,ပဲခူးတိုင်းဒေသကြီး (အနောက်),Bago Region (West),ဇီးကုန်း မြို့နယ်,Zigon Township,အမှတ် (၂) ရပ်ကွက်,No (2) Quarter,ward,7162,,no_exact_or_fuzzy,missing_local_after_rebind,0,1,1,"Township 7162 resolved, but no exact approved ward/village-tract identity matched; will not invent admin from postal text",,missing_local_admin_identity,township resolved; no exact inventory identity for locality,
1811003,missing_local_admin_identity,ပဲခူးတိုင်းဒေသကြီး (အနောက်),Bago Region (West),ဇီးကုန်း မြို့နယ်,Zigon Township,အမှတ် (၃) ရပ်ကွက်,No (3) Quarter,ward,7162,,no_exact_or_fuzzy,missing_local_after_rebind,0,1,1,"Township 7162 resolved, but no exact approved ward/village-tract identity matched; will not invent admin from postal text",,missing_local_admin_identity,township resolved; no exact inventory identity for locality,
1811004,missing_local_admin_identity,ပဲခူးတိုင်းဒေသကြီး (အနောက်),Bago Region (West),ဇီးကုန်း မြို့နယ်,Zigon Township,အမှတ် (၄) ရပ်ကွက်,No (4) Quarter,ward,7162,,no_exact_or_fuzzy,missing_local_after_rebind,0,1,1,"Township 7162 resolved, but no exact approved ward/village-tract identity matched; will not invent admin from postal text",,missing_local_admin_identity,township resolved; no exact inventory identity for locality,
1811005,missing_local_admin_identity,ပဲခူးတိုင်းဒေသကြီး (အနောက်),Bago Region (West),ဇီးကုန်း မြို့နယ်,Zigon Township,အမှတ် (၅) ရပ်ကွက်,No (၅) Quarter,ward,7162,,no_exact_or_fuzzy,missing_local_after_rebind,0,1,1,"Township 7162 resolved, but no exact approved ward/village-tract identity matched; will not invent admin from postal text",,missing_local_admin_identity,township resolved; no exact inventory identity for locality,
1812001,missing_local_admin_identity,ပဲခူးတိုင်းဒေသကြီး (အနောက်),Bago Region (West),နတ်တလင်း မြို့နယ်,Nattalin Township,မြို့မ ရပ်ကွက်,Myo Ma Quarter,ward,7160,,no_exact_or_fuzzy,missing_local_after_rebind,0,1,1,"Township 7160 resolved, but no exact approved ward/village-tract identity matched; will not invent admin from postal text",,missing_local_admin_identity,township resolved; no exact inventory identity for locality,
1812002,missing_local_admin_identity,ပဲခူးတိုင်းဒေသကြီး (အနောက်),Bago Region (West),နတ်တလင်း မြို့နယ်,Nattalin Township,သာဇီ ရပ်ကွက်,Thar Zi Quarter,ward,7160,,no_exact_or_fuzzy,missing_local_after_rebind,0,1,1,"Township 7160 resolved, but no exact approved ward/village-tract identity matched; will not invent admin from postal text",,missing_local_admin_identity,township resolved; no exact inventory identity for locality,
1812003,missing_local_admin_identity,ပဲခူးတိုင်းဒေသကြီး (အနောက်),Bago Region (West),နတ်တလင်း မြို့နယ်,Nattalin Township,ရွာမ ရပ်ကွက်,Ywar Ma Quarter,ward,7160,,no_exact_or_fuzzy,missing_local_after_rebind,0,1,1,"Township 7160 resolved, but no exact approved ward/village-tract identity matched; will not invent admin from postal text",,missing_local_admin_identity,township resolved; no exact inventory identity for locality,
1812004,missing_local_admin_identity,ပဲခူးတိုင်းဒေသကြီး (အနောက်),Bago Region (West),နတ်တလင်း မြို့နယ်,Nattalin Township,ဇီးကုန်းကလေး ရပ်ကွက်,Zee Kone Ka Lay Quarter,ward,7160,,no_exact_or_fuzzy,missing_local_after_rebind,0,1,1,"Township 7160 resolved, but no exact approved ward/village-tract identity matched; will not invent admin from postal text",,missing_local_admin_identity,township resolved; no exact inventory identity for locality,
1812213,missing_local_admin_identity,ပဲခူးတိုင်းဒေသကြီး (အနောက်),Bago Region (West),နတ်တလင်း မြို့နယ်,Nattalin Township,တာပွန် ကျေးရွာအုပ်စု,Tar Pun Village Tract,village_tract,7160,,no_exact_or_fuzzy,missing_local_after_rebind,0,1,1,"Township 7160 resolved, but no exact approved ward/village-tract identity matched; will not invent admin from postal text",,missing_local_admin_identity,township resolved; no exact inventory identity for locality,
1812276,missing_local_admin_identity,ပဲခူးတိုင်းဒေသကြီး (အနောက်),Bago Region (West),နတ်တလင်း မြို့နယ်,Nattalin Township,ပျဉ်းမခေါင် ကျေးရွာအုပ်စု,Pyin Ma Khaung Village Tract,village_tract,7160,,no_exact_or_fuzzy,missing_local_after_rebind,0,1,1,"Township 7160 resolved, but no exact approved ward/village-tract identity matched; will not invent admin from postal text",,missing_local_admin_identity,township resolved; no exact inventory identity for locality,
1813001,missing_local_admin_identity,ပဲခူးတိုင်းဒေသကြီး (အနောက်),Bago Region (West),မိုးညို မြို့နယ်,Monyo Township,ရွှေဥဒေါင်း ရပ်ကွက်,Shwe U Daung Quarter,ward,7171,,no_exact_or_fuzzy,missing_local_after_rebind,0,1,1,"Township 7171 resolved, but no exact approved ward/village-tract identity matched; will not invent admin from postal text",,missing_local_admin_identity,township resolved; no exact inventory identity for locality,
1813002,missing_local_admin_identity,ပဲခူးတိုင်းဒေသကြီး (အနောက်),Bago Region (West),မိုးညို မြို့နယ်,Monyo Township,ဇောတိက ရပ်ကွက်,Zaw Ti  Ka Quarter,ward,7171,,no_exact_or_fuzzy,missing_local_after_rebind,0,1,1,"Township 7171 resolved, but no exact approved ward/village-tract identity matched; will not invent admin from postal text",,missing_local_admin_identity,township resolved; no exact inventory identity for locality,
1813003,missing_local_admin_identity,ပဲခူးတိုင်းဒေသကြီး (အနောက်),Bago Region (West),မိုးညို မြို့နယ်,Monyo Township,သခင်လှရှိန် ရပ်ကွက်,Tha Khin Hla Shein Quarter,ward,7171,,no_exact_or_fuzzy,missing_local_after_rebind,0,1,1,"Township 7171 resolved, but no exact approved ward/village-tract identity matched; will not invent admin from postal text",,missing_local_admin_identity,township resolved; no exact inventory identity for locality,
1813004,missing_local_admin_identity,ပဲခူးတိုင်းဒေသကြီး (အနောက်),Bago Region (West),မိုးညို မြို့နယ်,Monyo Township,မြို့မ ရပ်ကွက်,Myo Ma Quarter,ward,7171,,no_exact_or_fuzzy,missing_local_after_rebind,0,1,1,"Township 7171 resolved, but no exact approved ward/village-tract identity matched; will not invent admin from postal text",,missing_local_admin_identity,township resolved; no exact inventory identity for locality,
1813005,missing_local_admin_identity,ပဲခူးတိုင်းဒေသကြီး (အနောက်),Bago Region (West),မိုးညို မြို့နယ်,Monyo Township,ရွှေပြည်သာ ရပ်ကွက်,Shwe Pyi Thar Quarter,ward,7171,,no_exact_or_fuzzy,missing_local_after_rebind,0,1,1,"Township 7171 resolved, but no exact approved ward/village-tract identity matched; will not invent admin from postal text",,missing_local_admin_identity,township resolved; no exact inventory identity for locality,
1814001,missing_local_admin_identity,ပဲခူးတိုင်းဒေသကြီး (အနောက်),Bago Region (West),ကြို့ပင်ကောက် မြို့နယ်,Gyobingauk Township,ဈေးချိုတောင် ရပ်ကွက်,Zay Cho (South) Quarter,ward,7163,,no_exact_or_fuzzy,missing_local_after_rebind,0,1,1,"Township 7163 resolved, but no exact approved ward/village-tract identity matched; will not invent admin from postal text",,missing_local_admin_identity,township resolved; no exact inventory identity for locality,
1814002,missing_local_admin_identity,ပဲခူးတိုင်းဒေသကြီး (အနောက်),Bago Region (West),ကြို့ပင်ကောက် မြို့နယ်,Gyobingauk Township,ဈေးချိုမြောက် ရပ်ကွက်,Zay Cho (North) Quarter,ward,7163,,no_exact_or_fuzzy,missing_local_after_rebind,0,1,1,"Township 7163 resolved, but no exact approved ward/village-tract identity matched; will not invent admin from postal text",,missing_local_admin_identity,township resolved; no exact inventory identity for locality,
1814003,missing_local_admin_identity,ပဲခူးတိုင်းဒေသကြီး (အနောက်),Bago Region (West),ကြို့ပင်ကောက် မြို့နယ်,Gyobingauk Township,တောင်ရွာမ ရပ်ကွက်,Taung Ywar Ma Quarter,ward,7163,,no_exact_or_fuzzy,missing_local_after_rebind,0,1,1,"Township 7163 resolved, but no exact approved ward/village-tract identity matched; will not invent admin from postal text",,missing_local_admin_identity,township resolved; no exact inventory identity for locality,
1814004,missing_local_admin_identity,ပဲခူးတိုင်းဒေသကြီး (အနောက်),Bago Region (West),ကြို့ပင်ကောက် မြို့နယ်,Gyobingauk Township,မြောက်ရွာမ ရပ်ကွက်,Myauk Ywar Ma Quarter,ward,7163,,no_exact_or_fuzzy,missing_local_after_rebind,0,1,1,"Township 7163 resolved, but no exact approved ward/village-tract identity matched; will not invent admin from postal text",,missing_local_admin_identity,township resolved; no exact inventory identity for locality,
1814005,missing_local_admin_identity,ပဲခူးတိုင်းဒေသကြီး (အနောက်),Bago Region (West),ကြို့ပင်ကောက် မြို့နယ်,Gyobingauk Township,ပန်းတင် ရပ်ကွက်,Pan Tin Quarter,ward,7163,,no_exact_or_fuzzy,missing_local_after_rebind,0,1,1,"Township 7163 resolved, but no exact approved ward/village-tract identity matched; will not invent admin from postal text",,missing_local_admin_identity,township resolved; no exact inventory identity for locality,
1814006,missing_local_admin_identity,ပဲခူးတိုင်းဒေသကြီး (အနောက်),Bago Region (West),ကြို့ပင်ကောက် မြို့နယ်,Gyobingauk Township,သဲကုန်း ရပ်ကွက်,Thea Kone Quarter,ward,7163,,no_exact_or_fuzzy,missing_local_after_rebind,0,1,1,"Township 7163 resolved, but no exact approved ward/village-tract identity matched; will not invent admin from postal text",,missing_local_admin_identity,township resolved; no exact inventory identity for locality,
1814007,missing_local_admin_identity,ပဲခူးတိုင်းဒေသကြီး (အနောက်),Bago Region (West),ကြို့ပင်ကောက် မြို့နယ်,Gyobingauk Township,အနောက်တောင် ရပ်ကွက်,Ah Nauk Taung Quarter,ward,7163,,no_exact_or_fuzzy,missing_local_after_rebind,0,1,1,"Township 7163 resolved, but no exact approved ward/village-tract identity matched; will not invent admin from postal text",,missing_local_admin_identity,township resolved; no exact inventory identity for locality,
1814008,missing_local_admin_identity,ပဲခူးတိုင်းဒေသကြီး (အနောက်),Bago Region (West),ကြို့ပင်ကောက် မြို့နယ်,Gyobingauk Township,အနောက်မြောက် ရပ်ကွက်,Ah Nauk Myauk Quarter,ward,7163,,no_exact_or_fuzzy,missing_local_after_rebind,0,1,1,"Township 7163 resolved, but no exact approved ward/village-tract identity matched; will not invent admin from postal text",,missing_local_admin_identity,township resolved; no exact inventory identity for locality,
1814009,missing_local_admin_identity,ပဲခူးတိုင်းဒေသကြီး (အနောက်),Bago Region (West),ကြို့ပင်ကောက် မြို့နယ်,Gyobingauk Township,နွယ်ခွေ ရပ်ကွက်,Nwe Khwe Quarter,ward,7163,,no_exact_or_fuzzy,missing_local_after_rebind,0,1,1,"Township 7163 resolved, but no exact approved ward/village-tract identity matched; will not invent admin from postal text",,missing_local_admin_identity,township resolved; no exact inventory identity for locality,
1814010,missing_local_admin_identity,ပဲခူးတိုင်းဒေသကြီး (အနောက်),Bago Region (West),ကြို့ပင်ကောက် မြို့နယ်,Gyobingauk Township,စက်တိုင်ကုန်း ရပ်ကွက်,Set Taing Kone Quarter,ward,7163,,no_exact_or_fuzzy,missing_local_after_rebind,0,1,1,"Township 7163 resolved, but no exact approved ward/village-tract identity matched; will not invent admin from postal text",,missing_local_admin_identity,township resolved; no exact inventory identity for locality,
1860001,non_admin_postal_locality,ပဲခူးတိုင်းဒေသကြီး (အနောက်),Bago Region (West),ပေါင်းတလည် မြို့,Paungdale Town,အရှေ့ပိုင်း ရပ်ကွက်,Ah Shey Paing Quarter,ward,,,township_unresolved,non_admin_unresolved_township_name,0,1,1,Could not resolve approved CoreMap township from postal region/township names; local match skipped (township must resolve first),,non_admin_postal_locality,township name unresolved as CoreMap township; locality treated as non-admin postal place/town,
1860002,non_admin_postal_locality,ပဲခူးတိုင်းဒေသကြီး (အနောက်),Bago Region (West),ပေါင်းတလည် မြို့,Paungdale Town,အနောက်ပိုင်း ရပ်ကွက်,Ah Nauk Paing Quarter,ward,,,township_unresolved,non_admin_unresolved_township_name,0,1,1,Could not resolve approved CoreMap township from postal region/township names; local match skipped (township must resolve first),,non_admin_postal_locality,township name unresolved as CoreMap township; locality treated as non-admin postal place/town,
1860003,non_admin_postal_locality,ပဲခူးတိုင်းဒေသကြီး (အနောက်),Bago Region (West),ပေါင်းတလည် မြို့,Paungdale Town,တောင်ပိုင်း ရပ်ကွက်,Taung Paing Quarter,ward,,,township_unresolved,non_admin_unresolved_township_name,0,1,1,Could not resolve approved CoreMap township from postal region/township names; local match skipped (township must resolve first),,non_admin_postal_locality,township name unresolved as CoreMap township; locality treated as non-admin postal place/town,
1860004,non_admin_postal_locality,ပဲခူးတိုင်းဒေသကြီး (အနောက်),Bago Region (West),ပေါင်းတလည် မြို့,Paungdale Town,မြောက်ပိုင်း ရပ်ကွက်,Myauk Paing Quarter,ward,,,township_unresolved,non_admin_unresolved_township_name,0,1,1,Could not resolve approved CoreMap township from postal region/township names; local match skipped (township must resolve first),,non_admin_postal_locality,township name unresolved as CoreMap township; locality treated as non-admin postal place/town,
1864001,non_admin_postal_locality,ပဲခူးတိုင်းဒေသကြီး (အနောက်),Bago Region (West),ဆင်မြီးဆွဲ မြို့,Sin Mee Swea Town,(၁) အောင်ရတနာ ရပ်ကွက်,(1) Aung Ya Da Nar Quarter,ward,,,township_unresolved,non_admin_unresolved_township_name,0,1,1,Could not resolve approved CoreMap township from postal region/township names; local match skipped (township must resolve first),,non_admin_postal_locality,township name unresolved as CoreMap township; locality treated as non-admin postal place/town,
1864002,non_admin_postal_locality,ပဲခူးတိုင်းဒေသကြီး (အနောက်),Bago Region (West),ဆင်မြီးဆွဲ မြို့,Sin Mee Swea Town,(၂) ဗဟို ရပ်ကွက်,(2) Baho Quarter,ward,,,township_unresolved,non_admin_unresolved_township_name,0,1,1,Could not resolve approved CoreMap township from postal region/township names; local match skipped (township must resolve first),,non_admin_postal_locality,township name unresolved as CoreMap township; locality treated as non-admin postal place/town,
1864003,non_admin_postal_locality,ပဲခူးတိုင်းဒေသကြီး (အနောက်),Bago Region (West),ဆင်မြီးဆွဲ မြို့,Sin Mee Swea Town,(၃) ခေတ်သစ်ရတနာ ရပ်ကွက်,(3) Khit Thit Ya Da Nar Quarter,ward,,,township_unresolved,non_admin_unresolved_township_name,0,1,1,Could not resolve approved CoreMap township from postal region/township names; local match skipped (township must resolve first),,non_admin_postal_locality,township name unresolved as CoreMap township; locality treated as non-admin postal place/town,
1865001,non_admin_postal_locality,ပဲခူးတိုင်းဒေသကြီး (အနောက်),Bago Region (West),သုံးဆယ် မြို့,Thonse Town,အလယ်ကုန်း ရပ်ကွက်,Ah Lel Kone Quarter,ward,,,township_unresolved,non_admin_unresolved_township_name,0,1,1,Could not resolve approved CoreMap township from postal region/township names; local match skipped (township must resolve first),,non_admin_postal_locality,township name unresolved as CoreMap township; locality treated as non-admin postal place/town,
1865002,non_admin_postal_locality,ပဲခူးတိုင်းဒေသကြီး (အနောက်),Bago Region (West),သုံးဆယ် မြို့,Thonse Town,အနောက်လက်ပံခုန် ရပ်ကွက်,Ah Nauk Let Pan Khon Quarter,ward,,,township_unresolved,non_admin_unresolved_township_name,0,1,1,Could not resolve approved CoreMap township from postal region/township names; local match skipped (township must resolve first),,non_admin_postal_locality,township name unresolved as CoreMap township; locality treated as non-admin postal place/town,
1865003,non_admin_postal_locality,ပဲခူးတိုင်းဒေသကြီး (အနောက်),Bago Region (West),သုံးဆယ် မြို့,Thonse Town,အရှေ့လက်ပံခုန် ရပ်ကွက်,Ah Shey Let Pan Khon Quarter,ward,,,township_unresolved,non_admin_unresolved_township_name,0,1,1,Could not resolve approved CoreMap township from postal region/township names; local match skipped (township must resolve first),,non_admin_postal_locality,township name unresolved as CoreMap township; locality treated as non-admin postal place/town,
1865004,non_admin_postal_locality,ပဲခူးတိုင်းဒေသကြီး (အနောက်),Bago Region (West),သုံးဆယ် မြို့,Thonse Town,သခွတ်ကုန်း ရပ်ကွက်,Tha Khut Kone Quarter,ward,,,township_unresolved,non_admin_unresolved_township_name,0,1,1,Could not resolve approved CoreMap township from postal region/township names; local match skipped (township must resolve first),,non_admin_postal_locality,township name unresolved as CoreMap township; locality treated as non-admin postal place/town,
1865005,non_admin_postal_locality,ပဲခူးတိုင်းဒေသကြီး (အနောက်),Bago Region (West),သုံးဆယ် မြို့,Thonse Town,အရှေ့သပြေကုန်း ရပ်ကွက်,Ah Shey Tha Pyay Kone Quarter,ward,,,township_unresolved,non_admin_unresolved_township_name,0,1,1,Could not resolve approved CoreMap township from postal region/township names; local match skipped (township must resolve first),,non_admin_postal_locality,township name unresolved as CoreMap township; locality treated as non-admin postal place/town,
1865006,non_admin_postal_locality,ပဲခူးတိုင်းဒေသကြီး (အနောက်),Bago Region (West),သုံးဆယ် မြို့,Thonse Town,အနောက်သပြေကုန်း ရပ်ကွက်,Ah Nauk Tha Pyay Kone Quarter,ward,,,township_unresolved,non_admin_unresolved_township_name,0,1,1,Could not resolve approved CoreMap township from postal region/township names; local match skipped (township must resolve first),,non_admin_postal_locality,township name unresolved as CoreMap township; locality treated as non-admin postal place/town,
1865007,non_admin_postal_locality,ပဲခူးတိုင်းဒေသကြီး (အနောက်),Bago Region (West),သုံးဆယ် မြို့,Thonse Town,ဘုရားကြီးလမ်း ရပ်ကွက်,Hpa Yar Gyi Lan Quarter,ward,,,township_unresolved,non_admin_unresolved_township_name,0,1,1,Could not resolve approved CoreMap township from postal region/township names; local match skipped (township must resolve first),,non_admin_postal_locality,township name unresolved as CoreMap township; locality treated as non-admin postal place/town,
1865008,non_admin_postal_locality,ပဲခူးတိုင်းဒေသကြီး (အနောက်),Bago Region (West),သုံးဆယ် မြို့,Thonse Town,စံရွေးတန်း ရပ်ကွက်,San Ywe Tan Quarter,ward,,,township_unresolved,non_admin_unresolved_township_name,0,1,1,Could not resolve approved CoreMap township from postal region/township names; local match skipped (township must resolve first),,non_admin_postal_locality,township name unresolved as CoreMap township; locality treated as non-admin postal place/town,
1865009,non_admin_postal_locality,ပဲခူးတိုင်းဒေသကြီး (အနောက်),Bago Region (West),သုံးဆယ် မြို့,Thonse Town,ဈေးပိုင်း ရပ်ကွက်,Zay Paing Quarter,ward,,,township_unresolved,non_admin_unresolved_township_name,0,1,1,Could not resolve approved CoreMap township from postal region/township names; local match skipped (township must resolve first),,non_admin_postal_locality,township name unresolved as CoreMap township; locality treated as non-admin postal place/town,
1865010,non_admin_postal_locality,ပဲခူးတိုင်းဒေသကြီး (အနောက်),Bago Region (West),သုံးဆယ် မြို့,Thonse Town,ပေပင်ကုန်း ရပ်ကွက်,Pay Pin Kone Quarter,ward,,,township_unresolved,non_admin_unresolved_township_name,0,1,1,Could not resolve approved CoreMap township from postal region/township names; local match skipped (township must resolve first),,non_admin_postal_locality,township name unresolved as CoreMap township; locality treated as non-admin postal place/town,
1865011,non_admin_postal_locality,ပဲခူးတိုင်းဒေသကြီး (အနောက်),Bago Region (West),သုံးဆယ် မြို့,Thonse Town,အနောက်ရိုးကြီး ရပ်ကွက်,Ah Nauk Yoe Gyi Quarter,ward,,,township_unresolved,non_admin_unresolved_township_name,0,1,1,Could not resolve approved CoreMap township from postal region/township names; local match skipped (township must resolve first),,non_admin_postal_locality,township name unresolved as CoreMap township; locality treated as non-admin postal place/town,
1865012,non_admin_postal_locality,ပဲခူးတိုင်းဒေသကြီး (အနောက်),Bago Region (West),သုံးဆယ် မြို့,Thonse Town,အရှေ့ရိုးကြီး ရပ်ကွက်,Ah Shey Yoe Gyi Quarter,ward,,,township_unresolved,non_admin_unresolved_township_name,0,1,1,Could not resolve approved CoreMap township from postal region/township names; local match skipped (township must resolve first),,non_admin_postal_locality,township name unresolved as CoreMap township; locality treated as non-admin postal place/town,
1865013,non_admin_postal_locality,ပဲခူးတိုင်းဒေသကြီး (အနောက်),Bago Region (West),သုံးဆယ် မြို့,Thonse Town,ဗေဒင်ကုန်း ရပ်ကွက်,Bay Din Kone Quarter,ward,,,township_unresolved,non_admin_unresolved_township_name,0,1,1,Could not resolve approved CoreMap township from postal region/township names; local match skipped (township must resolve first),,non_admin_postal_locality,township name unresolved as CoreMap township; locality treated as non-admin postal place/town,
1866001,non_admin_postal_locality,ပဲခူးတိုင်းဒေသကြီး (အနောက်),Bago Region (West),စစ်ကွင်း မြို့,Sit Kwin Town,ဝဇီယာ ရပ်ကွက်,Wa Zi Yar Quarter,ward,,,township_unresolved,non_admin_unresolved_township_name,0,1,1,Could not resolve approved CoreMap township from postal region/township names; local match skipped (township must resolve first),,non_admin_postal_locality,township name unresolved as CoreMap township; locality treated as non-admin postal place/town,
1866002,non_admin_postal_locality,ပဲခူးတိုင်းဒေသကြီး (အနောက်),Bago Region (West),စစ်ကွင်း မြို့,Sit Kwin Town,မြောက်စု ရပ်ကွက်,Myauk Su Quarter,ward,,,township_unresolved,non_admin_unresolved_township_name,0,1,1,Could not resolve approved CoreMap township from postal region/township names; local match skipped (township must resolve first),,non_admin_postal_locality,township name unresolved as CoreMap township; locality treated as non-admin postal place/town,
1866003,non_admin_postal_locality,ပဲခူးတိုင်းဒေသကြီး (အနောက်),Bago Region (West),စစ်ကွင်း မြို့,Sit Kwin Town,မြို့မ ရပ်ကွက်,Myo Ma Quarter,ward,,,township_unresolved,non_admin_unresolved_township_name,0,1,1,Could not resolve approved CoreMap township from postal region/township names; local match skipped (township must resolve first),,non_admin_postal_locality,township name unresolved as CoreMap township; locality treated as non-admin postal place/town,
1866004,non_admin_postal_locality,ပဲခူးတိုင်းဒေသကြီး (အနောက်),Bago Region (West),စစ်ကွင်း မြို့,Sit Kwin Town,ရွှေတောင်တန်း ရပ်ကွက်,Shwe Taung Tan Quarter,ward,,,township_unresolved,non_admin_unresolved_township_name,0,1,1,Could not resolve approved CoreMap township from postal region/township names; local match skipped (township must resolve first),,non_admin_postal_locality,township name unresolved as CoreMap township; locality treated as non-admin postal place/town,
1867001,non_admin_postal_locality,ပဲခူးတိုင်းဒေသကြီး (အနောက်),Bago Region (West),အိုးသည်ကုန်း မြို့,Oe Thei Kone Town,မြို့မ ရပ်ကွက်,Myo Ma Quarter,ward,,,township_unresolved,non_admin_unresolved_township_name,0,1,1,Could not resolve approved CoreMap township from postal region/township names; local match skipped (township must resolve first),,non_admin_postal_locality,township name unresolved as CoreMap township; locality treated as non-admin postal place/town,
1867002,non_admin_postal_locality,ပဲခူးတိုင်းဒေသကြီး (အနောက်),Bago Region (West),အိုးသည်ကုန်း မြို့,Oe Thei Kone Town,ရွာသစ် ရပ်ကွက်,Ywar Thit Quarter,ward,,,township_unresolved,non_admin_unresolved_township_name,0,1,1,Could not resolve approved CoreMap township from postal region/township names; local match skipped (township must resolve first),,non_admin_postal_locality,township name unresolved as CoreMap township; locality treated as non-admin postal place/town,
1867003,non_admin_postal_locality,ပဲခူးတိုင်းဒေသကြီး (အနောက်),Bago Region (West),အိုးသည်ကုန်း မြို့,Oe Thei Kone Town,လမ်းမတော် ရပ်ကွက်,Lan Ma Taw Quarter,ward,,,township_unresolved,non_admin_unresolved_township_name,0,1,1,Could not resolve approved CoreMap township from postal region/township names; local match skipped (township must resolve first),,non_admin_postal_locality,township name unresolved as CoreMap township; locality treated as non-admin postal place/town,
1867004,non_admin_postal_locality,ပဲခူးတိုင်းဒေသကြီး (အနောက်),Bago Region (West),အိုးသည်ကုန်း မြို့,Oe Thei Kone Town,ပြည်တော်သာ ရပ်ကွက်,Pyi Taw Thar Quarter,ward,,,township_unresolved,non_admin_unresolved_township_name,0,1,1,Could not resolve approved CoreMap township from postal region/township names; local match skipped (township must resolve first),,non_admin_postal_locality,township name unresolved as CoreMap township; locality treated as non-admin postal place/town,
1868001,non_admin_postal_locality,ပဲခူးတိုင်းဒေသကြီး (အနောက်),Bago Region (West),တာပွန် မြို့,Tar Pun Town,တောင်ပိုင်း ရပ်ကွက်,Taung Paing Quarter,ward,,,township_unresolved,non_admin_unresolved_township_name,0,1,1,Could not resolve approved CoreMap township from postal region/township names; local match skipped (township must resolve first),,non_admin_postal_locality,township name unresolved as CoreMap township; locality treated as non-admin postal place/town,
1868002,non_admin_postal_locality,ပဲခူးတိုင်းဒေသကြီး (အနောက်),Bago Region (West),တာပွန် မြို့,Tar Pun Town,မြောက်ပိုင်း ရပ်ကွက်,Myauk Paing Quarter,ward,,,township_unresolved,non_admin_unresolved_township_name,0,1,1,Could not resolve approved CoreMap township from postal region/township names; local match skipped (township must resolve first),,non_admin_postal_locality,township name unresolved as CoreMap township; locality treated as non-admin postal place/town,
1868003,non_admin_postal_locality,ပဲခူးတိုင်းဒေသကြီး (အနောက်),Bago Region (West),တာပွန် မြို့,Tar Pun Town,အလယ်ပိုင်း ရပ်ကွက်,Ah Lel Paing Quarter,ward,,,township_unresolved,non_admin_unresolved_township_name,0,1,1,Could not resolve approved CoreMap township from postal region/township names; local match skipped (township must resolve first),,non_admin_postal_locality,township name unresolved as CoreMap township; locality treated as non-admin postal place/town,
