{"type": "FeatureCollection", "features": [{"type": "Feature", "properties": {"pcode": "MMR015005", "name_en": "Pangsang (Panghkam)", "name_my": "\u1015\u1014\u103a\u1006\u1014\u103a\u1038 (\u1015\u1014\u103a\u1001\u1019\u103a\u1038)", "parent": "MMR015D007", "level": "township"}, "geometry": {"type": "Polygon", "coordinates": [[[99.1557163, 22.1626891], [99.1584407, 22.165489], [99.1596273, 22.1667085], [99.1597874, 22.166873], [99.1674344, 22.1671441], [99.1736357, 22.1685915], [99.1819504, 22.1663354], [99.1891108, 22.1668462], [99.1893635, 22.1670683], [99.1953381, 22.1692056], [99.195837, 22.1694217], [99.1971655, 22.1728133], [99.1942427, 22.1740257], [99.1888055, 22.1734731], [99.1856686, 22.175832], [99.1802442, 22.1757355], [99.176822, 22.1767318], [99.1759396, 22.1804058], [99.1770404, 22.1844885], [99.1746864, 22.1884271], [99.174902, 22.188933], [99.1765373, 22.1927696], [99.1808206, 22.1960888], [99.1866335, 22.2011967], [99.1880457, 22.2075529], [99.1906122, 22.2111424], [99.1942358, 22.2085436], [99.1943523, 22.2126493], [99.1962126, 22.2173975], [99.2005625, 22.2229988], [99.2035903, 22.2254363], [99.2051921, 22.2297352], [99.2060549, 22.2340525], [99.2095436, 22.2353376], [99.2139919, 22.2356861], [99.2178024, 22.2343513], [99.2230685, 22.2374187], [99.2284132, 22.2432226], [99.2335244, 22.2494879], [99.234181, 22.2551771], [99.2296826, 22.2616769], [99.229639, 22.2627422], [99.2293925, 22.2687581], [99.2315796, 22.2762347], [99.2335008, 22.2830331], [99.2331908, 22.2894299], [99.2334129, 22.2971828], [99.2350223, 22.3017071], [99.2371508, 22.3071314], [99.2452411, 22.3140065], [99.2504135, 22.3223229], [99.2528814, 22.330935], [99.2584958, 22.3374158], [99.2633054, 22.3416341], [99.2695619, 22.3446755], [99.276039, 22.3467984], [99.2773647, 22.3499619], [99.2772958, 22.3561667], [99.2764618, 22.3614365], [99.2721953, 22.3674763], [99.2659422, 22.3731089], [99.260803, 22.3764647], [99.2518702, 22.3626007], [99.2398335, 22.3655283], [99.2257351, 22.3612392], [99.2256337, 22.3612083], [99.2158679, 22.3615988], [99.2092271, 22.3615986], [99.2018052, 22.3584732], [99.1932115, 22.3514414], [99.1885238, 22.3541758], [99.1878851, 22.35487], [99.179539, 22.3639418], [99.1748512, 22.3729267], [99.171726, 22.3799583], [99.1639133, 22.3807394], [99.1510224, 22.3807391], [99.140866, 22.3799576], [99.1346159, 22.3776136], [99.1338348, 22.3705819], [99.1322725, 22.3647221], [99.1217254, 22.3655032], [99.1080532, 22.3655029], [99.0971155, 22.3658933], [99.0935998, 22.3643306], [99.0939906, 22.3580802], [99.0933718, 22.3496088], [99.0933313, 22.3490535], [99.0853939, 22.3511219], [99.0820131, 22.3473068], [99.0752277, 22.3396546], [99.0627344, 22.3340124], [99.0506614, 22.3363493], [99.050241, 22.3364307], [99.0502409, 22.3428782], [99.0454041, 22.3505374], [99.0445987, 22.3577901], [99.0433895, 22.3658507], [99.0397618, 22.3727046], [99.0381487, 22.3763297], [99.0401631, 22.379556], [99.0490314, 22.3884219], [99.0518511, 22.3932588], [99.0510458, 22.3976917], [99.0494326, 22.4025286], [99.047822, 22.4053509], [99.0454036, 22.4097839], [99.0437097, 22.4160899], [99.0389536, 22.4198589], [99.0300878, 22.4242918], [99.0268641, 22.4299365], [99.0264601, 22.4375932], [99.0175942, 22.4468629], [99.0159164, 22.4472988], [99.0029708, 22.450662], [98.9991984, 22.4537783], [98.9939861, 22.4580841], [98.9846108, 22.4623811], [98.9732823, 22.4725377], [98.9685941, 22.4912887], [98.9666406, 22.5041801], [98.9674217, 22.5104305], [98.9603901, 22.5194153], [98.9525771, 22.5326971], [98.9498421, 22.5557454], [98.9517033, 22.5631912], [98.9525763, 22.5666836], [98.9463258, 22.5803562], [98.9482787, 22.5920757], [98.9432002, 22.6026231], [98.9408936, 22.6126174], [98.9395214, 22.6173559], [98.9380799, 22.6223335], [98.9355025, 22.6333786], [98.9353867, 22.6338748], [98.9377303, 22.6401252], [98.9451521, 22.6487197], [98.9549178, 22.6526264], [98.9678085, 22.6592677], [98.976793, 22.6616118], [98.983043, 22.6666903], [98.9799176, 22.6815349], [98.9789523, 22.6837873], [98.97678, 22.6845941], [98.9743091, 22.6880154], [98.9752297, 22.692473], [98.9752297, 22.6947622], [98.9725984, 22.6971388], [98.9727885, 22.7039814], [98.9719479, 22.7111108], [98.9720282, 22.7151956], [98.9691772, 22.7161459], [98.9657559, 22.7151956], [98.9615743, 22.7182367], [98.9562803, 22.7201644], [98.9541616, 22.7205175], [98.9507403, 22.7224182], [98.9454183, 22.7283104], [98.9328736, 22.7393346], [98.9297879, 22.7445014], [98.929657, 22.7447206], [98.9245105, 22.7475076], [98.9170977, 22.7469374], [98.9144368, 22.7442764], [98.9104937, 22.7390764], [98.9072491, 22.7381081], [98.9062637, 22.737814], [98.899041, 22.7338225], [98.8912481, 22.7311615], [98.8853559, 22.7285005], [98.8807942, 22.7279303], [98.8760424, 22.72717], [98.86958, 22.7286906], [98.8621673, 22.7302111], [98.8599634, 22.7302111], [98.8598883, 22.7302563], [98.8584626, 22.7306617], [98.8551878, 22.7313711], [98.8531435, 22.7319579], [98.8514631, 22.7332435], [98.8505087, 22.7345326], [98.8501928, 22.7372438], [98.848102, 22.7393346], [98.8444907, 22.7380041], [98.8351772, 22.7347729], [98.8321361, 22.7321119], [98.8281446, 22.7307814], [98.8258934, 22.7285302], [98.8244399, 22.7287213], [98.8215572, 22.7304403], [98.8186438, 22.7315152], [98.8150615, 22.7326368], [98.8139397, 22.7328737], [98.8091375, 22.7347729], [98.8053067, 22.7351804], [98.8002042, 22.7357232], [98.7931715, 22.7408551], [98.7908907, 22.7461771], [98.7872793, 22.7469374], [98.7832879, 22.751309], [98.7798666, 22.7516892], [98.7669418, 22.7589119], [98.7600992, 22.7634736], [98.7566779, 22.7684154], [98.7559177, 22.7769686], [98.7526532, 22.777058], [98.7522489, 22.7783949], [98.7516674, 22.7803982], [98.7499579, 22.7862874], [98.7499515, 22.7863094], [98.7498759, 22.7865699], [98.7484084, 22.7921933], [98.748293, 22.7926353], [98.7469761, 22.7989666], [98.7468883, 22.7994199], [98.7453932, 22.8071416], [98.7451382, 22.8084157], [98.7450836, 22.8085203], [98.7390014, 22.8261969], [98.7359602, 22.8374111], [98.7296879, 22.8469147], [98.7188538, 22.8535671], [98.7174151, 22.8572539], [98.7150662, 22.859357], [98.7117348, 22.8652316], [98.7105811, 22.867266], [98.7068913, 22.8733314], [98.7018794, 22.8786066], [98.6950239, 22.8812429], [98.6916396, 22.8828465], [98.6850028, 22.8859913], [98.6741916, 22.8902104], [98.669173, 22.8909264], [98.668653, 22.8910005], [98.6624895, 22.891115], [98.662946, 22.8889291], [98.6625718, 22.8874237], [98.6629216, 22.8853886], [98.6622363, 22.881848], [98.661551, 22.8735104], [98.6611512, 22.8687591], [98.6612623, 22.867718], [98.6616081, 22.864476], [98.661551, 22.8604785], [98.6598949, 22.8560813], [98.6583259, 22.8530958], [98.6575071, 22.8515376], [98.6546981, 22.8483718], [98.651957, 22.844717], [98.6509485, 22.8427817], [98.6483404, 22.8400861], [98.6475544, 22.8379473], [98.6471628, 22.8362132], [98.6473884, 22.8346661], [98.6479024, 22.8327074], [98.6472742, 22.829852], [98.646075, 22.8267111], [98.6442476, 22.8243126], [98.6410496, 22.8231705], [98.6399048, 22.82349], [98.638594, 22.8238558], [98.6365228, 22.8238558], [98.6357386, 22.8238558], [98.6341739, 22.8230563], [98.6306332, 22.822371], [98.6256649, 22.8221426], [98.6205253, 22.8217999], [98.6158425, 22.8209433], [98.6099034, 22.8198583], [98.6058385, 22.8199984], [98.6049351, 22.8200296], [98.6001952, 22.8208862], [98.596369, 22.8211717], [98.5901443, 22.8225994], [98.5863524, 22.8224852], [98.5825262, 22.8224281], [98.577615, 22.8223139], [98.5745884, 22.8217428], [98.5729149, 22.8211239], [98.5704195, 22.8202009], [98.5687527, 22.8197708], [98.5668789, 22.8192872], [98.5647659, 22.8190017], [98.5618535, 22.8198583], [98.5585413, 22.820772], [98.5554004, 22.8203722], [98.5539156, 22.8190588], [98.553763, 22.8184482], [98.5532981, 22.8181564], [98.5482663, 22.8115035], [98.5483648, 22.8095219], [98.5477798, 22.8079132], [98.5472227, 22.806381], [98.5448813, 22.802098], [98.5436378, 22.7981278], [98.5445386, 22.796313], [98.5443102, 22.7942001], [98.5425399, 22.7907737], [98.5420437, 22.789427], [98.5417404, 22.7886036], [98.5397973, 22.7864342], [98.5368292, 22.7851201], [98.533517, 22.7831784], [98.530319, 22.7810655], [98.5255791, 22.7785527], [98.5214674, 22.7768966], [98.5192402, 22.7743268], [98.5190064, 22.7732045], [98.5183836, 22.7702151], [98.5183265, 22.7675882], [98.5188404, 22.7659321], [98.5208392, 22.762677], [98.5239801, 22.7592905], [98.5251595, 22.7578441], [98.5300334, 22.7518666], [98.531918, 22.748897], [98.5323746, 22.7461184], [98.5330601, 22.7439287], [98.5340976, 22.7434886], [98.5345247, 22.7428367], [98.5361054, 22.7417938], [98.5361731, 22.7417042], [98.5362069, 22.7416615], [98.5366007, 22.7415302], [98.5379713, 22.7399883], [98.5396845, 22.7381609], [98.5402802, 22.7365492], [98.5406553, 22.735534], [98.542083, 22.7326786], [98.5453952, 22.7277674], [98.5472931, 22.725691], [98.5474331, 22.7253934], [98.5503669, 22.7214454], [98.5510456, 22.7198851], [98.5510746, 22.7195909], [98.5520196, 22.7185732], [98.5529905, 22.7156607], [98.5529408, 22.7155209], [98.5520768, 22.7130909], [98.5496783, 22.7116632], [98.5472227, 22.7113206], [98.5446528, 22.7107495], [98.5424223, 22.7097817], [98.5417404, 22.7078371], [98.5408267, 22.7053244], [98.5401414, 22.7023548], [98.5402556, 22.7002418], [98.5405411, 22.6967583], [98.5410304, 22.6935292], [98.5412237, 22.6929564], [98.543279, 22.6896336], [98.5435384, 22.6892142], [98.5481624, 22.6846484], [98.5514352, 22.6804941], [98.5532427, 22.6774803], [98.554372, 22.6751918], [98.5544605, 22.6747385], [98.5559029, 22.6724307], [98.5560673, 22.6713535], [98.5564169, 22.6690614], [98.556988, 22.665121], [98.556474, 22.6622085], [98.5556174, 22.6590105], [98.5555032, 22.6564978], [98.5561314, 22.6541564], [98.5566453, 22.6515638], [98.5574448, 22.6485371], [98.5572164, 22.6461957], [98.5562456, 22.6440256], [98.5559403, 22.6431099], [98.555389, 22.6414558], [98.5551558, 22.6391204], [98.5566147, 22.6356869], [98.5592901, 22.6311492], [98.5602382, 22.6298652], [98.5607178, 22.6292159], [98.561471, 22.6290447], [98.5629591, 22.6287065], [98.5633352, 22.628621], [98.5658634, 22.6286507], [98.5696019, 22.6294445], [98.5702619, 22.6295179], [98.5730796, 22.6308797], [98.5732263, 22.6309507], [98.5750325, 22.6307301], [98.5761746, 22.6297593], [98.5773167, 22.6266184], [98.5775452, 22.6234775], [98.5776821, 22.6202607], [98.5777736, 22.6181094], [98.5787444, 22.6150257], [98.5800008, 22.6115421], [98.580629, 22.6068594], [98.5807279, 22.606117], [98.5812, 22.6025763], [98.5819424, 22.6003491], [98.5840554, 22.5981106], [98.5910224, 22.5852044], [98.5945631, 22.5768667], [98.5974184, 22.571156], [98.5989437, 22.5687109], [98.600685, 22.5659193], [98.6038258, 22.56255], [98.6072523, 22.5595233], [98.6087501, 22.5567442], [98.608929, 22.5564131], [98.6111355, 22.5523278], [98.6137054, 22.5489585], [98.6147333, 22.5459318], [98.6147904, 22.5434762], [98.6146191, 22.5414661], [98.6138767, 22.5371259], [98.6144478, 22.5340421], [98.6142487, 22.5302569], [98.6150188, 22.5274748], [98.6158754, 22.5250763], [98.616042, 22.5247015], [98.617246, 22.5219925], [98.6198158, 22.5186803], [98.6218119, 22.5149667], [98.6222714, 22.5141118], [98.6241581, 22.5117026], [98.6259834, 22.5093719], [98.62875, 22.5071766], [98.6312372, 22.5052031], [98.6334073, 22.5024048], [98.6335635, 22.5022139], [98.633637, 22.5021241], [98.6339213, 22.5017766], [98.6345611, 22.5002966], [98.6352347, 22.4987385], [98.6348985, 22.4956563], [98.6348921, 22.4955977], [98.6346582, 22.4946768], [98.6339784, 22.4919999], [98.6345494, 22.4894872], [98.6358629, 22.485661], [98.6368416, 22.482416], [98.6369479, 22.4820633], [98.6369479, 22.479265], [98.636434, 22.4760099], [98.6354989, 22.4738726], [98.6352347, 22.4732688], [98.6351776, 22.4713843], [98.6354061, 22.4703335], [98.6360482, 22.4697831], [98.6374048, 22.4686203], [98.6382043, 22.4670213], [98.6381472, 22.4638804], [98.6388896, 22.4615961], [98.6388896, 22.458341], [98.6377474, 22.4559425], [98.6379188, 22.454058], [98.639632, 22.4520592], [98.6403277, 22.4507044], [98.640717, 22.4499463], [98.6409033, 22.4477107], [98.6410597, 22.4458346], [98.6420876, 22.4430363], [98.642059, 22.4429567], [98.6412881, 22.4408091], [98.6381472, 22.4401239], [98.6351205, 22.4386391], [98.6332931, 22.437554], [98.6323223, 22.4361835], [98.6291814, 22.4344132], [98.6264973, 22.4336708], [98.6239161, 22.4331397], [98.6218031, 22.4326257], [98.6208459, 22.432179], [98.6200899, 22.4318262], [98.620036, 22.4313882], [98.6196331, 22.4281142], [98.6191191, 22.4257157], [98.6180303, 22.4229875], [98.6164922, 22.4182347], [98.6165166, 22.4177219], [98.6166064, 22.4158362], [98.6168274, 22.4130081], [98.6168919, 22.4121814], [98.6171775, 22.4092689], [98.6174059, 22.4073273], [98.6171204, 22.4044148], [98.6165493, 22.4015595], [98.6151787, 22.4003031], [98.6136368, 22.3977333], [98.6128047, 22.3964295], [98.6120949, 22.3953177], [98.6124947, 22.3938329], [98.6127231, 22.3920054], [98.6136939, 22.3884648], [98.6144179, 22.3856967], [98.6146648, 22.3847528], [98.6144363, 22.3830967], [98.6124947, 22.3806982], [98.6095251, 22.3764723], [98.6057767, 22.3739904], [98.6022154, 22.3711614], [98.599303, 22.3695053], [98.5954197, 22.366707], [98.5933067, 22.3637946], [98.5924468, 22.3622688], [98.5915364, 22.3606537], [98.5914222, 22.3578554], [98.5922217, 22.3547145], [98.5920096, 22.349141], [98.5919933, 22.3487126], [98.5914222, 22.3475704], [98.5912724, 22.3469284], [98.5906227, 22.344144], [98.5899945, 22.3422595], [98.5874818, 22.3411744], [98.5861112, 22.339347], [98.5851975, 22.3364917], [98.5844551, 22.3340932], [98.5804005, 22.3235855], [98.5792013, 22.3198164], [98.5793726, 22.3184458], [98.5810858, 22.3146768], [98.5840554, 22.3088404], [98.5847978, 22.3068988], [98.5839983, 22.3051856], [98.5814856, 22.3045574], [98.5770134, 22.3040207], [98.5743472, 22.3037008], [98.5713776, 22.303301], [98.5693068, 22.3025463], [98.568922, 22.3006741], [98.5687167, 22.2990315], [98.5684652, 22.2970193], [98.568408, 22.2944494], [98.5687783, 22.2934913], [98.5693789, 22.2919367], [98.5698928, 22.2900522], [98.5696073, 22.287254], [98.5709208, 22.2831423], [98.5712063, 22.2791448], [98.5704639, 22.2764607], [98.5705781, 22.2730343], [98.5704068, 22.269882], [98.5702355, 22.2653705], [98.5695834, 22.2609211], [98.5692646, 22.2587461], [98.5693218, 22.2562334], [98.5693789, 22.2529212], [98.5695834, 22.2524399], [98.5703497, 22.2506369], [98.5723484, 22.2461255], [98.5758891, 22.2401863], [98.5773739, 22.2382447], [98.5800579, 22.2344756], [98.5804316, 22.2341787], [98.5810858, 22.233659], [98.5852546, 22.2294902], [98.5869107, 22.2250358], [98.5879387, 22.219268], [98.5892402, 22.2155636], [98.5913243, 22.2113293], [98.5937636, 22.2079608], [98.5947539, 22.2069104], [98.5975496, 22.2071359], [98.6091774, 22.2100849], [98.6212971, 22.2011971], [98.6354367, 22.1975614], [98.6509672, 22.201309], [98.6572516, 22.2048338], [98.6653313, 22.20443], [98.6730069, 22.2068542], [98.6839144, 22.2092784], [98.6911861, 22.2121065], [98.6976498, 22.2104907], [98.7077494, 22.2121069], [98.717849, 22.2112991], [98.7263326, 22.2145313], [98.7311804, 22.2125113], [98.7340084, 22.2084714], [98.7388562, 22.2084715], [98.7505716, 22.2137237], [98.7590552, 22.2161479], [98.7670759, 22.2156082], [98.7992475, 22.2134434], [98.8010696, 22.2133208], [98.8111691, 22.214937], [98.8220768, 22.2096852], [98.8366203, 22.2076655], [98.8468685, 22.2068089], [98.8467762, 22.2072925], [98.8446997, 22.2181697], [98.8447797, 22.2182265], [98.8492377, 22.2213945], [98.8495474, 22.2254418], [98.854799, 22.2327139], [98.8556068, 22.2399859], [98.8608586, 22.23837], [98.8657312, 22.2402526], [98.8709581, 22.2403902], [98.8814616, 22.2464504], [98.891965, 22.2508947], [98.9000445, 22.2585708], [98.9057003, 22.2569549], [98.9125682, 22.2504911], [98.9206479, 22.2508952], [98.9275157, 22.2484714], [98.9297406, 22.2416921], [98.929789, 22.2415448], [98.9287791, 22.2346793], [98.930344, 22.2307673], [98.9343839, 22.2271314], [98.9364039, 22.2218794], [98.9400399, 22.2170315], [98.9403672, 22.2151498], [98.9416561, 22.2077395], [98.9440801, 22.2012755], [98.9537758, 22.1996597], [98.9634715, 22.1944079], [98.9683194, 22.188348], [98.9699356, 22.181076], [98.9739756, 22.1738041], [98.9743797, 22.1661281], [98.9832676, 22.1560283], [98.9881156, 22.1483524], [98.9915623, 22.1464965], [98.9933674, 22.1455245], [99.0027492, 22.138962], [99.0182377, 22.1436879], [99.0263757, 22.1447381], [99.0317319, 22.1403857], [99.0363515, 22.1418505], [99.042728, 22.1430056], [99.0492149, 22.1410632], [99.0578382, 22.145653], [99.0580936, 22.1457889], [99.0639464, 22.1439267], [99.0663406, 22.1465872], [99.0756518, 22.1492479], [99.0817706, 22.1455233], [99.0910817, 22.1495142], [99.0953383, 22.147652], [99.1017231, 22.1489823], [99.1091721, 22.1489825], [99.1176851, 22.1535054], [99.1211628, 22.1510951], [99.1211093, 22.1506563], [99.1208349, 22.1484064], [99.1208378, 22.1479546], [99.1208349, 22.1479305], [99.1251277, 22.1498125], [99.1294039, 22.1548437], [99.1375406, 22.1563124], [99.1461238, 22.1605014], [99.1557163, 22.1626891]]]}}, {"type": "Feature", "properties": {"core_id": 6484, "public_id": "83bff115-fe01-47ed-acdc-9a49e678ca03", "canonical_name": "\u1015\u1014\u103a\u1006\u1014\u103a\u1038 (\u1015\u1014\u103a\u1001\u1019\u103a\u1038)", "aliases": "en:Man Man Hsai Township | en:Pangsang (Panghkam) | my:\u1015\u1014\u103a\u1006\u1014\u103a\u1038 (\u1015\u1014\u103a\u1001\u1019\u103a\u1038) | my:\u1019\u1014\u103a\u1019\u1014\u103a\u1006\u102d\u102f\u1004\u103a\u1019\u103c\u102d\u102f\u1037\u1014\u101a\u103a | my:\u1019\u1014\u103a\u1019\u1014\u103a\u1006\u102d\u102f\u1004\u103a\u1019\u103c\u102d\u102f\u1037\u1014\u101a\u103a", "parent_name": "\u1019\u1000\u103a\u1019\u1014\u103a\u1038\u1001\u101b\u102d\u102f\u1004\u103a", "gparent_name": "\u101b\u103e\u1019\u103a\u1038\u1015\u103c\u100a\u103a\u1014\u101a\u103a", "overlap_of_source": 0.1988, "overlap_of_core": 0.9977, "centroid_dist_m": 20827.9, "child_admins": 0, "settlements": 10, "postal": 0}, "geometry": {"type": "MultiPolygon", "coordinates": [[[[99.159627267, 22.166708463], [99.158440684, 22.165488975], [99.15627978, 22.163268147], [99.156375, 22.164089], [99.1573145, 22.1645971], [99.1575961, 22.1647494], [99.1580939, 22.166196], [99.1564162, 22.1682505], [99.1566753, 22.1685594], [99.1587324, 22.169437], [99.1613083, 22.1695579], [99.1630635, 22.1681017], [99.1653402, 22.1675115], [99.1675632, 22.168829], [99.1694987, 22.1689423], [99.1715325, 22.1695334], [99.1755066, 22.1686017], [99.176527719, 22.167806773], [99.173635718, 22.168591485], [99.167434389, 22.167144139], [99.159787354, 22.166872989], [99.159627267, 22.166708463]]], [[[99.1920634, 22.1716006], [99.1907741, 22.1712712], [99.190014, 22.1716537], [99.1892882, 22.1731071], [99.189146494, 22.173507749], [99.19424269, 22.174025734], [99.194595097, 22.17387955], [99.1940516, 22.1729999], [99.1929646, 22.1719543], [99.1920634, 22.1716006]]], [[[99.181854376, 22.17576419], [99.183929145, 22.175801103], [99.1833936, 22.175682], [99.1826747, 22.1756431], [99.1819322, 22.1757446], [99.181854376, 22.17576419]]], [[[99.1742172, 22.1794583], [99.1740531, 22.1797906], [99.1739934, 22.1801549], [99.1740509, 22.1805193], [99.1742515, 22.1809069], [99.1745832, 22.1812107], [99.1749928, 22.1813924], [99.1754551, 22.1814362], [99.1761981, 22.181364527], [99.175939612, 22.180405792], [99.176472365, 22.1781876], [99.1748173, 22.1789799], [99.1744763, 22.1791787], [99.1742172, 22.1794583]]], [[[99.1738724, 22.1895399], [99.1738249, 22.1898024], [99.1738652, 22.1900658], [99.1740048, 22.1903253], [99.1742286, 22.190528], [99.1745119, 22.1906513], [99.17570407, 22.190814751], [99.174901979, 22.188932956], [99.174798815, 22.188690914], [99.1742056, 22.1891139], [99.1740034, 22.189303], [99.1738724, 22.1895399]]], [[[99.182041196, 22.197161387], [99.1823068, 22.1975661], [99.1834569, 22.1993383], [99.185177279, 22.19991711], [99.182041196, 22.197161387]]], [[[99.1935948, 22.209003364], [99.192014688, 22.21013658], [99.1921511, 22.210273], [99.1928489, 22.210273], [99.1935948, 22.209527], [99.1935948, 22.209003364]]], [[[98.5224587, 22.7769121], [98.5302272, 22.7803835], [98.5392746, 22.7853595], [98.5428973, 22.792806], [98.5431039, 22.7942974], [98.5436378, 22.7981278], [98.5439841, 22.802813], [98.5479847, 22.8111313], [98.5532981, 22.8181564], [98.5570164, 22.82049], [98.566643, 22.8183826], [98.570726, 22.8210692], [98.5808927, 22.821323], [98.5897139, 22.8217754], [98.6048389, 22.8196423], [98.6073563, 22.8192873], [98.6126131, 22.8199509], [98.6130008, 22.8194694], [98.6136943, 22.8191168], [98.6138231, 22.8188893], [98.6141557, 22.8184493], [98.6144733, 22.8182727], [98.6149711, 22.8182663], [98.6153037, 22.8183454], [98.6156427, 22.8184409], [98.6160933, 22.8183618], [98.6165214, 22.8180784], [98.6169409, 22.8175706], [98.6170632, 22.8172428], [98.6173904, 22.8170252], [98.6177767, 22.816773], [98.618003, 22.8165322], [98.6185502, 22.8153554], [98.6187208, 22.8145282], [98.6193216, 22.8139645], [98.6198581, 22.8137271], [98.6201274, 22.8136445], [98.620417, 22.8126061], [98.6208033, 22.8117457], [98.6209953, 22.8111657], [98.6210178, 22.8106974], [98.6206638, 22.8099656], [98.6206734, 22.8096328], [98.6207496, 22.8086601], [98.6206638, 22.807948], [98.6207067, 22.8072656], [98.6205662, 22.8060724], [98.6205029, 22.8055744], [98.6202443, 22.8047669], [98.620373, 22.803679], [98.6201263, 22.803224], [98.6199332, 22.8025713], [98.6198151, 22.8017998], [98.6200083, 22.8009492], [98.6201907, 22.8003064], [98.6205769, 22.7993964], [98.6209524, 22.79907], [98.6212646, 22.798216], [98.621683, 22.7973258], [98.6222506, 22.7963798], [98.6223471, 22.795994], [98.6219834, 22.795318], [98.6215543, 22.7944773], [98.6213504, 22.7934091], [98.6204278, 22.7924101], [98.6199546, 22.7917211], [98.6198473, 22.7905837], [98.6198484, 22.7892449], [98.6196757, 22.7887439], [98.6192358, 22.7880614], [98.6189568, 22.7871118], [98.6186039, 22.7858126], [98.6188174, 22.7852027], [98.6196113, 22.7844905], [98.6199653, 22.7843521], [98.6203945, 22.7837091], [98.6204921, 22.7833792], [98.6201917, 22.7830231], [98.6194943, 22.7825285], [98.6190223, 22.7814899], [98.6185277, 22.7796732], [98.6184107, 22.779096], [98.6185921, 22.7781894], [98.6186564, 22.777675], [98.6191403, 22.7772264], [98.6189783, 22.7759538], [98.6190319, 22.7751624], [98.6193538, 22.7744007], [98.6191188, 22.7732794], [98.6192572, 22.7727289], [98.6201155, 22.7713043], [98.6207593, 22.7705723], [98.6210811, 22.7700678], [98.6209857, 22.7693322], [98.6209535, 22.7688376], [98.6213504, 22.7679472], [98.6216069, 22.7675649], [98.6217463, 22.766912], [98.6218965, 22.7660908], [98.6223579, 22.765339], [98.6227763, 22.7650719], [98.6235166, 22.7645277], [98.623699, 22.7641221], [98.6240326, 22.7636834], [98.6241496, 22.7622919], [98.624376, 22.7619026], [98.6245144, 22.7608771], [98.6246335, 22.7601811], [98.624848, 22.7596865], [98.6247408, 22.7589346], [98.6247504, 22.7584434], [98.6251163, 22.7580046], [98.6253834, 22.7573254], [98.6258662, 22.7567516], [98.6261355, 22.7558774], [98.6262203, 22.7551883], [98.6265529, 22.7542583], [98.6267674, 22.7532492], [98.6270142, 22.7526654], [98.6271108, 22.7520916], [98.6275721, 22.7518739], [98.6275624, 22.7508415], [98.6276375, 22.7502775], [98.6275302, 22.748922], [98.6272931, 22.7484802], [98.6273146, 22.7480053], [98.6271977, 22.7471113], [98.6270249, 22.746155], [98.6268758, 22.7454689], [98.6268211, 22.7443147], [98.6264681, 22.7431436], [98.626275, 22.742738], [98.6263275, 22.7419696], [98.6262213, 22.7414714], [98.6255669, 22.740294], [98.6255873, 22.7393376], [98.62576, 22.7386019], [98.6256312, 22.7381369], [98.6253405, 22.7370222], [98.6253083, 22.7367451], [98.6260057, 22.7359139], [98.6263608, 22.7353959], [98.6270474, 22.7339809], [98.6269294, 22.7331893], [98.62679, 22.7326054], [98.6266076, 22.7321008], [98.6266398, 22.7317247], [98.6264574, 22.7312399], [98.6261677, 22.730656], [98.6262846, 22.7303132], [98.6268854, 22.7297887], [98.6271966, 22.7291851], [98.6272406, 22.7282415], [98.6269713, 22.7277799], [98.6269509, 22.727341], [98.6273157, 22.7266186], [98.6271011, 22.7262228], [98.6269402, 22.7255103], [98.6270678, 22.725197], [98.6279047, 22.7245439], [98.6283231, 22.7233762], [98.6281514, 22.7227626], [98.6283564, 22.7217498], [98.6284733, 22.721397], [98.628999, 22.7210803], [98.6295902, 22.7206909], [98.6296975, 22.7201367], [98.6294078, 22.7193845], [98.6291288, 22.7187116], [98.629278, 22.7180322], [98.6297511, 22.7171381], [98.6297822, 22.7165774], [98.6295998, 22.7159737], [98.6295355, 22.7156372], [98.6295569, 22.7153601], [98.6298262, 22.7151191], [98.6302972, 22.7150236], [98.6309839, 22.715083], [98.6313486, 22.7151127], [98.6315739, 22.7149544], [98.6316394, 22.7146045], [98.6314141, 22.7138425], [98.6309088, 22.7132323], [98.630588, 22.7125064], [98.6300612, 22.7120744], [98.6299968, 22.7116884], [98.6299646, 22.7111837], [98.6302339, 22.7105666], [98.6301363, 22.7096793], [98.6312843, 22.7085313], [98.6313379, 22.7078682], [98.6311781, 22.7070234], [98.630942, 22.7064296], [98.6303305, 22.7062119], [98.6302865, 22.7058095], [98.6304581, 22.7053543], [98.6308551, 22.7049485], [98.6307693, 22.7045229], [98.629794, 22.7031734], [98.6297393, 22.7022563], [98.6301052, 22.7017679], [98.6303948, 22.701174], [98.6303519, 22.7006989], [98.6297618, 22.7001645], [98.6292136, 22.6993563], [98.6292576, 22.6985313], [98.6295033, 22.6980993], [98.6293853, 22.6977727], [98.6290108, 22.6971456], [98.628484, 22.6968324], [98.6284637, 22.6961657], [98.6288059, 22.6956149], [98.6292887, 22.6951497], [98.6296331, 22.6946117], [98.630147, 22.6939124], [98.6306835, 22.6935165], [98.6308015, 22.6925366], [98.6311459, 22.6915136], [98.6315525, 22.6910419], [98.6317671, 22.6902896], [98.6325406, 22.6894844], [98.6333335, 22.6890622], [98.6339665, 22.6887554], [98.6341167, 22.6879338], [98.6341274, 22.687617], [98.6344064, 22.6871716], [98.635093, 22.6865183], [98.6352765, 22.6860001], [98.6354685, 22.6856769], [98.6361026, 22.6852576], [98.6363161, 22.6847662], [98.6366927, 22.6843272], [98.6367678, 22.6838124], [98.6369384, 22.6835189], [98.6375177, 22.6831823], [98.6382162, 22.6827433], [98.6389125, 22.6824993], [98.6395347, 22.6822617], [98.6399371, 22.6819697], [98.6401742, 22.6815851], [98.6403083, 22.6813921], [98.6407482, 22.6809268], [98.641187, 22.6809402], [98.6415303, 22.6809303], [98.6419434, 22.6806482], [98.6421429, 22.6804665], [98.6422985, 22.6800508], [98.6423736, 22.6794915], [98.6425764, 22.6785001], [98.6427598, 22.6781105], [98.6434293, 22.6774804], [98.6443262, 22.6767048], [98.6446041, 22.676238], [98.6449099, 22.6752976], [98.6451996, 22.6744908], [98.6450923, 22.6736691], [98.6449421, 22.6730999], [98.6445666, 22.6723079], [98.6445237, 22.6718377], [98.6445355, 22.6707403], [98.6445998, 22.6701661], [98.6447178, 22.6698196], [98.6456566, 22.6690622], [98.6458873, 22.6687454], [98.6464119, 22.6677985], [98.6467939, 22.6669486], [98.646869, 22.6662308], [98.6468464, 22.6655214], [98.6470932, 22.6646997], [98.6470181, 22.6641948], [98.6471157, 22.6634785], [98.6473142, 22.6631914], [98.6473625, 22.6626914], [98.6473024, 22.6619672], [98.6474097, 22.6612049], [98.6473346, 22.6609771], [98.6474258, 22.6606306], [98.6471962, 22.6598995], [98.6471908, 22.6594638], [98.6473024, 22.6587049], [98.647502, 22.6584094], [98.6477756, 22.6582064], [98.6479622, 22.6580515], [98.6481994, 22.6572857], [98.6486392, 22.6564243], [98.648665, 22.6560961], [98.6483388, 22.6557807], [98.6478818, 22.6553387], [98.6477316, 22.6549476], [98.6477477, 22.6544575], [98.6478979, 22.653705], [98.6476994, 22.6533535], [98.6473453, 22.6528931], [98.6471587, 22.6524936], [98.6472338, 22.6515777], [98.647517, 22.6510267], [98.6478281, 22.6507792], [98.6483056, 22.6505712], [98.6484826, 22.6502841], [98.6486875, 22.6497559], [98.6488849, 22.6490514], [98.6491596, 22.6488845], [98.649652, 22.6488435], [98.6501305, 22.6488994], [98.6503719, 22.6490727], [98.6507796, 22.6493153], [98.6510146, 22.6495366], [98.6512775, 22.6495267], [98.6515628, 22.6493004], [98.651933, 22.6488845], [98.6521894, 22.6484078], [98.652566, 22.6478894], [98.652919, 22.6475513], [98.6531722, 22.6472706], [98.6532044, 22.647028], [98.6529683, 22.6466171], [98.6529726, 22.6462096], [98.6531389, 22.6459869], [98.6537504, 22.6455858], [98.6546206, 22.6449536], [98.6552911, 22.6446269], [98.6555271, 22.64431], [98.6559938, 22.6436317], [98.6564702, 22.6430213], [98.657012, 22.6426648], [98.6581225, 22.6421004], [98.6587608, 22.6417835], [98.6591803, 22.6412998], [98.6594485, 22.6408592], [98.6601073, 22.6396595], [98.6605418, 22.6389169], [98.660574, 22.6385456], [98.6606384, 22.6377979], [98.6611276, 22.636933], [98.6616533, 22.6359031], [98.6618786, 22.6354971], [98.6619966, 22.6349277], [98.6624247, 22.6345203], [98.6628056, 22.6340697], [98.663444, 22.6338419], [98.6640662, 22.6334607], [98.6645437, 22.6333518], [98.6651284, 22.6331488], [98.6654728, 22.6326353], [98.6661583, 22.6320347], [98.6668182, 22.6317079], [98.6674576, 22.6311945], [98.6679941, 22.6309419], [98.6683417, 22.6308711], [98.6687225, 22.6306483], [98.6691624, 22.6299749], [98.6692107, 22.6297224], [98.6695605, 22.6291495], [98.6701291, 22.6286891], [98.6706226, 22.6282632], [98.6710732, 22.6279513], [98.6714101, 22.6279696], [98.6717009, 22.6280751], [98.6721461, 22.6281592], [98.672601, 22.6281627], [98.6730784, 22.6279944], [98.6733681, 22.627831], [98.6738305, 22.6275601], [98.6743445, 22.6275438], [98.6747843, 22.6275438], [98.675589, 22.6271823], [98.675943, 22.6267862], [98.6763937, 22.6262069], [98.6768979, 22.6258157], [98.6771887, 22.6254211], [98.6774515, 22.625119], [98.6779611, 22.6247823], [98.6782455, 22.6241336], [98.6787218, 22.623632], [98.6792862, 22.6233018], [98.6799771, 22.6226566], [98.6805682, 22.6220391], [98.6808257, 22.6216479], [98.6807882, 22.621326], [98.6807775, 22.6208457], [98.6807989, 22.6206031], [98.6809373, 22.6204877], [98.6812817, 22.62041], [98.6815918, 22.6203194], [98.6821282, 22.6200668], [98.682301, 22.6197662], [98.6822784, 22.6195122], [98.6819995, 22.619017], [98.681742, 22.618814], [98.6817205, 22.6183584], [98.6818064, 22.6180366], [98.6820531, 22.6178781], [98.6826757, 22.6176055], [98.6833095, 22.6172903], [98.6841517, 22.6169734], [98.6849671, 22.6167654], [98.6855829, 22.6166847], [98.6858468, 22.6163396], [98.6862599, 22.6162009], [98.6870796, 22.6160162], [98.6876439, 22.615676], [98.6880666, 22.615313], [98.6883295, 22.6149763], [98.6886256, 22.6142944], [98.6887919, 22.6139874], [98.6890548, 22.6138091], [98.6892039, 22.6135749], [98.6892532, 22.6132347], [98.6895097, 22.6130252], [98.6898326, 22.6127593], [98.6902242, 22.6124077], [98.6907875, 22.6117243], [98.6910181, 22.6114024], [98.6912166, 22.6111647], [98.6911791, 22.6110063], [98.6910611, 22.6108181], [98.6908508, 22.6103907], [98.6908357, 22.6100852], [98.6911791, 22.609481], [98.6914258, 22.6090304], [98.6918539, 22.608806], [98.6919945, 22.6086243], [98.6920106, 22.6084609], [98.6918067, 22.6079607], [98.6916125, 22.6076076], [98.6916232, 22.6073699], [98.6911898, 22.6066533], [98.6911844, 22.6062373], [98.6913121, 22.6058], [98.6917745, 22.6053212], [98.6921275, 22.6052454], [98.6926747, 22.605186], [98.6930341, 22.604973], [98.6934697, 22.6046476], [98.6937969, 22.6040583], [98.6939525, 22.6035779], [98.6940759, 22.6027658], [98.6941392, 22.6023829], [98.694402, 22.6016549], [98.694505, 22.6010819], [98.6948043, 22.6004762], [98.6951166, 22.6001113], [98.6957538, 22.5995798], [98.6965328, 22.5991009], [98.6969394, 22.5987577], [98.6971979, 22.5981055], [98.6974072, 22.5977737], [98.6977816, 22.59748], [98.6979704, 22.5972338], [98.6979972, 22.5967534], [98.6980015, 22.5962814], [98.6982161, 22.5960586], [98.6986184, 22.5958308], [98.6992139, 22.5954544], [98.6994767, 22.595068], [98.6999005, 22.5947659], [98.7002557, 22.5941236], [98.7006301, 22.5936219], [98.7011354, 22.5931578], [98.7017834, 22.5927353], [98.7022502, 22.5925025], [98.7025731, 22.5919988], [98.7029958, 22.591403], [98.7036352, 22.5910182], [98.7042672, 22.5908533], [98.7045043, 22.5906467], [98.705104, 22.5901351], [98.70584, 22.5893986], [98.7067348, 22.5886889], [98.7075405, 22.5884526], [98.7086124, 22.588258], [98.7091166, 22.5880549], [98.7094921, 22.5880351], [98.7102378, 22.5882877], [98.7106347, 22.5881886], [98.7109083, 22.5880004], [98.7114019, 22.5876834], [98.7119973, 22.5873763], [98.7123739, 22.5869667], [98.7133223, 22.5865195], [98.7141535, 22.5864353], [98.7146699, 22.5865012], [98.7151996, 22.5866681], [98.715736, 22.586673], [98.7164991, 22.5863823], [98.7170879, 22.586148], [98.7175975, 22.58594], [98.7181178, 22.5857963], [98.7190137, 22.5858013], [98.7194428, 22.585732], [98.7202851, 22.5853803], [98.7208859, 22.5852268], [98.7214384, 22.585306], [98.7217764, 22.5853605], [98.7220446, 22.5852515], [98.7221197, 22.5850683], [98.7221036, 22.5847166], [98.7221787, 22.5844145], [98.7223732, 22.5841287], [98.7223128, 22.5837805], [98.7223986, 22.5834536], [98.722754, 22.5831529], [98.7235855, 22.5829201], [98.7239865, 22.5825868], [98.7240294, 22.5821806], [98.7238202, 22.5818091], [98.7236003, 22.5812296], [98.723611, 22.5808185], [98.7237612, 22.5806848], [98.7240683, 22.5807061], [98.72448, 22.58066], [98.7247429, 22.5803727], [98.7248287, 22.5800706], [98.7248555, 22.5795009], [98.7251399, 22.5792632], [98.726084, 22.5788768], [98.7265453, 22.5785995], [98.7273554, 22.578332], [98.7278717, 22.5780264], [98.7282137, 22.5779902], [98.7284551, 22.5777673], [98.7288909, 22.5775409], [98.7291484, 22.5776598], [98.72954, 22.5777143], [98.7298981, 22.5775989], [98.7303165, 22.5770738], [98.7305257, 22.5768064], [98.7309616, 22.5766246], [98.7315517, 22.5763621], [98.7321833, 22.5763358], [98.7326514, 22.5764562], [98.7331007, 22.576311], [98.7334708, 22.5761129], [98.7336974, 22.5757528], [98.7338101, 22.5753615], [98.7338101, 22.5751435], [98.7342594, 22.5750182], [98.7350694, 22.5747606], [98.7356273, 22.574404], [98.735972, 22.574133], [98.7363904, 22.573603], [98.7365352, 22.5732018], [98.7365942, 22.572969], [98.7367015, 22.5728699], [98.7371615, 22.5730269], [98.7378441, 22.573281], [98.7383202, 22.5732399], [98.7391249, 22.5730418], [98.7394696, 22.57286], [98.7397794, 22.5723434], [98.7397901, 22.571952], [98.7399309, 22.5716514], [98.7401119, 22.5715508], [98.7403976, 22.571582], [98.7409112, 22.5714814], [98.7411325, 22.5713393], [98.7413619, 22.5709167], [98.7418554, 22.5706294], [98.7419211, 22.5703535], [98.7426064, 22.5702976], [98.7430999, 22.5701935], [98.7434446, 22.5700613], [98.7437182, 22.5691795], [98.7439328, 22.568699], [98.7442747, 22.568539], [98.7448863, 22.5684944], [98.7452296, 22.5684796], [98.7454133, 22.5687387], [98.745868, 22.5689155], [98.7462059, 22.5689056], [98.7464809, 22.5687684], [98.7465613, 22.5685207], [98.7466244, 22.5682517], [98.7468121, 22.5679396], [98.7469261, 22.5676142], [98.7469261, 22.5672922], [98.7469409, 22.567048], [98.7468336, 22.5668944], [98.7468657, 22.5666467], [98.7473392, 22.5664005], [98.7489257, 22.5664932], [98.7491671, 22.5664238], [98.7495319, 22.5661216], [98.7496405, 22.565816], [98.7497411, 22.5652151], [98.7498376, 22.5649674], [98.7503043, 22.5647643], [98.7509481, 22.5645364], [98.7512324, 22.5643036], [98.7512753, 22.5640559], [98.7518547, 22.5637587], [98.7520049, 22.5634169], [98.7521457, 22.5631856], [98.7524555, 22.5629364], [98.7527089, 22.5625861], [98.7526915, 22.562436], [98.7525091, 22.5619654], [98.7525105, 22.5617192], [98.752607, 22.5613873], [98.7526915, 22.5612967], [98.7531314, 22.5611579], [98.7533031, 22.561044], [98.7539803, 22.5601686], [98.7543451, 22.559911], [98.7547085, 22.5595776], [98.7551283, 22.5592522], [98.7553107, 22.5591036], [98.7552986, 22.5589931], [98.7551538, 22.5588692], [98.7550639, 22.5586626], [98.7550747, 22.5584794], [98.7554059, 22.5583491], [98.7559705, 22.5581375], [98.7563782, 22.5577016], [98.7568897, 22.5573005], [98.7569752, 22.5568268], [98.7579156, 22.5565637], [98.7591979, 22.5569321], [98.7599672, 22.55559], [98.7616199, 22.5551163], [98.7619904, 22.5546953], [98.7627882, 22.5539321], [98.7652673, 22.5526953], [98.7657517, 22.5520637], [98.7657517, 22.5512215], [98.7667776, 22.5500373], [98.7684018, 22.5509584], [98.7691427, 22.5508794], [98.7693991, 22.5498794], [98.7699405, 22.5493268], [98.7714793, 22.5472214], [98.7734739, 22.5458529], [98.7753831, 22.5464319], [98.7767224, 22.5466951], [98.7780047, 22.5455371], [98.7783466, 22.5443791], [98.7776627, 22.5437475], [98.7775772, 22.5430106], [98.778717, 22.5417737], [98.7788025, 22.5411157], [98.778888, 22.5405893], [98.7825069, 22.5400103], [98.7829058, 22.539484], [98.7833048, 22.5389839], [98.7849575, 22.5382207], [98.7857839, 22.5371679], [98.788092, 22.5366152], [98.788517, 22.5371296], [98.7889685, 22.5382714], [98.7895024, 22.5387697], [98.7903465, 22.5385706], [98.7909508, 22.5386211], [98.7914571, 22.5389976], [98.7928288, 22.538504], [98.7935828, 22.5381396], [98.7934704, 22.5372075], [98.7930296, 22.5364756], [98.793161, 22.536157], [98.7947917, 22.535787], [98.7964122, 22.5356471], [98.7982507, 22.5367299], [98.7989759, 22.5367482], [98.7995436, 22.5364907], [98.8004381, 22.5362842], [98.8015702, 22.5355887], [98.8025025, 22.5344628], [98.8032353, 22.533478], [98.8037673, 22.5334814], [98.8046086, 22.533478], [98.8053315, 22.5329305], [98.8055789, 22.5320046], [98.8060248, 22.5310403], [98.8064485, 22.5302241], [98.8069558, 22.5301669], [98.807459, 22.5304124], [98.8079131, 22.5303069], [98.8082096, 22.52993], [98.8087225, 22.5297457], [98.8092924, 22.529114], [98.8102897, 22.5286929], [98.8118, 22.5276664], [98.8124905, 22.5264057], [98.8130035, 22.5261491], [98.8135022, 22.5263136], [98.8139083, 22.5264189], [98.8144926, 22.526386], [98.8151338, 22.526103], [98.815433, 22.5257476], [98.8160274, 22.525457], [98.8160386, 22.5254515], [98.8162255, 22.525256], [98.8136339, 22.5223819], [98.8100979, 22.519805], [98.8084987, 22.5177204], [98.8067001, 22.5146822], [98.8040565, 22.5139451], [98.8024574, 22.5128453], [98.8021356, 22.5112496], [98.8005894, 22.5105491], [98.8018452, 22.508215], [98.8022974, 22.5073956], [98.8039144, 22.5060331], [98.8067218, 22.5030455], [98.8085165, 22.4994996], [98.8100979, 22.4974476], [98.8110396, 22.4952313], [98.8112173, 22.4932613], [98.8115549, 22.4923091], [98.8124611, 22.4909629], [98.813083, 22.4897973], [98.8128165, 22.4882869], [98.8121768, 22.4867765], [98.8108797, 22.4856765], [98.8105954, 22.4848556], [98.8092805, 22.4822943], [98.8079782, 22.4810992], [98.8041098, 22.4775494], [98.8030793, 22.4761374], [98.804945, 22.4727058], [98.807628, 22.4704399], [98.8090732, 22.4675507], [98.8088116, 22.4660874], [98.809732, 22.4646389], [98.8108565, 22.4640958], [98.812303, 22.4634429], [98.8136544, 22.4611204], [98.8161215, 22.4596517], [98.8175252, 22.4581738], [98.8165835, 22.4560555], [98.8168855, 22.4530175], [98.8162487, 22.4489072], [98.8171913, 22.4477486], [98.818265, 22.4478898], [98.8186346, 22.4482715], [98.8190863, 22.4482191], [98.819767, 22.4477656], [98.8200116, 22.4471036], [98.8202197, 22.4467869], [98.8203433, 22.4465989], [98.8217264, 22.4444943], [98.822433, 22.4430997], [98.8226206, 22.4425012], [98.8217225, 22.4419353], [98.8217021, 22.4407279], [98.8219878, 22.4398884], [98.82259, 22.4394733], [98.82309, 22.4386338], [98.8228553, 22.4370114], [98.8230798, 22.4360492], [98.8233452, 22.4352003], [98.8243659, 22.4345576], [98.8250929, 22.4329093], [98.8250794, 22.4318061], [98.8248129, 22.4312888], [98.8241021, 22.431026], [98.8251949, 22.4286527], [98.8256124, 22.4277247], [98.8255147, 22.4270677], [98.8245019, 22.4270266], [98.8231426, 22.4258194], [98.8213657, 22.4254662], [98.8200686, 22.4249324], [98.8193579, 22.4241605], [98.8188426, 22.4231421], [98.817732, 22.4231092], [98.8161595, 22.4231996], [98.8154221, 22.4233392], [98.8145514, 22.4230682], [98.8135386, 22.4234377], [98.8115929, 22.4232242], [98.8095051, 22.4229614], [98.8081813, 22.4226247], [98.8077371, 22.4224604], [98.8071508, 22.4212778], [98.8069819, 22.4206783], [98.8065466, 22.4201527], [98.8055693, 22.4198242], [98.803979, 22.4194956], [98.8031794, 22.4195449], [98.8017313, 22.419586], [98.7990127, 22.4180091], [98.7974846, 22.4167032], [98.7971647, 22.4154549], [98.7958054, 22.4110444], [98.7952901, 22.4103791], [98.794535, 22.4097056], [98.7937709, 22.4083586], [98.7940463, 22.406453], [98.7942151, 22.4050403], [98.7930335, 22.4033072], [98.7900128, 22.4001038], [98.787543, 22.3985431], [98.7850198, 22.3968263], [98.7789962, 22.3941649], [98.7775214, 22.3936146], [98.7756912, 22.3945017], [98.7730437, 22.3952821], [98.7696243, 22.3962516], [98.7663842, 22.3964302], [98.7544108, 22.3939503], [98.752769, 22.3935311], [98.7522755, 22.3939336], [98.7524582, 22.3944066], [98.7520076, 22.3953192], [98.7512566, 22.3957953], [98.7507201, 22.3956366], [98.7506987, 22.3949224], [98.7506772, 22.3935138], [98.7496043, 22.3943669], [98.749228, 22.3950747], [98.7495614, 22.3956961], [98.7492825, 22.3958945], [98.7486817, 22.3955176], [98.7483383, 22.3963508], [98.747995, 22.3966087], [98.7473298, 22.3966881], [98.7469221, 22.3959937], [98.746214, 22.3955572], [98.7448836, 22.3956366], [98.7441326, 22.3960731], [98.7433816, 22.3962715], [98.7428881, 22.3980768], [98.7421585, 22.3991481], [98.7410856, 22.4009137], [98.7396265, 22.4018263], [98.7376953, 22.4023223], [98.7370301, 22.402719], [98.7355066, 22.4021834], [98.7349487, 22.4022032], [98.7347985, 22.4027785], [98.7342192, 22.4030761], [98.733554, 22.4033142], [98.7324167, 22.4030563], [98.7320734, 22.4034729], [98.7318159, 22.4038101], [98.7310864, 22.4039688], [98.7300425, 22.4039884], [98.7299418, 22.4038706], [98.7295788, 22.4038442], [98.7292513, 22.4037982], [98.7288313, 22.4038047], [98.7285251, 22.4035875], [98.7282368, 22.4034888], [98.7276127, 22.4035446], [98.7269182, 22.4035586], [98.72643, 22.4036098], [98.7255845, 22.4035074], [98.7250963, 22.4033585], [98.724588, 22.4030096], [98.7235613, 22.4025349], [98.7231184, 22.4024419], [98.7223937, 22.4027816], [98.7221873, 22.4028002], [98.7219558, 22.4027118], [98.7216488, 22.402614], [98.7213619, 22.4024233], [98.7210398, 22.4019301], [98.7207832, 22.4015485], [98.7203, 22.4012321], [98.7200031, 22.4011623], [98.7194746, 22.4011716], [98.7190317, 22.4010646], [98.7185637, 22.4010134], [98.7183372, 22.4009436], [98.7180604, 22.4007761], [98.7177987, 22.4004783], [98.7173759, 22.4002317], [98.7172098, 22.3999199], [98.71723, 22.3997059], [98.7174242, 22.399461], [98.7174946, 22.3991212], [98.717696, 22.3985348], [98.7177363, 22.3982184], [98.7176456, 22.3979065], [98.7172631, 22.3975389], [98.7169309, 22.3974086], [98.7165382, 22.3971759], [98.7160751, 22.3967012], [98.7157832, 22.3962171], [98.7156473, 22.3959239], [98.7155265, 22.3955283], [98.7154912, 22.3952491], [98.715461, 22.3949559], [98.7152899, 22.3948488], [98.7148519, 22.3945836], [98.7147261, 22.3942438], [98.7145197, 22.3941275], [98.7143435, 22.3942159], [98.713966, 22.3944905], [98.7137798, 22.3946999], [98.7134425, 22.3947185], [98.713065, 22.3949652], [98.7126874, 22.3957052], [98.7126421, 22.3961101], [98.7124156, 22.3961892], [98.7119374, 22.3961473], [98.7110162, 22.3959193], [98.7106437, 22.3957238], [98.710382, 22.3954678], [98.7103166, 22.3949931], [98.7101051, 22.3945696], [98.7097679, 22.3942717], [98.7094659, 22.3941554], [98.7087561, 22.39416], [98.7081621, 22.3941182], [98.7077141, 22.3942578], [98.7073014, 22.3946022], [98.7068383, 22.394928], [98.7064758, 22.3953515], [98.7063248, 22.395547], [98.7061889, 22.395547], [98.7059775, 22.3953841], [98.7058265, 22.39517], [98.7057963, 22.3949699], [98.7057912, 22.3947604], [98.7056402, 22.3943322], [98.7055396, 22.3942392], [98.705464, 22.3942624], [98.7053332, 22.3945277], [98.7047342, 22.39517], [98.7046637, 22.3954166], [98.704714, 22.3956121], [98.7052677, 22.3963149], [98.7052023, 22.3964638], [98.7049758, 22.3965941], [98.7041402, 22.3964173], [98.7038885, 22.3964685], [98.7034053, 22.3967477], [98.7029019, 22.3967803], [98.7024136, 22.3966127], [98.7020663, 22.3963195], [98.7012005, 22.3960031], [98.7005813, 22.3958122], [98.6998917, 22.395426], [98.6996803, 22.3954911], [98.6995444, 22.3956819], [98.6993883, 22.3962358], [98.6992071, 22.396743], [98.6988296, 22.3969246], [98.6985829, 22.3967896], [98.6977927, 22.396017], [98.6962825, 22.3953329], [98.6958194, 22.3950629], [98.6955325, 22.3951234], [98.6949989, 22.3956819], [98.6945006, 22.3957192], [98.6942137, 22.3956121], [98.6934788, 22.3955423], [98.692618, 22.3952956], [98.6923864, 22.3950816], [98.6919435, 22.3942904], [98.6910173, 22.3940995], [98.6907756, 22.3942299], [98.6903629, 22.3949931], [98.6898847, 22.395049], [98.6893561, 22.3938436], [98.6891548, 22.3936388], [98.688883, 22.3936434], [98.6882739, 22.394188], [98.6879467, 22.3943648], [98.6877353, 22.394309], [98.687544, 22.3941088], [98.687544, 22.3938017], [98.6876447, 22.3932478], [98.6875289, 22.3928941], [98.6871866, 22.3928336], [98.6868846, 22.3929174], [98.6867285, 22.3931408], [98.6864869, 22.3937644], [98.6863661, 22.3938761], [98.6861597, 22.3937924], [98.6857872, 22.3933409], [98.6854097, 22.3929593], [98.6850422, 22.3923682], [98.6849365, 22.3919121], [98.6846395, 22.3918004], [98.6840053, 22.3919819], [98.6830892, 22.3921913], [98.6823693, 22.3926288], [98.6819868, 22.3929267], [98.6816747, 22.3929779], [98.6813374, 22.3927126], [98.6808542, 22.3925218], [98.68023, 22.3921076], [98.6800538, 22.3917445], [98.6799481, 22.3911255], [98.6800186, 22.3907392], [98.6801746, 22.3904321], [98.6804616, 22.3903343], [98.6811411, 22.3902785], [98.6813827, 22.3900132], [98.6815086, 22.389585], [98.6813374, 22.3890963], [98.6809549, 22.3888263], [98.6807837, 22.3883795], [98.6806126, 22.387956], [98.6804867, 22.3879234], [98.6802803, 22.3879932], [98.6799834, 22.3882818], [98.6795907, 22.3883795], [98.6792031, 22.3882259], [98.6790622, 22.3880258], [98.6789414, 22.3875976], [98.6783826, 22.3871554], [98.6777836, 22.3871601], [98.6771846, 22.3870065], [98.6769128, 22.3866016], [98.6767618, 22.3859453], [98.6765151, 22.3860198], [98.6758708, 22.385815], [98.6755383, 22.3856816], [98.6750752, 22.3853884], [98.6746927, 22.3853511], [98.674431, 22.3854675], [98.6739478, 22.3859887], [98.6735703, 22.3860492], [98.6733086, 22.3860073], [98.6720905, 22.3851882], [98.6712097, 22.3847647], [98.6706409, 22.3846251], [98.6702786, 22.3846437], [98.6701628, 22.3847322], [98.6698658, 22.3851882], [98.6689145, 22.3857281], [98.6686428, 22.3857746], [98.6680186, 22.3856583], [98.6676562, 22.3855326], [98.6674448, 22.3856397], [98.667017, 22.3861702], [98.6667402, 22.386361], [98.6663124, 22.3864448], [98.6658292, 22.3864541], [98.6655976, 22.3865705], [98.6649987, 22.3870824], [98.6646011, 22.3871429], [98.6639216, 22.3870312], [98.6624317, 22.3869102], [98.6612942, 22.3870359], [98.6606198, 22.3875431], [98.6601416, 22.3880923], [98.6599906, 22.3884041], [98.6594873, 22.3884553], [98.6590645, 22.3882738], [98.6587977, 22.3879759], [98.6584202, 22.3871289], [98.6580931, 22.3868357], [98.6570965, 22.3869567], [98.657026, 22.3870824], [98.6572827, 22.3873942], [98.6576954, 22.3875757], [98.6582491, 22.3878224], [98.6585763, 22.3883622], [98.6587826, 22.3887485], [98.6586216, 22.3889858], [98.6582894, 22.3890929], [98.6575545, 22.3889532], [98.6572777, 22.3890556], [98.657318, 22.3892651], [98.6575797, 22.3898794], [98.6574941, 22.3902098], [98.6572576, 22.390368], [98.6569254, 22.390247], [98.6567895, 22.3903959], [98.6565831, 22.3909451], [98.6563616, 22.3912476], [98.656115, 22.3914849], [98.6560982, 22.3922501], [98.6560949, 22.3924017], [98.6557073, 22.3928717], [98.6554406, 22.3930206], [98.6550681, 22.3929834], [98.6543383, 22.3927507], [98.6532511, 22.3926204], [98.6525917, 22.3924436], [98.6523904, 22.3926204], [98.6521136, 22.3931184], [98.6520935, 22.3935093], [98.6521136, 22.393849], [98.6523501, 22.393956], [98.652788, 22.3939421], [98.6533618, 22.3939793], [98.6534323, 22.3941329], [98.6531706, 22.3945331], [98.6526874, 22.3948821], [98.6522495, 22.3953475], [98.652023, 22.3955476], [98.6518921, 22.3960967], [98.6517311, 22.3967854], [98.6515599, 22.3969669], [98.6510113, 22.3970135], [98.65006, 22.3964969], [98.649597, 22.3959385], [98.6494963, 22.3955662], [98.6497077, 22.3949938], [98.6496876, 22.3947425], [98.6496322, 22.3943655], [98.6496423, 22.3941515], [98.6497782, 22.3940444], [98.6502563, 22.394319], [98.650513, 22.3947239], [98.6506791, 22.3947471], [98.6509056, 22.3946168], [98.651117, 22.394212], [98.6510465, 22.393742], [98.6506992, 22.3933045], [98.650367, 22.3930718], [98.6501003, 22.3929974], [98.6497379, 22.3932068], [98.6496825, 22.3935884], [98.6493805, 22.3936908], [98.6486759, 22.3933371], [98.648082, 22.3930858], [98.6476894, 22.3932161], [98.6474125, 22.3938118], [98.6472263, 22.3938955], [98.647035, 22.3937513], [98.64703, 22.393486], [98.6473572, 22.3928671], [98.6473068, 22.3925041], [98.6471005, 22.3923645], [98.6466978, 22.3924017], [98.6461039, 22.3928112], [98.6458573, 22.39276], [98.6456912, 22.3919782], [98.6449462, 22.3913267], [98.6448405, 22.3909683], [98.6447852, 22.3901632], [98.644604, 22.3897025], [98.6441107, 22.3894605], [98.643844, 22.3895536], [98.6436326, 22.3898142], [98.6430839, 22.3906193], [98.6428071, 22.3910428], [98.6426561, 22.3916757], [98.6422887, 22.3918526], [98.6413877, 22.3919689], [98.6410002, 22.3919363], [98.6407284, 22.3917734], [98.6408492, 22.3915175], [98.6413525, 22.391215], [98.6414481, 22.3908939], [98.6412116, 22.390717], [98.6403509, 22.3908613], [98.6397972, 22.3910335], [98.6393493, 22.3913453], [98.6387122, 22.3920101], [98.6381142, 22.3923194], [98.6376444, 22.392405], [98.6374237, 22.3925563], [98.6373383, 22.3927999], [98.6374095, 22.3930302], [98.6377266, 22.3934557], [98.6376209, 22.393693], [98.6372736, 22.3937815], [98.636735, 22.3936698], [98.6363222, 22.3934231], [98.6361259, 22.3929996], [98.6361008, 22.3926971], [98.6364783, 22.3920734], [98.6364783, 22.3918547], [98.6362971, 22.3916499], [98.6354112, 22.391259], [98.6351192, 22.3912729], [98.6349783, 22.3914544], [98.6349078, 22.3918547], [98.6350034, 22.3922363], [98.6351393, 22.3925109], [98.6350739, 22.3926505], [98.6347216, 22.3929484], [98.6341075, 22.3930601], [98.6338004, 22.3929065], [98.6336192, 22.39259], [98.6336444, 22.392241], [98.6338155, 22.3919245], [98.6343273, 22.3915225], [98.6343843, 22.3914777], [98.6347417, 22.3909006], [98.6347417, 22.390505], [98.6346108, 22.3902397], [98.634339, 22.3901048], [98.6337299, 22.3901467], [98.6332719, 22.3903561], [98.6325169, 22.3911752], [98.6322501, 22.3912916], [98.6320487, 22.3912683], [98.6318776, 22.3910868], [98.6319783, 22.3907377], [98.6317618, 22.3900582], [98.6319179, 22.3894858], [98.6321041, 22.389281], [98.6325538, 22.3892837], [98.6329766, 22.3891302], [98.6335404, 22.3885856], [98.6335202, 22.3882366], [98.6332232, 22.3878689], [98.6325588, 22.387478], [98.6311243, 22.3874454], [98.6304196, 22.3873244], [98.6299767, 22.387222], [98.6291965, 22.3871615], [98.6285824, 22.3869055], [98.6282854, 22.3866449], [98.6281243, 22.3863424], [98.6279884, 22.3857373], [98.6279935, 22.3851183], [98.6278274, 22.3849787], [98.6275807, 22.3850159], [98.6272888, 22.3849601], [98.6269515, 22.3849042], [98.6259851, 22.3844435], [98.6251445, 22.3838198], [98.6247721, 22.3833311], [98.6245204, 22.3833172], [98.6239315, 22.3840339], [98.6234382, 22.3847134], [98.6230154, 22.3852626], [98.6227385, 22.3853603], [98.6224869, 22.3852719], [98.6224214, 22.3849973], [98.6225171, 22.3843876], [98.6224114, 22.3841642], [98.6220288, 22.3842806], [98.6211933, 22.3846901], [98.6207604, 22.3852114], [98.6204936, 22.3854069], [98.6198594, 22.3860678], [98.6194315, 22.3862493], [98.6190742, 22.3863749], [98.6188426, 22.3866449], [98.6184249, 22.387101], [98.6178762, 22.387115], [98.617096, 22.3868264], [98.6165323, 22.386468], [98.6160893, 22.3859887], [98.6159887, 22.3850997], [98.6154205, 22.3848055], [98.615212, 22.3847916], [98.6146858, 22.3847916], [98.6141585, 22.3876354], [98.6123136, 22.3943877], [98.6123543, 22.3956505], [98.6131874, 22.3968951], [98.6171665, 22.4027599], [98.6174083, 22.4081154], [98.6165563, 22.4107128], [98.6166545, 22.4120407], [98.6168658, 22.4152116], [98.616908, 22.4185333], [98.6176692, 22.4212965], [98.619073, 22.4278691], [98.6197447, 22.4311037], [98.6210036, 22.4322644], [98.6264846, 22.4338949], [98.6317191, 22.4361841], [98.6346908, 22.4386395], [98.6364116, 22.4398289], [98.6413125, 22.4412864], [98.6417433, 22.4445006], [98.6411659, 22.4477147], [98.6389075, 22.4523859], [98.6373988, 22.4552906], [98.6392742, 22.4586733], [98.6378817, 22.4643258], [98.637745, 22.4675614], [98.6354485, 22.4706988], [98.6346632, 22.4723296], [98.6365415, 22.478006], [98.6369134, 22.480923], [98.6363095, 22.4844711], [98.63377, 22.4910832], [98.63525, 22.4997251], [98.6335692, 22.502557], [98.6315128, 22.5051517], [98.6286866, 22.5072231], [98.6257489, 22.5092943], [98.6230284, 22.5121978], [98.6218292, 22.5147821], [98.6191021, 22.5195082], [98.616117, 22.5239027], [98.6148168, 22.5277169], [98.6141378, 22.5332532], [98.6146209, 22.5365725], [98.6145224, 22.5387554], [98.6149751, 22.5457381], [98.6138861, 22.5482377], [98.6107994, 22.552553], [98.6088336, 22.5566675], [98.6075851, 22.5589548], [98.5984523, 22.5689096], [98.595738, 22.5736834], [98.5946029, 22.5774531], [98.591902, 22.5834355], [98.586324, 22.5930551], [98.5845099, 22.597997], [98.5816702, 22.6002479], [98.5810315, 22.6077534], [98.5801262, 22.6116171], [98.5774479, 22.6183498], [98.5774228, 22.622986], [98.5778591, 22.6246106], [98.5767161, 22.6275552], [98.5751338, 22.6303637], [98.5733076, 22.6307256], [98.5702619, 22.6295179], [98.5659141, 22.6285552], [98.5621193, 22.6286131], [98.5601549, 22.629734], [98.5557586, 22.6369033], [98.5550459, 22.6400346], [98.5554319, 22.6425376], [98.5573665, 22.6456326], [98.5577361, 22.6490768], [98.55635, 22.6522352], [98.5557845, 22.6545496], [98.5554266, 22.656824], [98.5555499, 22.6579984], [98.5558206, 22.6594841], [98.5568764, 22.6635968], [98.5572762, 22.6657115], [98.5564962, 22.667821], [98.5562216, 22.67169], [98.555458, 22.6730528], [98.554372, 22.6751918], [98.5532427, 22.6774803], [98.5514352, 22.6804941], [98.5481624, 22.6846484], [98.5435384, 22.6892142], [98.5412237, 22.6929564], [98.5396434, 22.6976378], [98.5391864, 22.7019099], [98.5392114, 22.7021168], [98.5396328, 22.7056119], [98.5408689, 22.7080667], [98.5426693, 22.7100544], [98.5445839, 22.7110006], [98.5469487, 22.7123662], [98.5491351, 22.7139373], [98.5501462, 22.7152534], [98.5508243, 22.7161342], [98.5512716, 22.7175953], [98.5510456, 22.7198851], [98.5503669, 22.7214454], [98.5474331, 22.7253934], [98.5459645, 22.7285138], [98.5439316, 22.7320495], [98.541047, 22.7356043], [98.5392166, 22.7378598], [98.5375876, 22.7399175], [98.5361731, 22.7417042], [98.5361054, 22.7417938], [98.5345247, 22.7428367], [98.5302272, 22.7493961], [98.522079, 22.7592746], [98.518846, 22.7652007], [98.5182023, 22.7690787], [98.5186917, 22.7726932], [98.5199682, 22.7747582], [98.5211734, 22.7757835], [98.5224587, 22.7769121]]], [[[99.217550169, 22.2344396], [99.217954029, 22.2344396], [99.217802357, 22.234351253], [99.217550169, 22.2344396]]], [[[99.2188178, 22.235273], [99.219384796, 22.235273], [99.218026998, 22.234482103], [99.2188178, 22.235273]]], [[[99.2161822, 22.235273], [99.216727245, 22.234727889], [99.215171223, 22.235273], [99.2161822, 22.235273]]], [[[99.2221511, 22.2369396], [99.222245986, 22.2369396], [99.222018722, 22.236807222], [99.2221511, 22.2369396]]], [[[99.2272385, 22.242027], [99.228169113, 22.242957613], [99.2272385, 22.241947031], [99.2272385, 22.242027]]], [[[99.233515119, 22.29747023], [99.233412868, 22.297182787], [99.233309365, 22.293568821], [99.2330719, 22.2938063], [99.2330719, 22.297027], [99.233515119, 22.29747023]]], [[[99.2654846, 22.3427731], [99.2679846, 22.3452731], [99.2696512, 22.3452731], [99.2704846, 22.3461064], [99.2729846, 22.3461064], [99.2738179, 22.3469397], [99.276098195, 22.3469397], [99.276038969, 22.346798375], [99.269561861, 22.344675523], [99.263707916, 22.341829816], [99.2646512, 22.3427731], [99.2654846, 22.3427731]]]]}}, {"type": "Feature", "properties": {"core_id": 6487, "public_id": "0c7cc7db-a99a-4c85-b4f6-4ac722f537b0", "canonical_name": "\u1000\u101c\u1031\u102c\u1004\u103a\u1016\u102c\u1019\u103c\u102d\u102f\u1037\u1014\u101a\u103a", "aliases": "en:Klawngpa Township | my:\u1000\u101c\u1031\u102c\u1004\u103a\u1016\u102c\u1019\u103c\u102d\u102f\u1037\u1014\u101a\u103a", "parent_name": "\u1019\u1000\u103a\u1019\u1014\u103a\u1038\u1001\u101b\u102d\u102f\u1004\u103a", "gparent_name": "\u101b\u103e\u1019\u103a\u1038\u1015\u103c\u100a\u103a\u1014\u101a\u103a", "overlap_of_source": 0.157, "overlap_of_core": 0.9986, "centroid_dist_m": 28013.7, "child_admins": 0, "settlements": 1, "postal": 0}, "geometry": {"type": "MultiPolygon", "coordinates": [[[[98.6126131, 22.8199509], [98.6130008, 22.8194694], [98.6136943, 22.8191168], [98.6138231, 22.8188893], [98.6141557, 22.8184493], [98.6144733, 22.8182727], [98.6149711, 22.8182663], [98.6153037, 22.8183454], [98.6156427, 22.8184409], [98.6160933, 22.8183618], [98.6165214, 22.8180784], [98.6169409, 22.8175706], [98.6170632, 22.8172428], [98.6173904, 22.8170252], [98.6177767, 22.816773], [98.618003, 22.8165322], [98.6185502, 22.8153554], [98.6187208, 22.8145282], [98.6193216, 22.8139645], [98.6198581, 22.8137271], [98.6201274, 22.8136445], [98.620417, 22.8126061], [98.6208033, 22.8117457], [98.6209953, 22.8111657], [98.6210178, 22.8106974], [98.6206638, 22.8099656], [98.6206734, 22.8096328], [98.6207496, 22.8086601], [98.6206638, 22.807948], [98.6207067, 22.8072656], [98.6205662, 22.8060724], [98.6205029, 22.8055744], [98.6202443, 22.8047669], [98.620373, 22.803679], [98.6201263, 22.803224], [98.6199332, 22.8025713], [98.6198151, 22.8017998], [98.6200083, 22.8009492], [98.6201907, 22.8003064], [98.6205769, 22.7993964], [98.6209524, 22.79907], [98.6212646, 22.798216], [98.621683, 22.7973258], [98.6222506, 22.7963798], [98.6223471, 22.795994], [98.6219834, 22.795318], [98.6215543, 22.7944773], [98.6213504, 22.7934091], [98.6204278, 22.7924101], [98.6199546, 22.7917211], [98.6198473, 22.7905837], [98.6198484, 22.7892449], [98.6196757, 22.7887439], [98.6192358, 22.7880614], [98.6189568, 22.7871118], [98.6186039, 22.7858126], [98.6188174, 22.7852027], [98.6196113, 22.7844905], [98.6199653, 22.7843521], [98.6203945, 22.7837091], [98.6204921, 22.7833792], [98.6201917, 22.7830231], [98.6194943, 22.7825285], [98.6190223, 22.7814899], [98.6185277, 22.7796732], [98.6184107, 22.779096], [98.6185921, 22.7781894], [98.6186564, 22.777675], [98.6191403, 22.7772264], [98.6189783, 22.7759538], [98.6190319, 22.7751624], [98.6193538, 22.7744007], [98.6191188, 22.7732794], [98.6192572, 22.7727289], [98.6201155, 22.7713043], [98.6207593, 22.7705723], [98.6210811, 22.7700678], [98.6209857, 22.7693322], [98.6209535, 22.7688376], [98.6213504, 22.7679472], [98.6216069, 22.7675649], [98.6217463, 22.766912], [98.6218965, 22.7660908], [98.6223579, 22.765339], [98.6227763, 22.7650719], [98.6235166, 22.7645277], [98.623699, 22.7641221], [98.6240326, 22.7636834], [98.6241496, 22.7622919], [98.624376, 22.7619026], [98.6245144, 22.7608771], [98.6246335, 22.7601811], [98.624848, 22.7596865], [98.6247408, 22.7589346], [98.6247504, 22.7584434], [98.6251163, 22.7580046], [98.6253834, 22.7573254], [98.6258662, 22.7567516], [98.6261355, 22.7558774], [98.6262203, 22.7551883], [98.6265529, 22.7542583], [98.6267674, 22.7532492], [98.6270142, 22.7526654], [98.6271108, 22.7520916], [98.6275721, 22.7518739], [98.6275624, 22.7508415], [98.6276375, 22.7502775], [98.6275302, 22.748922], [98.6272931, 22.7484802], [98.6273146, 22.7480053], [98.6271977, 22.7471113], [98.6270249, 22.746155], [98.6268758, 22.7454689], [98.6268211, 22.7443147], [98.6264681, 22.7431436], [98.626275, 22.742738], [98.6263275, 22.7419696], [98.6262213, 22.7414714], [98.6255669, 22.740294], [98.6255873, 22.7393376], [98.62576, 22.7386019], [98.6256312, 22.7381369], [98.6253405, 22.7370222], [98.6253083, 22.7367451], [98.6260057, 22.7359139], [98.6263608, 22.7353959], [98.6270474, 22.7339809], [98.6269294, 22.7331893], [98.62679, 22.7326054], [98.6266076, 22.7321008], [98.6266398, 22.7317247], [98.6264574, 22.7312399], [98.6261677, 22.730656], [98.6262846, 22.7303132], [98.6268854, 22.7297887], [98.6271966, 22.7291851], [98.6272406, 22.7282415], [98.6269713, 22.7277799], [98.6269509, 22.727341], [98.6273157, 22.7266186], [98.6271011, 22.7262228], [98.6269402, 22.7255103], [98.6270678, 22.725197], [98.6279047, 22.7245439], [98.6283231, 22.7233762], [98.6281514, 22.7227626], [98.6283564, 22.7217498], [98.6284733, 22.721397], [98.628999, 22.7210803], [98.6295902, 22.7206909], [98.6296975, 22.7201367], [98.6294078, 22.7193845], [98.6291288, 22.7187116], [98.629278, 22.7180322], [98.6297511, 22.7171381], [98.6297822, 22.7165774], [98.6295998, 22.7159737], [98.6295355, 22.7156372], [98.6295569, 22.7153601], [98.6298262, 22.7151191], [98.6302972, 22.7150236], [98.6309839, 22.715083], [98.6313486, 22.7151127], [98.6315739, 22.7149544], [98.6316394, 22.7146045], [98.6314141, 22.7138425], [98.6309088, 22.7132323], [98.630588, 22.7125064], [98.6300612, 22.7120744], [98.6299968, 22.7116884], [98.6299646, 22.7111837], [98.6302339, 22.7105666], [98.6301363, 22.7096793], [98.6312843, 22.7085313], [98.6313379, 22.7078682], [98.6311781, 22.7070234], [98.630942, 22.7064296], [98.6303305, 22.7062119], [98.6302865, 22.7058095], [98.6304581, 22.7053543], [98.6308551, 22.7049485], [98.6307693, 22.7045229], [98.629794, 22.7031734], [98.6297393, 22.7022563], [98.6301052, 22.7017679], [98.6303948, 22.701174], [98.6303519, 22.7006989], [98.6297618, 22.7001645], [98.6292136, 22.6993563], [98.6292576, 22.6985313], [98.6295033, 22.6980993], [98.6293853, 22.6977727], [98.6290108, 22.6971456], [98.628484, 22.6968324], [98.6284637, 22.6961657], [98.6288059, 22.6956149], [98.6292887, 22.6951497], [98.6296331, 22.6946117], [98.630147, 22.6939124], [98.6306835, 22.6935165], [98.6308015, 22.6925366], [98.6311459, 22.6915136], [98.6315525, 22.6910419], [98.6317671, 22.6902896], [98.6325406, 22.6894844], [98.6333335, 22.6890622], [98.6339665, 22.6887554], [98.6341167, 22.6879338], [98.6341274, 22.687617], [98.6344064, 22.6871716], [98.635093, 22.6865183], [98.6352765, 22.6860001], [98.6354685, 22.6856769], [98.6361026, 22.6852576], [98.6363161, 22.6847662], [98.6366927, 22.6843272], [98.6367678, 22.6838124], [98.6369384, 22.6835189], [98.6375177, 22.6831823], [98.6382162, 22.6827433], [98.6389125, 22.6824993], [98.6395347, 22.6822617], [98.6399371, 22.6819697], [98.6401742, 22.6815851], [98.6403083, 22.6813921], [98.6407482, 22.6809268], [98.641187, 22.6809402], [98.6415303, 22.6809303], [98.6419434, 22.6806482], [98.6421429, 22.6804665], [98.6422985, 22.6800508], [98.6423736, 22.6794915], [98.6425764, 22.6785001], [98.6427598, 22.6781105], [98.6434293, 22.6774804], [98.6443262, 22.6767048], [98.6446041, 22.676238], [98.6449099, 22.6752976], [98.6451996, 22.6744908], [98.6450923, 22.6736691], [98.6449421, 22.6730999], [98.6445666, 22.6723079], [98.6445237, 22.6718377], [98.6445355, 22.6707403], [98.6445998, 22.6701661], [98.6447178, 22.6698196], [98.6456566, 22.6690622], [98.6458873, 22.6687454], [98.6464119, 22.6677985], [98.6467939, 22.6669486], [98.646869, 22.6662308], [98.6468464, 22.6655214], [98.6470932, 22.6646997], [98.6470181, 22.6641948], [98.6471157, 22.6634785], [98.6473142, 22.6631914], [98.6473625, 22.6626914], [98.6473024, 22.6619672], [98.6474097, 22.6612049], [98.6473346, 22.6609771], [98.6474258, 22.6606306], [98.6471962, 22.6598995], [98.6471908, 22.6594638], [98.6473024, 22.6587049], [98.647502, 22.6584094], [98.6477756, 22.6582064], [98.6479622, 22.6580515], [98.6481994, 22.6572857], [98.6486392, 22.6564243], [98.648665, 22.6560961], [98.6483388, 22.6557807], [98.6478818, 22.6553387], [98.6477316, 22.6549476], [98.6477477, 22.6544575], [98.6478979, 22.653705], [98.6476994, 22.6533535], [98.6473453, 22.6528931], [98.6471587, 22.6524936], [98.6472338, 22.6515777], [98.647517, 22.6510267], [98.6478281, 22.6507792], [98.6483056, 22.6505712], [98.6484826, 22.6502841], [98.6486875, 22.6497559], [98.6488849, 22.6490514], [98.6491596, 22.6488845], [98.649652, 22.6488435], [98.6501305, 22.6488994], [98.6503719, 22.6490727], [98.6507796, 22.6493153], [98.6510146, 22.6495366], [98.6512775, 22.6495267], [98.6515628, 22.6493004], [98.651933, 22.6488845], [98.6521894, 22.6484078], [98.652566, 22.6478894], [98.652919, 22.6475513], [98.6531722, 22.6472706], [98.6532044, 22.647028], [98.6529683, 22.6466171], [98.6529726, 22.6462096], [98.6531389, 22.6459869], [98.6537504, 22.6455858], [98.6546206, 22.6449536], [98.6552911, 22.6446269], [98.6555271, 22.64431], [98.6559938, 22.6436317], [98.6564702, 22.6430213], [98.657012, 22.6426648], [98.6581225, 22.6421004], [98.6587608, 22.6417835], [98.6591803, 22.6412998], [98.6594485, 22.6408592], [98.6601073, 22.6396595], [98.6605418, 22.6389169], [98.660574, 22.6385456], [98.6606384, 22.6377979], [98.6611276, 22.636933], [98.6616533, 22.6359031], [98.6618786, 22.6354971], [98.6619966, 22.6349277], [98.6624247, 22.6345203], [98.6628056, 22.6340697], [98.663444, 22.6338419], [98.6640662, 22.6334607], [98.6645437, 22.6333518], [98.6651284, 22.6331488], [98.6654728, 22.6326353], [98.6661583, 22.6320347], [98.6668182, 22.6317079], [98.6674576, 22.6311945], [98.6679941, 22.6309419], [98.6683417, 22.6308711], [98.6687225, 22.6306483], [98.6691624, 22.6299749], [98.6692107, 22.6297224], [98.6695605, 22.6291495], [98.6701291, 22.6286891], [98.6706226, 22.6282632], [98.6710732, 22.6279513], [98.6714101, 22.6279696], [98.6717009, 22.6280751], [98.6721461, 22.6281592], [98.672601, 22.6281627], [98.6730784, 22.6279944], [98.6733681, 22.627831], [98.6738305, 22.6275601], [98.6743445, 22.6275438], [98.6747843, 22.6275438], [98.675589, 22.6271823], [98.675943, 22.6267862], [98.6763937, 22.6262069], [98.6768979, 22.6258157], [98.6771887, 22.6254211], [98.6774515, 22.625119], [98.6779611, 22.6247823], [98.6782455, 22.6241336], [98.6787218, 22.623632], [98.6792862, 22.6233018], [98.6799771, 22.6226566], [98.6805682, 22.6220391], [98.6808257, 22.6216479], [98.6807882, 22.621326], [98.6807775, 22.6208457], [98.6807989, 22.6206031], [98.6809373, 22.6204877], [98.6812817, 22.62041], [98.6815918, 22.6203194], [98.6821282, 22.6200668], [98.682301, 22.6197662], [98.6822784, 22.6195122], [98.6819995, 22.619017], [98.681742, 22.618814], [98.6817205, 22.6183584], [98.6818064, 22.6180366], [98.6820531, 22.6178781], [98.6826757, 22.6176055], [98.6833095, 22.6172903], [98.6841517, 22.6169734], [98.6849671, 22.6167654], [98.6855829, 22.6166847], [98.6858468, 22.6163396], [98.6862599, 22.6162009], [98.6870796, 22.6160162], [98.6876439, 22.615676], [98.6880666, 22.615313], [98.6883295, 22.6149763], [98.6886256, 22.6142944], [98.6887919, 22.6139874], [98.6890548, 22.6138091], [98.6892039, 22.6135749], [98.6892532, 22.6132347], [98.6895097, 22.6130252], [98.6898326, 22.6127593], [98.6902242, 22.6124077], [98.6907875, 22.6117243], [98.6910181, 22.6114024], [98.6912166, 22.6111647], [98.6911791, 22.6110063], [98.6910611, 22.6108181], [98.6908508, 22.6103907], [98.6908357, 22.6100852], [98.6911791, 22.609481], [98.6914258, 22.6090304], [98.6918539, 22.608806], [98.6919945, 22.6086243], [98.6920106, 22.6084609], [98.6918067, 22.6079607], [98.6916125, 22.6076076], [98.6916232, 22.6073699], [98.6911898, 22.6066533], [98.6911844, 22.6062373], [98.6913121, 22.6058], [98.6917745, 22.6053212], [98.6921275, 22.6052454], [98.6926747, 22.605186], [98.6930341, 22.604973], [98.6934697, 22.6046476], [98.6937969, 22.6040583], [98.6939525, 22.6035779], [98.6940759, 22.6027658], [98.6941392, 22.6023829], [98.694402, 22.6016549], [98.694505, 22.6010819], [98.6948043, 22.6004762], [98.6951166, 22.6001113], [98.6957538, 22.5995798], [98.6965328, 22.5991009], [98.6969394, 22.5987577], [98.6971979, 22.5981055], [98.6974072, 22.5977737], [98.6977816, 22.59748], [98.6979704, 22.5972338], [98.6979972, 22.5967534], [98.6980015, 22.5962814], [98.6982161, 22.5960586], [98.6986184, 22.5958308], [98.6992139, 22.5954544], [98.6994767, 22.595068], [98.6999005, 22.5947659], [98.7002557, 22.5941236], [98.7006301, 22.5936219], [98.7011354, 22.5931578], [98.7017834, 22.5927353], [98.7022502, 22.5925025], [98.7025731, 22.5919988], [98.7029958, 22.591403], [98.7036352, 22.5910182], [98.7042672, 22.5908533], [98.7045043, 22.5906467], [98.705104, 22.5901351], [98.70584, 22.5893986], [98.7067348, 22.5886889], [98.7075405, 22.5884526], [98.7086124, 22.588258], [98.7091166, 22.5880549], [98.7094921, 22.5880351], [98.7102378, 22.5882877], [98.7106347, 22.5881886], [98.7109083, 22.5880004], [98.7114019, 22.5876834], [98.7119973, 22.5873763], [98.7123739, 22.5869667], [98.7133223, 22.5865195], [98.7141535, 22.5864353], [98.7146699, 22.5865012], [98.7151996, 22.5866681], [98.715736, 22.586673], [98.7164991, 22.5863823], [98.7170879, 22.586148], [98.7175975, 22.58594], [98.7181178, 22.5857963], [98.7190137, 22.5858013], [98.7194428, 22.585732], [98.7202851, 22.5853803], [98.7208859, 22.5852268], [98.7214384, 22.585306], [98.7217764, 22.5853605], [98.7220446, 22.5852515], [98.7221197, 22.5850683], [98.7221036, 22.5847166], [98.7221787, 22.5844145], [98.7223732, 22.5841287], [98.7223128, 22.5837805], [98.7223986, 22.5834536], [98.722754, 22.5831529], [98.7235855, 22.5829201], [98.7239865, 22.5825868], [98.7240294, 22.5821806], [98.7238202, 22.5818091], [98.7236003, 22.5812296], [98.723611, 22.5808185], [98.7237612, 22.5806848], [98.7240683, 22.5807061], [98.72448, 22.58066], [98.7247429, 22.5803727], [98.7248287, 22.5800706], [98.7248555, 22.5795009], [98.7251399, 22.5792632], [98.726084, 22.5788768], [98.7265453, 22.5785995], [98.7273554, 22.578332], [98.7278717, 22.5780264], [98.7282137, 22.5779902], [98.7284551, 22.5777673], [98.7288909, 22.5775409], [98.7291484, 22.5776598], [98.72954, 22.5777143], [98.7298981, 22.5775989], [98.7303165, 22.5770738], [98.7305257, 22.5768064], [98.7309616, 22.5766246], [98.7315517, 22.5763621], [98.7321833, 22.5763358], [98.7326514, 22.5764562], [98.7331007, 22.576311], [98.7334708, 22.5761129], [98.7336974, 22.5757528], [98.7338101, 22.5753615], [98.7338101, 22.5751435], [98.7342594, 22.5750182], [98.7350694, 22.5747606], [98.7356273, 22.574404], [98.735972, 22.574133], [98.7363904, 22.573603], [98.7365352, 22.5732018], [98.7365942, 22.572969], [98.7367015, 22.5728699], [98.7371615, 22.5730269], [98.7378441, 22.573281], [98.7383202, 22.5732399], [98.7391249, 22.5730418], [98.7394696, 22.57286], [98.7397794, 22.5723434], [98.7397901, 22.571952], [98.7399309, 22.5716514], [98.7401119, 22.5715508], [98.7403976, 22.571582], [98.7409112, 22.5714814], [98.7411325, 22.5713393], [98.7413619, 22.5709167], [98.7418554, 22.5706294], [98.7419211, 22.5703535], [98.7426064, 22.5702976], [98.7430999, 22.5701935], [98.7434446, 22.5700613], [98.7437182, 22.5691795], [98.7439328, 22.568699], [98.7442747, 22.568539], [98.7448863, 22.5684944], [98.7452296, 22.5684796], [98.7454133, 22.5687387], [98.745868, 22.5689155], [98.7462059, 22.5689056], [98.7464809, 22.5687684], [98.7465613, 22.5685207], [98.7466244, 22.5682517], [98.7468121, 22.5679396], [98.7469261, 22.5676142], [98.7469261, 22.5672922], [98.7469409, 22.567048], [98.7468336, 22.5668944], [98.7468657, 22.5666467], [98.7473392, 22.5664005], [98.7489257, 22.5664932], [98.7491671, 22.5664238], [98.7495319, 22.5661216], [98.7496405, 22.565816], [98.7497411, 22.5652151], [98.7498376, 22.5649674], [98.7503043, 22.5647643], [98.7509481, 22.5645364], [98.7512324, 22.5643036], [98.7512753, 22.5640559], [98.7518547, 22.5637587], [98.7520049, 22.5634169], [98.7521457, 22.5631856], [98.7524555, 22.5629364], [98.7527089, 22.5625861], [98.7526915, 22.562436], [98.7525091, 22.5619654], [98.7525105, 22.5617192], [98.752607, 22.5613873], [98.7526915, 22.5612967], [98.7531314, 22.5611579], [98.7533031, 22.561044], [98.7539803, 22.5601686], [98.7543451, 22.559911], [98.7547085, 22.5595776], [98.7551283, 22.5592522], [98.7553107, 22.5591036], [98.7552986, 22.5589931], [98.7551538, 22.5588692], [98.7550639, 22.5586626], [98.7550747, 22.5584794], [98.7554059, 22.5583491], [98.7559705, 22.5581375], [98.7563782, 22.5577016], [98.7568897, 22.5573005], [98.7569752, 22.5568268], [98.7579156, 22.5565637], [98.7591979, 22.5569321], [98.7599672, 22.55559], [98.7616199, 22.5551163], [98.7619904, 22.5546953], [98.7627882, 22.5539321], [98.7652673, 22.5526953], [98.7657517, 22.5520637], [98.7657517, 22.5512215], [98.7667776, 22.5500373], [98.7684018, 22.5509584], [98.7691427, 22.5508794], [98.7693991, 22.5498794], [98.7699405, 22.5493268], [98.7714793, 22.5472214], [98.7734739, 22.5458529], [98.7753831, 22.5464319], [98.7767224, 22.5466951], [98.7780047, 22.5455371], [98.7783466, 22.5443791], [98.7776627, 22.5437475], [98.7775772, 22.5430106], [98.778717, 22.5417737], [98.7788025, 22.5411157], [98.778888, 22.5405893], [98.7825069, 22.5400103], [98.7829058, 22.539484], [98.7833048, 22.5389839], [98.7849575, 22.5382207], [98.7857839, 22.5371679], [98.788092, 22.5366152], [98.788517, 22.5371296], [98.7889685, 22.5382714], [98.7895024, 22.5387697], [98.7903465, 22.5385706], [98.7909508, 22.5386211], [98.7914571, 22.5389976], [98.7928288, 22.538504], [98.7935828, 22.5381396], [98.7934704, 22.5372075], [98.7930296, 22.5364756], [98.793161, 22.536157], [98.7947917, 22.535787], [98.7964122, 22.5356471], [98.7982507, 22.5367299], [98.7989759, 22.5367482], [98.7995436, 22.5364907], [98.8004381, 22.5362842], [98.8015702, 22.5355887], [98.8025025, 22.5344628], [98.8032353, 22.533478], [98.8037673, 22.5334814], [98.8046086, 22.533478], [98.8053315, 22.5329305], [98.8055789, 22.5320046], [98.8060248, 22.5310403], [98.8064485, 22.5302241], [98.8069558, 22.5301669], [98.807459, 22.5304124], [98.8079131, 22.5303069], [98.8082096, 22.52993], [98.8087225, 22.5297457], [98.8092924, 22.529114], [98.8102897, 22.5286929], [98.8118, 22.5276664], [98.8124905, 22.5264057], [98.8130035, 22.5261491], [98.8135022, 22.5263136], [98.8139083, 22.5264189], [98.8144926, 22.526386], [98.8151338, 22.526103], [98.815433, 22.5257476], [98.8160274, 22.525457], [98.8160386, 22.5254515], [98.8162255, 22.525256], [98.8163211, 22.525156], [98.81663, 22.5248328], [98.817599, 22.5243261], [98.8186178, 22.5241023], [98.8196509, 22.5236482], [98.8206127, 22.5234047], [98.821254, 22.5230756], [98.8218667, 22.5229703], [98.8223156, 22.523023], [98.8229639, 22.5227926], [98.8236194, 22.5224833], [98.8251726, 22.5223977], [98.8254861, 22.5222398], [98.8259777, 22.5216409], [98.8267614, 22.5216277], [98.8272174, 22.5219436], [98.8280543, 22.5225667], [98.8287608, 22.5229971], [98.829696, 22.5234434], [98.8307195, 22.5243473], [98.8316561, 22.5243261], [98.8322332, 22.5241879], [98.8329457, 22.5238588], [98.8334658, 22.52351], [98.8338506, 22.52351], [98.8343018, 22.5233945], [98.8349673, 22.5237465], [98.8351896, 22.5241041], [98.8351977, 22.5242858], [98.8346967, 22.5249115], [98.8350618, 22.525412], [98.8357173, 22.52582], [98.8358883, 22.5262215], [98.8363157, 22.5265242], [98.8365794, 22.5264913], [98.8369641, 22.5265703], [98.837185, 22.5267216], [98.8380538, 22.5272552], [98.8384603, 22.5276035], [98.8388237, 22.528051], [98.8396858, 22.5284854], [98.840156, 22.5285446], [98.8407402, 22.5285512], [98.8410965, 22.5288407], [98.8415524, 22.5293277], [98.8425428, 22.5299003], [98.8440743, 22.5302147], [98.8443801, 22.5306204], [98.8448231, 22.5312931], [98.8457276, 22.5315324], [98.8466075, 22.5317], [98.8479362, 22.5321576], [98.8484065, 22.5326116], [98.8492899, 22.5328617], [98.8496069, 22.5330317], [98.8500543, 22.5332716], [98.8506575, 22.533595], [98.8511776, 22.5342614], [98.8533754, 22.535625], [98.854231, 22.5360899], [98.8548518, 22.5368647], [98.8552544, 22.537655], [98.8562778, 22.5381044], [98.8571838, 22.5375775], [98.8579388, 22.537903], [98.8583414, 22.5386777], [98.8600863, 22.5388327], [98.8613613, 22.5385073], [98.8618479, 22.5380269], [98.8629384, 22.5375465], [98.8642806, 22.5365393], [98.8663274, 22.5361364], [98.8671998, 22.5352531], [98.8680051, 22.5345403], [98.8681058, 22.533781], [98.867334, 22.5326652], [98.8674347, 22.5319834], [98.8684916, 22.5320299], [98.8689614, 22.5318439], [98.8699177, 22.5304647], [98.8711257, 22.5301703], [98.8723336, 22.5298759], [98.8730886, 22.5293335], [98.8734409, 22.5282177], [98.874112, 22.5275048], [98.8749173, 22.5270089], [98.8759072, 22.5271329], [98.8762259, 22.5271329], [98.8778701, 22.5271949], [98.8793297, 22.5273963], [98.8794807, 22.5278923], [98.8795982, 22.5286516], [98.8796821, 22.5295659], [98.8795814, 22.5302943], [98.8790613, 22.5312396], [98.879011, 22.5316425], [98.8791955, 22.5325878], [98.8793968, 22.5331611], [98.8795982, 22.5341219], [98.8793465, 22.5349122], [98.8790948, 22.5352996], [98.8789774, 22.535935], [98.8786251, 22.5370352], [98.8785748, 22.5373606], [98.8796317, 22.539654], [98.8805545, 22.5410486], [98.8810242, 22.5417924], [98.881192, 22.5428615], [98.8822825, 22.5440702], [98.8829557, 22.5451686], [98.8828142, 22.5462407], [98.8826726, 22.5475613], [98.8820803, 22.5486156], [98.881894, 22.5489472], [98.882078, 22.5492479], [98.8814551, 22.5503331], [98.8804358, 22.5525819], [98.8792608, 22.5540069], [98.8781566, 22.5552882], [98.8782132, 22.5564648], [98.8780858, 22.5570662], [98.8776328, 22.5575369], [98.8767268, 22.5580206], [98.8761322, 22.5590796], [98.8764011, 22.5597594], [98.8764295, 22.5603216], [98.8761746, 22.5609229], [98.8755517, 22.5616028], [98.8747731, 22.5623741], [98.8746174, 22.5627794], [98.8746599, 22.5634199], [98.8740936, 22.5647142], [98.8739803, 22.5652632], [98.8739237, 22.5657077], [98.873952, 22.566479], [98.8734849, 22.5680085], [98.8731876, 22.5688452], [98.8731734, 22.5696295], [98.873046, 22.5698518], [98.8725647, 22.5703093], [98.8722532, 22.5706492], [98.8719559, 22.5715773], [98.8717577, 22.5721395], [98.8712622, 22.5727277], [98.8709366, 22.5731852], [98.8707809, 22.5735513], [98.8704411, 22.5746101], [98.8701863, 22.5750284], [98.8701438, 22.5755905], [98.8702571, 22.5761265], [98.8702146, 22.5765578], [98.8699598, 22.5767278], [98.8693794, 22.5766101], [98.8684592, 22.5781134], [98.8674824, 22.5792114], [98.8671851, 22.5797343], [98.8671992, 22.5809238], [98.8671143, 22.5816166], [98.8667038, 22.5821394], [98.8659959, 22.5831982], [98.8655854, 22.5831198], [98.8648067, 22.582427], [98.8645236, 22.5823747], [98.8639007, 22.5828714], [98.8638441, 22.5837211], [98.8634194, 22.5843223], [98.8630513, 22.5846491], [98.8626266, 22.5852504], [98.8622302, 22.5858124], [98.8620603, 22.5864268], [98.8614799, 22.587028], [98.8607721, 22.5867666], [98.8604606, 22.5867013], [98.8599934, 22.5868058], [98.8597952, 22.5872764], [98.8598094, 22.5879169], [98.8595404, 22.588309], [98.8587052, 22.5884397], [98.8581814, 22.5883351], [98.8569356, 22.5887403], [98.8564967, 22.5891978], [98.8562136, 22.5893154], [98.8553925, 22.5894984], [98.8548687, 22.5894984], [98.854444, 22.5895115], [98.853906, 22.5891978], [98.852915, 22.5892239], [98.8524054, 22.5894069], [98.851018, 22.5901127], [98.850565, 22.5903872], [98.8500412, 22.5905049], [98.8494183, 22.5901389], [98.8487954, 22.590348], [98.8473797, 22.5910146], [98.8454827, 22.5921125], [98.8448457, 22.5926354], [98.8434158, 22.5939685], [98.8432318, 22.5945436], [98.8425947, 22.5947266], [98.8420143, 22.5945698], [98.8414764, 22.5953278], [98.8410941, 22.5967263], [98.8404146, 22.5975759], [98.8399474, 22.597968], [98.8401881, 22.599105], [98.8403721, 22.6007257], [98.8398766, 22.6012746], [98.8394519, 22.6022025], [98.8386592, 22.6024509], [98.838008, 22.6026469], [98.837654, 22.6027907], [98.8371302, 22.6030259], [98.8367763, 22.6037055], [98.8358278, 22.6053523], [98.8353748, 22.6062671], [98.8353606, 22.6066722], [98.8353889, 22.607378], [98.8337468, 22.6077962], [98.8332654, 22.6082797], [98.8324019, 22.6081621], [98.8316374, 22.6080575], [98.8310994, 22.6080968], [98.8304199, 22.6082928], [98.829882, 22.6085672], [98.8293865, 22.6087763], [98.8293157, 22.6092991], [98.8292874, 22.6097304], [98.8290892, 22.6100179], [98.828891, 22.6102792], [98.8280416, 22.6102531], [98.8275744, 22.6101747], [98.8270648, 22.6105798], [98.8272771, 22.6110764], [98.8273762, 22.6116253], [98.8269232, 22.6120174], [98.8261304, 22.6119912], [98.8257057, 22.6124225], [98.8260455, 22.6132197], [98.8260596, 22.6138339], [98.8256349, 22.6141606], [98.8252385, 22.614056], [98.8241768, 22.6141214], [98.8237804, 22.6146572], [98.8235114, 22.6151015], [98.8230584, 22.6156242], [98.8226478, 22.6159379], [98.8227611, 22.6166566], [98.8229593, 22.6169964], [98.8228319, 22.6172578], [98.8225771, 22.6174276], [98.8220674, 22.6175191], [98.8218126, 22.6180157], [98.8217984, 22.6184469], [98.8204677, 22.6185907], [98.8194342, 22.6187998], [98.8180327, 22.6195839], [98.8167161, 22.620773], [98.8161074, 22.621727], [98.8158951, 22.621936], [98.8154562, 22.6219883], [98.8151731, 22.6221713], [98.8151589, 22.6226809], [98.8154137, 22.6234649], [98.8153146, 22.6238831], [98.8147767, 22.6242098], [98.8139131, 22.6251768], [98.8142104, 22.6261568], [98.8145077, 22.6265227], [98.8141679, 22.6266403], [98.8135026, 22.6264312], [98.8131345, 22.6266926], [98.8132336, 22.6272675], [98.8137998, 22.6273459], [98.8139839, 22.6278947], [98.8136724, 22.6284828], [98.8130071, 22.6293713], [98.8128797, 22.6303905], [98.8124974, 22.630286], [98.8121435, 22.6302337], [98.8120586, 22.6307695], [98.8116622, 22.6310961], [98.810657, 22.6309393], [98.8100625, 22.6314881], [98.8100341, 22.632442], [98.8099775, 22.6330692], [98.8101191, 22.6335396], [98.8090007, 22.6359961], [98.8084911, 22.6369499], [98.8088025, 22.6373419], [98.8086043, 22.6375771], [98.80767, 22.6379429], [98.8078257, 22.6384525], [98.8082504, 22.6388053], [98.8086751, 22.6393802], [98.8085902, 22.6398114], [98.8082787, 22.6401119], [98.80767, 22.640334], [98.8070471, 22.6403601], [98.8065374, 22.6402164], [98.8063109, 22.640726], [98.8062684, 22.6412747], [98.8056031, 22.6416798], [98.8054473, 22.6424637], [98.8056739, 22.6430647], [98.8060561, 22.6434567], [98.8054615, 22.6434828], [98.8048244, 22.6431954], [98.8045272, 22.6429733], [98.8041025, 22.6436004], [98.8042865, 22.6440185], [98.8053482, 22.6446326], [98.8053766, 22.645116], [98.8049519, 22.6452336], [98.8038901, 22.6449592], [98.8034796, 22.6454557], [98.8032106, 22.6474547], [98.8031398, 22.6479904], [98.8039467, 22.6482778], [98.8053058, 22.6487481], [98.8055748, 22.6494145], [98.8053624, 22.6498325], [98.8047254, 22.6498456], [98.8041732, 22.6495712], [98.8035928, 22.6495451], [98.8031256, 22.6499109], [98.803253, 22.6504335], [98.8030549, 22.6506295], [98.8025594, 22.6506295], [98.8019082, 22.6503159], [98.8016675, 22.650525], [98.8015118, 22.6510737], [98.8010304, 22.6514395], [98.8002801, 22.6522365], [98.7995864, 22.6523149], [98.7991617, 22.6523802], [98.7993741, 22.6529158], [98.7993175, 22.6531771], [98.7989494, 22.6532686], [98.7984256, 22.6530987], [98.7980433, 22.6530595], [98.7968966, 22.6533078], [98.7966277, 22.6531641], [98.7963162, 22.6531641], [98.7961322, 22.6538173], [98.7954385, 22.6548494], [98.7951412, 22.6550062], [98.7951412, 22.655372], [98.7950563, 22.656195], [98.7946174, 22.6567045], [98.7942352, 22.6576713], [98.793768, 22.6581939], [98.7935981, 22.6588863], [98.7938105, 22.6591737], [98.7937255, 22.6596178], [98.7933575, 22.6598007], [98.7926496, 22.6606107], [98.7925222, 22.661081], [98.7925222, 22.6617342], [98.7922391, 22.6632365], [98.7909083, 22.6643992], [98.7906394, 22.6649348], [98.7903987, 22.6653267], [98.790427, 22.6658623], [98.7899598, 22.6660191], [98.7896767, 22.6665416], [98.7897899, 22.6671948], [98.7902854, 22.6674952], [98.789889, 22.6677304], [98.7892095, 22.6677304], [98.7885583, 22.6677565], [98.7881336, 22.6673254], [98.7871993, 22.6675736], [98.7874824, 22.6680439], [98.7877797, 22.6690497], [98.7873408, 22.670134], [98.7880203, 22.6708786], [98.7879496, 22.6716232], [98.7878788, 22.6724461], [98.7874682, 22.6730209], [98.786633, 22.6737524], [98.7868878, 22.6747582], [98.7867604, 22.675346], [98.7864914, 22.6756856], [98.7858968, 22.6754505], [98.7857128, 22.6758555], [98.7852315, 22.6759208], [98.7848068, 22.6757901], [98.7843396, 22.6758032], [98.783929, 22.6759338], [98.7834619, 22.6771748], [98.7827682, 22.6776711], [98.7827682, 22.6783765], [98.7825275, 22.678703], [98.7824001, 22.6791472], [98.7821878, 22.6795521], [98.7824992, 22.6800484], [98.7823576, 22.6803881], [98.7817347, 22.680584], [98.7811543, 22.6804664], [98.7809844, 22.6806493], [98.7803332, 22.6815506], [98.7804606, 22.6822951], [98.7800784, 22.6827915], [98.7797245, 22.6830266], [98.7791724, 22.6839278], [98.7789883, 22.6850903], [98.778691, 22.6867753], [98.778776, 22.6873369], [98.7788326, 22.6875981], [98.7778275, 22.6877157], [98.7780115, 22.6889826], [98.7780115, 22.6904585], [98.7782522, 22.6909548], [98.7787335, 22.6929532], [98.7783513, 22.6955914], [98.7776717, 22.6972501], [98.7769214, 22.6996271], [98.776525, 22.7004368], [98.7765675, 22.7008548], [98.7759305, 22.7028921], [98.7754491, 22.7031141], [98.7753642, 22.7037541], [98.7754633, 22.7046682], [98.7753783, 22.7057261], [98.7757181, 22.7070451], [98.7750686, 22.7090664], [98.773257, 22.7114197], [98.7727394, 22.7118858], [98.7720985, 22.7128408], [98.7708045, 22.7147393], [98.7704724, 22.7152768], [98.7700527, 22.7161376], [98.7692147, 22.7178655], [98.7701513, 22.7184908], [98.7705826, 22.7193548], [98.770484, 22.7204461], [98.7699788, 22.7214123], [98.7700157, 22.7222763], [98.7706196, 22.7236859], [98.7714084, 22.7255842], [98.7718644, 22.7265618], [98.7704348, 22.7290172], [98.7689682, 22.7306995], [98.7690175, 22.7321886], [98.7689312, 22.7346438], [98.7689558, 22.7353371], [98.7682534, 22.735735], [98.7675879, 22.735735], [98.7668854, 22.7357577], [98.766528, 22.7357691], [98.766072, 22.7358941], [98.7660473, 22.7363033], [98.7667005, 22.7380424], [98.7672058, 22.7385993], [98.7675879, 22.7401451], [98.7671935, 22.7412022], [98.7672551, 22.7421683], [98.7667375, 22.742532], [98.7665157, 22.7426911], [98.7646424, 22.7427707], [98.7628554, 22.7433958], [98.7613518, 22.7436913], [98.7608958, 22.7433731], [98.7605261, 22.7440891], [98.7600455, 22.7441573], [98.7594785, 22.7441573], [98.7586775, 22.7443733], [98.7583694, 22.7445097], [98.7576546, 22.7444869], [98.7574943, 22.7453621], [98.7569398, 22.7454189], [98.7548446, 22.7467033], [98.7542901, 22.7470101], [98.7541175, 22.7476125], [98.7538094, 22.7479762], [98.7540559, 22.7486809], [98.7538957, 22.749306], [98.7533411, 22.7499083], [98.752614, 22.7501584], [98.7517882, 22.7503289], [98.7502724, 22.7506812], [98.7494713, 22.7511813], [98.7481033, 22.7524996], [98.7482142, 22.7533634], [98.7482512, 22.7540226], [98.748054, 22.7551363], [98.7467723, 22.756341], [98.7462054, 22.7574548], [98.7473146, 22.7582617], [98.7489783, 22.7586253], [98.7524414, 22.7593868], [98.7550049, 22.7608414], [98.7574943, 22.7623074], [98.7583447, 22.7631484], [98.7594162, 22.7639533], [98.7566779, 22.7684154], [98.7560707, 22.7736624], [98.7571766, 22.775421], [98.7559177, 22.7769686], [98.7541837, 22.7770602], [98.7531999, 22.7777028], [98.7522489, 22.7783949], [98.7517172, 22.7791542], [98.7524999, 22.780856], [98.7538608, 22.7822875], [98.7519938, 22.7831534], [98.7523202, 22.7842118], [98.7507972, 22.7846905], [98.7499579, 22.7862874], [98.7498759, 22.7865699], [98.7491502, 22.7890545], [98.7490716, 22.7902014], [98.7484965, 22.7907559], [98.7492864, 22.7918717], [98.7484989, 22.7931222], [98.7488852, 22.7949725], [98.7475481, 22.7954225], [98.7468433, 22.7965551], [98.7480343, 22.7971145], [98.749068, 22.7995755], [98.7482119, 22.8002135], [98.7467278, 22.8002996], [98.7472893, 22.8029685], [98.7453932, 22.8071416], [98.7451382, 22.8084157], [98.7450836, 22.8085203], [98.7390014, 22.8261969], [98.7359602, 22.8374111], [98.7296879, 22.8469147], [98.725913, 22.8506551], [98.7188538, 22.8535671], [98.7174151, 22.8572539], [98.7150662, 22.859357], [98.7105811, 22.867266], [98.7068913, 22.8733314], [98.7018794, 22.8786066], [98.6950239, 22.8812429], [98.6850028, 22.8859913], [98.6741916, 22.8902104], [98.668653, 22.8910005], [98.6624895, 22.891115], [98.662946, 22.8889291], [98.6622718, 22.8862166], [98.661603, 22.8829821], [98.6615334, 22.8822113], [98.6613818, 22.8803763], [98.6612755, 22.8782117], [98.6611617, 22.875894], [98.6611411, 22.8749806], [98.6610986, 22.8730967], [98.6610266, 22.8699081], [98.66099, 22.8682844], [98.6606612, 22.8631764], [98.6606649, 22.8609595], [98.6606651, 22.860571], [98.6601047, 22.8579647], [98.6580829, 22.8524303], [98.6579716, 22.8523268], [98.6575071, 22.8515376], [98.6545351, 22.846472], [98.6513808, 22.8432285], [98.6507709, 22.8425982], [98.6483404, 22.8400861], [98.6475544, 22.8379473], [98.6468829, 22.8349738], [98.64689, 22.8314301], [98.6460479, 22.828092], [98.6433467, 22.8255781], [98.6407303, 22.8239908], [98.6385699, 22.8226801], [98.6324629, 22.8217754], [98.6126131, 22.8199509]]]]}}, {"type": "Feature", "properties": {"core_id": 6469, "public_id": "bff2d3f6-0fdb-44e3-954e-e3ee67dd7699", "canonical_name": "\u1015\u1014\u103a\u1001\u1019\u103a\u1038\u1021\u1011\u1030\u1038\u1019\u103c\u102d\u102f\u1037\u1014\u101a\u103a", "aliases": "en:Pangkham Special Township | my:\u1015\u1014\u103a\u1001\u1019\u103a\u1038\u1021\u1011\u1030\u1038\u1019\u103c\u102d\u102f\u1037\u1014\u101a\u103a | my:\u1015\u1014\u103a\u1001\u1019\u103a\u1038\u1021\u1011\u1030\u1038\u1019\u103c\u102d\u102f\u1037\u1014\u101a\u103a", "parent_name": "\u1019\u1000\u103a\u1019\u1014\u103a\u1038\u1001\u101b\u102d\u102f\u1004\u103a", "gparent_name": "\u101b\u103e\u1019\u103a\u1038\u1015\u103c\u100a\u103a\u1014\u101a\u103a", "overlap_of_source": 0.17, "overlap_of_core": 0.9852, "centroid_dist_m": 36527.2, "child_admins": 0, "settlements": 13, "postal": 0}, "geometry": {"type": "MultiPolygon", "coordinates": [[[[98.9390811, 22.2098014], [98.939863, 22.2051464], [98.9436648, 22.198031], [98.9521976, 22.1967228], [98.9573229, 22.1947491], [98.9619763, 22.1906248], [98.9672396, 22.1884105], [98.9657793, 22.1843037], [98.9686066, 22.1767542], [98.9733111, 22.1699436], [98.973466, 22.1659599], [98.9753318, 22.1598422], [98.9770377, 22.1569372], [98.9813125, 22.1549956], [98.9846269, 22.1494152], [98.9918403, 22.1431173], [98.9961675, 22.1430744], [98.9970977, 22.1406449], [98.9991237, 22.1402499], [99.0007389, 22.1412836], [99.0036421, 22.1401019], [99.0050604, 22.1396382], [99.0077737, 22.1405673], [99.0118959, 22.1391342], [99.0126454, 22.1393891], [99.0154353, 22.1382466], [99.0198236, 22.1401926], [99.0203985, 22.1413205], [99.02219, 22.1417013], [99.0234528, 22.1424085], [99.0252442, 22.142599], [99.0264344, 22.1432829], [99.0288271, 22.1429798], [99.0282104, 22.1410212], [99.0289739, 22.1400147], [99.0306159, 22.1406171], [99.0312646, 22.1417557], [99.03241, 22.1417013], [99.033291, 22.1404228], [99.034642, 22.1397971], [99.0350531, 22.1406132], [99.0382836, 22.1410212], [99.040633, 22.1409124], [99.0416609, 22.1404228], [99.0437265, 22.1412784], [99.0492149, 22.1405873], [99.0512055, 22.1411844], [99.0527326, 22.1434966], [99.053878, 22.1434422], [99.0556988, 22.1441767], [99.0576371, 22.1440407], [99.0603843, 22.1448778], [99.0623653, 22.1440679], [99.0642107, 22.1420091], [99.0651071, 22.1429559], [99.0641861, 22.1459448], [99.0654489, 22.1461896], [99.0677984, 22.1452919], [99.0699832, 22.1474821], [99.0718805, 22.1464072], [99.0738188, 22.1469512], [99.0752994, 22.1481464], [99.075992, 22.14774], [99.0789582, 22.1486921], [99.079898, 22.1482841], [99.0825929, 22.1448843], [99.0838333, 22.1443943], [99.0843032, 22.1457544], [99.0854485, 22.1461896], [99.0888552, 22.1461624], [99.0921683, 22.1475967], [99.0956613, 22.1477745], [99.1004015, 22.1494041], [99.1020357, 22.1493226], [99.1104995, 22.1513869], [99.1126432, 22.1510313], [99.1165492, 22.1533977], [99.1193297, 22.1527576], [99.1192539, 22.1516528], [99.1185168, 22.1514393], [99.1186637, 22.1508409], [99.1192216, 22.1507049], [99.1212187, 22.1511673], [99.122922, 22.1515753], [99.1235681, 22.1511945], [99.1228026, 22.1492089], [99.1231224, 22.1494629], [99.125069, 22.1510093], [99.1284054, 22.1548709], [99.1346332, 22.1563396], [99.1399554, 22.1584296], [99.1413357, 22.1598984], [99.1430921, 22.160233], [99.1448909, 22.160266], [99.1452128, 22.1605392], [99.14546, 22.160847], [99.1457442, 22.1617523], [99.1500242, 22.1638236], [99.1503002, 22.1638269], [99.1505516, 22.1638302], [99.1510544, 22.1638083], [99.1521955, 22.1637302], [99.1540035, 22.1641903], [99.156375, 22.164089], [99.1573145, 22.1645971], [99.1575961, 22.1647494], [99.1580939, 22.166196], [99.1564162, 22.1682505], [99.1566753, 22.1685594], [99.1587324, 22.169437], [99.1613083, 22.1695579], [99.1630635, 22.1681017], [99.1653402, 22.1675115], [99.1675632, 22.168829], [99.1694987, 22.1689423], [99.1715325, 22.1695334], [99.1755066, 22.1686017], [99.1769336, 22.1674908], [99.1774423, 22.1658801], [99.181251, 22.1655303], [99.1889347, 22.1663932], [99.1910445, 22.1675666], [99.193563, 22.1678653], [99.1952846, 22.1687047], [99.1976474, 22.171129], [99.1977974, 22.1712829], [99.1987305, 22.1709692], [99.1996045, 22.1712404], [99.200154, 22.1728412], [99.2003854, 22.173515], [99.2004514, 22.1737074], [99.200314, 22.1748201], [99.1984149, 22.1751512], [99.1956023, 22.1747333], [99.1948267, 22.1742544], [99.1940516, 22.1729999], [99.1929646, 22.1719543], [99.1920634, 22.1716006], [99.1907741, 22.1712712], [99.190014, 22.1716537], [99.1892882, 22.1731071], [99.1887108, 22.1747396], [99.187172, 22.1765918], [99.1869554, 22.1767595], [99.1867388, 22.1768307], [99.1863327, 22.1768229], [99.1860403, 22.1767186], [99.1841598, 22.1758524], [99.1833936, 22.175682], [99.1826747, 22.1756431], [99.1819322, 22.1757446], [99.1811802, 22.1759339], [99.1748173, 22.1789799], [99.1744763, 22.1791787], [99.1742172, 22.1794583], [99.1740531, 22.1797906], [99.1739934, 22.1801549], [99.1740509, 22.1805193], [99.1742515, 22.1809069], [99.1745832, 22.1812107], [99.1749928, 22.1813924], [99.1754551, 22.1814362], [99.1773221, 22.1812561], [99.1778196, 22.1814245], [99.1781932, 22.1817534], [99.1785087, 22.1824907], [99.1787062, 22.1832778], [99.1786336, 22.184205], [99.1784594, 22.1850114], [99.1780879, 22.1856155], [99.1757654, 22.1880017], [99.1742056, 22.1891139], [99.1740034, 22.189303], [99.1738724, 22.1895399], [99.1738249, 22.1898024], [99.1738652, 22.1900658], [99.1740048, 22.1903253], [99.1742286, 22.190528], [99.1745119, 22.1906513], [99.1764885, 22.1909223], [99.1777211, 22.1913601], [99.1787887, 22.1922054], [99.1823068, 22.1975661], [99.1834569, 22.1993383], [99.1857185, 22.2000992], [99.1866777, 22.2006475], [99.1871769, 22.2022407], [99.1888042, 22.201926], [99.1905719, 22.2036937], [99.1905719, 22.2086937], [99.1921511, 22.210273], [99.1928489, 22.210273], [99.1935948, 22.209527], [99.1935948, 22.2086937], [99.1945833, 22.2077051], [99.1955719, 22.2086937], [99.1955719, 22.2153604], [99.1997385, 22.219527], [99.1997385, 22.2203604], [99.2013178, 22.2219396], [99.2029845, 22.2219396], [99.2047385, 22.2236937], [99.2047385, 22.2278604], [99.2055719, 22.2286937], [99.2055719, 22.2303604], [99.2064052, 22.2311937], [99.2064052, 22.232027], [99.2096511, 22.235273], [99.2161822, 22.235273], [99.2170155, 22.2344396], [99.2179845, 22.2344396], [99.2188178, 22.235273], [99.2204845, 22.235273], [99.2221511, 22.2369396], [99.2229845, 22.2369396], [99.2272385, 22.2411937], [99.2272385, 22.242027], [99.2288178, 22.2436063], [99.2296511, 22.2436063], [99.2330719, 22.247027], [99.2330719, 22.2478604], [99.2355719, 22.2503604], [99.2355719, 22.2538063], [99.2347385, 22.2546396], [99.2347385, 22.2588063], [99.2346531, 22.2588917], [99.2339052, 22.2596396], [99.2339052, 22.260473], [99.2330719, 22.2613063], [99.2330719, 22.2621396], [99.2314052, 22.2638063], [99.2314052, 22.2646396], [99.2305719, 22.265473], [99.2305719, 22.267027], [99.2314615, 22.2679167], [99.2306282, 22.26875], [99.2314052, 22.269527], [99.2314052, 22.2703604], [99.2322385, 22.2711937], [99.2322385, 22.2753604], [99.2330719, 22.2761937], [99.2330719, 22.2778604], [99.2339052, 22.2786937], [99.2339052, 22.2803604], [99.2355719, 22.282027], [99.2355719, 22.287973], [99.2347385, 22.2888063], [99.2347385, 22.2921396], [99.2330719, 22.2938063], [99.2330719, 22.297027], [99.2372385, 22.3011937], [99.2372385, 22.3036937], [99.2380719, 22.304527], [99.2380719, 22.3053605], [99.2414052, 22.3086938], [99.2414052, 22.3095271], [99.2446512, 22.3127731], [99.2463179, 22.3127731], [99.2472385, 22.3136938], [99.2472385, 22.3145271], [99.2489052, 22.3161938], [99.2489052, 22.3178605], [99.2504846, 22.3194397], [99.2513179, 22.3194397], [99.2522385, 22.3203605], [99.2522385, 22.3211938], [99.2530719, 22.3220271], [99.2530719, 22.3261938], [99.2539052, 22.3270271], [99.2539052, 22.3295271], [99.2547948, 22.3304167], [99.2539052, 22.3313062], [99.2539052, 22.3320271], [99.2646512, 22.3427731], [99.2654846, 22.3427731], [99.2679846, 22.3452731], [99.2696512, 22.3452731], [99.2704846, 22.3461064], [99.2729846, 22.3461064], [99.2738179, 22.3469397], [99.2763179, 22.3469397], [99.2780719, 22.3486938], [99.2780719, 22.3621395], [99.2772385, 22.3629729], [99.2772385, 22.3638062], [99.2721512, 22.3688936], [99.2713179, 22.3688936], [99.2664052, 22.3738062], [99.2664052, 22.3746395], [99.2638179, 22.3772269], [99.2629846, 22.3772269], [99.2613179, 22.3788935], [99.2604846, 22.3788935], [99.2518702, 22.3626007], [99.2398335, 22.3655283], [99.2256337, 22.3612083], [99.2158679, 22.3615988], [99.2092271, 22.3615986], [99.2018052, 22.3584732], [99.1932115, 22.3514414], [99.1885238, 22.3541758], [99.179539, 22.3639418], [99.1748512, 22.3729267], [99.1717259, 22.3799583], [99.1639133, 22.3807394], [99.1510224, 22.3807391], [99.140866, 22.3799576], [99.1346159, 22.3776136], [99.1338348, 22.3705819], [99.1322725, 22.3647221], [99.1217254, 22.3655032], [99.1080532, 22.3655029], [99.0971155, 22.3658933], [99.0935998, 22.3643306], [99.0939906, 22.3580802], [99.0933313, 22.3490535], [99.0853939, 22.3511219], [99.0820131, 22.3473068], [99.0752277, 22.3396546], [99.0627344, 22.3340124], [99.0516507, 22.3358874], [99.0512706, 22.3353691], [99.0506443, 22.3338879], [99.0499468, 22.3328412], [99.0487867, 22.3322289], [99.0485447, 22.3317022], [99.0476835, 22.3311427], [99.0470003, 22.3308201], [99.0458046, 22.3305633], [99.0446659, 22.3310176], [99.0441107, 22.3312875], [99.0415841, 22.3312941], [99.0409365, 22.3309057], [99.0396127, 22.3305962], [99.0383957, 22.3302078], [99.0369722, 22.3300432], [99.0357766, 22.3304843], [99.0348513, 22.3306752], [99.0342677, 22.3309715], [99.0335774, 22.3320775], [99.0335418, 22.3325515], [99.033435, 22.3329597], [99.0329938, 22.3333086], [99.0324885, 22.3333152], [99.0318693, 22.3332954], [99.0305597, 22.3336641], [99.0298195, 22.3337892], [99.0290011, 22.3335719], [99.0280367, 22.3331242], [99.0268989, 22.3322033], [99.0258607, 22.3308483], [99.0252775, 22.3297432], [99.0256758, 22.328546], [99.02633, 22.3277566], [99.0272687, 22.3269409], [99.0278234, 22.3261121], [99.0278376, 22.3251517], [99.0279656, 22.3215731], [99.0273682, 22.3194812], [99.0271407, 22.3185733], [99.0271122, 22.3162314], [99.0268136, 22.3157708], [99.0258749, 22.3154945], [99.0250784, 22.3149025], [99.0234286, 22.3129157], [99.0224615, 22.3122973], [99.0217646, 22.3126394], [99.0196739, 22.3120868], [99.0181521, 22.3107973], [99.0170569, 22.3103631], [99.0160187, 22.3097447], [99.0153645, 22.3089815], [99.0152933, 22.3079947], [99.0144542, 22.3072315], [99.0135582, 22.3070473], [99.01188, 22.3073105], [99.0111119, 22.3071789], [99.010543, 22.3066657], [99.0101464, 22.305493], [99.0099172, 22.3041262], [99.0093626, 22.3035209], [99.0093768, 22.303034], [99.0098604, 22.3027972], [99.0101719, 22.3022817], [99.0096755, 22.3011129], [99.0098437, 22.3001081], [99.0106568, 22.299139], [99.0109555, 22.2979811], [99.0115671, 22.2960861], [99.0119292, 22.2956723], [99.0124062, 22.2948887], [99.0138174, 22.2939252], [99.0161609, 22.2928884], [99.0175401, 22.2920437], [99.0183512, 22.2907303], [99.0182786, 22.2902458], [99.0169482, 22.2893162], [99.0161312, 22.287991], [99.0161658, 22.2867684], [99.017469, 22.2839383], [99.017206, 22.2818961], [99.0177605, 22.2800698], [99.0176244, 22.2769407], [99.0184064, 22.274588], [99.0187255, 22.2731968], [99.0196206, 22.2724127], [99.0206673, 22.2719376], [99.0223184, 22.2704925], [99.02297, 22.2688328], [99.023418, 22.2672534], [99.0239891, 22.2665126], [99.0272225, 22.2639168], [99.0281129, 22.2623756], [99.0286021, 22.259027], [99.029267, 22.2573896], [99.0313269, 22.2542122], [99.0309836, 22.2532589], [99.0278814, 22.2503503], [99.0260648, 22.2474223], [99.0238233, 22.2458727], [99.023356, 22.2456621], [99.0211895, 22.2446854], [99.016049, 22.2421372], [99.0100409, 22.2419783], [99.0067793, 22.2422961], [99.0038611, 22.2464271], [98.9981963, 22.249287], [98.9956213, 22.2486514], [98.9915015, 22.2476981], [98.98618, 22.2429316], [98.9801718, 22.2422961], [98.9772536, 22.2429316], [98.9751936, 22.2422961], [98.9715887, 22.2426138], [98.9697005, 22.2410249], [98.9672972, 22.2403894], [98.964379, 22.2384827], [98.9630057, 22.2357815], [98.9587141, 22.2341925], [98.9566542, 22.2311734], [98.9535643, 22.2276776], [98.9519501, 22.2237078], [98.9503479, 22.2212873], [98.9495467, 22.2195857], [98.9481613, 22.2177823], [98.9412047, 22.2152824], [98.9394878, 22.2142227], [98.9390811, 22.2098014]]]]}}, {"type": "Feature", "properties": {"core_id": 6486, "public_id": "d345f36d-a0fd-4044-9e62-becb8d3892b2", "canonical_name": "\u101c\u1004\u103a\u101f\u1031\u102c\u103a\u1019\u103c\u102d\u102f\u1037\u1014\u101a\u103a", "aliases": "en:Moegraix Township | my:\u101c\u1004\u103a\u101f\u1031\u102c\u103a\u1019\u103c\u102d\u102f\u1037\u1014\u101a\u103a", "parent_name": "\u1019\u1000\u103a\u1019\u1014\u103a\u1038\u1001\u101b\u102d\u102f\u1004\u103a", "gparent_name": "\u101b\u103e\u1019\u103a\u1038\u1015\u103c\u100a\u103a\u1014\u101a\u103a", "overlap_of_source": 0.0936, "overlap_of_core": 0.4172, "centroid_dist_m": 29860.4, "child_admins": 0, "settlements": 2, "postal": 0}, "geometry": {"type": "MultiPolygon", "coordinates": [[[[98.725913, 22.8506551], [98.7296879, 22.8469147], [98.7359602, 22.8374111], [98.7390014, 22.8261969], [98.7450836, 22.8085203], [98.7451382, 22.8084157], [98.7453932, 22.8071416], [98.7472893, 22.8029685], [98.7467278, 22.8002996], [98.7482119, 22.8002135], [98.749068, 22.7995755], [98.7480343, 22.7971145], [98.7468433, 22.7965551], [98.7475481, 22.7954225], [98.7488852, 22.7949725], [98.7484989, 22.7931222], [98.7492864, 22.7918717], [98.7484965, 22.7907559], [98.7490716, 22.7902014], [98.7491502, 22.7890545], [98.7498759, 22.7865699], [98.7499579, 22.7862874], [98.7507972, 22.7846905], [98.7523202, 22.7842118], [98.7519938, 22.7831534], [98.7538608, 22.7822875], [98.7524999, 22.780856], [98.7517172, 22.7791542], [98.7522489, 22.7783949], [98.7531999, 22.7777028], [98.7541837, 22.7770602], [98.7559177, 22.7769686], [98.7571766, 22.775421], [98.7560707, 22.7736624], [98.7566779, 22.7684154], [98.7594162, 22.7639533], [98.7583447, 22.7631484], [98.7574943, 22.7623074], [98.7550049, 22.7608414], [98.7524414, 22.7593868], [98.7489783, 22.7586253], [98.7473146, 22.7582617], [98.7462054, 22.7574548], [98.7467723, 22.756341], [98.748054, 22.7551363], [98.7482512, 22.7540226], [98.7482142, 22.7533634], [98.7481033, 22.7524996], [98.7494713, 22.7511813], [98.7502724, 22.7506812], [98.7517882, 22.7503289], [98.752614, 22.7501584], [98.7533411, 22.7499083], [98.7538957, 22.749306], [98.7540559, 22.7486809], [98.7538094, 22.7479762], [98.7541175, 22.7476125], [98.7542901, 22.7470101], [98.7548446, 22.7467033], [98.7569398, 22.7454189], [98.7574943, 22.7453621], [98.7576546, 22.7444869], [98.7583694, 22.7445097], [98.7586775, 22.7443733], [98.7594785, 22.7441573], [98.7600455, 22.7441573], [98.7605261, 22.7440891], [98.7608958, 22.7433731], [98.7613518, 22.7436913], [98.7628554, 22.7433958], [98.7646424, 22.7427707], [98.7665157, 22.7426911], [98.7667375, 22.742532], [98.7672551, 22.7421683], [98.7671935, 22.7412022], [98.7675879, 22.7401451], [98.7672058, 22.7385993], [98.7667005, 22.7380424], [98.7660473, 22.7363033], [98.766072, 22.7358941], [98.766528, 22.7357691], [98.7668854, 22.7357577], [98.7675879, 22.735735], [98.7682534, 22.735735], [98.7689558, 22.7353371], [98.7689312, 22.7346438], [98.7690175, 22.7321886], [98.7689682, 22.7306995], [98.7704348, 22.7290172], [98.7718644, 22.7265618], [98.7714084, 22.7255842], [98.7706196, 22.7236859], [98.7700157, 22.7222763], [98.7699788, 22.7214123], [98.770484, 22.7204461], [98.7705826, 22.7193548], [98.7701513, 22.7184908], [98.7692147, 22.7178655], [98.7700527, 22.7161376], [98.7704724, 22.7152768], [98.7708045, 22.7147393], [98.7720985, 22.7128408], [98.7727394, 22.7118858], [98.773257, 22.7114197], [98.7750686, 22.7090664], [98.7757181, 22.7070451], [98.7753783, 22.7057261], [98.7754633, 22.7046682], [98.7753642, 22.7037541], [98.7754491, 22.7031141], [98.7759305, 22.7028921], [98.7765675, 22.7008548], [98.776525, 22.7004368], [98.7769214, 22.6996271], [98.7776717, 22.6972501], [98.7783513, 22.6955914], [98.7787335, 22.6929532], [98.7782522, 22.6909548], [98.7780115, 22.6904585], [98.7780115, 22.6889826], [98.7778275, 22.6877157], [98.7788326, 22.6875981], [98.778776, 22.6873369], [98.778691, 22.6867753], [98.7789883, 22.6850903], [98.7791724, 22.6839278], [98.7797245, 22.6830266], [98.7800784, 22.6827915], [98.7804606, 22.6822951], [98.7803332, 22.6815506], [98.7809844, 22.6806493], [98.7811543, 22.6804664], [98.7817347, 22.680584], [98.7823576, 22.6803881], [98.7824992, 22.6800484], [98.7821878, 22.6795521], [98.7824001, 22.6791472], [98.7825275, 22.678703], [98.7827682, 22.6783765], [98.7827682, 22.6776711], [98.7834619, 22.6771748], [98.783929, 22.6759338], [98.7843396, 22.6758032], [98.7848068, 22.6757901], [98.7852315, 22.6759208], [98.7857128, 22.6758555], [98.7858968, 22.6754505], [98.7864914, 22.6756856], [98.7867604, 22.675346], [98.7868878, 22.6747582], [98.786633, 22.6737524], [98.7874682, 22.6730209], [98.7878788, 22.6724461], [98.7879496, 22.6716232], [98.7880203, 22.6708786], [98.7873408, 22.670134], [98.7877797, 22.6690497], [98.7874824, 22.6680439], [98.7871993, 22.6675736], [98.7881336, 22.6673254], [98.7885583, 22.6677565], [98.7892095, 22.6677304], [98.789889, 22.6677304], [98.7902854, 22.6674952], [98.7897899, 22.6671948], [98.7896767, 22.6665416], [98.7899598, 22.6660191], [98.790427, 22.6658623], [98.7903987, 22.6653267], [98.7906394, 22.6649348], [98.7909083, 22.6643992], [98.7922391, 22.6632365], [98.7925222, 22.6617342], [98.7925222, 22.661081], [98.7926496, 22.6606107], [98.7933575, 22.6598007], [98.7937255, 22.6596178], [98.7938105, 22.6591737], [98.7935981, 22.6588863], [98.793768, 22.6581939], [98.7942352, 22.6576713], [98.7946174, 22.6567045], [98.7950563, 22.656195], [98.7951412, 22.655372], [98.7951412, 22.6550062], [98.7954385, 22.6548494], [98.7961322, 22.6538173], [98.7963162, 22.6531641], [98.7966277, 22.6531641], [98.7968966, 22.6533078], [98.7980433, 22.6530595], [98.7984256, 22.6530987], [98.7989494, 22.6532686], [98.7993175, 22.6531771], [98.7993741, 22.6529158], [98.7991617, 22.6523802], [98.7995864, 22.6523149], [98.8002801, 22.6522365], [98.8010304, 22.6514395], [98.8015118, 22.6510737], [98.8016675, 22.650525], [98.8019082, 22.6503159], [98.8025594, 22.6506295], [98.8030549, 22.6506295], [98.803253, 22.6504335], [98.8031256, 22.6499109], [98.8035928, 22.6495451], [98.8041732, 22.6495712], [98.8047254, 22.6498456], [98.8053624, 22.6498325], [98.8055748, 22.6494145], [98.8053058, 22.6487481], [98.8039467, 22.6482778], [98.8031398, 22.6479904], [98.8032106, 22.6474547], [98.8034796, 22.6454557], [98.8038901, 22.6449592], [98.8049519, 22.6452336], [98.8053766, 22.645116], [98.8053482, 22.6446326], [98.8042865, 22.6440185], [98.8041025, 22.6436004], [98.8045272, 22.6429733], [98.8048244, 22.6431954], [98.8054615, 22.6434828], [98.8060561, 22.6434567], [98.8056739, 22.6430647], [98.8054473, 22.6424637], [98.8056031, 22.6416798], [98.8062684, 22.6412747], [98.8063109, 22.640726], [98.8065374, 22.6402164], [98.8070471, 22.6403601], [98.80767, 22.640334], [98.8082787, 22.6401119], [98.8085902, 22.6398114], [98.8086751, 22.6393802], [98.8082504, 22.6388053], [98.8078257, 22.6384525], [98.80767, 22.6379429], [98.8086043, 22.6375771], [98.8088025, 22.6373419], [98.8084911, 22.6369499], [98.8090007, 22.6359961], [98.8101191, 22.6335396], [98.8099775, 22.6330692], [98.8100341, 22.632442], [98.8100625, 22.6314881], [98.810657, 22.6309393], [98.8116622, 22.6310961], [98.8120586, 22.6307695], [98.8121435, 22.6302337], [98.8124974, 22.630286], [98.8128797, 22.6303905], [98.8130071, 22.6293713], [98.8136724, 22.6284828], [98.8139839, 22.6278947], [98.8137998, 22.6273459], [98.8132336, 22.6272675], [98.8131345, 22.6266926], [98.8135026, 22.6264312], [98.8141679, 22.6266403], [98.8145077, 22.6265227], [98.8142104, 22.6261568], [98.8139131, 22.6251768], [98.8147767, 22.6242098], [98.8153146, 22.6238831], [98.8154137, 22.6234649], [98.8151589, 22.6226809], [98.8151731, 22.6221713], [98.8154562, 22.6219883], [98.8158951, 22.621936], [98.8161074, 22.621727], [98.8167161, 22.620773], [98.8180327, 22.6195839], [98.8194342, 22.6187998], [98.8204677, 22.6185907], [98.8217984, 22.6184469], [98.8218126, 22.6180157], [98.8220674, 22.6175191], [98.8225771, 22.6174276], [98.8228319, 22.6172578], [98.8229593, 22.6169964], [98.8227611, 22.6166566], [98.8226478, 22.6159379], [98.8230584, 22.6156242], [98.8235114, 22.6151015], [98.8237804, 22.6146572], [98.8241768, 22.6141214], [98.8252385, 22.614056], [98.8256349, 22.6141606], [98.8260596, 22.6138339], [98.8260455, 22.6132197], [98.8257057, 22.6124225], [98.8261304, 22.6119912], [98.8269232, 22.6120174], [98.8273762, 22.6116253], [98.8272771, 22.6110764], [98.8270648, 22.6105798], [98.8275744, 22.6101747], [98.8280416, 22.6102531], [98.828891, 22.6102792], [98.8290892, 22.6100179], [98.8292874, 22.6097304], [98.8293157, 22.6092991], [98.8293865, 22.6087763], [98.829882, 22.6085672], [98.8304199, 22.6082928], [98.8310994, 22.6080968], [98.8316374, 22.6080575], [98.8324019, 22.6081621], [98.8332654, 22.6082797], [98.8337468, 22.6077962], [98.8353889, 22.607378], [98.8353606, 22.6066722], [98.8353748, 22.6062671], [98.8358278, 22.6053523], [98.8367763, 22.6037055], [98.8371302, 22.6030259], [98.837654, 22.6027907], [98.838008, 22.6026469], [98.8386592, 22.6024509], [98.8394519, 22.6022025], [98.8398766, 22.6012746], [98.8403721, 22.6007257], [98.8401881, 22.599105], [98.8399474, 22.597968], [98.8404146, 22.5975759], [98.8410941, 22.5967263], [98.8414764, 22.5953278], [98.8420143, 22.5945698], [98.8425947, 22.5947266], [98.8432318, 22.5945436], [98.8434158, 22.5939685], [98.8448457, 22.5926354], [98.8454827, 22.5921125], [98.8473797, 22.5910146], [98.8487954, 22.590348], [98.8494183, 22.5901389], [98.8500412, 22.5905049], [98.850565, 22.5903872], [98.851018, 22.5901127], [98.8524054, 22.5894069], [98.852915, 22.5892239], [98.853906, 22.5891978], [98.854444, 22.5895115], [98.8548687, 22.5894984], [98.8553925, 22.5894984], [98.8562136, 22.5893154], [98.8564967, 22.5891978], [98.8569356, 22.5887403], [98.8581814, 22.5883351], [98.8587052, 22.5884397], [98.8595404, 22.588309], [98.8598094, 22.5879169], [98.8597952, 22.5872764], [98.8599934, 22.5868058], [98.8604606, 22.5867013], [98.8607721, 22.5867666], [98.8614799, 22.587028], [98.8620603, 22.5864268], [98.8622302, 22.5858124], [98.8626266, 22.5852504], [98.8630513, 22.5846491], [98.8634194, 22.5843223], [98.8638441, 22.5837211], [98.8639007, 22.5828714], [98.8645236, 22.5823747], [98.8648067, 22.582427], [98.8655854, 22.5831198], [98.8659959, 22.5831982], [98.8667038, 22.5821394], [98.8671143, 22.5816166], [98.8671992, 22.5809238], [98.8671851, 22.5797343], [98.8674824, 22.5792114], [98.8684592, 22.5781134], [98.8693794, 22.5766101], [98.8699598, 22.5767278], [98.8702146, 22.5765578], [98.8702571, 22.5761265], [98.8701438, 22.5755905], [98.8701863, 22.5750284], [98.8704411, 22.5746101], [98.8707809, 22.5735513], [98.8709366, 22.5731852], [98.8712622, 22.5727277], [98.8717577, 22.5721395], [98.8719559, 22.5715773], [98.8722532, 22.5706492], [98.8725647, 22.5703093], [98.873046, 22.5698518], [98.8731734, 22.5696295], [98.8731876, 22.5688452], [98.8734849, 22.5680085], [98.873952, 22.566479], [98.8739237, 22.5657077], [98.8739803, 22.5652632], [98.8740936, 22.5647142], [98.8746599, 22.5634199], [98.8746174, 22.5627794], [98.8747731, 22.5623741], [98.8755517, 22.5616028], [98.8761746, 22.5609229], [98.8764295, 22.5603216], [98.8764011, 22.5597594], [98.8761322, 22.5590796], [98.8767268, 22.5580206], [98.8776328, 22.5575369], [98.8780858, 22.5570662], [98.8782132, 22.5564648], [98.8781566, 22.5552882], [98.8792608, 22.5540069], [98.8804358, 22.5525819], [98.8814551, 22.5503331], [98.882078, 22.5492479], [98.885957, 22.5505815], [98.8884344, 22.5514183], [98.8892272, 22.552438], [98.8905721, 22.5541638], [98.8903456, 22.5546606], [98.8904871, 22.5561772], [98.8916338, 22.5574715], [98.8939131, 22.5580337], [98.8954562, 22.5597856], [98.8984008, 22.5630931], [98.9007933, 22.5650933], [98.9025912, 22.5649103], [98.9043608, 22.565041], [98.9056491, 22.5651325], [98.9077867, 22.5649233], [98.9101085, 22.5645704], [98.9124585, 22.563433], [98.9125434, 22.5644004], [98.9184468, 22.5630147], [98.9201031, 22.5624917], [98.9224956, 22.5622303], [98.9240246, 22.5620603], [98.925143, 22.562361], [98.9264454, 22.563786], [98.92813, 22.564858], [98.9310039, 22.5661522], [98.9324903, 22.5668581], [98.9347696, 22.56827], [98.9354633, 22.5697864], [98.9358172, 22.5736166], [98.9366383, 22.5741657], [98.9378133, 22.5751591], [98.9382097, 22.577133], [98.9385353, 22.5779304], [98.9389458, 22.5789369], [98.9392997, 22.5795382], [98.941126, 22.580414], [98.9419187, 22.5804794], [98.9439432, 22.5801003], [98.947355, 22.5806624], [98.9482327, 22.5806754], [98.9496767, 22.580414], [98.9521966, 22.5797343], [98.9539803, 22.5796036], [98.9549288, 22.580048], [98.9563728, 22.5817734], [98.9583831, 22.5819172], [98.9608464, 22.5819564], [98.9619789, 22.5820349], [98.9643856, 22.5819434], [98.966594, 22.5821656], [98.968307, 22.5821002], [98.9707561, 22.5818257], [98.971832, 22.5823224], [98.973007, 22.5821264], [98.973998, 22.5814074], [98.9747766, 22.5812114], [98.9751447, 22.5813421], [98.9755411, 22.5820087], [98.9761923, 22.5822179], [98.9768718, 22.5820741], [98.977424, 22.581695], [98.978061, 22.5811591], [98.9784574, 22.5797996], [98.9787972, 22.5788977], [98.9798023, 22.5774598], [98.9809065, 22.5759565], [98.982308, 22.5751199], [98.9838936, 22.5737473], [98.9846156, 22.5741003], [98.9853659, 22.5741787], [98.9861304, 22.5737212], [98.9861021, 22.573133], [98.9860171, 22.5724271], [98.9871072, 22.5716819], [98.9895139, 22.5707669], [98.9916798, 22.5687668], [98.9929256, 22.5676556], [98.9946245, 22.5660999], [98.9957576, 22.5652354], [98.9966494, 22.5650655], [98.9988154, 22.56534], [99.0001598, 22.5658405], [99.0010825, 22.5664746], [99.0024773, 22.5677625], [99.00237, 22.5685353], [99.0020481, 22.5694864], [99.0022841, 22.5706753], [99.0024343, 22.5715867], [99.0035931, 22.5723991], [99.0037647, 22.5739247], [99.0047303, 22.5750739], [99.0060178, 22.5759259], [99.006919, 22.5764212], [99.0059319, 22.5769166], [99.0055028, 22.577511], [99.0050307, 22.5785016], [99.0050951, 22.5793536], [99.0054813, 22.5801461], [99.0047303, 22.5811367], [99.0037433, 22.5821868], [99.003357, 22.5830586], [99.0023914, 22.5838114], [99.0018121, 22.5853964], [99.002091, 22.5854955], [99.0023914, 22.5862285], [99.00237, 22.5866445], [99.0019194, 22.5884672], [99.0016404, 22.588705], [99.00031, 22.5892993], [99.0001384, 22.5899927], [99.0006748, 22.5903295], [99.00134, 22.5910427], [99.0011898, 22.5918153], [99.0019837, 22.5919936], [99.0022198, 22.5915974], [99.003121, 22.5913795], [99.0050307, 22.5914587], [99.0092364, 22.5924691], [99.0084425, 22.5962728], [99.0063182, 22.5982736], [99.0029922, 22.6026318], [99.0051595, 22.6082972], [99.0047947, 22.6123381], [99.0038076, 22.6152103], [99.0035716, 22.6187162], [99.0017048, 22.6246385], [99.0027991, 22.6261437], [99.004151, 22.6295702], [99.003357, 22.6338085], [99.0028635, 22.6366802], [99.0074769, 22.6407005], [99.0096012, 22.6435721], [99.010953, 22.6464238], [99.0132919, 22.6473347], [99.015781, 22.6485427], [99.0169571, 22.6532337], [99.0207567, 22.6561884], [99.0218324, 22.6609163], [99.0217894, 22.6652923], [99.0221542, 22.6678466], [99.0232486, 22.6706582], [99.0231413, 22.6741429], [99.022283, 22.674717], [99.0197724, 22.6756872], [99.0158027, 22.6805775], [99.0156955, 22.6817456], [99.0153521, 22.6870712], [99.0147942, 22.6891697], [99.0124768, 22.6937427], [99.0094727, 22.6956036], [99.0043014, 22.6979791], [99.0015549, 22.7016413], [98.9992374, 22.7029676], [98.9959973, 22.704947], [98.9939159, 22.7084903], [98.9932293, 22.7141513], [98.9893669, 22.7172984], [98.9889163, 22.7210393], [98.9902252, 22.7239685], [98.9916414, 22.7293123], [98.9893669, 22.7309352], [98.9901608, 22.7338444], [98.9895815, 22.7349725], [98.9903754, 22.7363578], [98.9923495, 22.7384358], [98.9950532, 22.7406522], [98.9956969, 22.7417604], [98.9946884, 22.7429676], [98.9920276, 22.7431457], [98.9891523, 22.7418792], [98.9874142, 22.743957], [98.9884871, 22.7457776], [98.9899463, 22.7471035], [98.9922422, 22.7471233], [98.9945167, 22.7470837], [98.9956052, 22.7483916], [98.9943856, 22.7503112], [98.9939628, 22.751241], [98.9943856, 22.7524257], [98.994971, 22.7536854], [98.9949873, 22.7546901], [98.9946783, 22.7555449], [98.9938001, 22.7561897], [98.9924179, 22.7569845], [98.9927106, 22.7575544], [98.9940603, 22.7585141], [98.9945319, 22.7599387], [98.9945319, 22.7608684], [98.994288, 22.7625029], [98.9941889, 22.7636908], [98.9936793, 22.7656359], [98.9943871, 22.7673721], [98.9940631, 22.7694862], [98.9928787, 22.7697028], [98.9925073, 22.7700453], [98.9920579, 22.7704498], [98.990627, 22.7700381], [98.9902316, 22.7702755], [98.9900809, 22.7706316], [98.9900809, 22.7711151], [98.9894739, 22.7718264], [98.9891631, 22.7722564], [98.9886399, 22.7724685], [98.9878588, 22.7733481], [98.9858996, 22.7740829], [98.9843236, 22.7736894], [98.9828001, 22.7739285], [98.9810459, 22.7743478], [98.9791701, 22.7756002], [98.9783521, 22.7776215], [98.9774849, 22.7781652], [98.9769672, 22.7777196], [98.9765117, 22.7774677], [98.9755946, 22.77808], [98.9745214, 22.7790095], [98.9732042, 22.7806795], [98.9709831, 22.7811379], [98.9696938, 22.7809551], [98.9679775, 22.7804773], [98.967127, 22.780884], [98.9663078, 22.7821226], [98.9648246, 22.7826696], [98.9642223, 22.7830398], [98.9622989, 22.7827092], [98.9616428, 22.7833141], [98.9614183, 22.7842011], [98.9613518, 22.7850908], [98.9605722, 22.7857782], [98.9579818, 22.786141], [98.9560059, 22.7872161], [98.9555158, 22.7878788], [98.9544361, 22.7885123], [98.9535793, 22.7896363], [98.95135, 22.7900292], [98.9490709, 22.7921304], [98.9466573, 22.794085], [98.9459119, 22.7954919], [98.9458436, 22.7970022], [98.9451111, 22.7974411], [98.9416448, 22.7947155], [98.9392268, 22.7942511], [98.9369099, 22.7939105], [98.9337654, 22.794908], [98.9311431, 22.7943115], [98.9295839, 22.793624], [98.9286426, 22.7931057], [98.9285535, 22.7929671], [98.9279063, 22.7916043], [98.9273377, 22.791564], [98.9269353, 22.7919026], [98.926533, 22.7927252], [98.9263318, 22.7941041], [98.9259207, 22.7951443], [98.9260956, 22.7960717], [98.9268041, 22.7970313], [98.9269739, 22.7976613], [98.9272519, 22.79836], [98.9273465, 22.7988456], [98.9268129, 22.7992084], [98.9258332, 22.7990391], [98.9247748, 22.7994503], [98.9238739, 22.7994261], [98.922903, 22.7990713], [98.9225968, 22.7991842], [98.9221333, 22.8002889], [98.920585, 22.8026031], [98.9202352, 22.8039981], [98.919929, 22.8062477], [98.9192817, 22.8071427], [98.9177598, 22.8081264], [98.9163253, 22.8081748], [98.915538, 22.8081264], [98.9153194, 22.8083845], [98.9151794, 22.8090134], [98.9154593, 22.8091504], [98.9161503, 22.8089327], [98.9172612, 22.8094488], [98.9180047, 22.8105776], [98.9188094, 22.8125207], [98.9197541, 22.8136011], [98.9206025, 22.8147863], [98.9205063, 22.8153346], [98.9188269, 22.8163263], [98.9184245, 22.8169391], [98.918442, 22.8176566], [98.9191505, 22.8189385], [98.9197366, 22.819777], [98.9195267, 22.8213492], [98.9197978, 22.8228649], [98.9196316, 22.8231148], [98.9192293, 22.8234453], [98.9190718, 22.8247595], [98.9196229, 22.8257188], [98.9191855, 22.8295563], [98.9196929, 22.8304995], [98.9196141, 22.8315637], [98.9188356, 22.8322086], [98.9175761, 22.8322005], [98.9166664, 22.8316282], [98.9157305, 22.830564], [98.9148383, 22.8307494], [98.9144447, 22.8313299], [98.9136312, 22.8324182], [98.9127915, 22.8329422], [98.912669, 22.8333372], [98.9126515, 22.8345545], [98.9123104, 22.8367553], [98.9123279, 22.8377307], [98.9125028, 22.8386819], [98.9123979, 22.8396412], [98.9123017, 22.8407375], [98.912704, 22.8410922], [98.9131151, 22.8414953], [98.9141123, 22.8435266], [98.9145059, 22.8444536], [98.9141123, 22.8453726], [98.9136312, 22.8457756], [98.9130801, 22.845832], [98.9120742, 22.8453564], [98.9115232, 22.8456386], [98.9114357, 22.8461303], [98.9103861, 22.8465333], [98.9097213, 22.8473636], [98.9094676, 22.8479439], [98.909765, 22.8497334], [98.9093934, 22.8501418], [98.9083329, 22.8504676], [98.9072319, 22.8512308], [98.9069592, 22.8520778], [98.9076057, 22.8533809], [98.9083935, 22.8539207], [98.9083935, 22.8544792], [98.9089894, 22.8556984], [98.9088783, 22.8562848], [98.908949, 22.8567594], [98.9083834, 22.8573179], [98.9069996, 22.8584999], [98.9058684, 22.8597191], [98.9043938, 22.8611338], [98.9043029, 22.861748], [98.9037675, 22.862809], [98.9034645, 22.8644656], [98.9029191, 22.8657778], [98.9020808, 22.866876], [98.9013334, 22.8677415], [98.9014142, 22.8684116], [98.9014142, 22.8689793], [98.9015556, 22.8694725], [98.9016667, 22.8710267], [98.9007879, 22.8721248], [98.8988285, 22.8728786], [98.8977175, 22.8738185], [98.8957984, 22.874898], [98.895051, 22.8758379], [98.8949399, 22.8766475], [98.8950308, 22.8777549], [98.8944248, 22.8789739], [98.8933743, 22.8802023], [98.8923744, 22.8809281], [98.8912028, 22.8817749], [98.8880717, 22.8820634], [98.8868091, 22.8825659], [98.8850921, 22.8830405], [98.8843851, 22.8835337], [98.8829306, 22.8836453], [98.8820822, 22.8841013], [98.8808297, 22.8851993], [98.8800419, 22.8860275], [98.8791329, 22.8874419], [98.8765775, 22.8887446], [98.8759311, 22.8897495], [98.8759816, 22.8905032], [98.8763553, 22.891657], [98.8759008, 22.8933505], [98.8757493, 22.8949695], [98.8758301, 22.8968676], [98.8757291, 22.8972863], [98.8739211, 22.8988122], [98.8732949, 22.9001893], [98.8734161, 22.9007289], [98.8732343, 22.9017617], [98.8719011, 22.9027851], [98.8715072, 22.9036132], [98.8709214, 22.9040412], [98.8703335, 22.9042385], [98.8685377, 22.9048413], [98.866457, 22.9049623], [98.8657803, 22.9055763], [98.8658308, 22.9063578], [98.8658611, 22.9067393], [98.8648511, 22.9082], [98.8635986, 22.9082465], [98.8626997, 22.9086559], [98.8621644, 22.909456], [98.8612049, 22.9100142], [98.8587202, 22.9125168], [98.8583162, 22.9133727], [98.858195, 22.9143403], [98.857094, 22.9159963], [98.8542357, 22.917829], [98.8536296, 22.9191314], [98.8535286, 22.919643], [98.8531448, 22.9202105], [98.8523065, 22.9206012], [98.8517409, 22.9213827], [98.8495996, 22.9224525], [98.8486603, 22.9233548], [98.8482765, 22.9240339], [98.8481856, 22.9256247], [98.8484482, 22.9263968], [98.8485189, 22.9270852], [98.8487108, 22.928434], [98.848327, 22.9295782], [98.8479331, 22.9301177], [98.8470745, 22.9311781], [98.8459433, 22.9315409], [98.8453474, 22.93182], [98.844206, 22.9329641], [98.8428122, 22.9342943], [98.8422567, 22.9350757], [98.8416002, 22.935978], [98.8413275, 22.9363872], [98.8400346, 22.9371221], [98.8390848, 22.937813], [98.8386214, 22.9357295], [98.8377631, 22.9332988], [98.8363361, 22.9312101], [98.8365722, 22.9286015], [98.8347483, 22.9249059], [98.833847, 22.9215857], [98.829577, 22.9189571], [98.8269806, 22.9173562], [98.8255, 22.9140754], [98.8253498, 22.9122768], [98.8258862, 22.911249], [98.8266587, 22.9076123], [98.8264012, 22.9058927], [98.8251781, 22.9033429], [98.8255429, 22.900121], [98.8260794, 22.8963257], [98.8265514, 22.8932421], [98.8269806, 22.8921351], [98.827002, 22.8882013], [98.8279247, 22.8868768], [98.8276243, 22.88575], [98.8235474, 22.8818753], [98.8220024, 22.8810845], [98.8183546, 22.8804717], [98.8160801, 22.8806496], [98.8147068, 22.8807089], [98.813355, 22.8798984], [98.809278, 22.8760235], [98.8070893, 22.8731568], [98.8040423, 22.8709425], [98.8005662, 22.870903], [98.79915, 22.8707053], [98.7952661, 22.8691829], [98.7923264, 22.8674233], [98.7891078, 22.866059], [98.7868333, 22.8654857], [98.7838721, 22.8648332], [98.7834001, 22.8623222], [98.7829709, 22.8600484], [98.7814903, 22.8584468], [98.7791085, 22.8574187], [98.7761044, 22.8576955], [98.7710619, 22.8593564], [98.7685513, 22.8587434], [98.7656116, 22.8577152], [98.7626076, 22.8589214], [98.7597108, 22.8590993], [98.7553334, 22.8587632], [98.7534451, 22.8558764], [98.7494111, 22.8532861], [98.7444329, 22.8517042], [98.7404847, 22.8511506], [98.7338757, 22.8498455], [98.7326097, 22.8499246], [98.7317729, 22.8517438], [98.7308931, 22.8520602], [98.7277174, 22.8515263], [98.7263193, 22.851097], [98.725913, 22.8506551]]]]}}, {"type": "Feature", "properties": {"core_id": 6472, "public_id": "c9e60e71-fe4a-49b2-a1ae-f2c46ad5b784", "canonical_name": "\u1014\u1031\u102c\u1004\u103a\u1001\u1005\u103a\u1019\u103c\u102d\u102f\u1037\u1014\u101a\u103a", "aliases": "en:Nawngkhiet Township | my:\u1014\u1031\u102c\u1004\u103a\u1001\u1005\u103a\u1019\u103c\u102d\u102f\u1037\u1014\u101a\u103a", "parent_name": "\u1019\u102d\u102f\u1004\u103a\u1038\u101c\u1004\u103a\u1038\u1001\u101b\u102d\u102f\u1004\u103a", "gparent_name": "\u101d\u1015\u103c\u100a\u103a\u1014\u101a\u103a \u1019\u103c\u1031\u102c\u1000\u103a\u1015\u102d\u102f\u1004\u103a\u1038", "overlap_of_source": 0.1758, "overlap_of_core": 0.8594, "centroid_dist_m": 12886.7, "child_admins": 0, "settlements": 9, "postal": 0}, "geometry": {"type": "MultiPolygon", "coordinates": [[[[98.8005894, 22.5105491], [98.8018452, 22.508215], [98.8022974, 22.5073956], [98.8039144, 22.5060331], [98.8067218, 22.5030455], [98.8085165, 22.4994996], [98.8100979, 22.4974476], [98.8110396, 22.4952313], [98.8112173, 22.4932613], [98.8115549, 22.4923091], [98.8124611, 22.4909629], [98.813083, 22.4897973], [98.8128165, 22.4882869], [98.8121768, 22.4867765], [98.8108797, 22.4856765], [98.8105954, 22.4848556], [98.8092805, 22.4822943], [98.8079782, 22.4810992], [98.8041098, 22.4775494], [98.8030793, 22.4761374], [98.804945, 22.4727058], [98.807628, 22.4704399], [98.8090732, 22.4675507], [98.8088116, 22.4660874], [98.809732, 22.4646389], [98.8108565, 22.4640958], [98.812303, 22.4634429], [98.8136544, 22.4611204], [98.8161215, 22.4596517], [98.8175252, 22.4581738], [98.8165835, 22.4560555], [98.8168855, 22.4530175], [98.8162487, 22.4489072], [98.8171913, 22.4477486], [98.818265, 22.4478898], [98.8186346, 22.4482715], [98.8190863, 22.4482191], [98.819767, 22.4477656], [98.8200116, 22.4471036], [98.8202197, 22.4467869], [98.8203433, 22.4465989], [98.8204813, 22.4465761], [98.8209344, 22.4465011], [98.8214569, 22.4465628], [98.8216877, 22.4466695], [98.8218943, 22.4472198], [98.8221191, 22.4477701], [98.8225382, 22.4485074], [98.8232073, 22.4493134], [98.8240945, 22.4504182], [98.8241772, 22.4509672], [98.8241697, 22.4511756], [98.8244478, 22.4513563], [98.8251846, 22.4512799], [98.8254854, 22.4513841], [98.825756, 22.4517107], [98.8258387, 22.452072], [98.8257786, 22.4523708], [98.8256583, 22.4526557], [98.8255079, 22.4532463], [98.8258463, 22.4533922], [98.8262071, 22.4533991], [98.8269439, 22.4532741], [98.8272898, 22.4533019], [98.8275604, 22.4534547], [98.827583, 22.4536562], [98.8272296, 22.4538855], [98.8270717, 22.4545456], [98.8270266, 22.4548652], [98.8272672, 22.455032], [98.8275905, 22.4551432], [98.827598, 22.4555531], [98.8277785, 22.4557477], [98.8279664, 22.4557963], [98.8281544, 22.4556712], [98.8280792, 22.4553586], [98.8282822, 22.4550112], [98.828613, 22.4549903], [98.8289814, 22.4551293], [98.8292446, 22.4548791], [98.8295227, 22.4545873], [98.8298911, 22.4545804], [98.830267, 22.4549139], [98.830267, 22.4551849], [98.8300039, 22.4554281], [98.8300265, 22.455977], [98.8306279, 22.4563383], [98.8307858, 22.4566023], [98.8308309, 22.4569775], [98.8307783, 22.4576723], [98.8311843, 22.45893], [98.8313572, 22.4590828], [98.831673, 22.4591314], [98.8320564, 22.4592635], [98.8321015, 22.45959], [98.8319361, 22.4598679], [98.8319286, 22.4601181], [98.8316128, 22.4605489], [98.8314399, 22.4608059], [98.8315828, 22.4612089], [98.8318459, 22.4613757], [98.8321015, 22.4614174], [98.8321767, 22.4612298], [98.8322745, 22.4608337], [98.8327406, 22.4604863], [98.8333646, 22.4600694], [98.8338909, 22.4600833], [98.834154, 22.4601945], [98.8343495, 22.4604446], [98.8338683, 22.4610005], [98.8340037, 22.4612645], [98.8340187, 22.461459], [98.8338383, 22.4615563], [98.8337255, 22.4617439], [98.8338082, 22.4620079], [98.8340262, 22.4621608], [98.8342142, 22.4621677], [98.8344623, 22.4621816], [98.8348608, 22.462265], [98.8354096, 22.4626471], [98.83556, 22.4627375], [98.8360487, 22.4629529], [98.8359885, 22.4632586], [98.8361464, 22.4633211], [98.8364697, 22.4633141], [98.8368381, 22.4634601], [98.8370561, 22.4643563], [98.8368682, 22.4645648], [98.8364171, 22.4647801], [98.8362517, 22.4647801], [98.8359209, 22.4647385], [98.8355825, 22.4647385], [98.8354923, 22.4649816], [98.8355675, 22.4652318], [98.8359133, 22.4652873], [98.8368005, 22.4652248], [98.8372441, 22.4653707], [98.8373644, 22.4658362], [98.8371238, 22.4665032], [98.8373644, 22.467066], [98.8376801, 22.467059], [98.8378606, 22.4667603], [98.8381538, 22.4666421], [98.8387778, 22.4667325], [98.8399507, 22.4670104], [98.8403191, 22.4669548], [98.8409206, 22.4673439], [98.8411837, 22.4676635], [98.8414995, 22.4678372], [98.8423039, 22.4676496], [98.8428377, 22.4674689], [98.8428904, 22.4672188], [98.843161, 22.4671771], [98.8434016, 22.4673786], [98.8438527, 22.4673856], [98.8440708, 22.4676426], [98.84377, 22.46799], [98.8435971, 22.4681567], [98.8436798, 22.468518], [98.8440106, 22.468657], [98.8444542, 22.4686083], [98.8448301, 22.4684485], [98.8446873, 22.46799], [98.8445895, 22.4677121], [98.8447399, 22.4675453], [98.845191, 22.4674689], [98.8454165, 22.4680664], [98.8455068, 22.4683652], [98.8456722, 22.4684972], [98.8461759, 22.4684485], [98.8466496, 22.468393], [98.8470856, 22.4687056], [98.8474164, 22.4688585], [98.8476345, 22.4688654], [98.8479878, 22.4687403], [98.8482059, 22.4689418], [98.8479803, 22.4698103], [98.8480404, 22.4703661], [98.8482209, 22.4706579], [98.8486043, 22.4706996], [98.8490554, 22.4705189], [98.849296, 22.4706926], [98.8493486, 22.4709358], [98.8495892, 22.4708663], [98.849905, 22.470637], [98.849905, 22.4698659], [98.8496043, 22.469713], [98.8492885, 22.4695671], [98.8489953, 22.4694351], [98.8490554, 22.4691989], [98.8494163, 22.4689418], [98.849702, 22.468921], [98.8499877, 22.4690738], [98.8498524, 22.4694073], [98.8503486, 22.4694004], [98.8506192, 22.4694004], [98.8510403, 22.4692406], [98.8512433, 22.4692962], [98.8514162, 22.469845], [98.8520101, 22.4701299], [98.8528522, 22.4701299], [98.8532507, 22.4699631], [98.8536491, 22.4696296], [98.8538296, 22.4694351], [98.8536416, 22.4692058], [98.8534988, 22.4691433], [98.8533785, 22.469053], [98.8534837, 22.4688376], [98.8537544, 22.4687681], [98.8540326, 22.468518], [98.8542882, 22.4682749], [98.8546115, 22.4680317], [98.8547619, 22.467719], [98.8546942, 22.4673717], [98.8546566, 22.4669965], [98.8549197, 22.4667047], [98.8552881, 22.4666283], [98.8554911, 22.466656], [98.8556791, 22.4664129], [98.8558595, 22.4661489], [98.8557317, 22.4658362], [98.8557092, 22.4654332], [98.8556791, 22.4650233], [98.855852, 22.464794], [98.8562806, 22.4645648], [98.856664, 22.4646968], [98.8567768, 22.4650442], [98.8570023, 22.4653707], [98.8573106, 22.4653846], [98.8575286, 22.4651623], [98.8578594, 22.4650858], [98.8583256, 22.4654332], [98.8585436, 22.465732], [98.8588518, 22.4657806], [98.8589421, 22.4656834], [98.8591, 22.4651553], [98.8593029, 22.4649538], [98.8598819, 22.4654124], [98.8601901, 22.4656], [98.8607314, 22.4656556], [98.8611449, 22.4655652], [98.8611901, 22.4649747], [98.8610246, 22.4647732], [98.8607314, 22.4644883], [98.8606713, 22.4641409], [98.8604683, 22.4637658], [98.8602427, 22.4633558], [98.8598894, 22.4630918], [98.8596262, 22.4628556], [98.8596713, 22.4626263], [98.8600623, 22.4624248], [98.8607465, 22.4619732], [98.8607239, 22.4616188], [98.8612201, 22.4618829], [98.8614081, 22.4620427], [98.8620923, 22.4615563], [98.8624607, 22.4613409], [98.8624306, 22.4611325], [98.8621825, 22.4608476], [98.8619344, 22.4604307], [98.8618291, 22.4602292], [98.8615434, 22.4599027], [98.8615885, 22.4593538], [98.861972, 22.4591523], [98.8627163, 22.458784], [98.8632275, 22.4586173], [98.8634982, 22.4584088], [98.863829, 22.4587007], [98.8641824, 22.4588049], [98.8642801, 22.458652], [98.8642425, 22.458381], [98.8639944, 22.4580058], [98.8636711, 22.4577279], [98.8632726, 22.4575195], [98.8628441, 22.4575334], [98.8625058, 22.4573527], [98.8624607, 22.4567969], [98.8622802, 22.4565954], [98.8619644, 22.4562549], [98.8619419, 22.4560256], [98.8621449, 22.4558727], [98.8630095, 22.4554211], [98.8634606, 22.455039], [98.8634606, 22.4546985], [98.8632726, 22.4544761], [98.8634005, 22.4540662], [98.8639643, 22.4531629], [98.8646861, 22.4521067], [98.864859, 22.4514814], [98.8647688, 22.4513077], [98.8645207, 22.4512034], [98.8643778, 22.4509394], [98.8644605, 22.4507031], [98.8647838, 22.4505642], [98.865047, 22.4504043], [98.8651222, 22.4501195], [98.86525, 22.449911], [98.8651597, 22.4497512], [98.8648365, 22.4493899], [98.8647913, 22.4490355], [98.8648365, 22.4488201], [98.8652199, 22.448834], [98.865671, 22.4490285], [98.8660018, 22.4492509], [98.8664529, 22.4494038], [98.8667837, 22.4494107], [98.8671822, 22.4491467], [98.8671371, 22.4486811], [98.8668664, 22.4482155], [98.8666785, 22.4480696], [98.866483, 22.448021], [98.8661672, 22.4482642], [98.8659717, 22.4482433], [98.8657612, 22.4481461], [98.8656033, 22.4480071], [98.8654605, 22.4477569], [98.8656635, 22.4474512], [98.8661898, 22.4471246], [98.866919, 22.4466729], [98.8674378, 22.4466521], [98.8678438, 22.446805], [98.8688287, 22.4467563], [98.8694753, 22.4462977], [98.8698286, 22.445714], [98.8699264, 22.4454291], [98.8699489, 22.4451928], [98.8704076, 22.4451859], [98.8708211, 22.4450261], [98.8712797, 22.445165], [98.8714601, 22.4451442], [98.8714902, 22.4449496], [98.8714676, 22.4444563], [98.8717609, 22.4442617], [98.8720842, 22.4444493], [98.87243, 22.4448662], [98.8728435, 22.4448662], [98.8736931, 22.4445466], [98.87446, 22.444359], [98.8745276, 22.4443729], [98.874663, 22.444491], [98.874272, 22.4453249], [98.8743171, 22.4455542], [98.87449, 22.4457279], [98.8751592, 22.445992], [98.8754148, 22.4458877], [98.8757907, 22.4455472], [98.876129, 22.4444215], [98.8766403, 22.4441714], [98.8773545, 22.4441019], [98.8775726, 22.4440115], [98.8777229, 22.4437197], [98.8777981, 22.4429553], [98.8777981, 22.4427955], [98.8780086, 22.4427329], [98.8780838, 22.4429067], [98.8782417, 22.4430456], [98.8784748, 22.4429901], [98.8786552, 22.442865], [98.8786778, 22.4425523], [98.8785575, 22.4419964], [98.8785875, 22.4413362], [98.8791589, 22.4404537], [98.8796251, 22.4398213], [98.8804446, 22.4392376], [98.8811287, 22.4380562], [98.8813693, 22.4373683], [98.8817001, 22.4365344], [98.8818731, 22.435353], [98.8819407, 22.4340187], [98.8819182, 22.4334906], [98.8817152, 22.4334072], [98.8812791, 22.4333933], [98.8802792, 22.4332404], [98.8799183, 22.4331709], [98.8797002, 22.4330388], [98.8796777, 22.4327053], [98.8813242, 22.4327539], [98.8817904, 22.4325941], [98.8820836, 22.4324829], [98.882061, 22.4323092], [98.8819633, 22.4321354], [98.881422, 22.4319408], [98.8812265, 22.4318366], [98.8813618, 22.4315725], [98.8818054, 22.4315169], [98.8826399, 22.4319061], [98.8833692, 22.4316907], [98.884121, 22.4314613], [98.8843842, 22.4312806], [98.8846097, 22.4311347], [98.8847075, 22.4309401], [98.8846022, 22.4306413], [98.8840609, 22.430544], [98.8838579, 22.4304119], [98.8835797, 22.430266], [98.8835121, 22.4300506], [98.8838053, 22.4297795], [98.8841511, 22.4296614], [98.8842413, 22.4294738], [98.8840534, 22.4292583], [98.8834068, 22.4290429], [98.883482, 22.4287232], [98.8837301, 22.4284244], [98.8844819, 22.4281255], [98.8849405, 22.428341], [98.8853465, 22.4289039], [98.8857074, 22.4292722], [98.886136, 22.4297309], [98.8864442, 22.4295502], [98.8867299, 22.4291332], [98.8866998, 22.4286745], [98.8864442, 22.4285425], [98.8867074, 22.4280977], [98.8867525, 22.4279379], [98.8871585, 22.4278475], [98.8873615, 22.4277224], [98.8876622, 22.4274723], [98.8875269, 22.4271873], [98.8872712, 22.4269649], [98.8868803, 22.4269441], [98.8859706, 22.4271943], [98.8856999, 22.4270831], [98.8856999, 22.4268468], [98.8860082, 22.4266591], [98.8872336, 22.4260893], [98.8877299, 22.425853], [98.8879554, 22.4253387], [98.8886245, 22.4250885], [98.8888726, 22.4247549], [98.8889629, 22.4245256], [98.8883764, 22.4243588], [98.8877148, 22.4238931], [98.8860006, 22.4225587], [98.88576, 22.4223294], [98.8852488, 22.4222251], [98.8849556, 22.4221556], [98.8848729, 22.421829], [98.8856924, 22.4213633], [98.8860984, 22.4206475], [98.8861059, 22.4202791], [98.8864217, 22.4201401], [98.8870382, 22.4200637], [98.8875043, 22.419876], [98.8875569, 22.4193131], [98.8877975, 22.418764], [98.887775, 22.4184582], [98.8874817, 22.4183401], [98.8867901, 22.4182775], [98.8864818, 22.4178535], [98.8865044, 22.417367], [98.8862337, 22.4168944], [98.8861209, 22.4166234], [98.886151, 22.4164218], [98.8864743, 22.4160882], [98.8866698, 22.4156017], [98.8867299, 22.415421], [98.8866923, 22.4152264], [98.8865194, 22.4149761], [98.8864442, 22.4147815], [98.8864893, 22.4145661], [98.8865495, 22.4140448], [98.8867149, 22.4136], [98.8868878, 22.4135374], [98.8870532, 22.4133289], [98.8867525, 22.4131343], [98.8865645, 22.4125852], [98.886572, 22.4119944], [98.8867901, 22.4113063], [98.8869855, 22.4108823], [98.8872938, 22.4106043], [98.8875269, 22.4104375], [98.887993, 22.4106391], [98.8883539, 22.4107225], [98.8885418, 22.4105001], [98.8885569, 22.4102846], [98.8883915, 22.4098884], [98.8881133, 22.409388], [98.8879855, 22.4090891], [98.8879554, 22.4086582], [98.8880456, 22.4079214], [98.8881734, 22.4078171], [98.8885268, 22.4077893], [98.8888426, 22.407838], [98.8890456, 22.4078102], [98.8889102, 22.4075252], [98.8885719, 22.4070178], [98.8885042, 22.4066772], [98.8883689, 22.4064548], [98.8880381, 22.4063714], [98.8877148, 22.4060934], [98.887384, 22.4057597], [98.887166, 22.4053635], [98.8873088, 22.4047032], [98.8872637, 22.4041332], [98.8872336, 22.4036745], [98.8870532, 22.403174], [98.8867074, 22.4024859], [98.8867074, 22.4022495], [98.8868502, 22.4019854], [98.8869555, 22.4017143], [98.886775, 22.4015266], [98.8864141, 22.4014849], [98.8859706, 22.401471], [98.8856022, 22.4014085], [98.8852939, 22.4010401], [98.885341, 22.4007372], [98.8851359, 22.4004106], [98.8850903, 22.3999681], [98.8857285, 22.3996099], [98.8859906, 22.3995678], [98.8862641, 22.3993781], [98.8866288, 22.3991253], [98.886435, 22.3985352], [98.8862185, 22.3983561], [98.884908, 22.3986195], [98.8842584, 22.3985352], [98.8836887, 22.398609], [98.883267, 22.3985247], [98.8831075, 22.3978188], [98.8833126, 22.3974922], [98.8840533, 22.3974079], [98.8849764, 22.397155], [98.8858425, 22.3968811], [98.8860932, 22.3966071], [98.8861957, 22.3961541], [98.885888, 22.3956484], [98.8856373, 22.395406], [98.8856601, 22.3951426], [98.8865376, 22.3946053], [98.8859108, 22.3934041], [98.8853182, 22.393067], [98.8844636, 22.3922662], [98.8837912, 22.3910967], [98.8840647, 22.39077], [98.884908, 22.3907068], [98.8865946, 22.3907595], [98.8873467, 22.3910124], [98.8879734, 22.3908227], [98.8877911, 22.3902221], [98.8876316, 22.3898428], [98.8868453, 22.3896848], [98.8862983, 22.3895794], [98.886435, 22.3890842], [98.8872441, 22.3884836], [98.888076, 22.388178], [98.8887484, 22.3887365], [98.889113, 22.388473], [98.88917, 22.3879567], [98.8889421, 22.387609], [98.88917, 22.387472], [98.890093, 22.3875247], [98.8906172, 22.3874615], [98.8910503, 22.3868609], [98.8915517, 22.3869452], [98.8916201, 22.3875142], [98.8920303, 22.3872613], [98.8923038, 22.386745], [98.892338, 22.3860706], [98.8931129, 22.3859337], [98.894959, 22.3863973], [98.8957111, 22.3862919], [98.8960758, 22.3860601], [98.8964405, 22.3856386], [98.8963721, 22.3850064], [98.8959846, 22.3848062], [98.8954148, 22.3847851], [98.8948678, 22.384743], [98.8946399, 22.3849853], [98.8943892, 22.3850064], [98.8942069, 22.3849432], [98.8942069, 22.384448], [98.8949134, 22.3839738], [98.8956428, 22.384037], [98.8961897, 22.3838579], [98.8964177, 22.383763], [98.896486, 22.3834364], [98.8963493, 22.3831308], [98.8961783, 22.3828885], [98.8958707, 22.3827726], [98.8958137, 22.3826145], [98.8943778, 22.3823616], [98.8930559, 22.3819296], [98.8928508, 22.381624], [98.8931015, 22.3810023], [98.8935801, 22.3809391], [98.8944348, 22.3812341], [98.894902, 22.3812552], [98.8953237, 22.3813079], [98.8955516, 22.3811709], [98.8951641, 22.3805913], [98.8944006, 22.3794533], [98.8940929, 22.3787473], [98.8938308, 22.3784206], [98.8943095, 22.3778516], [98.8952325, 22.3778622], [98.8954604, 22.3776936], [98.8949248, 22.3771351], [98.8939334, 22.3763026], [98.8935573, 22.3762604], [98.8928622, 22.3762288], [98.8926229, 22.3760602], [98.8921215, 22.3755017], [98.8915061, 22.3751751], [98.8909933, 22.3749327], [98.8907312, 22.3745217], [98.8904919, 22.3731518], [98.8901842, 22.3723825], [98.889603, 22.3718872], [98.8887142, 22.3713393], [98.8885204, 22.3721612], [98.8880646, 22.3723509], [98.8876544, 22.3721402], [98.8871985, 22.3718662], [98.8871757, 22.3715816], [98.8871188, 22.3712128], [98.8869706, 22.3710021], [98.886378, 22.3710126], [98.8862071, 22.3709283], [98.8859108, 22.3705068], [98.8856943, 22.3703065], [98.8847485, 22.3705489], [98.8840989, 22.3705805], [98.8826061, 22.3692738], [98.881797, 22.3691052], [98.8812158, 22.3692106], [98.8803839, 22.3691684], [98.8798825, 22.3688101], [98.879723, 22.3683781], [98.8798483, 22.3681568], [98.8801218, 22.3669975], [98.8804295, 22.3667973], [98.8809765, 22.3669975], [98.8812158, 22.3679144], [98.8815121, 22.3682727], [98.8820705, 22.3681251], [98.8827998, 22.3673769], [98.8829024, 22.3670502], [98.8827314, 22.3668605], [98.8822756, 22.3662809], [98.8820021, 22.3649952], [98.8820819, 22.3639203], [98.8824237, 22.3635304], [98.8830391, 22.3627294], [98.8830961, 22.362076], [98.8828682, 22.3617493], [98.8824351, 22.3604215], [98.8824009, 22.3599788], [98.8819565, 22.3595046], [98.8808397, 22.3588617], [98.8799965, 22.358535], [98.8792443, 22.3584612], [98.8786404, 22.358398], [98.8782529, 22.357734], [98.878139, 22.3571544], [98.8787087, 22.3570595], [98.8796204, 22.3573019], [98.8802927, 22.3570384], [98.8801902, 22.3566274], [98.8797116, 22.3563956], [98.8791988, 22.3558264], [98.8791532, 22.3555103], [98.8796204, 22.3552257], [98.8798141, 22.3537291], [98.8797913, 22.353023], [98.8792785, 22.3527911], [98.8788683, 22.352359], [98.8792102, 22.3520007], [98.8798825, 22.3517161], [98.8801104, 22.3510943], [98.880099, 22.3502195], [98.8798711, 22.3497979], [98.8796888, 22.3493552], [98.8789025, 22.3493763], [98.8781276, 22.3492288], [98.8775236, 22.3498084], [98.8770564, 22.3498717], [98.8766005, 22.3495871], [98.876498, 22.3487334], [98.8764638, 22.3479851], [98.8762929, 22.3479007], [98.8757999, 22.347957], [98.8752745, 22.348102], [98.8747702, 22.3480723], [98.8745664, 22.3477944], [98.8746093, 22.3474372], [98.8748882, 22.3472487], [98.8750063, 22.3466731], [98.8748024, 22.3462266], [98.8744269, 22.3460678], [98.8739763, 22.346048], [98.8738583, 22.3457999], [98.8741587, 22.345393], [98.8743089, 22.34449], [98.8738905, 22.3438152], [98.8734935, 22.3436366], [98.8729356, 22.3434282], [98.8720129, 22.3433191], [98.8712619, 22.3435672], [98.8704787, 22.3435076], [98.8698135, 22.3430611], [98.8695989, 22.3424954], [98.8697813, 22.342158], [98.870307, 22.3417413], [98.870586, 22.3413642], [98.8705752, 22.3409176], [98.8700495, 22.3410665], [98.8691698, 22.3416519], [98.8679789, 22.3422275], [98.8675712, 22.3423367], [98.8666699, 22.3412749], [98.8666914, 22.3408878], [98.8669167, 22.33931], [98.8663481, 22.3382184], [98.8660799, 22.3370077], [98.8659618, 22.3366802], [98.8663159, 22.3363924], [98.8665412, 22.3361741], [98.8664446, 22.335658], [98.8661442, 22.3350328], [98.8656078, 22.3339313], [98.8657151, 22.3327205], [98.8658438, 22.3325419], [98.866391, 22.3324625], [98.8668738, 22.3324228], [98.8670455, 22.3321747], [98.8669918, 22.3319266], [98.8664661, 22.3316487], [98.865125, 22.3314701], [98.8636981, 22.3309044], [98.8634728, 22.3301006], [98.8630865, 22.3285127], [98.8625715, 22.3275897], [98.8622819, 22.3273019], [98.8619922, 22.3269446], [98.8620565, 22.3264682], [98.8623999, 22.3259422], [98.8632582, 22.3250192], [98.8633333, 22.3244833], [98.8631938, 22.3240764], [98.8629685, 22.3238382], [98.8622819, 22.3238283], [98.8609944, 22.3236], [98.8606833, 22.3232725], [98.8601146, 22.3232725], [98.8599859, 22.3230839], [98.8598035, 22.3228854], [98.8600288, 22.3224785], [98.8602648, 22.3224487], [98.860576, 22.3222403], [98.8607047, 22.3219525], [98.8603936, 22.3215654], [98.8597713, 22.321754], [98.8596104, 22.3222205], [98.8590954, 22.3226472], [98.8585482, 22.3227564], [98.8583229, 22.3223693], [98.8585053, 22.3219326], [98.858162, 22.3209401], [98.8577114, 22.320434], [98.8579045, 22.3197591], [98.858162, 22.3196102], [98.858795, 22.3197988], [98.8591061, 22.3196598], [98.8592563, 22.3193422], [98.8592778, 22.3186574], [98.8592992, 22.31831], [98.8598357, 22.318578], [98.8605438, 22.3193323], [98.8608227, 22.3194216], [98.8611768, 22.3194018], [98.8612841, 22.319233], [98.8613055, 22.3188261], [98.8610695, 22.31831], [98.8609193, 22.3180619], [98.8604472, 22.3179825], [98.8601468, 22.3175259], [98.8595889, 22.3171091], [98.858913, 22.3166823], [98.8588379, 22.3164639], [98.8590632, 22.3160967], [98.8592778, 22.3155607], [98.8590739, 22.3150744], [98.8589881, 22.3147965], [98.8582907, 22.3149156], [98.8574861, 22.314856], [98.8571964, 22.3145583], [98.8570784, 22.3138337], [98.8576148, 22.3131091], [98.8580332, 22.3126625], [98.8579367, 22.3122953], [98.8572608, 22.312325], [98.8573144, 22.3117096], [98.8577006, 22.3108263], [98.8577972, 22.3103101], [98.8577221, 22.310062], [98.85725, 22.3097543], [98.8566492, 22.3099429], [98.8564561, 22.3099627], [98.8562415, 22.3097245], [98.8558124, 22.3095756], [98.8551579, 22.3096253], [98.8546536, 22.3100223], [98.8542245, 22.3101017], [98.8539777, 22.3098436], [98.8537739, 22.3097146], [98.8530336, 22.3091786], [98.8529692, 22.3087518], [98.8525401, 22.307789], [98.8524757, 22.3074614], [98.8528834, 22.3071239], [98.8533876, 22.3068162], [98.8535593, 22.3064192], [98.8535593, 22.3058832], [98.8532267, 22.3054068], [98.8520251, 22.3047516], [98.8517783, 22.3045035], [98.8519178, 22.3038781], [98.8526474, 22.302558], [98.8534413, 22.3024091], [98.8554369, 22.3026076], [98.8560806, 22.3024091], [98.856499, 22.3023694], [98.8570891, 22.3026374], [98.8574002, 22.3027068], [98.8582264, 22.3025182], [98.8585911, 22.3020815], [98.8585911, 22.3015554], [98.8580547, 22.2997686], [98.8586984, 22.2990242], [98.859149, 22.2984782], [98.8586126, 22.2978528], [98.8575612, 22.2980414], [98.8570355, 22.2978826], [98.8566814, 22.2975352], [98.8565741, 22.2969892], [98.8566385, 22.2964433], [98.8566278, 22.2961653], [98.8563381, 22.2959668], [98.8555763, 22.2956293], [98.8551686, 22.2956293], [98.8547502, 22.2955399], [98.8544283, 22.2952918], [98.8540314, 22.2947954], [98.8536022, 22.2932468], [98.8537953, 22.2929788], [98.8546, 22.2930681], [98.8549326, 22.2928299], [98.8549326, 22.2923931], [98.8549111, 22.2912912], [98.8545893, 22.2911026], [98.8541494, 22.2910331], [98.8537202, 22.2911522], [98.8530121, 22.2913806], [98.852937, 22.2911721], [98.8514886, 22.2911026], [98.8504158, 22.2912019], [98.8500081, 22.2914004], [98.8496111, 22.2912813], [98.8494823, 22.2908842], [98.8498149, 22.2901893], [98.8502977, 22.28873], [98.8505552, 22.2884719], [98.8508235, 22.2878465], [98.8509737, 22.287509], [98.8516281, 22.2873501], [98.8521002, 22.2870523], [98.8525293, 22.2869729], [98.8529156, 22.2873402], [98.853731, 22.2878564], [98.8539992, 22.2878465], [98.8543318, 22.287638], [98.8543211, 22.2873303], [98.8540099, 22.2868438], [98.8541065, 22.2864467], [98.8540743, 22.2855334], [98.8538919, 22.285176], [98.8535808, 22.2847591], [98.8529156, 22.2845605], [98.8520895, 22.2842329], [98.851671, 22.2839748], [98.8517247, 22.2836174], [98.85195, 22.2831806], [98.8522826, 22.2829522], [98.8523684, 22.2826743], [98.8522611, 22.2824956], [98.8517676, 22.282307], [98.8508771, 22.2820389], [98.8506947, 22.2816219], [98.8502548, 22.281195], [98.8498579, 22.2808178], [98.8499222, 22.28052], [98.8505445, 22.2799342], [98.8512419, 22.2791003], [98.8512204, 22.2787329], [98.8509629, 22.2779486], [98.8509415, 22.2776309], [98.8512097, 22.2775416], [98.8528941, 22.2778196], [98.8531945, 22.2776905], [98.8533769, 22.2775416], [98.8534413, 22.277075], [98.8532374, 22.2764892], [98.8528297, 22.2759928], [98.8524328, 22.2757148], [98.8522826, 22.2753574], [98.852937, 22.2742256], [98.8536237, 22.27362], [98.8539885, 22.273471], [98.8543747, 22.2737887], [98.8546966, 22.2739575], [98.8549541, 22.2737987], [98.8549433, 22.2735107], [98.8544176, 22.2727761], [98.8544283, 22.272369], [98.8550292, 22.2711776], [98.8551794, 22.2706216], [98.8549862, 22.2702046], [98.8545785, 22.270006], [98.8542996, 22.2698769], [98.8541494, 22.2695791], [98.8544498, 22.2692316], [98.8545571, 22.2687451], [98.8545678, 22.2682586], [98.8553618, 22.2666501], [98.8551334, 22.2661052], [98.8543115, 22.2655866], [98.8536577, 22.265189], [98.8533401, 22.2644629], [98.8533215, 22.2637541], [98.8532094, 22.2631663], [98.8524248, 22.2623538], [98.8516776, 22.2622847], [98.8504821, 22.2618006], [98.8496415, 22.2613684], [98.84938, 22.2609881], [98.8492866, 22.2598817], [98.8491185, 22.2582566], [98.8490251, 22.2580146], [98.8492492, 22.2575824], [98.8496789, 22.2569773], [98.8501272, 22.2564932], [98.8502766, 22.255819], [98.8496228, 22.2553522], [98.8500711, 22.2537962], [98.8509491, 22.2521365], [98.8511172, 22.2506324], [98.850837, 22.2496642], [98.8507436, 22.248575], [98.8498096, 22.2463446], [98.8494173, 22.2451171], [98.8490251, 22.2444082], [98.8493239, 22.2438376], [98.8503513, 22.243682], [98.8505568, 22.2432325], [98.8510238, 22.2422642], [98.8511172, 22.2416072], [98.8513414, 22.2412268], [98.8530413, 22.24076], [98.8533588, 22.2402413], [98.8538258, 22.2394632], [98.8545357, 22.2384604], [98.8553949, 22.2378898], [98.8568409, 22.237305], [98.857478, 22.2366632], [98.8571098, 22.236094], [98.8570438, 22.2355611], [98.8572567, 22.2354454], [98.8573567, 22.2353975], [98.8581111, 22.2354342], [98.8587797, 22.2360469], [98.8604436, 22.2368568], [98.8615769, 22.2367513], [98.8654138, 22.2382987], [98.8664731, 22.23995], [98.8709581, 22.2403902], [98.8814616, 22.2464504], [98.8940605, 22.2506415], [98.896631, 22.2553942], [98.9014993, 22.2564585], [98.9049996, 22.2547252], [98.9070834, 22.2519036], [98.9090352, 22.2509609], [98.911776, 22.2499848], [98.9132489, 22.2509296], [98.9174723, 22.2498006], [98.9180786, 22.2507223], [98.9191022, 22.2496263], [98.9216207, 22.2490245], [98.9224668, 22.2472774], [98.9271887, 22.2440179], [98.9283536, 22.2414555], [98.9270361, 22.2384697], [98.9264567, 22.2339435], [98.9286482, 22.2303583], [98.9293957, 22.2275511], [98.9325577, 22.2256171], [98.9348068, 22.2210405], [98.9394878, 22.2142227], [98.9412047, 22.2152824], [98.9481613, 22.2177823], [98.9495467, 22.2195857], [98.9503479, 22.2212873], [98.9519501, 22.2237078], [98.9535643, 22.2276776], [98.9566542, 22.2311734], [98.9587141, 22.2341925], [98.9630057, 22.2357815], [98.964379, 22.2384827], [98.9672972, 22.2403894], [98.9697005, 22.2410249], [98.9715887, 22.2426138], [98.9751936, 22.2422961], [98.9772536, 22.2429316], [98.9801718, 22.2422961], [98.98618, 22.2429316], [98.9915015, 22.2476981], [98.9956213, 22.2486514], [98.9981963, 22.249287], [99.0038611, 22.2464271], [99.0067793, 22.2422961], [99.0100409, 22.2419783], [99.016049, 22.2421372], [99.0211895, 22.2446854], [99.023356, 22.2456621], [99.0238233, 22.2458727], [99.0260648, 22.2474223], [99.0278814, 22.2503503], [99.0309836, 22.2532589], [99.0313269, 22.2542122], [99.029267, 22.2573896], [99.0286021, 22.259027], [99.0281129, 22.2623756], [99.0272225, 22.2639168], [99.0239891, 22.2665126], [99.023418, 22.2672534], [99.02297, 22.2688328], [99.0223184, 22.2704925], [99.0206673, 22.2719376], [99.0196206, 22.2724127], [99.0187255, 22.2731968], [99.0184064, 22.274588], [99.0176244, 22.2769407], [99.0177605, 22.2800698], [99.017206, 22.2818961], [99.017469, 22.2839383], [99.0161658, 22.2867684], [99.0161312, 22.287991], [99.0169482, 22.2893162], [99.0182786, 22.2902458], [99.0183512, 22.2907303], [99.0175401, 22.2920437], [99.0161609, 22.2928884], [99.0138174, 22.2939252], [99.0124062, 22.2948887], [99.0119292, 22.2956723], [99.0115671, 22.2960861], [99.0109555, 22.2979811], [99.0106568, 22.299139], [99.0098437, 22.3001081], [99.0096755, 22.3011129], [99.0101719, 22.3022817], [99.0098604, 22.3027972], [99.0093768, 22.303034], [99.0093626, 22.3035209], [99.0099172, 22.3041262], [99.0101464, 22.305493], [99.010543, 22.3066657], [99.0111119, 22.3071789], [99.01188, 22.3073105], [99.0135582, 22.3070473], [99.0144542, 22.3072315], [99.0152933, 22.3079947], [99.0153645, 22.3089815], [99.0160187, 22.3097447], [99.0170569, 22.3103631], [99.0181521, 22.3107973], [99.0196739, 22.3120868], [99.0217646, 22.3126394], [99.0224615, 22.3122973], [99.0234286, 22.3129157], [99.0250784, 22.3149025], [99.0258749, 22.3154945], [99.0268136, 22.3157708], [99.0271122, 22.3162314], [99.0271407, 22.3185733], [99.0273682, 22.3194812], [99.0279656, 22.3215731], [99.0278376, 22.3251517], [99.0278234, 22.3261121], [99.0272687, 22.3269409], [99.02633, 22.3277566], [99.0256758, 22.328546], [99.0252775, 22.3297432], [99.0258607, 22.3308483], [99.0268989, 22.3322033], [99.0280367, 22.3331242], [99.0290011, 22.3335719], [99.0298195, 22.3337892], [99.0305597, 22.3336641], [99.0318693, 22.3332954], [99.0324885, 22.3333152], [99.0329938, 22.3333086], [99.033435, 22.3329597], [99.0335418, 22.3325515], [99.0335774, 22.3320775], [99.0342677, 22.3309715], [99.0348513, 22.3306752], [99.0357766, 22.3304843], [99.0369722, 22.3300432], [99.0383957, 22.3302078], [99.0396127, 22.3305962], [99.0409365, 22.3309057], [99.0415841, 22.3312941], [99.0441107, 22.3312875], [99.0446659, 22.3310176], [99.0458046, 22.3305633], [99.0470003, 22.3308201], [99.0476835, 22.3311427], [99.0485447, 22.3317022], [99.0487867, 22.3322289], [99.0499468, 22.3328412], [99.0506443, 22.3338879], [99.0512706, 22.3353691], [99.0516507, 22.3358874], [99.0527141, 22.3409762], [99.0502409, 22.3428782], [99.0429639, 22.349125], [99.0435246, 22.3546659], [99.0407221, 22.3631134], [99.0433895, 22.3658507], [99.0397618, 22.3727046], [99.0381487, 22.3763297], [99.0401631, 22.379556], [99.0456247, 22.3845116], [99.0429639, 22.3880155], [99.0518511, 22.3932588], [99.0515157, 22.3996467], [99.0459084, 22.4006823], [99.0461774, 22.4024186], [99.0429367, 22.404571], [99.0422591, 22.4118007], [99.0440517, 22.4148166], [99.0437097, 22.4160899], [99.0438874, 22.4195331], [99.0353283, 22.4212484], [99.0327897, 22.4248347], [99.0344998, 22.4298279], [99.032274, 22.4333016], [99.0356807, 22.4379705], [99.034271, 22.4415536], [99.0285149, 22.4437251], [99.0256488, 22.442903], [99.0251082, 22.4427479], [99.0240654, 22.4431639], [99.0234529, 22.4437629], [99.0234315, 22.44425], [99.0236523, 22.4445989], [99.0240868, 22.4446582], [99.0249557, 22.4448096], [99.0253403, 22.445007], [99.0255041, 22.4456324], [99.0252405, 22.4467316], [99.0249699, 22.4470081], [99.0246067, 22.4469094], [99.0241936, 22.4464684], [99.0237378, 22.4464025], [99.0235455, 22.4470476], [99.0235384, 22.4480218], [99.0234814, 22.4488841], [99.023574, 22.449437], [99.0232321, 22.4505494], [99.0231609, 22.4510233], [99.0229615, 22.4512471], [99.022235, 22.4518198], [99.0223775, 22.4527413], [99.0228048, 22.4537747], [99.0221994, 22.4552162], [99.0219644, 22.4559204], [99.0223134, 22.4570328], [99.0234102, 22.4585598], [99.0234387, 22.4590008], [99.0230469, 22.4604356], [99.0230469, 22.4609293], [99.0225057, 22.4614624], [99.0225626, 22.4617783], [99.0231395, 22.4626076], [99.0250554, 22.4636344], [99.0253474, 22.4642794], [99.0256679, 22.4646019], [99.0254328, 22.4650626], [99.0255041, 22.4655364], [99.0266578, 22.4663723], [99.0276122, 22.467116], [99.0288799, 22.4685705], [99.0297274, 22.4698407], [99.0301975, 22.4702158], [99.0307245, 22.471203], [99.0312516, 22.4717295], [99.0313869, 22.4722758], [99.0311091, 22.4730326], [99.0313085, 22.4737763], [99.0318356, 22.4743686], [99.0318641, 22.4749412], [99.0311661, 22.47631], [99.030696, 22.4777184], [99.0295067, 22.4788371], [99.0295209, 22.4795808], [99.0290508, 22.4805745], [99.0290366, 22.4809496], [99.0294782, 22.4815024], [99.0309097, 22.4825487], [99.031686, 22.4827922], [99.0324552, 22.4828514], [99.0326688, 22.4833252], [99.0326261, 22.4843518], [99.0328398, 22.4858983], [99.0326546, 22.4870104], [99.032968, 22.4878132], [99.0342001, 22.4880435], [99.0355034, 22.4886095], [99.0362512, 22.4893004], [99.0347279, 22.4893963], [99.0326597, 22.4895265], [99.0293552, 22.4883965], [99.0279175, 22.4890706], [99.025643, 22.4889318], [99.0239908, 22.4908945], [99.0209652, 22.4924607], [99.0174676, 22.495831], [99.0195919, 22.4973773], [99.0239908, 22.5022938], [99.0293123, 22.5027101], [99.0364575, 22.5071104], [99.0313568, 22.5099297], [99.0299547, 22.5164763], [99.0345047, 22.5183918], [99.0348504, 22.5225624], [99.0348354, 22.5287421], [99.0346209, 22.5296935], [99.0328613, 22.5310214], [99.0296427, 22.5333601], [99.0274969, 22.5345097], [99.024686, 22.5360358], [99.0255013, 22.5363925], [99.0261236, 22.5377996], [99.0288058, 22.5415057], [99.0272823, 22.5419814], [99.0262953, 22.542675], [99.0249005, 22.5426552], [99.0222398, 22.5429723], [99.0196863, 22.5447361], [99.0199438, 22.5459648], [99.0213171, 22.5474115], [99.0211025, 22.5483825], [99.0218535, 22.5492347], [99.0220037, 22.5517713], [99.0218086, 22.5520549], [99.0195361, 22.5553581], [99.0184632, 22.5574784], [99.0173689, 22.5593015], [99.0177551, 22.5613028], [99.0147296, 22.5628484], [99.011232, 22.5622936], [99.0055886, 22.5615803], [99.0012113, 22.5620756], [99.0009538, 22.5640175], [99.0005119, 22.5650322], [99.0001598, 22.5658405], [98.9988154, 22.56534], [98.9966494, 22.5650655], [98.9957576, 22.5652354], [98.9946245, 22.5660999], [98.9929256, 22.5676556], [98.9916798, 22.5687668], [98.9895139, 22.5707669], [98.9871072, 22.5716819], [98.9860171, 22.5724271], [98.9861021, 22.573133], [98.9861304, 22.5737212], [98.9853659, 22.5741787], [98.9846156, 22.5741003], [98.9838936, 22.5737473], [98.982308, 22.5751199], [98.9809065, 22.5759565], [98.9798023, 22.5774598], [98.9787972, 22.5788977], [98.9784574, 22.5797996], [98.978061, 22.5811591], [98.977424, 22.581695], [98.9768718, 22.5820741], [98.9761923, 22.5822179], [98.9755411, 22.5820087], [98.9751447, 22.5813421], [98.9747766, 22.5812114], [98.973998, 22.5814074], [98.973007, 22.5821264], [98.971832, 22.5823224], [98.9707561, 22.5818257], [98.968307, 22.5821002], [98.966594, 22.5821656], [98.9643856, 22.5819434], [98.9619789, 22.5820349], [98.9608464, 22.5819564], [98.9583831, 22.5819172], [98.9563728, 22.5817734], [98.9549288, 22.580048], [98.9539803, 22.5796036], [98.9521966, 22.5797343], [98.9496767, 22.580414], [98.9482327, 22.5806754], [98.947355, 22.5806624], [98.9439432, 22.5801003], [98.9419187, 22.5804794], [98.941126, 22.580414], [98.9392997, 22.5795382], [98.9389458, 22.5789369], [98.9385353, 22.5779304], [98.9382097, 22.577133], [98.9378133, 22.5751591], [98.9366383, 22.5741657], [98.9358172, 22.5736166], [98.9354633, 22.5697864], [98.9347696, 22.56827], [98.9324903, 22.5668581], [98.9310039, 22.5661522], [98.92813, 22.564858], [98.9264454, 22.563786], [98.925143, 22.562361], [98.9240246, 22.5620603], [98.9224956, 22.5622303], [98.9201031, 22.5624917], [98.9184468, 22.5630147], [98.9125434, 22.5644004], [98.9124585, 22.563433], [98.9101085, 22.5645704], [98.9077867, 22.5649233], [98.9056491, 22.5651325], [98.9043608, 22.565041], [98.9025912, 22.5649103], [98.9007933, 22.5650933], [98.8984008, 22.5630931], [98.8954562, 22.5597856], [98.8939131, 22.5580337], [98.8916338, 22.5574715], [98.8904871, 22.5561772], [98.8903456, 22.5546606], [98.8905721, 22.5541638], [98.8892272, 22.552438], [98.8884344, 22.5514183], [98.885957, 22.5505815], [98.882078, 22.5492479], [98.881894, 22.5489472], [98.8820803, 22.5486156], [98.8826726, 22.5475613], [98.8828142, 22.5462407], [98.8829557, 22.5451686], [98.8822825, 22.5440702], [98.881192, 22.5428615], [98.8810242, 22.5417924], [98.8805545, 22.5410486], [98.8796317, 22.539654], [98.8785748, 22.5373606], [98.8786251, 22.5370352], [98.8789774, 22.535935], [98.8790948, 22.5352996], [98.8793465, 22.5349122], [98.8795982, 22.5341219], [98.8793968, 22.5331611], [98.8791955, 22.5325878], [98.879011, 22.5316425], [98.8790613, 22.5312396], [98.8795814, 22.5302943], [98.8796821, 22.5295659], [98.8795982, 22.5286516], [98.8794807, 22.5278923], [98.8793297, 22.5273963], [98.8778701, 22.5271949], [98.8762259, 22.5271329], [98.8759072, 22.5271329], [98.8749173, 22.5270089], [98.874112, 22.5275048], [98.8734409, 22.5282177], [98.8730886, 22.5293335], [98.8723336, 22.5298759], [98.8711257, 22.5301703], [98.8699177, 22.5304647], [98.8689614, 22.5318439], [98.8684916, 22.5320299], [98.8674347, 22.5319834], [98.867334, 22.5326652], [98.8681058, 22.533781], [98.8680051, 22.5345403], [98.8671998, 22.5352531], [98.8663274, 22.5361364], [98.8642806, 22.5365393], [98.8629384, 22.5375465], [98.8618479, 22.5380269], [98.8613613, 22.5385073], [98.8600863, 22.5388327], [98.8583414, 22.5386777], [98.8579388, 22.537903], [98.8571838, 22.5375775], [98.8562778, 22.5381044], [98.8552544, 22.537655], [98.8548518, 22.5368647], [98.854231, 22.5360899], [98.8533754, 22.535625], [98.8511776, 22.5342614], [98.8506575, 22.533595], [98.8500543, 22.5332716], [98.8496069, 22.5330317], [98.8492899, 22.5328617], [98.8484065, 22.5326116], [98.8479362, 22.5321576], [98.8466075, 22.5317], [98.8457276, 22.5315324], [98.8448231, 22.5312931], [98.8443801, 22.5306204], [98.8440743, 22.5302147], [98.8425428, 22.5299003], [98.8415524, 22.5293277], [98.8410965, 22.5288407], [98.8407402, 22.5285512], [98.840156, 22.5285446], [98.8396858, 22.5284854], [98.8388237, 22.528051], [98.8384603, 22.5276035], [98.8380538, 22.5272552], [98.837185, 22.5267216], [98.8369641, 22.5265703], [98.8365794, 22.5264913], [98.8363157, 22.5265242], [98.8358883, 22.5262215], [98.8357173, 22.52582], [98.8350618, 22.525412], [98.8346967, 22.5249115], [98.8351977, 22.5242858], [98.8351896, 22.5241041], [98.8349673, 22.5237465], [98.8343018, 22.5233945], [98.8338506, 22.52351], [98.8334658, 22.52351], [98.8329457, 22.5238588], [98.8322332, 22.5241879], [98.8316561, 22.5243261], [98.8307195, 22.5243473], [98.829696, 22.5234434], [98.8287608, 22.5229971], [98.8280543, 22.5225667], [98.8272174, 22.5219436], [98.8267614, 22.5216277], [98.8259777, 22.5216409], [98.8254861, 22.5222398], [98.8251726, 22.5223977], [98.8236194, 22.5224833], [98.8229639, 22.5227926], [98.8223156, 22.523023], [98.8218667, 22.5229703], [98.821254, 22.5230756], [98.8206127, 22.5234047], [98.8196509, 22.5236482], [98.8186178, 22.5241023], [98.817599, 22.5243261], [98.81663, 22.5248328], [98.8163211, 22.525156], [98.8162255, 22.525256], [98.8136339, 22.5223819], [98.8100979, 22.519805], [98.8084987, 22.5177204], [98.8067001, 22.5146822], [98.8040565, 22.5139451], [98.8024574, 22.5128453], [98.8021356, 22.5112496], [98.8005894, 22.5105491]]]]}}, {"type": "Feature", "properties": {"core_id": 6473, "public_id": "2dcd844b-ae6e-4550-ac4a-180a2c5175e6", "canonical_name": "\u1014\u102c\u1038\u1000\u1031\u102c\u1004\u103a\u1038\u1019\u103c\u102d\u102f\u1037\u1014\u101a\u103a", "aliases": "en:Narkhauk Township | my:\u1014\u102c\u1038\u1000\u1031\u102c\u1004\u103a\u1038\u1019\u103c\u102d\u102f\u1037\u1014\u101a\u103a | my:\u1014\u102c\u1038\u1000\u1031\u102c\u1004\u103a\u1038\u1019\u103c\u102d\u102f\u1037\u1014\u101a\u103a", "parent_name": "\u1019\u102d\u102f\u1004\u103a\u1038\u101c\u1004\u103a\u1038\u1001\u101b\u102d\u102f\u1004\u103a", "gparent_name": "\u101d\u1015\u103c\u100a\u103a\u1014\u101a\u103a \u1019\u103c\u1031\u102c\u1000\u103a\u1015\u102d\u102f\u1004\u103a\u1038", "overlap_of_source": 0.2034, "overlap_of_core": 0.998, "centroid_dist_m": 19330.4, "child_admins": 0, "settlements": 5, "postal": 0}, "geometry": {"type": "MultiPolygon", "coordinates": [[[[98.5686859, 22.299529], [98.5711381, 22.2805424], [98.5695834, 22.2685262], [98.5695834, 22.249979], [98.578857, 22.2345984], [98.5845116, 22.2289437], [98.5867735, 22.2205749], [98.5929326, 22.2081968], [98.5973768, 22.2046122], [98.5978199, 22.2052045], [98.5996667, 22.2076729], [98.6091774, 22.2100849], [98.6212971, 22.2011971], [98.6354367, 22.1975614], [98.6509672, 22.201309], [98.6572516, 22.2048338], [98.6653313, 22.20443], [98.6911861, 22.2121065], [98.6976498, 22.2104907], [98.7077494, 22.2121069], [98.717849, 22.2112991], [98.7263326, 22.2145313], [98.7311804, 22.2125113], [98.7340084, 22.2084714], [98.7388562, 22.2084715], [98.7590552, 22.2161479], [98.8010696, 22.2133208], [98.8111691, 22.214937], [98.8220768, 22.2096852], [98.8468685, 22.2068089], [98.8446997, 22.2181697], [98.8492377, 22.2213945], [98.8495474, 22.2254418], [98.854799, 22.2327139], [98.8561998, 22.2343902], [98.8572567, 22.2354454], [98.8570438, 22.2355611], [98.8571098, 22.236094], [98.857478, 22.2366632], [98.8568409, 22.237305], [98.8553949, 22.2378898], [98.8545357, 22.2384604], [98.8538258, 22.2394632], [98.8533588, 22.2402413], [98.8530413, 22.24076], [98.8513414, 22.2412268], [98.8511172, 22.2416072], [98.8510238, 22.2422642], [98.8505568, 22.2432325], [98.8503513, 22.243682], [98.8493239, 22.2438376], [98.8490251, 22.2444082], [98.8494173, 22.2451171], [98.8498096, 22.2463446], [98.8507436, 22.248575], [98.850837, 22.2496642], [98.8511172, 22.2506324], [98.8509491, 22.2521365], [98.8500711, 22.2537962], [98.8496228, 22.2553522], [98.8502766, 22.255819], [98.8501272, 22.2564932], [98.8496789, 22.2569773], [98.8492492, 22.2575824], [98.8490251, 22.2580146], [98.8491185, 22.2582566], [98.8492866, 22.2598817], [98.84938, 22.2609881], [98.8496415, 22.2613684], [98.8504821, 22.2618006], [98.8516776, 22.2622847], [98.8524248, 22.2623538], [98.8532094, 22.2631663], [98.8533215, 22.2637541], [98.8533401, 22.2644629], [98.8536577, 22.265189], [98.8543115, 22.2655866], [98.8551334, 22.2661052], [98.8553618, 22.2666501], [98.8545678, 22.2682586], [98.8545571, 22.2687451], [98.8544498, 22.2692316], [98.8541494, 22.2695791], [98.8542996, 22.2698769], [98.8545785, 22.270006], [98.8549862, 22.2702046], [98.8551794, 22.2706216], [98.8550292, 22.2711776], [98.8544283, 22.272369], [98.8544176, 22.2727761], [98.8549433, 22.2735107], [98.8549541, 22.2737987], [98.8546966, 22.2739575], [98.8543747, 22.2737887], [98.8539885, 22.273471], [98.8536237, 22.27362], [98.852937, 22.2742256], [98.8522826, 22.2753574], [98.8524328, 22.2757148], [98.8528297, 22.2759928], [98.8532374, 22.2764892], [98.8534413, 22.277075], [98.8533769, 22.2775416], [98.8531945, 22.2776905], [98.8528941, 22.2778196], [98.8512097, 22.2775416], [98.8509415, 22.2776309], [98.8509629, 22.2779486], [98.8512204, 22.2787329], [98.8512419, 22.2791003], [98.8505445, 22.2799342], [98.8499222, 22.28052], [98.8498579, 22.2808178], [98.8502548, 22.281195], [98.8506947, 22.2816219], [98.8508771, 22.2820389], [98.8517676, 22.282307], [98.8522611, 22.2824956], [98.8523684, 22.2826743], [98.8522826, 22.2829522], [98.85195, 22.2831806], [98.8517247, 22.2836174], [98.851671, 22.2839748], [98.8520895, 22.2842329], [98.8529156, 22.2845605], [98.8535808, 22.2847591], [98.8538919, 22.285176], [98.8540743, 22.2855334], [98.8541065, 22.2864467], [98.8540099, 22.2868438], [98.8543211, 22.2873303], [98.8543318, 22.287638], [98.8539992, 22.2878465], [98.853731, 22.2878564], [98.8529156, 22.2873402], [98.8525293, 22.2869729], [98.8521002, 22.2870523], [98.8516281, 22.2873501], [98.8509737, 22.287509], [98.8508235, 22.2878465], [98.8505552, 22.2884719], [98.8502977, 22.28873], [98.8498149, 22.2901893], [98.8494823, 22.2908842], [98.8496111, 22.2912813], [98.8500081, 22.2914004], [98.8504158, 22.2912019], [98.8514886, 22.2911026], [98.852937, 22.2911721], [98.8530121, 22.2913806], [98.8537202, 22.2911522], [98.8541494, 22.2910331], [98.8545893, 22.2911026], [98.8549111, 22.2912912], [98.8549326, 22.2923931], [98.8549326, 22.2928299], [98.8546, 22.2930681], [98.8537953, 22.2929788], [98.8536022, 22.2932468], [98.8540314, 22.2947954], [98.8544283, 22.2952918], [98.8547502, 22.2955399], [98.8551686, 22.2956293], [98.8555763, 22.2956293], [98.8563381, 22.2959668], [98.8566278, 22.2961653], [98.8566385, 22.2964433], [98.8565741, 22.2969892], [98.8566814, 22.2975352], [98.8570355, 22.2978826], [98.8575612, 22.2980414], [98.8586126, 22.2978528], [98.859149, 22.2984782], [98.8586984, 22.2990242], [98.8580547, 22.2997686], [98.8585911, 22.3015554], [98.8585911, 22.3020815], [98.8582264, 22.3025182], [98.8574002, 22.3027068], [98.8570891, 22.3026374], [98.856499, 22.3023694], [98.8560806, 22.3024091], [98.8554369, 22.3026076], [98.8534413, 22.3024091], [98.8526474, 22.302558], [98.8519178, 22.3038781], [98.8517783, 22.3045035], [98.8520251, 22.3047516], [98.8532267, 22.3054068], [98.8535593, 22.3058832], [98.8535593, 22.3064192], [98.8533876, 22.3068162], [98.8528834, 22.3071239], [98.8524757, 22.3074614], [98.8525401, 22.307789], [98.8529692, 22.3087518], [98.8530336, 22.3091786], [98.8537739, 22.3097146], [98.8539777, 22.3098436], [98.8542245, 22.3101017], [98.8546536, 22.3100223], [98.8551579, 22.3096253], [98.8558124, 22.3095756], [98.8562415, 22.3097245], [98.8564561, 22.3099627], [98.8566492, 22.3099429], [98.85725, 22.3097543], [98.8577221, 22.310062], [98.8577972, 22.3103101], [98.8577006, 22.3108263], [98.8573144, 22.3117096], [98.8572608, 22.312325], [98.8579367, 22.3122953], [98.8580332, 22.3126625], [98.8576148, 22.3131091], [98.8570784, 22.3138337], [98.8571964, 22.3145583], [98.8574861, 22.314856], [98.8582907, 22.3149156], [98.8589881, 22.3147965], [98.8590739, 22.3150744], [98.8592778, 22.3155607], [98.8590632, 22.3160967], [98.8588379, 22.3164639], [98.858913, 22.3166823], [98.8595889, 22.3171091], [98.8601468, 22.3175259], [98.8604472, 22.3179825], [98.8609193, 22.3180619], [98.8610695, 22.31831], [98.8613055, 22.3188261], [98.8612841, 22.319233], [98.8611768, 22.3194018], [98.8608227, 22.3194216], [98.8605438, 22.3193323], [98.8598357, 22.318578], [98.8592992, 22.31831], [98.8592778, 22.3186574], [98.8592563, 22.3193422], [98.8591061, 22.3196598], [98.858795, 22.3197988], [98.858162, 22.3196102], [98.8579045, 22.3197591], [98.8577114, 22.320434], [98.858162, 22.3209401], [98.8585053, 22.3219326], [98.8583229, 22.3223693], [98.8585482, 22.3227564], [98.8590954, 22.3226472], [98.8596104, 22.3222205], [98.8597713, 22.321754], [98.8603936, 22.3215654], [98.8607047, 22.3219525], [98.860576, 22.3222403], [98.8602648, 22.3224487], [98.8600288, 22.3224785], [98.8598035, 22.3228854], [98.8599859, 22.3230839], [98.8601146, 22.3232725], [98.8606833, 22.3232725], [98.8609944, 22.3236], [98.8622819, 22.3238283], [98.8629685, 22.3238382], [98.8631938, 22.3240764], [98.8633333, 22.3244833], [98.8632582, 22.3250192], [98.8623999, 22.3259422], [98.8620565, 22.3264682], [98.8619922, 22.3269446], [98.8622819, 22.3273019], [98.8625715, 22.3275897], [98.8630865, 22.3285127], [98.8634728, 22.3301006], [98.8636981, 22.3309044], [98.865125, 22.3314701], [98.8664661, 22.3316487], [98.8669918, 22.3319266], [98.8670455, 22.3321747], [98.8668738, 22.3324228], [98.866391, 22.3324625], [98.8658438, 22.3325419], [98.8657151, 22.3327205], [98.8656078, 22.3339313], [98.8661442, 22.3350328], [98.8664446, 22.335658], [98.8665412, 22.3361741], [98.8663159, 22.3363924], [98.8659618, 22.3366802], [98.8660799, 22.3370077], [98.8663481, 22.3382184], [98.8669167, 22.33931], [98.8666914, 22.3408878], [98.8666699, 22.3412749], [98.8675712, 22.3423367], [98.8679789, 22.3422275], [98.8691698, 22.3416519], [98.8700495, 22.3410665], [98.8705752, 22.3409176], [98.870586, 22.3413642], [98.870307, 22.3417413], [98.8697813, 22.342158], [98.8695989, 22.3424954], [98.8698135, 22.3430611], [98.8704787, 22.3435076], [98.8712619, 22.3435672], [98.8720129, 22.3433191], [98.8729356, 22.3434282], [98.8734935, 22.3436366], [98.8738905, 22.3438152], [98.8743089, 22.34449], [98.8741587, 22.345393], [98.8738583, 22.3457999], [98.8739763, 22.346048], [98.8744269, 22.3460678], [98.8748024, 22.3462266], [98.8750063, 22.3466731], [98.8748882, 22.3472487], [98.8746093, 22.3474372], [98.8745664, 22.3477944], [98.8747702, 22.3480723], [98.8752745, 22.348102], [98.8757999, 22.347957], [98.8762929, 22.3479007], [98.8764638, 22.3479851], [98.876498, 22.3487334], [98.8766005, 22.3495871], [98.8770564, 22.3498717], [98.8775236, 22.3498084], [98.8781276, 22.3492288], [98.8789025, 22.3493763], [98.8796888, 22.3493552], [98.8798711, 22.3497979], [98.880099, 22.3502195], [98.8801104, 22.3510943], [98.8798825, 22.3517161], [98.8792102, 22.3520007], [98.8788683, 22.352359], [98.8792785, 22.3527911], [98.8797913, 22.353023], [98.8798141, 22.3537291], [98.8796204, 22.3552257], [98.8791532, 22.3555103], [98.8791988, 22.3558264], [98.8797116, 22.3563956], [98.8801902, 22.3566274], [98.8802927, 22.3570384], [98.8796204, 22.3573019], [98.8787087, 22.3570595], [98.878139, 22.3571544], [98.8782529, 22.357734], [98.8786404, 22.358398], [98.8792443, 22.3584612], [98.8799965, 22.358535], [98.8808397, 22.3588617], [98.8819565, 22.3595046], [98.8824009, 22.3599788], [98.8824351, 22.3604215], [98.8828682, 22.3617493], [98.8830961, 22.362076], [98.8830391, 22.3627294], [98.8824237, 22.3635304], [98.8820819, 22.3639203], [98.8820021, 22.3649952], [98.8822756, 22.3662809], [98.8827314, 22.3668605], [98.8829024, 22.3670502], [98.8827998, 22.3673769], [98.8820705, 22.3681251], [98.8815121, 22.3682727], [98.8812158, 22.3679144], [98.8809765, 22.3669975], [98.8804295, 22.3667973], [98.8801218, 22.3669975], [98.8798483, 22.3681568], [98.879723, 22.3683781], [98.8798825, 22.3688101], [98.8803839, 22.3691684], [98.8812158, 22.3692106], [98.881797, 22.3691052], [98.8826061, 22.3692738], [98.8840989, 22.3705805], [98.8847485, 22.3705489], [98.8856943, 22.3703065], [98.8859108, 22.3705068], [98.8862071, 22.3709283], [98.886378, 22.3710126], [98.8869706, 22.3710021], [98.8871188, 22.3712128], [98.8871757, 22.3715816], [98.8871985, 22.3718662], [98.8876544, 22.3721402], [98.8880646, 22.3723509], [98.8885204, 22.3721612], [98.8887142, 22.3713393], [98.889603, 22.3718872], [98.8901842, 22.3723825], [98.8904919, 22.3731518], [98.8907312, 22.3745217], [98.8909933, 22.3749327], [98.8915061, 22.3751751], [98.8921215, 22.3755017], [98.8926229, 22.3760602], [98.8928622, 22.3762288], [98.8935573, 22.3762604], [98.8939334, 22.3763026], [98.8949248, 22.3771351], [98.8954604, 22.3776936], [98.8952325, 22.3778622], [98.8943095, 22.3778516], [98.8938308, 22.3784206], [98.8940929, 22.3787473], [98.8944006, 22.3794533], [98.8951641, 22.3805913], [98.8955516, 22.3811709], [98.8953237, 22.3813079], [98.894902, 22.3812552], [98.8944348, 22.3812341], [98.8935801, 22.3809391], [98.8931015, 22.3810023], [98.8928508, 22.381624], [98.8930559, 22.3819296], [98.8943778, 22.3823616], [98.8958137, 22.3826145], [98.8958707, 22.3827726], [98.8961783, 22.3828885], [98.8963493, 22.3831308], [98.896486, 22.3834364], [98.8964177, 22.383763], [98.8961897, 22.3838579], [98.8956428, 22.384037], [98.8949134, 22.3839738], [98.8942069, 22.384448], [98.8942069, 22.3849432], [98.8943892, 22.3850064], [98.8946399, 22.3849853], [98.8948678, 22.384743], [98.8954148, 22.3847851], [98.8959846, 22.3848062], [98.8963721, 22.3850064], [98.8964405, 22.3856386], [98.8960758, 22.3860601], [98.8957111, 22.3862919], [98.894959, 22.3863973], [98.8931129, 22.3859337], [98.892338, 22.3860706], [98.8923038, 22.386745], [98.8920303, 22.3872613], [98.8916201, 22.3875142], [98.8915517, 22.3869452], [98.8910503, 22.3868609], [98.8906172, 22.3874615], [98.890093, 22.3875247], [98.88917, 22.387472], [98.8889421, 22.387609], [98.88917, 22.3879567], [98.889113, 22.388473], [98.8887484, 22.3887365], [98.888076, 22.388178], [98.8872441, 22.3884836], [98.886435, 22.3890842], [98.8862983, 22.3895794], [98.8868453, 22.3896848], [98.8876316, 22.3898428], [98.8877911, 22.3902221], [98.8879734, 22.3908227], [98.8873467, 22.3910124], [98.8865946, 22.3907595], [98.884908, 22.3907068], [98.8840647, 22.39077], [98.8837912, 22.3910967], [98.8844636, 22.3922662], [98.8853182, 22.393067], [98.8859108, 22.3934041], [98.8865376, 22.3946053], [98.8856601, 22.3951426], [98.8856373, 22.395406], [98.885888, 22.3956484], [98.8861957, 22.3961541], [98.8860932, 22.3966071], [98.8858425, 22.3968811], [98.8849764, 22.397155], [98.8840533, 22.3974079], [98.8833126, 22.3974922], [98.8831075, 22.3978188], [98.883267, 22.3985247], [98.8836887, 22.398609], [98.8842584, 22.3985352], [98.884908, 22.3986195], [98.8862185, 22.3983561], [98.886435, 22.3985352], [98.8866288, 22.3991253], [98.8862641, 22.3993781], [98.8859906, 22.3995678], [98.8857285, 22.3996099], [98.8850903, 22.3999681], [98.8851359, 22.4004106], [98.885341, 22.4007372], [98.8852939, 22.4010401], [98.8856022, 22.4014085], [98.8859706, 22.401471], [98.8864141, 22.4014849], [98.886775, 22.4015266], [98.8869555, 22.4017143], [98.8868502, 22.4019854], [98.8867074, 22.4022495], [98.8867074, 22.4024859], [98.8870532, 22.403174], [98.8872336, 22.4036745], [98.8872637, 22.4041332], [98.8873088, 22.4047032], [98.887166, 22.4053635], [98.887384, 22.4057597], [98.8877148, 22.4060934], [98.8880381, 22.4063714], [98.8883689, 22.4064548], [98.8885042, 22.4066772], [98.8885719, 22.4070178], [98.8889102, 22.4075252], [98.8890456, 22.4078102], [98.8888426, 22.407838], [98.8885268, 22.4077893], [98.8881734, 22.4078171], [98.8880456, 22.4079214], [98.8879554, 22.4086582], [98.8879855, 22.4090891], [98.8881133, 22.409388], [98.8883915, 22.4098884], [98.8885569, 22.4102846], [98.8885418, 22.4105001], [98.8883539, 22.4107225], [98.887993, 22.4106391], [98.8875269, 22.4104375], [98.8872938, 22.4106043], [98.8869855, 22.4108823], [98.8867901, 22.4113063], [98.886572, 22.4119944], [98.8865645, 22.4125852], [98.8867525, 22.4131343], [98.8870532, 22.4133289], [98.8868878, 22.4135374], [98.8867149, 22.4136], [98.8865495, 22.4140448], [98.8864893, 22.4145661], [98.8864442, 22.4147815], [98.8865194, 22.4149761], [98.8866923, 22.4152264], [98.8867299, 22.415421], [98.8866698, 22.4156017], [98.8864743, 22.4160882], [98.886151, 22.4164218], [98.8861209, 22.4166234], [98.8862337, 22.4168944], [98.8865044, 22.417367], [98.8864818, 22.4178535], [98.8867901, 22.4182775], [98.8874817, 22.4183401], [98.887775, 22.4184582], [98.8877975, 22.418764], [98.8875569, 22.4193131], [98.8875043, 22.419876], [98.8870382, 22.4200637], [98.8864217, 22.4201401], [98.8861059, 22.4202791], [98.8860984, 22.4206475], [98.8856924, 22.4213633], [98.8848729, 22.421829], [98.8849556, 22.4221556], [98.8852488, 22.4222251], [98.88576, 22.4223294], [98.8860006, 22.4225587], [98.8877148, 22.4238931], [98.8883764, 22.4243588], [98.8889629, 22.4245256], [98.8888726, 22.4247549], [98.8886245, 22.4250885], [98.8879554, 22.4253387], [98.8877299, 22.425853], [98.8872336, 22.4260893], [98.8860082, 22.4266591], [98.8856999, 22.4268468], [98.8856999, 22.4270831], [98.8859706, 22.4271943], [98.8868803, 22.4269441], [98.8872712, 22.4269649], [98.8875269, 22.4271873], [98.8876622, 22.4274723], [98.8873615, 22.4277224], [98.8871585, 22.4278475], [98.8867525, 22.4279379], [98.8867074, 22.4280977], [98.8864442, 22.4285425], [98.8866998, 22.4286745], [98.8867299, 22.4291332], [98.8864442, 22.4295502], [98.886136, 22.4297309], [98.8857074, 22.4292722], [98.8853465, 22.4289039], [98.8849405, 22.428341], [98.8844819, 22.4281255], [98.8837301, 22.4284244], [98.883482, 22.4287232], [98.8834068, 22.4290429], [98.8840534, 22.4292583], [98.8842413, 22.4294738], [98.8841511, 22.4296614], [98.8838053, 22.4297795], [98.8835121, 22.4300506], [98.8835797, 22.430266], [98.8838579, 22.4304119], [98.8840609, 22.430544], [98.8846022, 22.4306413], [98.8847075, 22.4309401], [98.8846097, 22.4311347], [98.8843842, 22.4312806], [98.884121, 22.4314613], [98.8833692, 22.4316907], [98.8826399, 22.4319061], [98.8818054, 22.4315169], [98.8813618, 22.4315725], [98.8812265, 22.4318366], [98.881422, 22.4319408], [98.8819633, 22.4321354], [98.882061, 22.4323092], [98.8820836, 22.4324829], [98.8817904, 22.4325941], [98.8813242, 22.4327539], [98.8796777, 22.4327053], [98.8797002, 22.4330388], [98.8799183, 22.4331709], [98.8802792, 22.4332404], [98.8812791, 22.4333933], [98.8817152, 22.4334072], [98.8819182, 22.4334906], [98.8819407, 22.4340187], [98.8818731, 22.435353], [98.8817001, 22.4365344], [98.8813693, 22.4373683], [98.8811287, 22.4380562], [98.8804446, 22.4392376], [98.8796251, 22.4398213], [98.8791589, 22.4404537], [98.8785875, 22.4413362], [98.8785575, 22.4419964], [98.8786778, 22.4425523], [98.8786552, 22.442865], [98.8784748, 22.4429901], [98.8782417, 22.4430456], [98.8780838, 22.4429067], [98.8780086, 22.4427329], [98.8777981, 22.4427955], [98.8777981, 22.4429553], [98.8777229, 22.4437197], [98.8775726, 22.4440115], [98.8773545, 22.4441019], [98.8766403, 22.4441714], [98.876129, 22.4444215], [98.8757907, 22.4455472], [98.8754148, 22.4458877], [98.8751592, 22.445992], [98.87449, 22.4457279], [98.8743171, 22.4455542], [98.874272, 22.4453249], [98.874663, 22.444491], [98.8745276, 22.4443729], [98.87446, 22.444359], [98.8736931, 22.4445466], [98.8728435, 22.4448662], [98.87243, 22.4448662], [98.8720842, 22.4444493], [98.8717609, 22.4442617], [98.8714676, 22.4444563], [98.8714902, 22.4449496], [98.8714601, 22.4451442], [98.8712797, 22.445165], [98.8708211, 22.4450261], [98.8704076, 22.4451859], [98.8699489, 22.4451928], [98.8699264, 22.4454291], [98.8698286, 22.445714], [98.8694753, 22.4462977], [98.8688287, 22.4467563], [98.8678438, 22.446805], [98.8674378, 22.4466521], [98.866919, 22.4466729], [98.8661898, 22.4471246], [98.8656635, 22.4474512], [98.8654605, 22.4477569], [98.8656033, 22.4480071], [98.8657612, 22.4481461], [98.8659717, 22.4482433], [98.8661672, 22.4482642], [98.866483, 22.448021], [98.8666785, 22.4480696], [98.8668664, 22.4482155], [98.8671371, 22.4486811], [98.8671822, 22.4491467], [98.8667837, 22.4494107], [98.8664529, 22.4494038], [98.8660018, 22.4492509], [98.865671, 22.4490285], [98.8652199, 22.448834], [98.8648365, 22.4488201], [98.8647913, 22.4490355], [98.8648365, 22.4493899], [98.8651597, 22.4497512], [98.86525, 22.449911], [98.8651222, 22.4501195], [98.865047, 22.4504043], [98.8647838, 22.4505642], [98.8644605, 22.4507031], [98.8643778, 22.4509394], [98.8645207, 22.4512034], [98.8647688, 22.4513077], [98.864859, 22.4514814], [98.8646861, 22.4521067], [98.8639643, 22.4531629], [98.8634005, 22.4540662], [98.8632726, 22.4544761], [98.8634606, 22.4546985], [98.8634606, 22.455039], [98.8630095, 22.4554211], [98.8621449, 22.4558727], [98.8619419, 22.4560256], [98.8619644, 22.4562549], [98.8622802, 22.4565954], [98.8624607, 22.4567969], [98.8625058, 22.4573527], [98.8628441, 22.4575334], [98.8632726, 22.4575195], [98.8636711, 22.4577279], [98.8639944, 22.4580058], [98.8642425, 22.458381], [98.8642801, 22.458652], [98.8641824, 22.4588049], [98.863829, 22.4587007], [98.8634982, 22.4584088], [98.8632275, 22.4586173], [98.8627163, 22.458784], [98.861972, 22.4591523], [98.8615885, 22.4593538], [98.8615434, 22.4599027], [98.8618291, 22.4602292], [98.8619344, 22.4604307], [98.8621825, 22.4608476], [98.8624306, 22.4611325], [98.8624607, 22.4613409], [98.8620923, 22.4615563], [98.8614081, 22.4620427], [98.8612201, 22.4618829], [98.8607239, 22.4616188], [98.8607465, 22.4619732], [98.8600623, 22.4624248], [98.8596713, 22.4626263], [98.8596262, 22.4628556], [98.8598894, 22.4630918], [98.8602427, 22.4633558], [98.8604683, 22.4637658], [98.8606713, 22.4641409], [98.8607314, 22.4644883], [98.8610246, 22.4647732], [98.8611901, 22.4649747], [98.8611449, 22.4655652], [98.8607314, 22.4656556], [98.8601901, 22.4656], [98.8598819, 22.4654124], [98.8593029, 22.4649538], [98.8591, 22.4651553], [98.8589421, 22.4656834], [98.8588518, 22.4657806], [98.8585436, 22.465732], [98.8583256, 22.4654332], [98.8578594, 22.4650858], [98.8575286, 22.4651623], [98.8573106, 22.4653846], [98.8570023, 22.4653707], [98.8567768, 22.4650442], [98.856664, 22.4646968], [98.8562806, 22.4645648], [98.855852, 22.464794], [98.8556791, 22.4650233], [98.8557092, 22.4654332], [98.8557317, 22.4658362], [98.8558595, 22.4661489], [98.8556791, 22.4664129], [98.8554911, 22.466656], [98.8552881, 22.4666283], [98.8549197, 22.4667047], [98.8546566, 22.4669965], [98.8546942, 22.4673717], [98.8547619, 22.467719], [98.8546115, 22.4680317], [98.8542882, 22.4682749], [98.8540326, 22.468518], [98.8537544, 22.4687681], [98.8534837, 22.4688376], [98.8533785, 22.469053], [98.8534988, 22.4691433], [98.8536416, 22.4692058], [98.8538296, 22.4694351], [98.8536491, 22.4696296], [98.8532507, 22.4699631], [98.8528522, 22.4701299], [98.8520101, 22.4701299], [98.8514162, 22.469845], [98.8512433, 22.4692962], [98.8510403, 22.4692406], [98.8506192, 22.4694004], [98.8503486, 22.4694004], [98.8498524, 22.4694073], [98.8499877, 22.4690738], [98.849702, 22.468921], [98.8494163, 22.4689418], [98.8490554, 22.4691989], [98.8489953, 22.4694351], [98.8492885, 22.4695671], [98.8496043, 22.469713], [98.849905, 22.4698659], [98.849905, 22.470637], [98.8495892, 22.4708663], [98.8493486, 22.4709358], [98.849296, 22.4706926], [98.8490554, 22.4705189], [98.8486043, 22.4706996], [98.8482209, 22.4706579], [98.8480404, 22.4703661], [98.8479803, 22.4698103], [98.8482059, 22.4689418], [98.8479878, 22.4687403], [98.8476345, 22.4688654], [98.8474164, 22.4688585], [98.8470856, 22.4687056], [98.8466496, 22.468393], [98.8461759, 22.4684485], [98.8456722, 22.4684972], [98.8455068, 22.4683652], [98.8454165, 22.4680664], [98.845191, 22.4674689], [98.8447399, 22.4675453], [98.8445895, 22.4677121], [98.8446873, 22.46799], [98.8448301, 22.4684485], [98.8444542, 22.4686083], [98.8440106, 22.468657], [98.8436798, 22.468518], [98.8435971, 22.4681567], [98.84377, 22.46799], [98.8440708, 22.4676426], [98.8438527, 22.4673856], [98.8434016, 22.4673786], [98.843161, 22.4671771], [98.8428904, 22.4672188], [98.8428377, 22.4674689], [98.8423039, 22.4676496], [98.8414995, 22.4678372], [98.8411837, 22.4676635], [98.8409206, 22.4673439], [98.8403191, 22.4669548], [98.8399507, 22.4670104], [98.8387778, 22.4667325], [98.8381538, 22.4666421], [98.8378606, 22.4667603], [98.8376801, 22.467059], [98.8373644, 22.467066], [98.8371238, 22.4665032], [98.8373644, 22.4658362], [98.8372441, 22.4653707], [98.8368005, 22.4652248], [98.8359133, 22.4652873], [98.8355675, 22.4652318], [98.8354923, 22.4649816], [98.8355825, 22.4647385], [98.8359209, 22.4647385], [98.8362517, 22.4647801], [98.8364171, 22.4647801], [98.8368682, 22.4645648], [98.8370561, 22.4643563], [98.8368381, 22.4634601], [98.8364697, 22.4633141], [98.8361464, 22.4633211], [98.8359885, 22.4632586], [98.8360487, 22.4629529], [98.83556, 22.4627375], [98.8354096, 22.4626471], [98.8348608, 22.462265], [98.8344623, 22.4621816], [98.8342142, 22.4621677], [98.8340262, 22.4621608], [98.8338082, 22.4620079], [98.8337255, 22.4617439], [98.8338383, 22.4615563], [98.8340187, 22.461459], [98.8340037, 22.4612645], [98.8338683, 22.4610005], [98.8343495, 22.4604446], [98.834154, 22.4601945], [98.8338909, 22.4600833], [98.8333646, 22.4600694], [98.8327406, 22.4604863], [98.8322745, 22.4608337], [98.8321767, 22.4612298], [98.8321015, 22.4614174], [98.8318459, 22.4613757], [98.8315828, 22.4612089], [98.8314399, 22.4608059], [98.8316128, 22.4605489], [98.8319286, 22.4601181], [98.8319361, 22.4598679], [98.8321015, 22.45959], [98.8320564, 22.4592635], [98.831673, 22.4591314], [98.8313572, 22.4590828], [98.8311843, 22.45893], [98.8307783, 22.4576723], [98.8308309, 22.4569775], [98.8307858, 22.4566023], [98.8306279, 22.4563383], [98.8300265, 22.455977], [98.8300039, 22.4554281], [98.830267, 22.4551849], [98.830267, 22.4549139], [98.8298911, 22.4545804], [98.8295227, 22.4545873], [98.8292446, 22.4548791], [98.8289814, 22.4551293], [98.828613, 22.4549903], [98.8282822, 22.4550112], [98.8280792, 22.4553586], [98.8281544, 22.4556712], [98.8279664, 22.4557963], [98.8277785, 22.4557477], [98.827598, 22.4555531], [98.8275905, 22.4551432], [98.8272672, 22.455032], [98.8270266, 22.4548652], [98.8270717, 22.4545456], [98.8272296, 22.4538855], [98.827583, 22.4536562], [98.8275604, 22.4534547], [98.8272898, 22.4533019], [98.8269439, 22.4532741], [98.8262071, 22.4533991], [98.8258463, 22.4533922], [98.8255079, 22.4532463], [98.8256583, 22.4526557], [98.8257786, 22.4523708], [98.8258387, 22.452072], [98.825756, 22.4517107], [98.8254854, 22.4513841], [98.8251846, 22.4512799], [98.8244478, 22.4513563], [98.8241697, 22.4511756], [98.8241772, 22.4509672], [98.8240945, 22.4504182], [98.8232073, 22.4493134], [98.8225382, 22.4485074], [98.8221191, 22.4477701], [98.8218943, 22.4472198], [98.8216877, 22.4466695], [98.8214569, 22.4465628], [98.8209344, 22.4465011], [98.8204813, 22.4465761], [98.8203433, 22.4465989], [98.8217264, 22.4444943], [98.822433, 22.4430997], [98.8226206, 22.4425012], [98.8217225, 22.4419353], [98.8217021, 22.4407279], [98.8219878, 22.4398884], [98.82259, 22.4394733], [98.82309, 22.4386338], [98.8228553, 22.4370114], [98.8230798, 22.4360492], [98.8233452, 22.4352003], [98.8243659, 22.4345576], [98.8250929, 22.4329093], [98.8250794, 22.4318061], [98.8248129, 22.4312888], [98.8241021, 22.431026], [98.8251949, 22.4286527], [98.8256124, 22.4277247], [98.8255147, 22.4270677], [98.8245019, 22.4270266], [98.8231426, 22.4258194], [98.8213657, 22.4254662], [98.8200686, 22.4249324], [98.8193579, 22.4241605], [98.8188426, 22.4231421], [98.817732, 22.4231092], [98.8161595, 22.4231996], [98.8154221, 22.4233392], [98.8145514, 22.4230682], [98.8135386, 22.4234377], [98.8115929, 22.4232242], [98.8095051, 22.4229614], [98.8081813, 22.4226247], [98.8077371, 22.4224604], [98.8071508, 22.4212778], [98.8069819, 22.4206783], [98.8065466, 22.4201527], [98.8055693, 22.4198242], [98.803979, 22.4194956], [98.8031794, 22.4195449], [98.8017313, 22.419586], [98.7990127, 22.4180091], [98.7974846, 22.4167032], [98.7971647, 22.4154549], [98.7958054, 22.4110444], [98.7952901, 22.4103791], [98.794535, 22.4097056], [98.7937709, 22.4083586], [98.7940463, 22.406453], [98.7942151, 22.4050403], [98.7930335, 22.4033072], [98.7900128, 22.4001038], [98.787543, 22.3985431], [98.7850198, 22.3968263], [98.7789962, 22.3941649], [98.7775214, 22.3936146], [98.7756912, 22.3945017], [98.7730437, 22.3952821], [98.7696243, 22.3962516], [98.7663842, 22.3964302], [98.7544108, 22.3939503], [98.752769, 22.3935311], [98.7522755, 22.3939336], [98.7524582, 22.3944066], [98.7520076, 22.3953192], [98.7512566, 22.3957953], [98.7507201, 22.3956366], [98.7506987, 22.3949224], [98.7506772, 22.3935138], [98.7496043, 22.3943669], [98.749228, 22.3950747], [98.7495614, 22.3956961], [98.7492825, 22.3958945], [98.7486817, 22.3955176], [98.7483383, 22.3963508], [98.747995, 22.3966087], [98.7473298, 22.3966881], [98.7469221, 22.3959937], [98.746214, 22.3955572], [98.7448836, 22.3956366], [98.7441326, 22.3960731], [98.7433816, 22.3962715], [98.7428881, 22.3980768], [98.7421585, 22.3991481], [98.7410856, 22.4009137], [98.7396265, 22.4018263], [98.7376953, 22.4023223], [98.7370301, 22.402719], [98.7355066, 22.4021834], [98.7349487, 22.4022032], [98.7347985, 22.4027785], [98.7342192, 22.4030761], [98.733554, 22.4033142], [98.7324167, 22.4030563], [98.7320734, 22.4034729], [98.7318159, 22.4038101], [98.7310864, 22.4039688], [98.7300425, 22.4039884], [98.7299418, 22.4038706], [98.7295788, 22.4038442], [98.7292513, 22.4037982], [98.7288313, 22.4038047], [98.7285251, 22.4035875], [98.7282368, 22.4034888], [98.7276127, 22.4035446], [98.7269182, 22.4035586], [98.72643, 22.4036098], [98.7255845, 22.4035074], [98.7250963, 22.4033585], [98.724588, 22.4030096], [98.7235613, 22.4025349], [98.7231184, 22.4024419], [98.7223937, 22.4027816], [98.7221873, 22.4028002], [98.7219558, 22.4027118], [98.7216488, 22.402614], [98.7213619, 22.4024233], [98.7210398, 22.4019301], [98.7207832, 22.4015485], [98.7203, 22.4012321], [98.7200031, 22.4011623], [98.7194746, 22.4011716], [98.7190317, 22.4010646], [98.7185637, 22.4010134], [98.7183372, 22.4009436], [98.7180604, 22.4007761], [98.7177987, 22.4004783], [98.7173759, 22.4002317], [98.7172098, 22.3999199], [98.71723, 22.3997059], [98.7174242, 22.399461], [98.7174946, 22.3991212], [98.717696, 22.3985348], [98.7177363, 22.3982184], [98.7176456, 22.3979065], [98.7172631, 22.3975389], [98.7169309, 22.3974086], [98.7165382, 22.3971759], [98.7160751, 22.3967012], [98.7157832, 22.3962171], [98.7156473, 22.3959239], [98.7155265, 22.3955283], [98.7154912, 22.3952491], [98.715461, 22.3949559], [98.7152899, 22.3948488], [98.7148519, 22.3945836], [98.7147261, 22.3942438], [98.7145197, 22.3941275], [98.7143435, 22.3942159], [98.713966, 22.3944905], [98.7137798, 22.3946999], [98.7134425, 22.3947185], [98.713065, 22.3949652], [98.7126874, 22.3957052], [98.7126421, 22.3961101], [98.7124156, 22.3961892], [98.7119374, 22.3961473], [98.7110162, 22.3959193], [98.7106437, 22.3957238], [98.710382, 22.3954678], [98.7103166, 22.3949931], [98.7101051, 22.3945696], [98.7097679, 22.3942717], [98.7094659, 22.3941554], [98.7087561, 22.39416], [98.7081621, 22.3941182], [98.7077141, 22.3942578], [98.7073014, 22.3946022], [98.7068383, 22.394928], [98.7064758, 22.3953515], [98.7063248, 22.395547], [98.7061889, 22.395547], [98.7059775, 22.3953841], [98.7058265, 22.39517], [98.7057963, 22.3949699], [98.7057912, 22.3947604], [98.7056402, 22.3943322], [98.7055396, 22.3942392], [98.705464, 22.3942624], [98.7053332, 22.3945277], [98.7047342, 22.39517], [98.7046637, 22.3954166], [98.704714, 22.3956121], [98.7052677, 22.3963149], [98.7052023, 22.3964638], [98.7049758, 22.3965941], [98.7041402, 22.3964173], [98.7038885, 22.3964685], [98.7034053, 22.3967477], [98.7029019, 22.3967803], [98.7024136, 22.3966127], [98.7020663, 22.3963195], [98.7012005, 22.3960031], [98.7005813, 22.3958122], [98.6998917, 22.395426], [98.6996803, 22.3954911], [98.6995444, 22.3956819], [98.6993883, 22.3962358], [98.6992071, 22.396743], [98.6988296, 22.3969246], [98.6985829, 22.3967896], [98.6977927, 22.396017], [98.6962825, 22.3953329], [98.6958194, 22.3950629], [98.6955325, 22.3951234], [98.6949989, 22.3956819], [98.6945006, 22.3957192], [98.6942137, 22.3956121], [98.6934788, 22.3955423], [98.692618, 22.3952956], [98.6923864, 22.3950816], [98.6919435, 22.3942904], [98.6910173, 22.3940995], [98.6907756, 22.3942299], [98.6903629, 22.3949931], [98.6898847, 22.395049], [98.6893561, 22.3938436], [98.6891548, 22.3936388], [98.688883, 22.3936434], [98.6882739, 22.394188], [98.6879467, 22.3943648], [98.6877353, 22.394309], [98.687544, 22.3941088], [98.687544, 22.3938017], [98.6876447, 22.3932478], [98.6875289, 22.3928941], [98.6871866, 22.3928336], [98.6868846, 22.3929174], [98.6867285, 22.3931408], [98.6864869, 22.3937644], [98.6863661, 22.3938761], [98.6861597, 22.3937924], [98.6857872, 22.3933409], [98.6854097, 22.3929593], [98.6850422, 22.3923682], [98.6849365, 22.3919121], [98.6846395, 22.3918004], [98.6840053, 22.3919819], [98.6830892, 22.3921913], [98.6823693, 22.3926288], [98.6819868, 22.3929267], [98.6816747, 22.3929779], [98.6813374, 22.3927126], [98.6808542, 22.3925218], [98.68023, 22.3921076], [98.6800538, 22.3917445], [98.6799481, 22.3911255], [98.6800186, 22.3907392], [98.6801746, 22.3904321], [98.6804616, 22.3903343], [98.6811411, 22.3902785], [98.6813827, 22.3900132], [98.6815086, 22.389585], [98.6813374, 22.3890963], [98.6809549, 22.3888263], [98.6807837, 22.3883795], [98.6806126, 22.387956], [98.6804867, 22.3879234], [98.6802803, 22.3879932], [98.6799834, 22.3882818], [98.6795907, 22.3883795], [98.6792031, 22.3882259], [98.6790622, 22.3880258], [98.6789414, 22.3875976], [98.6783826, 22.3871554], [98.6777836, 22.3871601], [98.6771846, 22.3870065], [98.6769128, 22.3866016], [98.6767618, 22.3859453], [98.6765151, 22.3860198], [98.6758708, 22.385815], [98.6755383, 22.3856816], [98.6750752, 22.3853884], [98.6746927, 22.3853511], [98.674431, 22.3854675], [98.6739478, 22.3859887], [98.6735703, 22.3860492], [98.6733086, 22.3860073], [98.6720905, 22.3851882], [98.6712097, 22.3847647], [98.6706409, 22.3846251], [98.6702786, 22.3846437], [98.6701628, 22.3847322], [98.6698658, 22.3851882], [98.6689145, 22.3857281], [98.6686428, 22.3857746], [98.6680186, 22.3856583], [98.6676562, 22.3855326], [98.6674448, 22.3856397], [98.667017, 22.3861702], [98.6667402, 22.386361], [98.6663124, 22.3864448], [98.6658292, 22.3864541], [98.6655976, 22.3865705], [98.6649987, 22.3870824], [98.6646011, 22.3871429], [98.6639216, 22.3870312], [98.6624317, 22.3869102], [98.6612942, 22.3870359], [98.6606198, 22.3875431], [98.6601416, 22.3880923], [98.6599906, 22.3884041], [98.6594873, 22.3884553], [98.6590645, 22.3882738], [98.6587977, 22.3879759], [98.6584202, 22.3871289], [98.6580931, 22.3868357], [98.6570965, 22.3869567], [98.657026, 22.3870824], [98.6572827, 22.3873942], [98.6576954, 22.3875757], [98.6582491, 22.3878224], [98.6585763, 22.3883622], [98.6587826, 22.3887485], [98.6586216, 22.3889858], [98.6582894, 22.3890929], [98.6575545, 22.3889532], [98.6572777, 22.3890556], [98.657318, 22.3892651], [98.6575797, 22.3898794], [98.6574941, 22.3902098], [98.6572576, 22.390368], [98.6569254, 22.390247], [98.6567895, 22.3903959], [98.6565831, 22.3909451], [98.6563616, 22.3912476], [98.656115, 22.3914849], [98.6560982, 22.3922501], [98.6560949, 22.3924017], [98.6557073, 22.3928717], [98.6554406, 22.3930206], [98.6550681, 22.3929834], [98.6543383, 22.3927507], [98.6532511, 22.3926204], [98.6525917, 22.3924436], [98.6523904, 22.3926204], [98.6521136, 22.3931184], [98.6520935, 22.3935093], [98.6521136, 22.393849], [98.6523501, 22.393956], [98.652788, 22.3939421], [98.6533618, 22.3939793], [98.6534323, 22.3941329], [98.6531706, 22.3945331], [98.6526874, 22.3948821], [98.6522495, 22.3953475], [98.652023, 22.3955476], [98.6518921, 22.3960967], [98.6517311, 22.3967854], [98.6515599, 22.3969669], [98.6510113, 22.3970135], [98.65006, 22.3964969], [98.649597, 22.3959385], [98.6494963, 22.3955662], [98.6497077, 22.3949938], [98.6496876, 22.3947425], [98.6496322, 22.3943655], [98.6496423, 22.3941515], [98.6497782, 22.3940444], [98.6502563, 22.394319], [98.650513, 22.3947239], [98.6506791, 22.3947471], [98.6509056, 22.3946168], [98.651117, 22.394212], [98.6510465, 22.393742], [98.6506992, 22.3933045], [98.650367, 22.3930718], [98.6501003, 22.3929974], [98.6497379, 22.3932068], [98.6496825, 22.3935884], [98.6493805, 22.3936908], [98.6486759, 22.3933371], [98.648082, 22.3930858], [98.6476894, 22.3932161], [98.6474125, 22.3938118], [98.6472263, 22.3938955], [98.647035, 22.3937513], [98.64703, 22.393486], [98.6473572, 22.3928671], [98.6473068, 22.3925041], [98.6471005, 22.3923645], [98.6466978, 22.3924017], [98.6461039, 22.3928112], [98.6458573, 22.39276], [98.6456912, 22.3919782], [98.6449462, 22.3913267], [98.6448405, 22.3909683], [98.6447852, 22.3901632], [98.644604, 22.3897025], [98.6441107, 22.3894605], [98.643844, 22.3895536], [98.6436326, 22.3898142], [98.6430839, 22.3906193], [98.6428071, 22.3910428], [98.6426561, 22.3916757], [98.6422887, 22.3918526], [98.6413877, 22.3919689], [98.6410002, 22.3919363], [98.6407284, 22.3917734], [98.6408492, 22.3915175], [98.6413525, 22.391215], [98.6414481, 22.3908939], [98.6412116, 22.390717], [98.6403509, 22.3908613], [98.6397972, 22.3910335], [98.6393493, 22.3913453], [98.6387122, 22.3920101], [98.6381142, 22.3923194], [98.6376444, 22.392405], [98.6374237, 22.3925563], [98.6373383, 22.3927999], [98.6374095, 22.3930302], [98.6377266, 22.3934557], [98.6376209, 22.393693], [98.6372736, 22.3937815], [98.636735, 22.3936698], [98.6363222, 22.3934231], [98.6361259, 22.3929996], [98.6361008, 22.3926971], [98.6364783, 22.3920734], [98.6364783, 22.3918547], [98.6362971, 22.3916499], [98.6354112, 22.391259], [98.6351192, 22.3912729], [98.6349783, 22.3914544], [98.6349078, 22.3918547], [98.6350034, 22.3922363], [98.6351393, 22.3925109], [98.6350739, 22.3926505], [98.6347216, 22.3929484], [98.6341075, 22.3930601], [98.6338004, 22.3929065], [98.6336192, 22.39259], [98.6336444, 22.392241], [98.6338155, 22.3919245], [98.6343273, 22.3915225], [98.6343843, 22.3914777], [98.6347417, 22.3909006], [98.6347417, 22.390505], [98.6346108, 22.3902397], [98.634339, 22.3901048], [98.6337299, 22.3901467], [98.6332719, 22.3903561], [98.6325169, 22.3911752], [98.6322501, 22.3912916], [98.6320487, 22.3912683], [98.6318776, 22.3910868], [98.6319783, 22.3907377], [98.6317618, 22.3900582], [98.6319179, 22.3894858], [98.6321041, 22.389281], [98.6325538, 22.3892837], [98.6329766, 22.3891302], [98.6335404, 22.3885856], [98.6335202, 22.3882366], [98.6332232, 22.3878689], [98.6325588, 22.387478], [98.6311243, 22.3874454], [98.6304196, 22.3873244], [98.6299767, 22.387222], [98.6291965, 22.3871615], [98.6285824, 22.3869055], [98.6282854, 22.3866449], [98.6281243, 22.3863424], [98.6279884, 22.3857373], [98.6279935, 22.3851183], [98.6278274, 22.3849787], [98.6275807, 22.3850159], [98.6272888, 22.3849601], [98.6269515, 22.3849042], [98.6259851, 22.3844435], [98.6251445, 22.3838198], [98.6247721, 22.3833311], [98.6245204, 22.3833172], [98.6239315, 22.3840339], [98.6234382, 22.3847134], [98.6230154, 22.3852626], [98.6227385, 22.3853603], [98.6224869, 22.3852719], [98.6224214, 22.3849973], [98.6225171, 22.3843876], [98.6224114, 22.3841642], [98.6220288, 22.3842806], [98.6211933, 22.3846901], [98.6207604, 22.3852114], [98.6204936, 22.3854069], [98.6198594, 22.3860678], [98.6194315, 22.3862493], [98.6190742, 22.3863749], [98.6188426, 22.3866449], [98.6184249, 22.387101], [98.6178762, 22.387115], [98.617096, 22.3868264], [98.6165323, 22.386468], [98.6160893, 22.3859887], [98.6159887, 22.3850997], [98.6154205, 22.3848055], [98.615212, 22.3847916], [98.6146858, 22.3847916], [98.6140741, 22.3825093], [98.6091658, 22.3766427], [98.6039636, 22.3725714], [98.5939574, 22.3667842], [98.5927212, 22.3639623], [98.5926371, 22.3634433], [98.5922143, 22.3608343], [98.5924465, 22.3571874], [98.5924512, 22.3531466], [98.5924545, 22.3515603], [98.5923472, 22.3487452], [98.5913864, 22.3470743], [98.5901663, 22.3455123], [98.5888536, 22.3438318], [98.5876639, 22.3425157], [98.5860956, 22.3406923], [98.584184, 22.337766], [98.583399, 22.3338024], [98.5818839, 22.3293131], [98.5808728, 22.3265975], [98.5799731, 22.3239881], [98.5799738, 22.3235981], [98.5781784, 22.3176084], [98.5831545, 22.3103704], [98.5836758, 22.3086693], [98.5827273, 22.3052059], [98.5714513, 22.3030079], [98.5698111, 22.3020824], [98.5686859, 22.299529]]]]}}, {"type": "Feature", "properties": {"core_id": 6328, "public_id": "ba250acb-fbe6-497e-bc19-4cf6389882b5", "canonical_name": "\u1019\u1000\u103a\u1019\u1014\u103a\u1038", "aliases": "en:Matman | en:Metman Township | my:\u1019\u1000\u103a\u1019\u1014\u103a\u1038 | my:\u1019\u1000\u103a\u1019\u1014\u103a\u1038\u1019\u103c\u102d\u102f\u1037\u1014\u101a\u103a | my:\u1019\u1000\u103a\u1019\u1014\u103a\u1038\u1019\u103c\u102d\u102f\u1037\u1014\u101a\u103a", "parent_name": "\u1019\u1000\u103a\u1019\u1014\u103a\u1038\u1001\u101b\u102d\u102f\u1004\u103a", "gparent_name": "\u101b\u103e\u1019\u103a\u1038\u1015\u103c\u100a\u103a\u1014\u101a\u103a", "overlap_of_source": 0.0002, "overlap_of_core": 0.0002, "centroid_dist_m": 64437.8, "child_admins": 0, "settlements": 74, "postal": 0}, "geometry": {"type": "MultiPolygon", "coordinates": [[[[98.5419439, 21.8579003], [98.5419479, 21.8518962], [98.543123, 21.8477362], [98.5478225, 21.8364847], [98.5489254, 21.8293897], [98.5477656, 21.8134283], [98.5495321, 21.8018319], [98.5524002, 21.7914639], [98.5626618, 21.7891556], [98.5674861, 21.7757179], [98.5722098, 21.7625594], [98.5687081, 21.7405874], [98.5785541, 21.7171418], [98.5883505, 21.7039051], [98.6039105, 21.687139], [98.6055315, 21.6797043], [98.6106735, 21.6701565], [98.6137525, 21.6684549], [98.6271148, 21.6445902], [98.6291791, 21.6318357], [98.6363772, 21.6209963], [98.6369719, 21.614721], [98.6444602, 21.6057225], [98.6437322, 21.5981502], [98.6340614, 21.5675751], [98.6336205, 21.5666777], [98.6272358, 21.5519295], [98.6271517, 21.5517367], [98.6270352, 21.5514008], [98.6268899, 21.5512636], [98.6285072, 21.5456713], [98.6318175, 21.5433208], [98.6334932, 21.5421309], [98.6373043, 21.5413149], [98.6434647, 21.5383202], [98.647421, 21.5381869], [98.6522616, 21.5353261], [98.6583386, 21.5335518], [98.6691875, 21.5321978], [98.6801888, 21.5238859], [98.683119, 21.523344], [98.686346, 21.5218483], [98.6897181, 21.5214406], [98.701158, 21.5154511], [98.708563, 21.5141005], [98.7113617, 21.5142012], [98.7239397, 21.5146537], [98.7265794, 21.5135632], [98.7393357, 21.5115297], [98.7428532, 21.5111251], [98.751505, 21.5079936], [98.7545869, 21.5058151], [98.764174, 21.5017414], [98.7717742, 21.502326], [98.7778396, 21.5031664], [98.7863897, 21.5000971], [98.7927475, 21.4994394], [98.8023938, 21.4950548], [98.8044943, 21.4947806], [98.8146709, 21.4930817], [98.8165422, 21.4922011], [98.8216415, 21.4898014], [98.8229647, 21.4891788], [98.8295788, 21.4860662], [98.8530368, 21.4829969], [98.8572023, 21.4845315], [98.8633408, 21.4829969], [98.8751795, 21.4847508], [98.8764058, 21.4881846], [98.8768403, 21.4884657], [98.8835523, 21.4972705], [98.8885109, 21.5037748], [98.8894328, 21.504984], [98.8903104, 21.5064867], [98.8916297, 21.509489], [98.8916264, 21.5116712], [98.8908935, 21.515493], [98.889864, 21.5182205], [98.8863467, 21.5199905], [98.8850268, 21.521761], [98.8848816, 21.521761], [98.8847331, 21.5233976], [98.8836385, 21.5246258], [98.8809984, 21.5263991], [98.8804107, 21.5283069], [98.8808459, 21.5313091], [98.8814297, 21.5334944], [98.8815742, 21.5372447], [98.8821582, 21.5382704], [98.8827417, 21.5413381], [98.8825928, 21.5441374], [98.8828826, 21.5477521], [98.8834664, 21.5498674], [98.8836117, 21.5498674], [98.8836113, 21.5517783], [98.8840498, 21.5535522], [98.886392, 21.5572374], [98.8939379, 21.5575125], [98.9002394, 21.5610674], [98.90698, 21.5633942], [98.9081478, 21.5673505], [98.9104936, 21.5680367], [98.9137171, 21.5688572], [98.9184053, 21.5721375], [98.9225098, 21.5725498], [98.9251459, 21.5745984], [98.9227963, 21.5797822], [98.9222085, 21.5840093], [98.9244055, 21.5876975], [98.933786, 21.5870228], [98.9371546, 21.5893459], [98.937593, 21.5924852], [98.9370744, 21.5941217], [98.9382454, 21.5972611], [98.9370595, 21.6061267], [98.9373489, 21.6117224], [98.9448258, 21.6158232], [98.9477558, 21.6182803], [98.9551485, 21.63043], [98.9573457, 21.6320701], [98.962915, 21.6316657], [98.9670159, 21.6338517], [98.9708733, 21.6343125], [98.9736628, 21.6351902], [98.9748859, 21.6395982], [98.9747786, 21.6463595], [98.9739771, 21.6503062], [98.9692239, 21.6519335], [98.9675045, 21.6525222], [98.9584493, 21.6593427], [98.9547372, 21.6650263], [98.9541578, 21.6682369], [98.9572048, 21.6734016], [98.9632559, 21.6763727], [98.9649296, 21.6818762], [98.9635348, 21.6849069], [98.9605951, 21.6875588], [98.95684, 21.6920848], [98.9554453, 21.6953945], [98.9547586, 21.6980861], [98.9496088, 21.7050042], [98.9503801, 21.7123584], [98.9508319, 21.7166664], [98.9530849, 21.7221284], [98.9521408, 21.7256168], [98.949995, 21.7271517], [98.9495873, 21.7302015], [98.9498663, 21.7327329], [98.947227, 21.7383538], [98.9478493, 21.7402074], [98.9465618, 21.7443332], [98.9483642, 21.7479007], [98.9483428, 21.7509899], [98.9453387, 21.7550556], [98.9441371, 21.7585232], [98.9424205, 21.7612734], [98.9399743, 21.7629474], [98.9378071, 21.7651993], [98.9347815, 21.7676305], [98.9313483, 21.7693442], [98.9276147, 21.7714964], [98.9255547, 21.7729311], [98.9233231, 21.7750434], [98.9218211, 21.7776936], [98.9171648, 21.7813201], [98.9178514, 21.7875966], [98.9158129, 21.7915018], [98.9131737, 21.7947693], [98.9120793, 21.7976782], [98.9119315, 21.7990276], [98.9126801, 21.8012046], [98.9159632, 21.8061056], [98.9188439, 21.8084975], [98.921113, 21.8110064], [98.9246106, 21.8134169], [98.9279615, 21.8150077], [98.9352926, 21.815832], [98.9364583, 21.8161427], [98.9383708, 21.8166525], [98.9439402, 21.8187045], [98.9484836, 21.8197995], [98.9515507, 21.8199808], [98.9547157, 21.8200704], [98.9590931, 21.8218234], [98.9608955, 21.8220625], [98.9668607, 21.8299108], [98.9698219, 21.8333766], [98.9755296, 21.8368822], [98.9796495, 21.8398699], [98.9826536, 21.8438932], [98.9857435, 21.8474782], [98.9878892, 21.8503462], [98.9902496, 21.8522581], [98.9921379, 21.8528954], [98.9940261, 21.8558828], [98.9987897, 21.8585912], [99.0001201, 21.8596666], [99.0021372, 21.8616979], [99.0041756, 21.8629923], [99.0048194, 21.864466], [99.0053987, 21.8653024], [99.0067076, 21.8657803], [99.008038, 21.8655214], [99.0106773, 21.8645656], [99.0126943, 21.8643067], [99.0134024, 21.8639084], [99.0146041, 21.8624148], [99.0166855, 21.8610208], [99.0201831, 21.8596467], [99.0222859, 21.859109], [99.0234017, 21.8584916], [99.0246677, 21.8576154], [99.0253114, 21.8561018], [99.0261483, 21.8548272], [99.0282297, 21.8537319], [99.0312553, 21.8550741], [99.0329289, 21.8565798], [99.0333366, 21.8576154], [99.0336799, 21.8586111], [99.0353536, 21.8595272], [99.0381646, 21.8599653], [99.03898, 21.8606823], [99.0393961, 21.8630317], [99.0395598, 21.8673382], [99.0394417, 21.8733232], [99.0388727, 21.8760556], [99.0391516, 21.8791818], [99.0397927, 21.8806209], [99.0406966, 21.882985], [99.0420913, 21.8858323], [99.0433788, 21.8910489], [99.0455675, 21.8949911], [99.0486359, 21.9020391], [99.0494128, 21.9038373], [99.0495005, 21.9043319], [99.0497904, 21.9076246], [99.0497732, 21.9115951], [99.0520048, 21.916333], [99.059515, 21.9202347], [99.0648365, 21.923977], [99.0644502, 21.9287146], [99.0647935, 21.9346064], [99.0604162, 21.9469863], [99.0518331, 21.9496931], [99.0462541, 21.9588876], [99.0484428, 21.9708675], [99.0388727, 21.9800607], [99.0354931, 21.9811053], [99.0321672, 21.9810456], [99.0297425, 21.9828662], [99.0285945, 21.9828364], [99.0264702, 21.9820206], [99.0255368, 21.9820703], [99.0248608, 21.9824185], [99.0243673, 21.9830254], [99.0241849, 21.9837815], [99.0241849, 21.9844481], [99.0243995, 21.9853435], [99.0249467, 21.9864776], [99.0257513, 21.9873232], [99.0270388, 21.9889448], [99.027307, 21.9905067], [99.0275109, 21.9924665], [99.0279293, 21.9934912], [99.0289807, 21.9944661], [99.0300643, 21.995063], [99.0336156, 21.9959782], [99.0356541, 21.9962269], [99.0370595, 21.9967143], [99.0388942, 21.9979777], [99.0395594, 21.9993306], [99.0395486, 22.0008028], [99.0422909, 22.0097066], [99.0502793, 22.0122199], [99.0618686, 22.0199786], [99.0718362, 22.0313511], [99.0762846, 22.0324833], [99.0815481, 22.0307443], [99.087083, 22.0262616], [99.0918026, 22.0255213], [99.0947702, 22.0278953], [99.0954225, 22.0423752], [99.0989052, 22.0577943], [99.0984897, 22.064844], [99.0932133, 22.0755667], [99.0948235, 22.0809347], [99.094003, 22.0887969], [99.0944035, 22.092417], [99.0958802, 22.0974134], [99.0997867, 22.1016631], [99.1061263, 22.1044218], [99.1124038, 22.1033107], [99.1170558, 22.1063131], [99.1181277, 22.1109328], [99.1200123, 22.1139312], [99.1244677, 22.1135646], [99.127165, 22.1145652], [99.1306706, 22.1169444], [99.1443492, 22.1179781], [99.1380934, 22.1252493], [99.133512, 22.1278887], [99.127699, 22.1284953], [99.1252309, 22.1303426], [99.12433, 22.1368878], [99.1208861, 22.1400623], [99.1190161, 22.1419189], [99.1202789, 22.1483657], [99.1228026, 22.1492089], [99.1235681, 22.1511945], [99.122922, 22.1515753], [99.1212187, 22.1511673], [99.1192216, 22.1507049], [99.1186637, 22.1508409], [99.1185168, 22.1514393], [99.1192539, 22.1516528], [99.1193297, 22.1527576], [99.1165492, 22.1533977], [99.1126432, 22.1510313], [99.1104995, 22.1513869], [99.1020357, 22.1493226], [99.1004015, 22.1494041], [99.0956613, 22.1477745], [99.0921683, 22.1475967], [99.0888552, 22.1461624], [99.0854485, 22.1461896], [99.0843032, 22.1457544], [99.0838333, 22.1443943], [99.0825929, 22.1448843], [99.079898, 22.1482841], [99.0789582, 22.1486921], [99.075992, 22.14774], [99.0752994, 22.1481464], [99.0738188, 22.1469512], [99.0718805, 22.1464072], [99.0699832, 22.1474821], [99.0677984, 22.1452919], [99.0654489, 22.1461896], [99.0641861, 22.1459448], [99.0651071, 22.1429559], [99.0642107, 22.1420091], [99.0623653, 22.1440679], [99.0603843, 22.1448778], [99.0576371, 22.1440407], [99.0556988, 22.1441767], [99.053878, 22.1434422], [99.0527326, 22.1434966], [99.0512055, 22.1411844], [99.0492149, 22.1405873], [99.0437265, 22.1412784], [99.0416609, 22.1404228], [99.040633, 22.1409124], [99.0382836, 22.1410212], [99.0350531, 22.1406132], [99.034642, 22.1397971], [99.033291, 22.1404228], [99.03241, 22.1417013], [99.0312646, 22.1417557], [99.0306159, 22.1406171], [99.0289739, 22.1400147], [99.0282104, 22.1410212], [99.0288271, 22.1429798], [99.0264344, 22.1432829], [99.0252442, 22.142599], [99.0234528, 22.1424085], [99.02219, 22.1417013], [99.0203985, 22.1413205], [99.0198236, 22.1401926], [99.0154353, 22.1382466], [99.0126454, 22.1393891], [99.0118959, 22.1391342], [99.0077737, 22.1405673], [99.0050604, 22.1396382], [99.0036421, 22.1401019], [99.0007389, 22.1412836], [98.9991237, 22.1402499], [98.9970977, 22.1406449], [98.9961675, 22.1430744], [98.9918403, 22.1431173], [98.9846269, 22.1494152], [98.9813125, 22.1549956], [98.9770377, 22.1569372], [98.9753318, 22.1598422], [98.973466, 22.1659599], [98.9733111, 22.1699436], [98.9686066, 22.1767542], [98.9657793, 22.1843037], [98.9672396, 22.1884105], [98.9619763, 22.1906248], [98.9573229, 22.1947491], [98.9521976, 22.1967228], [98.9436648, 22.198031], [98.939863, 22.2051464], [98.9390811, 22.2098014], [98.9394878, 22.2142227], [98.9348068, 22.2210405], [98.9325577, 22.2256171], [98.9293957, 22.2275511], [98.9286482, 22.2303583], [98.9264567, 22.2339435], [98.9270361, 22.2384697], [98.9283536, 22.2414555], [98.9271887, 22.2440179], [98.9224668, 22.2472774], [98.9216207, 22.2490245], [98.9191022, 22.2496263], [98.9180786, 22.2507223], [98.9174723, 22.2498006], [98.9132489, 22.2509296], [98.911776, 22.2499848], [98.9090352, 22.2509609], [98.9070834, 22.2519036], [98.9049996, 22.2547252], [98.9014993, 22.2564585], [98.896631, 22.2553942], [98.8940605, 22.2506415], [98.8814616, 22.2464504], [98.8709581, 22.2403902], [98.8664731, 22.23995], [98.8654138, 22.2382987], [98.8615769, 22.2367513], [98.8604436, 22.2368568], [98.8587797, 22.2360469], [98.8581111, 22.2354342], [98.8573567, 22.2353975], [98.8572567, 22.2354454], [98.8561998, 22.2343902], [98.854799, 22.2327139], [98.8495474, 22.2254418], [98.8492377, 22.2213945], [98.8446997, 22.2181697], [98.8468685, 22.2068089], [98.8220768, 22.2096852], [98.8111691, 22.214937], [98.8010696, 22.2133208], [98.7590552, 22.2161479], [98.7388562, 22.2084715], [98.7340084, 22.2084714], [98.7311804, 22.2125113], [98.7263326, 22.2145313], [98.717849, 22.2112991], [98.7077494, 22.2121069], [98.6976498, 22.2104907], [98.6911861, 22.2121065], [98.6653313, 22.20443], [98.6572516, 22.2048338], [98.6509672, 22.201309], [98.6354367, 22.1975614], [98.6212971, 22.2011971], [98.6091774, 22.2100849], [98.5996667, 22.2076729], [98.5978199, 22.2052045], [98.5973768, 22.2046122], [98.5981955, 22.2028407], [98.6005708, 22.1956945], [98.6062254, 22.1918493], [98.61188, 22.1828019], [98.6132372, 22.171945], [98.6212812, 22.163901], [98.6225108, 22.1554335], [98.6387961, 22.1405053], [98.6413693, 22.1359553], [98.6439984, 22.1298746], [98.6471844, 22.1205505], [98.6494499, 22.1168077], [98.6537301, 22.1122412], [98.6585569, 22.1064561], [98.6644149, 22.1019829], [98.6679152, 22.0971358], [98.6683631, 22.0965156], [98.6930823, 22.0800328], [98.7078831, 22.0723858], [98.7306332, 22.0642042], [98.7428665, 22.0612273], [98.7583812, 22.0585365], [98.7612962, 22.057403], [98.7667894, 22.0506015], [98.7683773, 22.0418106], [98.7656522, 22.0362017], [98.7637639, 22.0315473], [98.7623584, 22.0288422], [98.7606203, 22.0271116], [98.7585604, 22.0257292], [98.7575412, 22.0255004], [98.7561786, 22.0259181], [98.7537432, 22.027589], [98.751018, 22.0288322], [98.7462222, 22.0300058], [98.7436581, 22.0294389], [98.7418878, 22.0287924], [98.7381649, 22.0284443], [98.7344634, 22.0290709], [98.7307033, 22.0292224], [98.7263095, 22.0289615], [98.7253868, 22.0286532], [98.7248075, 22.0281062], [98.7243032, 22.0265149], [98.7239277, 22.0223078], [98.7251937, 22.0168473], [98.7259126, 22.0144104], [98.7268996, 22.0127891], [98.7295818, 22.0109788], [98.7327693, 22.007609], [98.7285019, 21.9984647], [98.7285019, 21.9981934], [98.7280364, 21.9959088], [98.7261633, 21.9867303], [98.7245504, 21.9846133], [98.7200109, 21.9831754], [98.7198656, 21.9830413], [98.7172297, 21.9820838], [98.7169361, 21.9818095], [98.7167909, 21.9818095], [98.7118037, 21.9785943], [98.7111251, 21.9722988], [98.703661, 21.9618943], [98.6937089, 21.956692], [98.6771973, 21.9528469], [98.670638, 21.9526207], [98.6631738, 21.9440257], [98.6509909, 21.9357696], [98.6419086, 21.9301661], [98.6417634, 21.9300289], [98.6344393, 21.9267482], [98.6284346, 21.9251074], [98.6211104, 21.9225063], [98.6190585, 21.921549], [98.6156901, 21.919229], [98.6152513, 21.9188861], [98.6124514, 21.9176308], [98.6120281, 21.9174515], [98.6089535, 21.9141746], [98.6049252, 21.9122598], [98.6002369, 21.9099366], [98.5978942, 21.909319], [98.5934996, 21.9062475], [98.5918867, 21.9037877], [98.5899862, 21.9009224], [98.5877894, 21.8962803], [98.5876442, 21.896009], [98.5874959, 21.8955975], [98.5860342, 21.8936863], [98.5858859, 21.8936863], [98.5794392, 21.8901344], [98.5762159, 21.8876743], [98.5691848, 21.8850763], [98.5664002, 21.8839816], [98.5637608, 21.883844], [98.5593662, 21.8810422], [98.554678, 21.8776949], [98.5517515, 21.8743494], [98.5472122, 21.8681388], [98.5457475, 21.8655448], [98.5438442, 21.862131], [98.5436988, 21.8618032], [98.5419439, 21.8579003]]]]}}]}