review_id,source_key,review_decision,selected_core_id,losing_core_ids,name_source,geometry_policy,review_note,updated_at
village:152068:row123:village_point_Ayeyarwady_v96.zip_mmr_ady_pplp2_250k_mimu.shp,village:152068:row123:village_point_Ayeyarwady_v96.zip_mmr_ady_pplp2_250k_mimu.shp,keep_both,119311,,,,auto: unique weak-link (no_exact_name + 1 cand + weak spatial) → keep_both,2026-09-21T10:33:07.022183Z
village:154850:row203:village_point_Ayeyarwady_v96.zip_mmr_ady_pplp2_250k_mimu.shp,village:154850:row203:village_point_Ayeyarwady_v96.zip_mmr_ady_pplp2_250k_mimu.shp,keep_both,119497,,,,auto: unique weak-link (no_exact_name + 1 cand + weak spatial) → keep_both,2026-09-21T10:33:07.022183Z
village:162781:row533:village_point_Ayeyarwady_v96.zip_mmr_ady_pplp2_250k_mimu.shp,village:162781:row533:village_point_Ayeyarwady_v96.zip_mmr_ady_pplp2_250k_mimu.shp,keep_both,119030,,,,auto: unique weak-link (no_exact_name + 1 cand + weak spatial) → keep_both,2026-09-21T10:33:07.022183Z
village:162784:row535:village_point_Ayeyarwady_v96.zip_mmr_ady_pplp2_250k_mimu.shp,village:162784:row535:village_point_Ayeyarwady_v96.zip_mmr_ady_pplp2_250k_mimu.shp,keep_both,119030,,,,auto: unique weak-link (no_exact_name + 1 cand + weak spatial) → keep_both,2026-09-21T10:33:07.022183Z
village:153711:row663:village_point_Ayeyarwady_v96.zip_mmr_ady_pplp2_250k_mimu.shp,village:153711:row663:village_point_Ayeyarwady_v96.zip_mmr_ady_pplp2_250k_mimu.shp,keep_both,119855,,,,auto: unique weak-link (no_exact_name + 1 cand + weak spatial) → keep_both,2026-09-21T10:33:07.022183Z
village:156531:row726:village_point_Ayeyarwady_v96.zip_mmr_ady_pplp2_250k_mimu.shp,village:156531:row726:village_point_Ayeyarwady_v96.zip_mmr_ady_pplp2_250k_mimu.shp,keep_both,119631,,,,auto: unique weak-link (no_exact_name + 1 cand + weak spatial) → keep_both,2026-09-21T10:33:07.022183Z
village:158425:row781:village_point_Ayeyarwady_v96.zip_mmr_ady_pplp2_250k_mimu.shp,village:158425:row781:village_point_Ayeyarwady_v96.zip_mmr_ady_pplp2_250k_mimu.shp,keep_both,119702,,,,auto: unique weak-link (no_exact_name + 1 cand + weak spatial) → keep_both,2026-09-21T10:33:07.022183Z
village:161471:row890:village_point_Ayeyarwady_v96.zip_mmr_ady_pplp2_250k_mimu.shp,village:161471:row890:village_point_Ayeyarwady_v96.zip_mmr_ady_pplp2_250k_mimu.shp,keep_both,119901,,,,auto: unique weak-link (no_exact_name + 1 cand + weak spatial) → keep_both,2026-09-21T10:33:07.022183Z
village:150907:row980:village_point_Ayeyarwady_v96.zip_mmr_ady_pplp2_250k_mimu.shp,village:150907:row980:village_point_Ayeyarwady_v96.zip_mmr_ady_pplp2_250k_mimu.shp,keep_both,120213,,,,auto: unique weak-link (no_exact_name + 1 cand + weak spatial) → keep_both,2026-09-21T10:33:07.022183Z
village:151356:row999:village_point_Ayeyarwady_v96.zip_mmr_ady_pplp2_250k_mimu.shp,village:151356:row999:village_point_Ayeyarwady_v96.zip_mmr_ady_pplp2_250k_mimu.shp,keep_both,119994,,,,auto: unique weak-link (no_exact_name + 1 cand + weak spatial) → keep_both,2026-09-21T10:33:07.022183Z
village:218682:row1314:village_point_Ayeyarwady_v96.zip_mmr_ady_pplp2_250k_mimu.shp,village:218682:row1314:village_point_Ayeyarwady_v96.zip_mmr_ady_pplp2_250k_mimu.shp,keep_both,125992,,,,auto: unique weak-link (no_exact_name + 1 cand + weak spatial) → keep_both,2026-09-21T10:33:07.022183Z
village:150421:row1326:village_point_Ayeyarwady_v96.zip_mmr_ady_pplp2_250k_mimu.shp,village:150421:row1326:village_point_Ayeyarwady_v96.zip_mmr_ady_pplp2_250k_mimu.shp,keep_both,120627,,,,auto: unique weak-link (no_exact_name + 1 cand + weak spatial) → keep_both,2026-09-21T10:33:07.022183Z
village:152048:row1353:village_point_Ayeyarwady_v96.zip_mmr_ady_pplp2_250k_mimu.shp,village:152048:row1353:village_point_Ayeyarwady_v96.zip_mmr_ady_pplp2_250k_mimu.shp,keep_both,120597,,,,auto: unique weak-link (no_exact_name + 1 cand + weak spatial) → keep_both,2026-09-21T10:33:07.022183Z
village:154332:row1437:village_point_Ayeyarwady_v96.zip_mmr_ady_pplp2_250k_mimu.shp,village:154332:row1437:village_point_Ayeyarwady_v96.zip_mmr_ady_pplp2_250k_mimu.shp,keep_both,120491,,,,auto: unique weak-link (no_exact_name + 1 cand + weak spatial) → keep_both,2026-09-21T10:33:07.022183Z
village:155147:row1493:village_point_Ayeyarwady_v96.zip_mmr_ady_pplp2_250k_mimu.shp,village:155147:row1493:village_point_Ayeyarwady_v96.zip_mmr_ady_pplp2_250k_mimu.shp,keep_both,120500,,,,auto: unique weak-link (no_exact_name + 1 cand + weak spatial) → keep_both,2026-09-21T10:33:07.022183Z
village:160324:row1638:village_point_Ayeyarwady_v96.zip_mmr_ady_pplp2_250k_mimu.shp,village:160324:row1638:village_point_Ayeyarwady_v96.zip_mmr_ady_pplp2_250k_mimu.shp,keep_both,120412,,,,auto: unique weak-link (no_exact_name + 1 cand + weak spatial) → keep_both,2026-09-21T10:33:07.022183Z
village:160867:row1651:village_point_Ayeyarwady_v96.zip_mmr_ady_pplp2_250k_mimu.shp,village:160867:row1651:village_point_Ayeyarwady_v96.zip_mmr_ady_pplp2_250k_mimu.shp,keep_both,120447,,,,auto: unique weak-link (no_exact_name + 1 cand + weak spatial) → keep_both,2026-09-21T10:33:07.022183Z
village:163966:row1773:village_point_Ayeyarwady_v96.zip_mmr_ady_pplp2_250k_mimu.shp,village:163966:row1773:village_point_Ayeyarwady_v96.zip_mmr_ady_pplp2_250k_mimu.shp,keep_both,120560,,,,auto: unique weak-link (no_exact_name + 1 cand + weak spatial) → keep_both,2026-09-21T10:33:07.022183Z
village:151100:row2511:village_point_Ayeyarwady_v96.zip_mmr_ady_pplp2_250k_mimu.shp,village:151100:row2511:village_point_Ayeyarwady_v96.zip_mmr_ady_pplp2_250k_mimu.shp,keep_both,121831,,,,auto: unique weak-link (no_exact_name + 1 cand + weak spatial) → keep_both,2026-09-21T10:33:07.022183Z
village:151346:row3100:village_point_Ayeyarwady_v96.zip_mmr_ady_pplp2_250k_mimu.shp,village:151346:row3100:village_point_Ayeyarwady_v96.zip_mmr_ady_pplp2_250k_mimu.shp,keep_both,122297,,,,auto: unique weak-link (no_exact_name + 1 cand + weak spatial) → keep_both,2026-09-21T10:33:07.022183Z
village:151709:row3117:village_point_Ayeyarwady_v96.zip_mmr_ady_pplp2_250k_mimu.shp,village:151709:row3117:village_point_Ayeyarwady_v96.zip_mmr_ady_pplp2_250k_mimu.shp,keep_both,122054,,,,auto: unique weak-link (no_exact_name + 1 cand + weak spatial) → keep_both,2026-09-21T10:33:07.022183Z
village:159245:row3307:village_point_Ayeyarwady_v96.zip_mmr_ady_pplp2_250k_mimu.shp,village:159245:row3307:village_point_Ayeyarwady_v96.zip_mmr_ady_pplp2_250k_mimu.shp,keep_both,159622,,,,auto: unique weak-link (no_exact_name + 1 cand + weak spatial) → keep_both,2026-09-21T10:33:07.022183Z
village:160072:row3333:village_point_Ayeyarwady_v96.zip_mmr_ady_pplp2_250k_mimu.shp,village:160072:row3333:village_point_Ayeyarwady_v96.zip_mmr_ady_pplp2_250k_mimu.shp,keep_both,122210,,,,auto: unique weak-link (no_exact_name + 1 cand + weak spatial) → keep_both,2026-09-21T10:33:07.022183Z
village:152057:row3481:village_point_Ayeyarwady_v96.zip_mmr_ady_pplp2_250k_mimu.shp,village:152057:row3481:village_point_Ayeyarwady_v96.zip_mmr_ady_pplp2_250k_mimu.shp,keep_both,122467,,,,auto: unique weak-link (no_exact_name + 1 cand + weak spatial) → keep_both,2026-09-21T10:33:07.022183Z
village:153443:row3525:village_point_Ayeyarwady_v96.zip_mmr_ady_pplp2_250k_mimu.shp,village:153443:row3525:village_point_Ayeyarwady_v96.zip_mmr_ady_pplp2_250k_mimu.shp,keep_both,122427,,,,auto: unique weak-link (no_exact_name + 1 cand + weak spatial) → keep_both,2026-09-21T10:33:07.022183Z
village:154707:row3546:village_point_Ayeyarwady_v96.zip_mmr_ady_pplp2_250k_mimu.shp,village:154707:row3546:village_point_Ayeyarwady_v96.zip_mmr_ady_pplp2_250k_mimu.shp,keep_both,122572,,,,auto: unique weak-link (no_exact_name + 1 cand + weak spatial) → keep_both,2026-09-21T10:33:07.022183Z
village:155789:row3588:village_point_Ayeyarwady_v96.zip_mmr_ady_pplp2_250k_mimu.shp,village:155789:row3588:village_point_Ayeyarwady_v96.zip_mmr_ady_pplp2_250k_mimu.shp,keep_both,122377,,,,auto: unique weak-link (no_exact_name + 1 cand + weak spatial) → keep_both,2026-09-21T10:33:07.022183Z
village:156582:row3629:village_point_Ayeyarwady_v96.zip_mmr_ady_pplp2_250k_mimu.shp,village:156582:row3629:village_point_Ayeyarwady_v96.zip_mmr_ady_pplp2_250k_mimu.shp,keep_both,122407,,,,auto: unique weak-link (no_exact_name + 1 cand + weak spatial) → keep_both,2026-09-21T10:33:07.022183Z
village:160611:row3718:village_point_Ayeyarwady_v96.zip_mmr_ady_pplp2_250k_mimu.shp,village:160611:row3718:village_point_Ayeyarwady_v96.zip_mmr_ady_pplp2_250k_mimu.shp,keep_both,122693,,,,auto: unique weak-link (no_exact_name + 1 cand + weak spatial) → keep_both,2026-09-21T10:33:07.022183Z
village:161039:row3739:village_point_Ayeyarwady_v96.zip_mmr_ady_pplp2_250k_mimu.shp,village:161039:row3739:village_point_Ayeyarwady_v96.zip_mmr_ady_pplp2_250k_mimu.shp,keep_both,122574,,,,auto: unique weak-link (no_exact_name + 1 cand + weak spatial) → keep_both,2026-09-21T10:33:07.022183Z
village:161037:row3743:village_point_Ayeyarwady_v96.zip_mmr_ady_pplp2_250k_mimu.shp,village:161037:row3743:village_point_Ayeyarwady_v96.zip_mmr_ady_pplp2_250k_mimu.shp,keep_both,122574,,,,auto: unique weak-link (no_exact_name + 1 cand + weak spatial) → keep_both,2026-09-21T10:33:07.022183Z
village:161040:row3744:village_point_Ayeyarwady_v96.zip_mmr_ady_pplp2_250k_mimu.shp,village:161040:row3744:village_point_Ayeyarwady_v96.zip_mmr_ady_pplp2_250k_mimu.shp,keep_both,122574,,,,auto: unique weak-link (no_exact_name + 1 cand + weak spatial) → keep_both,2026-09-21T10:33:07.022183Z
village:162968:row3793:village_point_Ayeyarwady_v96.zip_mmr_ady_pplp2_250k_mimu.shp,village:162968:row3793:village_point_Ayeyarwady_v96.zip_mmr_ady_pplp2_250k_mimu.shp,keep_both,122575,,,,auto: unique weak-link (no_exact_name + 1 cand + weak spatial) → keep_both,2026-09-21T10:33:07.022183Z
village:163733:row3796:village_point_Ayeyarwady_v96.zip_mmr_ady_pplp2_250k_mimu.shp,village:163733:row3796:village_point_Ayeyarwady_v96.zip_mmr_ady_pplp2_250k_mimu.shp,keep_both,122431,,,,auto: unique weak-link (no_exact_name + 1 cand + weak spatial) → keep_both,2026-09-21T10:33:07.022183Z
village:155097:row3897:village_point_Ayeyarwady_v96.zip_mmr_ady_pplp2_250k_mimu.shp,village:155097:row3897:village_point_Ayeyarwady_v96.zip_mmr_ady_pplp2_250k_mimu.shp,keep_both,122721,,,,auto: unique weak-link (no_exact_name + 1 cand + weak spatial) → keep_both,2026-09-21T10:33:07.022183Z
village:163157:row4335:village_point_Ayeyarwady_v96.zip_mmr_ady_pplp2_250k_mimu.shp,village:163157:row4335:village_point_Ayeyarwady_v96.zip_mmr_ady_pplp2_250k_mimu.shp,keep_both,123247,,,,auto: unique weak-link (no_exact_name + 1 cand + weak spatial) → keep_both,2026-09-21T10:33:07.022183Z
village:163156:row4336:village_point_Ayeyarwady_v96.zip_mmr_ady_pplp2_250k_mimu.shp,village:163156:row4336:village_point_Ayeyarwady_v96.zip_mmr_ady_pplp2_250k_mimu.shp,keep_both,123170,,,,auto: unique weak-link (no_exact_name + 1 cand + weak spatial) → keep_both,2026-09-21T10:33:07.022183Z
village:163650:row4356:village_point_Ayeyarwady_v96.zip_mmr_ady_pplp2_250k_mimu.shp,village:163650:row4356:village_point_Ayeyarwady_v96.zip_mmr_ady_pplp2_250k_mimu.shp,keep_both,123200,,,,auto: unique weak-link (no_exact_name + 1 cand + weak spatial) → keep_both,2026-09-21T10:33:07.022183Z
village:164001:row4390:village_point_Ayeyarwady_v96.zip_mmr_ady_pplp2_250k_mimu.shp,village:164001:row4390:village_point_Ayeyarwady_v96.zip_mmr_ady_pplp2_250k_mimu.shp,keep_both,123259,,,,auto: unique weak-link (no_exact_name + 1 cand + weak spatial) → keep_both,2026-09-21T10:33:07.022183Z
village:150765:row4422:village_point_Ayeyarwady_v96.zip_mmr_ady_pplp2_250k_mimu.shp,village:150765:row4422:village_point_Ayeyarwady_v96.zip_mmr_ady_pplp2_250k_mimu.shp,keep_both,123531,,,,auto: unique weak-link (no_exact_name + 1 cand + weak spatial) → keep_both,2026-09-21T10:33:07.022183Z
village:151259:row4437:village_point_Ayeyarwady_v96.zip_mmr_ady_pplp2_250k_mimu.shp,village:151259:row4437:village_point_Ayeyarwady_v96.zip_mmr_ady_pplp2_250k_mimu.shp,keep_both,123489,,,,auto: unique weak-link (no_exact_name + 1 cand + weak spatial) → keep_both,2026-09-21T10:33:07.022183Z
village:151600:row4452:village_point_Ayeyarwady_v96.zip_mmr_ady_pplp2_250k_mimu.shp,village:151600:row4452:village_point_Ayeyarwady_v96.zip_mmr_ady_pplp2_250k_mimu.shp,keep_both,123507,,,,auto: unique weak-link (no_exact_name + 1 cand + weak spatial) → keep_both,2026-09-21T10:33:07.022183Z
village:154295:row4530:village_point_Ayeyarwady_v96.zip_mmr_ady_pplp2_250k_mimu.shp,village:154295:row4530:village_point_Ayeyarwady_v96.zip_mmr_ady_pplp2_250k_mimu.shp,keep_both,123604,,,,auto: unique weak-link (no_exact_name + 1 cand + weak spatial) → keep_both,2026-09-21T10:33:07.022183Z
village:157390:row4657:village_point_Ayeyarwady_v96.zip_mmr_ady_pplp2_250k_mimu.shp,village:157390:row4657:village_point_Ayeyarwady_v96.zip_mmr_ady_pplp2_250k_mimu.shp,keep_both,123328,,,,auto: unique weak-link (no_exact_name + 1 cand + weak spatial) → keep_both,2026-09-21T10:33:07.022183Z
village:157590:row4667:village_point_Ayeyarwady_v96.zip_mmr_ady_pplp2_250k_mimu.shp,village:157590:row4667:village_point_Ayeyarwady_v96.zip_mmr_ady_pplp2_250k_mimu.shp,keep_both,123703,,,,auto: unique weak-link (no_exact_name + 1 cand + weak spatial) → keep_both,2026-09-21T10:33:07.022183Z
village:157856:row4671:village_point_Ayeyarwady_v96.zip_mmr_ady_pplp2_250k_mimu.shp,village:157856:row4671:village_point_Ayeyarwady_v96.zip_mmr_ady_pplp2_250k_mimu.shp,keep_both,123376,,,,auto: unique weak-link (no_exact_name + 1 cand + weak spatial) → keep_both,2026-09-21T10:33:07.022183Z
village:157860:row4672:village_point_Ayeyarwady_v96.zip_mmr_ady_pplp2_250k_mimu.shp,village:157860:row4672:village_point_Ayeyarwady_v96.zip_mmr_ady_pplp2_250k_mimu.shp,keep_both,123502,,,,auto: unique weak-link (no_exact_name + 1 cand + weak spatial) → keep_both,2026-09-21T10:33:07.022183Z
village:160010:row4725:village_point_Ayeyarwady_v96.zip_mmr_ady_pplp2_250k_mimu.shp,village:160010:row4725:village_point_Ayeyarwady_v96.zip_mmr_ady_pplp2_250k_mimu.shp,keep_both,123684,,,,auto: unique weak-link (no_exact_name + 1 cand + weak spatial) → keep_both,2026-09-21T10:33:07.022183Z
village:160240:row4731:village_point_Ayeyarwady_v96.zip_mmr_ady_pplp2_250k_mimu.shp,village:160240:row4731:village_point_Ayeyarwady_v96.zip_mmr_ady_pplp2_250k_mimu.shp,keep_both,123526,,,,auto: unique weak-link (no_exact_name + 1 cand + weak spatial) → keep_both,2026-09-21T10:33:07.022183Z
village:161855:row4777:village_point_Ayeyarwady_v96.zip_mmr_ady_pplp2_250k_mimu.shp,village:161855:row4777:village_point_Ayeyarwady_v96.zip_mmr_ady_pplp2_250k_mimu.shp,keep_both,123552,,,,auto: unique weak-link (no_exact_name + 1 cand + weak spatial) → keep_both,2026-09-21T10:33:07.022183Z
village:162592:row4833:village_point_Ayeyarwady_v96.zip_mmr_ady_pplp2_250k_mimu.shp,village:162592:row4833:village_point_Ayeyarwady_v96.zip_mmr_ady_pplp2_250k_mimu.shp,keep_both,123420,,,,auto: unique weak-link (no_exact_name + 1 cand + weak spatial) → keep_both,2026-09-21T10:33:07.022183Z
village:164180:row4890:village_point_Ayeyarwady_v96.zip_mmr_ady_pplp2_250k_mimu.shp,village:164180:row4890:village_point_Ayeyarwady_v96.zip_mmr_ady_pplp2_250k_mimu.shp,keep_both,167394,,,,auto: unique weak-link (no_exact_name + 1 cand + weak spatial) → keep_both,2026-09-21T10:33:07.022183Z
village:150020:row5638:village_point_Ayeyarwady_v96.zip_mmr_ady_pplp2_250k_mimu.shp,village:150020:row5638:village_point_Ayeyarwady_v96.zip_mmr_ady_pplp2_250k_mimu.shp,keep_both,124643,,,,auto: unique weak-link (no_exact_name + 1 cand + weak spatial) → keep_both,2026-09-21T10:33:07.022183Z
village:152573:row5710:village_point_Ayeyarwady_v96.zip_mmr_ady_pplp2_250k_mimu.shp,village:152573:row5710:village_point_Ayeyarwady_v96.zip_mmr_ady_pplp2_250k_mimu.shp,keep_both,124611,,,,auto: unique weak-link (no_exact_name + 1 cand + weak spatial) → keep_both,2026-09-21T10:33:07.022183Z
village:152580:row5715:village_point_Ayeyarwady_v96.zip_mmr_ady_pplp2_250k_mimu.shp,village:152580:row5715:village_point_Ayeyarwady_v96.zip_mmr_ady_pplp2_250k_mimu.shp,keep_both,124508,,,,auto: unique weak-link (no_exact_name + 1 cand + weak spatial) → keep_both,2026-09-21T10:33:07.022183Z
village:154713:row5766:village_point_Ayeyarwady_v96.zip_mmr_ady_pplp2_250k_mimu.shp,village:154713:row5766:village_point_Ayeyarwady_v96.zip_mmr_ady_pplp2_250k_mimu.shp,keep_both,124694,,,,auto: unique weak-link (no_exact_name + 1 cand + weak spatial) → keep_both,2026-09-21T10:33:07.022183Z
village:156014:row5784:village_point_Ayeyarwady_v96.zip_mmr_ady_pplp2_250k_mimu.shp,village:156014:row5784:village_point_Ayeyarwady_v96.zip_mmr_ady_pplp2_250k_mimu.shp,keep_both,124806,,,,auto: unique weak-link (no_exact_name + 1 cand + weak spatial) → keep_both,2026-09-21T10:33:07.022183Z
village:157206:row5826:village_point_Ayeyarwady_v96.zip_mmr_ady_pplp2_250k_mimu.shp,village:157206:row5826:village_point_Ayeyarwady_v96.zip_mmr_ady_pplp2_250k_mimu.shp,keep_both,127004,,,,auto: unique weak-link (no_exact_name + 1 cand + weak spatial) → keep_both,2026-09-21T10:33:07.022183Z
village:157207:row5833:village_point_Ayeyarwady_v96.zip_mmr_ady_pplp2_250k_mimu.shp,village:157207:row5833:village_point_Ayeyarwady_v96.zip_mmr_ady_pplp2_250k_mimu.shp,keep_both,124790,,,,auto: unique weak-link (no_exact_name + 1 cand + weak spatial) → keep_both,2026-09-21T10:33:07.022183Z
village:163322:row5992:village_point_Ayeyarwady_v96.zip_mmr_ady_pplp2_250k_mimu.shp,village:163322:row5992:village_point_Ayeyarwady_v96.zip_mmr_ady_pplp2_250k_mimu.shp,keep_both,124579,,,,auto: unique weak-link (no_exact_name + 1 cand + weak spatial) → keep_both,2026-09-21T10:33:07.022183Z
village:150199:row6001:village_point_Ayeyarwady_v96.zip_mmr_ady_pplp2_250k_mimu.shp,village:150199:row6001:village_point_Ayeyarwady_v96.zip_mmr_ady_pplp2_250k_mimu.shp,keep_both,125390,,,,auto: unique weak-link (no_exact_name + 1 cand + weak spatial) → keep_both,2026-09-21T10:33:07.022183Z
village:150512:row6011:village_point_Ayeyarwady_v96.zip_mmr_ady_pplp2_250k_mimu.shp,village:150512:row6011:village_point_Ayeyarwady_v96.zip_mmr_ady_pplp2_250k_mimu.shp,keep_both,125286,,,,auto: unique weak-link (no_exact_name + 1 cand + weak spatial) → keep_both,2026-09-21T10:33:07.022183Z
village:152320:row6088:village_point_Ayeyarwady_v96.zip_mmr_ady_pplp2_250k_mimu.shp,village:152320:row6088:village_point_Ayeyarwady_v96.zip_mmr_ady_pplp2_250k_mimu.shp,keep_both,125296,,,,auto: unique weak-link (no_exact_name + 1 cand + weak spatial) → keep_both,2026-09-21T10:33:07.022183Z
village:218424:row6150:village_point_Ayeyarwady_v96.zip_mmr_ady_pplp2_250k_mimu.shp,village:218424:row6150:village_point_Ayeyarwady_v96.zip_mmr_ady_pplp2_250k_mimu.shp,keep_both,124964,,,,auto: unique weak-link (no_exact_name + 1 cand + weak spatial) → keep_both,2026-09-21T10:33:07.022183Z
village:155428:row6209:village_point_Ayeyarwady_v96.zip_mmr_ady_pplp2_250k_mimu.shp,village:155428:row6209:village_point_Ayeyarwady_v96.zip_mmr_ady_pplp2_250k_mimu.shp,keep_both,125106,,,,auto: unique weak-link (no_exact_name + 1 cand + weak spatial) → keep_both,2026-09-21T10:33:07.022183Z
village:220953:row6332:village_point_Ayeyarwady_v96.zip_mmr_ady_pplp2_250k_mimu.shp,village:220953:row6332:village_point_Ayeyarwady_v96.zip_mmr_ady_pplp2_250k_mimu.shp,keep_both,125063,,,,auto: unique weak-link (no_exact_name + 1 cand + weak spatial) → keep_both,2026-09-21T10:33:07.022183Z
village:157256:row6342:village_point_Ayeyarwady_v96.zip_mmr_ady_pplp2_250k_mimu.shp,village:157256:row6342:village_point_Ayeyarwady_v96.zip_mmr_ady_pplp2_250k_mimu.shp,keep_both,125032,,,,auto: unique weak-link (no_exact_name + 1 cand + weak spatial) → keep_both,2026-09-21T10:33:07.022183Z
village:220958:row6410:village_point_Ayeyarwady_v96.zip_mmr_ady_pplp2_250k_mimu.shp,village:220958:row6410:village_point_Ayeyarwady_v96.zip_mmr_ady_pplp2_250k_mimu.shp,keep_both,125016,,,,auto: unique weak-link (no_exact_name + 1 cand + weak spatial) → keep_both,2026-09-21T10:33:07.022183Z
village:220960:row6419:village_point_Ayeyarwady_v96.zip_mmr_ady_pplp2_250k_mimu.shp,village:220960:row6419:village_point_Ayeyarwady_v96.zip_mmr_ady_pplp2_250k_mimu.shp,keep_both,125336,,,,auto: unique weak-link (no_exact_name + 1 cand + weak spatial) → keep_both,2026-09-21T10:33:07.022183Z
village:159456:row6452:village_point_Ayeyarwady_v96.zip_mmr_ady_pplp2_250k_mimu.shp,village:159456:row6452:village_point_Ayeyarwady_v96.zip_mmr_ady_pplp2_250k_mimu.shp,keep_both,125240,,,,auto: unique weak-link (no_exact_name + 1 cand + weak spatial) → keep_both,2026-09-21T10:33:07.022183Z
village:220952:row6486:village_point_Ayeyarwady_v96.zip_mmr_ady_pplp2_250k_mimu.shp,village:220952:row6486:village_point_Ayeyarwady_v96.zip_mmr_ady_pplp2_250k_mimu.shp,keep_both,124976,,,,auto: unique weak-link (no_exact_name + 1 cand + weak spatial) → keep_both,2026-09-21T10:33:07.022183Z
village:160873:row6506:village_point_Ayeyarwady_v96.zip_mmr_ady_pplp2_250k_mimu.shp,village:160873:row6506:village_point_Ayeyarwady_v96.zip_mmr_ady_pplp2_250k_mimu.shp,keep_both,125194,,,,auto: unique weak-link (no_exact_name + 1 cand + weak spatial) → keep_both,2026-09-21T10:33:07.022183Z
village:164266:row6578:village_point_Ayeyarwady_v96.zip_mmr_ady_pplp2_250k_mimu.shp,village:164266:row6578:village_point_Ayeyarwady_v96.zip_mmr_ady_pplp2_250k_mimu.shp,keep_both,124988,,,,auto: unique weak-link (no_exact_name + 1 cand + weak spatial) → keep_both,2026-09-21T10:33:07.022183Z
village:158094:row6791:village_point_Ayeyarwady_v96.zip_mmr_ady_pplp2_250k_mimu.shp,village:158094:row6791:village_point_Ayeyarwady_v96.zip_mmr_ady_pplp2_250k_mimu.shp,keep_both,125855,,,,auto: unique weak-link (no_exact_name + 1 cand + weak spatial) → keep_both,2026-09-21T10:33:07.022183Z
village:158091:row6795:village_point_Ayeyarwady_v96.zip_mmr_ady_pplp2_250k_mimu.shp,village:158091:row6795:village_point_Ayeyarwady_v96.zip_mmr_ady_pplp2_250k_mimu.shp,keep_both,125440,,,,auto: unique weak-link (no_exact_name + 1 cand + weak spatial) → keep_both,2026-09-21T10:33:07.022183Z
village:163878:row7045:village_point_Ayeyarwady_v96.zip_mmr_ady_pplp2_250k_mimu.shp,village:163878:row7045:village_point_Ayeyarwady_v96.zip_mmr_ady_pplp2_250k_mimu.shp,keep_both,125829,,,,auto: unique weak-link (no_exact_name + 1 cand + weak spatial) → keep_both,2026-09-21T10:33:07.022183Z
village:152267:row7118:village_point_Ayeyarwady_v96.zip_mmr_ady_pplp2_250k_mimu.shp,village:152267:row7118:village_point_Ayeyarwady_v96.zip_mmr_ady_pplp2_250k_mimu.shp,keep_both,125900,,,,auto: unique weak-link (no_exact_name + 1 cand + weak spatial) → keep_both,2026-09-21T10:33:07.022183Z
village:153279:row7155:village_point_Ayeyarwady_v96.zip_mmr_ady_pplp2_250k_mimu.shp,village:153279:row7155:village_point_Ayeyarwady_v96.zip_mmr_ady_pplp2_250k_mimu.shp,keep_both,126302,,,,auto: unique weak-link (no_exact_name + 1 cand + weak spatial) → keep_both,2026-09-21T10:33:07.022183Z
village:153784:row7161:village_point_Ayeyarwady_v96.zip_mmr_ady_pplp2_250k_mimu.shp,village:153784:row7161:village_point_Ayeyarwady_v96.zip_mmr_ady_pplp2_250k_mimu.shp,keep_both,125919,,,,auto: unique weak-link (no_exact_name + 1 cand + weak spatial) → keep_both,2026-09-21T10:33:07.022183Z
village:153835:row7208:village_point_Ayeyarwady_v96.zip_mmr_ady_pplp2_250k_mimu.shp,village:153835:row7208:village_point_Ayeyarwady_v96.zip_mmr_ady_pplp2_250k_mimu.shp,keep_both,126162,,,,auto: unique weak-link (no_exact_name + 1 cand + weak spatial) → keep_both,2026-09-21T10:33:07.022183Z
village:217415:row7239:village_point_Ayeyarwady_v96.zip_mmr_ady_pplp2_250k_mimu.shp,village:217415:row7239:village_point_Ayeyarwady_v96.zip_mmr_ady_pplp2_250k_mimu.shp,keep_both,126102,,,,auto: unique weak-link (no_exact_name + 1 cand + weak spatial) → keep_both,2026-09-21T10:33:07.022183Z
village:160211:row7419:village_point_Ayeyarwady_v96.zip_mmr_ady_pplp2_250k_mimu.shp,village:160211:row7419:village_point_Ayeyarwady_v96.zip_mmr_ady_pplp2_250k_mimu.shp,keep_both,126278,,,,auto: unique weak-link (no_exact_name + 1 cand + weak spatial) → keep_both,2026-09-21T10:33:07.022183Z
village:160543:row7429:village_point_Ayeyarwady_v96.zip_mmr_ady_pplp2_250k_mimu.shp,village:160543:row7429:village_point_Ayeyarwady_v96.zip_mmr_ady_pplp2_250k_mimu.shp,keep_both,126080,,,,auto: unique weak-link (no_exact_name + 1 cand + weak spatial) → keep_both,2026-09-21T10:33:07.022183Z
village:153629:row7976:village_point_Ayeyarwady_v96.zip_mmr_ady_pplp2_250k_mimu.shp,village:153629:row7976:village_point_Ayeyarwady_v96.zip_mmr_ady_pplp2_250k_mimu.shp,keep_both,119585,,,,auto: unique weak-link (no_exact_name + 1 cand + weak spatial) → keep_both,2026-09-21T10:33:07.022183Z
village:156314:row8013:village_point_Ayeyarwady_v96.zip_mmr_ady_pplp2_250k_mimu.shp,village:156314:row8013:village_point_Ayeyarwady_v96.zip_mmr_ady_pplp2_250k_mimu.shp,keep_both,126961,,,,auto: unique weak-link (no_exact_name + 1 cand + weak spatial) → keep_both,2026-09-21T10:33:07.022183Z
village:159259:row8076:village_point_Ayeyarwady_v96.zip_mmr_ady_pplp2_250k_mimu.shp,village:159259:row8076:village_point_Ayeyarwady_v96.zip_mmr_ady_pplp2_250k_mimu.shp,keep_both,126821,,,,auto: unique weak-link (no_exact_name + 1 cand + weak spatial) → keep_both,2026-09-21T10:33:07.022183Z
village:161078:row8124:village_point_Ayeyarwady_v96.zip_mmr_ady_pplp2_250k_mimu.shp,village:161078:row8124:village_point_Ayeyarwady_v96.zip_mmr_ady_pplp2_250k_mimu.shp,keep_both,126830,,,,auto: unique weak-link (no_exact_name + 1 cand + weak spatial) → keep_both,2026-09-21T10:33:07.022183Z
village:161075:row8126:village_point_Ayeyarwady_v96.zip_mmr_ady_pplp2_250k_mimu.shp,village:161075:row8126:village_point_Ayeyarwady_v96.zip_mmr_ady_pplp2_250k_mimu.shp,keep_both,124653,,,,auto: unique weak-link (no_exact_name + 1 cand + weak spatial) → keep_both,2026-09-21T10:33:07.022183Z
village:161074:row8129:village_point_Ayeyarwady_v96.zip_mmr_ady_pplp2_250k_mimu.shp,village:161074:row8129:village_point_Ayeyarwady_v96.zip_mmr_ady_pplp2_250k_mimu.shp,keep_both,126950,,,,auto: unique weak-link (no_exact_name + 1 cand + weak spatial) → keep_both,2026-09-21T10:33:07.022183Z
village:161369:row8494:village_point_Ayeyarwady_v96.zip_mmr_ady_pplp2_250k_mimu.shp,village:161369:row8494:village_point_Ayeyarwady_v96.zip_mmr_ady_pplp2_250k_mimu.shp,keep_both,127389,,,,auto: unique weak-link (no_exact_name + 1 cand + weak spatial) → keep_both,2026-09-21T10:33:07.022183Z
village:153679:row8893:village_point_Ayeyarwady_v96.zip_mmr_ady_pplp2_250k_mimu.shp,village:153679:row8893:village_point_Ayeyarwady_v96.zip_mmr_ady_pplp2_250k_mimu.shp,keep_both,127788,,,,auto: unique weak-link (no_exact_name + 1 cand + weak spatial) → keep_both,2026-09-21T10:33:07.022183Z
village:154448:row8903:village_point_Ayeyarwady_v96.zip_mmr_ady_pplp2_250k_mimu.shp,village:154448:row8903:village_point_Ayeyarwady_v96.zip_mmr_ady_pplp2_250k_mimu.shp,keep_both,127700,,,,auto: unique weak-link (no_exact_name + 1 cand + weak spatial) → keep_both,2026-09-21T10:33:07.022183Z
village:150136:row9389:village_point_Ayeyarwady_v96.zip_mmr_ady_pplp2_250k_mimu.shp,village:150136:row9389:village_point_Ayeyarwady_v96.zip_mmr_ady_pplp2_250k_mimu.shp,keep_both,128327,,,,auto: unique weak-link (no_exact_name + 1 cand + weak spatial) → keep_both,2026-09-21T10:33:07.022183Z
village:151925:row9453:village_point_Ayeyarwady_v96.zip_mmr_ady_pplp2_250k_mimu.shp,village:151925:row9453:village_point_Ayeyarwady_v96.zip_mmr_ady_pplp2_250k_mimu.shp,keep_both,128299,,,,auto: unique weak-link (no_exact_name + 1 cand + weak spatial) → keep_both,2026-09-21T10:33:07.022183Z
village:152510:row9469:village_point_Ayeyarwady_v96.zip_mmr_ady_pplp2_250k_mimu.shp,village:152510:row9469:village_point_Ayeyarwady_v96.zip_mmr_ady_pplp2_250k_mimu.shp,keep_both,128594,,,,auto: unique weak-link (no_exact_name + 1 cand + weak spatial) → keep_both,2026-09-21T10:33:07.022183Z
village:153650:row9507:village_point_Ayeyarwady_v96.zip_mmr_ady_pplp2_250k_mimu.shp,village:153650:row9507:village_point_Ayeyarwady_v96.zip_mmr_ady_pplp2_250k_mimu.shp,keep_both,128567,,,,auto: unique weak-link (no_exact_name + 1 cand + weak spatial) → keep_both,2026-09-21T10:33:07.022183Z
village:153949:row9524:village_point_Ayeyarwady_v96.zip_mmr_ady_pplp2_250k_mimu.shp,village:153949:row9524:village_point_Ayeyarwady_v96.zip_mmr_ady_pplp2_250k_mimu.shp,keep_both,128654,,,,auto: unique weak-link (no_exact_name + 1 cand + weak spatial) → keep_both,2026-09-21T10:33:07.022183Z
village:163109:row9877:village_point_Ayeyarwady_v96.zip_mmr_ady_pplp2_250k_mimu.shp,village:163109:row9877:village_point_Ayeyarwady_v96.zip_mmr_ady_pplp2_250k_mimu.shp,keep_both,128350,,,,auto: unique weak-link (no_exact_name + 1 cand + weak spatial) → keep_both,2026-09-21T10:33:07.022183Z
village:161869:row10694:village_point_Ayeyarwady_v96.zip_mmr_ady_pplp2_250k_mimu.shp,village:161869:row10694:village_point_Ayeyarwady_v96.zip_mmr_ady_pplp2_250k_mimu.shp,keep_both,129508,,,,auto: unique weak-link (no_exact_name + 1 cand + weak spatial) → keep_both,2026-09-21T10:33:07.022183Z
village:178719:row481:village_point_Bago_v96.zip_mmr_bgo_pplp2_250k_mimu.shp,village:178719:row481:village_point_Bago_v96.zip_mmr_bgo_pplp2_250k_mimu.shp,keep_both,162366,,,,auto: unique weak-link (no_exact_name + 1 cand + weak spatial) → keep_both,2026-09-21T10:33:07.022183Z
village:178648:row548:village_point_Bago_v96.zip_mmr_bgo_pplp2_250k_mimu.shp,village:178648:row548:village_point_Bago_v96.zip_mmr_bgo_pplp2_250k_mimu.shp,keep_both,162253,,,,auto: unique weak-link (no_exact_name + 1 cand + weak spatial) → keep_both,2026-09-21T10:33:07.022183Z
village:180335:row718:village_point_Bago_v96.zip_mmr_bgo_pplp2_250k_mimu.shp,village:180335:row718:village_point_Bago_v96.zip_mmr_bgo_pplp2_250k_mimu.shp,keep_both,136187,,,,auto: unique weak-link (no_exact_name + 1 cand + weak spatial) → keep_both,2026-09-21T10:33:07.022183Z
village:179123:row800:village_point_Bago_v96.zip_mmr_bgo_pplp2_250k_mimu.shp,village:179123:row800:village_point_Bago_v96.zip_mmr_bgo_pplp2_250k_mimu.shp,keep_both,138051,,,,auto: unique weak-link (no_exact_name + 1 cand + weak spatial) → keep_both,2026-09-21T10:33:07.022183Z
village:220106:row802:village_point_Bago_v96.zip_mmr_bgo_pplp2_250k_mimu.shp,village:220106:row802:village_point_Bago_v96.zip_mmr_bgo_pplp2_250k_mimu.shp,keep_both,148547,,,,auto: unique weak-link (no_exact_name + 1 cand + weak spatial) → keep_both,2026-09-21T10:33:07.022183Z
village:179135:row821:village_point_Bago_v96.zip_mmr_bgo_pplp2_250k_mimu.shp,village:179135:row821:village_point_Bago_v96.zip_mmr_bgo_pplp2_250k_mimu.shp,keep_both,137988,,,,auto: unique weak-link (no_exact_name + 1 cand + weak spatial) → keep_both,2026-09-21T10:33:07.022183Z
village:179088:row845:village_point_Bago_v96.zip_mmr_bgo_pplp2_250k_mimu.shp,village:179088:row845:village_point_Bago_v96.zip_mmr_bgo_pplp2_250k_mimu.shp,keep_both,137943,,,,auto: unique weak-link (no_exact_name + 1 cand + weak spatial) → keep_both,2026-09-21T10:33:07.022183Z
village:179236:row882:village_point_Bago_v96.zip_mmr_bgo_pplp2_250k_mimu.shp,village:179236:row882:village_point_Bago_v96.zip_mmr_bgo_pplp2_250k_mimu.shp,keep_both,138083,,,,auto: unique weak-link (no_exact_name + 1 cand + weak spatial) → keep_both,2026-09-21T10:33:07.022183Z
village:220103:row888:village_point_Bago_v96.zip_mmr_bgo_pplp2_250k_mimu.shp,village:220103:row888:village_point_Bago_v96.zip_mmr_bgo_pplp2_250k_mimu.shp,keep_both,137959,,,,auto: unique weak-link (no_exact_name + 1 cand + weak spatial) → keep_both,2026-09-21T10:33:07.022183Z
village:179113:row924:village_point_Bago_v96.zip_mmr_bgo_pplp2_250k_mimu.shp,village:179113:row924:village_point_Bago_v96.zip_mmr_bgo_pplp2_250k_mimu.shp,keep_both,138033,,,,auto: unique weak-link (no_exact_name + 1 cand + weak spatial) → keep_both,2026-09-21T10:33:07.022183Z
village:220104:row982:village_point_Bago_v96.zip_mmr_bgo_pplp2_250k_mimu.shp,village:220104:row982:village_point_Bago_v96.zip_mmr_bgo_pplp2_250k_mimu.shp,keep_both,138021,,,,auto: unique weak-link (no_exact_name + 1 cand + weak spatial) → keep_both,2026-09-21T10:33:07.022183Z
village:178995:row1121:village_point_Bago_v96.zip_mmr_bgo_pplp2_250k_mimu.shp,village:178995:row1121:village_point_Bago_v96.zip_mmr_bgo_pplp2_250k_mimu.shp,keep_both,138165,,,,auto: unique weak-link (no_exact_name + 1 cand + weak spatial) → keep_both,2026-09-21T10:33:07.022183Z
village:218963:row1378:village_point_Bago_v96.zip_mmr_bgo_pplp2_250k_mimu.shp,village:218963:row1378:village_point_Bago_v96.zip_mmr_bgo_pplp2_250k_mimu.shp,keep_both,135911,,,,auto: unique weak-link (no_exact_name + 1 cand + weak spatial) → keep_both,2026-09-21T10:33:07.022183Z
village:180466:row1483:village_point_Bago_v96.zip_mmr_bgo_pplp2_250k_mimu.shp,village:180466:row1483:village_point_Bago_v96.zip_mmr_bgo_pplp2_250k_mimu.shp,keep_both,135691,,,,auto: unique weak-link (no_exact_name + 1 cand + weak spatial) → keep_both,2026-09-21T10:33:07.022183Z
village:179507:row1663:village_point_Bago_v96.zip_mmr_bgo_pplp2_250k_mimu.shp,village:179507:row1663:village_point_Bago_v96.zip_mmr_bgo_pplp2_250k_mimu.shp,keep_both,138337,,,,auto: unique weak-link (no_exact_name + 1 cand + weak spatial) → keep_both,2026-09-21T10:33:07.022183Z
village:218909:row1791:village_point_Bago_v96.zip_mmr_bgo_pplp2_250k_mimu.shp,village:218909:row1791:village_point_Bago_v96.zip_mmr_bgo_pplp2_250k_mimu.shp,keep_both,134804,,,,auto: unique weak-link (no_exact_name + 1 cand + weak spatial) → keep_both,2026-09-21T10:33:07.022183Z
village:218916:row1826:village_point_Bago_v96.zip_mmr_bgo_pplp2_250k_mimu.shp,village:218916:row1826:village_point_Bago_v96.zip_mmr_bgo_pplp2_250k_mimu.shp,keep_both,159532,,,,auto: unique weak-link (no_exact_name + 1 cand + weak spatial) → keep_both,2026-09-21T10:33:07.022183Z
village:179916:row1862:village_point_Bago_v96.zip_mmr_bgo_pplp2_250k_mimu.shp,village:179916:row1862:village_point_Bago_v96.zip_mmr_bgo_pplp2_250k_mimu.shp,keep_both,134845,,,,auto: unique weak-link (no_exact_name + 1 cand + weak spatial) → keep_both,2026-09-21T10:33:07.022183Z
village:180165:row2335:village_point_Bago_v96.zip_mmr_bgo_pplp2_250k_mimu.shp,village:180165:row2335:village_point_Bago_v96.zip_mmr_bgo_pplp2_250k_mimu.shp,keep_both,134379,,,,auto: unique weak-link (no_exact_name + 1 cand + weak spatial) → keep_both,2026-09-21T10:33:07.022183Z
village:180164:row2337:village_point_Bago_v96.zip_mmr_bgo_pplp2_250k_mimu.shp,village:180164:row2337:village_point_Bago_v96.zip_mmr_bgo_pplp2_250k_mimu.shp,keep_both,134495,,,,auto: unique weak-link (no_exact_name + 1 cand + weak spatial) → keep_both,2026-09-21T10:33:07.022183Z
village:180172:row2354:village_point_Bago_v96.zip_mmr_bgo_pplp2_250k_mimu.shp,village:180172:row2354:village_point_Bago_v96.zip_mmr_bgo_pplp2_250k_mimu.shp,keep_both,134379,,,,auto: unique weak-link (no_exact_name + 1 cand + weak spatial) → keep_both,2026-09-21T10:33:07.022183Z
village:184291:row3214:village_point_Bago_v96.zip_mmr_bgo_pplp2_250k_mimu.shp,village:184291:row3214:village_point_Bago_v96.zip_mmr_bgo_pplp2_250k_mimu.shp,keep_both,140716,,,,auto: unique weak-link (no_exact_name + 1 cand + weak spatial) → keep_both,2026-09-21T10:33:07.022183Z
village:181540:row4265:village_point_Bago_v96.zip_mmr_bgo_pplp2_250k_mimu.shp,village:181540:row4265:village_point_Bago_v96.zip_mmr_bgo_pplp2_250k_mimu.shp,keep_both,159444,,,,auto: unique weak-link (no_exact_name + 1 cand + weak spatial) → keep_both,2026-09-21T10:33:07.022183Z
village:182441:row5032:village_point_Bago_v96.zip_mmr_bgo_pplp2_250k_mimu.shp,village:182441:row5032:village_point_Bago_v96.zip_mmr_bgo_pplp2_250k_mimu.shp,keep_both,139592,,,,auto: unique weak-link (no_exact_name + 1 cand + weak spatial) → keep_both,2026-09-21T10:33:07.022183Z
village:182691:row5167:village_point_Bago_v96.zip_mmr_bgo_pplp2_250k_mimu.shp,village:182691:row5167:village_point_Bago_v96.zip_mmr_bgo_pplp2_250k_mimu.shp,keep_both,140291,,,,auto: unique weak-link (no_exact_name + 1 cand + weak spatial) → keep_both,2026-09-21T10:33:07.022183Z
village:183775:row5722:village_point_Bago_v96.zip_mmr_bgo_pplp2_250k_mimu.shp,village:183775:row5722:village_point_Bago_v96.zip_mmr_bgo_pplp2_250k_mimu.shp,keep_both,141766,,,,auto: unique weak-link (no_exact_name + 1 cand + weak spatial) → keep_both,2026-09-21T10:33:07.022183Z
village:183794:row5816:village_point_Bago_v96.zip_mmr_bgo_pplp2_250k_mimu.shp,village:183794:row5816:village_point_Bago_v96.zip_mmr_bgo_pplp2_250k_mimu.shp,keep_both,141831,,,,auto: unique weak-link (no_exact_name + 1 cand + weak spatial) → keep_both,2026-09-21T10:33:07.022183Z
village:164487:row137:village_point_Chin_v96.zip_mmr_chn_pplp2_250k_wfp_mimu.shp,village:164487:row137:village_point_Chin_v96.zip_mmr_chn_pplp2_250k_wfp_mimu.shp,keep_both,160005,,,,auto: unique weak-link (no_exact_name + 1 cand + weak spatial) → keep_both,2026-09-21T10:33:07.022183Z
village:165243:row273:village_point_Chin_v96.zip_mmr_chn_pplp2_250k_wfp_mimu.shp,village:165243:row273:village_point_Chin_v96.zip_mmr_chn_pplp2_250k_wfp_mimu.shp,keep_both,150602,,,,auto: unique weak-link (no_exact_name + 1 cand + weak spatial) → keep_both,2026-09-21T10:33:07.022183Z
village:165179:row283:village_point_Chin_v96.zip_mmr_chn_pplp2_250k_wfp_mimu.shp,village:165179:row283:village_point_Chin_v96.zip_mmr_chn_pplp2_250k_wfp_mimu.shp,keep_both,150636,,,,auto: unique weak-link (no_exact_name + 1 cand + weak spatial) → keep_both,2026-09-21T10:33:07.022183Z
village:218035:row387:village_point_Chin_v96.zip_mmr_chn_pplp2_250k_wfp_mimu.shp,village:218035:row387:village_point_Chin_v96.zip_mmr_chn_pplp2_250k_wfp_mimu.shp,keep_both,161469,,,,auto: unique weak-link (no_exact_name + 1 cand + weak spatial) → keep_both,2026-09-21T10:33:07.022183Z
village:165150:row479:village_point_Chin_v96.zip_mmr_chn_pplp2_250k_wfp_mimu.shp,village:165150:row479:village_point_Chin_v96.zip_mmr_chn_pplp2_250k_wfp_mimu.shp,keep_both,115864,,,,auto: unique weak-link (no_exact_name + 1 cand + weak spatial) → keep_both,2026-09-21T10:33:07.022183Z
village:165003:row551:village_point_Chin_v96.zip_mmr_chn_pplp2_250k_wfp_mimu.shp,village:165003:row551:village_point_Chin_v96.zip_mmr_chn_pplp2_250k_wfp_mimu.shp,keep_both,150806,,,,auto: unique weak-link (no_exact_name + 1 cand + weak spatial) → keep_both,2026-09-21T10:33:07.022183Z
village:164962:row625:village_point_Chin_v96.zip_mmr_chn_pplp2_250k_wfp_mimu.shp,village:164962:row625:village_point_Chin_v96.zip_mmr_chn_pplp2_250k_wfp_mimu.shp,keep_both,150666,,,,auto: unique weak-link (no_exact_name + 1 cand + weak spatial) → keep_both,2026-09-21T10:33:07.022183Z
village:218054:row935:village_point_Chin_v96.zip_mmr_chn_pplp2_250k_wfp_mimu.shp,village:218054:row935:village_point_Chin_v96.zip_mmr_chn_pplp2_250k_wfp_mimu.shp,keep_both,115728,,,,auto: unique weak-link (no_exact_name + 1 cand + weak spatial) → keep_both,2026-09-21T10:33:07.022183Z
village:218086:row1033:village_point_Chin_v96.zip_mmr_chn_pplp2_250k_wfp_mimu.shp,village:218086:row1033:village_point_Chin_v96.zip_mmr_chn_pplp2_250k_wfp_mimu.shp,keep_both,150820,,,,auto: unique weak-link (no_exact_name + 1 cand + weak spatial) → keep_both,2026-09-21T10:33:07.022183Z
village:164705:row1096:village_point_Chin_v96.zip_mmr_chn_pplp2_250k_wfp_mimu.shp,village:164705:row1096:village_point_Chin_v96.zip_mmr_chn_pplp2_250k_wfp_mimu.shp,keep_both,159997,,,,auto: unique weak-link (no_exact_name + 1 cand + weak spatial) → keep_both,2026-09-21T10:33:07.022183Z
village:164782:row1334:village_point_Chin_v96.zip_mmr_chn_pplp2_250k_wfp_mimu.shp,village:164782:row1334:village_point_Chin_v96.zip_mmr_chn_pplp2_250k_wfp_mimu.shp,keep_both,150320,,,,auto: unique weak-link (no_exact_name + 1 cand + weak spatial) → keep_both,2026-09-21T10:33:07.022183Z
village:164769:row1339:village_point_Chin_v96.zip_mmr_chn_pplp2_250k_wfp_mimu.shp,village:164769:row1339:village_point_Chin_v96.zip_mmr_chn_pplp2_250k_wfp_mimu.shp,keep_both,136978,,,,auto: unique weak-link (no_exact_name + 1 cand + weak spatial) → keep_both,2026-09-21T10:33:07.022183Z
village:166394:row103:village_point_Kachin_v96.zip_mmr_kcn_pplp2_250k_mimu.shp,village:166394:row103:village_point_Kachin_v96.zip_mmr_kcn_pplp2_250k_mimu.shp,keep_both,116342,,,,auto: unique weak-link (no_exact_name + 1 cand + weak spatial) → keep_both,2026-09-21T10:33:07.022183Z
village:166110:row277:village_point_Kachin_v96.zip_mmr_kcn_pplp2_250k_mimu.shp,village:166110:row277:village_point_Kachin_v96.zip_mmr_kcn_pplp2_250k_mimu.shp,keep_both,154902,,,,auto: unique weak-link (no_exact_name + 1 cand + weak spatial) → keep_both,2026-09-21T10:33:07.022183Z
village:166597:row740:village_point_Kachin_v96.zip_mmr_kcn_pplp2_250k_mimu.shp,village:166597:row740:village_point_Kachin_v96.zip_mmr_kcn_pplp2_250k_mimu.shp,keep_both,154798,,,,auto: unique weak-link (no_exact_name + 1 cand + weak spatial) → keep_both,2026-09-21T10:33:07.022183Z
village:166612:row767:village_point_Kachin_v96.zip_mmr_kcn_pplp2_250k_mimu.shp,village:166612:row767:village_point_Kachin_v96.zip_mmr_kcn_pplp2_250k_mimu.shp,keep_both,172704,,,,auto: unique weak-link (no_exact_name + 1 cand + weak spatial) → keep_both,2026-09-21T10:33:07.022183Z
village:166656:row796:village_point_Kachin_v96.zip_mmr_kcn_pplp2_250k_mimu.shp,village:166656:row796:village_point_Kachin_v96.zip_mmr_kcn_pplp2_250k_mimu.shp,keep_both,147992,,,,auto: unique weak-link (no_exact_name + 1 cand + weak spatial) → keep_both,2026-09-21T10:33:07.022183Z
village:167847:row1255:village_point_Kachin_v96.zip_mmr_kcn_pplp2_250k_mimu.shp,village:167847:row1255:village_point_Kachin_v96.zip_mmr_kcn_pplp2_250k_mimu.shp,keep_both,154104,,,,auto: unique weak-link (no_exact_name + 1 cand + weak spatial) → keep_both,2026-09-21T10:33:07.022183Z
village:167720:row1319:village_point_Kachin_v96.zip_mmr_kcn_pplp2_250k_mimu.shp,village:167720:row1319:village_point_Kachin_v96.zip_mmr_kcn_pplp2_250k_mimu.shp,keep_both,154136,,,,auto: unique weak-link (no_exact_name + 1 cand + weak spatial) → keep_both,2026-09-21T10:33:07.022183Z
village:166522:row1345:village_point_Kachin_v96.zip_mmr_kcn_pplp2_250k_mimu.shp,village:166522:row1345:village_point_Kachin_v96.zip_mmr_kcn_pplp2_250k_mimu.shp,keep_both,154443,,,,auto: unique weak-link (no_exact_name + 1 cand + weak spatial) → keep_both,2026-09-21T10:33:07.022183Z
village:168835:row210:village_point_Kayah_v96.zip_mmr_kyh_pplp2_250k_mimu.shp,village:168835:row210:village_point_Kayah_v96.zip_mmr_kyh_pplp2_250k_mimu.shp,keep_both,116900,,,,auto: unique weak-link (no_exact_name + 1 cand + weak spatial) → keep_both,2026-09-21T10:33:07.022183Z
village:170283:row1395:village_point_Kayin_v96.zip_mmr_kyn_pplp2_250k_mimu.shp,village:170283:row1395:village_point_Kayin_v96.zip_mmr_kyn_pplp2_250k_mimu.shp,keep_both,130294,,,,auto: unique weak-link (no_exact_name + 1 cand + weak spatial) → keep_both,2026-09-21T10:33:07.022183Z
village:170180:row1461:village_point_Kayin_v96.zip_mmr_kyn_pplp2_250k_mimu.shp,village:170180:row1461:village_point_Kayin_v96.zip_mmr_kyn_pplp2_250k_mimu.shp,keep_both,130286,,,,auto: unique weak-link (no_exact_name + 1 cand + weak spatial) → keep_both,2026-09-21T10:33:07.022183Z
village:185069:row349:village_point_Magway_v96.zip_mmr_mgy_pplp2_250k_wfp_mimu.shp,village:185069:row349:village_point_Magway_v96.zip_mmr_mgy_pplp2_250k_wfp_mimu.shp,keep_both,169914,,,,auto: unique weak-link (no_exact_name + 1 cand + weak spatial) → keep_both,2026-09-21T10:33:07.022183Z
village:189239:row550:village_point_Magway_v96.zip_mmr_mgy_pplp2_250k_wfp_mimu.shp,village:189239:row550:village_point_Magway_v96.zip_mmr_mgy_pplp2_250k_wfp_mimu.shp,keep_both,171104,,,,auto: unique weak-link (no_exact_name + 1 cand + weak spatial) → keep_both,2026-09-21T10:33:07.022183Z
village:186057:row973:village_point_Magway_v96.zip_mmr_mgy_pplp2_250k_wfp_mimu.shp,village:186057:row973:village_point_Magway_v96.zip_mmr_mgy_pplp2_250k_wfp_mimu.shp,keep_both,171718,,,,auto: unique weak-link (no_exact_name + 1 cand + weak spatial) → keep_both,2026-09-21T10:33:07.022183Z
village:187197:row1287:village_point_Magway_v96.zip_mmr_mgy_pplp2_250k_wfp_mimu.shp,village:187197:row1287:village_point_Magway_v96.zip_mmr_mgy_pplp2_250k_wfp_mimu.shp,keep_both,117277,,,,auto: unique weak-link (no_exact_name + 1 cand + weak spatial) → keep_both,2026-09-21T10:33:07.022183Z
village:187089:row1346:village_point_Magway_v96.zip_mmr_mgy_pplp2_250k_wfp_mimu.shp,village:187089:row1346:village_point_Magway_v96.zip_mmr_mgy_pplp2_250k_wfp_mimu.shp,keep_both,117163,,,,auto: unique weak-link (no_exact_name + 1 cand + weak spatial) → keep_both,2026-09-21T10:33:07.022183Z
village:187225:row1352:village_point_Magway_v96.zip_mmr_mgy_pplp2_250k_wfp_mimu.shp,village:187225:row1352:village_point_Magway_v96.zip_mmr_mgy_pplp2_250k_wfp_mimu.shp,keep_both,117192,,,,auto: unique weak-link (no_exact_name + 1 cand + weak spatial) → keep_both,2026-09-21T10:33:07.022183Z
village:188615:row1451:village_point_Magway_v96.zip_mmr_mgy_pplp2_250k_wfp_mimu.shp,village:188615:row1451:village_point_Magway_v96.zip_mmr_mgy_pplp2_250k_wfp_mimu.shp,keep_both,171023,,,,auto: unique weak-link (no_exact_name + 1 cand + weak spatial) → keep_both,2026-09-21T10:33:07.022183Z
village:188099:row2275:village_point_Magway_v96.zip_mmr_mgy_pplp2_250k_wfp_mimu.shp,village:188099:row2275:village_point_Magway_v96.zip_mmr_mgy_pplp2_250k_wfp_mimu.shp,keep_both,130483,,,,auto: unique weak-link (no_exact_name + 1 cand + weak spatial) → keep_both,2026-09-21T10:33:07.022183Z
village:188977:row2574:village_point_Magway_v96.zip_mmr_mgy_pplp2_250k_wfp_mimu.shp,village:188977:row2574:village_point_Magway_v96.zip_mmr_mgy_pplp2_250k_wfp_mimu.shp,keep_both,170896,,,,auto: unique weak-link (no_exact_name + 1 cand + weak spatial) → keep_both,2026-09-21T10:33:07.022183Z
village:186185:row2741:village_point_Magway_v96.zip_mmr_mgy_pplp2_250k_wfp_mimu.shp,village:186185:row2741:village_point_Magway_v96.zip_mmr_mgy_pplp2_250k_wfp_mimu.shp,keep_both,171234,,,,auto: unique weak-link (no_exact_name + 1 cand + weak spatial) → keep_both,2026-09-21T10:33:07.022183Z
village:189395:row3339:village_point_Magway_v96.zip_mmr_mgy_pplp2_250k_wfp_mimu.shp,village:189395:row3339:village_point_Magway_v96.zip_mmr_mgy_pplp2_250k_wfp_mimu.shp,keep_both,131713,,,,auto: unique weak-link (no_exact_name + 1 cand + weak spatial) → keep_both,2026-09-21T10:33:07.022183Z
village:189421:row3382:village_point_Magway_v96.zip_mmr_mgy_pplp2_250k_wfp_mimu.shp,village:189421:row3382:village_point_Magway_v96.zip_mmr_mgy_pplp2_250k_wfp_mimu.shp,keep_both,170972,,,,auto: unique weak-link (no_exact_name + 1 cand + weak spatial) → keep_both,2026-09-21T10:33:07.022183Z
village:189422:row3383:village_point_Magway_v96.zip_mmr_mgy_pplp2_250k_wfp_mimu.shp,village:189422:row3383:village_point_Magway_v96.zip_mmr_mgy_pplp2_250k_wfp_mimu.shp,keep_both,170972,,,,auto: unique weak-link (no_exact_name + 1 cand + weak spatial) → keep_both,2026-09-21T10:33:07.022183Z
village:189111:row3549:village_point_Magway_v96.zip_mmr_mgy_pplp2_250k_wfp_mimu.shp,village:189111:row3549:village_point_Magway_v96.zip_mmr_mgy_pplp2_250k_wfp_mimu.shp,keep_both,169934,,,,auto: unique weak-link (no_exact_name + 1 cand + weak spatial) → keep_both,2026-09-21T10:33:07.022183Z
village:186892:row3567:village_point_Magway_v96.zip_mmr_mgy_pplp2_250k_wfp_mimu.shp,village:186892:row3567:village_point_Magway_v96.zip_mmr_mgy_pplp2_250k_wfp_mimu.shp,keep_both,171142,,,,auto: unique weak-link (no_exact_name + 1 cand + weak spatial) → keep_both,2026-09-21T10:33:07.022183Z
village:186846:row3610:village_point_Magway_v96.zip_mmr_mgy_pplp2_250k_wfp_mimu.shp,village:186846:row3610:village_point_Magway_v96.zip_mmr_mgy_pplp2_250k_wfp_mimu.shp,keep_both,171130,,,,auto: unique weak-link (no_exact_name + 1 cand + weak spatial) → keep_both,2026-09-21T10:33:07.022183Z
village:186897:row3624:village_point_Magway_v96.zip_mmr_mgy_pplp2_250k_wfp_mimu.shp,village:186897:row3624:village_point_Magway_v96.zip_mmr_mgy_pplp2_250k_wfp_mimu.shp,keep_both,171633,,,,auto: unique weak-link (no_exact_name + 1 cand + weak spatial) → keep_both,2026-09-21T10:33:07.022183Z
village:221724:row3940:village_point_Magway_v96.zip_mmr_mgy_pplp2_250k_wfp_mimu.shp,village:221724:row3940:village_point_Magway_v96.zip_mmr_mgy_pplp2_250k_wfp_mimu.shp,keep_both,146365,,,,auto: unique weak-link (no_exact_name + 1 cand + weak spatial) → keep_both,2026-09-21T10:33:07.022183Z
village:186949:row4159:village_point_Magway_v96.zip_mmr_mgy_pplp2_250k_wfp_mimu.shp,village:186949:row4159:village_point_Magway_v96.zip_mmr_mgy_pplp2_250k_wfp_mimu.shp,keep_both,117664,,,,auto: unique weak-link (no_exact_name + 1 cand + weak spatial) → keep_both,2026-09-21T10:33:07.022183Z
village:189275:row4287:village_point_Magway_v96.zip_mmr_mgy_pplp2_250k_wfp_mimu.shp,village:189275:row4287:village_point_Magway_v96.zip_mmr_mgy_pplp2_250k_wfp_mimu.shp,keep_both,171963,,,,auto: unique weak-link (no_exact_name + 1 cand + weak spatial) → keep_both,2026-09-21T10:33:07.022183Z
village:189293:row4325:village_point_Magway_v96.zip_mmr_mgy_pplp2_250k_wfp_mimu.shp,village:189293:row4325:village_point_Magway_v96.zip_mmr_mgy_pplp2_250k_wfp_mimu.shp,keep_both,173031,,,,auto: unique weak-link (no_exact_name + 1 cand + weak spatial) → keep_both,2026-09-21T10:33:07.022183Z
village:184951:row4409:village_point_Magway_v96.zip_mmr_mgy_pplp2_250k_wfp_mimu.shp,village:184951:row4409:village_point_Magway_v96.zip_mmr_mgy_pplp2_250k_wfp_mimu.shp,keep_both,146642,,,,auto: unique weak-link (no_exact_name + 1 cand + weak spatial) → keep_both,2026-09-21T10:33:07.022183Z
village:189545:row94:village_point_Mandalay_v96.zip_mmr_mdy_pplp2_250k_mimu_1.shp,village:189545:row94:village_point_Mandalay_v96.zip_mmr_mdy_pplp2_250k_mimu_1.shp,keep_both,132488,,,,auto: unique weak-link (no_exact_name + 1 cand + weak spatial) → keep_both,2026-09-21T10:33:07.022183Z
village:189549:row95:village_point_Mandalay_v96.zip_mmr_mdy_pplp2_250k_mimu_1.shp,village:189549:row95:village_point_Mandalay_v96.zip_mmr_mdy_pplp2_250k_mimu_1.shp,keep_both,160281,,,,auto: unique weak-link (no_exact_name + 1 cand + weak spatial) → keep_both,2026-09-21T10:33:07.022183Z
village:189548:row99:village_point_Mandalay_v96.zip_mmr_mdy_pplp2_250k_mimu_1.shp,village:189548:row99:village_point_Mandalay_v96.zip_mmr_mdy_pplp2_250k_mimu_1.shp,keep_both,132488,,,,auto: unique weak-link (no_exact_name + 1 cand + weak spatial) → keep_both,2026-09-21T10:33:07.022183Z
village:189628:row122:village_point_Mandalay_v96.zip_mmr_mdy_pplp2_250k_mimu_1.shp,village:189628:row122:village_point_Mandalay_v96.zip_mmr_mdy_pplp2_250k_mimu_1.shp,keep_both,132459,,,,auto: unique weak-link (no_exact_name + 1 cand + weak spatial) → keep_both,2026-09-21T10:33:07.022183Z
village:190102:row709:village_point_Mandalay_v96.zip_mmr_mdy_pplp2_250k_mimu_1.shp,village:190102:row709:village_point_Mandalay_v96.zip_mmr_mdy_pplp2_250k_mimu_1.shp,keep_both,134610,,,,auto: unique weak-link (no_exact_name + 1 cand + weak spatial) → keep_both,2026-09-21T10:33:07.022183Z
village:194041:row1191:village_point_Mandalay_v96.zip_mmr_mdy_pplp2_250k_mimu_1.shp,village:194041:row1191:village_point_Mandalay_v96.zip_mmr_mdy_pplp2_250k_mimu_1.shp,keep_both,132759,,,,auto: unique weak-link (no_exact_name + 1 cand + weak spatial) → keep_both,2026-09-21T10:33:07.022183Z
village:194217:row1196:village_point_Mandalay_v96.zip_mmr_mdy_pplp2_250k_mimu_1.shp,village:194217:row1196:village_point_Mandalay_v96.zip_mmr_mdy_pplp2_250k_mimu_1.shp,keep_both,132696,,,,auto: unique weak-link (no_exact_name + 1 cand + weak spatial) → keep_both,2026-09-21T10:33:07.022183Z
village:191282:row1882:village_point_Mandalay_v96.zip_mmr_mdy_pplp2_250k_mimu_1.shp,village:191282:row1882:village_point_Mandalay_v96.zip_mmr_mdy_pplp2_250k_mimu_1.shp,keep_both,170424,,,,auto: unique weak-link (no_exact_name + 1 cand + weak spatial) → keep_both,2026-09-21T10:33:07.022183Z
village:191725:row2226:village_point_Mandalay_v96.zip_mmr_mdy_pplp2_250k_mimu_1.shp,village:191725:row2226:village_point_Mandalay_v96.zip_mmr_mdy_pplp2_250k_mimu_1.shp,keep_both,170202,,,,auto: unique weak-link (no_exact_name + 1 cand + weak spatial) → keep_both,2026-09-21T10:33:07.022183Z
village:192381:row2544:village_point_Mandalay_v96.zip_mmr_mdy_pplp2_250k_mimu_1.shp,village:192381:row2544:village_point_Mandalay_v96.zip_mmr_mdy_pplp2_250k_mimu_1.shp,keep_both,170882,,,,auto: unique weak-link (no_exact_name + 1 cand + weak spatial) → keep_both,2026-09-21T10:33:07.022183Z
village:192952:row2977:village_point_Mandalay_v96.zip_mmr_mdy_pplp2_250k_mimu_1.shp,village:192952:row2977:village_point_Mandalay_v96.zip_mmr_mdy_pplp2_250k_mimu_1.shp,keep_both,135583,,,,auto: unique weak-link (no_exact_name + 1 cand + weak spatial) → keep_both,2026-09-21T10:33:07.022183Z
village:193004:row3109:village_point_Mandalay_v96.zip_mmr_mdy_pplp2_250k_mimu_1.shp,village:193004:row3109:village_point_Mandalay_v96.zip_mmr_mdy_pplp2_250k_mimu_1.shp,keep_both,135591,,,,auto: unique weak-link (no_exact_name + 1 cand + weak spatial) → keep_both,2026-09-21T10:33:07.022183Z
village:192853:row3129:village_point_Mandalay_v96.zip_mmr_mdy_pplp2_250k_mimu_1.shp,village:192853:row3129:village_point_Mandalay_v96.zip_mmr_mdy_pplp2_250k_mimu_1.shp,keep_both,135559,,,,auto: unique weak-link (no_exact_name + 1 cand + weak spatial) → keep_both,2026-09-21T10:33:07.022183Z
village:189887:row3159:village_point_Mandalay_v96.zip_mmr_mdy_pplp2_250k_mimu_1.shp,village:189887:row3159:village_point_Mandalay_v96.zip_mmr_mdy_pplp2_250k_mimu_1.shp,keep_both,172466,,,,auto: unique weak-link (no_exact_name + 1 cand + weak spatial) → keep_both,2026-09-21T10:33:07.022183Z
village:191183:row3684:village_point_Mandalay_v96.zip_mmr_mdy_pplp2_250k_mimu_1.shp,village:191183:row3684:village_point_Mandalay_v96.zip_mmr_mdy_pplp2_250k_mimu_1.shp,keep_both,132428,,,,auto: unique weak-link (no_exact_name + 1 cand + weak spatial) → keep_both,2026-09-21T10:33:07.022183Z
village:219102:row3933:village_point_Mandalay_v96.zip_mmr_mdy_pplp2_250k_mimu_1.shp,village:219102:row3933:village_point_Mandalay_v96.zip_mmr_mdy_pplp2_250k_mimu_1.shp,keep_both,136089,,,,auto: unique weak-link (no_exact_name + 1 cand + weak spatial) → keep_both,2026-09-21T10:33:07.022183Z
village:194382:row4041:village_point_Mandalay_v96.zip_mmr_mdy_pplp2_250k_mimu_1.shp,village:194382:row4041:village_point_Mandalay_v96.zip_mmr_mdy_pplp2_250k_mimu_1.shp,keep_both,133575,,,,auto: unique weak-link (no_exact_name + 1 cand + weak spatial) → keep_both,2026-09-21T10:33:07.022183Z
village:194428:row4218:village_point_Mandalay_v96.zip_mmr_mdy_pplp2_250k_mimu_1.shp,village:194428:row4218:village_point_Mandalay_v96.zip_mmr_mdy_pplp2_250k_mimu_1.shp,keep_both,133721,,,,auto: unique weak-link (no_exact_name + 1 cand + weak spatial) → keep_both,2026-09-21T10:33:07.022183Z
village:218327:row4584:village_point_Mandalay_v96.zip_mmr_mdy_pplp2_250k_mimu_1.shp,village:218327:row4584:village_point_Mandalay_v96.zip_mmr_mdy_pplp2_250k_mimu_1.shp,keep_both,118914,,,,auto: unique weak-link (no_exact_name + 1 cand + weak spatial) → keep_both,2026-09-21T10:33:07.022183Z
village:192593:row4625:village_point_Mandalay_v96.zip_mmr_mdy_pplp2_250k_mimu_1.shp,village:192593:row4625:village_point_Mandalay_v96.zip_mmr_mdy_pplp2_250k_mimu_1.shp,keep_both,118806,,,,auto: unique weak-link (no_exact_name + 1 cand + weak spatial) → keep_both,2026-09-21T10:33:07.022183Z
village:195960:row98:village_point_Mon_v96.zip_mmr_mon_pplp2_250k_mimu.shp,village:195960:row98:village_point_Mon_v96.zip_mmr_mon_pplp2_250k_mimu.shp,keep_both,166990,,,,auto: unique weak-link (no_exact_name + 1 cand + weak spatial) → keep_both,2026-09-21T10:33:07.022183Z
village:195971:row190:village_point_Mon_v96.zip_mmr_mon_pplp2_250k_mimu.shp,village:195971:row190:village_point_Mon_v96.zip_mmr_mon_pplp2_250k_mimu.shp,keep_both,167018,,,,auto: unique weak-link (no_exact_name + 1 cand + weak spatial) → keep_both,2026-09-21T10:33:07.022183Z
village:195614:row802:village_point_Mon_v96.zip_mmr_mon_pplp2_250k_mimu.shp,village:195614:row802:village_point_Mon_v96.zip_mmr_mon_pplp2_250k_mimu.shp,keep_both,168373,,,,auto: unique weak-link (no_exact_name + 1 cand + weak spatial) → keep_both,2026-09-21T10:33:07.022183Z
village:195533:row834:village_point_Mon_v96.zip_mmr_mon_pplp2_250k_mimu.shp,village:195533:row834:village_point_Mon_v96.zip_mmr_mon_pplp2_250k_mimu.shp,keep_both,160161,,,,auto: unique weak-link (no_exact_name + 1 cand + weak spatial) → keep_both,2026-09-21T10:33:07.022183Z
village:195597:row850:village_point_Mon_v96.zip_mmr_mon_pplp2_250k_mimu.shp,village:195597:row850:village_point_Mon_v96.zip_mmr_mon_pplp2_250k_mimu.shp,keep_both,160160,,,,auto: unique weak-link (no_exact_name + 1 cand + weak spatial) → keep_both,2026-09-21T10:33:07.022183Z
village:195596:row851:village_point_Mon_v96.zip_mmr_mon_pplp2_250k_mimu.shp,village:195596:row851:village_point_Mon_v96.zip_mmr_mon_pplp2_250k_mimu.shp,keep_both,160160,,,,auto: unique weak-link (no_exact_name + 1 cand + weak spatial) → keep_both,2026-09-21T10:33:07.022183Z
village:195595:row852:village_point_Mon_v96.zip_mmr_mon_pplp2_250k_mimu.shp,village:195595:row852:village_point_Mon_v96.zip_mmr_mon_pplp2_250k_mimu.shp,keep_both,160160,,,,auto: unique weak-link (no_exact_name + 1 cand + weak spatial) → keep_both,2026-09-21T10:33:07.022183Z
village:195584:row855:village_point_Mon_v96.zip_mmr_mon_pplp2_250k_mimu.shp,village:195584:row855:village_point_Mon_v96.zip_mmr_mon_pplp2_250k_mimu.shp,keep_both,168369,,,,auto: unique weak-link (no_exact_name + 1 cand + weak spatial) → keep_both,2026-09-21T10:33:07.022183Z
village:222224:row551:village_point_Nay_Pyi_Taw_v96.zip_mmr_npt_pplp2_250k_mimu.shp,village:222224:row551:village_point_Nay_Pyi_Taw_v96.zip_mmr_npt_pplp2_250k_mimu.shp,keep_both,133191,,,,auto: unique weak-link (no_exact_name + 1 cand + weak spatial) → keep_both,2026-09-21T10:33:07.022183Z
village:220836:row58:village_point_Rakhine_v96.zip_mmr_rke_pplp2_250k_unicef_mimu.shp,village:220836:row58:village_point_Rakhine_v96.zip_mmr_rke_pplp2_250k_unicef_mimu.shp,keep_both,118378,,,,auto: unique weak-link (no_exact_name + 1 cand + weak spatial) → keep_both,2026-09-21T10:33:07.022183Z
village:199842:row652:village_point_Rakhine_v96.zip_mmr_rke_pplp2_250k_unicef_mimu.shp,village:199842:row652:village_point_Rakhine_v96.zip_mmr_rke_pplp2_250k_unicef_mimu.shp,keep_both,165505,,,,auto: unique weak-link (no_exact_name + 1 cand + weak spatial) → keep_both,2026-09-21T10:33:07.022183Z
village:198632:row711:village_point_Rakhine_v96.zip_mmr_rke_pplp2_250k_unicef_mimu.shp,village:198632:row711:village_point_Rakhine_v96.zip_mmr_rke_pplp2_250k_unicef_mimu.shp,keep_both,164774,,,,auto: unique weak-link (no_exact_name + 1 cand + weak spatial) → keep_both,2026-09-21T10:33:07.022183Z
village:198497:row713:village_point_Rakhine_v96.zip_mmr_rke_pplp2_250k_unicef_mimu.shp,village:198497:row713:village_point_Rakhine_v96.zip_mmr_rke_pplp2_250k_unicef_mimu.shp,keep_both,164992,,,,auto: unique weak-link (no_exact_name + 1 cand + weak spatial) → keep_both,2026-09-21T10:33:07.022183Z
village:196983:row946:village_point_Rakhine_v96.zip_mmr_rke_pplp2_250k_unicef_mimu.shp,village:196983:row946:village_point_Rakhine_v96.zip_mmr_rke_pplp2_250k_unicef_mimu.shp,keep_both,164549,,,,auto: unique weak-link (no_exact_name + 1 cand + weak spatial) → keep_both,2026-09-21T10:33:07.022183Z
village:196824:row1088:village_point_Rakhine_v96.zip_mmr_rke_pplp2_250k_unicef_mimu.shp,village:196824:row1088:village_point_Rakhine_v96.zip_mmr_rke_pplp2_250k_unicef_mimu.shp,keep_both,163206,,,,auto: unique weak-link (no_exact_name + 1 cand + weak spatial) → keep_both,2026-09-21T10:33:07.022183Z
village:196825:row1089:village_point_Rakhine_v96.zip_mmr_rke_pplp2_250k_unicef_mimu.shp,village:196825:row1089:village_point_Rakhine_v96.zip_mmr_rke_pplp2_250k_unicef_mimu.shp,keep_both,163206,,,,auto: unique weak-link (no_exact_name + 1 cand + weak spatial) → keep_both,2026-09-21T10:33:07.022183Z
village:197425:row2352:village_point_Rakhine_v96.zip_mmr_rke_pplp2_250k_unicef_mimu.shp,village:197425:row2352:village_point_Rakhine_v96.zip_mmr_rke_pplp2_250k_unicef_mimu.shp,keep_both,164301,,,,auto: unique weak-link (no_exact_name + 1 cand + weak spatial) → keep_both,2026-09-21T10:33:07.022183Z
village:197544:row2396:village_point_Rakhine_v96.zip_mmr_rke_pplp2_250k_unicef_mimu.shp,village:197544:row2396:village_point_Rakhine_v96.zip_mmr_rke_pplp2_250k_unicef_mimu.shp,keep_both,165607,,,,auto: unique weak-link (no_exact_name + 1 cand + weak spatial) → keep_both,2026-09-21T10:33:07.022183Z
village:197467:row2403:village_point_Rakhine_v96.zip_mmr_rke_pplp2_250k_unicef_mimu.shp,village:197467:row2403:village_point_Rakhine_v96.zip_mmr_rke_pplp2_250k_unicef_mimu.shp,keep_both,164967,,,,auto: unique weak-link (no_exact_name + 1 cand + weak spatial) → keep_both,2026-09-21T10:33:07.022183Z
village:197593:row2815:village_point_Rakhine_v96.zip_mmr_rke_pplp2_250k_unicef_mimu.shp,village:197593:row2815:village_point_Rakhine_v96.zip_mmr_rke_pplp2_250k_unicef_mimu.shp,keep_both,165277,,,,auto: unique weak-link (no_exact_name + 1 cand + weak spatial) → keep_both,2026-09-21T10:33:07.022183Z
village:197597:row2817:village_point_Rakhine_v96.zip_mmr_rke_pplp2_250k_unicef_mimu.shp,village:197597:row2817:village_point_Rakhine_v96.zip_mmr_rke_pplp2_250k_unicef_mimu.shp,keep_both,165277,,,,auto: unique weak-link (no_exact_name + 1 cand + weak spatial) → keep_both,2026-09-21T10:33:07.022183Z
village:197603:row2825:village_point_Rakhine_v96.zip_mmr_rke_pplp2_250k_unicef_mimu.shp,village:197603:row2825:village_point_Rakhine_v96.zip_mmr_rke_pplp2_250k_unicef_mimu.shp,keep_both,164703,,,,auto: unique weak-link (no_exact_name + 1 cand + weak spatial) → keep_both,2026-09-21T10:33:07.022183Z
village:197582:row2839:village_point_Rakhine_v96.zip_mmr_rke_pplp2_250k_unicef_mimu.shp,village:197582:row2839:village_point_Rakhine_v96.zip_mmr_rke_pplp2_250k_unicef_mimu.shp,keep_both,165398,,,,auto: unique weak-link (no_exact_name + 1 cand + weak spatial) → keep_both,2026-09-21T10:33:07.022183Z
village:197602:row2932:village_point_Rakhine_v96.zip_mmr_rke_pplp2_250k_unicef_mimu.shp,village:197602:row2932:village_point_Rakhine_v96.zip_mmr_rke_pplp2_250k_unicef_mimu.shp,keep_both,164703,,,,auto: unique weak-link (no_exact_name + 1 cand + weak spatial) → keep_both,2026-09-21T10:33:07.022183Z
village:197601:row2933:village_point_Rakhine_v96.zip_mmr_rke_pplp2_250k_unicef_mimu.shp,village:197601:row2933:village_point_Rakhine_v96.zip_mmr_rke_pplp2_250k_unicef_mimu.shp,keep_both,165277,,,,auto: unique weak-link (no_exact_name + 1 cand + weak spatial) → keep_both,2026-09-21T10:33:07.022183Z
village:199371:row3260:village_point_Rakhine_v96.zip_mmr_rke_pplp2_250k_unicef_mimu.shp,village:199371:row3260:village_point_Rakhine_v96.zip_mmr_rke_pplp2_250k_unicef_mimu.shp,keep_both,165011,,,,auto: unique weak-link (no_exact_name + 1 cand + weak spatial) → keep_both,2026-09-21T10:33:07.022183Z
village:199798:row3393:village_point_Rakhine_v96.zip_mmr_rke_pplp2_250k_unicef_mimu.shp,village:199798:row3393:village_point_Rakhine_v96.zip_mmr_rke_pplp2_250k_unicef_mimu.shp,keep_both,118206,,,,auto: unique weak-link (no_exact_name + 1 cand + weak spatial) → keep_both,2026-09-21T10:33:07.022183Z
village:199797:row3394:village_point_Rakhine_v96.zip_mmr_rke_pplp2_250k_unicef_mimu.shp,village:199797:row3394:village_point_Rakhine_v96.zip_mmr_rke_pplp2_250k_unicef_mimu.shp,keep_both,118206,,,,auto: unique weak-link (no_exact_name + 1 cand + weak spatial) → keep_both,2026-09-21T10:33:07.022183Z
village:199801:row3396:village_point_Rakhine_v96.zip_mmr_rke_pplp2_250k_unicef_mimu.shp,village:199801:row3396:village_point_Rakhine_v96.zip_mmr_rke_pplp2_250k_unicef_mimu.shp,keep_both,165578,,,,auto: unique weak-link (no_exact_name + 1 cand + weak spatial) → keep_both,2026-09-21T10:33:07.022183Z
village:199808:row3452:village_point_Rakhine_v96.zip_mmr_rke_pplp2_250k_unicef_mimu.shp,village:199808:row3452:village_point_Rakhine_v96.zip_mmr_rke_pplp2_250k_unicef_mimu.shp,keep_both,164281,,,,auto: unique weak-link (no_exact_name + 1 cand + weak spatial) → keep_both,2026-09-21T10:33:07.022183Z
village:173273:row531:village_point_Sagaing_v96.zip_mmr_sag_pplp2_250k_mimu.shp,village:173273:row531:village_point_Sagaing_v96.zip_mmr_sag_pplp2_250k_mimu.shp,keep_both,144921,,,,auto: unique weak-link (no_exact_name + 1 cand + weak spatial) → keep_both,2026-09-21T10:33:07.022183Z
village:172110:row1650:village_point_Sagaing_v96.zip_mmr_sag_pplp2_250k_mimu.shp,village:172110:row1650:village_point_Sagaing_v96.zip_mmr_sag_pplp2_250k_mimu.shp,keep_both,136617,,,,auto: unique weak-link (no_exact_name + 1 cand + weak spatial) → keep_both,2026-09-21T10:33:07.022183Z
village:176724:row2602:village_point_Sagaing_v96.zip_mmr_sag_pplp2_250k_mimu.shp,village:176724:row2602:village_point_Sagaing_v96.zip_mmr_sag_pplp2_250k_mimu.shp,keep_both,145278,,,,auto: unique weak-link (no_exact_name + 1 cand + weak spatial) → keep_both,2026-09-21T10:33:07.022183Z
village:176721:row2604:village_point_Sagaing_v96.zip_mmr_sag_pplp2_250k_mimu.shp,village:176721:row2604:village_point_Sagaing_v96.zip_mmr_sag_pplp2_250k_mimu.shp,keep_both,145278,,,,auto: unique weak-link (no_exact_name + 1 cand + weak spatial) → keep_both,2026-09-21T10:33:07.022183Z
village:172654:row4618:village_point_Sagaing_v96.zip_mmr_sag_pplp2_250k_mimu.shp,village:172654:row4618:village_point_Sagaing_v96.zip_mmr_sag_pplp2_250k_mimu.shp,keep_both,141926,,,,auto: unique weak-link (no_exact_name + 1 cand + weak spatial) → keep_both,2026-09-21T10:33:07.022183Z
village:172684:row4644:village_point_Sagaing_v96.zip_mmr_sag_pplp2_250k_mimu.shp,village:172684:row4644:village_point_Sagaing_v96.zip_mmr_sag_pplp2_250k_mimu.shp,keep_both,141933,,,,auto: unique weak-link (no_exact_name + 1 cand + weak spatial) → keep_both,2026-09-21T10:33:07.022183Z
village:172356:row5558:village_point_Sagaing_v96.zip_mmr_sag_pplp2_250k_mimu.shp,village:172356:row5558:village_point_Sagaing_v96.zip_mmr_sag_pplp2_250k_mimu.shp,keep_both,142195,,,,auto: unique weak-link (no_exact_name + 1 cand + weak spatial) → keep_both,2026-09-21T10:33:07.022183Z
village:212496:row390:village_point_Shan_v96.zip_mmr_shn_pplp2_250k_unodc_mimu.shp,village:212496:row390:village_point_Shan_v96.zip_mmr_shn_pplp2_250k_unodc_mimu.shp,keep_both,151731,,,,auto: unique weak-link (no_exact_name + 1 cand + weak spatial) → keep_both,2026-09-21T10:33:07.022183Z
village:222739:row395:village_point_Shan_v96.zip_mmr_shn_pplp2_250k_unodc_mimu.shp,village:222739:row395:village_point_Shan_v96.zip_mmr_shn_pplp2_250k_unodc_mimu.shp,keep_both,151731,,,,auto: unique weak-link (no_exact_name + 1 cand + weak spatial) → keep_both,2026-09-21T10:33:07.022183Z
village:212418:row717:village_point_Shan_v96.zip_mmr_shn_pplp2_250k_unodc_mimu.shp,village:212418:row717:village_point_Shan_v96.zip_mmr_shn_pplp2_250k_unodc_mimu.shp,keep_both,152242,,,,auto: unique weak-link (no_exact_name + 1 cand + weak spatial) → keep_both,2026-09-21T10:33:07.022183Z
village:212802:row1343:village_point_Shan_v96.zip_mmr_shn_pplp2_250k_unodc_mimu.shp,village:212802:row1343:village_point_Shan_v96.zip_mmr_shn_pplp2_250k_unodc_mimu.shp,keep_both,151182,,,,auto: unique weak-link (no_exact_name + 1 cand + weak spatial) → keep_both,2026-09-21T10:33:07.022183Z
village:213401:row1433:village_point_Shan_v96.zip_mmr_shn_pplp2_250k_unodc_mimu.shp,village:213401:row1433:village_point_Shan_v96.zip_mmr_shn_pplp2_250k_unodc_mimu.shp,keep_both,119009,,,,auto: unique weak-link (no_exact_name + 1 cand + weak spatial) → keep_both,2026-09-21T10:33:07.022183Z
village:210003:row2549:village_point_Shan_v96.zip_mmr_shn_pplp2_250k_unodc_mimu.shp,village:210003:row2549:village_point_Shan_v96.zip_mmr_shn_pplp2_250k_unodc_mimu.shp,keep_both,116690,,,,auto: unique weak-link (no_exact_name + 1 cand + weak spatial) → keep_both,2026-09-21T10:33:07.022183Z
village:211752:row2974:village_point_Shan_v96.zip_mmr_shn_pplp2_250k_unodc_mimu.shp,village:211752:row2974:village_point_Shan_v96.zip_mmr_shn_pplp2_250k_unodc_mimu.shp,keep_both,115953,,,,auto: unique weak-link (no_exact_name + 1 cand + weak spatial) → keep_both,2026-09-21T10:33:07.022183Z
village:208591:row3245:village_point_Shan_v96.zip_mmr_shn_pplp2_250k_unodc_mimu.shp,village:208591:row3245:village_point_Shan_v96.zip_mmr_shn_pplp2_250k_unodc_mimu.shp,keep_both,156092,,,,auto: unique weak-link (no_exact_name + 1 cand + weak spatial) → keep_both,2026-09-21T10:33:07.022183Z
village:208569:row3355:village_point_Shan_v96.zip_mmr_shn_pplp2_250k_unodc_mimu.shp,village:208569:row3355:village_point_Shan_v96.zip_mmr_shn_pplp2_250k_unodc_mimu.shp,keep_both,156094,,,,auto: unique weak-link (no_exact_name + 1 cand + weak spatial) → keep_both,2026-09-21T10:33:07.022183Z
village:209510:row3407:village_point_Shan_v96.zip_mmr_shn_pplp2_250k_unodc_mimu.shp,village:209510:row3407:village_point_Shan_v96.zip_mmr_shn_pplp2_250k_unodc_mimu.shp,keep_both,160976,,,,auto: unique weak-link (no_exact_name + 1 cand + weak spatial) → keep_both,2026-09-21T10:33:07.022183Z
village:205896:row3784:village_point_Shan_v96.zip_mmr_shn_pplp2_250k_unodc_mimu.shp,village:205896:row3784:village_point_Shan_v96.zip_mmr_shn_pplp2_250k_unodc_mimu.shp,keep_both,153133,,,,auto: unique weak-link (no_exact_name + 1 cand + weak spatial) → keep_both,2026-09-21T10:33:07.022183Z
village:205905:row3905:village_point_Shan_v96.zip_mmr_shn_pplp2_250k_unodc_mimu.shp,village:205905:row3905:village_point_Shan_v96.zip_mmr_shn_pplp2_250k_unodc_mimu.shp,keep_both,153277,,,,auto: unique weak-link (no_exact_name + 1 cand + weak spatial) → keep_both,2026-09-21T10:33:07.022183Z
village:208167:row4653:village_point_Shan_v96.zip_mmr_shn_pplp2_250k_unodc_mimu.shp,village:208167:row4653:village_point_Shan_v96.zip_mmr_shn_pplp2_250k_unodc_mimu.shp,keep_both,156174,,,,auto: unique weak-link (no_exact_name + 1 cand + weak spatial) → keep_both,2026-09-21T10:33:07.022183Z
village:215447:row4775:village_point_Shan_v96.zip_mmr_shn_pplp2_250k_unodc_mimu.shp,village:215447:row4775:village_point_Shan_v96.zip_mmr_shn_pplp2_250k_unodc_mimu.shp,keep_both,159014,,,,auto: unique weak-link (no_exact_name + 1 cand + weak spatial) → keep_both,2026-09-21T10:33:07.022183Z
village:215449:row4777:village_point_Shan_v96.zip_mmr_shn_pplp2_250k_unodc_mimu.shp,village:215449:row4777:village_point_Shan_v96.zip_mmr_shn_pplp2_250k_unodc_mimu.shp,keep_both,159012,,,,auto: unique weak-link (no_exact_name + 1 cand + weak spatial) → keep_both,2026-09-21T10:33:07.022183Z
village:215421:row4779:village_point_Shan_v96.zip_mmr_shn_pplp2_250k_unodc_mimu.shp,village:215421:row4779:village_point_Shan_v96.zip_mmr_shn_pplp2_250k_unodc_mimu.shp,keep_both,158976,,,,auto: unique weak-link (no_exact_name + 1 cand + weak spatial) → keep_both,2026-09-21T10:33:07.022183Z
village:215425:row4783:village_point_Shan_v96.zip_mmr_shn_pplp2_250k_unodc_mimu.shp,village:215425:row4783:village_point_Shan_v96.zip_mmr_shn_pplp2_250k_unodc_mimu.shp,keep_both,158968,,,,auto: unique weak-link (no_exact_name + 1 cand + weak spatial) → keep_both,2026-09-21T10:33:07.022183Z
village:215426:row4784:village_point_Shan_v96.zip_mmr_shn_pplp2_250k_unodc_mimu.shp,village:215426:row4784:village_point_Shan_v96.zip_mmr_shn_pplp2_250k_unodc_mimu.shp,keep_both,158967,,,,auto: unique weak-link (no_exact_name + 1 cand + weak spatial) → keep_both,2026-09-21T10:33:07.022183Z
village:215427:row4785:village_point_Shan_v96.zip_mmr_shn_pplp2_250k_unodc_mimu.shp,village:215427:row4785:village_point_Shan_v96.zip_mmr_shn_pplp2_250k_unodc_mimu.shp,keep_both,158976,,,,auto: unique weak-link (no_exact_name + 1 cand + weak spatial) → keep_both,2026-09-21T10:33:07.022183Z
village:209832:row5256:village_point_Shan_v96.zip_mmr_shn_pplp2_250k_unodc_mimu.shp,village:209832:row5256:village_point_Shan_v96.zip_mmr_shn_pplp2_250k_unodc_mimu.shp,keep_both,172896,,,,auto: unique weak-link (no_exact_name + 1 cand + weak spatial) → keep_both,2026-09-21T10:33:07.022183Z
village:209786:row5292:village_point_Shan_v96.zip_mmr_shn_pplp2_250k_unodc_mimu.shp,village:209786:row5292:village_point_Shan_v96.zip_mmr_shn_pplp2_250k_unodc_mimu.shp,keep_both,172963,,,,auto: unique weak-link (no_exact_name + 1 cand + weak spatial) → keep_both,2026-09-21T10:33:07.022183Z
village:209787:row5297:village_point_Shan_v96.zip_mmr_shn_pplp2_250k_unodc_mimu.shp,village:209787:row5297:village_point_Shan_v96.zip_mmr_shn_pplp2_250k_unodc_mimu.shp,keep_both,172975,,,,auto: unique weak-link (no_exact_name + 1 cand + weak spatial) → keep_both,2026-09-21T10:33:07.022183Z
village:209774:row5370:village_point_Shan_v96.zip_mmr_shn_pplp2_250k_unodc_mimu.shp,village:209774:row5370:village_point_Shan_v96.zip_mmr_shn_pplp2_250k_unodc_mimu.shp,keep_both,172919,,,,auto: unique weak-link (no_exact_name + 1 cand + weak spatial) → keep_both,2026-09-21T10:33:07.022183Z
village:201427:row6013:village_point_Shan_v96.zip_mmr_shn_pplp2_250k_unodc_mimu.shp,village:201427:row6013:village_point_Shan_v96.zip_mmr_shn_pplp2_250k_unodc_mimu.shp,keep_both,158102,,,,auto: unique weak-link (no_exact_name + 1 cand + weak spatial) → keep_both,2026-09-21T10:33:07.022183Z
village:201231:row6048:village_point_Shan_v96.zip_mmr_shn_pplp2_250k_unodc_mimu.shp,village:201231:row6048:village_point_Shan_v96.zip_mmr_shn_pplp2_250k_unodc_mimu.shp,keep_both,158048,,,,auto: unique weak-link (no_exact_name + 1 cand + weak spatial) → keep_both,2026-09-21T10:33:07.022183Z
village:201226:row6055:village_point_Shan_v96.zip_mmr_shn_pplp2_250k_unodc_mimu.shp,village:201226:row6055:village_point_Shan_v96.zip_mmr_shn_pplp2_250k_unodc_mimu.shp,keep_both,158041,,,,auto: unique weak-link (no_exact_name + 1 cand + weak spatial) → keep_both,2026-09-21T10:33:07.022183Z
village:201233:row6058:village_point_Shan_v96.zip_mmr_shn_pplp2_250k_unodc_mimu.shp,village:201233:row6058:village_point_Shan_v96.zip_mmr_shn_pplp2_250k_unodc_mimu.shp,keep_both,158046,,,,auto: unique weak-link (no_exact_name + 1 cand + weak spatial) → keep_both,2026-09-21T10:33:07.022183Z
village:201221:row6134:village_point_Shan_v96.zip_mmr_shn_pplp2_250k_unodc_mimu.shp,village:201221:row6134:village_point_Shan_v96.zip_mmr_shn_pplp2_250k_unodc_mimu.shp,keep_both,158012,,,,auto: unique weak-link (no_exact_name + 1 cand + weak spatial) → keep_both,2026-09-21T10:33:07.022183Z
village:201202:row6144:village_point_Shan_v96.zip_mmr_shn_pplp2_250k_unodc_mimu.shp,village:201202:row6144:village_point_Shan_v96.zip_mmr_shn_pplp2_250k_unodc_mimu.shp,keep_both,158059,,,,auto: unique weak-link (no_exact_name + 1 cand + weak spatial) → keep_both,2026-09-21T10:33:07.022183Z
village:201664:row6211:village_point_Shan_v96.zip_mmr_shn_pplp2_250k_unodc_mimu.shp,village:201664:row6211:village_point_Shan_v96.zip_mmr_shn_pplp2_250k_unodc_mimu.shp,keep_both,130516,,,,auto: unique weak-link (no_exact_name + 1 cand + weak spatial) → keep_both,2026-09-21T10:33:07.022183Z
village:201671:row6213:village_point_Shan_v96.zip_mmr_shn_pplp2_250k_unodc_mimu.shp,village:201671:row6213:village_point_Shan_v96.zip_mmr_shn_pplp2_250k_unodc_mimu.shp,keep_both,130668,,,,auto: unique weak-link (no_exact_name + 1 cand + weak spatial) → keep_both,2026-09-21T10:33:07.022183Z
village:220238:row6305:village_point_Shan_v96.zip_mmr_shn_pplp2_250k_unodc_mimu.shp,village:220238:row6305:village_point_Shan_v96.zip_mmr_shn_pplp2_250k_unodc_mimu.shp,keep_both,130602,,,,auto: unique weak-link (no_exact_name + 1 cand + weak spatial) → keep_both,2026-09-21T10:33:07.022183Z
village:201568:row6371:village_point_Shan_v96.zip_mmr_shn_pplp2_250k_unodc_mimu.shp,village:201568:row6371:village_point_Shan_v96.zip_mmr_shn_pplp2_250k_unodc_mimu.shp,keep_both,130576,,,,auto: unique weak-link (no_exact_name + 1 cand + weak spatial) → keep_both,2026-09-21T10:33:07.022183Z
village:201550:row6437:village_point_Shan_v96.zip_mmr_shn_pplp2_250k_unodc_mimu.shp,village:201550:row6437:village_point_Shan_v96.zip_mmr_shn_pplp2_250k_unodc_mimu.shp,keep_both,130606,,,,auto: unique weak-link (no_exact_name + 1 cand + weak spatial) → keep_both,2026-09-21T10:33:07.022183Z
village:220250:row6441:village_point_Shan_v96.zip_mmr_shn_pplp2_250k_unodc_mimu.shp,village:220250:row6441:village_point_Shan_v96.zip_mmr_shn_pplp2_250k_unodc_mimu.shp,keep_both,130606,,,,auto: unique weak-link (no_exact_name + 1 cand + weak spatial) → keep_both,2026-09-21T10:33:07.022183Z
village:204192:row6568:village_point_Shan_v96.zip_mmr_shn_pplp2_250k_unodc_mimu.shp,village:204192:row6568:village_point_Shan_v96.zip_mmr_shn_pplp2_250k_unodc_mimu.shp,keep_both,156636,,,,auto: unique weak-link (no_exact_name + 1 cand + weak spatial) → keep_both,2026-09-21T10:33:07.022183Z
village:204292:row6580:village_point_Shan_v96.zip_mmr_shn_pplp2_250k_unodc_mimu.shp,village:204292:row6580:village_point_Shan_v96.zip_mmr_shn_pplp2_250k_unodc_mimu.shp,keep_both,160189,,,,auto: unique weak-link (no_exact_name + 1 cand + weak spatial) → keep_both,2026-09-21T10:33:07.022183Z
village:204053:row6589:village_point_Shan_v96.zip_mmr_shn_pplp2_250k_unodc_mimu.shp,village:204053:row6589:village_point_Shan_v96.zip_mmr_shn_pplp2_250k_unodc_mimu.shp,keep_both,156643,,,,auto: unique weak-link (no_exact_name + 1 cand + weak spatial) → keep_both,2026-09-21T10:33:07.022183Z
village:204061:row6590:village_point_Shan_v96.zip_mmr_shn_pplp2_250k_unodc_mimu.shp,village:204061:row6590:village_point_Shan_v96.zip_mmr_shn_pplp2_250k_unodc_mimu.shp,keep_both,156631,,,,auto: unique weak-link (no_exact_name + 1 cand + weak spatial) → keep_both,2026-09-21T10:33:07.022183Z
village:204059:row6596:village_point_Shan_v96.zip_mmr_shn_pplp2_250k_unodc_mimu.shp,village:204059:row6596:village_point_Shan_v96.zip_mmr_shn_pplp2_250k_unodc_mimu.shp,keep_both,156631,,,,auto: unique weak-link (no_exact_name + 1 cand + weak spatial) → keep_both,2026-09-21T10:33:07.022183Z
village:221135:row6622:village_point_Shan_v96.zip_mmr_shn_pplp2_250k_unodc_mimu.shp,village:221135:row6622:village_point_Shan_v96.zip_mmr_shn_pplp2_250k_unodc_mimu.shp,keep_both,156574,,,,auto: unique weak-link (no_exact_name + 1 cand + weak spatial) → keep_both,2026-09-21T10:33:07.022183Z
village:204221:row6653:village_point_Shan_v96.zip_mmr_shn_pplp2_250k_unodc_mimu.shp,village:204221:row6653:village_point_Shan_v96.zip_mmr_shn_pplp2_250k_unodc_mimu.shp,keep_both,156568,,,,auto: unique weak-link (no_exact_name + 1 cand + weak spatial) → keep_both,2026-09-21T10:33:07.022183Z
village:204213:row6654:village_point_Shan_v96.zip_mmr_shn_pplp2_250k_unodc_mimu.shp,village:204213:row6654:village_point_Shan_v96.zip_mmr_shn_pplp2_250k_unodc_mimu.shp,keep_both,156602,,,,auto: unique weak-link (no_exact_name + 1 cand + weak spatial) → keep_both,2026-09-21T10:33:07.022183Z
village:204224:row6656:village_point_Shan_v96.zip_mmr_shn_pplp2_250k_unodc_mimu.shp,village:204224:row6656:village_point_Shan_v96.zip_mmr_shn_pplp2_250k_unodc_mimu.shp,keep_both,156568,,,,auto: unique weak-link (no_exact_name + 1 cand + weak spatial) → keep_both,2026-09-21T10:33:07.022183Z
village:204198:row6698:village_point_Shan_v96.zip_mmr_shn_pplp2_250k_unodc_mimu.shp,village:204198:row6698:village_point_Shan_v96.zip_mmr_shn_pplp2_250k_unodc_mimu.shp,keep_both,156627,,,,auto: unique weak-link (no_exact_name + 1 cand + weak spatial) → keep_both,2026-09-21T10:33:07.022183Z
village:221185:row6705:village_point_Shan_v96.zip_mmr_shn_pplp2_250k_unodc_mimu.shp,village:221185:row6705:village_point_Shan_v96.zip_mmr_shn_pplp2_250k_unodc_mimu.shp,keep_both,156647,,,,auto: unique weak-link (no_exact_name + 1 cand + weak spatial) → keep_both,2026-09-21T10:33:07.022183Z
village:204026:row6710:village_point_Shan_v96.zip_mmr_shn_pplp2_250k_unodc_mimu.shp,village:204026:row6710:village_point_Shan_v96.zip_mmr_shn_pplp2_250k_unodc_mimu.shp,keep_both,156647,,,,auto: unique weak-link (no_exact_name + 1 cand + weak spatial) → keep_both,2026-09-21T10:33:07.022183Z
village:204014:row6712:village_point_Shan_v96.zip_mmr_shn_pplp2_250k_unodc_mimu.shp,village:204014:row6712:village_point_Shan_v96.zip_mmr_shn_pplp2_250k_unodc_mimu.shp,keep_both,156649,,,,auto: unique weak-link (no_exact_name + 1 cand + weak spatial) → keep_both,2026-09-21T10:33:07.022183Z
village:204181:row6715:village_point_Shan_v96.zip_mmr_shn_pplp2_250k_unodc_mimu.shp,village:204181:row6715:village_point_Shan_v96.zip_mmr_shn_pplp2_250k_unodc_mimu.shp,keep_both,156565,,,,auto: unique weak-link (no_exact_name + 1 cand + weak spatial) → keep_both,2026-09-21T10:33:07.022183Z
village:204180:row6716:village_point_Shan_v96.zip_mmr_shn_pplp2_250k_unodc_mimu.shp,village:204180:row6716:village_point_Shan_v96.zip_mmr_shn_pplp2_250k_unodc_mimu.shp,keep_both,156565,,,,auto: unique weak-link (no_exact_name + 1 cand + weak spatial) → keep_both,2026-09-21T10:33:07.022183Z
village:204182:row6717:village_point_Shan_v96.zip_mmr_shn_pplp2_250k_unodc_mimu.shp,village:204182:row6717:village_point_Shan_v96.zip_mmr_shn_pplp2_250k_unodc_mimu.shp,keep_both,165885,,,,auto: unique weak-link (no_exact_name + 1 cand + weak spatial) → keep_both,2026-09-21T10:33:07.022183Z
village:204089:row6728:village_point_Shan_v96.zip_mmr_shn_pplp2_250k_unodc_mimu.shp,village:204089:row6728:village_point_Shan_v96.zip_mmr_shn_pplp2_250k_unodc_mimu.shp,keep_both,156589,,,,auto: unique weak-link (no_exact_name + 1 cand + weak spatial) → keep_both,2026-09-21T10:33:07.022183Z
village:204096:row6729:village_point_Shan_v96.zip_mmr_shn_pplp2_250k_unodc_mimu.shp,village:204096:row6729:village_point_Shan_v96.zip_mmr_shn_pplp2_250k_unodc_mimu.shp,keep_both,156586,,,,auto: unique weak-link (no_exact_name + 1 cand + weak spatial) → keep_both,2026-09-21T10:33:07.022183Z
village:203271:row6765:village_point_Shan_v96.zip_mmr_shn_pplp2_250k_unodc_mimu.shp,village:203271:row6765:village_point_Shan_v96.zip_mmr_shn_pplp2_250k_unodc_mimu.shp,keep_both,160233,,,,auto: unique weak-link (no_exact_name + 1 cand + weak spatial) → keep_both,2026-09-21T10:33:07.022183Z
village:203358:row6780:village_point_Shan_v96.zip_mmr_shn_pplp2_250k_unodc_mimu.shp,village:203358:row6780:village_point_Shan_v96.zip_mmr_shn_pplp2_250k_unodc_mimu.shp,keep_both,159890,,,,auto: unique weak-link (no_exact_name + 1 cand + weak spatial) → keep_both,2026-09-21T10:33:07.022183Z
village:221749:row6794:village_point_Shan_v96.zip_mmr_shn_pplp2_250k_unodc_mimu.shp,village:221749:row6794:village_point_Shan_v96.zip_mmr_shn_pplp2_250k_unodc_mimu.shp,keep_both,165884,,,,auto: unique weak-link (no_exact_name + 1 cand + weak spatial) → keep_both,2026-09-21T10:33:07.022183Z
village:203476:row6808:village_point_Shan_v96.zip_mmr_shn_pplp2_250k_unodc_mimu.shp,village:203476:row6808:village_point_Shan_v96.zip_mmr_shn_pplp2_250k_unodc_mimu.shp,keep_both,156539,,,,auto: unique weak-link (no_exact_name + 1 cand + weak spatial) → keep_both,2026-09-21T10:33:07.022183Z
village:221778:row6831:village_point_Shan_v96.zip_mmr_shn_pplp2_250k_unodc_mimu.shp,village:221778:row6831:village_point_Shan_v96.zip_mmr_shn_pplp2_250k_unodc_mimu.shp,keep_both,156557,,,,auto: unique weak-link (no_exact_name + 1 cand + weak spatial) → keep_both,2026-09-21T10:33:07.022183Z
village:221764:row6847:village_point_Shan_v96.zip_mmr_shn_pplp2_250k_unodc_mimu.shp,village:221764:row6847:village_point_Shan_v96.zip_mmr_shn_pplp2_250k_unodc_mimu.shp,keep_both,160185,,,,auto: unique weak-link (no_exact_name + 1 cand + weak spatial) → keep_both,2026-09-21T10:33:07.022183Z
village:203386:row6859:village_point_Shan_v96.zip_mmr_shn_pplp2_250k_unodc_mimu.shp,village:203386:row6859:village_point_Shan_v96.zip_mmr_shn_pplp2_250k_unodc_mimu.shp,keep_both,160116,,,,auto: unique weak-link (no_exact_name + 1 cand + weak spatial) → keep_both,2026-09-21T10:33:07.022183Z
village:221755:row6873:village_point_Shan_v96.zip_mmr_shn_pplp2_250k_unodc_mimu.shp,village:221755:row6873:village_point_Shan_v96.zip_mmr_shn_pplp2_250k_unodc_mimu.shp,keep_both,156530,,,,auto: unique weak-link (no_exact_name + 1 cand + weak spatial) → keep_both,2026-09-21T10:33:07.022183Z
village:205020:row6924:village_point_Shan_v96.zip_mmr_shn_pplp2_250k_unodc_mimu.shp,village:205020:row6924:village_point_Shan_v96.zip_mmr_shn_pplp2_250k_unodc_mimu.shp,keep_both,157044,,,,auto: unique weak-link (no_exact_name + 1 cand + weak spatial) → keep_both,2026-09-21T10:33:07.022183Z
village:202098:row7090:village_point_Shan_v96.zip_mmr_shn_pplp2_250k_unodc_mimu.shp,village:202098:row7090:village_point_Shan_v96.zip_mmr_shn_pplp2_250k_unodc_mimu.shp,keep_both,155353,,,,auto: unique weak-link (no_exact_name + 1 cand + weak spatial) → keep_both,2026-09-21T10:33:07.022183Z
village:203080:row7283:village_point_Shan_v96.zip_mmr_shn_pplp2_250k_unodc_mimu.shp,village:203080:row7283:village_point_Shan_v96.zip_mmr_shn_pplp2_250k_unodc_mimu.shp,keep_both,130907,,,,auto: unique weak-link (no_exact_name + 1 cand + weak spatial) → keep_both,2026-09-21T10:33:07.022183Z
village:203081:row7285:village_point_Shan_v96.zip_mmr_shn_pplp2_250k_unodc_mimu.shp,village:203081:row7285:village_point_Shan_v96.zip_mmr_shn_pplp2_250k_unodc_mimu.shp,keep_both,131013,,,,auto: unique weak-link (no_exact_name + 1 cand + weak spatial) → keep_both,2026-09-21T10:33:07.022183Z
village:203167:row7372:village_point_Shan_v96.zip_mmr_shn_pplp2_250k_unodc_mimu.shp,village:203167:row7372:village_point_Shan_v96.zip_mmr_shn_pplp2_250k_unodc_mimu.shp,keep_both,130931,,,,auto: unique weak-link (no_exact_name + 1 cand + weak spatial) → keep_both,2026-09-21T10:33:07.022183Z
village:203168:row7374:village_point_Shan_v96.zip_mmr_shn_pplp2_250k_unodc_mimu.shp,village:203168:row7374:village_point_Shan_v96.zip_mmr_shn_pplp2_250k_unodc_mimu.shp,keep_both,130999,,,,auto: unique weak-link (no_exact_name + 1 cand + weak spatial) → keep_both,2026-09-21T10:33:07.022183Z
village:203171:row7377:village_point_Shan_v96.zip_mmr_shn_pplp2_250k_unodc_mimu.shp,village:203171:row7377:village_point_Shan_v96.zip_mmr_shn_pplp2_250k_unodc_mimu.shp,keep_both,130994,,,,auto: unique weak-link (no_exact_name + 1 cand + weak spatial) → keep_both,2026-09-21T10:33:07.022183Z
village:205504:row7422:village_point_Shan_v96.zip_mmr_shn_pplp2_250k_unodc_mimu.shp,village:205504:row7422:village_point_Shan_v96.zip_mmr_shn_pplp2_250k_unodc_mimu.shp,keep_both,156953,,,,auto: unique weak-link (no_exact_name + 1 cand + weak spatial) → keep_both,2026-09-21T10:33:07.022183Z
village:205335:row7444:village_point_Shan_v96.zip_mmr_shn_pplp2_250k_unodc_mimu.shp,village:205335:row7444:village_point_Shan_v96.zip_mmr_shn_pplp2_250k_unodc_mimu.shp,keep_both,156977,,,,auto: unique weak-link (no_exact_name + 1 cand + weak spatial) → keep_both,2026-09-21T10:33:07.022183Z
village:204855:row7495:village_point_Shan_v96.zip_mmr_shn_pplp2_250k_unodc_mimu.shp,village:204855:row7495:village_point_Shan_v96.zip_mmr_shn_pplp2_250k_unodc_mimu.shp,keep_both,154980,,,,auto: unique weak-link (no_exact_name + 1 cand + weak spatial) → keep_both,2026-09-21T10:33:07.022183Z
village:204764:row7539:village_point_Shan_v96.zip_mmr_shn_pplp2_250k_unodc_mimu.shp,village:204764:row7539:village_point_Shan_v96.zip_mmr_shn_pplp2_250k_unodc_mimu.shp,keep_both,154975,,,,auto: unique weak-link (no_exact_name + 1 cand + weak spatial) → keep_both,2026-09-21T10:33:07.022183Z
village:204766:row7543:village_point_Shan_v96.zip_mmr_shn_pplp2_250k_unodc_mimu.shp,village:204766:row7543:village_point_Shan_v96.zip_mmr_shn_pplp2_250k_unodc_mimu.shp,keep_both,154975,,,,auto: unique weak-link (no_exact_name + 1 cand + weak spatial) → keep_both,2026-09-21T10:33:07.022183Z
village:204833:row7561:village_point_Shan_v96.zip_mmr_shn_pplp2_250k_unodc_mimu.shp,village:204833:row7561:village_point_Shan_v96.zip_mmr_shn_pplp2_250k_unodc_mimu.shp,keep_both,154986,,,,auto: unique weak-link (no_exact_name + 1 cand + weak spatial) → keep_both,2026-09-21T10:33:07.022183Z
village:204799:row7566:village_point_Shan_v96.zip_mmr_shn_pplp2_250k_unodc_mimu.shp,village:204799:row7566:village_point_Shan_v96.zip_mmr_shn_pplp2_250k_unodc_mimu.shp,keep_both,155028,,,,auto: unique weak-link (no_exact_name + 1 cand + weak spatial) → keep_both,2026-09-21T10:33:07.022183Z
village:204659:row7646:village_point_Shan_v96.zip_mmr_shn_pplp2_250k_unodc_mimu.shp,village:204659:row7646:village_point_Shan_v96.zip_mmr_shn_pplp2_250k_unodc_mimu.shp,keep_both,156369,,,,auto: unique weak-link (no_exact_name + 1 cand + weak spatial) → keep_both,2026-09-21T10:33:07.022183Z
village:204631:row7691:village_point_Shan_v96.zip_mmr_shn_pplp2_250k_unodc_mimu.shp,village:204631:row7691:village_point_Shan_v96.zip_mmr_shn_pplp2_250k_unodc_mimu.shp,keep_both,156282,,,,auto: unique weak-link (no_exact_name + 1 cand + weak spatial) → keep_both,2026-09-21T10:33:07.022183Z
village:204497:row7706:village_point_Shan_v96.zip_mmr_shn_pplp2_250k_unodc_mimu.shp,village:204497:row7706:village_point_Shan_v96.zip_mmr_shn_pplp2_250k_unodc_mimu.shp,keep_both,156269,,,,auto: unique weak-link (no_exact_name + 1 cand + weak spatial) → keep_both,2026-09-21T10:33:07.022183Z
village:204589:row7715:village_point_Shan_v96.zip_mmr_shn_pplp2_250k_unodc_mimu.shp,village:204589:row7715:village_point_Shan_v96.zip_mmr_shn_pplp2_250k_unodc_mimu.shp,keep_both,156341,,,,auto: unique weak-link (no_exact_name + 1 cand + weak spatial) → keep_both,2026-09-21T10:33:07.022183Z
village:204654:row7759:village_point_Shan_v96.zip_mmr_shn_pplp2_250k_unodc_mimu.shp,village:204654:row7759:village_point_Shan_v96.zip_mmr_shn_pplp2_250k_unodc_mimu.shp,keep_both,156363,,,,auto: unique weak-link (no_exact_name + 1 cand + weak spatial) → keep_both,2026-09-21T10:33:07.022183Z
village:220278:row7824:village_point_Shan_v96.zip_mmr_shn_pplp2_250k_unodc_mimu.shp,village:220278:row7824:village_point_Shan_v96.zip_mmr_shn_pplp2_250k_unodc_mimu.shp,keep_both,156900,,,,auto: unique weak-link (no_exact_name + 1 cand + weak spatial) → keep_both,2026-09-21T10:33:07.022183Z
village:205243:row7845:village_point_Shan_v96.zip_mmr_shn_pplp2_250k_unodc_mimu.shp,village:205243:row7845:village_point_Shan_v96.zip_mmr_shn_pplp2_250k_unodc_mimu.shp,keep_both,156891,,,,auto: unique weak-link (no_exact_name + 1 cand + weak spatial) → keep_both,2026-09-21T10:33:07.022183Z
village:205235:row7851:village_point_Shan_v96.zip_mmr_shn_pplp2_250k_unodc_mimu.shp,village:205235:row7851:village_point_Shan_v96.zip_mmr_shn_pplp2_250k_unodc_mimu.shp,keep_both,156888,,,,auto: unique weak-link (no_exact_name + 1 cand + weak spatial) → keep_both,2026-09-21T10:33:07.022183Z
village:205284:row7866:village_point_Shan_v96.zip_mmr_shn_pplp2_250k_unodc_mimu.shp,village:205284:row7866:village_point_Shan_v96.zip_mmr_shn_pplp2_250k_unodc_mimu.shp,keep_both,156873,,,,auto: unique weak-link (no_exact_name + 1 cand + weak spatial) → keep_both,2026-09-21T10:33:07.022183Z
village:205627:row7890:village_point_Shan_v96.zip_mmr_shn_pplp2_250k_unodc_mimu.shp,village:205627:row7890:village_point_Shan_v96.zip_mmr_shn_pplp2_250k_unodc_mimu.shp,keep_both,116323,,,,auto: unique weak-link (no_exact_name + 1 cand + weak spatial) → keep_both,2026-09-21T10:33:07.022183Z
village:203779:row7917:village_point_Shan_v96.zip_mmr_shn_pplp2_250k_unodc_mimu.shp,village:203779:row7917:village_point_Shan_v96.zip_mmr_shn_pplp2_250k_unodc_mimu.shp,keep_both,157215,,,,auto: unique weak-link (no_exact_name + 1 cand + weak spatial) → keep_both,2026-09-21T10:33:07.022183Z
village:203713:row7935:village_point_Shan_v96.zip_mmr_shn_pplp2_250k_unodc_mimu.shp,village:203713:row7935:village_point_Shan_v96.zip_mmr_shn_pplp2_250k_unodc_mimu.shp,keep_both,157275,,,,auto: unique weak-link (no_exact_name + 1 cand + weak spatial) → keep_both,2026-09-21T10:33:07.022183Z
village:203735:row7986:village_point_Shan_v96.zip_mmr_shn_pplp2_250k_unodc_mimu.shp,village:203735:row7986:village_point_Shan_v96.zip_mmr_shn_pplp2_250k_unodc_mimu.shp,keep_both,157227,,,,auto: unique weak-link (no_exact_name + 1 cand + weak spatial) → keep_both,2026-09-21T10:33:07.022183Z
village:200356:row8106:village_point_Shan_v96.zip_mmr_shn_pplp2_250k_unodc_mimu.shp,village:200356:row8106:village_point_Shan_v96.zip_mmr_shn_pplp2_250k_unodc_mimu.shp,keep_both,155803,,,,auto: unique weak-link (no_exact_name + 1 cand + weak spatial) → keep_both,2026-09-21T10:33:07.022183Z
village:202937:row8409:village_point_Shan_v96.zip_mmr_shn_pplp2_250k_unodc_mimu.shp,village:202937:row8409:village_point_Shan_v96.zip_mmr_shn_pplp2_250k_unodc_mimu.shp,keep_both,169821,,,,auto: unique weak-link (no_exact_name + 1 cand + weak spatial) → keep_both,2026-09-21T10:33:07.022183Z
village:202781:row8428:village_point_Shan_v96.zip_mmr_shn_pplp2_250k_unodc_mimu.shp,village:202781:row8428:village_point_Shan_v96.zip_mmr_shn_pplp2_250k_unodc_mimu.shp,keep_both,157121,,,,auto: unique weak-link (no_exact_name + 1 cand + weak spatial) → keep_both,2026-09-21T10:33:07.022183Z
village:202767:row8459:village_point_Shan_v96.zip_mmr_shn_pplp2_250k_unodc_mimu.shp,village:202767:row8459:village_point_Shan_v96.zip_mmr_shn_pplp2_250k_unodc_mimu.shp,keep_both,157136,,,,auto: unique weak-link (no_exact_name + 1 cand + weak spatial) → keep_both,2026-09-21T10:33:07.022183Z
village:202827:row8464:village_point_Shan_v96.zip_mmr_shn_pplp2_250k_unodc_mimu.shp,village:202827:row8464:village_point_Shan_v96.zip_mmr_shn_pplp2_250k_unodc_mimu.shp,keep_both,157126,,,,auto: unique weak-link (no_exact_name + 1 cand + weak spatial) → keep_both,2026-09-21T10:33:07.022183Z
village:202853:row8503:village_point_Shan_v96.zip_mmr_shn_pplp2_250k_unodc_mimu.shp,village:202853:row8503:village_point_Shan_v96.zip_mmr_shn_pplp2_250k_unodc_mimu.shp,keep_both,157103,,,,auto: unique weak-link (no_exact_name + 1 cand + weak spatial) → keep_both,2026-09-21T10:33:07.022183Z
village:202703:row8707:village_point_Shan_v96.zip_mmr_shn_pplp2_250k_unodc_mimu.shp,village:202703:row8707:village_point_Shan_v96.zip_mmr_shn_pplp2_250k_unodc_mimu.shp,keep_both,157748,,,,auto: unique weak-link (no_exact_name + 1 cand + weak spatial) → keep_both,2026-09-21T10:33:07.022183Z
village:219335:row8749:village_point_Shan_v96.zip_mmr_shn_pplp2_250k_unodc_mimu.shp,village:219335:row8749:village_point_Shan_v96.zip_mmr_shn_pplp2_250k_unodc_mimu.shp,keep_both,157585,,,,auto: unique weak-link (no_exact_name + 1 cand + weak spatial) → keep_both,2026-09-21T10:33:07.022183Z
village:200203:row9077:village_point_Shan_v96.zip_mmr_shn_pplp2_250k_unodc_mimu.shp,village:200203:row9077:village_point_Shan_v96.zip_mmr_shn_pplp2_250k_unodc_mimu.shp,keep_both,158125,,,,auto: unique weak-link (no_exact_name + 1 cand + weak spatial) → keep_both,2026-09-21T10:33:07.022183Z
village:219296:row9097:village_point_Shan_v96.zip_mmr_shn_pplp2_250k_unodc_mimu.shp,village:219296:row9097:village_point_Shan_v96.zip_mmr_shn_pplp2_250k_unodc_mimu.shp,keep_both,130817,,,,auto: unique weak-link (no_exact_name + 1 cand + weak spatial) → keep_both,2026-09-21T10:33:07.022183Z
village:200052:row9106:village_point_Shan_v96.zip_mmr_shn_pplp2_250k_unodc_mimu.shp,village:200052:row9106:village_point_Shan_v96.zip_mmr_shn_pplp2_250k_unodc_mimu.shp,keep_both,130863,,,,auto: unique weak-link (no_exact_name + 1 cand + weak spatial) → keep_both,2026-09-21T10:33:07.022183Z
village:222975:row9282:village_point_Shan_v96.zip_mmr_shn_pplp2_250k_unodc_mimu.shp,village:222975:row9282:village_point_Shan_v96.zip_mmr_shn_pplp2_250k_unodc_mimu.shp,keep_both,130730,,,,auto: unique weak-link (no_exact_name + 1 cand + weak spatial) → keep_both,2026-09-21T10:33:07.022183Z
village:201879:row9335:village_point_Shan_v96.zip_mmr_shn_pplp2_250k_unodc_mimu.shp,village:201879:row9335:village_point_Shan_v96.zip_mmr_shn_pplp2_250k_unodc_mimu.shp,keep_both,157189,,,,auto: unique weak-link (no_exact_name + 1 cand + weak spatial) → keep_both,2026-09-21T10:33:07.022183Z
village:201970:row9394:village_point_Shan_v96.zip_mmr_shn_pplp2_250k_unodc_mimu.shp,village:201970:row9394:village_point_Shan_v96.zip_mmr_shn_pplp2_250k_unodc_mimu.shp,keep_both,157154,,,,auto: unique weak-link (no_exact_name + 1 cand + weak spatial) → keep_both,2026-09-21T10:33:07.022183Z
village:177069:row174:village_point_Tanintharyi_v96.zip_mmr_tni_pplp2_250k_mimu.shp,village:177069:row174:village_point_Tanintharyi_v96.zip_mmr_tni_pplp2_250k_mimu.shp,keep_both,162661,,,,auto: unique weak-link (no_exact_name + 1 cand + weak spatial) → keep_both,2026-09-21T10:33:07.022183Z
village:222971:row1046:village_point_Tanintharyi_v96.zip_mmr_tni_pplp2_250k_mimu.shp,village:222971:row1046:village_point_Tanintharyi_v96.zip_mmr_tni_pplp2_250k_mimu.shp,keep_both,160662,,,,auto: unique weak-link (no_exact_name + 1 cand + weak spatial) → keep_both,2026-09-21T10:33:07.022183Z
village:177239:row1160:village_point_Tanintharyi_v96.zip_mmr_tni_pplp2_250k_mimu.shp,village:177239:row1160:village_point_Tanintharyi_v96.zip_mmr_tni_pplp2_250k_mimu.shp,keep_both,172579,,,,auto: unique weak-link (no_exact_name + 1 cand + weak spatial) → keep_both,2026-09-21T10:33:07.022183Z
village:155595:row7:village_point_Yangon_v96.zip_mmr_ygn_pplp2_250k_mimu.shp,village:155595:row7:village_point_Yangon_v96.zip_mmr_ygn_pplp2_250k_mimu.shp,keep_both,169201,,,,auto: unique weak-link (no_exact_name + 1 cand + weak spatial) → keep_both,2026-09-21T10:33:07.022183Z
village:155596:row8:village_point_Yangon_v96.zip_mmr_ygn_pplp2_250k_mimu.shp,village:155596:row8:village_point_Yangon_v96.zip_mmr_ygn_pplp2_250k_mimu.shp,keep_both,169201,,,,auto: unique weak-link (no_exact_name + 1 cand + weak spatial) → keep_both,2026-09-21T10:33:07.022183Z
village:163625:row210:village_point_Yangon_v96.zip_mmr_ygn_pplp2_250k_mimu.shp,village:163625:row210:village_point_Yangon_v96.zip_mmr_ygn_pplp2_250k_mimu.shp,keep_both,148632,,,,auto: unique weak-link (no_exact_name + 1 cand + weak spatial) → keep_both,2026-09-21T10:33:07.022183Z
village:162024:row332:village_point_Yangon_v96.zip_mmr_ygn_pplp2_250k_mimu.shp,village:162024:row332:village_point_Yangon_v96.zip_mmr_ygn_pplp2_250k_mimu.shp,keep_both,148775,,,,auto: unique weak-link (no_exact_name + 1 cand + weak spatial) → keep_both,2026-09-21T10:33:07.022183Z
village:150958:row383:village_point_Yangon_v96.zip_mmr_ygn_pplp2_250k_mimu.shp,village:150958:row383:village_point_Yangon_v96.zip_mmr_ygn_pplp2_250k_mimu.shp,keep_both,149145,,,,auto: unique weak-link (no_exact_name + 1 cand + weak spatial) → keep_both,2026-09-21T10:33:07.022183Z
village:159682:row490:village_point_Yangon_v96.zip_mmr_ygn_pplp2_250k_mimu.shp,village:159682:row490:village_point_Yangon_v96.zip_mmr_ygn_pplp2_250k_mimu.shp,keep_both,149129,,,,auto: unique weak-link (no_exact_name + 1 cand + weak spatial) → keep_both,2026-09-21T10:33:07.022183Z
village:217794:row622:village_point_Yangon_v96.zip_mmr_ygn_pplp2_250k_mimu.shp,village:217794:row622:village_point_Yangon_v96.zip_mmr_ygn_pplp2_250k_mimu.shp,keep_both,148385,,,,auto: unique weak-link (no_exact_name + 1 cand + weak spatial) → keep_both,2026-09-21T10:33:07.022183Z
village:153596:row1169:village_point_Yangon_v96.zip_mmr_ygn_pplp2_250k_mimu.shp,village:153596:row1169:village_point_Yangon_v96.zip_mmr_ygn_pplp2_250k_mimu.shp,keep_both,149318,,,,auto: unique weak-link (no_exact_name + 1 cand + weak spatial) → keep_both,2026-09-21T10:33:07.022183Z
village:160488:row1355:village_point_Yangon_v96.zip_mmr_ygn_pplp2_250k_mimu.shp,village:160488:row1355:village_point_Yangon_v96.zip_mmr_ygn_pplp2_250k_mimu.shp,keep_both,149307,,,,auto: unique weak-link (no_exact_name + 1 cand + weak spatial) → keep_both,2026-09-21T10:33:07.022183Z
village:154515:row1599:village_point_Yangon_v96.zip_mmr_ygn_pplp2_250k_mimu.shp,village:154515:row1599:village_point_Yangon_v96.zip_mmr_ygn_pplp2_250k_mimu.shp,keep_both,150187,,,,auto: unique weak-link (no_exact_name + 1 cand + weak spatial) → keep_both,2026-09-21T10:33:07.022183Z
village:155240:row1609:village_point_Yangon_v96.zip_mmr_ygn_pplp2_250k_mimu.shp,village:155240:row1609:village_point_Yangon_v96.zip_mmr_ygn_pplp2_250k_mimu.shp,keep_both,150072,,,,auto: unique weak-link (no_exact_name + 1 cand + weak spatial) → keep_both,2026-09-21T10:33:07.022183Z
village:156896:row1627:village_point_Yangon_v96.zip_mmr_ygn_pplp2_250k_mimu.shp,village:156896:row1627:village_point_Yangon_v96.zip_mmr_ygn_pplp2_250k_mimu.shp,keep_both,160640,,,,auto: unique weak-link (no_exact_name + 1 cand + weak spatial) → keep_both,2026-09-21T10:33:07.022183Z
village:152307:row1739:village_point_Yangon_v96.zip_mmr_ygn_pplp2_250k_mimu.shp,village:152307:row1739:village_point_Yangon_v96.zip_mmr_ygn_pplp2_250k_mimu.shp,keep_both,149816,,,,auto: unique weak-link (no_exact_name + 1 cand + weak spatial) → keep_both,2026-09-21T10:33:07.022183Z
village:216128:row1:village_point_Shan_v96.zip_mmr_shn_pplp2_250k_unodc_mimu.shp,village:216128:row1:village_point_Shan_v96.zip_mmr_shn_pplp2_250k_unodc_mimu.shp,create_new,,,,,auto: no CoreMap candidate → create_new,2026-09-21T10:33:25.018844Z
village:216129:row2:village_point_Shan_v96.zip_mmr_shn_pplp2_250k_unodc_mimu.shp,village:216129:row2:village_point_Shan_v96.zip_mmr_shn_pplp2_250k_unodc_mimu.shp,create_new,,,,,auto: no CoreMap candidate → create_new,2026-09-21T10:33:25.018844Z
village:216130:row3:village_point_Shan_v96.zip_mmr_shn_pplp2_250k_unodc_mimu.shp,village:216130:row3:village_point_Shan_v96.zip_mmr_shn_pplp2_250k_unodc_mimu.shp,create_new,,,,,auto: no CoreMap candidate → create_new,2026-09-21T10:33:25.018844Z
village:216131:row4:village_point_Shan_v96.zip_mmr_shn_pplp2_250k_unodc_mimu.shp,village:216131:row4:village_point_Shan_v96.zip_mmr_shn_pplp2_250k_unodc_mimu.shp,create_new,,,,,auto: no CoreMap candidate → create_new,2026-09-21T10:33:25.018844Z
village:216132:row5:village_point_Shan_v96.zip_mmr_shn_pplp2_250k_unodc_mimu.shp,village:216132:row5:village_point_Shan_v96.zip_mmr_shn_pplp2_250k_unodc_mimu.shp,create_new,,,,,auto: no CoreMap candidate → create_new,2026-09-21T10:33:25.018844Z
village:216133:row6:village_point_Shan_v96.zip_mmr_shn_pplp2_250k_unodc_mimu.shp,village:216133:row6:village_point_Shan_v96.zip_mmr_shn_pplp2_250k_unodc_mimu.shp,create_new,,,,,auto: no CoreMap candidate → create_new,2026-09-21T10:33:25.018844Z
village:216134:row7:village_point_Shan_v96.zip_mmr_shn_pplp2_250k_unodc_mimu.shp,village:216134:row7:village_point_Shan_v96.zip_mmr_shn_pplp2_250k_unodc_mimu.shp,create_new,,,,,auto: no CoreMap candidate → create_new,2026-09-21T10:33:25.018844Z
village:216135:row8:village_point_Shan_v96.zip_mmr_shn_pplp2_250k_unodc_mimu.shp,village:216135:row8:village_point_Shan_v96.zip_mmr_shn_pplp2_250k_unodc_mimu.shp,create_new,,,,,auto: no CoreMap candidate → create_new,2026-09-21T10:33:25.018844Z
village:216136:row9:village_point_Shan_v96.zip_mmr_shn_pplp2_250k_unodc_mimu.shp,village:216136:row9:village_point_Shan_v96.zip_mmr_shn_pplp2_250k_unodc_mimu.shp,create_new,,,,,auto: no CoreMap candidate → create_new,2026-09-21T10:33:25.018844Z
village:216137:row10:village_point_Shan_v96.zip_mmr_shn_pplp2_250k_unodc_mimu.shp,village:216137:row10:village_point_Shan_v96.zip_mmr_shn_pplp2_250k_unodc_mimu.shp,create_new,,,,,auto: no CoreMap candidate → create_new,2026-09-21T10:33:25.018844Z
village:216138:row11:village_point_Shan_v96.zip_mmr_shn_pplp2_250k_unodc_mimu.shp,village:216138:row11:village_point_Shan_v96.zip_mmr_shn_pplp2_250k_unodc_mimu.shp,create_new,,,,,auto: no CoreMap candidate → create_new,2026-09-21T10:33:25.018844Z
village:216139:row12:village_point_Shan_v96.zip_mmr_shn_pplp2_250k_unodc_mimu.shp,village:216139:row12:village_point_Shan_v96.zip_mmr_shn_pplp2_250k_unodc_mimu.shp,create_new,,,,,auto: no CoreMap candidate → create_new,2026-09-21T10:33:25.018844Z
village:216140:row13:village_point_Shan_v96.zip_mmr_shn_pplp2_250k_unodc_mimu.shp,village:216140:row13:village_point_Shan_v96.zip_mmr_shn_pplp2_250k_unodc_mimu.shp,create_new,,,,,auto: no CoreMap candidate → create_new,2026-09-21T10:33:25.018844Z
village:216141:row14:village_point_Shan_v96.zip_mmr_shn_pplp2_250k_unodc_mimu.shp,village:216141:row14:village_point_Shan_v96.zip_mmr_shn_pplp2_250k_unodc_mimu.shp,create_new,,,,,auto: no CoreMap candidate → create_new,2026-09-21T10:33:25.018844Z
village:216142:row15:village_point_Shan_v96.zip_mmr_shn_pplp2_250k_unodc_mimu.shp,village:216142:row15:village_point_Shan_v96.zip_mmr_shn_pplp2_250k_unodc_mimu.shp,create_new,,,,,auto: no CoreMap candidate → create_new,2026-09-21T10:33:25.018844Z
village:216143:row16:village_point_Shan_v96.zip_mmr_shn_pplp2_250k_unodc_mimu.shp,village:216143:row16:village_point_Shan_v96.zip_mmr_shn_pplp2_250k_unodc_mimu.shp,create_new,,,,,auto: no CoreMap candidate → create_new,2026-09-21T10:33:25.018844Z
village:216144:row17:village_point_Shan_v96.zip_mmr_shn_pplp2_250k_unodc_mimu.shp,village:216144:row17:village_point_Shan_v96.zip_mmr_shn_pplp2_250k_unodc_mimu.shp,create_new,,,,,auto: no CoreMap candidate → create_new,2026-09-21T10:33:25.018844Z
village:216145:row18:village_point_Shan_v96.zip_mmr_shn_pplp2_250k_unodc_mimu.shp,village:216145:row18:village_point_Shan_v96.zip_mmr_shn_pplp2_250k_unodc_mimu.shp,create_new,,,,,auto: no CoreMap candidate → create_new,2026-09-21T10:33:25.018844Z
village:216146:row19:village_point_Shan_v96.zip_mmr_shn_pplp2_250k_unodc_mimu.shp,village:216146:row19:village_point_Shan_v96.zip_mmr_shn_pplp2_250k_unodc_mimu.shp,create_new,,,,,auto: no CoreMap candidate → create_new,2026-09-21T10:33:25.018844Z
village:216147:row20:village_point_Shan_v96.zip_mmr_shn_pplp2_250k_unodc_mimu.shp,village:216147:row20:village_point_Shan_v96.zip_mmr_shn_pplp2_250k_unodc_mimu.shp,create_new,,,,,auto: no CoreMap candidate → create_new,2026-09-21T10:33:25.018844Z
village:216148:row21:village_point_Shan_v96.zip_mmr_shn_pplp2_250k_unodc_mimu.shp,village:216148:row21:village_point_Shan_v96.zip_mmr_shn_pplp2_250k_unodc_mimu.shp,create_new,,,,,auto: no CoreMap candidate → create_new,2026-09-21T10:33:25.018844Z
village:216149:row22:village_point_Shan_v96.zip_mmr_shn_pplp2_250k_unodc_mimu.shp,village:216149:row22:village_point_Shan_v96.zip_mmr_shn_pplp2_250k_unodc_mimu.shp,create_new,,,,,auto: no CoreMap candidate → create_new,2026-09-21T10:33:25.018844Z
village:216150:row23:village_point_Shan_v96.zip_mmr_shn_pplp2_250k_unodc_mimu.shp,village:216150:row23:village_point_Shan_v96.zip_mmr_shn_pplp2_250k_unodc_mimu.shp,create_new,,,,,auto: no CoreMap candidate → create_new,2026-09-21T10:33:25.018844Z
village:216166:row24:village_point_Shan_v96.zip_mmr_shn_pplp2_250k_unodc_mimu.shp,village:216166:row24:village_point_Shan_v96.zip_mmr_shn_pplp2_250k_unodc_mimu.shp,create_new,,,,,auto: no CoreMap candidate → create_new,2026-09-21T10:33:25.018844Z
village:216167:row25:village_point_Shan_v96.zip_mmr_shn_pplp2_250k_unodc_mimu.shp,village:216167:row25:village_point_Shan_v96.zip_mmr_shn_pplp2_250k_unodc_mimu.shp,create_new,,,,,auto: no CoreMap candidate → create_new,2026-09-21T10:33:25.018844Z
village:216168:row26:village_point_Shan_v96.zip_mmr_shn_pplp2_250k_unodc_mimu.shp,village:216168:row26:village_point_Shan_v96.zip_mmr_shn_pplp2_250k_unodc_mimu.shp,create_new,,,,,auto: no CoreMap candidate → create_new,2026-09-21T10:33:25.018844Z
village:216169:row27:village_point_Shan_v96.zip_mmr_shn_pplp2_250k_unodc_mimu.shp,village:216169:row27:village_point_Shan_v96.zip_mmr_shn_pplp2_250k_unodc_mimu.shp,create_new,,,,,auto: no CoreMap candidate → create_new,2026-09-21T10:33:25.018844Z
village:216170:row28:village_point_Shan_v96.zip_mmr_shn_pplp2_250k_unodc_mimu.shp,village:216170:row28:village_point_Shan_v96.zip_mmr_shn_pplp2_250k_unodc_mimu.shp,create_new,,,,,auto: no CoreMap candidate → create_new,2026-09-21T10:33:25.018844Z
village:216171:row29:village_point_Shan_v96.zip_mmr_shn_pplp2_250k_unodc_mimu.shp,village:216171:row29:village_point_Shan_v96.zip_mmr_shn_pplp2_250k_unodc_mimu.shp,create_new,,,,,auto: no CoreMap candidate → create_new,2026-09-21T10:33:25.018844Z
village:216172:row30:village_point_Shan_v96.zip_mmr_shn_pplp2_250k_unodc_mimu.shp,village:216172:row30:village_point_Shan_v96.zip_mmr_shn_pplp2_250k_unodc_mimu.shp,create_new,,,,,auto: no CoreMap candidate → create_new,2026-09-21T10:33:25.018844Z
village:216173:row31:village_point_Shan_v96.zip_mmr_shn_pplp2_250k_unodc_mimu.shp,village:216173:row31:village_point_Shan_v96.zip_mmr_shn_pplp2_250k_unodc_mimu.shp,create_new,,,,,auto: no CoreMap candidate → create_new,2026-09-21T10:33:25.018844Z
village:216152:row32:village_point_Shan_v96.zip_mmr_shn_pplp2_250k_unodc_mimu.shp,village:216152:row32:village_point_Shan_v96.zip_mmr_shn_pplp2_250k_unodc_mimu.shp,create_new,,,,,auto: no CoreMap candidate → create_new,2026-09-21T10:33:25.018844Z
village:216153:row33:village_point_Shan_v96.zip_mmr_shn_pplp2_250k_unodc_mimu.shp,village:216153:row33:village_point_Shan_v96.zip_mmr_shn_pplp2_250k_unodc_mimu.shp,create_new,,,,,auto: no CoreMap candidate → create_new,2026-09-21T10:33:25.018844Z
village:216154:row35:village_point_Shan_v96.zip_mmr_shn_pplp2_250k_unodc_mimu.shp,village:216154:row35:village_point_Shan_v96.zip_mmr_shn_pplp2_250k_unodc_mimu.shp,create_new,,,,,auto: no CoreMap candidate → create_new,2026-09-21T10:33:25.018844Z
village:216156:row36:village_point_Shan_v96.zip_mmr_shn_pplp2_250k_unodc_mimu.shp,village:216156:row36:village_point_Shan_v96.zip_mmr_shn_pplp2_250k_unodc_mimu.shp,create_new,,,,,auto: no CoreMap candidate → create_new,2026-09-21T10:33:25.018844Z
village:216157:row37:village_point_Shan_v96.zip_mmr_shn_pplp2_250k_unodc_mimu.shp,village:216157:row37:village_point_Shan_v96.zip_mmr_shn_pplp2_250k_unodc_mimu.shp,create_new,,,,,auto: no CoreMap candidate → create_new,2026-09-21T10:33:25.018844Z
village:216159:row38:village_point_Shan_v96.zip_mmr_shn_pplp2_250k_unodc_mimu.shp,village:216159:row38:village_point_Shan_v96.zip_mmr_shn_pplp2_250k_unodc_mimu.shp,create_new,,,,,auto: no CoreMap candidate → create_new,2026-09-21T10:33:25.018844Z
village:216158:row39:village_point_Shan_v96.zip_mmr_shn_pplp2_250k_unodc_mimu.shp,village:216158:row39:village_point_Shan_v96.zip_mmr_shn_pplp2_250k_unodc_mimu.shp,create_new,,,,,auto: no CoreMap candidate → create_new,2026-09-21T10:33:25.018844Z
village:216160:row40:village_point_Shan_v96.zip_mmr_shn_pplp2_250k_unodc_mimu.shp,village:216160:row40:village_point_Shan_v96.zip_mmr_shn_pplp2_250k_unodc_mimu.shp,create_new,,,,,auto: no CoreMap candidate → create_new,2026-09-21T10:33:25.018844Z
village:216161:row41:village_point_Shan_v96.zip_mmr_shn_pplp2_250k_unodc_mimu.shp,village:216161:row41:village_point_Shan_v96.zip_mmr_shn_pplp2_250k_unodc_mimu.shp,create_new,,,,,auto: no CoreMap candidate → create_new,2026-09-21T10:33:25.018844Z
village:216162:row42:village_point_Shan_v96.zip_mmr_shn_pplp2_250k_unodc_mimu.shp,village:216162:row42:village_point_Shan_v96.zip_mmr_shn_pplp2_250k_unodc_mimu.shp,create_new,,,,,auto: no CoreMap candidate → create_new,2026-09-21T10:33:25.018844Z
village:216164:row43:village_point_Shan_v96.zip_mmr_shn_pplp2_250k_unodc_mimu.shp,village:216164:row43:village_point_Shan_v96.zip_mmr_shn_pplp2_250k_unodc_mimu.shp,create_new,,,,,auto: no CoreMap candidate → create_new,2026-09-21T10:33:25.018844Z
village:216165:row44:village_point_Shan_v96.zip_mmr_shn_pplp2_250k_unodc_mimu.shp,village:216165:row44:village_point_Shan_v96.zip_mmr_shn_pplp2_250k_unodc_mimu.shp,create_new,,,,,auto: no CoreMap candidate → create_new,2026-09-21T10:33:25.018844Z
village:216380:row758:village_point_Shan_v96.zip_mmr_shn_pplp2_250k_unodc_mimu.shp,village:216380:row758:village_point_Shan_v96.zip_mmr_shn_pplp2_250k_unodc_mimu.shp,create_new,,,,,auto: no CoreMap candidate → create_new,2026-09-21T10:33:25.018844Z
village:216381:row759:village_point_Shan_v96.zip_mmr_shn_pplp2_250k_unodc_mimu.shp,village:216381:row759:village_point_Shan_v96.zip_mmr_shn_pplp2_250k_unodc_mimu.shp,create_new,,,,,auto: no CoreMap candidate → create_new,2026-09-21T10:33:25.018844Z
village:216382:row760:village_point_Shan_v96.zip_mmr_shn_pplp2_250k_unodc_mimu.shp,village:216382:row760:village_point_Shan_v96.zip_mmr_shn_pplp2_250k_unodc_mimu.shp,create_new,,,,,auto: no CoreMap candidate → create_new,2026-09-21T10:33:25.018844Z
village:216383:row761:village_point_Shan_v96.zip_mmr_shn_pplp2_250k_unodc_mimu.shp,village:216383:row761:village_point_Shan_v96.zip_mmr_shn_pplp2_250k_unodc_mimu.shp,create_new,,,,,auto: no CoreMap candidate → create_new,2026-09-21T10:33:25.018844Z
village:216384:row762:village_point_Shan_v96.zip_mmr_shn_pplp2_250k_unodc_mimu.shp,village:216384:row762:village_point_Shan_v96.zip_mmr_shn_pplp2_250k_unodc_mimu.shp,create_new,,,,,auto: no CoreMap candidate → create_new,2026-09-21T10:33:25.018844Z
village:216385:row763:village_point_Shan_v96.zip_mmr_shn_pplp2_250k_unodc_mimu.shp,village:216385:row763:village_point_Shan_v96.zip_mmr_shn_pplp2_250k_unodc_mimu.shp,create_new,,,,,auto: no CoreMap candidate → create_new,2026-09-21T10:33:25.018844Z
village:216386:row764:village_point_Shan_v96.zip_mmr_shn_pplp2_250k_unodc_mimu.shp,village:216386:row764:village_point_Shan_v96.zip_mmr_shn_pplp2_250k_unodc_mimu.shp,create_new,,,,,auto: no CoreMap candidate → create_new,2026-09-21T10:33:25.018844Z
village:216394:row765:village_point_Shan_v96.zip_mmr_shn_pplp2_250k_unodc_mimu.shp,village:216394:row765:village_point_Shan_v96.zip_mmr_shn_pplp2_250k_unodc_mimu.shp,create_new,,,,,auto: no CoreMap candidate → create_new,2026-09-21T10:33:25.018844Z
village:216395:row766:village_point_Shan_v96.zip_mmr_shn_pplp2_250k_unodc_mimu.shp,village:216395:row766:village_point_Shan_v96.zip_mmr_shn_pplp2_250k_unodc_mimu.shp,create_new,,,,,auto: no CoreMap candidate → create_new,2026-09-21T10:33:25.018844Z
village:216398:row767:village_point_Shan_v96.zip_mmr_shn_pplp2_250k_unodc_mimu.shp,village:216398:row767:village_point_Shan_v96.zip_mmr_shn_pplp2_250k_unodc_mimu.shp,create_new,,,,,auto: no CoreMap candidate → create_new,2026-09-21T10:33:25.018844Z
village:216399:row768:village_point_Shan_v96.zip_mmr_shn_pplp2_250k_unodc_mimu.shp,village:216399:row768:village_point_Shan_v96.zip_mmr_shn_pplp2_250k_unodc_mimu.shp,create_new,,,,,auto: no CoreMap candidate → create_new,2026-09-21T10:33:25.018844Z
village:216400:row769:village_point_Shan_v96.zip_mmr_shn_pplp2_250k_unodc_mimu.shp,village:216400:row769:village_point_Shan_v96.zip_mmr_shn_pplp2_250k_unodc_mimu.shp,create_new,,,,,auto: no CoreMap candidate → create_new,2026-09-21T10:33:25.018844Z
village:216401:row770:village_point_Shan_v96.zip_mmr_shn_pplp2_250k_unodc_mimu.shp,village:216401:row770:village_point_Shan_v96.zip_mmr_shn_pplp2_250k_unodc_mimu.shp,create_new,,,,,auto: no CoreMap candidate → create_new,2026-09-21T10:33:25.018844Z
village:216403:row771:village_point_Shan_v96.zip_mmr_shn_pplp2_250k_unodc_mimu.shp,village:216403:row771:village_point_Shan_v96.zip_mmr_shn_pplp2_250k_unodc_mimu.shp,create_new,,,,,auto: no CoreMap candidate → create_new,2026-09-21T10:33:25.018844Z
village:216405:row772:village_point_Shan_v96.zip_mmr_shn_pplp2_250k_unodc_mimu.shp,village:216405:row772:village_point_Shan_v96.zip_mmr_shn_pplp2_250k_unodc_mimu.shp,create_new,,,,,auto: no CoreMap candidate → create_new,2026-09-21T10:33:25.018844Z
village:216409:row773:village_point_Shan_v96.zip_mmr_shn_pplp2_250k_unodc_mimu.shp,village:216409:row773:village_point_Shan_v96.zip_mmr_shn_pplp2_250k_unodc_mimu.shp,create_new,,,,,auto: no CoreMap candidate → create_new,2026-09-21T10:33:25.018844Z
village:216411:row774:village_point_Shan_v96.zip_mmr_shn_pplp2_250k_unodc_mimu.shp,village:216411:row774:village_point_Shan_v96.zip_mmr_shn_pplp2_250k_unodc_mimu.shp,create_new,,,,,auto: no CoreMap candidate → create_new,2026-09-21T10:33:25.018844Z
village:216412:row775:village_point_Shan_v96.zip_mmr_shn_pplp2_250k_unodc_mimu.shp,village:216412:row775:village_point_Shan_v96.zip_mmr_shn_pplp2_250k_unodc_mimu.shp,create_new,,,,,auto: no CoreMap candidate → create_new,2026-09-21T10:33:25.018844Z
village:216414:row776:village_point_Shan_v96.zip_mmr_shn_pplp2_250k_unodc_mimu.shp,village:216414:row776:village_point_Shan_v96.zip_mmr_shn_pplp2_250k_unodc_mimu.shp,create_new,,,,,auto: no CoreMap candidate → create_new,2026-09-21T10:33:25.018844Z
village:216416:row777:village_point_Shan_v96.zip_mmr_shn_pplp2_250k_unodc_mimu.shp,village:216416:row777:village_point_Shan_v96.zip_mmr_shn_pplp2_250k_unodc_mimu.shp,create_new,,,,,auto: no CoreMap candidate → create_new,2026-09-21T10:33:25.018844Z
village:216417:row778:village_point_Shan_v96.zip_mmr_shn_pplp2_250k_unodc_mimu.shp,village:216417:row778:village_point_Shan_v96.zip_mmr_shn_pplp2_250k_unodc_mimu.shp,create_new,,,,,auto: no CoreMap candidate → create_new,2026-09-21T10:33:25.018844Z
village:216418:row779:village_point_Shan_v96.zip_mmr_shn_pplp2_250k_unodc_mimu.shp,village:216418:row779:village_point_Shan_v96.zip_mmr_shn_pplp2_250k_unodc_mimu.shp,create_new,,,,,auto: no CoreMap candidate → create_new,2026-09-21T10:33:25.018844Z
village:216419:row780:village_point_Shan_v96.zip_mmr_shn_pplp2_250k_unodc_mimu.shp,village:216419:row780:village_point_Shan_v96.zip_mmr_shn_pplp2_250k_unodc_mimu.shp,create_new,,,,,auto: no CoreMap candidate → create_new,2026-09-21T10:33:25.018844Z
village:216420:row781:village_point_Shan_v96.zip_mmr_shn_pplp2_250k_unodc_mimu.shp,village:216420:row781:village_point_Shan_v96.zip_mmr_shn_pplp2_250k_unodc_mimu.shp,create_new,,,,,auto: no CoreMap candidate → create_new,2026-09-21T10:33:25.018844Z
village:216421:row782:village_point_Shan_v96.zip_mmr_shn_pplp2_250k_unodc_mimu.shp,village:216421:row782:village_point_Shan_v96.zip_mmr_shn_pplp2_250k_unodc_mimu.shp,create_new,,,,,auto: no CoreMap candidate → create_new,2026-09-21T10:33:25.018844Z
village:216422:row783:village_point_Shan_v96.zip_mmr_shn_pplp2_250k_unodc_mimu.shp,village:216422:row783:village_point_Shan_v96.zip_mmr_shn_pplp2_250k_unodc_mimu.shp,create_new,,,,,auto: no CoreMap candidate → create_new,2026-09-21T10:33:25.018844Z
village:216423:row784:village_point_Shan_v96.zip_mmr_shn_pplp2_250k_unodc_mimu.shp,village:216423:row784:village_point_Shan_v96.zip_mmr_shn_pplp2_250k_unodc_mimu.shp,create_new,,,,,auto: no CoreMap candidate → create_new,2026-09-21T10:33:25.018844Z
village:216424:row785:village_point_Shan_v96.zip_mmr_shn_pplp2_250k_unodc_mimu.shp,village:216424:row785:village_point_Shan_v96.zip_mmr_shn_pplp2_250k_unodc_mimu.shp,create_new,,,,,auto: no CoreMap candidate → create_new,2026-09-21T10:33:25.018844Z
village:216425:row786:village_point_Shan_v96.zip_mmr_shn_pplp2_250k_unodc_mimu.shp,village:216425:row786:village_point_Shan_v96.zip_mmr_shn_pplp2_250k_unodc_mimu.shp,create_new,,,,,auto: no CoreMap candidate → create_new,2026-09-21T10:33:25.018844Z
village:216426:row787:village_point_Shan_v96.zip_mmr_shn_pplp2_250k_unodc_mimu.shp,village:216426:row787:village_point_Shan_v96.zip_mmr_shn_pplp2_250k_unodc_mimu.shp,create_new,,,,,auto: no CoreMap candidate → create_new,2026-09-21T10:33:25.018844Z
village:216430:row788:village_point_Shan_v96.zip_mmr_shn_pplp2_250k_unodc_mimu.shp,village:216430:row788:village_point_Shan_v96.zip_mmr_shn_pplp2_250k_unodc_mimu.shp,create_new,,,,,auto: no CoreMap candidate → create_new,2026-09-21T10:33:25.018844Z
village:216429:row789:village_point_Shan_v96.zip_mmr_shn_pplp2_250k_unodc_mimu.shp,village:216429:row789:village_point_Shan_v96.zip_mmr_shn_pplp2_250k_unodc_mimu.shp,create_new,,,,,auto: no CoreMap candidate → create_new,2026-09-21T10:33:25.018844Z
village:216427:row790:village_point_Shan_v96.zip_mmr_shn_pplp2_250k_unodc_mimu.shp,village:216427:row790:village_point_Shan_v96.zip_mmr_shn_pplp2_250k_unodc_mimu.shp,create_new,,,,,auto: no CoreMap candidate → create_new,2026-09-21T10:33:25.018844Z
village:216428:row791:village_point_Shan_v96.zip_mmr_shn_pplp2_250k_unodc_mimu.shp,village:216428:row791:village_point_Shan_v96.zip_mmr_shn_pplp2_250k_unodc_mimu.shp,create_new,,,,,auto: no CoreMap candidate → create_new,2026-09-21T10:33:25.018844Z
village:216431:row792:village_point_Shan_v96.zip_mmr_shn_pplp2_250k_unodc_mimu.shp,village:216431:row792:village_point_Shan_v96.zip_mmr_shn_pplp2_250k_unodc_mimu.shp,create_new,,,,,auto: no CoreMap candidate → create_new,2026-09-21T10:33:25.018844Z
village:216432:row793:village_point_Shan_v96.zip_mmr_shn_pplp2_250k_unodc_mimu.shp,village:216432:row793:village_point_Shan_v96.zip_mmr_shn_pplp2_250k_unodc_mimu.shp,create_new,,,,,auto: no CoreMap candidate → create_new,2026-09-21T10:33:25.018844Z
village:216433:row794:village_point_Shan_v96.zip_mmr_shn_pplp2_250k_unodc_mimu.shp,village:216433:row794:village_point_Shan_v96.zip_mmr_shn_pplp2_250k_unodc_mimu.shp,create_new,,,,,auto: no CoreMap candidate → create_new,2026-09-21T10:33:25.018844Z
village:216434:row795:village_point_Shan_v96.zip_mmr_shn_pplp2_250k_unodc_mimu.shp,village:216434:row795:village_point_Shan_v96.zip_mmr_shn_pplp2_250k_unodc_mimu.shp,create_new,,,,,auto: no CoreMap candidate → create_new,2026-09-21T10:33:25.018844Z
village:216436:row796:village_point_Shan_v96.zip_mmr_shn_pplp2_250k_unodc_mimu.shp,village:216436:row796:village_point_Shan_v96.zip_mmr_shn_pplp2_250k_unodc_mimu.shp,create_new,,,,,auto: no CoreMap candidate → create_new,2026-09-21T10:33:25.018844Z
village:216439:row797:village_point_Shan_v96.zip_mmr_shn_pplp2_250k_unodc_mimu.shp,village:216439:row797:village_point_Shan_v96.zip_mmr_shn_pplp2_250k_unodc_mimu.shp,create_new,,,,,auto: no CoreMap candidate → create_new,2026-09-21T10:33:25.018844Z
village:216438:row798:village_point_Shan_v96.zip_mmr_shn_pplp2_250k_unodc_mimu.shp,village:216438:row798:village_point_Shan_v96.zip_mmr_shn_pplp2_250k_unodc_mimu.shp,create_new,,,,,auto: no CoreMap candidate → create_new,2026-09-21T10:33:25.018844Z
village:216442:row799:village_point_Shan_v96.zip_mmr_shn_pplp2_250k_unodc_mimu.shp,village:216442:row799:village_point_Shan_v96.zip_mmr_shn_pplp2_250k_unodc_mimu.shp,create_new,,,,,auto: no CoreMap candidate → create_new,2026-09-21T10:33:25.018844Z
village:216441:row800:village_point_Shan_v96.zip_mmr_shn_pplp2_250k_unodc_mimu.shp,village:216441:row800:village_point_Shan_v96.zip_mmr_shn_pplp2_250k_unodc_mimu.shp,create_new,,,,,auto: no CoreMap candidate → create_new,2026-09-21T10:33:25.018844Z
village:216443:row801:village_point_Shan_v96.zip_mmr_shn_pplp2_250k_unodc_mimu.shp,village:216443:row801:village_point_Shan_v96.zip_mmr_shn_pplp2_250k_unodc_mimu.shp,create_new,,,,,auto: no CoreMap candidate → create_new,2026-09-21T10:33:25.018844Z
village:216445:row802:village_point_Shan_v96.zip_mmr_shn_pplp2_250k_unodc_mimu.shp,village:216445:row802:village_point_Shan_v96.zip_mmr_shn_pplp2_250k_unodc_mimu.shp,create_new,,,,,auto: no CoreMap candidate → create_new,2026-09-21T10:33:25.018844Z
village:216446:row803:village_point_Shan_v96.zip_mmr_shn_pplp2_250k_unodc_mimu.shp,village:216446:row803:village_point_Shan_v96.zip_mmr_shn_pplp2_250k_unodc_mimu.shp,create_new,,,,,auto: no CoreMap candidate → create_new,2026-09-21T10:33:25.018844Z
village:216447:row804:village_point_Shan_v96.zip_mmr_shn_pplp2_250k_unodc_mimu.shp,village:216447:row804:village_point_Shan_v96.zip_mmr_shn_pplp2_250k_unodc_mimu.shp,create_new,,,,,auto: no CoreMap candidate → create_new,2026-09-21T10:33:25.018844Z
village:216448:row805:village_point_Shan_v96.zip_mmr_shn_pplp2_250k_unodc_mimu.shp,village:216448:row805:village_point_Shan_v96.zip_mmr_shn_pplp2_250k_unodc_mimu.shp,create_new,,,,,auto: no CoreMap candidate → create_new,2026-09-21T10:33:25.018844Z
village:216449:row806:village_point_Shan_v96.zip_mmr_shn_pplp2_250k_unodc_mimu.shp,village:216449:row806:village_point_Shan_v96.zip_mmr_shn_pplp2_250k_unodc_mimu.shp,create_new,,,,,auto: no CoreMap candidate → create_new,2026-09-21T10:33:25.018844Z
village:216450:row807:village_point_Shan_v96.zip_mmr_shn_pplp2_250k_unodc_mimu.shp,village:216450:row807:village_point_Shan_v96.zip_mmr_shn_pplp2_250k_unodc_mimu.shp,create_new,,,,,auto: no CoreMap candidate → create_new,2026-09-21T10:33:25.018844Z
village:216451:row808:village_point_Shan_v96.zip_mmr_shn_pplp2_250k_unodc_mimu.shp,village:216451:row808:village_point_Shan_v96.zip_mmr_shn_pplp2_250k_unodc_mimu.shp,create_new,,,,,auto: no CoreMap candidate → create_new,2026-09-21T10:33:25.018844Z
village:216452:row809:village_point_Shan_v96.zip_mmr_shn_pplp2_250k_unodc_mimu.shp,village:216452:row809:village_point_Shan_v96.zip_mmr_shn_pplp2_250k_unodc_mimu.shp,create_new,,,,,auto: no CoreMap candidate → create_new,2026-09-21T10:33:25.018844Z
village:216453:row810:village_point_Shan_v96.zip_mmr_shn_pplp2_250k_unodc_mimu.shp,village:216453:row810:village_point_Shan_v96.zip_mmr_shn_pplp2_250k_unodc_mimu.shp,create_new,,,,,auto: no CoreMap candidate → create_new,2026-09-21T10:33:25.018844Z
village:216455:row811:village_point_Shan_v96.zip_mmr_shn_pplp2_250k_unodc_mimu.shp,village:216455:row811:village_point_Shan_v96.zip_mmr_shn_pplp2_250k_unodc_mimu.shp,create_new,,,,,auto: no CoreMap candidate → create_new,2026-09-21T10:33:25.018844Z
village:216456:row812:village_point_Shan_v96.zip_mmr_shn_pplp2_250k_unodc_mimu.shp,village:216456:row812:village_point_Shan_v96.zip_mmr_shn_pplp2_250k_unodc_mimu.shp,create_new,,,,,auto: no CoreMap candidate → create_new,2026-09-21T10:33:25.018844Z
village:216457:row813:village_point_Shan_v96.zip_mmr_shn_pplp2_250k_unodc_mimu.shp,village:216457:row813:village_point_Shan_v96.zip_mmr_shn_pplp2_250k_unodc_mimu.shp,create_new,,,,,auto: no CoreMap candidate → create_new,2026-09-21T10:33:25.018844Z
village:216460:row814:village_point_Shan_v96.zip_mmr_shn_pplp2_250k_unodc_mimu.shp,village:216460:row814:village_point_Shan_v96.zip_mmr_shn_pplp2_250k_unodc_mimu.shp,create_new,,,,,auto: no CoreMap candidate → create_new,2026-09-21T10:33:25.018844Z
village:216458:row815:village_point_Shan_v96.zip_mmr_shn_pplp2_250k_unodc_mimu.shp,village:216458:row815:village_point_Shan_v96.zip_mmr_shn_pplp2_250k_unodc_mimu.shp,create_new,,,,,auto: no CoreMap candidate → create_new,2026-09-21T10:33:25.018844Z
village:216459:row816:village_point_Shan_v96.zip_mmr_shn_pplp2_250k_unodc_mimu.shp,village:216459:row816:village_point_Shan_v96.zip_mmr_shn_pplp2_250k_unodc_mimu.shp,create_new,,,,,auto: no CoreMap candidate → create_new,2026-09-21T10:33:25.018844Z
village:216461:row817:village_point_Shan_v96.zip_mmr_shn_pplp2_250k_unodc_mimu.shp,village:216461:row817:village_point_Shan_v96.zip_mmr_shn_pplp2_250k_unodc_mimu.shp,create_new,,,,,auto: no CoreMap candidate → create_new,2026-09-21T10:33:25.018844Z
village:216174:row835:village_point_Shan_v96.zip_mmr_shn_pplp2_250k_unodc_mimu.shp,village:216174:row835:village_point_Shan_v96.zip_mmr_shn_pplp2_250k_unodc_mimu.shp,create_new,,,,,auto: no CoreMap candidate → create_new,2026-09-21T10:33:25.018844Z
village:216175:row836:village_point_Shan_v96.zip_mmr_shn_pplp2_250k_unodc_mimu.shp,village:216175:row836:village_point_Shan_v96.zip_mmr_shn_pplp2_250k_unodc_mimu.shp,create_new,,,,,auto: no CoreMap candidate → create_new,2026-09-21T10:33:25.018844Z
village:216177:row837:village_point_Shan_v96.zip_mmr_shn_pplp2_250k_unodc_mimu.shp,village:216177:row837:village_point_Shan_v96.zip_mmr_shn_pplp2_250k_unodc_mimu.shp,create_new,,,,,auto: no CoreMap candidate → create_new,2026-09-21T10:33:25.018844Z
village:216178:row838:village_point_Shan_v96.zip_mmr_shn_pplp2_250k_unodc_mimu.shp,village:216178:row838:village_point_Shan_v96.zip_mmr_shn_pplp2_250k_unodc_mimu.shp,create_new,,,,,auto: no CoreMap candidate → create_new,2026-09-21T10:33:25.018844Z
village:216179:row839:village_point_Shan_v96.zip_mmr_shn_pplp2_250k_unodc_mimu.shp,village:216179:row839:village_point_Shan_v96.zip_mmr_shn_pplp2_250k_unodc_mimu.shp,create_new,,,,,auto: no CoreMap candidate → create_new,2026-09-21T10:33:25.018844Z
village:216181:row840:village_point_Shan_v96.zip_mmr_shn_pplp2_250k_unodc_mimu.shp,village:216181:row840:village_point_Shan_v96.zip_mmr_shn_pplp2_250k_unodc_mimu.shp,create_new,,,,,auto: no CoreMap candidate → create_new,2026-09-21T10:33:25.018844Z
village:216182:row841:village_point_Shan_v96.zip_mmr_shn_pplp2_250k_unodc_mimu.shp,village:216182:row841:village_point_Shan_v96.zip_mmr_shn_pplp2_250k_unodc_mimu.shp,create_new,,,,,auto: no CoreMap candidate → create_new,2026-09-21T10:33:25.018844Z
village:216183:row842:village_point_Shan_v96.zip_mmr_shn_pplp2_250k_unodc_mimu.shp,village:216183:row842:village_point_Shan_v96.zip_mmr_shn_pplp2_250k_unodc_mimu.shp,create_new,,,,,auto: no CoreMap candidate → create_new,2026-09-21T10:33:25.018844Z
village:216189:row843:village_point_Shan_v96.zip_mmr_shn_pplp2_250k_unodc_mimu.shp,village:216189:row843:village_point_Shan_v96.zip_mmr_shn_pplp2_250k_unodc_mimu.shp,create_new,,,,,auto: no CoreMap candidate → create_new,2026-09-21T10:33:25.018844Z
village:216191:row844:village_point_Shan_v96.zip_mmr_shn_pplp2_250k_unodc_mimu.shp,village:216191:row844:village_point_Shan_v96.zip_mmr_shn_pplp2_250k_unodc_mimu.shp,create_new,,,,,auto: no CoreMap candidate → create_new,2026-09-21T10:33:25.018844Z
village:216193:row845:village_point_Shan_v96.zip_mmr_shn_pplp2_250k_unodc_mimu.shp,village:216193:row845:village_point_Shan_v96.zip_mmr_shn_pplp2_250k_unodc_mimu.shp,create_new,,,,,auto: no CoreMap candidate → create_new,2026-09-21T10:33:25.018844Z
village:216195:row846:village_point_Shan_v96.zip_mmr_shn_pplp2_250k_unodc_mimu.shp,village:216195:row846:village_point_Shan_v96.zip_mmr_shn_pplp2_250k_unodc_mimu.shp,create_new,,,,,auto: no CoreMap candidate → create_new,2026-09-21T10:33:25.018844Z
village:216197:row847:village_point_Shan_v96.zip_mmr_shn_pplp2_250k_unodc_mimu.shp,village:216197:row847:village_point_Shan_v96.zip_mmr_shn_pplp2_250k_unodc_mimu.shp,create_new,,,,,auto: no CoreMap candidate → create_new,2026-09-21T10:33:25.018844Z
village:216199:row848:village_point_Shan_v96.zip_mmr_shn_pplp2_250k_unodc_mimu.shp,village:216199:row848:village_point_Shan_v96.zip_mmr_shn_pplp2_250k_unodc_mimu.shp,create_new,,,,,auto: no CoreMap candidate → create_new,2026-09-21T10:33:25.018844Z
village:216201:row849:village_point_Shan_v96.zip_mmr_shn_pplp2_250k_unodc_mimu.shp,village:216201:row849:village_point_Shan_v96.zip_mmr_shn_pplp2_250k_unodc_mimu.shp,create_new,,,,,auto: no CoreMap candidate → create_new,2026-09-21T10:33:25.018844Z
village:216184:row850:village_point_Shan_v96.zip_mmr_shn_pplp2_250k_unodc_mimu.shp,village:216184:row850:village_point_Shan_v96.zip_mmr_shn_pplp2_250k_unodc_mimu.shp,create_new,,,,,auto: no CoreMap candidate → create_new,2026-09-21T10:33:25.018844Z
village:216186:row851:village_point_Shan_v96.zip_mmr_shn_pplp2_250k_unodc_mimu.shp,village:216186:row851:village_point_Shan_v96.zip_mmr_shn_pplp2_250k_unodc_mimu.shp,create_new,,,,,auto: no CoreMap candidate → create_new,2026-09-21T10:33:25.018844Z
village:216192:row852:village_point_Shan_v96.zip_mmr_shn_pplp2_250k_unodc_mimu.shp,village:216192:row852:village_point_Shan_v96.zip_mmr_shn_pplp2_250k_unodc_mimu.shp,create_new,,,,,auto: no CoreMap candidate → create_new,2026-09-21T10:33:25.018844Z
village:216196:row853:village_point_Shan_v96.zip_mmr_shn_pplp2_250k_unodc_mimu.shp,village:216196:row853:village_point_Shan_v96.zip_mmr_shn_pplp2_250k_unodc_mimu.shp,create_new,,,,,auto: no CoreMap candidate → create_new,2026-09-21T10:33:25.018844Z
village:216198:row854:village_point_Shan_v96.zip_mmr_shn_pplp2_250k_unodc_mimu.shp,village:216198:row854:village_point_Shan_v96.zip_mmr_shn_pplp2_250k_unodc_mimu.shp,create_new,,,,,auto: no CoreMap candidate → create_new,2026-09-21T10:33:25.018844Z
village:216200:row855:village_point_Shan_v96.zip_mmr_shn_pplp2_250k_unodc_mimu.shp,village:216200:row855:village_point_Shan_v96.zip_mmr_shn_pplp2_250k_unodc_mimu.shp,create_new,,,,,auto: no CoreMap candidate → create_new,2026-09-21T10:33:25.018844Z
village:216202:row856:village_point_Shan_v96.zip_mmr_shn_pplp2_250k_unodc_mimu.shp,village:216202:row856:village_point_Shan_v96.zip_mmr_shn_pplp2_250k_unodc_mimu.shp,create_new,,,,,auto: no CoreMap candidate → create_new,2026-09-21T10:33:25.018844Z
village:216203:row857:village_point_Shan_v96.zip_mmr_shn_pplp2_250k_unodc_mimu.shp,village:216203:row857:village_point_Shan_v96.zip_mmr_shn_pplp2_250k_unodc_mimu.shp,create_new,,,,,auto: no CoreMap candidate → create_new,2026-09-21T10:33:25.018844Z
village:216204:row858:village_point_Shan_v96.zip_mmr_shn_pplp2_250k_unodc_mimu.shp,village:216204:row858:village_point_Shan_v96.zip_mmr_shn_pplp2_250k_unodc_mimu.shp,create_new,,,,,auto: no CoreMap candidate → create_new,2026-09-21T10:33:25.018844Z
village:216206:row859:village_point_Shan_v96.zip_mmr_shn_pplp2_250k_unodc_mimu.shp,village:216206:row859:village_point_Shan_v96.zip_mmr_shn_pplp2_250k_unodc_mimu.shp,create_new,,,,,auto: no CoreMap candidate → create_new,2026-09-21T10:33:25.018844Z
village:216205:row860:village_point_Shan_v96.zip_mmr_shn_pplp2_250k_unodc_mimu.shp,village:216205:row860:village_point_Shan_v96.zip_mmr_shn_pplp2_250k_unodc_mimu.shp,create_new,,,,,auto: no CoreMap candidate → create_new,2026-09-21T10:33:25.018844Z
village:216207:row861:village_point_Shan_v96.zip_mmr_shn_pplp2_250k_unodc_mimu.shp,village:216207:row861:village_point_Shan_v96.zip_mmr_shn_pplp2_250k_unodc_mimu.shp,create_new,,,,,auto: no CoreMap candidate → create_new,2026-09-21T10:33:25.018844Z
village:216209:row862:village_point_Shan_v96.zip_mmr_shn_pplp2_250k_unodc_mimu.shp,village:216209:row862:village_point_Shan_v96.zip_mmr_shn_pplp2_250k_unodc_mimu.shp,create_new,,,,,auto: no CoreMap candidate → create_new,2026-09-21T10:33:25.018844Z
village:216210:row863:village_point_Shan_v96.zip_mmr_shn_pplp2_250k_unodc_mimu.shp,village:216210:row863:village_point_Shan_v96.zip_mmr_shn_pplp2_250k_unodc_mimu.shp,create_new,,,,,auto: no CoreMap candidate → create_new,2026-09-21T10:33:25.018844Z
village:216212:row864:village_point_Shan_v96.zip_mmr_shn_pplp2_250k_unodc_mimu.shp,village:216212:row864:village_point_Shan_v96.zip_mmr_shn_pplp2_250k_unodc_mimu.shp,create_new,,,,,auto: no CoreMap candidate → create_new,2026-09-21T10:33:25.018844Z
village:216213:row865:village_point_Shan_v96.zip_mmr_shn_pplp2_250k_unodc_mimu.shp,village:216213:row865:village_point_Shan_v96.zip_mmr_shn_pplp2_250k_unodc_mimu.shp,create_new,,,,,auto: no CoreMap candidate → create_new,2026-09-21T10:33:25.018844Z
village:216214:row866:village_point_Shan_v96.zip_mmr_shn_pplp2_250k_unodc_mimu.shp,village:216214:row866:village_point_Shan_v96.zip_mmr_shn_pplp2_250k_unodc_mimu.shp,create_new,,,,,auto: no CoreMap candidate → create_new,2026-09-21T10:33:25.018844Z
village:216216:row867:village_point_Shan_v96.zip_mmr_shn_pplp2_250k_unodc_mimu.shp,village:216216:row867:village_point_Shan_v96.zip_mmr_shn_pplp2_250k_unodc_mimu.shp,create_new,,,,,auto: no CoreMap candidate → create_new,2026-09-21T10:33:25.018844Z
village:216215:row868:village_point_Shan_v96.zip_mmr_shn_pplp2_250k_unodc_mimu.shp,village:216215:row868:village_point_Shan_v96.zip_mmr_shn_pplp2_250k_unodc_mimu.shp,create_new,,,,,auto: no CoreMap candidate → create_new,2026-09-21T10:33:25.018844Z
village:216217:row869:village_point_Shan_v96.zip_mmr_shn_pplp2_250k_unodc_mimu.shp,village:216217:row869:village_point_Shan_v96.zip_mmr_shn_pplp2_250k_unodc_mimu.shp,create_new,,,,,auto: no CoreMap candidate → create_new,2026-09-21T10:33:25.018844Z
village:216220:row870:village_point_Shan_v96.zip_mmr_shn_pplp2_250k_unodc_mimu.shp,village:216220:row870:village_point_Shan_v96.zip_mmr_shn_pplp2_250k_unodc_mimu.shp,create_new,,,,,auto: no CoreMap candidate → create_new,2026-09-21T10:33:25.018844Z
village:216221:row871:village_point_Shan_v96.zip_mmr_shn_pplp2_250k_unodc_mimu.shp,village:216221:row871:village_point_Shan_v96.zip_mmr_shn_pplp2_250k_unodc_mimu.shp,create_new,,,,,auto: no CoreMap candidate → create_new,2026-09-21T10:33:25.018844Z
village:216223:row872:village_point_Shan_v96.zip_mmr_shn_pplp2_250k_unodc_mimu.shp,village:216223:row872:village_point_Shan_v96.zip_mmr_shn_pplp2_250k_unodc_mimu.shp,create_new,,,,,auto: no CoreMap candidate → create_new,2026-09-21T10:33:25.018844Z
village:216224:row873:village_point_Shan_v96.zip_mmr_shn_pplp2_250k_unodc_mimu.shp,village:216224:row873:village_point_Shan_v96.zip_mmr_shn_pplp2_250k_unodc_mimu.shp,create_new,,,,,auto: no CoreMap candidate → create_new,2026-09-21T10:33:25.018844Z
village:216225:row874:village_point_Shan_v96.zip_mmr_shn_pplp2_250k_unodc_mimu.shp,village:216225:row874:village_point_Shan_v96.zip_mmr_shn_pplp2_250k_unodc_mimu.shp,create_new,,,,,auto: no CoreMap candidate → create_new,2026-09-21T10:33:25.018844Z
village:216226:row875:village_point_Shan_v96.zip_mmr_shn_pplp2_250k_unodc_mimu.shp,village:216226:row875:village_point_Shan_v96.zip_mmr_shn_pplp2_250k_unodc_mimu.shp,create_new,,,,,auto: no CoreMap candidate → create_new,2026-09-21T10:33:25.018844Z
village:216230:row876:village_point_Shan_v96.zip_mmr_shn_pplp2_250k_unodc_mimu.shp,village:216230:row876:village_point_Shan_v96.zip_mmr_shn_pplp2_250k_unodc_mimu.shp,create_new,,,,,auto: no CoreMap candidate → create_new,2026-09-21T10:33:25.018844Z
village:216231:row877:village_point_Shan_v96.zip_mmr_shn_pplp2_250k_unodc_mimu.shp,village:216231:row877:village_point_Shan_v96.zip_mmr_shn_pplp2_250k_unodc_mimu.shp,create_new,,,,,auto: no CoreMap candidate → create_new,2026-09-21T10:33:25.018844Z
village:216227:row878:village_point_Shan_v96.zip_mmr_shn_pplp2_250k_unodc_mimu.shp,village:216227:row878:village_point_Shan_v96.zip_mmr_shn_pplp2_250k_unodc_mimu.shp,create_new,,,,,auto: no CoreMap candidate → create_new,2026-09-21T10:33:25.018844Z
village:216228:row879:village_point_Shan_v96.zip_mmr_shn_pplp2_250k_unodc_mimu.shp,village:216228:row879:village_point_Shan_v96.zip_mmr_shn_pplp2_250k_unodc_mimu.shp,create_new,,,,,auto: no CoreMap candidate → create_new,2026-09-21T10:33:25.018844Z
village:216229:row880:village_point_Shan_v96.zip_mmr_shn_pplp2_250k_unodc_mimu.shp,village:216229:row880:village_point_Shan_v96.zip_mmr_shn_pplp2_250k_unodc_mimu.shp,create_new,,,,,auto: no CoreMap candidate → create_new,2026-09-21T10:33:25.018844Z
village:216232:row881:village_point_Shan_v96.zip_mmr_shn_pplp2_250k_unodc_mimu.shp,village:216232:row881:village_point_Shan_v96.zip_mmr_shn_pplp2_250k_unodc_mimu.shp,create_new,,,,,auto: no CoreMap candidate → create_new,2026-09-21T10:33:25.018844Z
village:216233:row882:village_point_Shan_v96.zip_mmr_shn_pplp2_250k_unodc_mimu.shp,village:216233:row882:village_point_Shan_v96.zip_mmr_shn_pplp2_250k_unodc_mimu.shp,create_new,,,,,auto: no CoreMap candidate → create_new,2026-09-21T10:33:25.018844Z
village:216235:row883:village_point_Shan_v96.zip_mmr_shn_pplp2_250k_unodc_mimu.shp,village:216235:row883:village_point_Shan_v96.zip_mmr_shn_pplp2_250k_unodc_mimu.shp,create_new,,,,,auto: no CoreMap candidate → create_new,2026-09-21T10:33:25.018844Z
village:216234:row884:village_point_Shan_v96.zip_mmr_shn_pplp2_250k_unodc_mimu.shp,village:216234:row884:village_point_Shan_v96.zip_mmr_shn_pplp2_250k_unodc_mimu.shp,create_new,,,,,auto: no CoreMap candidate → create_new,2026-09-21T10:33:25.018844Z
village:216236:row885:village_point_Shan_v96.zip_mmr_shn_pplp2_250k_unodc_mimu.shp,village:216236:row885:village_point_Shan_v96.zip_mmr_shn_pplp2_250k_unodc_mimu.shp,create_new,,,,,auto: no CoreMap candidate → create_new,2026-09-21T10:33:25.018844Z
village:216237:row886:village_point_Shan_v96.zip_mmr_shn_pplp2_250k_unodc_mimu.shp,village:216237:row886:village_point_Shan_v96.zip_mmr_shn_pplp2_250k_unodc_mimu.shp,create_new,,,,,auto: no CoreMap candidate → create_new,2026-09-21T10:33:25.018844Z
village:216238:row887:village_point_Shan_v96.zip_mmr_shn_pplp2_250k_unodc_mimu.shp,village:216238:row887:village_point_Shan_v96.zip_mmr_shn_pplp2_250k_unodc_mimu.shp,create_new,,,,,auto: no CoreMap candidate → create_new,2026-09-21T10:33:25.018844Z
village:216239:row888:village_point_Shan_v96.zip_mmr_shn_pplp2_250k_unodc_mimu.shp,village:216239:row888:village_point_Shan_v96.zip_mmr_shn_pplp2_250k_unodc_mimu.shp,create_new,,,,,auto: no CoreMap candidate → create_new,2026-09-21T10:33:25.018844Z
village:216242:row889:village_point_Shan_v96.zip_mmr_shn_pplp2_250k_unodc_mimu.shp,village:216242:row889:village_point_Shan_v96.zip_mmr_shn_pplp2_250k_unodc_mimu.shp,create_new,,,,,auto: no CoreMap candidate → create_new,2026-09-21T10:33:25.018844Z
village:216243:row890:village_point_Shan_v96.zip_mmr_shn_pplp2_250k_unodc_mimu.shp,village:216243:row890:village_point_Shan_v96.zip_mmr_shn_pplp2_250k_unodc_mimu.shp,create_new,,,,,auto: no CoreMap candidate → create_new,2026-09-21T10:33:25.018844Z
village:216244:row891:village_point_Shan_v96.zip_mmr_shn_pplp2_250k_unodc_mimu.shp,village:216244:row891:village_point_Shan_v96.zip_mmr_shn_pplp2_250k_unodc_mimu.shp,create_new,,,,,auto: no CoreMap candidate → create_new,2026-09-21T10:33:25.018844Z
village:216245:row892:village_point_Shan_v96.zip_mmr_shn_pplp2_250k_unodc_mimu.shp,village:216245:row892:village_point_Shan_v96.zip_mmr_shn_pplp2_250k_unodc_mimu.shp,create_new,,,,,auto: no CoreMap candidate → create_new,2026-09-21T10:33:25.018844Z
village:216246:row893:village_point_Shan_v96.zip_mmr_shn_pplp2_250k_unodc_mimu.shp,village:216246:row893:village_point_Shan_v96.zip_mmr_shn_pplp2_250k_unodc_mimu.shp,create_new,,,,,auto: no CoreMap candidate → create_new,2026-09-21T10:33:25.018844Z
village:216247:row894:village_point_Shan_v96.zip_mmr_shn_pplp2_250k_unodc_mimu.shp,village:216247:row894:village_point_Shan_v96.zip_mmr_shn_pplp2_250k_unodc_mimu.shp,create_new,,,,,auto: no CoreMap candidate → create_new,2026-09-21T10:33:25.018844Z
village:216248:row895:village_point_Shan_v96.zip_mmr_shn_pplp2_250k_unodc_mimu.shp,village:216248:row895:village_point_Shan_v96.zip_mmr_shn_pplp2_250k_unodc_mimu.shp,create_new,,,,,auto: no CoreMap candidate → create_new,2026-09-21T10:33:25.018844Z
village:216249:row896:village_point_Shan_v96.zip_mmr_shn_pplp2_250k_unodc_mimu.shp,village:216249:row896:village_point_Shan_v96.zip_mmr_shn_pplp2_250k_unodc_mimu.shp,create_new,,,,,auto: no CoreMap candidate → create_new,2026-09-21T10:33:25.018844Z
village:216250:row897:village_point_Shan_v96.zip_mmr_shn_pplp2_250k_unodc_mimu.shp,village:216250:row897:village_point_Shan_v96.zip_mmr_shn_pplp2_250k_unodc_mimu.shp,create_new,,,,,auto: no CoreMap candidate → create_new,2026-09-21T10:33:25.018844Z
village:216252:row898:village_point_Shan_v96.zip_mmr_shn_pplp2_250k_unodc_mimu.shp,village:216252:row898:village_point_Shan_v96.zip_mmr_shn_pplp2_250k_unodc_mimu.shp,create_new,,,,,auto: no CoreMap candidate → create_new,2026-09-21T10:33:25.018844Z
village:216253:row899:village_point_Shan_v96.zip_mmr_shn_pplp2_250k_unodc_mimu.shp,village:216253:row899:village_point_Shan_v96.zip_mmr_shn_pplp2_250k_unodc_mimu.shp,create_new,,,,,auto: no CoreMap candidate → create_new,2026-09-21T10:33:25.018844Z
village:216254:row900:village_point_Shan_v96.zip_mmr_shn_pplp2_250k_unodc_mimu.shp,village:216254:row900:village_point_Shan_v96.zip_mmr_shn_pplp2_250k_unodc_mimu.shp,create_new,,,,,auto: no CoreMap candidate → create_new,2026-09-21T10:33:25.018844Z
village:216255:row901:village_point_Shan_v96.zip_mmr_shn_pplp2_250k_unodc_mimu.shp,village:216255:row901:village_point_Shan_v96.zip_mmr_shn_pplp2_250k_unodc_mimu.shp,create_new,,,,,auto: no CoreMap candidate → create_new,2026-09-21T10:33:25.018844Z
village:216256:row902:village_point_Shan_v96.zip_mmr_shn_pplp2_250k_unodc_mimu.shp,village:216256:row902:village_point_Shan_v96.zip_mmr_shn_pplp2_250k_unodc_mimu.shp,create_new,,,,,auto: no CoreMap candidate → create_new,2026-09-21T10:33:25.018844Z
village:216257:row903:village_point_Shan_v96.zip_mmr_shn_pplp2_250k_unodc_mimu.shp,village:216257:row903:village_point_Shan_v96.zip_mmr_shn_pplp2_250k_unodc_mimu.shp,create_new,,,,,auto: no CoreMap candidate → create_new,2026-09-21T10:33:25.018844Z
village:216258:row904:village_point_Shan_v96.zip_mmr_shn_pplp2_250k_unodc_mimu.shp,village:216258:row904:village_point_Shan_v96.zip_mmr_shn_pplp2_250k_unodc_mimu.shp,create_new,,,,,auto: no CoreMap candidate → create_new,2026-09-21T10:33:25.018844Z
village:216259:row905:village_point_Shan_v96.zip_mmr_shn_pplp2_250k_unodc_mimu.shp,village:216259:row905:village_point_Shan_v96.zip_mmr_shn_pplp2_250k_unodc_mimu.shp,create_new,,,,,auto: no CoreMap candidate → create_new,2026-09-21T10:33:25.018844Z
village:216261:row906:village_point_Shan_v96.zip_mmr_shn_pplp2_250k_unodc_mimu.shp,village:216261:row906:village_point_Shan_v96.zip_mmr_shn_pplp2_250k_unodc_mimu.shp,create_new,,,,,auto: no CoreMap candidate → create_new,2026-09-21T10:33:25.018844Z
village:216260:row907:village_point_Shan_v96.zip_mmr_shn_pplp2_250k_unodc_mimu.shp,village:216260:row907:village_point_Shan_v96.zip_mmr_shn_pplp2_250k_unodc_mimu.shp,create_new,,,,,auto: no CoreMap candidate → create_new,2026-09-21T10:33:25.018844Z
village:216262:row908:village_point_Shan_v96.zip_mmr_shn_pplp2_250k_unodc_mimu.shp,village:216262:row908:village_point_Shan_v96.zip_mmr_shn_pplp2_250k_unodc_mimu.shp,create_new,,,,,auto: no CoreMap candidate → create_new,2026-09-21T10:33:25.018844Z
village:216263:row909:village_point_Shan_v96.zip_mmr_shn_pplp2_250k_unodc_mimu.shp,village:216263:row909:village_point_Shan_v96.zip_mmr_shn_pplp2_250k_unodc_mimu.shp,create_new,,,,,auto: no CoreMap candidate → create_new,2026-09-21T10:33:25.018844Z
village:216264:row910:village_point_Shan_v96.zip_mmr_shn_pplp2_250k_unodc_mimu.shp,village:216264:row910:village_point_Shan_v96.zip_mmr_shn_pplp2_250k_unodc_mimu.shp,create_new,,,,,auto: no CoreMap candidate → create_new,2026-09-21T10:33:25.018844Z
village:216265:row911:village_point_Shan_v96.zip_mmr_shn_pplp2_250k_unodc_mimu.shp,village:216265:row911:village_point_Shan_v96.zip_mmr_shn_pplp2_250k_unodc_mimu.shp,create_new,,,,,auto: no CoreMap candidate → create_new,2026-09-21T10:33:25.018844Z
village:216267:row912:village_point_Shan_v96.zip_mmr_shn_pplp2_250k_unodc_mimu.shp,village:216267:row912:village_point_Shan_v96.zip_mmr_shn_pplp2_250k_unodc_mimu.shp,create_new,,,,,auto: no CoreMap candidate → create_new,2026-09-21T10:33:25.018844Z
village:216268:row913:village_point_Shan_v96.zip_mmr_shn_pplp2_250k_unodc_mimu.shp,village:216268:row913:village_point_Shan_v96.zip_mmr_shn_pplp2_250k_unodc_mimu.shp,create_new,,,,,auto: no CoreMap candidate → create_new,2026-09-21T10:33:25.018844Z
village:216269:row914:village_point_Shan_v96.zip_mmr_shn_pplp2_250k_unodc_mimu.shp,village:216269:row914:village_point_Shan_v96.zip_mmr_shn_pplp2_250k_unodc_mimu.shp,create_new,,,,,auto: no CoreMap candidate → create_new,2026-09-21T10:33:25.018844Z
village:216270:row915:village_point_Shan_v96.zip_mmr_shn_pplp2_250k_unodc_mimu.shp,village:216270:row915:village_point_Shan_v96.zip_mmr_shn_pplp2_250k_unodc_mimu.shp,create_new,,,,,auto: no CoreMap candidate → create_new,2026-09-21T10:33:25.018844Z
village:216271:row916:village_point_Shan_v96.zip_mmr_shn_pplp2_250k_unodc_mimu.shp,village:216271:row916:village_point_Shan_v96.zip_mmr_shn_pplp2_250k_unodc_mimu.shp,create_new,,,,,auto: no CoreMap candidate → create_new,2026-09-21T10:33:25.018844Z
village:216273:row917:village_point_Shan_v96.zip_mmr_shn_pplp2_250k_unodc_mimu.shp,village:216273:row917:village_point_Shan_v96.zip_mmr_shn_pplp2_250k_unodc_mimu.shp,create_new,,,,,auto: no CoreMap candidate → create_new,2026-09-21T10:33:25.018844Z
village:216274:row918:village_point_Shan_v96.zip_mmr_shn_pplp2_250k_unodc_mimu.shp,village:216274:row918:village_point_Shan_v96.zip_mmr_shn_pplp2_250k_unodc_mimu.shp,create_new,,,,,auto: no CoreMap candidate → create_new,2026-09-21T10:33:25.018844Z
village:216277:row919:village_point_Shan_v96.zip_mmr_shn_pplp2_250k_unodc_mimu.shp,village:216277:row919:village_point_Shan_v96.zip_mmr_shn_pplp2_250k_unodc_mimu.shp,create_new,,,,,auto: no CoreMap candidate → create_new,2026-09-21T10:33:25.018844Z
village:216278:row920:village_point_Shan_v96.zip_mmr_shn_pplp2_250k_unodc_mimu.shp,village:216278:row920:village_point_Shan_v96.zip_mmr_shn_pplp2_250k_unodc_mimu.shp,create_new,,,,,auto: no CoreMap candidate → create_new,2026-09-21T10:33:25.018844Z
village:216279:row921:village_point_Shan_v96.zip_mmr_shn_pplp2_250k_unodc_mimu.shp,village:216279:row921:village_point_Shan_v96.zip_mmr_shn_pplp2_250k_unodc_mimu.shp,create_new,,,,,auto: no CoreMap candidate → create_new,2026-09-21T10:33:25.018844Z
village:216280:row922:village_point_Shan_v96.zip_mmr_shn_pplp2_250k_unodc_mimu.shp,village:216280:row922:village_point_Shan_v96.zip_mmr_shn_pplp2_250k_unodc_mimu.shp,create_new,,,,,auto: no CoreMap candidate → create_new,2026-09-21T10:33:25.018844Z
village:216281:row923:village_point_Shan_v96.zip_mmr_shn_pplp2_250k_unodc_mimu.shp,village:216281:row923:village_point_Shan_v96.zip_mmr_shn_pplp2_250k_unodc_mimu.shp,create_new,,,,,auto: no CoreMap candidate → create_new,2026-09-21T10:33:25.018844Z
village:216282:row924:village_point_Shan_v96.zip_mmr_shn_pplp2_250k_unodc_mimu.shp,village:216282:row924:village_point_Shan_v96.zip_mmr_shn_pplp2_250k_unodc_mimu.shp,create_new,,,,,auto: no CoreMap candidate → create_new,2026-09-21T10:33:25.018844Z
village:216283:row925:village_point_Shan_v96.zip_mmr_shn_pplp2_250k_unodc_mimu.shp,village:216283:row925:village_point_Shan_v96.zip_mmr_shn_pplp2_250k_unodc_mimu.shp,create_new,,,,,auto: no CoreMap candidate → create_new,2026-09-21T10:33:25.018844Z
village:216284:row926:village_point_Shan_v96.zip_mmr_shn_pplp2_250k_unodc_mimu.shp,village:216284:row926:village_point_Shan_v96.zip_mmr_shn_pplp2_250k_unodc_mimu.shp,create_new,,,,,auto: no CoreMap candidate → create_new,2026-09-21T10:33:25.018844Z
village:216285:row927:village_point_Shan_v96.zip_mmr_shn_pplp2_250k_unodc_mimu.shp,village:216285:row927:village_point_Shan_v96.zip_mmr_shn_pplp2_250k_unodc_mimu.shp,create_new,,,,,auto: no CoreMap candidate → create_new,2026-09-21T10:33:25.018844Z
village:216286:row928:village_point_Shan_v96.zip_mmr_shn_pplp2_250k_unodc_mimu.shp,village:216286:row928:village_point_Shan_v96.zip_mmr_shn_pplp2_250k_unodc_mimu.shp,create_new,,,,,auto: no CoreMap candidate → create_new,2026-09-21T10:33:25.018844Z
village:216288:row929:village_point_Shan_v96.zip_mmr_shn_pplp2_250k_unodc_mimu.shp,village:216288:row929:village_point_Shan_v96.zip_mmr_shn_pplp2_250k_unodc_mimu.shp,create_new,,,,,auto: no CoreMap candidate → create_new,2026-09-21T10:33:25.018844Z
village:216289:row930:village_point_Shan_v96.zip_mmr_shn_pplp2_250k_unodc_mimu.shp,village:216289:row930:village_point_Shan_v96.zip_mmr_shn_pplp2_250k_unodc_mimu.shp,create_new,,,,,auto: no CoreMap candidate → create_new,2026-09-21T10:33:25.018844Z
village:216290:row931:village_point_Shan_v96.zip_mmr_shn_pplp2_250k_unodc_mimu.shp,village:216290:row931:village_point_Shan_v96.zip_mmr_shn_pplp2_250k_unodc_mimu.shp,create_new,,,,,auto: no CoreMap candidate → create_new,2026-09-21T10:33:25.018844Z
village:216292:row932:village_point_Shan_v96.zip_mmr_shn_pplp2_250k_unodc_mimu.shp,village:216292:row932:village_point_Shan_v96.zip_mmr_shn_pplp2_250k_unodc_mimu.shp,create_new,,,,,auto: no CoreMap candidate → create_new,2026-09-21T10:33:25.018844Z
village:216291:row933:village_point_Shan_v96.zip_mmr_shn_pplp2_250k_unodc_mimu.shp,village:216291:row933:village_point_Shan_v96.zip_mmr_shn_pplp2_250k_unodc_mimu.shp,create_new,,,,,auto: no CoreMap candidate → create_new,2026-09-21T10:33:25.018844Z
village:216293:row934:village_point_Shan_v96.zip_mmr_shn_pplp2_250k_unodc_mimu.shp,village:216293:row934:village_point_Shan_v96.zip_mmr_shn_pplp2_250k_unodc_mimu.shp,create_new,,,,,auto: no CoreMap candidate → create_new,2026-09-21T10:33:25.018844Z
village:216294:row935:village_point_Shan_v96.zip_mmr_shn_pplp2_250k_unodc_mimu.shp,village:216294:row935:village_point_Shan_v96.zip_mmr_shn_pplp2_250k_unodc_mimu.shp,create_new,,,,,auto: no CoreMap candidate → create_new,2026-09-21T10:33:25.018844Z
village:216295:row936:village_point_Shan_v96.zip_mmr_shn_pplp2_250k_unodc_mimu.shp,village:216295:row936:village_point_Shan_v96.zip_mmr_shn_pplp2_250k_unodc_mimu.shp,create_new,,,,,auto: no CoreMap candidate → create_new,2026-09-21T10:33:25.018844Z
village:216297:row937:village_point_Shan_v96.zip_mmr_shn_pplp2_250k_unodc_mimu.shp,village:216297:row937:village_point_Shan_v96.zip_mmr_shn_pplp2_250k_unodc_mimu.shp,create_new,,,,,auto: no CoreMap candidate → create_new,2026-09-21T10:33:25.018844Z
village:216298:row938:village_point_Shan_v96.zip_mmr_shn_pplp2_250k_unodc_mimu.shp,village:216298:row938:village_point_Shan_v96.zip_mmr_shn_pplp2_250k_unodc_mimu.shp,create_new,,,,,auto: no CoreMap candidate → create_new,2026-09-21T10:33:25.018844Z
village:216328:row2081:village_point_Shan_v96.zip_mmr_shn_pplp2_250k_unodc_mimu.shp,village:216328:row2081:village_point_Shan_v96.zip_mmr_shn_pplp2_250k_unodc_mimu.shp,create_new,,,,,auto: no CoreMap candidate → create_new,2026-09-21T10:33:25.018844Z
village:216330:row2082:village_point_Shan_v96.zip_mmr_shn_pplp2_250k_unodc_mimu.shp,village:216330:row2082:village_point_Shan_v96.zip_mmr_shn_pplp2_250k_unodc_mimu.shp,create_new,,,,,auto: no CoreMap candidate → create_new,2026-09-21T10:33:25.018844Z
village:216331:row2083:village_point_Shan_v96.zip_mmr_shn_pplp2_250k_unodc_mimu.shp,village:216331:row2083:village_point_Shan_v96.zip_mmr_shn_pplp2_250k_unodc_mimu.shp,create_new,,,,,auto: no CoreMap candidate → create_new,2026-09-21T10:33:25.018844Z
village:216332:row2084:village_point_Shan_v96.zip_mmr_shn_pplp2_250k_unodc_mimu.shp,village:216332:row2084:village_point_Shan_v96.zip_mmr_shn_pplp2_250k_unodc_mimu.shp,create_new,,,,,auto: no CoreMap candidate → create_new,2026-09-21T10:33:25.018844Z
village:216333:row2085:village_point_Shan_v96.zip_mmr_shn_pplp2_250k_unodc_mimu.shp,village:216333:row2085:village_point_Shan_v96.zip_mmr_shn_pplp2_250k_unodc_mimu.shp,create_new,,,,,auto: no CoreMap candidate → create_new,2026-09-21T10:33:25.018844Z
village:216334:row2086:village_point_Shan_v96.zip_mmr_shn_pplp2_250k_unodc_mimu.shp,village:216334:row2086:village_point_Shan_v96.zip_mmr_shn_pplp2_250k_unodc_mimu.shp,create_new,,,,,auto: no CoreMap candidate → create_new,2026-09-21T10:33:25.018844Z
village:216335:row2087:village_point_Shan_v96.zip_mmr_shn_pplp2_250k_unodc_mimu.shp,village:216335:row2087:village_point_Shan_v96.zip_mmr_shn_pplp2_250k_unodc_mimu.shp,create_new,,,,,auto: no CoreMap candidate → create_new,2026-09-21T10:33:25.018844Z
village:216336:row2088:village_point_Shan_v96.zip_mmr_shn_pplp2_250k_unodc_mimu.shp,village:216336:row2088:village_point_Shan_v96.zip_mmr_shn_pplp2_250k_unodc_mimu.shp,create_new,,,,,auto: no CoreMap candidate → create_new,2026-09-21T10:33:25.018844Z
village:216337:row2089:village_point_Shan_v96.zip_mmr_shn_pplp2_250k_unodc_mimu.shp,village:216337:row2089:village_point_Shan_v96.zip_mmr_shn_pplp2_250k_unodc_mimu.shp,create_new,,,,,auto: no CoreMap candidate → create_new,2026-09-21T10:33:25.018844Z
village:216338:row2090:village_point_Shan_v96.zip_mmr_shn_pplp2_250k_unodc_mimu.shp,village:216338:row2090:village_point_Shan_v96.zip_mmr_shn_pplp2_250k_unodc_mimu.shp,create_new,,,,,auto: no CoreMap candidate → create_new,2026-09-21T10:33:25.018844Z
village:216339:row2091:village_point_Shan_v96.zip_mmr_shn_pplp2_250k_unodc_mimu.shp,village:216339:row2091:village_point_Shan_v96.zip_mmr_shn_pplp2_250k_unodc_mimu.shp,create_new,,,,,auto: no CoreMap candidate → create_new,2026-09-21T10:33:25.018844Z
village:216340:row2092:village_point_Shan_v96.zip_mmr_shn_pplp2_250k_unodc_mimu.shp,village:216340:row2092:village_point_Shan_v96.zip_mmr_shn_pplp2_250k_unodc_mimu.shp,create_new,,,,,auto: no CoreMap candidate → create_new,2026-09-21T10:33:25.018844Z
village:216342:row2093:village_point_Shan_v96.zip_mmr_shn_pplp2_250k_unodc_mimu.shp,village:216342:row2093:village_point_Shan_v96.zip_mmr_shn_pplp2_250k_unodc_mimu.shp,create_new,,,,,auto: no CoreMap candidate → create_new,2026-09-21T10:33:25.018844Z
village:216341:row2094:village_point_Shan_v96.zip_mmr_shn_pplp2_250k_unodc_mimu.shp,village:216341:row2094:village_point_Shan_v96.zip_mmr_shn_pplp2_250k_unodc_mimu.shp,create_new,,,,,auto: no CoreMap candidate → create_new,2026-09-21T10:33:25.018844Z
village:216343:row2095:village_point_Shan_v96.zip_mmr_shn_pplp2_250k_unodc_mimu.shp,village:216343:row2095:village_point_Shan_v96.zip_mmr_shn_pplp2_250k_unodc_mimu.shp,create_new,,,,,auto: no CoreMap candidate → create_new,2026-09-21T10:33:25.018844Z
village:216344:row2096:village_point_Shan_v96.zip_mmr_shn_pplp2_250k_unodc_mimu.shp,village:216344:row2096:village_point_Shan_v96.zip_mmr_shn_pplp2_250k_unodc_mimu.shp,create_new,,,,,auto: no CoreMap candidate → create_new,2026-09-21T10:33:25.018844Z
village:216345:row2097:village_point_Shan_v96.zip_mmr_shn_pplp2_250k_unodc_mimu.shp,village:216345:row2097:village_point_Shan_v96.zip_mmr_shn_pplp2_250k_unodc_mimu.shp,create_new,,,,,auto: no CoreMap candidate → create_new,2026-09-21T10:33:25.018844Z
village:216346:row2098:village_point_Shan_v96.zip_mmr_shn_pplp2_250k_unodc_mimu.shp,village:216346:row2098:village_point_Shan_v96.zip_mmr_shn_pplp2_250k_unodc_mimu.shp,create_new,,,,,auto: no CoreMap candidate → create_new,2026-09-21T10:33:25.018844Z
village:216347:row2099:village_point_Shan_v96.zip_mmr_shn_pplp2_250k_unodc_mimu.shp,village:216347:row2099:village_point_Shan_v96.zip_mmr_shn_pplp2_250k_unodc_mimu.shp,create_new,,,,,auto: no CoreMap candidate → create_new,2026-09-21T10:33:25.018844Z
village:216348:row2100:village_point_Shan_v96.zip_mmr_shn_pplp2_250k_unodc_mimu.shp,village:216348:row2100:village_point_Shan_v96.zip_mmr_shn_pplp2_250k_unodc_mimu.shp,create_new,,,,,auto: no CoreMap candidate → create_new,2026-09-21T10:33:25.018844Z
village:216349:row2101:village_point_Shan_v96.zip_mmr_shn_pplp2_250k_unodc_mimu.shp,village:216349:row2101:village_point_Shan_v96.zip_mmr_shn_pplp2_250k_unodc_mimu.shp,create_new,,,,,auto: no CoreMap candidate → create_new,2026-09-21T10:33:25.018844Z
village:216350:row2102:village_point_Shan_v96.zip_mmr_shn_pplp2_250k_unodc_mimu.shp,village:216350:row2102:village_point_Shan_v96.zip_mmr_shn_pplp2_250k_unodc_mimu.shp,create_new,,,,,auto: no CoreMap candidate → create_new,2026-09-21T10:33:25.018844Z
village:216351:row2103:village_point_Shan_v96.zip_mmr_shn_pplp2_250k_unodc_mimu.shp,village:216351:row2103:village_point_Shan_v96.zip_mmr_shn_pplp2_250k_unodc_mimu.shp,create_new,,,,,auto: no CoreMap candidate → create_new,2026-09-21T10:33:25.018844Z
village:216352:row2104:village_point_Shan_v96.zip_mmr_shn_pplp2_250k_unodc_mimu.shp,village:216352:row2104:village_point_Shan_v96.zip_mmr_shn_pplp2_250k_unodc_mimu.shp,create_new,,,,,auto: no CoreMap candidate → create_new,2026-09-21T10:33:25.018844Z
village:216366:row2105:village_point_Shan_v96.zip_mmr_shn_pplp2_250k_unodc_mimu.shp,village:216366:row2105:village_point_Shan_v96.zip_mmr_shn_pplp2_250k_unodc_mimu.shp,create_new,,,,,auto: no CoreMap candidate → create_new,2026-09-21T10:33:25.018844Z
village:216365:row2106:village_point_Shan_v96.zip_mmr_shn_pplp2_250k_unodc_mimu.shp,village:216365:row2106:village_point_Shan_v96.zip_mmr_shn_pplp2_250k_unodc_mimu.shp,create_new,,,,,auto: no CoreMap candidate → create_new,2026-09-21T10:33:25.018844Z
village:216367:row2107:village_point_Shan_v96.zip_mmr_shn_pplp2_250k_unodc_mimu.shp,village:216367:row2107:village_point_Shan_v96.zip_mmr_shn_pplp2_250k_unodc_mimu.shp,create_new,,,,,auto: no CoreMap candidate → create_new,2026-09-21T10:33:25.018844Z
village:216368:row2108:village_point_Shan_v96.zip_mmr_shn_pplp2_250k_unodc_mimu.shp,village:216368:row2108:village_point_Shan_v96.zip_mmr_shn_pplp2_250k_unodc_mimu.shp,create_new,,,,,auto: no CoreMap candidate → create_new,2026-09-21T10:33:25.018844Z
village:216369:row2109:village_point_Shan_v96.zip_mmr_shn_pplp2_250k_unodc_mimu.shp,village:216369:row2109:village_point_Shan_v96.zip_mmr_shn_pplp2_250k_unodc_mimu.shp,create_new,,,,,auto: no CoreMap candidate → create_new,2026-09-21T10:33:25.018844Z
village:216370:row2110:village_point_Shan_v96.zip_mmr_shn_pplp2_250k_unodc_mimu.shp,village:216370:row2110:village_point_Shan_v96.zip_mmr_shn_pplp2_250k_unodc_mimu.shp,create_new,,,,,auto: no CoreMap candidate → create_new,2026-09-21T10:33:25.018844Z
village:216372:row2111:village_point_Shan_v96.zip_mmr_shn_pplp2_250k_unodc_mimu.shp,village:216372:row2111:village_point_Shan_v96.zip_mmr_shn_pplp2_250k_unodc_mimu.shp,create_new,,,,,auto: no CoreMap candidate → create_new,2026-09-21T10:33:25.018844Z
village:216373:row2112:village_point_Shan_v96.zip_mmr_shn_pplp2_250k_unodc_mimu.shp,village:216373:row2112:village_point_Shan_v96.zip_mmr_shn_pplp2_250k_unodc_mimu.shp,create_new,,,,,auto: no CoreMap candidate → create_new,2026-09-21T10:33:25.018844Z
village:216374:row2113:village_point_Shan_v96.zip_mmr_shn_pplp2_250k_unodc_mimu.shp,village:216374:row2113:village_point_Shan_v96.zip_mmr_shn_pplp2_250k_unodc_mimu.shp,create_new,,,,,auto: no CoreMap candidate → create_new,2026-09-21T10:33:25.018844Z
village:216376:row2114:village_point_Shan_v96.zip_mmr_shn_pplp2_250k_unodc_mimu.shp,village:216376:row2114:village_point_Shan_v96.zip_mmr_shn_pplp2_250k_unodc_mimu.shp,create_new,,,,,auto: no CoreMap candidate → create_new,2026-09-21T10:33:25.018844Z
village:216378:row2115:village_point_Shan_v96.zip_mmr_shn_pplp2_250k_unodc_mimu.shp,village:216378:row2115:village_point_Shan_v96.zip_mmr_shn_pplp2_250k_unodc_mimu.shp,create_new,,,,,auto: no CoreMap candidate → create_new,2026-09-21T10:33:25.018844Z
village:216379:row2116:village_point_Shan_v96.zip_mmr_shn_pplp2_250k_unodc_mimu.shp,village:216379:row2116:village_point_Shan_v96.zip_mmr_shn_pplp2_250k_unodc_mimu.shp,create_new,,,,,auto: no CoreMap candidate → create_new,2026-09-21T10:33:25.018844Z
village:216354:row2117:village_point_Shan_v96.zip_mmr_shn_pplp2_250k_unodc_mimu.shp,village:216354:row2117:village_point_Shan_v96.zip_mmr_shn_pplp2_250k_unodc_mimu.shp,create_new,,,,,auto: no CoreMap candidate → create_new,2026-09-21T10:33:25.018844Z
village:216356:row2118:village_point_Shan_v96.zip_mmr_shn_pplp2_250k_unodc_mimu.shp,village:216356:row2118:village_point_Shan_v96.zip_mmr_shn_pplp2_250k_unodc_mimu.shp,create_new,,,,,auto: no CoreMap candidate → create_new,2026-09-21T10:33:25.018844Z
village:216358:row2119:village_point_Shan_v96.zip_mmr_shn_pplp2_250k_unodc_mimu.shp,village:216358:row2119:village_point_Shan_v96.zip_mmr_shn_pplp2_250k_unodc_mimu.shp,create_new,,,,,auto: no CoreMap candidate → create_new,2026-09-21T10:33:25.018844Z
village:216359:row2120:village_point_Shan_v96.zip_mmr_shn_pplp2_250k_unodc_mimu.shp,village:216359:row2120:village_point_Shan_v96.zip_mmr_shn_pplp2_250k_unodc_mimu.shp,create_new,,,,,auto: no CoreMap candidate → create_new,2026-09-21T10:33:25.018844Z
village:216360:row2121:village_point_Shan_v96.zip_mmr_shn_pplp2_250k_unodc_mimu.shp,village:216360:row2121:village_point_Shan_v96.zip_mmr_shn_pplp2_250k_unodc_mimu.shp,create_new,,,,,auto: no CoreMap candidate → create_new,2026-09-21T10:33:25.018844Z
village:216377:row2122:village_point_Shan_v96.zip_mmr_shn_pplp2_250k_unodc_mimu.shp,village:216377:row2122:village_point_Shan_v96.zip_mmr_shn_pplp2_250k_unodc_mimu.shp,create_new,,,,,auto: no CoreMap candidate → create_new,2026-09-21T10:33:25.018844Z
village:216361:row2123:village_point_Shan_v96.zip_mmr_shn_pplp2_250k_unodc_mimu.shp,village:216361:row2123:village_point_Shan_v96.zip_mmr_shn_pplp2_250k_unodc_mimu.shp,create_new,,,,,auto: no CoreMap candidate → create_new,2026-09-21T10:33:25.018844Z
village:216362:row2124:village_point_Shan_v96.zip_mmr_shn_pplp2_250k_unodc_mimu.shp,village:216362:row2124:village_point_Shan_v96.zip_mmr_shn_pplp2_250k_unodc_mimu.shp,create_new,,,,,auto: no CoreMap candidate → create_new,2026-09-21T10:33:25.018844Z
village:216363:row2125:village_point_Shan_v96.zip_mmr_shn_pplp2_250k_unodc_mimu.shp,village:216363:row2125:village_point_Shan_v96.zip_mmr_shn_pplp2_250k_unodc_mimu.shp,create_new,,,,,auto: no CoreMap candidate → create_new,2026-09-21T10:33:25.018844Z
village:216364:row2126:village_point_Shan_v96.zip_mmr_shn_pplp2_250k_unodc_mimu.shp,village:216364:row2126:village_point_Shan_v96.zip_mmr_shn_pplp2_250k_unodc_mimu.shp,create_new,,,,,auto: no CoreMap candidate → create_new,2026-09-21T10:33:25.018844Z
village:215463:row2301:village_point_Shan_v96.zip_mmr_shn_pplp2_250k_unodc_mimu.shp,village:215463:row2301:village_point_Shan_v96.zip_mmr_shn_pplp2_250k_unodc_mimu.shp,create_new,,,,,auto: no CoreMap candidate → create_new,2026-09-21T10:33:25.018844Z
village:215464:row2302:village_point_Shan_v96.zip_mmr_shn_pplp2_250k_unodc_mimu.shp,village:215464:row2302:village_point_Shan_v96.zip_mmr_shn_pplp2_250k_unodc_mimu.shp,create_new,,,,,auto: no CoreMap candidate → create_new,2026-09-21T10:33:25.018844Z
village:215465:row2303:village_point_Shan_v96.zip_mmr_shn_pplp2_250k_unodc_mimu.shp,village:215465:row2303:village_point_Shan_v96.zip_mmr_shn_pplp2_250k_unodc_mimu.shp,create_new,,,,,auto: no CoreMap candidate → create_new,2026-09-21T10:33:25.018844Z
village:215466:row2304:village_point_Shan_v96.zip_mmr_shn_pplp2_250k_unodc_mimu.shp,village:215466:row2304:village_point_Shan_v96.zip_mmr_shn_pplp2_250k_unodc_mimu.shp,create_new,,,,,auto: no CoreMap candidate → create_new,2026-09-21T10:33:25.018844Z
village:215509:row2305:village_point_Shan_v96.zip_mmr_shn_pplp2_250k_unodc_mimu.shp,village:215509:row2305:village_point_Shan_v96.zip_mmr_shn_pplp2_250k_unodc_mimu.shp,create_new,,,,,auto: no CoreMap candidate → create_new,2026-09-21T10:33:25.018844Z
village:215510:row2306:village_point_Shan_v96.zip_mmr_shn_pplp2_250k_unodc_mimu.shp,village:215510:row2306:village_point_Shan_v96.zip_mmr_shn_pplp2_250k_unodc_mimu.shp,create_new,,,,,auto: no CoreMap candidate → create_new,2026-09-21T10:33:25.018844Z
village:215470:row2307:village_point_Shan_v96.zip_mmr_shn_pplp2_250k_unodc_mimu.shp,village:215470:row2307:village_point_Shan_v96.zip_mmr_shn_pplp2_250k_unodc_mimu.shp,create_new,,,,,auto: no CoreMap candidate → create_new,2026-09-21T10:33:25.018844Z
village:215471:row2308:village_point_Shan_v96.zip_mmr_shn_pplp2_250k_unodc_mimu.shp,village:215471:row2308:village_point_Shan_v96.zip_mmr_shn_pplp2_250k_unodc_mimu.shp,create_new,,,,,auto: no CoreMap candidate → create_new,2026-09-21T10:33:25.018844Z
village:215481:row2309:village_point_Shan_v96.zip_mmr_shn_pplp2_250k_unodc_mimu.shp,village:215481:row2309:village_point_Shan_v96.zip_mmr_shn_pplp2_250k_unodc_mimu.shp,create_new,,,,,auto: no CoreMap candidate → create_new,2026-09-21T10:33:25.018844Z
village:215483:row2310:village_point_Shan_v96.zip_mmr_shn_pplp2_250k_unodc_mimu.shp,village:215483:row2310:village_point_Shan_v96.zip_mmr_shn_pplp2_250k_unodc_mimu.shp,create_new,,,,,auto: no CoreMap candidate → create_new,2026-09-21T10:33:25.018844Z
village:215485:row2311:village_point_Shan_v96.zip_mmr_shn_pplp2_250k_unodc_mimu.shp,village:215485:row2311:village_point_Shan_v96.zip_mmr_shn_pplp2_250k_unodc_mimu.shp,create_new,,,,,auto: no CoreMap candidate → create_new,2026-09-21T10:33:25.018844Z
village:215490:row2312:village_point_Shan_v96.zip_mmr_shn_pplp2_250k_unodc_mimu.shp,village:215490:row2312:village_point_Shan_v96.zip_mmr_shn_pplp2_250k_unodc_mimu.shp,create_new,,,,,auto: no CoreMap candidate → create_new,2026-09-21T10:33:25.018844Z
village:215487:row2313:village_point_Shan_v96.zip_mmr_shn_pplp2_250k_unodc_mimu.shp,village:215487:row2313:village_point_Shan_v96.zip_mmr_shn_pplp2_250k_unodc_mimu.shp,create_new,,,,,auto: no CoreMap candidate → create_new,2026-09-21T10:33:25.018844Z
village:215488:row2314:village_point_Shan_v96.zip_mmr_shn_pplp2_250k_unodc_mimu.shp,village:215488:row2314:village_point_Shan_v96.zip_mmr_shn_pplp2_250k_unodc_mimu.shp,create_new,,,,,auto: no CoreMap candidate → create_new,2026-09-21T10:33:25.018844Z
village:215489:row2315:village_point_Shan_v96.zip_mmr_shn_pplp2_250k_unodc_mimu.shp,village:215489:row2315:village_point_Shan_v96.zip_mmr_shn_pplp2_250k_unodc_mimu.shp,create_new,,,,,auto: no CoreMap candidate → create_new,2026-09-21T10:33:25.018844Z
village:215494:row2316:village_point_Shan_v96.zip_mmr_shn_pplp2_250k_unodc_mimu.shp,village:215494:row2316:village_point_Shan_v96.zip_mmr_shn_pplp2_250k_unodc_mimu.shp,create_new,,,,,auto: no CoreMap candidate → create_new,2026-09-21T10:33:25.018844Z
village:215497:row2317:village_point_Shan_v96.zip_mmr_shn_pplp2_250k_unodc_mimu.shp,village:215497:row2317:village_point_Shan_v96.zip_mmr_shn_pplp2_250k_unodc_mimu.shp,create_new,,,,,auto: no CoreMap candidate → create_new,2026-09-21T10:33:25.018844Z
village:215498:row2319:village_point_Shan_v96.zip_mmr_shn_pplp2_250k_unodc_mimu.shp,village:215498:row2319:village_point_Shan_v96.zip_mmr_shn_pplp2_250k_unodc_mimu.shp,create_new,,,,,auto: no CoreMap candidate → create_new,2026-09-21T10:33:25.018844Z
village:215499:row2320:village_point_Shan_v96.zip_mmr_shn_pplp2_250k_unodc_mimu.shp,village:215499:row2320:village_point_Shan_v96.zip_mmr_shn_pplp2_250k_unodc_mimu.shp,create_new,,,,,auto: no CoreMap candidate → create_new,2026-09-21T10:33:25.018844Z
village:215500:row2321:village_point_Shan_v96.zip_mmr_shn_pplp2_250k_unodc_mimu.shp,village:215500:row2321:village_point_Shan_v96.zip_mmr_shn_pplp2_250k_unodc_mimu.shp,create_new,,,,,auto: no CoreMap candidate → create_new,2026-09-21T10:33:25.018844Z
village:215501:row2322:village_point_Shan_v96.zip_mmr_shn_pplp2_250k_unodc_mimu.shp,village:215501:row2322:village_point_Shan_v96.zip_mmr_shn_pplp2_250k_unodc_mimu.shp,create_new,,,,,auto: no CoreMap candidate → create_new,2026-09-21T10:33:25.018844Z
village:215503:row2323:village_point_Shan_v96.zip_mmr_shn_pplp2_250k_unodc_mimu.shp,village:215503:row2323:village_point_Shan_v96.zip_mmr_shn_pplp2_250k_unodc_mimu.shp,create_new,,,,,auto: no CoreMap candidate → create_new,2026-09-21T10:33:25.018844Z
village:215505:row2324:village_point_Shan_v96.zip_mmr_shn_pplp2_250k_unodc_mimu.shp,village:215505:row2324:village_point_Shan_v96.zip_mmr_shn_pplp2_250k_unodc_mimu.shp,create_new,,,,,auto: no CoreMap candidate → create_new,2026-09-21T10:33:25.018844Z
village:215507:row2325:village_point_Shan_v96.zip_mmr_shn_pplp2_250k_unodc_mimu.shp,village:215507:row2325:village_point_Shan_v96.zip_mmr_shn_pplp2_250k_unodc_mimu.shp,create_new,,,,,auto: no CoreMap candidate → create_new,2026-09-21T10:33:25.018844Z
village:215517:row2326:village_point_Shan_v96.zip_mmr_shn_pplp2_250k_unodc_mimu.shp,village:215517:row2326:village_point_Shan_v96.zip_mmr_shn_pplp2_250k_unodc_mimu.shp,create_new,,,,,auto: no CoreMap candidate → create_new,2026-09-21T10:33:25.018844Z
village:215518:row2327:village_point_Shan_v96.zip_mmr_shn_pplp2_250k_unodc_mimu.shp,village:215518:row2327:village_point_Shan_v96.zip_mmr_shn_pplp2_250k_unodc_mimu.shp,create_new,,,,,auto: no CoreMap candidate → create_new,2026-09-21T10:33:25.018844Z
village:215519:row2328:village_point_Shan_v96.zip_mmr_shn_pplp2_250k_unodc_mimu.shp,village:215519:row2328:village_point_Shan_v96.zip_mmr_shn_pplp2_250k_unodc_mimu.shp,create_new,,,,,auto: no CoreMap candidate → create_new,2026-09-21T10:33:25.018844Z
village:215520:row2329:village_point_Shan_v96.zip_mmr_shn_pplp2_250k_unodc_mimu.shp,village:215520:row2329:village_point_Shan_v96.zip_mmr_shn_pplp2_250k_unodc_mimu.shp,create_new,,,,,auto: no CoreMap candidate → create_new,2026-09-21T10:33:25.018844Z
village:215521:row2330:village_point_Shan_v96.zip_mmr_shn_pplp2_250k_unodc_mimu.shp,village:215521:row2330:village_point_Shan_v96.zip_mmr_shn_pplp2_250k_unodc_mimu.shp,create_new,,,,,auto: no CoreMap candidate → create_new,2026-09-21T10:33:25.018844Z
village:215522:row2331:village_point_Shan_v96.zip_mmr_shn_pplp2_250k_unodc_mimu.shp,village:215522:row2331:village_point_Shan_v96.zip_mmr_shn_pplp2_250k_unodc_mimu.shp,create_new,,,,,auto: no CoreMap candidate → create_new,2026-09-21T10:33:25.018844Z
village:215523:row2332:village_point_Shan_v96.zip_mmr_shn_pplp2_250k_unodc_mimu.shp,village:215523:row2332:village_point_Shan_v96.zip_mmr_shn_pplp2_250k_unodc_mimu.shp,create_new,,,,,auto: no CoreMap candidate → create_new,2026-09-21T10:33:25.018844Z
village:215524:row2333:village_point_Shan_v96.zip_mmr_shn_pplp2_250k_unodc_mimu.shp,village:215524:row2333:village_point_Shan_v96.zip_mmr_shn_pplp2_250k_unodc_mimu.shp,create_new,,,,,auto: no CoreMap candidate → create_new,2026-09-21T10:33:25.018844Z
village:215526:row2334:village_point_Shan_v96.zip_mmr_shn_pplp2_250k_unodc_mimu.shp,village:215526:row2334:village_point_Shan_v96.zip_mmr_shn_pplp2_250k_unodc_mimu.shp,create_new,,,,,auto: no CoreMap candidate → create_new,2026-09-21T10:33:25.018844Z
village:215528:row2335:village_point_Shan_v96.zip_mmr_shn_pplp2_250k_unodc_mimu.shp,village:215528:row2335:village_point_Shan_v96.zip_mmr_shn_pplp2_250k_unodc_mimu.shp,create_new,,,,,auto: no CoreMap candidate → create_new,2026-09-21T10:33:25.018844Z
village:215529:row2336:village_point_Shan_v96.zip_mmr_shn_pplp2_250k_unodc_mimu.shp,village:215529:row2336:village_point_Shan_v96.zip_mmr_shn_pplp2_250k_unodc_mimu.shp,create_new,,,,,auto: no CoreMap candidate → create_new,2026-09-21T10:33:25.018844Z
village:215530:row2337:village_point_Shan_v96.zip_mmr_shn_pplp2_250k_unodc_mimu.shp,village:215530:row2337:village_point_Shan_v96.zip_mmr_shn_pplp2_250k_unodc_mimu.shp,create_new,,,,,auto: no CoreMap candidate → create_new,2026-09-21T10:33:25.018844Z
village:215531:row2338:village_point_Shan_v96.zip_mmr_shn_pplp2_250k_unodc_mimu.shp,village:215531:row2338:village_point_Shan_v96.zip_mmr_shn_pplp2_250k_unodc_mimu.shp,create_new,,,,,auto: no CoreMap candidate → create_new,2026-09-21T10:33:25.018844Z
village:215544:row2339:village_point_Shan_v96.zip_mmr_shn_pplp2_250k_unodc_mimu.shp,village:215544:row2339:village_point_Shan_v96.zip_mmr_shn_pplp2_250k_unodc_mimu.shp,create_new,,,,,auto: no CoreMap candidate → create_new,2026-09-21T10:33:25.018844Z
village:215545:row2340:village_point_Shan_v96.zip_mmr_shn_pplp2_250k_unodc_mimu.shp,village:215545:row2340:village_point_Shan_v96.zip_mmr_shn_pplp2_250k_unodc_mimu.shp,create_new,,,,,auto: no CoreMap candidate → create_new,2026-09-21T10:33:25.018844Z
village:215923:row2361:village_point_Shan_v96.zip_mmr_shn_pplp2_250k_unodc_mimu.shp,village:215923:row2361:village_point_Shan_v96.zip_mmr_shn_pplp2_250k_unodc_mimu.shp,create_new,,,,,auto: no CoreMap candidate → create_new,2026-09-21T10:33:25.018844Z
village:215926:row2362:village_point_Shan_v96.zip_mmr_shn_pplp2_250k_unodc_mimu.shp,village:215926:row2362:village_point_Shan_v96.zip_mmr_shn_pplp2_250k_unodc_mimu.shp,create_new,,,,,auto: no CoreMap candidate → create_new,2026-09-21T10:33:25.018844Z
village:215928:row2363:village_point_Shan_v96.zip_mmr_shn_pplp2_250k_unodc_mimu.shp,village:215928:row2363:village_point_Shan_v96.zip_mmr_shn_pplp2_250k_unodc_mimu.shp,create_new,,,,,auto: no CoreMap candidate → create_new,2026-09-21T10:33:25.018844Z
village:215933:row2364:village_point_Shan_v96.zip_mmr_shn_pplp2_250k_unodc_mimu.shp,village:215933:row2364:village_point_Shan_v96.zip_mmr_shn_pplp2_250k_unodc_mimu.shp,create_new,,,,,auto: no CoreMap candidate → create_new,2026-09-21T10:33:25.018844Z
village:215940:row2365:village_point_Shan_v96.zip_mmr_shn_pplp2_250k_unodc_mimu.shp,village:215940:row2365:village_point_Shan_v96.zip_mmr_shn_pplp2_250k_unodc_mimu.shp,create_new,,,,,auto: no CoreMap candidate → create_new,2026-09-21T10:33:25.018844Z
village:215941:row2366:village_point_Shan_v96.zip_mmr_shn_pplp2_250k_unodc_mimu.shp,village:215941:row2366:village_point_Shan_v96.zip_mmr_shn_pplp2_250k_unodc_mimu.shp,create_new,,,,,auto: no CoreMap candidate → create_new,2026-09-21T10:33:25.018844Z
village:215944:row2367:village_point_Shan_v96.zip_mmr_shn_pplp2_250k_unodc_mimu.shp,village:215944:row2367:village_point_Shan_v96.zip_mmr_shn_pplp2_250k_unodc_mimu.shp,create_new,,,,,auto: no CoreMap candidate → create_new,2026-09-21T10:33:25.018844Z
village:215945:row2368:village_point_Shan_v96.zip_mmr_shn_pplp2_250k_unodc_mimu.shp,village:215945:row2368:village_point_Shan_v96.zip_mmr_shn_pplp2_250k_unodc_mimu.shp,create_new,,,,,auto: no CoreMap candidate → create_new,2026-09-21T10:33:25.018844Z
village:215951:row2369:village_point_Shan_v96.zip_mmr_shn_pplp2_250k_unodc_mimu.shp,village:215951:row2369:village_point_Shan_v96.zip_mmr_shn_pplp2_250k_unodc_mimu.shp,create_new,,,,,auto: no CoreMap candidate → create_new,2026-09-21T10:33:25.018844Z
village:215957:row2370:village_point_Shan_v96.zip_mmr_shn_pplp2_250k_unodc_mimu.shp,village:215957:row2370:village_point_Shan_v96.zip_mmr_shn_pplp2_250k_unodc_mimu.shp,create_new,,,,,auto: no CoreMap candidate → create_new,2026-09-21T10:33:25.018844Z
village:215958:row2371:village_point_Shan_v96.zip_mmr_shn_pplp2_250k_unodc_mimu.shp,village:215958:row2371:village_point_Shan_v96.zip_mmr_shn_pplp2_250k_unodc_mimu.shp,create_new,,,,,auto: no CoreMap candidate → create_new,2026-09-21T10:33:25.018844Z
village:215959:row2372:village_point_Shan_v96.zip_mmr_shn_pplp2_250k_unodc_mimu.shp,village:215959:row2372:village_point_Shan_v96.zip_mmr_shn_pplp2_250k_unodc_mimu.shp,create_new,,,,,auto: no CoreMap candidate → create_new,2026-09-21T10:33:25.018844Z
village:215961:row2373:village_point_Shan_v96.zip_mmr_shn_pplp2_250k_unodc_mimu.shp,village:215961:row2373:village_point_Shan_v96.zip_mmr_shn_pplp2_250k_unodc_mimu.shp,create_new,,,,,auto: no CoreMap candidate → create_new,2026-09-21T10:33:25.018844Z
village:215962:row2374:village_point_Shan_v96.zip_mmr_shn_pplp2_250k_unodc_mimu.shp,village:215962:row2374:village_point_Shan_v96.zip_mmr_shn_pplp2_250k_unodc_mimu.shp,create_new,,,,,auto: no CoreMap candidate → create_new,2026-09-21T10:33:25.018844Z
village:215963:row2375:village_point_Shan_v96.zip_mmr_shn_pplp2_250k_unodc_mimu.shp,village:215963:row2375:village_point_Shan_v96.zip_mmr_shn_pplp2_250k_unodc_mimu.shp,create_new,,,,,auto: no CoreMap candidate → create_new,2026-09-21T10:33:25.018844Z
village:215964:row2376:village_point_Shan_v96.zip_mmr_shn_pplp2_250k_unodc_mimu.shp,village:215964:row2376:village_point_Shan_v96.zip_mmr_shn_pplp2_250k_unodc_mimu.shp,create_new,,,,,auto: no CoreMap candidate → create_new,2026-09-21T10:33:25.018844Z
village:215965:row2377:village_point_Shan_v96.zip_mmr_shn_pplp2_250k_unodc_mimu.shp,village:215965:row2377:village_point_Shan_v96.zip_mmr_shn_pplp2_250k_unodc_mimu.shp,create_new,,,,,auto: no CoreMap candidate → create_new,2026-09-21T10:33:25.018844Z
village:215971:row2378:village_point_Shan_v96.zip_mmr_shn_pplp2_250k_unodc_mimu.shp,village:215971:row2378:village_point_Shan_v96.zip_mmr_shn_pplp2_250k_unodc_mimu.shp,create_new,,,,,auto: no CoreMap candidate → create_new,2026-09-21T10:33:25.018844Z
village:215976:row2379:village_point_Shan_v96.zip_mmr_shn_pplp2_250k_unodc_mimu.shp,village:215976:row2379:village_point_Shan_v96.zip_mmr_shn_pplp2_250k_unodc_mimu.shp,create_new,,,,,auto: no CoreMap candidate → create_new,2026-09-21T10:33:25.018844Z
village:215979:row2380:village_point_Shan_v96.zip_mmr_shn_pplp2_250k_unodc_mimu.shp,village:215979:row2380:village_point_Shan_v96.zip_mmr_shn_pplp2_250k_unodc_mimu.shp,create_new,,,,,auto: no CoreMap candidate → create_new,2026-09-21T10:33:25.018844Z
village:215982:row2381:village_point_Shan_v96.zip_mmr_shn_pplp2_250k_unodc_mimu.shp,village:215982:row2381:village_point_Shan_v96.zip_mmr_shn_pplp2_250k_unodc_mimu.shp,create_new,,,,,auto: no CoreMap candidate → create_new,2026-09-21T10:33:25.018844Z
village:215985:row2382:village_point_Shan_v96.zip_mmr_shn_pplp2_250k_unodc_mimu.shp,village:215985:row2382:village_point_Shan_v96.zip_mmr_shn_pplp2_250k_unodc_mimu.shp,create_new,,,,,auto: no CoreMap candidate → create_new,2026-09-21T10:33:25.018844Z
village:215986:row2383:village_point_Shan_v96.zip_mmr_shn_pplp2_250k_unodc_mimu.shp,village:215986:row2383:village_point_Shan_v96.zip_mmr_shn_pplp2_250k_unodc_mimu.shp,create_new,,,,,auto: no CoreMap candidate → create_new,2026-09-21T10:33:25.018844Z
village:215987:row2384:village_point_Shan_v96.zip_mmr_shn_pplp2_250k_unodc_mimu.shp,village:215987:row2384:village_point_Shan_v96.zip_mmr_shn_pplp2_250k_unodc_mimu.shp,create_new,,,,,auto: no CoreMap candidate → create_new,2026-09-21T10:33:25.018844Z
village:215988:row2385:village_point_Shan_v96.zip_mmr_shn_pplp2_250k_unodc_mimu.shp,village:215988:row2385:village_point_Shan_v96.zip_mmr_shn_pplp2_250k_unodc_mimu.shp,create_new,,,,,auto: no CoreMap candidate → create_new,2026-09-21T10:33:25.018844Z
village:215989:row2386:village_point_Shan_v96.zip_mmr_shn_pplp2_250k_unodc_mimu.shp,village:215989:row2386:village_point_Shan_v96.zip_mmr_shn_pplp2_250k_unodc_mimu.shp,create_new,,,,,auto: no CoreMap candidate → create_new,2026-09-21T10:33:25.018844Z
village:215553:row2851:village_point_Shan_v96.zip_mmr_shn_pplp2_250k_unodc_mimu.shp,village:215553:row2851:village_point_Shan_v96.zip_mmr_shn_pplp2_250k_unodc_mimu.shp,create_new,,,,,auto: no CoreMap candidate → create_new,2026-09-21T10:33:25.018844Z
village:215555:row2852:village_point_Shan_v96.zip_mmr_shn_pplp2_250k_unodc_mimu.shp,village:215555:row2852:village_point_Shan_v96.zip_mmr_shn_pplp2_250k_unodc_mimu.shp,create_new,,,,,auto: no CoreMap candidate → create_new,2026-09-21T10:33:25.018844Z
village:215557:row2853:village_point_Shan_v96.zip_mmr_shn_pplp2_250k_unodc_mimu.shp,village:215557:row2853:village_point_Shan_v96.zip_mmr_shn_pplp2_250k_unodc_mimu.shp,create_new,,,,,auto: no CoreMap candidate → create_new,2026-09-21T10:33:25.018844Z
village:215558:row2854:village_point_Shan_v96.zip_mmr_shn_pplp2_250k_unodc_mimu.shp,village:215558:row2854:village_point_Shan_v96.zip_mmr_shn_pplp2_250k_unodc_mimu.shp,create_new,,,,,auto: no CoreMap candidate → create_new,2026-09-21T10:33:25.018844Z
village:215560:row2855:village_point_Shan_v96.zip_mmr_shn_pplp2_250k_unodc_mimu.shp,village:215560:row2855:village_point_Shan_v96.zip_mmr_shn_pplp2_250k_unodc_mimu.shp,create_new,,,,,auto: no CoreMap candidate → create_new,2026-09-21T10:33:25.018844Z
village:215561:row2856:village_point_Shan_v96.zip_mmr_shn_pplp2_250k_unodc_mimu.shp,village:215561:row2856:village_point_Shan_v96.zip_mmr_shn_pplp2_250k_unodc_mimu.shp,create_new,,,,,auto: no CoreMap candidate → create_new,2026-09-21T10:33:25.018844Z
village:215562:row2857:village_point_Shan_v96.zip_mmr_shn_pplp2_250k_unodc_mimu.shp,village:215562:row2857:village_point_Shan_v96.zip_mmr_shn_pplp2_250k_unodc_mimu.shp,create_new,,,,,auto: no CoreMap candidate → create_new,2026-09-21T10:33:25.018844Z
village:215563:row2858:village_point_Shan_v96.zip_mmr_shn_pplp2_250k_unodc_mimu.shp,village:215563:row2858:village_point_Shan_v96.zip_mmr_shn_pplp2_250k_unodc_mimu.shp,create_new,,,,,auto: no CoreMap candidate → create_new,2026-09-21T10:33:25.018844Z
village:215564:row2859:village_point_Shan_v96.zip_mmr_shn_pplp2_250k_unodc_mimu.shp,village:215564:row2859:village_point_Shan_v96.zip_mmr_shn_pplp2_250k_unodc_mimu.shp,create_new,,,,,auto: no CoreMap candidate → create_new,2026-09-21T10:33:25.018844Z
village:215565:row2860:village_point_Shan_v96.zip_mmr_shn_pplp2_250k_unodc_mimu.shp,village:215565:row2860:village_point_Shan_v96.zip_mmr_shn_pplp2_250k_unodc_mimu.shp,create_new,,,,,auto: no CoreMap candidate → create_new,2026-09-21T10:33:25.018844Z
village:215566:row2861:village_point_Shan_v96.zip_mmr_shn_pplp2_250k_unodc_mimu.shp,village:215566:row2861:village_point_Shan_v96.zip_mmr_shn_pplp2_250k_unodc_mimu.shp,create_new,,,,,auto: no CoreMap candidate → create_new,2026-09-21T10:33:25.018844Z
village:215567:row2862:village_point_Shan_v96.zip_mmr_shn_pplp2_250k_unodc_mimu.shp,village:215567:row2862:village_point_Shan_v96.zip_mmr_shn_pplp2_250k_unodc_mimu.shp,create_new,,,,,auto: no CoreMap candidate → create_new,2026-09-21T10:33:25.018844Z
village:215568:row2863:village_point_Shan_v96.zip_mmr_shn_pplp2_250k_unodc_mimu.shp,village:215568:row2863:village_point_Shan_v96.zip_mmr_shn_pplp2_250k_unodc_mimu.shp,create_new,,,,,auto: no CoreMap candidate → create_new,2026-09-21T10:33:25.018844Z
village:215569:row2864:village_point_Shan_v96.zip_mmr_shn_pplp2_250k_unodc_mimu.shp,village:215569:row2864:village_point_Shan_v96.zip_mmr_shn_pplp2_250k_unodc_mimu.shp,create_new,,,,,auto: no CoreMap candidate → create_new,2026-09-21T10:33:25.018844Z
village:215570:row2865:village_point_Shan_v96.zip_mmr_shn_pplp2_250k_unodc_mimu.shp,village:215570:row2865:village_point_Shan_v96.zip_mmr_shn_pplp2_250k_unodc_mimu.shp,create_new,,,,,auto: no CoreMap candidate → create_new,2026-09-21T10:33:25.018844Z
village:215571:row2866:village_point_Shan_v96.zip_mmr_shn_pplp2_250k_unodc_mimu.shp,village:215571:row2866:village_point_Shan_v96.zip_mmr_shn_pplp2_250k_unodc_mimu.shp,create_new,,,,,auto: no CoreMap candidate → create_new,2026-09-21T10:33:25.018844Z
village:215572:row2867:village_point_Shan_v96.zip_mmr_shn_pplp2_250k_unodc_mimu.shp,village:215572:row2867:village_point_Shan_v96.zip_mmr_shn_pplp2_250k_unodc_mimu.shp,create_new,,,,,auto: no CoreMap candidate → create_new,2026-09-21T10:33:25.018844Z
village:215574:row2868:village_point_Shan_v96.zip_mmr_shn_pplp2_250k_unodc_mimu.shp,village:215574:row2868:village_point_Shan_v96.zip_mmr_shn_pplp2_250k_unodc_mimu.shp,create_new,,,,,auto: no CoreMap candidate → create_new,2026-09-21T10:33:25.018844Z
village:215583:row2869:village_point_Shan_v96.zip_mmr_shn_pplp2_250k_unodc_mimu.shp,village:215583:row2869:village_point_Shan_v96.zip_mmr_shn_pplp2_250k_unodc_mimu.shp,create_new,,,,,auto: no CoreMap candidate → create_new,2026-09-21T10:33:25.018844Z
village:215588:row2870:village_point_Shan_v96.zip_mmr_shn_pplp2_250k_unodc_mimu.shp,village:215588:row2870:village_point_Shan_v96.zip_mmr_shn_pplp2_250k_unodc_mimu.shp,create_new,,,,,auto: no CoreMap candidate → create_new,2026-09-21T10:33:25.018844Z
village:215589:row2871:village_point_Shan_v96.zip_mmr_shn_pplp2_250k_unodc_mimu.shp,village:215589:row2871:village_point_Shan_v96.zip_mmr_shn_pplp2_250k_unodc_mimu.shp,create_new,,,,,auto: no CoreMap candidate → create_new,2026-09-21T10:33:25.018844Z
village:215590:row2872:village_point_Shan_v96.zip_mmr_shn_pplp2_250k_unodc_mimu.shp,village:215590:row2872:village_point_Shan_v96.zip_mmr_shn_pplp2_250k_unodc_mimu.shp,create_new,,,,,auto: no CoreMap candidate → create_new,2026-09-21T10:33:25.018844Z
village:215591:row2873:village_point_Shan_v96.zip_mmr_shn_pplp2_250k_unodc_mimu.shp,village:215591:row2873:village_point_Shan_v96.zip_mmr_shn_pplp2_250k_unodc_mimu.shp,create_new,,,,,auto: no CoreMap candidate → create_new,2026-09-21T10:33:25.018844Z
village:215594:row2874:village_point_Shan_v96.zip_mmr_shn_pplp2_250k_unodc_mimu.shp,village:215594:row2874:village_point_Shan_v96.zip_mmr_shn_pplp2_250k_unodc_mimu.shp,create_new,,,,,auto: no CoreMap candidate → create_new,2026-09-21T10:33:25.018844Z
village:215595:row2875:village_point_Shan_v96.zip_mmr_shn_pplp2_250k_unodc_mimu.shp,village:215595:row2875:village_point_Shan_v96.zip_mmr_shn_pplp2_250k_unodc_mimu.shp,create_new,,,,,auto: no CoreMap candidate → create_new,2026-09-21T10:33:25.018844Z
village:215596:row2876:village_point_Shan_v96.zip_mmr_shn_pplp2_250k_unodc_mimu.shp,village:215596:row2876:village_point_Shan_v96.zip_mmr_shn_pplp2_250k_unodc_mimu.shp,create_new,,,,,auto: no CoreMap candidate → create_new,2026-09-21T10:33:25.018844Z
village:215613:row2877:village_point_Shan_v96.zip_mmr_shn_pplp2_250k_unodc_mimu.shp,village:215613:row2877:village_point_Shan_v96.zip_mmr_shn_pplp2_250k_unodc_mimu.shp,create_new,,,,,auto: no CoreMap candidate → create_new,2026-09-21T10:33:25.018844Z
village:215614:row2878:village_point_Shan_v96.zip_mmr_shn_pplp2_250k_unodc_mimu.shp,village:215614:row2878:village_point_Shan_v96.zip_mmr_shn_pplp2_250k_unodc_mimu.shp,create_new,,,,,auto: no CoreMap candidate → create_new,2026-09-21T10:33:25.018844Z
village:215615:row2879:village_point_Shan_v96.zip_mmr_shn_pplp2_250k_unodc_mimu.shp,village:215615:row2879:village_point_Shan_v96.zip_mmr_shn_pplp2_250k_unodc_mimu.shp,create_new,,,,,auto: no CoreMap candidate → create_new,2026-09-21T10:33:25.018844Z
village:215616:row2880:village_point_Shan_v96.zip_mmr_shn_pplp2_250k_unodc_mimu.shp,village:215616:row2880:village_point_Shan_v96.zip_mmr_shn_pplp2_250k_unodc_mimu.shp,create_new,,,,,auto: no CoreMap candidate → create_new,2026-09-21T10:33:25.018844Z
village:215617:row2881:village_point_Shan_v96.zip_mmr_shn_pplp2_250k_unodc_mimu.shp,village:215617:row2881:village_point_Shan_v96.zip_mmr_shn_pplp2_250k_unodc_mimu.shp,create_new,,,,,auto: no CoreMap candidate → create_new,2026-09-21T10:33:25.018844Z
village:215618:row2882:village_point_Shan_v96.zip_mmr_shn_pplp2_250k_unodc_mimu.shp,village:215618:row2882:village_point_Shan_v96.zip_mmr_shn_pplp2_250k_unodc_mimu.shp,create_new,,,,,auto: no CoreMap candidate → create_new,2026-09-21T10:33:25.018844Z
village:215619:row2883:village_point_Shan_v96.zip_mmr_shn_pplp2_250k_unodc_mimu.shp,village:215619:row2883:village_point_Shan_v96.zip_mmr_shn_pplp2_250k_unodc_mimu.shp,create_new,,,,,auto: no CoreMap candidate → create_new,2026-09-21T10:33:25.018844Z
village:215620:row2884:village_point_Shan_v96.zip_mmr_shn_pplp2_250k_unodc_mimu.shp,village:215620:row2884:village_point_Shan_v96.zip_mmr_shn_pplp2_250k_unodc_mimu.shp,create_new,,,,,auto: no CoreMap candidate → create_new,2026-09-21T10:33:25.018844Z
village:215621:row2885:village_point_Shan_v96.zip_mmr_shn_pplp2_250k_unodc_mimu.shp,village:215621:row2885:village_point_Shan_v96.zip_mmr_shn_pplp2_250k_unodc_mimu.shp,create_new,,,,,auto: no CoreMap candidate → create_new,2026-09-21T10:33:25.018844Z
village:215622:row2886:village_point_Shan_v96.zip_mmr_shn_pplp2_250k_unodc_mimu.shp,village:215622:row2886:village_point_Shan_v96.zip_mmr_shn_pplp2_250k_unodc_mimu.shp,create_new,,,,,auto: no CoreMap candidate → create_new,2026-09-21T10:33:25.018844Z
village:215623:row2887:village_point_Shan_v96.zip_mmr_shn_pplp2_250k_unodc_mimu.shp,village:215623:row2887:village_point_Shan_v96.zip_mmr_shn_pplp2_250k_unodc_mimu.shp,create_new,,,,,auto: no CoreMap candidate → create_new,2026-09-21T10:33:25.018844Z
village:215624:row2888:village_point_Shan_v96.zip_mmr_shn_pplp2_250k_unodc_mimu.shp,village:215624:row2888:village_point_Shan_v96.zip_mmr_shn_pplp2_250k_unodc_mimu.shp,create_new,,,,,auto: no CoreMap candidate → create_new,2026-09-21T10:33:25.018844Z
village:215625:row2889:village_point_Shan_v96.zip_mmr_shn_pplp2_250k_unodc_mimu.shp,village:215625:row2889:village_point_Shan_v96.zip_mmr_shn_pplp2_250k_unodc_mimu.shp,create_new,,,,,auto: no CoreMap candidate → create_new,2026-09-21T10:33:25.018844Z
village:215626:row2890:village_point_Shan_v96.zip_mmr_shn_pplp2_250k_unodc_mimu.shp,village:215626:row2890:village_point_Shan_v96.zip_mmr_shn_pplp2_250k_unodc_mimu.shp,create_new,,,,,auto: no CoreMap candidate → create_new,2026-09-21T10:33:25.018844Z
village:215627:row2891:village_point_Shan_v96.zip_mmr_shn_pplp2_250k_unodc_mimu.shp,village:215627:row2891:village_point_Shan_v96.zip_mmr_shn_pplp2_250k_unodc_mimu.shp,create_new,,,,,auto: no CoreMap candidate → create_new,2026-09-21T10:33:25.018844Z
village:215628:row2892:village_point_Shan_v96.zip_mmr_shn_pplp2_250k_unodc_mimu.shp,village:215628:row2892:village_point_Shan_v96.zip_mmr_shn_pplp2_250k_unodc_mimu.shp,create_new,,,,,auto: no CoreMap candidate → create_new,2026-09-21T10:33:25.018844Z
village:215606:row2893:village_point_Shan_v96.zip_mmr_shn_pplp2_250k_unodc_mimu.shp,village:215606:row2893:village_point_Shan_v96.zip_mmr_shn_pplp2_250k_unodc_mimu.shp,create_new,,,,,auto: no CoreMap candidate → create_new,2026-09-21T10:33:25.018844Z
village:215607:row2894:village_point_Shan_v96.zip_mmr_shn_pplp2_250k_unodc_mimu.shp,village:215607:row2894:village_point_Shan_v96.zip_mmr_shn_pplp2_250k_unodc_mimu.shp,create_new,,,,,auto: no CoreMap candidate → create_new,2026-09-21T10:33:25.018844Z
village:215608:row2895:village_point_Shan_v96.zip_mmr_shn_pplp2_250k_unodc_mimu.shp,village:215608:row2895:village_point_Shan_v96.zip_mmr_shn_pplp2_250k_unodc_mimu.shp,create_new,,,,,auto: no CoreMap candidate → create_new,2026-09-21T10:33:25.018844Z
village:215609:row2896:village_point_Shan_v96.zip_mmr_shn_pplp2_250k_unodc_mimu.shp,village:215609:row2896:village_point_Shan_v96.zip_mmr_shn_pplp2_250k_unodc_mimu.shp,create_new,,,,,auto: no CoreMap candidate → create_new,2026-09-21T10:33:25.018844Z
village:215610:row2897:village_point_Shan_v96.zip_mmr_shn_pplp2_250k_unodc_mimu.shp,village:215610:row2897:village_point_Shan_v96.zip_mmr_shn_pplp2_250k_unodc_mimu.shp,create_new,,,,,auto: no CoreMap candidate → create_new,2026-09-21T10:33:25.018844Z
village:215612:row2898:village_point_Shan_v96.zip_mmr_shn_pplp2_250k_unodc_mimu.shp,village:215612:row2898:village_point_Shan_v96.zip_mmr_shn_pplp2_250k_unodc_mimu.shp,create_new,,,,,auto: no CoreMap candidate → create_new,2026-09-21T10:33:25.018844Z
village:215634:row2899:village_point_Shan_v96.zip_mmr_shn_pplp2_250k_unodc_mimu.shp,village:215634:row2899:village_point_Shan_v96.zip_mmr_shn_pplp2_250k_unodc_mimu.shp,create_new,,,,,auto: no CoreMap candidate → create_new,2026-09-21T10:33:25.018844Z
village:215635:row2900:village_point_Shan_v96.zip_mmr_shn_pplp2_250k_unodc_mimu.shp,village:215635:row2900:village_point_Shan_v96.zip_mmr_shn_pplp2_250k_unodc_mimu.shp,create_new,,,,,auto: no CoreMap candidate → create_new,2026-09-21T10:33:25.018844Z
village:215636:row2901:village_point_Shan_v96.zip_mmr_shn_pplp2_250k_unodc_mimu.shp,village:215636:row2901:village_point_Shan_v96.zip_mmr_shn_pplp2_250k_unodc_mimu.shp,create_new,,,,,auto: no CoreMap candidate → create_new,2026-09-21T10:33:25.018844Z
village:215637:row2902:village_point_Shan_v96.zip_mmr_shn_pplp2_250k_unodc_mimu.shp,village:215637:row2902:village_point_Shan_v96.zip_mmr_shn_pplp2_250k_unodc_mimu.shp,create_new,,,,,auto: no CoreMap candidate → create_new,2026-09-21T10:33:25.018844Z
village:215638:row2903:village_point_Shan_v96.zip_mmr_shn_pplp2_250k_unodc_mimu.shp,village:215638:row2903:village_point_Shan_v96.zip_mmr_shn_pplp2_250k_unodc_mimu.shp,create_new,,,,,auto: no CoreMap candidate → create_new,2026-09-21T10:33:25.018844Z
village:215639:row2904:village_point_Shan_v96.zip_mmr_shn_pplp2_250k_unodc_mimu.shp,village:215639:row2904:village_point_Shan_v96.zip_mmr_shn_pplp2_250k_unodc_mimu.shp,create_new,,,,,auto: no CoreMap candidate → create_new,2026-09-21T10:33:25.018844Z
village:215629:row2905:village_point_Shan_v96.zip_mmr_shn_pplp2_250k_unodc_mimu.shp,village:215629:row2905:village_point_Shan_v96.zip_mmr_shn_pplp2_250k_unodc_mimu.shp,create_new,,,,,auto: no CoreMap candidate → create_new,2026-09-21T10:33:25.018844Z
village:215630:row2906:village_point_Shan_v96.zip_mmr_shn_pplp2_250k_unodc_mimu.shp,village:215630:row2906:village_point_Shan_v96.zip_mmr_shn_pplp2_250k_unodc_mimu.shp,create_new,,,,,auto: no CoreMap candidate → create_new,2026-09-21T10:33:25.018844Z
village:215631:row2907:village_point_Shan_v96.zip_mmr_shn_pplp2_250k_unodc_mimu.shp,village:215631:row2907:village_point_Shan_v96.zip_mmr_shn_pplp2_250k_unodc_mimu.shp,create_new,,,,,auto: no CoreMap candidate → create_new,2026-09-21T10:33:25.018844Z
village:215632:row2908:village_point_Shan_v96.zip_mmr_shn_pplp2_250k_unodc_mimu.shp,village:215632:row2908:village_point_Shan_v96.zip_mmr_shn_pplp2_250k_unodc_mimu.shp,create_new,,,,,auto: no CoreMap candidate → create_new,2026-09-21T10:33:25.018844Z
village:215633:row2909:village_point_Shan_v96.zip_mmr_shn_pplp2_250k_unodc_mimu.shp,village:215633:row2909:village_point_Shan_v96.zip_mmr_shn_pplp2_250k_unodc_mimu.shp,create_new,,,,,auto: no CoreMap candidate → create_new,2026-09-21T10:33:25.018844Z
village:215640:row2910:village_point_Shan_v96.zip_mmr_shn_pplp2_250k_unodc_mimu.shp,village:215640:row2910:village_point_Shan_v96.zip_mmr_shn_pplp2_250k_unodc_mimu.shp,create_new,,,,,auto: no CoreMap candidate → create_new,2026-09-21T10:33:25.018844Z
village:215641:row2911:village_point_Shan_v96.zip_mmr_shn_pplp2_250k_unodc_mimu.shp,village:215641:row2911:village_point_Shan_v96.zip_mmr_shn_pplp2_250k_unodc_mimu.shp,create_new,,,,,auto: no CoreMap candidate → create_new,2026-09-21T10:33:25.018844Z
village:215643:row2912:village_point_Shan_v96.zip_mmr_shn_pplp2_250k_unodc_mimu.shp,village:215643:row2912:village_point_Shan_v96.zip_mmr_shn_pplp2_250k_unodc_mimu.shp,create_new,,,,,auto: no CoreMap candidate → create_new,2026-09-21T10:33:25.018844Z
village:215644:row2913:village_point_Shan_v96.zip_mmr_shn_pplp2_250k_unodc_mimu.shp,village:215644:row2913:village_point_Shan_v96.zip_mmr_shn_pplp2_250k_unodc_mimu.shp,create_new,,,,,auto: no CoreMap candidate → create_new,2026-09-21T10:33:25.018844Z
village:215645:row2914:village_point_Shan_v96.zip_mmr_shn_pplp2_250k_unodc_mimu.shp,village:215645:row2914:village_point_Shan_v96.zip_mmr_shn_pplp2_250k_unodc_mimu.shp,create_new,,,,,auto: no CoreMap candidate → create_new,2026-09-21T10:33:25.018844Z
village:215646:row2915:village_point_Shan_v96.zip_mmr_shn_pplp2_250k_unodc_mimu.shp,village:215646:row2915:village_point_Shan_v96.zip_mmr_shn_pplp2_250k_unodc_mimu.shp,create_new,,,,,auto: no CoreMap candidate → create_new,2026-09-21T10:33:25.018844Z
village:215647:row2916:village_point_Shan_v96.zip_mmr_shn_pplp2_250k_unodc_mimu.shp,village:215647:row2916:village_point_Shan_v96.zip_mmr_shn_pplp2_250k_unodc_mimu.shp,create_new,,,,,auto: no CoreMap candidate → create_new,2026-09-21T10:33:25.018844Z
village:215648:row2917:village_point_Shan_v96.zip_mmr_shn_pplp2_250k_unodc_mimu.shp,village:215648:row2917:village_point_Shan_v96.zip_mmr_shn_pplp2_250k_unodc_mimu.shp,create_new,,,,,auto: no CoreMap candidate → create_new,2026-09-21T10:33:25.018844Z
village:215649:row2918:village_point_Shan_v96.zip_mmr_shn_pplp2_250k_unodc_mimu.shp,village:215649:row2918:village_point_Shan_v96.zip_mmr_shn_pplp2_250k_unodc_mimu.shp,create_new,,,,,auto: no CoreMap candidate → create_new,2026-09-21T10:33:25.018844Z
village:215650:row2919:village_point_Shan_v96.zip_mmr_shn_pplp2_250k_unodc_mimu.shp,village:215650:row2919:village_point_Shan_v96.zip_mmr_shn_pplp2_250k_unodc_mimu.shp,create_new,,,,,auto: no CoreMap candidate → create_new,2026-09-21T10:33:25.018844Z
village:215651:row2920:village_point_Shan_v96.zip_mmr_shn_pplp2_250k_unodc_mimu.shp,village:215651:row2920:village_point_Shan_v96.zip_mmr_shn_pplp2_250k_unodc_mimu.shp,create_new,,,,,auto: no CoreMap candidate → create_new,2026-09-21T10:33:25.018844Z
village:215652:row2921:village_point_Shan_v96.zip_mmr_shn_pplp2_250k_unodc_mimu.shp,village:215652:row2921:village_point_Shan_v96.zip_mmr_shn_pplp2_250k_unodc_mimu.shp,create_new,,,,,auto: no CoreMap candidate → create_new,2026-09-21T10:33:25.018844Z
village:215654:row2922:village_point_Shan_v96.zip_mmr_shn_pplp2_250k_unodc_mimu.shp,village:215654:row2922:village_point_Shan_v96.zip_mmr_shn_pplp2_250k_unodc_mimu.shp,create_new,,,,,auto: no CoreMap candidate → create_new,2026-09-21T10:33:25.018844Z
village:215597:row2923:village_point_Shan_v96.zip_mmr_shn_pplp2_250k_unodc_mimu.shp,village:215597:row2923:village_point_Shan_v96.zip_mmr_shn_pplp2_250k_unodc_mimu.shp,create_new,,,,,auto: no CoreMap candidate → create_new,2026-09-21T10:33:25.018844Z
village:215598:row2924:village_point_Shan_v96.zip_mmr_shn_pplp2_250k_unodc_mimu.shp,village:215598:row2924:village_point_Shan_v96.zip_mmr_shn_pplp2_250k_unodc_mimu.shp,create_new,,,,,auto: no CoreMap candidate → create_new,2026-09-21T10:33:25.018844Z
village:215599:row2925:village_point_Shan_v96.zip_mmr_shn_pplp2_250k_unodc_mimu.shp,village:215599:row2925:village_point_Shan_v96.zip_mmr_shn_pplp2_250k_unodc_mimu.shp,create_new,,,,,auto: no CoreMap candidate → create_new,2026-09-21T10:33:25.018844Z
village:215600:row2926:village_point_Shan_v96.zip_mmr_shn_pplp2_250k_unodc_mimu.shp,village:215600:row2926:village_point_Shan_v96.zip_mmr_shn_pplp2_250k_unodc_mimu.shp,create_new,,,,,auto: no CoreMap candidate → create_new,2026-09-21T10:33:25.018844Z
village:215601:row2927:village_point_Shan_v96.zip_mmr_shn_pplp2_250k_unodc_mimu.shp,village:215601:row2927:village_point_Shan_v96.zip_mmr_shn_pplp2_250k_unodc_mimu.shp,create_new,,,,,auto: no CoreMap candidate → create_new,2026-09-21T10:33:25.018844Z
village:215602:row2928:village_point_Shan_v96.zip_mmr_shn_pplp2_250k_unodc_mimu.shp,village:215602:row2928:village_point_Shan_v96.zip_mmr_shn_pplp2_250k_unodc_mimu.shp,create_new,,,,,auto: no CoreMap candidate → create_new,2026-09-21T10:33:25.018844Z
village:215603:row2929:village_point_Shan_v96.zip_mmr_shn_pplp2_250k_unodc_mimu.shp,village:215603:row2929:village_point_Shan_v96.zip_mmr_shn_pplp2_250k_unodc_mimu.shp,create_new,,,,,auto: no CoreMap candidate → create_new,2026-09-21T10:33:25.018844Z
village:215604:row2930:village_point_Shan_v96.zip_mmr_shn_pplp2_250k_unodc_mimu.shp,village:215604:row2930:village_point_Shan_v96.zip_mmr_shn_pplp2_250k_unodc_mimu.shp,create_new,,,,,auto: no CoreMap candidate → create_new,2026-09-21T10:33:25.018844Z
village:215605:row2931:village_point_Shan_v96.zip_mmr_shn_pplp2_250k_unodc_mimu.shp,village:215605:row2931:village_point_Shan_v96.zip_mmr_shn_pplp2_250k_unodc_mimu.shp,create_new,,,,,auto: no CoreMap candidate → create_new,2026-09-21T10:33:25.018844Z
village:215655:row2932:village_point_Shan_v96.zip_mmr_shn_pplp2_250k_unodc_mimu.shp,village:215655:row2932:village_point_Shan_v96.zip_mmr_shn_pplp2_250k_unodc_mimu.shp,create_new,,,,,auto: no CoreMap candidate → create_new,2026-09-21T10:33:25.018844Z
village:215656:row2933:village_point_Shan_v96.zip_mmr_shn_pplp2_250k_unodc_mimu.shp,village:215656:row2933:village_point_Shan_v96.zip_mmr_shn_pplp2_250k_unodc_mimu.shp,create_new,,,,,auto: no CoreMap candidate → create_new,2026-09-21T10:33:25.018844Z
village:215657:row2934:village_point_Shan_v96.zip_mmr_shn_pplp2_250k_unodc_mimu.shp,village:215657:row2934:village_point_Shan_v96.zip_mmr_shn_pplp2_250k_unodc_mimu.shp,create_new,,,,,auto: no CoreMap candidate → create_new,2026-09-21T10:33:25.018844Z
village:215658:row2935:village_point_Shan_v96.zip_mmr_shn_pplp2_250k_unodc_mimu.shp,village:215658:row2935:village_point_Shan_v96.zip_mmr_shn_pplp2_250k_unodc_mimu.shp,create_new,,,,,auto: no CoreMap candidate → create_new,2026-09-21T10:33:25.018844Z
village:215659:row2936:village_point_Shan_v96.zip_mmr_shn_pplp2_250k_unodc_mimu.shp,village:215659:row2936:village_point_Shan_v96.zip_mmr_shn_pplp2_250k_unodc_mimu.shp,create_new,,,,,auto: no CoreMap candidate → create_new,2026-09-21T10:33:25.018844Z
village:215660:row2937:village_point_Shan_v96.zip_mmr_shn_pplp2_250k_unodc_mimu.shp,village:215660:row2937:village_point_Shan_v96.zip_mmr_shn_pplp2_250k_unodc_mimu.shp,create_new,,,,,auto: no CoreMap candidate → create_new,2026-09-21T10:33:25.018844Z
village:215661:row2938:village_point_Shan_v96.zip_mmr_shn_pplp2_250k_unodc_mimu.shp,village:215661:row2938:village_point_Shan_v96.zip_mmr_shn_pplp2_250k_unodc_mimu.shp,create_new,,,,,auto: no CoreMap candidate → create_new,2026-09-21T10:33:25.018844Z
village:215662:row2939:village_point_Shan_v96.zip_mmr_shn_pplp2_250k_unodc_mimu.shp,village:215662:row2939:village_point_Shan_v96.zip_mmr_shn_pplp2_250k_unodc_mimu.shp,create_new,,,,,auto: no CoreMap candidate → create_new,2026-09-21T10:33:25.018844Z
village:215664:row2940:village_point_Shan_v96.zip_mmr_shn_pplp2_250k_unodc_mimu.shp,village:215664:row2940:village_point_Shan_v96.zip_mmr_shn_pplp2_250k_unodc_mimu.shp,create_new,,,,,auto: no CoreMap candidate → create_new,2026-09-21T10:33:25.018844Z
village:215677:row2941:village_point_Shan_v96.zip_mmr_shn_pplp2_250k_unodc_mimu.shp,village:215677:row2941:village_point_Shan_v96.zip_mmr_shn_pplp2_250k_unodc_mimu.shp,create_new,,,,,auto: no CoreMap candidate → create_new,2026-09-21T10:33:25.018844Z
village:215676:row2942:village_point_Shan_v96.zip_mmr_shn_pplp2_250k_unodc_mimu.shp,village:215676:row2942:village_point_Shan_v96.zip_mmr_shn_pplp2_250k_unodc_mimu.shp,create_new,,,,,auto: no CoreMap candidate → create_new,2026-09-21T10:33:25.018844Z
village:215678:row2943:village_point_Shan_v96.zip_mmr_shn_pplp2_250k_unodc_mimu.shp,village:215678:row2943:village_point_Shan_v96.zip_mmr_shn_pplp2_250k_unodc_mimu.shp,create_new,,,,,auto: no CoreMap candidate → create_new,2026-09-21T10:33:25.018844Z
village:215679:row2944:village_point_Shan_v96.zip_mmr_shn_pplp2_250k_unodc_mimu.shp,village:215679:row2944:village_point_Shan_v96.zip_mmr_shn_pplp2_250k_unodc_mimu.shp,create_new,,,,,auto: no CoreMap candidate → create_new,2026-09-21T10:33:25.018844Z
village:215680:row2945:village_point_Shan_v96.zip_mmr_shn_pplp2_250k_unodc_mimu.shp,village:215680:row2945:village_point_Shan_v96.zip_mmr_shn_pplp2_250k_unodc_mimu.shp,create_new,,,,,auto: no CoreMap candidate → create_new,2026-09-21T10:33:25.018844Z
village:215681:row2946:village_point_Shan_v96.zip_mmr_shn_pplp2_250k_unodc_mimu.shp,village:215681:row2946:village_point_Shan_v96.zip_mmr_shn_pplp2_250k_unodc_mimu.shp,create_new,,,,,auto: no CoreMap candidate → create_new,2026-09-21T10:33:25.018844Z
village:215682:row2947:village_point_Shan_v96.zip_mmr_shn_pplp2_250k_unodc_mimu.shp,village:215682:row2947:village_point_Shan_v96.zip_mmr_shn_pplp2_250k_unodc_mimu.shp,create_new,,,,,auto: no CoreMap candidate → create_new,2026-09-21T10:33:25.018844Z
village:215665:row2948:village_point_Shan_v96.zip_mmr_shn_pplp2_250k_unodc_mimu.shp,village:215665:row2948:village_point_Shan_v96.zip_mmr_shn_pplp2_250k_unodc_mimu.shp,create_new,,,,,auto: no CoreMap candidate → create_new,2026-09-21T10:33:25.018844Z
village:215666:row2949:village_point_Shan_v96.zip_mmr_shn_pplp2_250k_unodc_mimu.shp,village:215666:row2949:village_point_Shan_v96.zip_mmr_shn_pplp2_250k_unodc_mimu.shp,create_new,,,,,auto: no CoreMap candidate → create_new,2026-09-21T10:33:25.018844Z
village:215667:row2950:village_point_Shan_v96.zip_mmr_shn_pplp2_250k_unodc_mimu.shp,village:215667:row2950:village_point_Shan_v96.zip_mmr_shn_pplp2_250k_unodc_mimu.shp,create_new,,,,,auto: no CoreMap candidate → create_new,2026-09-21T10:33:25.018844Z
village:215668:row2951:village_point_Shan_v96.zip_mmr_shn_pplp2_250k_unodc_mimu.shp,village:215668:row2951:village_point_Shan_v96.zip_mmr_shn_pplp2_250k_unodc_mimu.shp,create_new,,,,,auto: no CoreMap candidate → create_new,2026-09-21T10:33:25.018844Z
village:215670:row2952:village_point_Shan_v96.zip_mmr_shn_pplp2_250k_unodc_mimu.shp,village:215670:row2952:village_point_Shan_v96.zip_mmr_shn_pplp2_250k_unodc_mimu.shp,create_new,,,,,auto: no CoreMap candidate → create_new,2026-09-21T10:33:25.018844Z
village:215671:row2953:village_point_Shan_v96.zip_mmr_shn_pplp2_250k_unodc_mimu.shp,village:215671:row2953:village_point_Shan_v96.zip_mmr_shn_pplp2_250k_unodc_mimu.shp,create_new,,,,,auto: no CoreMap candidate → create_new,2026-09-21T10:33:25.018844Z
village:215673:row2954:village_point_Shan_v96.zip_mmr_shn_pplp2_250k_unodc_mimu.shp,village:215673:row2954:village_point_Shan_v96.zip_mmr_shn_pplp2_250k_unodc_mimu.shp,create_new,,,,,auto: no CoreMap candidate → create_new,2026-09-21T10:33:25.018844Z
village:215674:row2955:village_point_Shan_v96.zip_mmr_shn_pplp2_250k_unodc_mimu.shp,village:215674:row2955:village_point_Shan_v96.zip_mmr_shn_pplp2_250k_unodc_mimu.shp,create_new,,,,,auto: no CoreMap candidate → create_new,2026-09-21T10:33:25.018844Z
village:215672:row2956:village_point_Shan_v96.zip_mmr_shn_pplp2_250k_unodc_mimu.shp,village:215672:row2956:village_point_Shan_v96.zip_mmr_shn_pplp2_250k_unodc_mimu.shp,create_new,,,,,auto: no CoreMap candidate → create_new,2026-09-21T10:33:25.018844Z
village:215675:row2957:village_point_Shan_v96.zip_mmr_shn_pplp2_250k_unodc_mimu.shp,village:215675:row2957:village_point_Shan_v96.zip_mmr_shn_pplp2_250k_unodc_mimu.shp,create_new,,,,,auto: no CoreMap candidate → create_new,2026-09-21T10:33:25.018844Z
village:217606:row3040:village_point_Shan_v96.zip_mmr_shn_pplp2_250k_unodc_mimu.shp,village:217606:row3040:village_point_Shan_v96.zip_mmr_shn_pplp2_250k_unodc_mimu.shp,create_new,,,,,auto: no CoreMap candidate → create_new,2026-09-21T10:33:25.018844Z
village:217608:row3041:village_point_Shan_v96.zip_mmr_shn_pplp2_250k_unodc_mimu.shp,village:217608:row3041:village_point_Shan_v96.zip_mmr_shn_pplp2_250k_unodc_mimu.shp,create_new,,,,,auto: no CoreMap candidate → create_new,2026-09-21T10:33:25.018844Z
village:217615:row3042:village_point_Shan_v96.zip_mmr_shn_pplp2_250k_unodc_mimu.shp,village:217615:row3042:village_point_Shan_v96.zip_mmr_shn_pplp2_250k_unodc_mimu.shp,create_new,,,,,auto: no CoreMap candidate → create_new,2026-09-21T10:33:25.018844Z
village:217618:row3043:village_point_Shan_v96.zip_mmr_shn_pplp2_250k_unodc_mimu.shp,village:217618:row3043:village_point_Shan_v96.zip_mmr_shn_pplp2_250k_unodc_mimu.shp,create_new,,,,,auto: no CoreMap candidate → create_new,2026-09-21T10:33:25.018844Z
village:217570:row3044:village_point_Shan_v96.zip_mmr_shn_pplp2_250k_unodc_mimu.shp,village:217570:row3044:village_point_Shan_v96.zip_mmr_shn_pplp2_250k_unodc_mimu.shp,create_new,,,,,auto: no CoreMap candidate → create_new,2026-09-21T10:33:25.018844Z
village:217573:row3045:village_point_Shan_v96.zip_mmr_shn_pplp2_250k_unodc_mimu.shp,village:217573:row3045:village_point_Shan_v96.zip_mmr_shn_pplp2_250k_unodc_mimu.shp,create_new,,,,,auto: no CoreMap candidate → create_new,2026-09-21T10:33:25.018844Z
village:217574:row3046:village_point_Shan_v96.zip_mmr_shn_pplp2_250k_unodc_mimu.shp,village:217574:row3046:village_point_Shan_v96.zip_mmr_shn_pplp2_250k_unodc_mimu.shp,create_new,,,,,auto: no CoreMap candidate → create_new,2026-09-21T10:33:25.018844Z
village:217575:row3047:village_point_Shan_v96.zip_mmr_shn_pplp2_250k_unodc_mimu.shp,village:217575:row3047:village_point_Shan_v96.zip_mmr_shn_pplp2_250k_unodc_mimu.shp,create_new,,,,,auto: no CoreMap candidate → create_new,2026-09-21T10:33:25.018844Z
village:217577:row3048:village_point_Shan_v96.zip_mmr_shn_pplp2_250k_unodc_mimu.shp,village:217577:row3048:village_point_Shan_v96.zip_mmr_shn_pplp2_250k_unodc_mimu.shp,create_new,,,,,auto: no CoreMap candidate → create_new,2026-09-21T10:33:25.018844Z
village:217578:row3049:village_point_Shan_v96.zip_mmr_shn_pplp2_250k_unodc_mimu.shp,village:217578:row3049:village_point_Shan_v96.zip_mmr_shn_pplp2_250k_unodc_mimu.shp,create_new,,,,,auto: no CoreMap candidate → create_new,2026-09-21T10:33:25.018844Z
village:217580:row3050:village_point_Shan_v96.zip_mmr_shn_pplp2_250k_unodc_mimu.shp,village:217580:row3050:village_point_Shan_v96.zip_mmr_shn_pplp2_250k_unodc_mimu.shp,create_new,,,,,auto: no CoreMap candidate → create_new,2026-09-21T10:33:25.018844Z
village:217569:row3051:village_point_Shan_v96.zip_mmr_shn_pplp2_250k_unodc_mimu.shp,village:217569:row3051:village_point_Shan_v96.zip_mmr_shn_pplp2_250k_unodc_mimu.shp,create_new,,,,,auto: no CoreMap candidate → create_new,2026-09-21T10:33:25.018844Z
village:217583:row3052:village_point_Shan_v96.zip_mmr_shn_pplp2_250k_unodc_mimu.shp,village:217583:row3052:village_point_Shan_v96.zip_mmr_shn_pplp2_250k_unodc_mimu.shp,create_new,,,,,auto: no CoreMap candidate → create_new,2026-09-21T10:33:25.018844Z
village:215683:row4007:village_point_Shan_v96.zip_mmr_shn_pplp2_250k_unodc_mimu.shp,village:215683:row4007:village_point_Shan_v96.zip_mmr_shn_pplp2_250k_unodc_mimu.shp,create_new,,,,,auto: no CoreMap candidate → create_new,2026-09-21T10:33:25.018844Z
village:215684:row4008:village_point_Shan_v96.zip_mmr_shn_pplp2_250k_unodc_mimu.shp,village:215684:row4008:village_point_Shan_v96.zip_mmr_shn_pplp2_250k_unodc_mimu.shp,create_new,,,,,auto: no CoreMap candidate → create_new,2026-09-21T10:33:25.018844Z
village:215685:row4009:village_point_Shan_v96.zip_mmr_shn_pplp2_250k_unodc_mimu.shp,village:215685:row4009:village_point_Shan_v96.zip_mmr_shn_pplp2_250k_unodc_mimu.shp,create_new,,,,,auto: no CoreMap candidate → create_new,2026-09-21T10:33:25.018844Z
village:215686:row4010:village_point_Shan_v96.zip_mmr_shn_pplp2_250k_unodc_mimu.shp,village:215686:row4010:village_point_Shan_v96.zip_mmr_shn_pplp2_250k_unodc_mimu.shp,create_new,,,,,auto: no CoreMap candidate → create_new,2026-09-21T10:33:25.018844Z
village:215688:row4011:village_point_Shan_v96.zip_mmr_shn_pplp2_250k_unodc_mimu.shp,village:215688:row4011:village_point_Shan_v96.zip_mmr_shn_pplp2_250k_unodc_mimu.shp,create_new,,,,,auto: no CoreMap candidate → create_new,2026-09-21T10:33:25.018844Z
village:215687:row4012:village_point_Shan_v96.zip_mmr_shn_pplp2_250k_unodc_mimu.shp,village:215687:row4012:village_point_Shan_v96.zip_mmr_shn_pplp2_250k_unodc_mimu.shp,create_new,,,,,auto: no CoreMap candidate → create_new,2026-09-21T10:33:25.018844Z
village:215689:row4013:village_point_Shan_v96.zip_mmr_shn_pplp2_250k_unodc_mimu.shp,village:215689:row4013:village_point_Shan_v96.zip_mmr_shn_pplp2_250k_unodc_mimu.shp,create_new,,,,,auto: no CoreMap candidate → create_new,2026-09-21T10:33:25.018844Z
village:215690:row4014:village_point_Shan_v96.zip_mmr_shn_pplp2_250k_unodc_mimu.shp,village:215690:row4014:village_point_Shan_v96.zip_mmr_shn_pplp2_250k_unodc_mimu.shp,create_new,,,,,auto: no CoreMap candidate → create_new,2026-09-21T10:33:25.018844Z
village:215692:row4015:village_point_Shan_v96.zip_mmr_shn_pplp2_250k_unodc_mimu.shp,village:215692:row4015:village_point_Shan_v96.zip_mmr_shn_pplp2_250k_unodc_mimu.shp,create_new,,,,,auto: no CoreMap candidate → create_new,2026-09-21T10:33:25.018844Z
village:215693:row4016:village_point_Shan_v96.zip_mmr_shn_pplp2_250k_unodc_mimu.shp,village:215693:row4016:village_point_Shan_v96.zip_mmr_shn_pplp2_250k_unodc_mimu.shp,create_new,,,,,auto: no CoreMap candidate → create_new,2026-09-21T10:33:25.018844Z
village:215694:row4017:village_point_Shan_v96.zip_mmr_shn_pplp2_250k_unodc_mimu.shp,village:215694:row4017:village_point_Shan_v96.zip_mmr_shn_pplp2_250k_unodc_mimu.shp,create_new,,,,,auto: no CoreMap candidate → create_new,2026-09-21T10:33:25.018844Z
village:215695:row4018:village_point_Shan_v96.zip_mmr_shn_pplp2_250k_unodc_mimu.shp,village:215695:row4018:village_point_Shan_v96.zip_mmr_shn_pplp2_250k_unodc_mimu.shp,create_new,,,,,auto: no CoreMap candidate → create_new,2026-09-21T10:33:25.018844Z
village:215697:row4019:village_point_Shan_v96.zip_mmr_shn_pplp2_250k_unodc_mimu.shp,village:215697:row4019:village_point_Shan_v96.zip_mmr_shn_pplp2_250k_unodc_mimu.shp,create_new,,,,,auto: no CoreMap candidate → create_new,2026-09-21T10:33:25.018844Z
village:215699:row4020:village_point_Shan_v96.zip_mmr_shn_pplp2_250k_unodc_mimu.shp,village:215699:row4020:village_point_Shan_v96.zip_mmr_shn_pplp2_250k_unodc_mimu.shp,create_new,,,,,auto: no CoreMap candidate → create_new,2026-09-21T10:33:25.018844Z
village:215700:row4021:village_point_Shan_v96.zip_mmr_shn_pplp2_250k_unodc_mimu.shp,village:215700:row4021:village_point_Shan_v96.zip_mmr_shn_pplp2_250k_unodc_mimu.shp,create_new,,,,,auto: no CoreMap candidate → create_new,2026-09-21T10:33:25.018844Z
village:215702:row4022:village_point_Shan_v96.zip_mmr_shn_pplp2_250k_unodc_mimu.shp,village:215702:row4022:village_point_Shan_v96.zip_mmr_shn_pplp2_250k_unodc_mimu.shp,create_new,,,,,auto: no CoreMap candidate → create_new,2026-09-21T10:33:25.018844Z
village:215703:row4023:village_point_Shan_v96.zip_mmr_shn_pplp2_250k_unodc_mimu.shp,village:215703:row4023:village_point_Shan_v96.zip_mmr_shn_pplp2_250k_unodc_mimu.shp,create_new,,,,,auto: no CoreMap candidate → create_new,2026-09-21T10:33:25.018844Z
village:215704:row4024:village_point_Shan_v96.zip_mmr_shn_pplp2_250k_unodc_mimu.shp,village:215704:row4024:village_point_Shan_v96.zip_mmr_shn_pplp2_250k_unodc_mimu.shp,create_new,,,,,auto: no CoreMap candidate → create_new,2026-09-21T10:33:25.018844Z
village:215705:row4025:village_point_Shan_v96.zip_mmr_shn_pplp2_250k_unodc_mimu.shp,village:215705:row4025:village_point_Shan_v96.zip_mmr_shn_pplp2_250k_unodc_mimu.shp,create_new,,,,,auto: no CoreMap candidate → create_new,2026-09-21T10:33:25.018844Z
village:215706:row4026:village_point_Shan_v96.zip_mmr_shn_pplp2_250k_unodc_mimu.shp,village:215706:row4026:village_point_Shan_v96.zip_mmr_shn_pplp2_250k_unodc_mimu.shp,create_new,,,,,auto: no CoreMap candidate → create_new,2026-09-21T10:33:25.018844Z
village:215707:row4027:village_point_Shan_v96.zip_mmr_shn_pplp2_250k_unodc_mimu.shp,village:215707:row4027:village_point_Shan_v96.zip_mmr_shn_pplp2_250k_unodc_mimu.shp,create_new,,,,,auto: no CoreMap candidate → create_new,2026-09-21T10:33:25.018844Z
village:215708:row4028:village_point_Shan_v96.zip_mmr_shn_pplp2_250k_unodc_mimu.shp,village:215708:row4028:village_point_Shan_v96.zip_mmr_shn_pplp2_250k_unodc_mimu.shp,create_new,,,,,auto: no CoreMap candidate → create_new,2026-09-21T10:33:25.018844Z
village:215709:row4029:village_point_Shan_v96.zip_mmr_shn_pplp2_250k_unodc_mimu.shp,village:215709:row4029:village_point_Shan_v96.zip_mmr_shn_pplp2_250k_unodc_mimu.shp,create_new,,,,,auto: no CoreMap candidate → create_new,2026-09-21T10:33:25.018844Z
village:215710:row4030:village_point_Shan_v96.zip_mmr_shn_pplp2_250k_unodc_mimu.shp,village:215710:row4030:village_point_Shan_v96.zip_mmr_shn_pplp2_250k_unodc_mimu.shp,create_new,,,,,auto: no CoreMap candidate → create_new,2026-09-21T10:33:25.018844Z
village:215711:row4031:village_point_Shan_v96.zip_mmr_shn_pplp2_250k_unodc_mimu.shp,village:215711:row4031:village_point_Shan_v96.zip_mmr_shn_pplp2_250k_unodc_mimu.shp,create_new,,,,,auto: no CoreMap candidate → create_new,2026-09-21T10:33:25.018844Z
village:215719:row4032:village_point_Shan_v96.zip_mmr_shn_pplp2_250k_unodc_mimu.shp,village:215719:row4032:village_point_Shan_v96.zip_mmr_shn_pplp2_250k_unodc_mimu.shp,create_new,,,,,auto: no CoreMap candidate → create_new,2026-09-21T10:33:25.018844Z
village:215718:row4033:village_point_Shan_v96.zip_mmr_shn_pplp2_250k_unodc_mimu.shp,village:215718:row4033:village_point_Shan_v96.zip_mmr_shn_pplp2_250k_unodc_mimu.shp,create_new,,,,,auto: no CoreMap candidate → create_new,2026-09-21T10:33:25.018844Z
village:215722:row4034:village_point_Shan_v96.zip_mmr_shn_pplp2_250k_unodc_mimu.shp,village:215722:row4034:village_point_Shan_v96.zip_mmr_shn_pplp2_250k_unodc_mimu.shp,create_new,,,,,auto: no CoreMap candidate → create_new,2026-09-21T10:33:25.018844Z
village:215723:row4035:village_point_Shan_v96.zip_mmr_shn_pplp2_250k_unodc_mimu.shp,village:215723:row4035:village_point_Shan_v96.zip_mmr_shn_pplp2_250k_unodc_mimu.shp,create_new,,,,,auto: no CoreMap candidate → create_new,2026-09-21T10:33:25.018844Z
village:215725:row4036:village_point_Shan_v96.zip_mmr_shn_pplp2_250k_unodc_mimu.shp,village:215725:row4036:village_point_Shan_v96.zip_mmr_shn_pplp2_250k_unodc_mimu.shp,create_new,,,,,auto: no CoreMap candidate → create_new,2026-09-21T10:33:25.018844Z
village:215727:row4037:village_point_Shan_v96.zip_mmr_shn_pplp2_250k_unodc_mimu.shp,village:215727:row4037:village_point_Shan_v96.zip_mmr_shn_pplp2_250k_unodc_mimu.shp,create_new,,,,,auto: no CoreMap candidate → create_new,2026-09-21T10:33:25.018844Z
village:215730:row4038:village_point_Shan_v96.zip_mmr_shn_pplp2_250k_unodc_mimu.shp,village:215730:row4038:village_point_Shan_v96.zip_mmr_shn_pplp2_250k_unodc_mimu.shp,create_new,,,,,auto: no CoreMap candidate → create_new,2026-09-21T10:33:25.018844Z
village:215742:row4039:village_point_Shan_v96.zip_mmr_shn_pplp2_250k_unodc_mimu.shp,village:215742:row4039:village_point_Shan_v96.zip_mmr_shn_pplp2_250k_unodc_mimu.shp,create_new,,,,,auto: no CoreMap candidate → create_new,2026-09-21T10:33:25.018844Z
village:215751:row4040:village_point_Shan_v96.zip_mmr_shn_pplp2_250k_unodc_mimu.shp,village:215751:row4040:village_point_Shan_v96.zip_mmr_shn_pplp2_250k_unodc_mimu.shp,create_new,,,,,auto: no CoreMap candidate → create_new,2026-09-21T10:33:25.018844Z
village:215752:row4041:village_point_Shan_v96.zip_mmr_shn_pplp2_250k_unodc_mimu.shp,village:215752:row4041:village_point_Shan_v96.zip_mmr_shn_pplp2_250k_unodc_mimu.shp,create_new,,,,,auto: no CoreMap candidate → create_new,2026-09-21T10:33:25.018844Z
village:215753:row4042:village_point_Shan_v96.zip_mmr_shn_pplp2_250k_unodc_mimu.shp,village:215753:row4042:village_point_Shan_v96.zip_mmr_shn_pplp2_250k_unodc_mimu.shp,create_new,,,,,auto: no CoreMap candidate → create_new,2026-09-21T10:33:25.018844Z
village:215754:row4043:village_point_Shan_v96.zip_mmr_shn_pplp2_250k_unodc_mimu.shp,village:215754:row4043:village_point_Shan_v96.zip_mmr_shn_pplp2_250k_unodc_mimu.shp,create_new,,,,,auto: no CoreMap candidate → create_new,2026-09-21T10:33:25.018844Z
village:215755:row4044:village_point_Shan_v96.zip_mmr_shn_pplp2_250k_unodc_mimu.shp,village:215755:row4044:village_point_Shan_v96.zip_mmr_shn_pplp2_250k_unodc_mimu.shp,create_new,,,,,auto: no CoreMap candidate → create_new,2026-09-21T10:33:25.018844Z
village:215757:row4045:village_point_Shan_v96.zip_mmr_shn_pplp2_250k_unodc_mimu.shp,village:215757:row4045:village_point_Shan_v96.zip_mmr_shn_pplp2_250k_unodc_mimu.shp,create_new,,,,,auto: no CoreMap candidate → create_new,2026-09-21T10:33:25.018844Z
village:215758:row4046:village_point_Shan_v96.zip_mmr_shn_pplp2_250k_unodc_mimu.shp,village:215758:row4046:village_point_Shan_v96.zip_mmr_shn_pplp2_250k_unodc_mimu.shp,create_new,,,,,auto: no CoreMap candidate → create_new,2026-09-21T10:33:25.018844Z
village:215760:row4047:village_point_Shan_v96.zip_mmr_shn_pplp2_250k_unodc_mimu.shp,village:215760:row4047:village_point_Shan_v96.zip_mmr_shn_pplp2_250k_unodc_mimu.shp,create_new,,,,,auto: no CoreMap candidate → create_new,2026-09-21T10:33:25.018844Z
village:215761:row4048:village_point_Shan_v96.zip_mmr_shn_pplp2_250k_unodc_mimu.shp,village:215761:row4048:village_point_Shan_v96.zip_mmr_shn_pplp2_250k_unodc_mimu.shp,create_new,,,,,auto: no CoreMap candidate → create_new,2026-09-21T10:33:25.018844Z
village:215765:row4049:village_point_Shan_v96.zip_mmr_shn_pplp2_250k_unodc_mimu.shp,village:215765:row4049:village_point_Shan_v96.zip_mmr_shn_pplp2_250k_unodc_mimu.shp,create_new,,,,,auto: no CoreMap candidate → create_new,2026-09-21T10:33:25.018844Z
village:215784:row4050:village_point_Shan_v96.zip_mmr_shn_pplp2_250k_unodc_mimu.shp,village:215784:row4050:village_point_Shan_v96.zip_mmr_shn_pplp2_250k_unodc_mimu.shp,create_new,,,,,auto: no CoreMap candidate → create_new,2026-09-21T10:33:25.018844Z
village:215785:row4051:village_point_Shan_v96.zip_mmr_shn_pplp2_250k_unodc_mimu.shp,village:215785:row4051:village_point_Shan_v96.zip_mmr_shn_pplp2_250k_unodc_mimu.shp,create_new,,,,,auto: no CoreMap candidate → create_new,2026-09-21T10:33:25.018844Z
village:215786:row4052:village_point_Shan_v96.zip_mmr_shn_pplp2_250k_unodc_mimu.shp,village:215786:row4052:village_point_Shan_v96.zip_mmr_shn_pplp2_250k_unodc_mimu.shp,create_new,,,,,auto: no CoreMap candidate → create_new,2026-09-21T10:33:25.018844Z
village:215787:row4053:village_point_Shan_v96.zip_mmr_shn_pplp2_250k_unodc_mimu.shp,village:215787:row4053:village_point_Shan_v96.zip_mmr_shn_pplp2_250k_unodc_mimu.shp,create_new,,,,,auto: no CoreMap candidate → create_new,2026-09-21T10:33:25.018844Z
village:215802:row4054:village_point_Shan_v96.zip_mmr_shn_pplp2_250k_unodc_mimu.shp,village:215802:row4054:village_point_Shan_v96.zip_mmr_shn_pplp2_250k_unodc_mimu.shp,create_new,,,,,auto: no CoreMap candidate → create_new,2026-09-21T10:33:25.018844Z
village:215803:row4055:village_point_Shan_v96.zip_mmr_shn_pplp2_250k_unodc_mimu.shp,village:215803:row4055:village_point_Shan_v96.zip_mmr_shn_pplp2_250k_unodc_mimu.shp,create_new,,,,,auto: no CoreMap candidate → create_new,2026-09-21T10:33:25.018844Z
village:215804:row4056:village_point_Shan_v96.zip_mmr_shn_pplp2_250k_unodc_mimu.shp,village:215804:row4056:village_point_Shan_v96.zip_mmr_shn_pplp2_250k_unodc_mimu.shp,create_new,,,,,auto: no CoreMap candidate → create_new,2026-09-21T10:33:25.018844Z
village:215805:row4057:village_point_Shan_v96.zip_mmr_shn_pplp2_250k_unodc_mimu.shp,village:215805:row4057:village_point_Shan_v96.zip_mmr_shn_pplp2_250k_unodc_mimu.shp,create_new,,,,,auto: no CoreMap candidate → create_new,2026-09-21T10:33:25.018844Z
village:215806:row4058:village_point_Shan_v96.zip_mmr_shn_pplp2_250k_unodc_mimu.shp,village:215806:row4058:village_point_Shan_v96.zip_mmr_shn_pplp2_250k_unodc_mimu.shp,create_new,,,,,auto: no CoreMap candidate → create_new,2026-09-21T10:33:25.018844Z
village:215788:row4059:village_point_Shan_v96.zip_mmr_shn_pplp2_250k_unodc_mimu.shp,village:215788:row4059:village_point_Shan_v96.zip_mmr_shn_pplp2_250k_unodc_mimu.shp,create_new,,,,,auto: no CoreMap candidate → create_new,2026-09-21T10:33:25.018844Z
village:215789:row4060:village_point_Shan_v96.zip_mmr_shn_pplp2_250k_unodc_mimu.shp,village:215789:row4060:village_point_Shan_v96.zip_mmr_shn_pplp2_250k_unodc_mimu.shp,create_new,,,,,auto: no CoreMap candidate → create_new,2026-09-21T10:33:25.018844Z
village:215790:row4061:village_point_Shan_v96.zip_mmr_shn_pplp2_250k_unodc_mimu.shp,village:215790:row4061:village_point_Shan_v96.zip_mmr_shn_pplp2_250k_unodc_mimu.shp,create_new,,,,,auto: no CoreMap candidate → create_new,2026-09-21T10:33:25.018844Z
village:215791:row4062:village_point_Shan_v96.zip_mmr_shn_pplp2_250k_unodc_mimu.shp,village:215791:row4062:village_point_Shan_v96.zip_mmr_shn_pplp2_250k_unodc_mimu.shp,create_new,,,,,auto: no CoreMap candidate → create_new,2026-09-21T10:33:25.018844Z
village:215792:row4063:village_point_Shan_v96.zip_mmr_shn_pplp2_250k_unodc_mimu.shp,village:215792:row4063:village_point_Shan_v96.zip_mmr_shn_pplp2_250k_unodc_mimu.shp,create_new,,,,,auto: no CoreMap candidate → create_new,2026-09-21T10:33:25.018844Z
village:215793:row4064:village_point_Shan_v96.zip_mmr_shn_pplp2_250k_unodc_mimu.shp,village:215793:row4064:village_point_Shan_v96.zip_mmr_shn_pplp2_250k_unodc_mimu.shp,create_new,,,,,auto: no CoreMap candidate → create_new,2026-09-21T10:33:25.018844Z
village:215794:row4065:village_point_Shan_v96.zip_mmr_shn_pplp2_250k_unodc_mimu.shp,village:215794:row4065:village_point_Shan_v96.zip_mmr_shn_pplp2_250k_unodc_mimu.shp,create_new,,,,,auto: no CoreMap candidate → create_new,2026-09-21T10:33:25.018844Z
village:216701:row4114:village_point_Shan_v96.zip_mmr_shn_pplp2_250k_unodc_mimu.shp,village:216701:row4114:village_point_Shan_v96.zip_mmr_shn_pplp2_250k_unodc_mimu.shp,create_new,,,,,auto: no CoreMap candidate → create_new,2026-09-21T10:33:25.018844Z
village:216703:row4115:village_point_Shan_v96.zip_mmr_shn_pplp2_250k_unodc_mimu.shp,village:216703:row4115:village_point_Shan_v96.zip_mmr_shn_pplp2_250k_unodc_mimu.shp,create_new,,,,,auto: no CoreMap candidate → create_new,2026-09-21T10:33:25.018844Z
village:216687:row4116:village_point_Shan_v96.zip_mmr_shn_pplp2_250k_unodc_mimu.shp,village:216687:row4116:village_point_Shan_v96.zip_mmr_shn_pplp2_250k_unodc_mimu.shp,create_new,,,,,auto: no CoreMap candidate → create_new,2026-09-21T10:33:25.018844Z
village:216691:row4117:village_point_Shan_v96.zip_mmr_shn_pplp2_250k_unodc_mimu.shp,village:216691:row4117:village_point_Shan_v96.zip_mmr_shn_pplp2_250k_unodc_mimu.shp,create_new,,,,,auto: no CoreMap candidate → create_new,2026-09-21T10:33:25.018844Z
village:216682:row4118:village_point_Shan_v96.zip_mmr_shn_pplp2_250k_unodc_mimu.shp,village:216682:row4118:village_point_Shan_v96.zip_mmr_shn_pplp2_250k_unodc_mimu.shp,create_new,,,,,auto: no CoreMap candidate → create_new,2026-09-21T10:33:25.018844Z
village:216683:row4119:village_point_Shan_v96.zip_mmr_shn_pplp2_250k_unodc_mimu.shp,village:216683:row4119:village_point_Shan_v96.zip_mmr_shn_pplp2_250k_unodc_mimu.shp,create_new,,,,,auto: no CoreMap candidate → create_new,2026-09-21T10:33:25.018844Z
village:216684:row4120:village_point_Shan_v96.zip_mmr_shn_pplp2_250k_unodc_mimu.shp,village:216684:row4120:village_point_Shan_v96.zip_mmr_shn_pplp2_250k_unodc_mimu.shp,create_new,,,,,auto: no CoreMap candidate → create_new,2026-09-21T10:33:25.018844Z
village:216685:row4121:village_point_Shan_v96.zip_mmr_shn_pplp2_250k_unodc_mimu.shp,village:216685:row4121:village_point_Shan_v96.zip_mmr_shn_pplp2_250k_unodc_mimu.shp,create_new,,,,,auto: no CoreMap candidate → create_new,2026-09-21T10:33:25.018844Z
village:215816:row4122:village_point_Shan_v96.zip_mmr_shn_pplp2_250k_unodc_mimu.shp,village:215816:row4122:village_point_Shan_v96.zip_mmr_shn_pplp2_250k_unodc_mimu.shp,create_new,,,,,auto: no CoreMap candidate → create_new,2026-09-21T10:33:25.018844Z
village:215819:row4123:village_point_Shan_v96.zip_mmr_shn_pplp2_250k_unodc_mimu.shp,village:215819:row4123:village_point_Shan_v96.zip_mmr_shn_pplp2_250k_unodc_mimu.shp,create_new,,,,,auto: no CoreMap candidate → create_new,2026-09-21T10:33:25.018844Z
village:215817:row4124:village_point_Shan_v96.zip_mmr_shn_pplp2_250k_unodc_mimu.shp,village:215817:row4124:village_point_Shan_v96.zip_mmr_shn_pplp2_250k_unodc_mimu.shp,create_new,,,,,auto: no CoreMap candidate → create_new,2026-09-21T10:33:25.018844Z
village:215807:row4125:village_point_Shan_v96.zip_mmr_shn_pplp2_250k_unodc_mimu.shp,village:215807:row4125:village_point_Shan_v96.zip_mmr_shn_pplp2_250k_unodc_mimu.shp,create_new,,,,,auto: no CoreMap candidate → create_new,2026-09-21T10:33:25.018844Z
village:215808:row4126:village_point_Shan_v96.zip_mmr_shn_pplp2_250k_unodc_mimu.shp,village:215808:row4126:village_point_Shan_v96.zip_mmr_shn_pplp2_250k_unodc_mimu.shp,create_new,,,,,auto: no CoreMap candidate → create_new,2026-09-21T10:33:25.018844Z
village:215809:row4127:village_point_Shan_v96.zip_mmr_shn_pplp2_250k_unodc_mimu.shp,village:215809:row4127:village_point_Shan_v96.zip_mmr_shn_pplp2_250k_unodc_mimu.shp,create_new,,,,,auto: no CoreMap candidate → create_new,2026-09-21T10:33:25.018844Z
village:215810:row4128:village_point_Shan_v96.zip_mmr_shn_pplp2_250k_unodc_mimu.shp,village:215810:row4128:village_point_Shan_v96.zip_mmr_shn_pplp2_250k_unodc_mimu.shp,create_new,,,,,auto: no CoreMap candidate → create_new,2026-09-21T10:33:25.018844Z
village:215811:row4129:village_point_Shan_v96.zip_mmr_shn_pplp2_250k_unodc_mimu.shp,village:215811:row4129:village_point_Shan_v96.zip_mmr_shn_pplp2_250k_unodc_mimu.shp,create_new,,,,,auto: no CoreMap candidate → create_new,2026-09-21T10:33:25.018844Z
village:215812:row4130:village_point_Shan_v96.zip_mmr_shn_pplp2_250k_unodc_mimu.shp,village:215812:row4130:village_point_Shan_v96.zip_mmr_shn_pplp2_250k_unodc_mimu.shp,create_new,,,,,auto: no CoreMap candidate → create_new,2026-09-21T10:33:25.018844Z
village:215857:row4131:village_point_Shan_v96.zip_mmr_shn_pplp2_250k_unodc_mimu.shp,village:215857:row4131:village_point_Shan_v96.zip_mmr_shn_pplp2_250k_unodc_mimu.shp,create_new,,,,,auto: no CoreMap candidate → create_new,2026-09-21T10:33:25.018844Z
village:215858:row4132:village_point_Shan_v96.zip_mmr_shn_pplp2_250k_unodc_mimu.shp,village:215858:row4132:village_point_Shan_v96.zip_mmr_shn_pplp2_250k_unodc_mimu.shp,create_new,,,,,auto: no CoreMap candidate → create_new,2026-09-21T10:33:25.018844Z
village:215826:row4133:village_point_Shan_v96.zip_mmr_shn_pplp2_250k_unodc_mimu.shp,village:215826:row4133:village_point_Shan_v96.zip_mmr_shn_pplp2_250k_unodc_mimu.shp,create_new,,,,,auto: no CoreMap candidate → create_new,2026-09-21T10:33:25.018844Z
village:215827:row4134:village_point_Shan_v96.zip_mmr_shn_pplp2_250k_unodc_mimu.shp,village:215827:row4134:village_point_Shan_v96.zip_mmr_shn_pplp2_250k_unodc_mimu.shp,create_new,,,,,auto: no CoreMap candidate → create_new,2026-09-21T10:33:25.018844Z
village:215830:row4135:village_point_Shan_v96.zip_mmr_shn_pplp2_250k_unodc_mimu.shp,village:215830:row4135:village_point_Shan_v96.zip_mmr_shn_pplp2_250k_unodc_mimu.shp,create_new,,,,,auto: no CoreMap candidate → create_new,2026-09-21T10:33:25.018844Z
village:215839:row4136:village_point_Shan_v96.zip_mmr_shn_pplp2_250k_unodc_mimu.shp,village:215839:row4136:village_point_Shan_v96.zip_mmr_shn_pplp2_250k_unodc_mimu.shp,create_new,,,,,auto: no CoreMap candidate → create_new,2026-09-21T10:33:25.018844Z
village:215852:row4137:village_point_Shan_v96.zip_mmr_shn_pplp2_250k_unodc_mimu.shp,village:215852:row4137:village_point_Shan_v96.zip_mmr_shn_pplp2_250k_unodc_mimu.shp,create_new,,,,,auto: no CoreMap candidate → create_new,2026-09-21T10:33:25.018844Z
village:215853:row4138:village_point_Shan_v96.zip_mmr_shn_pplp2_250k_unodc_mimu.shp,village:215853:row4138:village_point_Shan_v96.zip_mmr_shn_pplp2_250k_unodc_mimu.shp,create_new,,,,,auto: no CoreMap candidate → create_new,2026-09-21T10:33:25.018844Z
village:215854:row4139:village_point_Shan_v96.zip_mmr_shn_pplp2_250k_unodc_mimu.shp,village:215854:row4139:village_point_Shan_v96.zip_mmr_shn_pplp2_250k_unodc_mimu.shp,create_new,,,,,auto: no CoreMap candidate → create_new,2026-09-21T10:33:25.018844Z
village:215855:row4140:village_point_Shan_v96.zip_mmr_shn_pplp2_250k_unodc_mimu.shp,village:215855:row4140:village_point_Shan_v96.zip_mmr_shn_pplp2_250k_unodc_mimu.shp,create_new,,,,,auto: no CoreMap candidate → create_new,2026-09-21T10:33:25.018844Z
village:215840:row4141:village_point_Shan_v96.zip_mmr_shn_pplp2_250k_unodc_mimu.shp,village:215840:row4141:village_point_Shan_v96.zip_mmr_shn_pplp2_250k_unodc_mimu.shp,create_new,,,,,auto: no CoreMap candidate → create_new,2026-09-21T10:33:25.018844Z
village:215842:row4142:village_point_Shan_v96.zip_mmr_shn_pplp2_250k_unodc_mimu.shp,village:215842:row4142:village_point_Shan_v96.zip_mmr_shn_pplp2_250k_unodc_mimu.shp,create_new,,,,,auto: no CoreMap candidate → create_new,2026-09-21T10:33:25.018844Z
village:215843:row4143:village_point_Shan_v96.zip_mmr_shn_pplp2_250k_unodc_mimu.shp,village:215843:row4143:village_point_Shan_v96.zip_mmr_shn_pplp2_250k_unodc_mimu.shp,create_new,,,,,auto: no CoreMap candidate → create_new,2026-09-21T10:33:25.018844Z
village:216616:row4735:village_point_Shan_v96.zip_mmr_shn_pplp2_250k_unodc_mimu.shp,village:216616:row4735:village_point_Shan_v96.zip_mmr_shn_pplp2_250k_unodc_mimu.shp,create_new,,,,,auto: no CoreMap candidate → create_new,2026-09-21T10:33:25.018844Z
village:216617:row4736:village_point_Shan_v96.zip_mmr_shn_pplp2_250k_unodc_mimu.shp,village:216617:row4736:village_point_Shan_v96.zip_mmr_shn_pplp2_250k_unodc_mimu.shp,create_new,,,,,auto: no CoreMap candidate → create_new,2026-09-21T10:33:25.018844Z
village:216618:row4737:village_point_Shan_v96.zip_mmr_shn_pplp2_250k_unodc_mimu.shp,village:216618:row4737:village_point_Shan_v96.zip_mmr_shn_pplp2_250k_unodc_mimu.shp,create_new,,,,,auto: no CoreMap candidate → create_new,2026-09-21T10:33:25.018844Z
village:216619:row4738:village_point_Shan_v96.zip_mmr_shn_pplp2_250k_unodc_mimu.shp,village:216619:row4738:village_point_Shan_v96.zip_mmr_shn_pplp2_250k_unodc_mimu.shp,create_new,,,,,auto: no CoreMap candidate → create_new,2026-09-21T10:33:25.018844Z
village:216621:row4739:village_point_Shan_v96.zip_mmr_shn_pplp2_250k_unodc_mimu.shp,village:216621:row4739:village_point_Shan_v96.zip_mmr_shn_pplp2_250k_unodc_mimu.shp,create_new,,,,,auto: no CoreMap candidate → create_new,2026-09-21T10:33:25.018844Z
village:216593:row4740:village_point_Shan_v96.zip_mmr_shn_pplp2_250k_unodc_mimu.shp,village:216593:row4740:village_point_Shan_v96.zip_mmr_shn_pplp2_250k_unodc_mimu.shp,create_new,,,,,auto: no CoreMap candidate → create_new,2026-09-21T10:33:25.018844Z
village:216594:row4741:village_point_Shan_v96.zip_mmr_shn_pplp2_250k_unodc_mimu.shp,village:216594:row4741:village_point_Shan_v96.zip_mmr_shn_pplp2_250k_unodc_mimu.shp,create_new,,,,,auto: no CoreMap candidate → create_new,2026-09-21T10:33:25.018844Z
village:216595:row4742:village_point_Shan_v96.zip_mmr_shn_pplp2_250k_unodc_mimu.shp,village:216595:row4742:village_point_Shan_v96.zip_mmr_shn_pplp2_250k_unodc_mimu.shp,create_new,,,,,auto: no CoreMap candidate → create_new,2026-09-21T10:33:25.018844Z
village:216596:row4743:village_point_Shan_v96.zip_mmr_shn_pplp2_250k_unodc_mimu.shp,village:216596:row4743:village_point_Shan_v96.zip_mmr_shn_pplp2_250k_unodc_mimu.shp,create_new,,,,,auto: no CoreMap candidate → create_new,2026-09-21T10:33:25.018844Z
village:216597:row4744:village_point_Shan_v96.zip_mmr_shn_pplp2_250k_unodc_mimu.shp,village:216597:row4744:village_point_Shan_v96.zip_mmr_shn_pplp2_250k_unodc_mimu.shp,create_new,,,,,auto: no CoreMap candidate → create_new,2026-09-21T10:33:25.018844Z
village:216598:row4745:village_point_Shan_v96.zip_mmr_shn_pplp2_250k_unodc_mimu.shp,village:216598:row4745:village_point_Shan_v96.zip_mmr_shn_pplp2_250k_unodc_mimu.shp,create_new,,,,,auto: no CoreMap candidate → create_new,2026-09-21T10:33:25.018844Z
village:216600:row4746:village_point_Shan_v96.zip_mmr_shn_pplp2_250k_unodc_mimu.shp,village:216600:row4746:village_point_Shan_v96.zip_mmr_shn_pplp2_250k_unodc_mimu.shp,create_new,,,,,auto: no CoreMap candidate → create_new,2026-09-21T10:33:25.018844Z
village:216580:row4747:village_point_Shan_v96.zip_mmr_shn_pplp2_250k_unodc_mimu.shp,village:216580:row4747:village_point_Shan_v96.zip_mmr_shn_pplp2_250k_unodc_mimu.shp,create_new,,,,,auto: no CoreMap candidate → create_new,2026-09-21T10:33:25.018844Z
village:216581:row4748:village_point_Shan_v96.zip_mmr_shn_pplp2_250k_unodc_mimu.shp,village:216581:row4748:village_point_Shan_v96.zip_mmr_shn_pplp2_250k_unodc_mimu.shp,create_new,,,,,auto: no CoreMap candidate → create_new,2026-09-21T10:33:25.018844Z
village:216582:row4749:village_point_Shan_v96.zip_mmr_shn_pplp2_250k_unodc_mimu.shp,village:216582:row4749:village_point_Shan_v96.zip_mmr_shn_pplp2_250k_unodc_mimu.shp,create_new,,,,,auto: no CoreMap candidate → create_new,2026-09-21T10:33:25.018844Z
village:216583:row4750:village_point_Shan_v96.zip_mmr_shn_pplp2_250k_unodc_mimu.shp,village:216583:row4750:village_point_Shan_v96.zip_mmr_shn_pplp2_250k_unodc_mimu.shp,create_new,,,,,auto: no CoreMap candidate → create_new,2026-09-21T10:33:25.018844Z
village:216584:row4751:village_point_Shan_v96.zip_mmr_shn_pplp2_250k_unodc_mimu.shp,village:216584:row4751:village_point_Shan_v96.zip_mmr_shn_pplp2_250k_unodc_mimu.shp,create_new,,,,,auto: no CoreMap candidate → create_new,2026-09-21T10:33:25.018844Z
village:216585:row4752:village_point_Shan_v96.zip_mmr_shn_pplp2_250k_unodc_mimu.shp,village:216585:row4752:village_point_Shan_v96.zip_mmr_shn_pplp2_250k_unodc_mimu.shp,create_new,,,,,auto: no CoreMap candidate → create_new,2026-09-21T10:33:25.018844Z
village:216586:row4753:village_point_Shan_v96.zip_mmr_shn_pplp2_250k_unodc_mimu.shp,village:216586:row4753:village_point_Shan_v96.zip_mmr_shn_pplp2_250k_unodc_mimu.shp,create_new,,,,,auto: no CoreMap candidate → create_new,2026-09-21T10:33:25.018844Z
village:216587:row4754:village_point_Shan_v96.zip_mmr_shn_pplp2_250k_unodc_mimu.shp,village:216587:row4754:village_point_Shan_v96.zip_mmr_shn_pplp2_250k_unodc_mimu.shp,create_new,,,,,auto: no CoreMap candidate → create_new,2026-09-21T10:33:25.018844Z
village:216588:row4755:village_point_Shan_v96.zip_mmr_shn_pplp2_250k_unodc_mimu.shp,village:216588:row4755:village_point_Shan_v96.zip_mmr_shn_pplp2_250k_unodc_mimu.shp,create_new,,,,,auto: no CoreMap candidate → create_new,2026-09-21T10:33:25.018844Z
village:216589:row4756:village_point_Shan_v96.zip_mmr_shn_pplp2_250k_unodc_mimu.shp,village:216589:row4756:village_point_Shan_v96.zip_mmr_shn_pplp2_250k_unodc_mimu.shp,create_new,,,,,auto: no CoreMap candidate → create_new,2026-09-21T10:33:25.018844Z
village:216590:row4757:village_point_Shan_v96.zip_mmr_shn_pplp2_250k_unodc_mimu.shp,village:216590:row4757:village_point_Shan_v96.zip_mmr_shn_pplp2_250k_unodc_mimu.shp,create_new,,,,,auto: no CoreMap candidate → create_new,2026-09-21T10:33:25.018844Z
village:216591:row4758:village_point_Shan_v96.zip_mmr_shn_pplp2_250k_unodc_mimu.shp,village:216591:row4758:village_point_Shan_v96.zip_mmr_shn_pplp2_250k_unodc_mimu.shp,create_new,,,,,auto: no CoreMap candidate → create_new,2026-09-21T10:33:25.018844Z
village:216592:row4759:village_point_Shan_v96.zip_mmr_shn_pplp2_250k_unodc_mimu.shp,village:216592:row4759:village_point_Shan_v96.zip_mmr_shn_pplp2_250k_unodc_mimu.shp,create_new,,,,,auto: no CoreMap candidate → create_new,2026-09-21T10:33:25.018844Z
village:216633:row4760:village_point_Shan_v96.zip_mmr_shn_pplp2_250k_unodc_mimu.shp,village:216633:row4760:village_point_Shan_v96.zip_mmr_shn_pplp2_250k_unodc_mimu.shp,create_new,,,,,auto: no CoreMap candidate → create_new,2026-09-21T10:33:25.018844Z
village:216634:row4761:village_point_Shan_v96.zip_mmr_shn_pplp2_250k_unodc_mimu.shp,village:216634:row4761:village_point_Shan_v96.zip_mmr_shn_pplp2_250k_unodc_mimu.shp,create_new,,,,,auto: no CoreMap candidate → create_new,2026-09-21T10:33:25.018844Z
village:216635:row4762:village_point_Shan_v96.zip_mmr_shn_pplp2_250k_unodc_mimu.shp,village:216635:row4762:village_point_Shan_v96.zip_mmr_shn_pplp2_250k_unodc_mimu.shp,create_new,,,,,auto: no CoreMap candidate → create_new,2026-09-21T10:33:25.018844Z
village:216601:row4763:village_point_Shan_v96.zip_mmr_shn_pplp2_250k_unodc_mimu.shp,village:216601:row4763:village_point_Shan_v96.zip_mmr_shn_pplp2_250k_unodc_mimu.shp,create_new,,,,,auto: no CoreMap candidate → create_new,2026-09-21T10:33:25.018844Z
village:216603:row4764:village_point_Shan_v96.zip_mmr_shn_pplp2_250k_unodc_mimu.shp,village:216603:row4764:village_point_Shan_v96.zip_mmr_shn_pplp2_250k_unodc_mimu.shp,create_new,,,,,auto: no CoreMap candidate → create_new,2026-09-21T10:33:25.018844Z
village:216604:row4765:village_point_Shan_v96.zip_mmr_shn_pplp2_250k_unodc_mimu.shp,village:216604:row4765:village_point_Shan_v96.zip_mmr_shn_pplp2_250k_unodc_mimu.shp,create_new,,,,,auto: no CoreMap candidate → create_new,2026-09-21T10:33:25.018844Z
village:216605:row4766:village_point_Shan_v96.zip_mmr_shn_pplp2_250k_unodc_mimu.shp,village:216605:row4766:village_point_Shan_v96.zip_mmr_shn_pplp2_250k_unodc_mimu.shp,create_new,,,,,auto: no CoreMap candidate → create_new,2026-09-21T10:33:25.018844Z
village:216606:row4767:village_point_Shan_v96.zip_mmr_shn_pplp2_250k_unodc_mimu.shp,village:216606:row4767:village_point_Shan_v96.zip_mmr_shn_pplp2_250k_unodc_mimu.shp,create_new,,,,,auto: no CoreMap candidate → create_new,2026-09-21T10:33:25.018844Z
village:216608:row4768:village_point_Shan_v96.zip_mmr_shn_pplp2_250k_unodc_mimu.shp,village:216608:row4768:village_point_Shan_v96.zip_mmr_shn_pplp2_250k_unodc_mimu.shp,create_new,,,,,auto: no CoreMap candidate → create_new,2026-09-21T10:33:25.018844Z
village:216610:row4769:village_point_Shan_v96.zip_mmr_shn_pplp2_250k_unodc_mimu.shp,village:216610:row4769:village_point_Shan_v96.zip_mmr_shn_pplp2_250k_unodc_mimu.shp,create_new,,,,,auto: no CoreMap candidate → create_new,2026-09-21T10:33:25.018844Z
village:217452:row5187:village_point_Shan_v96.zip_mmr_shn_pplp2_250k_unodc_mimu.shp,village:217452:row5187:village_point_Shan_v96.zip_mmr_shn_pplp2_250k_unodc_mimu.shp,create_new,,,,,auto: no CoreMap candidate → create_new,2026-09-21T10:33:25.018844Z
village:216547:row5188:village_point_Shan_v96.zip_mmr_shn_pplp2_250k_unodc_mimu.shp,village:216547:row5188:village_point_Shan_v96.zip_mmr_shn_pplp2_250k_unodc_mimu.shp,create_new,,,,,auto: no CoreMap candidate → create_new,2026-09-21T10:33:25.018844Z
village:217457:row5189:village_point_Shan_v96.zip_mmr_shn_pplp2_250k_unodc_mimu.shp,village:217457:row5189:village_point_Shan_v96.zip_mmr_shn_pplp2_250k_unodc_mimu.shp,create_new,,,,,auto: no CoreMap candidate → create_new,2026-09-21T10:33:25.018844Z
village:216549:row5190:village_point_Shan_v96.zip_mmr_shn_pplp2_250k_unodc_mimu.shp,village:216549:row5190:village_point_Shan_v96.zip_mmr_shn_pplp2_250k_unodc_mimu.shp,create_new,,,,,auto: no CoreMap candidate → create_new,2026-09-21T10:33:25.018844Z
village:217453:row5191:village_point_Shan_v96.zip_mmr_shn_pplp2_250k_unodc_mimu.shp,village:217453:row5191:village_point_Shan_v96.zip_mmr_shn_pplp2_250k_unodc_mimu.shp,create_new,,,,,auto: no CoreMap candidate → create_new,2026-09-21T10:33:25.018844Z
village:216550:row5192:village_point_Shan_v96.zip_mmr_shn_pplp2_250k_unodc_mimu.shp,village:216550:row5192:village_point_Shan_v96.zip_mmr_shn_pplp2_250k_unodc_mimu.shp,create_new,,,,,auto: no CoreMap candidate → create_new,2026-09-21T10:33:25.018844Z
village:217451:row5193:village_point_Shan_v96.zip_mmr_shn_pplp2_250k_unodc_mimu.shp,village:217451:row5193:village_point_Shan_v96.zip_mmr_shn_pplp2_250k_unodc_mimu.shp,create_new,,,,,auto: no CoreMap candidate → create_new,2026-09-21T10:33:25.018844Z
village:217454:row5194:village_point_Shan_v96.zip_mmr_shn_pplp2_250k_unodc_mimu.shp,village:217454:row5194:village_point_Shan_v96.zip_mmr_shn_pplp2_250k_unodc_mimu.shp,create_new,,,,,auto: no CoreMap candidate → create_new,2026-09-21T10:33:25.018844Z
village:217455:row5195:village_point_Shan_v96.zip_mmr_shn_pplp2_250k_unodc_mimu.shp,village:217455:row5195:village_point_Shan_v96.zip_mmr_shn_pplp2_250k_unodc_mimu.shp,create_new,,,,,auto: no CoreMap candidate → create_new,2026-09-21T10:33:25.018844Z
village:217456:row5196:village_point_Shan_v96.zip_mmr_shn_pplp2_250k_unodc_mimu.shp,village:217456:row5196:village_point_Shan_v96.zip_mmr_shn_pplp2_250k_unodc_mimu.shp,create_new,,,,,auto: no CoreMap candidate → create_new,2026-09-21T10:33:25.018844Z
village:216553:row5197:village_point_Shan_v96.zip_mmr_shn_pplp2_250k_unodc_mimu.shp,village:216553:row5197:village_point_Shan_v96.zip_mmr_shn_pplp2_250k_unodc_mimu.shp,create_new,,,,,auto: no CoreMap candidate → create_new,2026-09-21T10:33:25.018844Z
village:216554:row5198:village_point_Shan_v96.zip_mmr_shn_pplp2_250k_unodc_mimu.shp,village:216554:row5198:village_point_Shan_v96.zip_mmr_shn_pplp2_250k_unodc_mimu.shp,create_new,,,,,auto: no CoreMap candidate → create_new,2026-09-21T10:33:25.018844Z
village:216555:row5199:village_point_Shan_v96.zip_mmr_shn_pplp2_250k_unodc_mimu.shp,village:216555:row5199:village_point_Shan_v96.zip_mmr_shn_pplp2_250k_unodc_mimu.shp,create_new,,,,,auto: no CoreMap candidate → create_new,2026-09-21T10:33:25.018844Z
village:216556:row5200:village_point_Shan_v96.zip_mmr_shn_pplp2_250k_unodc_mimu.shp,village:216556:row5200:village_point_Shan_v96.zip_mmr_shn_pplp2_250k_unodc_mimu.shp,create_new,,,,,auto: no CoreMap candidate → create_new,2026-09-21T10:33:25.018844Z
village:216557:row5201:village_point_Shan_v96.zip_mmr_shn_pplp2_250k_unodc_mimu.shp,village:216557:row5201:village_point_Shan_v96.zip_mmr_shn_pplp2_250k_unodc_mimu.shp,create_new,,,,,auto: no CoreMap candidate → create_new,2026-09-21T10:33:25.018844Z
village:216559:row5202:village_point_Shan_v96.zip_mmr_shn_pplp2_250k_unodc_mimu.shp,village:216559:row5202:village_point_Shan_v96.zip_mmr_shn_pplp2_250k_unodc_mimu.shp,create_new,,,,,auto: no CoreMap candidate → create_new,2026-09-21T10:33:25.018844Z
village:216560:row5203:village_point_Shan_v96.zip_mmr_shn_pplp2_250k_unodc_mimu.shp,village:216560:row5203:village_point_Shan_v96.zip_mmr_shn_pplp2_250k_unodc_mimu.shp,create_new,,,,,auto: no CoreMap candidate → create_new,2026-09-21T10:33:25.018844Z
village:216562:row5204:village_point_Shan_v96.zip_mmr_shn_pplp2_250k_unodc_mimu.shp,village:216562:row5204:village_point_Shan_v96.zip_mmr_shn_pplp2_250k_unodc_mimu.shp,create_new,,,,,auto: no CoreMap candidate → create_new,2026-09-21T10:33:25.018844Z
village:216561:row5205:village_point_Shan_v96.zip_mmr_shn_pplp2_250k_unodc_mimu.shp,village:216561:row5205:village_point_Shan_v96.zip_mmr_shn_pplp2_250k_unodc_mimu.shp,create_new,,,,,auto: no CoreMap candidate → create_new,2026-09-21T10:33:25.018844Z
village:216563:row5206:village_point_Shan_v96.zip_mmr_shn_pplp2_250k_unodc_mimu.shp,village:216563:row5206:village_point_Shan_v96.zip_mmr_shn_pplp2_250k_unodc_mimu.shp,create_new,,,,,auto: no CoreMap candidate → create_new,2026-09-21T10:33:25.018844Z
village:216564:row5207:village_point_Shan_v96.zip_mmr_shn_pplp2_250k_unodc_mimu.shp,village:216564:row5207:village_point_Shan_v96.zip_mmr_shn_pplp2_250k_unodc_mimu.shp,create_new,,,,,auto: no CoreMap candidate → create_new,2026-09-21T10:33:25.018844Z
village:216565:row5208:village_point_Shan_v96.zip_mmr_shn_pplp2_250k_unodc_mimu.shp,village:216565:row5208:village_point_Shan_v96.zip_mmr_shn_pplp2_250k_unodc_mimu.shp,create_new,,,,,auto: no CoreMap candidate → create_new,2026-09-21T10:33:25.018844Z
village:216566:row5209:village_point_Shan_v96.zip_mmr_shn_pplp2_250k_unodc_mimu.shp,village:216566:row5209:village_point_Shan_v96.zip_mmr_shn_pplp2_250k_unodc_mimu.shp,create_new,,,,,auto: no CoreMap candidate → create_new,2026-09-21T10:33:25.018844Z
village:216558:row5210:village_point_Shan_v96.zip_mmr_shn_pplp2_250k_unodc_mimu.shp,village:216558:row5210:village_point_Shan_v96.zip_mmr_shn_pplp2_250k_unodc_mimu.shp,create_new,,,,,auto: no CoreMap candidate → create_new,2026-09-21T10:33:25.018844Z
village:216567:row5211:village_point_Shan_v96.zip_mmr_shn_pplp2_250k_unodc_mimu.shp,village:216567:row5211:village_point_Shan_v96.zip_mmr_shn_pplp2_250k_unodc_mimu.shp,create_new,,,,,auto: no CoreMap candidate → create_new,2026-09-21T10:33:25.018844Z
village:216568:row5212:village_point_Shan_v96.zip_mmr_shn_pplp2_250k_unodc_mimu.shp,village:216568:row5212:village_point_Shan_v96.zip_mmr_shn_pplp2_250k_unodc_mimu.shp,create_new,,,,,auto: no CoreMap candidate → create_new,2026-09-21T10:33:25.018844Z
village:216569:row5213:village_point_Shan_v96.zip_mmr_shn_pplp2_250k_unodc_mimu.shp,village:216569:row5213:village_point_Shan_v96.zip_mmr_shn_pplp2_250k_unodc_mimu.shp,create_new,,,,,auto: no CoreMap candidate → create_new,2026-09-21T10:33:25.018844Z
village:216570:row5214:village_point_Shan_v96.zip_mmr_shn_pplp2_250k_unodc_mimu.shp,village:216570:row5214:village_point_Shan_v96.zip_mmr_shn_pplp2_250k_unodc_mimu.shp,create_new,,,,,auto: no CoreMap candidate → create_new,2026-09-21T10:33:25.018844Z
village:216571:row5215:village_point_Shan_v96.zip_mmr_shn_pplp2_250k_unodc_mimu.shp,village:216571:row5215:village_point_Shan_v96.zip_mmr_shn_pplp2_250k_unodc_mimu.shp,create_new,,,,,auto: no CoreMap candidate → create_new,2026-09-21T10:33:25.018844Z
village:216572:row5216:village_point_Shan_v96.zip_mmr_shn_pplp2_250k_unodc_mimu.shp,village:216572:row5216:village_point_Shan_v96.zip_mmr_shn_pplp2_250k_unodc_mimu.shp,create_new,,,,,auto: no CoreMap candidate → create_new,2026-09-21T10:33:25.018844Z
village:216573:row5217:village_point_Shan_v96.zip_mmr_shn_pplp2_250k_unodc_mimu.shp,village:216573:row5217:village_point_Shan_v96.zip_mmr_shn_pplp2_250k_unodc_mimu.shp,create_new,,,,,auto: no CoreMap candidate → create_new,2026-09-21T10:33:25.018844Z
village:216574:row5218:village_point_Shan_v96.zip_mmr_shn_pplp2_250k_unodc_mimu.shp,village:216574:row5218:village_point_Shan_v96.zip_mmr_shn_pplp2_250k_unodc_mimu.shp,create_new,,,,,auto: no CoreMap candidate → create_new,2026-09-21T10:33:25.018844Z
village:215863:row5219:village_point_Shan_v96.zip_mmr_shn_pplp2_250k_unodc_mimu.shp,village:215863:row5219:village_point_Shan_v96.zip_mmr_shn_pplp2_250k_unodc_mimu.shp,create_new,,,,,auto: no CoreMap candidate → create_new,2026-09-21T10:33:25.018844Z
village:215878:row5220:village_point_Shan_v96.zip_mmr_shn_pplp2_250k_unodc_mimu.shp,village:215878:row5220:village_point_Shan_v96.zip_mmr_shn_pplp2_250k_unodc_mimu.shp,create_new,,,,,auto: no CoreMap candidate → create_new,2026-09-21T10:33:25.018844Z
village:215880:row5221:village_point_Shan_v96.zip_mmr_shn_pplp2_250k_unodc_mimu.shp,village:215880:row5221:village_point_Shan_v96.zip_mmr_shn_pplp2_250k_unodc_mimu.shp,create_new,,,,,auto: no CoreMap candidate → create_new,2026-09-21T10:33:25.018844Z
village:215881:row5222:village_point_Shan_v96.zip_mmr_shn_pplp2_250k_unodc_mimu.shp,village:215881:row5222:village_point_Shan_v96.zip_mmr_shn_pplp2_250k_unodc_mimu.shp,create_new,,,,,auto: no CoreMap candidate → create_new,2026-09-21T10:33:25.018844Z
village:215882:row5223:village_point_Shan_v96.zip_mmr_shn_pplp2_250k_unodc_mimu.shp,village:215882:row5223:village_point_Shan_v96.zip_mmr_shn_pplp2_250k_unodc_mimu.shp,create_new,,,,,auto: no CoreMap candidate → create_new,2026-09-21T10:33:25.018844Z
village:215890:row5224:village_point_Shan_v96.zip_mmr_shn_pplp2_250k_unodc_mimu.shp,village:215890:row5224:village_point_Shan_v96.zip_mmr_shn_pplp2_250k_unodc_mimu.shp,create_new,,,,,auto: no CoreMap candidate → create_new,2026-09-21T10:33:25.018844Z
village:215892:row5225:village_point_Shan_v96.zip_mmr_shn_pplp2_250k_unodc_mimu.shp,village:215892:row5225:village_point_Shan_v96.zip_mmr_shn_pplp2_250k_unodc_mimu.shp,create_new,,,,,auto: no CoreMap candidate → create_new,2026-09-21T10:33:25.018844Z
village:215893:row5226:village_point_Shan_v96.zip_mmr_shn_pplp2_250k_unodc_mimu.shp,village:215893:row5226:village_point_Shan_v96.zip_mmr_shn_pplp2_250k_unodc_mimu.shp,create_new,,,,,auto: no CoreMap candidate → create_new,2026-09-21T10:33:25.018844Z
village:215896:row5227:village_point_Shan_v96.zip_mmr_shn_pplp2_250k_unodc_mimu.shp,village:215896:row5227:village_point_Shan_v96.zip_mmr_shn_pplp2_250k_unodc_mimu.shp,create_new,,,,,auto: no CoreMap candidate → create_new,2026-09-21T10:33:25.018844Z
village:215897:row5228:village_point_Shan_v96.zip_mmr_shn_pplp2_250k_unodc_mimu.shp,village:215897:row5228:village_point_Shan_v96.zip_mmr_shn_pplp2_250k_unodc_mimu.shp,create_new,,,,,auto: no CoreMap candidate → create_new,2026-09-21T10:33:25.018844Z
village:215898:row5229:village_point_Shan_v96.zip_mmr_shn_pplp2_250k_unodc_mimu.shp,village:215898:row5229:village_point_Shan_v96.zip_mmr_shn_pplp2_250k_unodc_mimu.shp,create_new,,,,,auto: no CoreMap candidate → create_new,2026-09-21T10:33:25.018844Z
village:215899:row5230:village_point_Shan_v96.zip_mmr_shn_pplp2_250k_unodc_mimu.shp,village:215899:row5230:village_point_Shan_v96.zip_mmr_shn_pplp2_250k_unodc_mimu.shp,create_new,,,,,auto: no CoreMap candidate → create_new,2026-09-21T10:33:25.018844Z
village:215900:row5231:village_point_Shan_v96.zip_mmr_shn_pplp2_250k_unodc_mimu.shp,village:215900:row5231:village_point_Shan_v96.zip_mmr_shn_pplp2_250k_unodc_mimu.shp,create_new,,,,,auto: no CoreMap candidate → create_new,2026-09-21T10:33:25.018844Z
village:215901:row5232:village_point_Shan_v96.zip_mmr_shn_pplp2_250k_unodc_mimu.shp,village:215901:row5232:village_point_Shan_v96.zip_mmr_shn_pplp2_250k_unodc_mimu.shp,create_new,,,,,auto: no CoreMap candidate → create_new,2026-09-21T10:33:25.018844Z
village:215902:row5233:village_point_Shan_v96.zip_mmr_shn_pplp2_250k_unodc_mimu.shp,village:215902:row5233:village_point_Shan_v96.zip_mmr_shn_pplp2_250k_unodc_mimu.shp,create_new,,,,,auto: no CoreMap candidate → create_new,2026-09-21T10:33:25.018844Z
village:215903:row5234:village_point_Shan_v96.zip_mmr_shn_pplp2_250k_unodc_mimu.shp,village:215903:row5234:village_point_Shan_v96.zip_mmr_shn_pplp2_250k_unodc_mimu.shp,create_new,,,,,auto: no CoreMap candidate → create_new,2026-09-21T10:33:25.018844Z
village:216525:row5238:village_point_Shan_v96.zip_mmr_shn_pplp2_250k_unodc_mimu.shp,village:216525:row5238:village_point_Shan_v96.zip_mmr_shn_pplp2_250k_unodc_mimu.shp,create_new,,,,,auto: no CoreMap candidate → create_new,2026-09-21T10:33:25.018844Z
village:216526:row5239:village_point_Shan_v96.zip_mmr_shn_pplp2_250k_unodc_mimu.shp,village:216526:row5239:village_point_Shan_v96.zip_mmr_shn_pplp2_250k_unodc_mimu.shp,create_new,,,,,auto: no CoreMap candidate → create_new,2026-09-21T10:33:25.018844Z
village:216528:row5240:village_point_Shan_v96.zip_mmr_shn_pplp2_250k_unodc_mimu.shp,village:216528:row5240:village_point_Shan_v96.zip_mmr_shn_pplp2_250k_unodc_mimu.shp,create_new,,,,,auto: no CoreMap candidate → create_new,2026-09-21T10:33:25.018844Z
village:216529:row5241:village_point_Shan_v96.zip_mmr_shn_pplp2_250k_unodc_mimu.shp,village:216529:row5241:village_point_Shan_v96.zip_mmr_shn_pplp2_250k_unodc_mimu.shp,create_new,,,,,auto: no CoreMap candidate → create_new,2026-09-21T10:33:25.018844Z
village:216530:row5242:village_point_Shan_v96.zip_mmr_shn_pplp2_250k_unodc_mimu.shp,village:216530:row5242:village_point_Shan_v96.zip_mmr_shn_pplp2_250k_unodc_mimu.shp,create_new,,,,,auto: no CoreMap candidate → create_new,2026-09-21T10:33:25.018844Z
village:216542:row5243:village_point_Shan_v96.zip_mmr_shn_pplp2_250k_unodc_mimu.shp,village:216542:row5243:village_point_Shan_v96.zip_mmr_shn_pplp2_250k_unodc_mimu.shp,create_new,,,,,auto: no CoreMap candidate → create_new,2026-09-21T10:33:25.018844Z
village:216543:row5244:village_point_Shan_v96.zip_mmr_shn_pplp2_250k_unodc_mimu.shp,village:216543:row5244:village_point_Shan_v96.zip_mmr_shn_pplp2_250k_unodc_mimu.shp,create_new,,,,,auto: no CoreMap candidate → create_new,2026-09-21T10:33:25.018844Z
village:216544:row5245:village_point_Shan_v96.zip_mmr_shn_pplp2_250k_unodc_mimu.shp,village:216544:row5245:village_point_Shan_v96.zip_mmr_shn_pplp2_250k_unodc_mimu.shp,create_new,,,,,auto: no CoreMap candidate → create_new,2026-09-21T10:33:25.018844Z
village:216545:row5246:village_point_Shan_v96.zip_mmr_shn_pplp2_250k_unodc_mimu.shp,village:216545:row5246:village_point_Shan_v96.zip_mmr_shn_pplp2_250k_unodc_mimu.shp,create_new,,,,,auto: no CoreMap candidate → create_new,2026-09-21T10:33:25.018844Z
village:216524:row5247:village_point_Shan_v96.zip_mmr_shn_pplp2_250k_unodc_mimu.shp,village:216524:row5247:village_point_Shan_v96.zip_mmr_shn_pplp2_250k_unodc_mimu.shp,create_new,,,,,auto: no CoreMap candidate → create_new,2026-09-21T10:33:25.018844Z
village:217464:row5498:village_point_Shan_v96.zip_mmr_shn_pplp2_250k_unodc_mimu.shp,village:217464:row5498:village_point_Shan_v96.zip_mmr_shn_pplp2_250k_unodc_mimu.shp,create_new,,,,,auto: no CoreMap candidate → create_new,2026-09-21T10:33:25.018844Z
village:216480:row5499:village_point_Shan_v96.zip_mmr_shn_pplp2_250k_unodc_mimu.shp,village:216480:row5499:village_point_Shan_v96.zip_mmr_shn_pplp2_250k_unodc_mimu.shp,create_new,,,,,auto: no CoreMap candidate → create_new,2026-09-21T10:33:25.018844Z
village:217462:row5500:village_point_Shan_v96.zip_mmr_shn_pplp2_250k_unodc_mimu.shp,village:217462:row5500:village_point_Shan_v96.zip_mmr_shn_pplp2_250k_unodc_mimu.shp,create_new,,,,,auto: no CoreMap candidate → create_new,2026-09-21T10:33:25.018844Z
village:217463:row5501:village_point_Shan_v96.zip_mmr_shn_pplp2_250k_unodc_mimu.shp,village:217463:row5501:village_point_Shan_v96.zip_mmr_shn_pplp2_250k_unodc_mimu.shp,create_new,,,,,auto: no CoreMap candidate → create_new,2026-09-21T10:33:25.018844Z
village:217461:row5502:village_point_Shan_v96.zip_mmr_shn_pplp2_250k_unodc_mimu.shp,village:217461:row5502:village_point_Shan_v96.zip_mmr_shn_pplp2_250k_unodc_mimu.shp,create_new,,,,,auto: no CoreMap candidate → create_new,2026-09-21T10:33:25.018844Z
village:216490:row5503:village_point_Shan_v96.zip_mmr_shn_pplp2_250k_unodc_mimu.shp,village:216490:row5503:village_point_Shan_v96.zip_mmr_shn_pplp2_250k_unodc_mimu.shp,create_new,,,,,auto: no CoreMap candidate → create_new,2026-09-21T10:33:25.018844Z
village:216494:row5504:village_point_Shan_v96.zip_mmr_shn_pplp2_250k_unodc_mimu.shp,village:216494:row5504:village_point_Shan_v96.zip_mmr_shn_pplp2_250k_unodc_mimu.shp,create_new,,,,,auto: no CoreMap candidate → create_new,2026-09-21T10:33:25.018844Z
village:216500:row5505:village_point_Shan_v96.zip_mmr_shn_pplp2_250k_unodc_mimu.shp,village:216500:row5505:village_point_Shan_v96.zip_mmr_shn_pplp2_250k_unodc_mimu.shp,create_new,,,,,auto: no CoreMap candidate → create_new,2026-09-21T10:33:25.018844Z
village:216502:row5506:village_point_Shan_v96.zip_mmr_shn_pplp2_250k_unodc_mimu.shp,village:216502:row5506:village_point_Shan_v96.zip_mmr_shn_pplp2_250k_unodc_mimu.shp,create_new,,,,,auto: no CoreMap candidate → create_new,2026-09-21T10:33:25.018844Z
village:216503:row5507:village_point_Shan_v96.zip_mmr_shn_pplp2_250k_unodc_mimu.shp,village:216503:row5507:village_point_Shan_v96.zip_mmr_shn_pplp2_250k_unodc_mimu.shp,create_new,,,,,auto: no CoreMap candidate → create_new,2026-09-21T10:33:25.018844Z
village:216504:row5508:village_point_Shan_v96.zip_mmr_shn_pplp2_250k_unodc_mimu.shp,village:216504:row5508:village_point_Shan_v96.zip_mmr_shn_pplp2_250k_unodc_mimu.shp,create_new,,,,,auto: no CoreMap candidate → create_new,2026-09-21T10:33:25.018844Z
village:216505:row5509:village_point_Shan_v96.zip_mmr_shn_pplp2_250k_unodc_mimu.shp,village:216505:row5509:village_point_Shan_v96.zip_mmr_shn_pplp2_250k_unodc_mimu.shp,create_new,,,,,auto: no CoreMap candidate → create_new,2026-09-21T10:33:25.018844Z
village:216495:row5510:village_point_Shan_v96.zip_mmr_shn_pplp2_250k_unodc_mimu.shp,village:216495:row5510:village_point_Shan_v96.zip_mmr_shn_pplp2_250k_unodc_mimu.shp,create_new,,,,,auto: no CoreMap candidate → create_new,2026-09-21T10:33:25.018844Z
village:216497:row5511:village_point_Shan_v96.zip_mmr_shn_pplp2_250k_unodc_mimu.shp,village:216497:row5511:village_point_Shan_v96.zip_mmr_shn_pplp2_250k_unodc_mimu.shp,create_new,,,,,auto: no CoreMap candidate → create_new,2026-09-21T10:33:25.018844Z
village:216508:row5512:village_point_Shan_v96.zip_mmr_shn_pplp2_250k_unodc_mimu.shp,village:216508:row5512:village_point_Shan_v96.zip_mmr_shn_pplp2_250k_unodc_mimu.shp,create_new,,,,,auto: no CoreMap candidate → create_new,2026-09-21T10:33:25.018844Z
village:216512:row5513:village_point_Shan_v96.zip_mmr_shn_pplp2_250k_unodc_mimu.shp,village:216512:row5513:village_point_Shan_v96.zip_mmr_shn_pplp2_250k_unodc_mimu.shp,create_new,,,,,auto: no CoreMap candidate → create_new,2026-09-21T10:33:25.018844Z
village:216513:row5514:village_point_Shan_v96.zip_mmr_shn_pplp2_250k_unodc_mimu.shp,village:216513:row5514:village_point_Shan_v96.zip_mmr_shn_pplp2_250k_unodc_mimu.shp,create_new,,,,,auto: no CoreMap candidate → create_new,2026-09-21T10:33:25.018844Z
village:216514:row5515:village_point_Shan_v96.zip_mmr_shn_pplp2_250k_unodc_mimu.shp,village:216514:row5515:village_point_Shan_v96.zip_mmr_shn_pplp2_250k_unodc_mimu.shp,create_new,,,,,auto: no CoreMap candidate → create_new,2026-09-21T10:33:25.018844Z
village:216515:row5516:village_point_Shan_v96.zip_mmr_shn_pplp2_250k_unodc_mimu.shp,village:216515:row5516:village_point_Shan_v96.zip_mmr_shn_pplp2_250k_unodc_mimu.shp,create_new,,,,,auto: no CoreMap candidate → create_new,2026-09-21T10:33:25.018844Z
village:217466:row5517:village_point_Shan_v96.zip_mmr_shn_pplp2_250k_unodc_mimu.shp,village:217466:row5517:village_point_Shan_v96.zip_mmr_shn_pplp2_250k_unodc_mimu.shp,create_new,,,,,auto: no CoreMap candidate → create_new,2026-09-21T10:33:25.018844Z
village:217469:row5518:village_point_Shan_v96.zip_mmr_shn_pplp2_250k_unodc_mimu.shp,village:217469:row5518:village_point_Shan_v96.zip_mmr_shn_pplp2_250k_unodc_mimu.shp,create_new,,,,,auto: no CoreMap candidate → create_new,2026-09-21T10:33:25.018844Z
village:217470:row5519:village_point_Shan_v96.zip_mmr_shn_pplp2_250k_unodc_mimu.shp,village:217470:row5519:village_point_Shan_v96.zip_mmr_shn_pplp2_250k_unodc_mimu.shp,create_new,,,,,auto: no CoreMap candidate → create_new,2026-09-21T10:33:25.018844Z
village:217468:row5520:village_point_Shan_v96.zip_mmr_shn_pplp2_250k_unodc_mimu.shp,village:217468:row5520:village_point_Shan_v96.zip_mmr_shn_pplp2_250k_unodc_mimu.shp,create_new,,,,,auto: no CoreMap candidate → create_new,2026-09-21T10:33:25.018844Z
village:217467:row5521:village_point_Shan_v96.zip_mmr_shn_pplp2_250k_unodc_mimu.shp,village:217467:row5521:village_point_Shan_v96.zip_mmr_shn_pplp2_250k_unodc_mimu.shp,create_new,,,,,auto: no CoreMap candidate → create_new,2026-09-21T10:33:25.018844Z
village:217465:row5522:village_point_Shan_v96.zip_mmr_shn_pplp2_250k_unodc_mimu.shp,village:217465:row5522:village_point_Shan_v96.zip_mmr_shn_pplp2_250k_unodc_mimu.shp,create_new,,,,,auto: no CoreMap candidate → create_new,2026-09-21T10:33:25.018844Z
village:216468:row5523:village_point_Shan_v96.zip_mmr_shn_pplp2_250k_unodc_mimu.shp,village:216468:row5523:village_point_Shan_v96.zip_mmr_shn_pplp2_250k_unodc_mimu.shp,create_new,,,,,auto: no CoreMap candidate → create_new,2026-09-21T10:33:25.018844Z
village:216470:row5524:village_point_Shan_v96.zip_mmr_shn_pplp2_250k_unodc_mimu.shp,village:216470:row5524:village_point_Shan_v96.zip_mmr_shn_pplp2_250k_unodc_mimu.shp,create_new,,,,,auto: no CoreMap candidate → create_new,2026-09-21T10:33:25.018844Z
village:217459:row5525:village_point_Shan_v96.zip_mmr_shn_pplp2_250k_unodc_mimu.shp,village:217459:row5525:village_point_Shan_v96.zip_mmr_shn_pplp2_250k_unodc_mimu.shp,create_new,,,,,auto: no CoreMap candidate → create_new,2026-09-21T10:33:25.018844Z
village:217458:row5526:village_point_Shan_v96.zip_mmr_shn_pplp2_250k_unodc_mimu.shp,village:217458:row5526:village_point_Shan_v96.zip_mmr_shn_pplp2_250k_unodc_mimu.shp,create_new,,,,,auto: no CoreMap candidate → create_new,2026-09-21T10:33:25.018844Z
village:216471:row5527:village_point_Shan_v96.zip_mmr_shn_pplp2_250k_unodc_mimu.shp,village:216471:row5527:village_point_Shan_v96.zip_mmr_shn_pplp2_250k_unodc_mimu.shp,create_new,,,,,auto: no CoreMap candidate → create_new,2026-09-21T10:33:25.018844Z
village:217460:row5528:village_point_Shan_v96.zip_mmr_shn_pplp2_250k_unodc_mimu.shp,village:217460:row5528:village_point_Shan_v96.zip_mmr_shn_pplp2_250k_unodc_mimu.shp,create_new,,,,,auto: no CoreMap candidate → create_new,2026-09-21T10:33:25.018844Z
village:216475:row5529:village_point_Shan_v96.zip_mmr_shn_pplp2_250k_unodc_mimu.shp,village:216475:row5529:village_point_Shan_v96.zip_mmr_shn_pplp2_250k_unodc_mimu.shp,create_new,,,,,auto: no CoreMap candidate → create_new,2026-09-21T10:33:25.018844Z
village:216478:row5530:village_point_Shan_v96.zip_mmr_shn_pplp2_250k_unodc_mimu.shp,village:216478:row5530:village_point_Shan_v96.zip_mmr_shn_pplp2_250k_unodc_mimu.shp,create_new,,,,,auto: no CoreMap candidate → create_new,2026-09-21T10:33:25.018844Z
village:216479:row5531:village_point_Shan_v96.zip_mmr_shn_pplp2_250k_unodc_mimu.shp,village:216479:row5531:village_point_Shan_v96.zip_mmr_shn_pplp2_250k_unodc_mimu.shp,create_new,,,,,auto: no CoreMap candidate → create_new,2026-09-21T10:33:25.018844Z
village:216665:row5532:village_point_Shan_v96.zip_mmr_shn_pplp2_250k_unodc_mimu.shp,village:216665:row5532:village_point_Shan_v96.zip_mmr_shn_pplp2_250k_unodc_mimu.shp,create_new,,,,,auto: no CoreMap candidate → create_new,2026-09-21T10:33:25.018844Z
village:216666:row5533:village_point_Shan_v96.zip_mmr_shn_pplp2_250k_unodc_mimu.shp,village:216666:row5533:village_point_Shan_v96.zip_mmr_shn_pplp2_250k_unodc_mimu.shp,create_new,,,,,auto: no CoreMap candidate → create_new,2026-09-21T10:33:25.018844Z
village:216667:row5534:village_point_Shan_v96.zip_mmr_shn_pplp2_250k_unodc_mimu.shp,village:216667:row5534:village_point_Shan_v96.zip_mmr_shn_pplp2_250k_unodc_mimu.shp,create_new,,,,,auto: no CoreMap candidate → create_new,2026-09-21T10:33:25.018844Z
village:217472:row5535:village_point_Shan_v96.zip_mmr_shn_pplp2_250k_unodc_mimu.shp,village:217472:row5535:village_point_Shan_v96.zip_mmr_shn_pplp2_250k_unodc_mimu.shp,create_new,,,,,auto: no CoreMap candidate → create_new,2026-09-21T10:33:25.018844Z
village:216668:row5536:village_point_Shan_v96.zip_mmr_shn_pplp2_250k_unodc_mimu.shp,village:216668:row5536:village_point_Shan_v96.zip_mmr_shn_pplp2_250k_unodc_mimu.shp,create_new,,,,,auto: no CoreMap candidate → create_new,2026-09-21T10:33:25.018844Z
village:216669:row5537:village_point_Shan_v96.zip_mmr_shn_pplp2_250k_unodc_mimu.shp,village:216669:row5537:village_point_Shan_v96.zip_mmr_shn_pplp2_250k_unodc_mimu.shp,create_new,,,,,auto: no CoreMap candidate → create_new,2026-09-21T10:33:25.018844Z
village:216670:row5538:village_point_Shan_v96.zip_mmr_shn_pplp2_250k_unodc_mimu.shp,village:216670:row5538:village_point_Shan_v96.zip_mmr_shn_pplp2_250k_unodc_mimu.shp,create_new,,,,,auto: no CoreMap candidate → create_new,2026-09-21T10:33:25.018844Z
village:217473:row5539:village_point_Shan_v96.zip_mmr_shn_pplp2_250k_unodc_mimu.shp,village:217473:row5539:village_point_Shan_v96.zip_mmr_shn_pplp2_250k_unodc_mimu.shp,create_new,,,,,auto: no CoreMap candidate → create_new,2026-09-21T10:33:25.018844Z
village:216672:row5540:village_point_Shan_v96.zip_mmr_shn_pplp2_250k_unodc_mimu.shp,village:216672:row5540:village_point_Shan_v96.zip_mmr_shn_pplp2_250k_unodc_mimu.shp,create_new,,,,,auto: no CoreMap candidate → create_new,2026-09-21T10:33:25.018844Z
village:216673:row5541:village_point_Shan_v96.zip_mmr_shn_pplp2_250k_unodc_mimu.shp,village:216673:row5541:village_point_Shan_v96.zip_mmr_shn_pplp2_250k_unodc_mimu.shp,create_new,,,,,auto: no CoreMap candidate → create_new,2026-09-21T10:33:25.018844Z
village:216674:row5542:village_point_Shan_v96.zip_mmr_shn_pplp2_250k_unodc_mimu.shp,village:216674:row5542:village_point_Shan_v96.zip_mmr_shn_pplp2_250k_unodc_mimu.shp,create_new,,,,,auto: no CoreMap candidate → create_new,2026-09-21T10:33:25.018844Z
village:216675:row5543:village_point_Shan_v96.zip_mmr_shn_pplp2_250k_unodc_mimu.shp,village:216675:row5543:village_point_Shan_v96.zip_mmr_shn_pplp2_250k_unodc_mimu.shp,create_new,,,,,auto: no CoreMap candidate → create_new,2026-09-21T10:33:25.018844Z
village:216662:row5544:village_point_Shan_v96.zip_mmr_shn_pplp2_250k_unodc_mimu.shp,village:216662:row5544:village_point_Shan_v96.zip_mmr_shn_pplp2_250k_unodc_mimu.shp,create_new,,,,,auto: no CoreMap candidate → create_new,2026-09-21T10:33:25.018844Z
village:216663:row5545:village_point_Shan_v96.zip_mmr_shn_pplp2_250k_unodc_mimu.shp,village:216663:row5545:village_point_Shan_v96.zip_mmr_shn_pplp2_250k_unodc_mimu.shp,create_new,,,,,auto: no CoreMap candidate → create_new,2026-09-21T10:33:25.018844Z
village:217471:row5546:village_point_Shan_v96.zip_mmr_shn_pplp2_250k_unodc_mimu.shp,village:217471:row5546:village_point_Shan_v96.zip_mmr_shn_pplp2_250k_unodc_mimu.shp,create_new,,,,,auto: no CoreMap candidate → create_new,2026-09-21T10:33:25.018844Z
village:216010:row5742:village_point_Shan_v96.zip_mmr_shn_pplp2_250k_unodc_mimu.shp,village:216010:row5742:village_point_Shan_v96.zip_mmr_shn_pplp2_250k_unodc_mimu.shp,create_new,,,,,auto: no CoreMap candidate → create_new,2026-09-21T10:33:25.018844Z
village:216014:row5743:village_point_Shan_v96.zip_mmr_shn_pplp2_250k_unodc_mimu.shp,village:216014:row5743:village_point_Shan_v96.zip_mmr_shn_pplp2_250k_unodc_mimu.shp,create_new,,,,,auto: no CoreMap candidate → create_new,2026-09-21T10:33:25.018844Z
village:216018:row5744:village_point_Shan_v96.zip_mmr_shn_pplp2_250k_unodc_mimu.shp,village:216018:row5744:village_point_Shan_v96.zip_mmr_shn_pplp2_250k_unodc_mimu.shp,create_new,,,,,auto: no CoreMap candidate → create_new,2026-09-21T10:33:25.018844Z
village:216021:row5745:village_point_Shan_v96.zip_mmr_shn_pplp2_250k_unodc_mimu.shp,village:216021:row5745:village_point_Shan_v96.zip_mmr_shn_pplp2_250k_unodc_mimu.shp,create_new,,,,,auto: no CoreMap candidate → create_new,2026-09-21T10:33:25.018844Z
village:216023:row5746:village_point_Shan_v96.zip_mmr_shn_pplp2_250k_unodc_mimu.shp,village:216023:row5746:village_point_Shan_v96.zip_mmr_shn_pplp2_250k_unodc_mimu.shp,create_new,,,,,auto: no CoreMap candidate → create_new,2026-09-21T10:33:25.018844Z
village:216024:row5747:village_point_Shan_v96.zip_mmr_shn_pplp2_250k_unodc_mimu.shp,village:216024:row5747:village_point_Shan_v96.zip_mmr_shn_pplp2_250k_unodc_mimu.shp,create_new,,,,,auto: no CoreMap candidate → create_new,2026-09-21T10:33:25.018844Z
village:216025:row5748:village_point_Shan_v96.zip_mmr_shn_pplp2_250k_unodc_mimu.shp,village:216025:row5748:village_point_Shan_v96.zip_mmr_shn_pplp2_250k_unodc_mimu.shp,create_new,,,,,auto: no CoreMap candidate → create_new,2026-09-21T10:33:25.018844Z
village:216029:row5749:village_point_Shan_v96.zip_mmr_shn_pplp2_250k_unodc_mimu.shp,village:216029:row5749:village_point_Shan_v96.zip_mmr_shn_pplp2_250k_unodc_mimu.shp,create_new,,,,,auto: no CoreMap candidate → create_new,2026-09-21T10:33:25.018844Z
village:216030:row5750:village_point_Shan_v96.zip_mmr_shn_pplp2_250k_unodc_mimu.shp,village:216030:row5750:village_point_Shan_v96.zip_mmr_shn_pplp2_250k_unodc_mimu.shp,create_new,,,,,auto: no CoreMap candidate → create_new,2026-09-21T10:33:25.018844Z
village:216031:row5751:village_point_Shan_v96.zip_mmr_shn_pplp2_250k_unodc_mimu.shp,village:216031:row5751:village_point_Shan_v96.zip_mmr_shn_pplp2_250k_unodc_mimu.shp,create_new,,,,,auto: no CoreMap candidate → create_new,2026-09-21T10:33:25.018844Z
village:216034:row5752:village_point_Shan_v96.zip_mmr_shn_pplp2_250k_unodc_mimu.shp,village:216034:row5752:village_point_Shan_v96.zip_mmr_shn_pplp2_250k_unodc_mimu.shp,create_new,,,,,auto: no CoreMap candidate → create_new,2026-09-21T10:33:25.018844Z
village:216035:row5753:village_point_Shan_v96.zip_mmr_shn_pplp2_250k_unodc_mimu.shp,village:216035:row5753:village_point_Shan_v96.zip_mmr_shn_pplp2_250k_unodc_mimu.shp,create_new,,,,,auto: no CoreMap candidate → create_new,2026-09-21T10:33:25.018844Z
village:216036:row5754:village_point_Shan_v96.zip_mmr_shn_pplp2_250k_unodc_mimu.shp,village:216036:row5754:village_point_Shan_v96.zip_mmr_shn_pplp2_250k_unodc_mimu.shp,create_new,,,,,auto: no CoreMap candidate → create_new,2026-09-21T10:33:25.018844Z
village:216037:row5755:village_point_Shan_v96.zip_mmr_shn_pplp2_250k_unodc_mimu.shp,village:216037:row5755:village_point_Shan_v96.zip_mmr_shn_pplp2_250k_unodc_mimu.shp,create_new,,,,,auto: no CoreMap candidate → create_new,2026-09-21T10:33:25.018844Z
village:216038:row5756:village_point_Shan_v96.zip_mmr_shn_pplp2_250k_unodc_mimu.shp,village:216038:row5756:village_point_Shan_v96.zip_mmr_shn_pplp2_250k_unodc_mimu.shp,create_new,,,,,auto: no CoreMap candidate → create_new,2026-09-21T10:33:25.018844Z
village:216041:row5757:village_point_Shan_v96.zip_mmr_shn_pplp2_250k_unodc_mimu.shp,village:216041:row5757:village_point_Shan_v96.zip_mmr_shn_pplp2_250k_unodc_mimu.shp,create_new,,,,,auto: no CoreMap candidate → create_new,2026-09-21T10:33:25.018844Z
village:216042:row5758:village_point_Shan_v96.zip_mmr_shn_pplp2_250k_unodc_mimu.shp,village:216042:row5758:village_point_Shan_v96.zip_mmr_shn_pplp2_250k_unodc_mimu.shp,create_new,,,,,auto: no CoreMap candidate → create_new,2026-09-21T10:33:25.018844Z
village:216043:row5759:village_point_Shan_v96.zip_mmr_shn_pplp2_250k_unodc_mimu.shp,village:216043:row5759:village_point_Shan_v96.zip_mmr_shn_pplp2_250k_unodc_mimu.shp,create_new,,,,,auto: no CoreMap candidate → create_new,2026-09-21T10:33:25.018844Z
village:216051:row5760:village_point_Shan_v96.zip_mmr_shn_pplp2_250k_unodc_mimu.shp,village:216051:row5760:village_point_Shan_v96.zip_mmr_shn_pplp2_250k_unodc_mimu.shp,create_new,,,,,auto: no CoreMap candidate → create_new,2026-09-21T10:33:25.018844Z
village:216054:row5761:village_point_Shan_v96.zip_mmr_shn_pplp2_250k_unodc_mimu.shp,village:216054:row5761:village_point_Shan_v96.zip_mmr_shn_pplp2_250k_unodc_mimu.shp,create_new,,,,,auto: no CoreMap candidate → create_new,2026-09-21T10:33:25.018844Z
village:216055:row5762:village_point_Shan_v96.zip_mmr_shn_pplp2_250k_unodc_mimu.shp,village:216055:row5762:village_point_Shan_v96.zip_mmr_shn_pplp2_250k_unodc_mimu.shp,create_new,,,,,auto: no CoreMap candidate → create_new,2026-09-21T10:33:25.018844Z
village:216056:row5763:village_point_Shan_v96.zip_mmr_shn_pplp2_250k_unodc_mimu.shp,village:216056:row5763:village_point_Shan_v96.zip_mmr_shn_pplp2_250k_unodc_mimu.shp,create_new,,,,,auto: no CoreMap candidate → create_new,2026-09-21T10:33:25.018844Z
village:216061:row5764:village_point_Shan_v96.zip_mmr_shn_pplp2_250k_unodc_mimu.shp,village:216061:row5764:village_point_Shan_v96.zip_mmr_shn_pplp2_250k_unodc_mimu.shp,create_new,,,,,auto: no CoreMap candidate → create_new,2026-09-21T10:33:25.018844Z
village:216073:row5765:village_point_Shan_v96.zip_mmr_shn_pplp2_250k_unodc_mimu.shp,village:216073:row5765:village_point_Shan_v96.zip_mmr_shn_pplp2_250k_unodc_mimu.shp,create_new,,,,,auto: no CoreMap candidate → create_new,2026-09-21T10:33:25.018844Z
village:216076:row5766:village_point_Shan_v96.zip_mmr_shn_pplp2_250k_unodc_mimu.shp,village:216076:row5766:village_point_Shan_v96.zip_mmr_shn_pplp2_250k_unodc_mimu.shp,create_new,,,,,auto: no CoreMap candidate → create_new,2026-09-21T10:33:25.018844Z
village:216077:row5767:village_point_Shan_v96.zip_mmr_shn_pplp2_250k_unodc_mimu.shp,village:216077:row5767:village_point_Shan_v96.zip_mmr_shn_pplp2_250k_unodc_mimu.shp,create_new,,,,,auto: no CoreMap candidate → create_new,2026-09-21T10:33:25.018844Z
village:216079:row5768:village_point_Shan_v96.zip_mmr_shn_pplp2_250k_unodc_mimu.shp,village:216079:row5768:village_point_Shan_v96.zip_mmr_shn_pplp2_250k_unodc_mimu.shp,create_new,,,,,auto: no CoreMap candidate → create_new,2026-09-21T10:33:25.018844Z
village:216084:row5769:village_point_Shan_v96.zip_mmr_shn_pplp2_250k_unodc_mimu.shp,village:216084:row5769:village_point_Shan_v96.zip_mmr_shn_pplp2_250k_unodc_mimu.shp,create_new,,,,,auto: no CoreMap candidate → create_new,2026-09-21T10:33:25.018844Z
village:216091:row5770:village_point_Shan_v96.zip_mmr_shn_pplp2_250k_unodc_mimu.shp,village:216091:row5770:village_point_Shan_v96.zip_mmr_shn_pplp2_250k_unodc_mimu.shp,create_new,,,,,auto: no CoreMap candidate → create_new,2026-09-21T10:33:25.018844Z
village:216093:row5771:village_point_Shan_v96.zip_mmr_shn_pplp2_250k_unodc_mimu.shp,village:216093:row5771:village_point_Shan_v96.zip_mmr_shn_pplp2_250k_unodc_mimu.shp,create_new,,,,,auto: no CoreMap candidate → create_new,2026-09-21T10:33:25.018844Z
village:216095:row5772:village_point_Shan_v96.zip_mmr_shn_pplp2_250k_unodc_mimu.shp,village:216095:row5772:village_point_Shan_v96.zip_mmr_shn_pplp2_250k_unodc_mimu.shp,create_new,,,,,auto: no CoreMap candidate → create_new,2026-09-21T10:33:25.018844Z
village:216096:row5773:village_point_Shan_v96.zip_mmr_shn_pplp2_250k_unodc_mimu.shp,village:216096:row5773:village_point_Shan_v96.zip_mmr_shn_pplp2_250k_unodc_mimu.shp,create_new,,,,,auto: no CoreMap candidate → create_new,2026-09-21T10:33:25.018844Z
village:216097:row5774:village_point_Shan_v96.zip_mmr_shn_pplp2_250k_unodc_mimu.shp,village:216097:row5774:village_point_Shan_v96.zip_mmr_shn_pplp2_250k_unodc_mimu.shp,create_new,,,,,auto: no CoreMap candidate → create_new,2026-09-21T10:33:25.018844Z
village:216098:row5775:village_point_Shan_v96.zip_mmr_shn_pplp2_250k_unodc_mimu.shp,village:216098:row5775:village_point_Shan_v96.zip_mmr_shn_pplp2_250k_unodc_mimu.shp,create_new,,,,,auto: no CoreMap candidate → create_new,2026-09-21T10:33:25.018844Z
village:216099:row5776:village_point_Shan_v96.zip_mmr_shn_pplp2_250k_unodc_mimu.shp,village:216099:row5776:village_point_Shan_v96.zip_mmr_shn_pplp2_250k_unodc_mimu.shp,create_new,,,,,auto: no CoreMap candidate → create_new,2026-09-21T10:33:25.018844Z
village:216100:row5777:village_point_Shan_v96.zip_mmr_shn_pplp2_250k_unodc_mimu.shp,village:216100:row5777:village_point_Shan_v96.zip_mmr_shn_pplp2_250k_unodc_mimu.shp,create_new,,,,,auto: no CoreMap candidate → create_new,2026-09-21T10:33:25.018844Z
village:216106:row5778:village_point_Shan_v96.zip_mmr_shn_pplp2_250k_unodc_mimu.shp,village:216106:row5778:village_point_Shan_v96.zip_mmr_shn_pplp2_250k_unodc_mimu.shp,create_new,,,,,auto: no CoreMap candidate → create_new,2026-09-21T10:33:25.018844Z
village:216110:row5779:village_point_Shan_v96.zip_mmr_shn_pplp2_250k_unodc_mimu.shp,village:216110:row5779:village_point_Shan_v96.zip_mmr_shn_pplp2_250k_unodc_mimu.shp,create_new,,,,,auto: no CoreMap candidate → create_new,2026-09-21T10:33:25.018844Z
village:216112:row5780:village_point_Shan_v96.zip_mmr_shn_pplp2_250k_unodc_mimu.shp,village:216112:row5780:village_point_Shan_v96.zip_mmr_shn_pplp2_250k_unodc_mimu.shp,create_new,,,,,auto: no CoreMap candidate → create_new,2026-09-21T10:33:25.018844Z
village:216113:row5781:village_point_Shan_v96.zip_mmr_shn_pplp2_250k_unodc_mimu.shp,village:216113:row5781:village_point_Shan_v96.zip_mmr_shn_pplp2_250k_unodc_mimu.shp,create_new,,,,,auto: no CoreMap candidate → create_new,2026-09-21T10:33:25.018844Z
village:216117:row5782:village_point_Shan_v96.zip_mmr_shn_pplp2_250k_unodc_mimu.shp,village:216117:row5782:village_point_Shan_v96.zip_mmr_shn_pplp2_250k_unodc_mimu.shp,create_new,,,,,auto: no CoreMap candidate → create_new,2026-09-21T10:33:25.018844Z
village:216118:row5783:village_point_Shan_v96.zip_mmr_shn_pplp2_250k_unodc_mimu.shp,village:216118:row5783:village_point_Shan_v96.zip_mmr_shn_pplp2_250k_unodc_mimu.shp,create_new,,,,,auto: no CoreMap candidate → create_new,2026-09-21T10:33:25.018844Z
village:216119:row5784:village_point_Shan_v96.zip_mmr_shn_pplp2_250k_unodc_mimu.shp,village:216119:row5784:village_point_Shan_v96.zip_mmr_shn_pplp2_250k_unodc_mimu.shp,create_new,,,,,auto: no CoreMap candidate → create_new,2026-09-21T10:33:25.018844Z
village:216120:row5785:village_point_Shan_v96.zip_mmr_shn_pplp2_250k_unodc_mimu.shp,village:216120:row5785:village_point_Shan_v96.zip_mmr_shn_pplp2_250k_unodc_mimu.shp,create_new,,,,,auto: no CoreMap candidate → create_new,2026-09-21T10:33:25.018844Z
village:216123:row5786:village_point_Shan_v96.zip_mmr_shn_pplp2_250k_unodc_mimu.shp,village:216123:row5786:village_point_Shan_v96.zip_mmr_shn_pplp2_250k_unodc_mimu.shp,create_new,,,,,auto: no CoreMap candidate → create_new,2026-09-21T10:33:25.018844Z
village:216122:row5787:village_point_Shan_v96.zip_mmr_shn_pplp2_250k_unodc_mimu.shp,village:216122:row5787:village_point_Shan_v96.zip_mmr_shn_pplp2_250k_unodc_mimu.shp,create_new,,,,,auto: no CoreMap candidate → create_new,2026-09-21T10:33:25.018844Z
village:150596:row26:village_point_Ayeyarwady_v96.zip_mmr_ady_pplp2_250k_mimu.shp,village:150596:row26:village_point_Ayeyarwady_v96.zip_mmr_ady_pplp2_250k_mimu.shp,merge_confirmed_duplicate,119449,119242;119523,,,,2026-09-21T10:40:06.186Z
village:151060:row53:village_point_Ayeyarwady_v96.zip_mmr_ady_pplp2_250k_mimu.shp,village:151060:row53:village_point_Ayeyarwady_v96.zip_mmr_ady_pplp2_250k_mimu.shp,merge_confirmed_duplicate,119485,119318,,,,2026-09-21T10:40:30.439Z
village:151142:row71:village_point_Ayeyarwady_v96.zip_mmr_ady_pplp2_250k_mimu.shp,village:151142:row71:village_point_Ayeyarwady_v96.zip_mmr_ady_pplp2_250k_mimu.shp,merge_confirmed_duplicate,119108,119183,,,,2026-09-21T10:40:39.718Z
village:216725:row80:village_point_Ayeyarwady_v96.zip_mmr_ady_pplp2_250k_mimu.shp,village:216725:row80:village_point_Ayeyarwady_v96.zip_mmr_ady_pplp2_250k_mimu.shp,merge_confirmed_duplicate,119398,119102,,,,2026-09-21T10:40:50.239Z
village:151903:row95:village_point_Ayeyarwady_v96.zip_mmr_ady_pplp2_250k_mimu.shp,village:151903:row95:village_point_Ayeyarwady_v96.zip_mmr_ady_pplp2_250k_mimu.shp,merge_confirmed_duplicate,119301,119298;119375,,,,2026-09-21T10:41:04.504Z
village:151914:row112:village_point_Ayeyarwady_v96.zip_mmr_ady_pplp2_250k_mimu.shp,village:151914:row112:village_point_Ayeyarwady_v96.zip_mmr_ady_pplp2_250k_mimu.shp,merge_confirmed_duplicate,119478,119162,,,auto: merge CoreMap village duplicates; survivor = nearest to MIMU (0.0 m),2026-09-21T10:42:55.297Z
village:152419:row137:village_point_Ayeyarwady_v96.zip_mmr_ady_pplp2_250k_mimu.shp,village:152419:row137:village_point_Ayeyarwady_v96.zip_mmr_ady_pplp2_250k_mimu.shp,merge_confirmed_duplicate,119055,119113;119230,,,auto: merge CoreMap village duplicates; survivor = nearest to MIMU (0.0 m),2026-09-21T10:42:55.297Z
village:153277:row175:village_point_Ayeyarwady_v96.zip_mmr_ady_pplp2_250k_mimu.shp,village:153277:row175:village_point_Ayeyarwady_v96.zip_mmr_ady_pplp2_250k_mimu.shp,merge_confirmed_duplicate,119373,119326,,,auto: merge CoreMap village duplicates; survivor = nearest to MIMU (190.2 m),2026-09-21T10:42:55.297Z
village:153967:row184:village_point_Ayeyarwady_v96.zip_mmr_ady_pplp2_250k_mimu.shp,village:153967:row184:village_point_Ayeyarwady_v96.zip_mmr_ady_pplp2_250k_mimu.shp,merge_confirmed_duplicate,119206,119365,,,auto: merge CoreMap village duplicates; survivor = nearest to MIMU (34.9 m),2026-09-21T10:42:55.297Z
village:153973:row185:village_point_Ayeyarwady_v96.zip_mmr_ady_pplp2_250k_mimu.shp,village:153973:row185:village_point_Ayeyarwady_v96.zip_mmr_ady_pplp2_250k_mimu.shp,merge_confirmed_duplicate,119363,119217,,,auto: merge CoreMap village duplicates; survivor = nearest to MIMU (219.8 m),2026-09-21T10:42:55.297Z
village:153974:row189:village_point_Ayeyarwady_v96.zip_mmr_ady_pplp2_250k_mimu.shp,village:153974:row189:village_point_Ayeyarwady_v96.zip_mmr_ady_pplp2_250k_mimu.shp,merge_confirmed_duplicate,119152,119235;119299,,,auto: merge CoreMap village duplicates; survivor = nearest to MIMU (163.2 m),2026-09-21T10:42:55.297Z
village:154611:row197:village_point_Ayeyarwady_v96.zip_mmr_ady_pplp2_250k_mimu.shp,village:154611:row197:village_point_Ayeyarwady_v96.zip_mmr_ady_pplp2_250k_mimu.shp,merge_confirmed_duplicate,119152,119235;119299,,,auto: merge CoreMap village duplicates; survivor = nearest to MIMU (300.5 m),2026-09-21T10:42:55.297Z
village:154608:row198:village_point_Ayeyarwady_v96.zip_mmr_ady_pplp2_250k_mimu.shp,village:154608:row198:village_point_Ayeyarwady_v96.zip_mmr_ady_pplp2_250k_mimu.shp,merge_confirmed_duplicate,119180,119357,,,auto: merge CoreMap village duplicates; survivor = nearest to MIMU (131.6 m),2026-09-21T10:42:55.297Z
village:154609:row199:village_point_Ayeyarwady_v96.zip_mmr_ady_pplp2_250k_mimu.shp,village:154609:row199:village_point_Ayeyarwady_v96.zip_mmr_ady_pplp2_250k_mimu.shp,merge_confirmed_duplicate,119226,119427;119493,,,auto: merge CoreMap village duplicates; survivor = nearest to MIMU (51.3 m),2026-09-21T10:42:55.297Z
village:154955:row207:village_point_Ayeyarwady_v96.zip_mmr_ady_pplp2_250k_mimu.shp,village:154955:row207:village_point_Ayeyarwady_v96.zip_mmr_ady_pplp2_250k_mimu.shp,merge_confirmed_duplicate,119031,119511,,,auto: merge CoreMap village duplicates; survivor = nearest to MIMU (0.0 m),2026-09-21T10:42:55.297Z
village:216740:row210:village_point_Ayeyarwady_v96.zip_mmr_ady_pplp2_250k_mimu.shp,village:216740:row210:village_point_Ayeyarwady_v96.zip_mmr_ady_pplp2_250k_mimu.shp,merge_confirmed_duplicate,119057,119476,,,auto: merge CoreMap village duplicates; survivor = nearest to MIMU (8090.9 m),2026-09-21T10:42:55.297Z
village:155493:row214:village_point_Ayeyarwady_v96.zip_mmr_ady_pplp2_250k_mimu.shp,village:155493:row214:village_point_Ayeyarwady_v96.zip_mmr_ady_pplp2_250k_mimu.shp,merge_confirmed_duplicate,119409,167381,,,auto: merge CoreMap village duplicates; survivor = nearest to MIMU (169.8 m),2026-09-21T10:42:55.297Z
village:155898:row235:village_point_Ayeyarwady_v96.zip_mmr_ady_pplp2_250k_mimu.shp,village:155898:row235:village_point_Ayeyarwady_v96.zip_mmr_ady_pplp2_250k_mimu.shp,merge_confirmed_duplicate,119360,119475;119171;119028,,,auto: merge CoreMap village duplicates; survivor = nearest to MIMU (0.0 m),2026-09-21T10:42:55.297Z
village:155899:row237:village_point_Ayeyarwady_v96.zip_mmr_ady_pplp2_250k_mimu.shp,village:155899:row237:village_point_Ayeyarwady_v96.zip_mmr_ady_pplp2_250k_mimu.shp,merge_confirmed_duplicate,119041,119465,,,auto: merge CoreMap village duplicates; survivor = nearest to MIMU (123.7 m),2026-09-21T10:42:55.297Z
village:157802:row312:village_point_Ayeyarwady_v96.zip_mmr_ady_pplp2_250k_mimu.shp,village:157802:row312:village_point_Ayeyarwady_v96.zip_mmr_ady_pplp2_250k_mimu.shp,merge_confirmed_duplicate,119375,119301;119298,,,auto: merge CoreMap village duplicates; survivor = nearest to MIMU (162.3 m),2026-09-21T10:42:55.297Z
village:157797:row316:village_point_Ayeyarwady_v96.zip_mmr_ady_pplp2_250k_mimu.shp,village:157797:row316:village_point_Ayeyarwady_v96.zip_mmr_ady_pplp2_250k_mimu.shp,merge_confirmed_duplicate,119162,119478,,,auto: merge CoreMap village duplicates; survivor = nearest to MIMU (316.4 m),2026-09-21T10:42:55.297Z
village:157872:row319:village_point_Ayeyarwady_v96.zip_mmr_ady_pplp2_250k_mimu.shp,village:157872:row319:village_point_Ayeyarwady_v96.zip_mmr_ady_pplp2_250k_mimu.shp,merge_confirmed_duplicate,119217,119363,,,auto: merge CoreMap village duplicates; survivor = nearest to MIMU (0.0 m),2026-09-21T10:42:55.297Z
village:158257:row327:village_point_Ayeyarwady_v96.zip_mmr_ady_pplp2_250k_mimu.shp,village:158257:row327:village_point_Ayeyarwady_v96.zip_mmr_ady_pplp2_250k_mimu.shp,merge_confirmed_duplicate,119499,119243;119017,,,auto: merge CoreMap village duplicates; survivor = nearest to MIMU (0.0 m),2026-09-21T10:42:55.297Z
village:158263:row330:village_point_Ayeyarwady_v96.zip_mmr_ady_pplp2_250k_mimu.shp,village:158263:row330:village_point_Ayeyarwady_v96.zip_mmr_ady_pplp2_250k_mimu.shp,merge_confirmed_duplicate,119113,119055;119230,,,auto: merge CoreMap village duplicates; survivor = nearest to MIMU (0.0 m),2026-09-21T10:42:55.297Z
village:158695:row343:village_point_Ayeyarwady_v96.zip_mmr_ady_pplp2_250k_mimu.shp,village:158695:row343:village_point_Ayeyarwady_v96.zip_mmr_ady_pplp2_250k_mimu.shp,merge_confirmed_duplicate,119193,119111,,,auto: merge CoreMap village duplicates; survivor = nearest to MIMU (0.0 m),2026-09-21T10:42:55.297Z
village:158703:row345:village_point_Ayeyarwady_v96.zip_mmr_ady_pplp2_250k_mimu.shp,village:158703:row345:village_point_Ayeyarwady_v96.zip_mmr_ady_pplp2_250k_mimu.shp,merge_confirmed_duplicate,119183,119108,,,auto: merge CoreMap village duplicates; survivor = nearest to MIMU (0.0 m),2026-09-21T10:42:55.297Z
village:159221:row374:village_point_Ayeyarwady_v96.zip_mmr_ady_pplp2_250k_mimu.shp,village:159221:row374:village_point_Ayeyarwady_v96.zip_mmr_ady_pplp2_250k_mimu.shp,merge_confirmed_duplicate,119326,119373,,,auto: merge CoreMap village duplicates; survivor = nearest to MIMU (0.0 m),2026-09-21T10:42:55.297Z
village:159380:row376:village_point_Ayeyarwady_v96.zip_mmr_ady_pplp2_250k_mimu.shp,village:159380:row376:village_point_Ayeyarwady_v96.zip_mmr_ady_pplp2_250k_mimu.shp,merge_confirmed_duplicate,119318,119485,,,auto: merge CoreMap village duplicates; survivor = nearest to MIMU (59.4 m),2026-09-21T10:42:55.297Z
village:160102:row422:village_point_Ayeyarwady_v96.zip_mmr_ady_pplp2_250k_mimu.shp,village:160102:row422:village_point_Ayeyarwady_v96.zip_mmr_ady_pplp2_250k_mimu.shp,merge_confirmed_duplicate,119475,119360;119171;119028,,,auto: merge CoreMap village duplicates; survivor = nearest to MIMU (273.8 m),2026-09-21T10:42:55.297Z
village:160103:row424:village_point_Ayeyarwady_v96.zip_mmr_ady_pplp2_250k_mimu.shp,village:160103:row424:village_point_Ayeyarwady_v96.zip_mmr_ady_pplp2_250k_mimu.shp,merge_confirmed_duplicate,119465,119041,,,auto: merge CoreMap village duplicates; survivor = nearest to MIMU (215.0 m),2026-09-21T10:42:55.297Z
village:160105:row426:village_point_Ayeyarwady_v96.zip_mmr_ady_pplp2_250k_mimu.shp,village:160105:row426:village_point_Ayeyarwady_v96.zip_mmr_ady_pplp2_250k_mimu.shp,merge_confirmed_duplicate,119278,119364;119431,,,auto: merge CoreMap village duplicates; survivor = nearest to MIMU (24676.3 m),2026-09-21T10:42:55.297Z
village:164175:row483:village_point_Ayeyarwady_v96.zip_mmr_ady_pplp2_250k_mimu.shp,village:164175:row483:village_point_Ayeyarwady_v96.zip_mmr_ady_pplp2_250k_mimu.shp,merge_confirmed_duplicate,119102,119398,,,auto: merge CoreMap village duplicates; survivor = nearest to MIMU (12.1 m),2026-09-21T10:42:55.297Z
village:161981:row489:village_point_Ayeyarwady_v96.zip_mmr_ady_pplp2_250k_mimu.shp,village:161981:row489:village_point_Ayeyarwady_v96.zip_mmr_ady_pplp2_250k_mimu.shp,merge_confirmed_duplicate,119421,167372,,,auto: merge CoreMap village duplicates; survivor = nearest to MIMU (68.4 m),2026-09-21T10:42:55.297Z
village:164177:row505:village_point_Ayeyarwady_v96.zip_mmr_ady_pplp2_250k_mimu.shp,village:164177:row505:village_point_Ayeyarwady_v96.zip_mmr_ady_pplp2_250k_mimu.shp,merge_confirmed_duplicate,119111,119193,,,auto: merge CoreMap village duplicates; survivor = nearest to MIMU (144.7 m),2026-09-21T10:42:55.297Z
village:162625:row518:village_point_Ayeyarwady_v96.zip_mmr_ady_pplp2_250k_mimu.shp,village:162625:row518:village_point_Ayeyarwady_v96.zip_mmr_ady_pplp2_250k_mimu.shp,merge_confirmed_duplicate,119243,119499;119017,,,auto: merge CoreMap village duplicates; survivor = nearest to MIMU (0.0 m),2026-09-21T10:42:55.297Z
village:162833:row539:village_point_Ayeyarwady_v96.zip_mmr_ady_pplp2_250k_mimu.shp,village:162833:row539:village_point_Ayeyarwady_v96.zip_mmr_ady_pplp2_250k_mimu.shp,merge_confirmed_duplicate,119511,119031,,,auto: merge CoreMap village duplicates; survivor = nearest to MIMU (116.1 m),2026-09-21T10:42:55.297Z
village:162830:row542:village_point_Ayeyarwady_v96.zip_mmr_ady_pplp2_250k_mimu.shp,village:162830:row542:village_point_Ayeyarwady_v96.zip_mmr_ady_pplp2_250k_mimu.shp,merge_confirmed_duplicate,119357,119180,,,auto: merge CoreMap village duplicates; survivor = nearest to MIMU (354.4 m),2026-09-21T10:42:55.297Z
village:162828:row544:village_point_Ayeyarwady_v96.zip_mmr_ady_pplp2_250k_mimu.shp,village:162828:row544:village_point_Ayeyarwady_v96.zip_mmr_ady_pplp2_250k_mimu.shp,merge_confirmed_duplicate,119427,119226;119493,,,auto: merge CoreMap village duplicates; survivor = nearest to MIMU (120.7 m),2026-09-21T10:42:55.297Z
village:163714:row555:village_point_Ayeyarwady_v96.zip_mmr_ady_pplp2_250k_mimu.shp,village:163714:row555:village_point_Ayeyarwady_v96.zip_mmr_ady_pplp2_250k_mimu.shp,merge_confirmed_duplicate,119365,119206,,,auto: merge CoreMap village duplicates; survivor = nearest to MIMU (625.0 m),2026-09-21T10:42:55.297Z
village:150140:row567:village_point_Ayeyarwady_v96.zip_mmr_ady_pplp2_250k_mimu.shp,village:150140:row567:village_point_Ayeyarwady_v96.zip_mmr_ady_pplp2_250k_mimu.shp,merge_confirmed_duplicate,119881,119629,,,auto: merge CoreMap village duplicates; survivor = nearest to MIMU (78.4 m),2026-09-21T10:42:55.297Z
village:150142:row569:village_point_Ayeyarwady_v96.zip_mmr_ady_pplp2_250k_mimu.shp,village:150142:row569:village_point_Ayeyarwady_v96.zip_mmr_ady_pplp2_250k_mimu.shp,merge_confirmed_duplicate,119577,119715;149466,,,auto: merge CoreMap village duplicates; survivor = nearest to MIMU (16.6 m),2026-09-21T10:42:55.297Z
village:151040:row581:village_point_Ayeyarwady_v96.zip_mmr_ady_pplp2_250k_mimu.shp,village:151040:row581:village_point_Ayeyarwady_v96.zip_mmr_ady_pplp2_250k_mimu.shp,merge_confirmed_duplicate,119810,119745,,,auto: merge CoreMap village duplicates; survivor = nearest to MIMU (53.0 m),2026-09-21T10:42:55.297Z
village:151055:row590:village_point_Ayeyarwady_v96.zip_mmr_ady_pplp2_250k_mimu.shp,village:151055:row590:village_point_Ayeyarwady_v96.zip_mmr_ady_pplp2_250k_mimu.shp,merge_confirmed_duplicate,119786,119943,,,auto: merge CoreMap village duplicates; survivor = nearest to MIMU (57.6 m),2026-09-21T10:42:55.297Z
village:152149:row604:village_point_Ayeyarwady_v96.zip_mmr_ady_pplp2_250k_mimu.shp,village:152149:row604:village_point_Ayeyarwady_v96.zip_mmr_ady_pplp2_250k_mimu.shp,merge_confirmed_duplicate,119712,119792,,,auto: merge CoreMap village duplicates; survivor = nearest to MIMU (28.0 m),2026-09-21T10:42:55.297Z
village:152433:row612:village_point_Ayeyarwady_v96.zip_mmr_ady_pplp2_250k_mimu.shp,village:152433:row612:village_point_Ayeyarwady_v96.zip_mmr_ady_pplp2_250k_mimu.shp,merge_confirmed_duplicate,119792,119712,,,auto: merge CoreMap village duplicates; survivor = nearest to MIMU (73.9 m),2026-09-21T10:42:55.297Z
village:153008:row631:village_point_Ayeyarwady_v96.zip_mmr_ady_pplp2_250k_mimu.shp,village:153008:row631:village_point_Ayeyarwady_v96.zip_mmr_ady_pplp2_250k_mimu.shp,merge_confirmed_duplicate,119915,119808,,,auto: merge CoreMap village duplicates; survivor = nearest to MIMU (193.5 m),2026-09-21T10:42:55.297Z
village:153166:row636:village_point_Ayeyarwady_v96.zip_mmr_ady_pplp2_250k_mimu.shp,village:153166:row636:village_point_Ayeyarwady_v96.zip_mmr_ady_pplp2_250k_mimu.shp,merge_confirmed_duplicate,119915,119808,,,auto: merge CoreMap village duplicates; survivor = nearest to MIMU (68.5 m),2026-09-21T10:42:55.297Z
village:153329:row650:village_point_Ayeyarwady_v96.zip_mmr_ady_pplp2_250k_mimu.shp,village:153329:row650:village_point_Ayeyarwady_v96.zip_mmr_ady_pplp2_250k_mimu.shp,merge_confirmed_duplicate,119626,119710,,,auto: merge CoreMap village duplicates; survivor = nearest to MIMU (0.0 m),2026-09-21T10:42:55.297Z
village:153337:row658:village_point_Ayeyarwady_v96.zip_mmr_ady_pplp2_250k_mimu.shp,village:153337:row658:village_point_Ayeyarwady_v96.zip_mmr_ady_pplp2_250k_mimu.shp,merge_confirmed_duplicate,119710,119626,,,auto: merge CoreMap village duplicates; survivor = nearest to MIMU (0.0 m),2026-09-21T10:42:55.297Z
village:154541:row679:village_point_Ayeyarwady_v96.zip_mmr_ady_pplp2_250k_mimu.shp,village:154541:row679:village_point_Ayeyarwady_v96.zip_mmr_ady_pplp2_250k_mimu.shp,merge_confirmed_duplicate,119908,119740,,,auto: merge CoreMap village duplicates; survivor = nearest to MIMU (29.5 m),2026-09-21T10:42:55.297Z
village:154544:row686:village_point_Ayeyarwady_v96.zip_mmr_ady_pplp2_250k_mimu.shp,village:154544:row686:village_point_Ayeyarwady_v96.zip_mmr_ady_pplp2_250k_mimu.shp,merge_confirmed_duplicate,119761,119829,,,auto: merge CoreMap village duplicates; survivor = nearest to MIMU (106.0 m),2026-09-21T10:42:55.297Z
village:155342:row691:village_point_Ayeyarwady_v96.zip_mmr_ady_pplp2_250k_mimu.shp,village:155342:row691:village_point_Ayeyarwady_v96.zip_mmr_ady_pplp2_250k_mimu.shp,merge_confirmed_duplicate,119691,119894;119785;119871;119838,,,auto: merge CoreMap village duplicates; survivor = nearest to MIMU (18.9 m),2026-09-21T10:42:55.297Z
village:155340:row696:village_point_Ayeyarwady_v96.zip_mmr_ady_pplp2_250k_mimu.shp,village:155340:row696:village_point_Ayeyarwady_v96.zip_mmr_ady_pplp2_250k_mimu.shp,merge_confirmed_duplicate,119801,119764;119690,,,auto: merge CoreMap village duplicates; survivor = nearest to MIMU (0.0 m),2026-09-21T10:42:55.297Z
village:156923:row735:village_point_Ayeyarwady_v96.zip_mmr_ady_pplp2_250k_mimu.shp,village:156923:row735:village_point_Ayeyarwady_v96.zip_mmr_ady_pplp2_250k_mimu.shp,merge_confirmed_duplicate,119715,119577;149466,,,auto: merge CoreMap village duplicates; survivor = nearest to MIMU (0.0 m),2026-09-21T10:42:55.297Z
village:156937:row743:village_point_Ayeyarwady_v96.zip_mmr_ady_pplp2_250k_mimu.shp,village:156937:row743:village_point_Ayeyarwady_v96.zip_mmr_ady_pplp2_250k_mimu.shp,merge_confirmed_duplicate,119795,119902,,,auto: merge CoreMap village duplicates; survivor = nearest to MIMU (44.5 m),2026-09-21T10:42:55.297Z
village:156939:row744:village_point_Ayeyarwady_v96.zip_mmr_ady_pplp2_250k_mimu.shp,village:156939:row744:village_point_Ayeyarwady_v96.zip_mmr_ady_pplp2_250k_mimu.shp,merge_confirmed_duplicate,119759,119800,,,auto: merge CoreMap village duplicates; survivor = nearest to MIMU (0.0 m),2026-09-21T10:42:55.297Z
village:156975:row748:village_point_Ayeyarwady_v96.zip_mmr_ady_pplp2_250k_mimu.shp,village:156975:row748:village_point_Ayeyarwady_v96.zip_mmr_ady_pplp2_250k_mimu.shp,merge_confirmed_duplicate,119902,119795,,,auto: merge CoreMap village duplicates; survivor = nearest to MIMU (0.0 m),2026-09-21T10:42:55.297Z
village:156974:row749:village_point_Ayeyarwady_v96.zip_mmr_ady_pplp2_250k_mimu.shp,village:156974:row749:village_point_Ayeyarwady_v96.zip_mmr_ady_pplp2_250k_mimu.shp,merge_confirmed_duplicate,119800,119759,,,auto: merge CoreMap village duplicates; survivor = nearest to MIMU (68.8 m),2026-09-21T10:42:55.297Z
village:156973:row750:village_point_Ayeyarwady_v96.zip_mmr_ady_pplp2_250k_mimu.shp,village:156973:row750:village_point_Ayeyarwady_v96.zip_mmr_ady_pplp2_250k_mimu.shp,merge_confirmed_duplicate,119764,119690;119801,,,auto: merge CoreMap village duplicates; survivor = nearest to MIMU (0.0 m),2026-09-21T10:42:55.297Z
village:158042:row751:village_point_Ayeyarwady_v96.zip_mmr_ady_pplp2_250k_mimu.shp,village:158042:row751:village_point_Ayeyarwady_v96.zip_mmr_ady_pplp2_250k_mimu.shp,merge_confirmed_duplicate,119871,119785;119691;119894;119838,,,auto: merge CoreMap village duplicates; survivor = nearest to MIMU (110.8 m),2026-09-21T10:42:55.297Z
village:158294:row770:village_point_Ayeyarwady_v96.zip_mmr_ady_pplp2_250k_mimu.shp,village:158294:row770:village_point_Ayeyarwady_v96.zip_mmr_ady_pplp2_250k_mimu.shp,merge_confirmed_duplicate,119734,119665,,,auto: merge CoreMap village duplicates; survivor = nearest to MIMU (33.2 m),2026-09-21T10:42:55.297Z
village:158291:row773:village_point_Ayeyarwady_v96.zip_mmr_ady_pplp2_250k_mimu.shp,village:158291:row773:village_point_Ayeyarwady_v96.zip_mmr_ady_pplp2_250k_mimu.shp,merge_confirmed_duplicate,119770,119779,,,auto: merge CoreMap village duplicates; survivor = nearest to MIMU (49.3 m),2026-09-21T10:42:55.297Z
village:158428:row777:village_point_Ayeyarwady_v96.zip_mmr_ady_pplp2_250k_mimu.shp,village:158428:row777:village_point_Ayeyarwady_v96.zip_mmr_ady_pplp2_250k_mimu.shp,merge_confirmed_duplicate,119740,119908,,,auto: merge CoreMap village duplicates; survivor = nearest to MIMU (116.6 m),2026-09-21T10:42:55.297Z
village:158769:row785:village_point_Ayeyarwady_v96.zip_mmr_ady_pplp2_250k_mimu.shp,village:158769:row785:village_point_Ayeyarwady_v96.zip_mmr_ady_pplp2_250k_mimu.shp,merge_confirmed_duplicate,119708,119751,,,auto: merge CoreMap village duplicates; survivor = nearest to MIMU (46.6 m),2026-09-21T10:42:55.297Z
village:158775:row786:village_point_Ayeyarwady_v96.zip_mmr_ady_pplp2_250k_mimu.shp,village:158775:row786:village_point_Ayeyarwady_v96.zip_mmr_ady_pplp2_250k_mimu.shp,merge_confirmed_duplicate,119818,119713,,,auto: merge CoreMap village duplicates; survivor = nearest to MIMU (120.3 m),2026-09-21T10:42:55.297Z
village:158773:row787:village_point_Ayeyarwady_v96.zip_mmr_ady_pplp2_250k_mimu.shp,village:158773:row787:village_point_Ayeyarwady_v96.zip_mmr_ady_pplp2_250k_mimu.shp,merge_confirmed_duplicate,119782,119641,,,auto: merge CoreMap village duplicates; survivor = nearest to MIMU (0.0 m),2026-09-21T10:42:55.297Z
village:158925:row790:village_point_Ayeyarwady_v96.zip_mmr_ady_pplp2_250k_mimu.shp,village:158925:row790:village_point_Ayeyarwady_v96.zip_mmr_ady_pplp2_250k_mimu.shp,merge_confirmed_duplicate,119691,119894;119871;119785;119838,,,auto: merge CoreMap village duplicates; survivor = nearest to MIMU (11482.6 m),2026-09-21T10:42:55.297Z
village:158926:row794:village_point_Ayeyarwady_v96.zip_mmr_ady_pplp2_250k_mimu.shp,village:158926:row794:village_point_Ayeyarwady_v96.zip_mmr_ady_pplp2_250k_mimu.shp,merge_confirmed_duplicate,119895,126874,,,auto: merge CoreMap village duplicates; survivor = nearest to MIMU (46.7 m),2026-09-21T10:42:55.297Z
village:159030:row804:village_point_Ayeyarwady_v96.zip_mmr_ady_pplp2_250k_mimu.shp,village:159030:row804:village_point_Ayeyarwady_v96.zip_mmr_ady_pplp2_250k_mimu.shp,merge_confirmed_duplicate,119739,119903,,,auto: merge CoreMap village duplicates; survivor = nearest to MIMU (22088.2 m),2026-09-21T10:42:55.297Z
village:159580:row809:village_point_Ayeyarwady_v96.zip_mmr_ady_pplp2_250k_mimu.shp,village:159580:row809:village_point_Ayeyarwady_v96.zip_mmr_ady_pplp2_250k_mimu.shp,merge_confirmed_duplicate,119943,119786,,,auto: merge CoreMap village duplicates; survivor = nearest to MIMU (0.0 m),2026-09-21T10:42:55.297Z
village:159748:row827:village_point_Ayeyarwady_v96.zip_mmr_ady_pplp2_250k_mimu.shp,village:159748:row827:village_point_Ayeyarwady_v96.zip_mmr_ady_pplp2_250k_mimu.shp,merge_confirmed_duplicate,119918,119731,,,auto: merge CoreMap village duplicates; survivor = nearest to MIMU (195.2 m),2026-09-21T10:42:55.297Z
village:159840:row836:village_point_Ayeyarwady_v96.zip_mmr_ady_pplp2_250k_mimu.shp,village:159840:row836:village_point_Ayeyarwady_v96.zip_mmr_ady_pplp2_250k_mimu.shp,merge_confirmed_duplicate,119739,119903,,,auto: merge CoreMap village duplicates; survivor = nearest to MIMU (38.3 m),2026-09-21T10:42:55.297Z
village:160139:row842:village_point_Ayeyarwady_v96.zip_mmr_ady_pplp2_250k_mimu.shp,village:160139:row842:village_point_Ayeyarwady_v96.zip_mmr_ady_pplp2_250k_mimu.shp,merge_confirmed_duplicate,119745,119810,,,auto: merge CoreMap village duplicates; survivor = nearest to MIMU (348.4 m),2026-09-21T10:42:55.297Z
village:160569:row854:village_point_Ayeyarwady_v96.zip_mmr_ady_pplp2_250k_mimu.shp,village:160569:row854:village_point_Ayeyarwady_v96.zip_mmr_ady_pplp2_250k_mimu.shp,merge_confirmed_duplicate,119845,119879;119820,,,auto: merge CoreMap village duplicates; survivor = nearest to MIMU (14290.9 m),2026-09-21T10:42:55.297Z
village:160680:row856:village_point_Ayeyarwady_v96.zip_mmr_ady_pplp2_250k_mimu.shp,village:160680:row856:village_point_Ayeyarwady_v96.zip_mmr_ady_pplp2_250k_mimu.shp,merge_confirmed_duplicate,119894,119691;119785;119871;119838,,,auto: merge CoreMap village duplicates; survivor = nearest to MIMU (25.7 m),2026-09-21T10:42:55.297Z
village:161026:row861:village_point_Ayeyarwady_v96.zip_mmr_ady_pplp2_250k_mimu.shp,village:161026:row861:village_point_Ayeyarwady_v96.zip_mmr_ady_pplp2_250k_mimu.shp,merge_confirmed_duplicate,119629,119881,,,auto: merge CoreMap village duplicates; survivor = nearest to MIMU (215.1 m),2026-09-21T10:42:55.297Z
village:161036:row868:village_point_Ayeyarwady_v96.zip_mmr_ady_pplp2_250k_mimu.shp,village:161036:row868:village_point_Ayeyarwady_v96.zip_mmr_ady_pplp2_250k_mimu.shp,merge_confirmed_duplicate,119751,119708,,,auto: merge CoreMap village duplicates; survivor = nearest to MIMU (40.2 m),2026-09-21T10:42:55.297Z
village:161033:row869:village_point_Ayeyarwady_v96.zip_mmr_ady_pplp2_250k_mimu.shp,village:161033:row869:village_point_Ayeyarwady_v96.zip_mmr_ady_pplp2_250k_mimu.shp,merge_confirmed_duplicate,119713,119818,,,auto: merge CoreMap village duplicates; survivor = nearest to MIMU (13.3 m),2026-09-21T10:42:55.297Z
village:161032:row873:village_point_Ayeyarwady_v96.zip_mmr_ady_pplp2_250k_mimu.shp,village:161032:row873:village_point_Ayeyarwady_v96.zip_mmr_ady_pplp2_250k_mimu.shp,merge_confirmed_duplicate,119641,119782,,,auto: merge CoreMap village duplicates; survivor = nearest to MIMU (0.0 m),2026-09-21T10:42:55.297Z
village:161315:row877:village_point_Ayeyarwady_v96.zip_mmr_ady_pplp2_250k_mimu.shp,village:161315:row877:village_point_Ayeyarwady_v96.zip_mmr_ady_pplp2_250k_mimu.shp,merge_confirmed_duplicate,119829,119761,,,auto: merge CoreMap village duplicates; survivor = nearest to MIMU (117.3 m),2026-09-21T10:42:55.297Z
village:161358:row884:village_point_Ayeyarwady_v96.zip_mmr_ady_pplp2_250k_mimu.shp,village:161358:row884:village_point_Ayeyarwady_v96.zip_mmr_ady_pplp2_250k_mimu.shp,merge_confirmed_duplicate,119745,119810,,,auto: merge CoreMap village duplicates; survivor = nearest to MIMU (23.3 m),2026-09-21T10:42:55.297Z
village:161796:row894:village_point_Ayeyarwady_v96.zip_mmr_ady_pplp2_250k_mimu.shp,village:161796:row894:village_point_Ayeyarwady_v96.zip_mmr_ady_pplp2_250k_mimu.shp,merge_confirmed_duplicate,119731,119918,,,auto: merge CoreMap village duplicates; survivor = nearest to MIMU (127.9 m),2026-09-21T10:42:55.297Z
village:161506:row909:village_point_Ayeyarwady_v96.zip_mmr_ady_pplp2_250k_mimu.shp,village:161506:row909:village_point_Ayeyarwady_v96.zip_mmr_ady_pplp2_250k_mimu.shp,merge_confirmed_duplicate,119693,119891,,,auto: merge CoreMap village duplicates; survivor = nearest to MIMU (204.8 m),2026-09-21T10:42:55.297Z
village:162328:row922:village_point_Ayeyarwady_v96.zip_mmr_ady_pplp2_250k_mimu.shp,village:162328:row922:village_point_Ayeyarwady_v96.zip_mmr_ady_pplp2_250k_mimu.shp,merge_confirmed_duplicate,119665,119734,,,auto: merge CoreMap village duplicates; survivor = nearest to MIMU (127.3 m),2026-09-21T10:42:55.297Z
village:162331:row923:village_point_Ayeyarwady_v96.zip_mmr_ady_pplp2_250k_mimu.shp,village:162331:row923:village_point_Ayeyarwady_v96.zip_mmr_ady_pplp2_250k_mimu.shp,merge_confirmed_duplicate,119779,119770,,,auto: merge CoreMap village duplicates; survivor = nearest to MIMU (99.4 m),2026-09-21T10:42:55.297Z
village:163286:row929:village_point_Ayeyarwady_v96.zip_mmr_ady_pplp2_250k_mimu.shp,village:163286:row929:village_point_Ayeyarwady_v96.zip_mmr_ady_pplp2_250k_mimu.shp,merge_confirmed_duplicate,119785,119871;119691;119894;119838,,,auto: merge CoreMap village duplicates; survivor = nearest to MIMU (11.3 m),2026-09-21T10:42:55.297Z
village:163285:row931:village_point_Ayeyarwady_v96.zip_mmr_ady_pplp2_250k_mimu.shp,village:163285:row931:village_point_Ayeyarwady_v96.zip_mmr_ady_pplp2_250k_mimu.shp,merge_confirmed_duplicate,119856,119677,,,auto: merge CoreMap village duplicates; survivor = nearest to MIMU (200.3 m),2026-09-21T10:42:55.297Z
village:163295:row935:village_point_Ayeyarwady_v96.zip_mmr_ady_pplp2_250k_mimu.shp,village:163295:row935:village_point_Ayeyarwady_v96.zip_mmr_ady_pplp2_250k_mimu.shp,merge_confirmed_duplicate,119891,119693,,,auto: merge CoreMap village duplicates; survivor = nearest to MIMU (136.7 m),2026-09-21T10:42:55.297Z
village:163382:row947:village_point_Ayeyarwady_v96.zip_mmr_ady_pplp2_250k_mimu.shp,village:163382:row947:village_point_Ayeyarwady_v96.zip_mmr_ady_pplp2_250k_mimu.shp,merge_confirmed_duplicate,119903,119739,,,auto: merge CoreMap village duplicates; survivor = nearest to MIMU (232.5 m),2026-09-21T10:42:55.297Z
village:163521:row951:village_point_Ayeyarwady_v96.zip_mmr_ady_pplp2_250k_mimu.shp,village:163521:row951:village_point_Ayeyarwady_v96.zip_mmr_ady_pplp2_250k_mimu.shp,merge_confirmed_duplicate,119677,119856,,,auto: merge CoreMap village duplicates; survivor = nearest to MIMU (98.0 m),2026-09-21T10:42:55.297Z
village:163879:row963:village_point_Ayeyarwady_v96.zip_mmr_ady_pplp2_250k_mimu.shp,village:163879:row963:village_point_Ayeyarwady_v96.zip_mmr_ady_pplp2_250k_mimu.shp,merge_confirmed_duplicate,119690,119764;119801,,,auto: merge CoreMap village duplicates; survivor = nearest to MIMU (0.0 m),2026-09-21T10:42:55.297Z
village:150056:row966:village_point_Ayeyarwady_v96.zip_mmr_ady_pplp2_250k_mimu.shp,village:150056:row966:village_point_Ayeyarwady_v96.zip_mmr_ady_pplp2_250k_mimu.shp,merge_confirmed_duplicate,120166,120256,,,auto: merge CoreMap village duplicates; survivor = nearest to MIMU (152.8 m),2026-09-21T10:42:55.297Z
village:150254:row970:village_point_Ayeyarwady_v96.zip_mmr_ady_pplp2_250k_mimu.shp,village:150254:row970:village_point_Ayeyarwady_v96.zip_mmr_ady_pplp2_250k_mimu.shp,merge_confirmed_duplicate,119993,120183,,,auto: merge CoreMap village duplicates; survivor = nearest to MIMU (0.0 m),2026-09-21T10:42:55.297Z
village:151295:row993:village_point_Ayeyarwady_v96.zip_mmr_ady_pplp2_250k_mimu.shp,village:151295:row993:village_point_Ayeyarwady_v96.zip_mmr_ady_pplp2_250k_mimu.shp,merge_confirmed_duplicate,120246,119971;120001,,,auto: merge CoreMap village duplicates; survivor = nearest to MIMU (89.7 m),2026-09-21T10:42:55.297Z
village:151298:row996:village_point_Ayeyarwady_v96.zip_mmr_ady_pplp2_250k_mimu.shp,village:151298:row996:village_point_Ayeyarwady_v96.zip_mmr_ady_pplp2_250k_mimu.shp,merge_confirmed_duplicate,120072,120195,,,auto: merge CoreMap village duplicates; survivor = nearest to MIMU (32.7 m),2026-09-21T10:42:55.297Z
village:151751:row1014:village_point_Ayeyarwady_v96.zip_mmr_ady_pplp2_250k_mimu.shp,village:151751:row1014:village_point_Ayeyarwady_v96.zip_mmr_ady_pplp2_250k_mimu.shp,merge_confirmed_duplicate,120195,120072,,,auto: merge CoreMap village duplicates; survivor = nearest to MIMU (80.2 m),2026-09-21T10:42:55.297Z
village:152063:row1021:village_point_Ayeyarwady_v96.zip_mmr_ady_pplp2_250k_mimu.shp,village:152063:row1021:village_point_Ayeyarwady_v96.zip_mmr_ady_pplp2_250k_mimu.shp,merge_confirmed_duplicate,120191,120040,,,auto: merge CoreMap village duplicates; survivor = nearest to MIMU (63.8 m),2026-09-21T10:42:55.297Z
village:152061:row1023:village_point_Ayeyarwady_v96.zip_mmr_ady_pplp2_250k_mimu.shp,village:152061:row1023:village_point_Ayeyarwady_v96.zip_mmr_ady_pplp2_250k_mimu.shp,merge_confirmed_duplicate,120125,120100,,,auto: merge CoreMap village duplicates; survivor = nearest to MIMU (305.8 m),2026-09-21T10:42:55.297Z
village:152126:row1029:village_point_Ayeyarwady_v96.zip_mmr_ady_pplp2_250k_mimu.shp,village:152126:row1029:village_point_Ayeyarwady_v96.zip_mmr_ady_pplp2_250k_mimu.shp,merge_confirmed_duplicate,120121,120169;120114,,,auto: merge CoreMap village duplicates; survivor = nearest to MIMU (313.6 m),2026-09-21T10:42:55.297Z
village:154599:row1064:village_point_Ayeyarwady_v96.zip_mmr_ady_pplp2_250k_mimu.shp,village:154599:row1064:village_point_Ayeyarwady_v96.zip_mmr_ady_pplp2_250k_mimu.shp,merge_confirmed_duplicate,120169,120121;120114,,,auto: merge CoreMap village duplicates; survivor = nearest to MIMU (74.8 m),2026-09-21T10:42:55.297Z
village:155643:row1078:village_point_Ayeyarwady_v96.zip_mmr_ady_pplp2_250k_mimu.shp,village:155643:row1078:village_point_Ayeyarwady_v96.zip_mmr_ady_pplp2_250k_mimu.shp,merge_confirmed_duplicate,120235,120130,,,auto: merge CoreMap village duplicates; survivor = nearest to MIMU (0.0 m),2026-09-21T10:42:55.297Z
village:155650:row1085:village_point_Ayeyarwady_v96.zip_mmr_ady_pplp2_250k_mimu.shp,village:155650:row1085:village_point_Ayeyarwady_v96.zip_mmr_ady_pplp2_250k_mimu.shp,merge_confirmed_duplicate,120130,120235,,,auto: merge CoreMap village duplicates; survivor = nearest to MIMU (0.0 m),2026-09-21T10:42:55.297Z
village:155682:row1106:village_point_Ayeyarwady_v96.zip_mmr_ady_pplp2_250k_mimu.shp,village:155682:row1106:village_point_Ayeyarwady_v96.zip_mmr_ady_pplp2_250k_mimu.shp,merge_confirmed_duplicate,120183,119993,,,auto: merge CoreMap village duplicates; survivor = nearest to MIMU (0.0 m),2026-09-21T10:42:55.297Z
village:156622:row1139:village_point_Ayeyarwady_v96.zip_mmr_ady_pplp2_250k_mimu.shp,village:156622:row1139:village_point_Ayeyarwady_v96.zip_mmr_ady_pplp2_250k_mimu.shp,merge_confirmed_duplicate,120100,120125,,,auto: merge CoreMap village duplicates; survivor = nearest to MIMU (50.6 m),2026-09-21T10:42:55.297Z
village:156652:row1149:village_point_Ayeyarwady_v96.zip_mmr_ady_pplp2_250k_mimu.shp,village:156652:row1149:village_point_Ayeyarwady_v96.zip_mmr_ady_pplp2_250k_mimu.shp,merge_confirmed_duplicate,119971,120246;120001,,,auto: merge CoreMap village duplicates; survivor = nearest to MIMU (101.3 m),2026-09-21T10:42:55.297Z
village:158753:row1190:village_point_Ayeyarwady_v96.zip_mmr_ady_pplp2_250k_mimu.shp,village:158753:row1190:village_point_Ayeyarwady_v96.zip_mmr_ady_pplp2_250k_mimu.shp,merge_confirmed_duplicate,120044,115557,,,auto: merge CoreMap village duplicates; survivor = nearest to MIMU (73.0 m),2026-09-21T10:42:55.297Z
village:161009:row1208:village_point_Ayeyarwady_v96.zip_mmr_ady_pplp2_250k_mimu.shp,village:161009:row1208:village_point_Ayeyarwady_v96.zip_mmr_ady_pplp2_250k_mimu.shp,merge_confirmed_duplicate,120166,120256,,,auto: merge CoreMap village duplicates; survivor = nearest to MIMU (0.0 m),2026-09-21T10:42:55.297Z
village:161271:row1224:village_point_Ayeyarwady_v96.zip_mmr_ady_pplp2_250k_mimu.shp,village:161271:row1224:village_point_Ayeyarwady_v96.zip_mmr_ady_pplp2_250k_mimu.shp,merge_confirmed_duplicate,120249,120046,,,auto: merge CoreMap village duplicates; survivor = nearest to MIMU (240.1 m),2026-09-21T10:42:55.297Z
village:217811:row1231:village_point_Ayeyarwady_v96.zip_mmr_ady_pplp2_250k_mimu.shp,village:217811:row1231:village_point_Ayeyarwady_v96.zip_mmr_ady_pplp2_250k_mimu.shp,merge_confirmed_duplicate,120243,120082,,,auto: merge CoreMap village duplicates; survivor = nearest to MIMU (0.0 m),2026-09-21T10:42:55.297Z
village:161331:row1234:village_point_Ayeyarwady_v96.zip_mmr_ady_pplp2_250k_mimu.shp,village:161331:row1234:village_point_Ayeyarwady_v96.zip_mmr_ady_pplp2_250k_mimu.shp,merge_confirmed_duplicate,120082,120243,,,auto: merge CoreMap village duplicates; survivor = nearest to MIMU (0.0 m),2026-09-21T10:42:55.297Z
village:162035:row1241:village_point_Ayeyarwady_v96.zip_mmr_ady_pplp2_250k_mimu.shp,village:162035:row1241:village_point_Ayeyarwady_v96.zip_mmr_ady_pplp2_250k_mimu.shp,merge_confirmed_duplicate,120076,120264,,,auto: merge CoreMap village duplicates; survivor = nearest to MIMU (119.0 m),2026-09-21T10:42:55.297Z
village:162040:row1245:village_point_Ayeyarwady_v96.zip_mmr_ady_pplp2_250k_mimu.shp,village:162040:row1245:village_point_Ayeyarwady_v96.zip_mmr_ady_pplp2_250k_mimu.shp,merge_confirmed_duplicate,120134,119995,,,auto: merge CoreMap village duplicates; survivor = nearest to MIMU (0.0 m),2026-09-21T10:42:55.297Z
village:162039:row1246:village_point_Ayeyarwady_v96.zip_mmr_ady_pplp2_250k_mimu.shp,village:162039:row1246:village_point_Ayeyarwady_v96.zip_mmr_ady_pplp2_250k_mimu.shp,merge_confirmed_duplicate,120167,120221,,,auto: merge CoreMap village duplicates; survivor = nearest to MIMU (0.0 m),2026-09-21T10:42:55.297Z
village:162059:row1250:village_point_Ayeyarwady_v96.zip_mmr_ady_pplp2_250k_mimu.shp,village:162059:row1250:village_point_Ayeyarwady_v96.zip_mmr_ady_pplp2_250k_mimu.shp,merge_confirmed_duplicate,120040,120191,,,auto: merge CoreMap village duplicates; survivor = nearest to MIMU (0.0 m),2026-09-21T10:42:55.297Z
village:162169:row1256:village_point_Ayeyarwady_v96.zip_mmr_ady_pplp2_250k_mimu.shp,village:162169:row1256:village_point_Ayeyarwady_v96.zip_mmr_ady_pplp2_250k_mimu.shp,merge_confirmed_duplicate,120264,120076,,,auto: merge CoreMap village duplicates; survivor = nearest to MIMU (38.9 m),2026-09-21T10:42:55.297Z
village:162189:row1264:village_point_Ayeyarwady_v96.zip_mmr_ady_pplp2_250k_mimu.shp,village:162189:row1264:village_point_Ayeyarwady_v96.zip_mmr_ady_pplp2_250k_mimu.shp,merge_confirmed_duplicate,120193,120052,,,auto: merge CoreMap village duplicates; survivor = nearest to MIMU (181.3 m),2026-09-21T10:42:55.297Z
village:162697:row1285:village_point_Ayeyarwady_v96.zip_mmr_ady_pplp2_250k_mimu.shp,village:162697:row1285:village_point_Ayeyarwady_v96.zip_mmr_ady_pplp2_250k_mimu.shp,merge_confirmed_duplicate,119995,120134,,,auto: merge CoreMap village duplicates; survivor = nearest to MIMU (0.0 m),2026-09-21T10:42:55.297Z
village:162696:row1286:village_point_Ayeyarwady_v96.zip_mmr_ady_pplp2_250k_mimu.shp,village:162696:row1286:village_point_Ayeyarwady_v96.zip_mmr_ady_pplp2_250k_mimu.shp,merge_confirmed_duplicate,120221,120167,,,auto: merge CoreMap village duplicates; survivor = nearest to MIMU (0.0 m),2026-09-21T10:42:55.297Z
village:162702:row1290:village_point_Ayeyarwady_v96.zip_mmr_ady_pplp2_250k_mimu.shp,village:162702:row1290:village_point_Ayeyarwady_v96.zip_mmr_ady_pplp2_250k_mimu.shp,merge_confirmed_duplicate,120052,120193,,,auto: merge CoreMap village duplicates; survivor = nearest to MIMU (0.0 m),2026-09-21T10:42:55.297Z
village:162932:row1296:village_point_Ayeyarwady_v96.zip_mmr_ady_pplp2_250k_mimu.shp,village:162932:row1296:village_point_Ayeyarwady_v96.zip_mmr_ady_pplp2_250k_mimu.shp,merge_confirmed_duplicate,120046,120249,,,auto: merge CoreMap village duplicates; survivor = nearest to MIMU (281.5 m),2026-09-21T10:42:55.297Z
village:162964:row1300:village_point_Ayeyarwady_v96.zip_mmr_ady_pplp2_250k_mimu.shp,village:162964:row1300:village_point_Ayeyarwady_v96.zip_mmr_ady_pplp2_250k_mimu.shp,merge_confirmed_duplicate,120277,120271;120079,,,auto: merge CoreMap village duplicates; survivor = nearest to MIMU (224.9 m),2026-09-21T10:42:55.297Z
village:163430:row1306:village_point_Ayeyarwady_v96.zip_mmr_ady_pplp2_250k_mimu.shp,village:163430:row1306:village_point_Ayeyarwady_v96.zip_mmr_ady_pplp2_250k_mimu.shp,merge_confirmed_duplicate,120271,120277;120079,,,auto: merge CoreMap village duplicates; survivor = nearest to MIMU (0.0 m),2026-09-21T10:42:55.297Z
village:218678:row1317:village_point_Ayeyarwady_v96.zip_mmr_ady_pplp2_250k_mimu.shp,village:218678:row1317:village_point_Ayeyarwady_v96.zip_mmr_ady_pplp2_250k_mimu.shp,merge_confirmed_duplicate,120399,120560;120566,,,auto: merge CoreMap village duplicates; survivor = nearest to MIMU (7890.7 m),2026-09-21T10:42:55.297Z
village:218692:row1323:village_point_Ayeyarwady_v96.zip_mmr_ady_pplp2_250k_mimu.shp,village:218692:row1323:village_point_Ayeyarwady_v96.zip_mmr_ady_pplp2_250k_mimu.shp,merge_confirmed_duplicate,120430,120314,,,auto: merge CoreMap village duplicates; survivor = nearest to MIMU (78.1 m),2026-09-21T10:42:55.297Z
village:151741:row1349:village_point_Ayeyarwady_v96.zip_mmr_ady_pplp2_250k_mimu.shp,village:151741:row1349:village_point_Ayeyarwady_v96.zip_mmr_ady_pplp2_250k_mimu.shp,merge_confirmed_duplicate,120345,120625,,,auto: merge CoreMap village duplicates; survivor = nearest to MIMU (7.5 m),2026-09-21T10:42:55.297Z
village:152653:row1369:village_point_Ayeyarwady_v96.zip_mmr_ady_pplp2_250k_mimu.shp,village:152653:row1369:village_point_Ayeyarwady_v96.zip_mmr_ady_pplp2_250k_mimu.shp,merge_confirmed_duplicate,120492,120366,,,auto: merge CoreMap village duplicates; survivor = nearest to MIMU (0.0 m),2026-09-21T10:42:55.297Z
village:152779:row1370:village_point_Ayeyarwady_v96.zip_mmr_ady_pplp2_250k_mimu.shp,village:152779:row1370:village_point_Ayeyarwady_v96.zip_mmr_ady_pplp2_250k_mimu.shp,merge_confirmed_duplicate,120452,120561;120558;120671;120315,,,auto: merge CoreMap village duplicates; survivor = nearest to MIMU (3029.0 m),2026-09-21T10:42:55.297Z
village:153052:row1383:village_point_Ayeyarwady_v96.zip_mmr_ady_pplp2_250k_mimu.shp,village:153052:row1383:village_point_Ayeyarwady_v96.zip_mmr_ady_pplp2_250k_mimu.shp,merge_confirmed_duplicate,120600,120478,,,auto: merge CoreMap village duplicates; survivor = nearest to MIMU (43.2 m),2026-09-21T10:42:55.297Z
village:153094:row1389:village_point_Ayeyarwady_v96.zip_mmr_ady_pplp2_250k_mimu.shp,village:153094:row1389:village_point_Ayeyarwady_v96.zip_mmr_ady_pplp2_250k_mimu.shp,merge_confirmed_duplicate,120366,120492,,,auto: merge CoreMap village duplicates; survivor = nearest to MIMU (20.1 m),2026-09-21T10:42:55.297Z
village:153285:row1398:village_point_Ayeyarwady_v96.zip_mmr_ady_pplp2_250k_mimu.shp,village:153285:row1398:village_point_Ayeyarwady_v96.zip_mmr_ady_pplp2_250k_mimu.shp,merge_confirmed_duplicate,120508,120539;120653;120412,,,auto: merge CoreMap village duplicates; survivor = nearest to MIMU (120.4 m),2026-09-21T10:42:55.297Z
village:153418:row1399:village_point_Ayeyarwady_v96.zip_mmr_ady_pplp2_250k_mimu.shp,village:153418:row1399:village_point_Ayeyarwady_v96.zip_mmr_ady_pplp2_250k_mimu.shp,merge_confirmed_duplicate,120427,120470,,,auto: merge CoreMap village duplicates; survivor = nearest to MIMU (83.5 m),2026-09-21T10:42:55.297Z
village:154313:row1434:village_point_Ayeyarwady_v96.zip_mmr_ady_pplp2_250k_mimu.shp,village:154313:row1434:village_point_Ayeyarwady_v96.zip_mmr_ady_pplp2_250k_mimu.shp,merge_confirmed_duplicate,120529,120556;120370,,,auto: merge CoreMap village duplicates; survivor = nearest to MIMU (172.0 m),2026-09-21T10:42:55.297Z
village:154643:row1444:village_point_Ayeyarwady_v96.zip_mmr_ady_pplp2_250k_mimu.shp,village:154643:row1444:village_point_Ayeyarwady_v96.zip_mmr_ady_pplp2_250k_mimu.shp,merge_confirmed_duplicate,120496,125905,,,auto: merge CoreMap village duplicates; survivor = nearest to MIMU (79.5 m),2026-09-21T10:42:55.297Z
village:154720:row1457:village_point_Ayeyarwady_v96.zip_mmr_ady_pplp2_250k_mimu.shp,village:154720:row1457:village_point_Ayeyarwady_v96.zip_mmr_ady_pplp2_250k_mimu.shp,merge_confirmed_duplicate,120588,120367,,,auto: merge CoreMap village duplicates; survivor = nearest to MIMU (8136.7 m),2026-09-21T10:42:55.297Z
village:154848:row1460:village_point_Ayeyarwady_v96.zip_mmr_ady_pplp2_250k_mimu.shp,village:154848:row1460:village_point_Ayeyarwady_v96.zip_mmr_ady_pplp2_250k_mimu.shp,merge_confirmed_duplicate,120681,120680,,,auto: merge CoreMap village duplicates; survivor = nearest to MIMU (124.0 m),2026-09-21T10:42:55.297Z
village:154998:row1470:village_point_Ayeyarwady_v96.zip_mmr_ady_pplp2_250k_mimu.shp,village:154998:row1470:village_point_Ayeyarwady_v96.zip_mmr_ady_pplp2_250k_mimu.shp,merge_confirmed_duplicate,120353,120544,,,auto: merge CoreMap village duplicates; survivor = nearest to MIMU (62.6 m),2026-09-21T10:42:55.297Z
village:154996:row1478:village_point_Ayeyarwady_v96.zip_mmr_ady_pplp2_250k_mimu.shp,village:154996:row1478:village_point_Ayeyarwady_v96.zip_mmr_ady_pplp2_250k_mimu.shp,merge_confirmed_duplicate,120474,120676;120611;120343,,,auto: merge CoreMap village duplicates; survivor = nearest to MIMU (149.3 m),2026-09-21T10:42:55.297Z
village:218668:row1501:village_point_Ayeyarwady_v96.zip_mmr_ady_pplp2_250k_mimu.shp,village:218668:row1501:village_point_Ayeyarwady_v96.zip_mmr_ady_pplp2_250k_mimu.shp,merge_confirmed_duplicate,120565,120507;120480;120327,,,auto: merge CoreMap village duplicates; survivor = nearest to MIMU (215.2 m),2026-09-21T10:42:55.297Z
village:155747:row1514:village_point_Ayeyarwady_v96.zip_mmr_ady_pplp2_250k_mimu.shp,village:155747:row1514:village_point_Ayeyarwady_v96.zip_mmr_ady_pplp2_250k_mimu.shp,merge_confirmed_duplicate,120454,120642,,,auto: merge CoreMap village duplicates; survivor = nearest to MIMU (67.2 m),2026-09-21T10:42:55.297Z
village:155769:row1517:village_point_Ayeyarwady_v96.zip_mmr_ady_pplp2_250k_mimu.shp,village:155769:row1517:village_point_Ayeyarwady_v96.zip_mmr_ady_pplp2_250k_mimu.shp,merge_confirmed_duplicate,120556,120529;120370,,,auto: merge CoreMap village duplicates; survivor = nearest to MIMU (152.0 m),2026-09-21T10:42:55.297Z
village:155770:row1518:village_point_Ayeyarwady_v96.zip_mmr_ady_pplp2_250k_mimu.shp,village:155770:row1518:village_point_Ayeyarwady_v96.zip_mmr_ady_pplp2_250k_mimu.shp,merge_confirmed_duplicate,120517,120449,,,auto: merge CoreMap village duplicates; survivor = nearest to MIMU (180.5 m),2026-09-21T10:42:55.297Z
village:155818:row1524:village_point_Ayeyarwady_v96.zip_mmr_ady_pplp2_250k_mimu.shp,village:155818:row1524:village_point_Ayeyarwady_v96.zip_mmr_ady_pplp2_250k_mimu.shp,merge_confirmed_duplicate,120680,120681,,,auto: merge CoreMap village duplicates; survivor = nearest to MIMU (0.0 m),2026-09-21T10:42:55.297Z
village:155820:row1525:village_point_Ayeyarwady_v96.zip_mmr_ady_pplp2_250k_mimu.shp,village:155820:row1525:village_point_Ayeyarwady_v96.zip_mmr_ady_pplp2_250k_mimu.shp,merge_confirmed_duplicate,120454,120642,,,auto: merge CoreMap village duplicates; survivor = nearest to MIMU (173.9 m),2026-09-21T10:42:55.297Z
village:155935:row1534:village_point_Ayeyarwady_v96.zip_mmr_ady_pplp2_250k_mimu.shp,village:155935:row1534:village_point_Ayeyarwady_v96.zip_mmr_ady_pplp2_250k_mimu.shp,merge_confirmed_duplicate,120427,120470,,,auto: merge CoreMap village duplicates; survivor = nearest to MIMU (245.2 m),2026-09-21T10:42:55.297Z
village:155933:row1537:village_point_Ayeyarwady_v96.zip_mmr_ady_pplp2_250k_mimu.shp,village:155933:row1537:village_point_Ayeyarwady_v96.zip_mmr_ady_pplp2_250k_mimu.shp,merge_confirmed_duplicate,120590,120572;120482;120636;120547;120469;120650,,,auto: merge CoreMap village duplicates; survivor = nearest to MIMU (10587.0 m),2026-09-21T10:42:55.297Z
village:218686:row1562:village_point_Ayeyarwady_v96.zip_mmr_ady_pplp2_250k_mimu.shp,village:218686:row1562:village_point_Ayeyarwady_v96.zip_mmr_ady_pplp2_250k_mimu.shp,merge_confirmed_duplicate,120331,120630;120494;120336;120577;120526;120339,,,auto: merge CoreMap village duplicates; survivor = nearest to MIMU (6428.2 m),2026-09-21T10:42:55.297Z
village:158348:row1570:village_point_Ayeyarwady_v96.zip_mmr_ady_pplp2_250k_mimu.shp,village:158348:row1570:village_point_Ayeyarwady_v96.zip_mmr_ady_pplp2_250k_mimu.shp,merge_confirmed_duplicate,120622,120444,,,auto: merge CoreMap village duplicates; survivor = nearest to MIMU (330.4 m),2026-09-21T10:42:55.297Z
village:158470:row1576:village_point_Ayeyarwady_v96.zip_mmr_ady_pplp2_250k_mimu.shp,village:158470:row1576:village_point_Ayeyarwady_v96.zip_mmr_ady_pplp2_250k_mimu.shp,merge_confirmed_duplicate,120482,120590;120650;120572;120636;120469;120547,,,auto: merge CoreMap village duplicates; survivor = nearest to MIMU (8522.6 m),2026-09-21T10:42:55.297Z
village:159041:row1597:village_point_Ayeyarwady_v96.zip_mmr_ady_pplp2_250k_mimu.shp,village:159041:row1597:village_point_Ayeyarwady_v96.zip_mmr_ady_pplp2_250k_mimu.shp,merge_confirmed_duplicate,120611,120676;120474;120343,,,auto: merge CoreMap village duplicates; survivor = nearest to MIMU (7054.2 m),2026-09-21T10:42:55.297Z
village:159149:row1600:village_point_Ayeyarwady_v96.zip_mmr_ady_pplp2_250k_mimu.shp,village:159149:row1600:village_point_Ayeyarwady_v96.zip_mmr_ady_pplp2_250k_mimu.shp,merge_confirmed_duplicate,120393,120416,,,auto: merge CoreMap village duplicates; survivor = nearest to MIMU (2311.4 m),2026-09-21T10:42:55.297Z
village:159150:row1601:village_point_Ayeyarwady_v96.zip_mmr_ady_pplp2_250k_mimu.shp,village:159150:row1601:village_point_Ayeyarwady_v96.zip_mmr_ady_pplp2_250k_mimu.shp,merge_confirmed_duplicate,120356,120645,,,auto: merge CoreMap village duplicates; survivor = nearest to MIMU (21.4 m),2026-09-21T10:42:55.297Z
village:159993:row1623:village_point_Ayeyarwady_v96.zip_mmr_ady_pplp2_250k_mimu.shp,village:159993:row1623:village_point_Ayeyarwady_v96.zip_mmr_ady_pplp2_250k_mimu.shp,merge_confirmed_duplicate,120580,120455,,,auto: merge CoreMap village duplicates; survivor = nearest to MIMU (472.0 m),2026-09-21T10:42:55.297Z
village:160193:row1630:village_point_Ayeyarwady_v96.zip_mmr_ady_pplp2_250k_mimu.shp,village:160193:row1630:village_point_Ayeyarwady_v96.zip_mmr_ady_pplp2_250k_mimu.shp,merge_confirmed_duplicate,120313,120555,,,auto: merge CoreMap village duplicates; survivor = nearest to MIMU (1879.8 m),2026-09-21T10:42:55.297Z
village:160216:row1633:village_point_Ayeyarwady_v96.zip_mmr_ady_pplp2_250k_mimu.shp,village:160216:row1633:village_point_Ayeyarwady_v96.zip_mmr_ady_pplp2_250k_mimu.shp,merge_confirmed_duplicate,120625,120345,,,auto: merge CoreMap village duplicates; survivor = nearest to MIMU (68.2 m),2026-09-21T10:42:55.297Z
village:218694:row1640:village_point_Ayeyarwady_v96.zip_mmr_ady_pplp2_250k_mimu.shp,village:218694:row1640:village_point_Ayeyarwady_v96.zip_mmr_ady_pplp2_250k_mimu.shp,merge_confirmed_duplicate,120430,120314,,,auto: merge CoreMap village duplicates; survivor = nearest to MIMU (342.7 m),2026-09-21T10:42:55.297Z
village:160868:row1649:village_point_Ayeyarwady_v96.zip_mmr_ady_pplp2_250k_mimu.shp,village:160868:row1649:village_point_Ayeyarwady_v96.zip_mmr_ady_pplp2_250k_mimu.shp,merge_confirmed_duplicate,120425,120581,,,auto: merge CoreMap village duplicates; survivor = nearest to MIMU (15790.7 m),2026-09-21T10:42:55.297Z
village:161692:row1668:village_point_Ayeyarwady_v96.zip_mmr_ady_pplp2_250k_mimu.shp,village:161692:row1668:village_point_Ayeyarwady_v96.zip_mmr_ady_pplp2_250k_mimu.shp,merge_confirmed_duplicate,120622,120444,,,auto: merge CoreMap village duplicates; survivor = nearest to MIMU (8.9 m),2026-09-21T10:42:55.297Z
village:218676:row1669:village_point_Ayeyarwady_v96.zip_mmr_ady_pplp2_250k_mimu.shp,village:218676:row1669:village_point_Ayeyarwady_v96.zip_mmr_ady_pplp2_250k_mimu.shp,merge_confirmed_duplicate,120590,120482;120572;120636;120650;120469;120547,,,auto: merge CoreMap village duplicates; survivor = nearest to MIMU (3685.6 m),2026-09-21T10:42:55.297Z
village:161774:row1673:village_point_Ayeyarwady_v96.zip_mmr_ady_pplp2_250k_mimu.shp,village:161774:row1673:village_point_Ayeyarwady_v96.zip_mmr_ady_pplp2_250k_mimu.shp,merge_confirmed_duplicate,120427,120470,,,auto: merge CoreMap village duplicates; survivor = nearest to MIMU (17366.6 m),2026-09-21T10:42:55.297Z
village:162115:row1693:village_point_Ayeyarwady_v96.zip_mmr_ady_pplp2_250k_mimu.shp,village:162115:row1693:village_point_Ayeyarwady_v96.zip_mmr_ady_pplp2_250k_mimu.shp,merge_confirmed_duplicate,120676,120474;120611;120343,,,auto: merge CoreMap village duplicates; survivor = nearest to MIMU (60.3 m),2026-09-21T10:42:55.297Z
village:162754:row1709:village_point_Ayeyarwady_v96.zip_mmr_ady_pplp2_250k_mimu.shp,village:162754:row1709:village_point_Ayeyarwady_v96.zip_mmr_ady_pplp2_250k_mimu.shp,merge_confirmed_duplicate,120507,120565;120480;120327,,,auto: merge CoreMap village duplicates; survivor = nearest to MIMU (0.0 m),2026-09-21T10:42:55.297Z
village:163026:row1723:village_point_Ayeyarwady_v96.zip_mmr_ady_pplp2_250k_mimu.shp,village:163026:row1723:village_point_Ayeyarwady_v96.zip_mmr_ady_pplp2_250k_mimu.shp,merge_confirmed_duplicate,120455,120580,,,auto: merge CoreMap village duplicates; survivor = nearest to MIMU (445.6 m),2026-09-21T10:42:55.297Z
village:163124:row1730:village_point_Ayeyarwady_v96.zip_mmr_ady_pplp2_250k_mimu.shp,village:163124:row1730:village_point_Ayeyarwady_v96.zip_mmr_ady_pplp2_250k_mimu.shp,merge_confirmed_duplicate,120344,120322;120540;120440;120488,,,auto: merge CoreMap village duplicates; survivor = nearest to MIMU (6429.5 m),2026-09-21T10:42:55.297Z
village:163120:row1732:village_point_Ayeyarwady_v96.zip_mmr_ady_pplp2_250k_mimu.shp,village:163120:row1732:village_point_Ayeyarwady_v96.zip_mmr_ady_pplp2_250k_mimu.shp,merge_confirmed_duplicate,120539,120508;120653;120412,,,auto: merge CoreMap village duplicates; survivor = nearest to MIMU (52.3 m),2026-09-21T10:42:55.297Z
village:163470:row1744:village_point_Ayeyarwady_v96.zip_mmr_ady_pplp2_250k_mimu.shp,village:163470:row1744:village_point_Ayeyarwady_v96.zip_mmr_ady_pplp2_250k_mimu.shp,merge_confirmed_duplicate,120482,120650;120590;120636;120572;120469;120547,,,auto: merge CoreMap village duplicates; survivor = nearest to MIMU (10950.9 m),2026-09-21T10:42:55.297Z
village:163599:row1750:village_point_Ayeyarwady_v96.zip_mmr_ady_pplp2_250k_mimu.shp,village:163599:row1750:village_point_Ayeyarwady_v96.zip_mmr_ady_pplp2_250k_mimu.shp,merge_confirmed_duplicate,120449,120517,,,auto: merge CoreMap village duplicates; survivor = nearest to MIMU (0.0 m),2026-09-21T10:42:55.297Z
village:150044:row1778:village_point_Ayeyarwady_v96.zip_mmr_ady_pplp2_250k_mimu.shp,village:150044:row1778:village_point_Ayeyarwady_v96.zip_mmr_ady_pplp2_250k_mimu.shp,merge_confirmed_duplicate,121188,121292,,,auto: merge CoreMap village duplicates; survivor = nearest to MIMU (49.0 m),2026-09-21T10:42:55.297Z
village:220331:row1783:village_point_Ayeyarwady_v96.zip_mmr_ady_pplp2_250k_mimu.shp,village:220331:row1783:village_point_Ayeyarwady_v96.zip_mmr_ady_pplp2_250k_mimu.shp,merge_confirmed_duplicate,121197,120822;121221,,,auto: merge CoreMap village duplicates; survivor = nearest to MIMU (1714.3 m),2026-09-21T10:42:55.297Z
village:150779:row1799:village_point_Ayeyarwady_v96.zip_mmr_ady_pplp2_250k_mimu.shp,village:150779:row1799:village_point_Ayeyarwady_v96.zip_mmr_ady_pplp2_250k_mimu.shp,merge_confirmed_duplicate,121355,120881,,,auto: merge CoreMap village duplicates; survivor = nearest to MIMU (206.6 m),2026-09-21T10:42:55.297Z
village:150774:row1800:village_point_Ayeyarwady_v96.zip_mmr_ady_pplp2_250k_mimu.shp,village:150774:row1800:village_point_Ayeyarwady_v96.zip_mmr_ady_pplp2_250k_mimu.shp,merge_confirmed_duplicate,120956,121290,,,auto: merge CoreMap village duplicates; survivor = nearest to MIMU (0.0 m),2026-09-21T10:42:55.297Z
village:150775:row1805:village_point_Ayeyarwady_v96.zip_mmr_ady_pplp2_250k_mimu.shp,village:150775:row1805:village_point_Ayeyarwady_v96.zip_mmr_ady_pplp2_250k_mimu.shp,merge_confirmed_duplicate,120797,120929,,,auto: merge CoreMap village duplicates; survivor = nearest to MIMU (126.0 m),2026-09-21T10:42:55.297Z
village:151132:row1813:village_point_Ayeyarwady_v96.zip_mmr_ady_pplp2_250k_mimu.shp,village:151132:row1813:village_point_Ayeyarwady_v96.zip_mmr_ady_pplp2_250k_mimu.shp,merge_confirmed_duplicate,121350,121224;120859,,,auto: merge CoreMap village duplicates; survivor = nearest to MIMU (11447.1 m),2026-09-21T10:42:55.297Z
village:151341:row1822:village_point_Ayeyarwady_v96.zip_mmr_ady_pplp2_250k_mimu.shp,village:151341:row1822:village_point_Ayeyarwady_v96.zip_mmr_ady_pplp2_250k_mimu.shp,merge_confirmed_duplicate,121209,121286,,,auto: merge CoreMap village duplicates; survivor = nearest to MIMU (0.0 m),2026-09-21T10:42:55.297Z
village:151338:row1823:village_point_Ayeyarwady_v96.zip_mmr_ady_pplp2_250k_mimu.shp,village:151338:row1823:village_point_Ayeyarwady_v96.zip_mmr_ady_pplp2_250k_mimu.shp,merge_confirmed_duplicate,120930,121262;121142;121005;120952;120829;120990;116015,,,auto: merge CoreMap village duplicates; survivor = nearest to MIMU (0.0 m),2026-09-21T10:42:55.297Z
village:151550:row1833:village_point_Ayeyarwady_v96.zip_mmr_ady_pplp2_250k_mimu.shp,village:151550:row1833:village_point_Ayeyarwady_v96.zip_mmr_ady_pplp2_250k_mimu.shp,merge_confirmed_duplicate,120843,121033,,,auto: merge CoreMap village duplicates; survivor = nearest to MIMU (0.0 m),2026-09-21T10:42:55.297Z
village:151654:row1845:village_point_Ayeyarwady_v96.zip_mmr_ady_pplp2_250k_mimu.shp,village:151654:row1845:village_point_Ayeyarwady_v96.zip_mmr_ady_pplp2_250k_mimu.shp,merge_confirmed_duplicate,121267,121339,,,auto: merge CoreMap village duplicates; survivor = nearest to MIMU (353.9 m),2026-09-21T10:42:55.297Z
village:218594:row1859:village_point_Ayeyarwady_v96.zip_mmr_ady_pplp2_250k_mimu.shp,village:218594:row1859:village_point_Ayeyarwady_v96.zip_mmr_ady_pplp2_250k_mimu.shp,merge_confirmed_duplicate,121290,120956,,,auto: merge CoreMap village duplicates; survivor = nearest to MIMU (14.1 m),2026-09-21T10:42:55.297Z
village:152370:row1868:village_point_Ayeyarwady_v96.zip_mmr_ady_pplp2_250k_mimu.shp,village:152370:row1868:village_point_Ayeyarwady_v96.zip_mmr_ady_pplp2_250k_mimu.shp,merge_confirmed_duplicate,121206,121385;120914;121313,,,auto: merge CoreMap village duplicates; survivor = nearest to MIMU (187.6 m),2026-09-21T10:42:55.297Z
village:153001:row1889:village_point_Ayeyarwady_v96.zip_mmr_ady_pplp2_250k_mimu.shp,village:153001:row1889:village_point_Ayeyarwady_v96.zip_mmr_ady_pplp2_250k_mimu.shp,merge_confirmed_duplicate,121391,121360,,,auto: merge CoreMap village duplicates; survivor = nearest to MIMU (147.4 m),2026-09-21T10:42:55.297Z
village:152999:row1893:village_point_Ayeyarwady_v96.zip_mmr_ady_pplp2_250k_mimu.shp,village:152999:row1893:village_point_Ayeyarwady_v96.zip_mmr_ady_pplp2_250k_mimu.shp,merge_confirmed_duplicate,120998,121029,,,auto: merge CoreMap village duplicates; survivor = nearest to MIMU (141.0 m),2026-09-21T10:42:55.297Z
village:153024:row1909:village_point_Ayeyarwady_v96.zip_mmr_ady_pplp2_250k_mimu.shp,village:153024:row1909:village_point_Ayeyarwady_v96.zip_mmr_ady_pplp2_250k_mimu.shp,merge_confirmed_duplicate,121336,120873;120947,,,auto: merge CoreMap village duplicates; survivor = nearest to MIMU (141.8 m),2026-09-21T10:42:55.297Z
village:153089:row1922:village_point_Ayeyarwady_v96.zip_mmr_ady_pplp2_250k_mimu.shp,village:153089:row1922:village_point_Ayeyarwady_v96.zip_mmr_ady_pplp2_250k_mimu.shp,merge_confirmed_duplicate,121346,120886,,,auto: merge CoreMap village duplicates; survivor = nearest to MIMU (54.6 m),2026-09-21T10:42:55.297Z
village:153386:row1932:village_point_Ayeyarwady_v96.zip_mmr_ady_pplp2_250k_mimu.shp,village:153386:row1932:village_point_Ayeyarwady_v96.zip_mmr_ady_pplp2_250k_mimu.shp,merge_confirmed_duplicate,121286,121209,,,auto: merge CoreMap village duplicates; survivor = nearest to MIMU (83.6 m),2026-09-21T10:42:55.297Z
village:153460:row1938:village_point_Ayeyarwady_v96.zip_mmr_ady_pplp2_250k_mimu.shp,village:153460:row1938:village_point_Ayeyarwady_v96.zip_mmr_ady_pplp2_250k_mimu.shp,merge_confirmed_duplicate,120967,120816,,,auto: merge CoreMap village duplicates; survivor = nearest to MIMU (23460.8 m),2026-09-21T10:42:55.297Z
village:153729:row1946:village_point_Ayeyarwady_v96.zip_mmr_ady_pplp2_250k_mimu.shp,village:153729:row1946:village_point_Ayeyarwady_v96.zip_mmr_ady_pplp2_250k_mimu.shp,merge_confirmed_duplicate,121266,121235,,,auto: merge CoreMap village duplicates; survivor = nearest to MIMU (1099.9 m),2026-09-21T10:42:55.297Z
village:153725:row1951:village_point_Ayeyarwady_v96.zip_mmr_ady_pplp2_250k_mimu.shp,village:153725:row1951:village_point_Ayeyarwady_v96.zip_mmr_ady_pplp2_250k_mimu.shp,merge_confirmed_duplicate,121330,168482,,,auto: merge CoreMap village duplicates; survivor = nearest to MIMU (67.2 m),2026-09-21T10:42:55.297Z
village:153858:row1959:village_point_Ayeyarwady_v96.zip_mmr_ady_pplp2_250k_mimu.shp,village:153858:row1959:village_point_Ayeyarwady_v96.zip_mmr_ady_pplp2_250k_mimu.shp,merge_confirmed_duplicate,121391,121360,,,auto: merge CoreMap village duplicates; survivor = nearest to MIMU (131.0 m),2026-09-21T10:42:55.297Z
village:154584:row1994:village_point_Ayeyarwady_v96.zip_mmr_ady_pplp2_250k_mimu.shp,village:154584:row1994:village_point_Ayeyarwady_v96.zip_mmr_ady_pplp2_250k_mimu.shp,merge_confirmed_duplicate,121220,121120,,,auto: merge CoreMap village duplicates; survivor = nearest to MIMU (21.3 m),2026-09-21T10:42:55.297Z
village:154590:row1997:village_point_Ayeyarwady_v96.zip_mmr_ady_pplp2_250k_mimu.shp,village:154590:row1997:village_point_Ayeyarwady_v96.zip_mmr_ady_pplp2_250k_mimu.shp,merge_confirmed_duplicate,121258,121084,,,auto: merge CoreMap village duplicates; survivor = nearest to MIMU (0.0 m),2026-09-21T10:42:55.297Z
village:154577:row1999:village_point_Ayeyarwady_v96.zip_mmr_ady_pplp2_250k_mimu.shp,village:154577:row1999:village_point_Ayeyarwady_v96.zip_mmr_ady_pplp2_250k_mimu.shp,merge_confirmed_duplicate,121196,121072,,,auto: merge CoreMap village duplicates; survivor = nearest to MIMU (90.4 m),2026-09-21T10:42:55.297Z
village:155019:row2004:village_point_Ayeyarwady_v96.zip_mmr_ady_pplp2_250k_mimu.shp,village:155019:row2004:village_point_Ayeyarwady_v96.zip_mmr_ady_pplp2_250k_mimu.shp,merge_confirmed_duplicate,121292,121188,,,auto: merge CoreMap village duplicates; survivor = nearest to MIMU (78.5 m),2026-09-21T10:42:55.297Z
village:155695:row2030:village_point_Ayeyarwady_v96.zip_mmr_ady_pplp2_250k_mimu.shp,village:155695:row2030:village_point_Ayeyarwady_v96.zip_mmr_ady_pplp2_250k_mimu.shp,merge_confirmed_duplicate,121339,121267,,,auto: merge CoreMap village duplicates; survivor = nearest to MIMU (133.8 m),2026-09-21T10:42:55.297Z
village:156074:row2033:village_point_Ayeyarwady_v96.zip_mmr_ady_pplp2_250k_mimu.shp,village:156074:row2033:village_point_Ayeyarwady_v96.zip_mmr_ady_pplp2_250k_mimu.shp,merge_confirmed_duplicate,121206,121385;120914;121313,,,auto: merge CoreMap village duplicates; survivor = nearest to MIMU (771.1 m),2026-09-21T10:42:55.297Z
village:156066:row2038:village_point_Ayeyarwady_v96.zip_mmr_ady_pplp2_250k_mimu.shp,village:156066:row2038:village_point_Ayeyarwady_v96.zip_mmr_ady_pplp2_250k_mimu.shp,merge_confirmed_duplicate,121120,121220,,,auto: merge CoreMap village duplicates; survivor = nearest to MIMU (77.8 m),2026-09-21T10:42:55.297Z
village:156510:row2056:village_point_Ayeyarwady_v96.zip_mmr_ady_pplp2_250k_mimu.shp,village:156510:row2056:village_point_Ayeyarwady_v96.zip_mmr_ady_pplp2_250k_mimu.shp,merge_confirmed_duplicate,120859,121224;121350,,,auto: merge CoreMap village duplicates; survivor = nearest to MIMU (11490.0 m),2026-09-21T10:42:55.297Z
village:156764:row2072:village_point_Ayeyarwady_v96.zip_mmr_ady_pplp2_250k_mimu.shp,village:156764:row2072:village_point_Ayeyarwady_v96.zip_mmr_ady_pplp2_250k_mimu.shp,merge_confirmed_duplicate,121266,121235,,,auto: merge CoreMap village duplicates; survivor = nearest to MIMU (350.5 m),2026-09-21T10:42:55.297Z
village:156762:row2081:village_point_Ayeyarwady_v96.zip_mmr_ady_pplp2_250k_mimu.shp,village:156762:row2081:village_point_Ayeyarwady_v96.zip_mmr_ady_pplp2_250k_mimu.shp,merge_confirmed_duplicate,121084,121258,,,auto: merge CoreMap village duplicates; survivor = nearest to MIMU (0.0 m),2026-09-21T10:42:55.297Z
village:156777:row2089:village_point_Ayeyarwady_v96.zip_mmr_ady_pplp2_250k_mimu.shp,village:156777:row2089:village_point_Ayeyarwady_v96.zip_mmr_ady_pplp2_250k_mimu.shp,merge_confirmed_duplicate,121242,120838,,,auto: merge CoreMap village duplicates; survivor = nearest to MIMU (516.2 m),2026-09-21T10:42:55.297Z
village:156803:row2099:village_point_Ayeyarwady_v96.zip_mmr_ady_pplp2_250k_mimu.shp,village:156803:row2099:village_point_Ayeyarwady_v96.zip_mmr_ady_pplp2_250k_mimu.shp,merge_confirmed_duplicate,120873,121336;120947,,,auto: merge CoreMap village duplicates; survivor = nearest to MIMU (68.4 m),2026-09-21T10:42:55.297Z
village:160953:row2106:village_point_Ayeyarwady_v96.zip_mmr_ady_pplp2_250k_mimu.shp,village:160953:row2106:village_point_Ayeyarwady_v96.zip_mmr_ady_pplp2_250k_mimu.shp,merge_confirmed_duplicate,121068,121063;120938,,,auto: merge CoreMap village duplicates; survivor = nearest to MIMU (43.9 m),2026-09-21T10:42:55.297Z
village:157305:row2120:village_point_Ayeyarwady_v96.zip_mmr_ady_pplp2_250k_mimu.shp,village:157305:row2120:village_point_Ayeyarwady_v96.zip_mmr_ady_pplp2_250k_mimu.shp,merge_confirmed_duplicate,120824,121372;121299,,,auto: merge CoreMap village duplicates; survivor = nearest to MIMU (4257.1 m),2026-09-21T10:42:55.297Z
village:157999:row2134:village_point_Ayeyarwady_v96.zip_mmr_ady_pplp2_250k_mimu.shp,village:157999:row2134:village_point_Ayeyarwady_v96.zip_mmr_ady_pplp2_250k_mimu.shp,merge_confirmed_duplicate,121262,120930;121142;121005;120952;120829;120990;116015,,,auto: merge CoreMap village duplicates; survivor = nearest to MIMU (38.4 m),2026-09-21T10:42:55.297Z
village:158173:row2149:village_point_Ayeyarwady_v96.zip_mmr_ady_pplp2_250k_mimu.shp,village:158173:row2149:village_point_Ayeyarwady_v96.zip_mmr_ady_pplp2_250k_mimu.shp,merge_confirmed_duplicate,121050,121402;121214,,,auto: merge CoreMap village duplicates; survivor = nearest to MIMU (9807.3 m),2026-09-21T10:42:55.297Z
village:158161:row2156:village_point_Ayeyarwady_v96.zip_mmr_ady_pplp2_250k_mimu.shp,village:158161:row2156:village_point_Ayeyarwady_v96.zip_mmr_ady_pplp2_250k_mimu.shp,merge_confirmed_duplicate,121030,159595,,,auto: merge CoreMap village duplicates; survivor = nearest to MIMU (84.9 m),2026-09-21T10:42:55.297Z
village:158215:row2167:village_point_Ayeyarwady_v96.zip_mmr_ady_pplp2_250k_mimu.shp,village:158215:row2167:village_point_Ayeyarwady_v96.zip_mmr_ady_pplp2_250k_mimu.shp,merge_confirmed_duplicate,121124,120865,,,auto: merge CoreMap village duplicates; survivor = nearest to MIMU (27.2 m),2026-09-21T10:42:55.297Z
village:158638:row2180:village_point_Ayeyarwady_v96.zip_mmr_ady_pplp2_250k_mimu.shp,village:158638:row2180:village_point_Ayeyarwady_v96.zip_mmr_ady_pplp2_250k_mimu.shp,merge_confirmed_duplicate,121208,129293,,,auto: merge CoreMap village duplicates; survivor = nearest to MIMU (12634.6 m),2026-09-21T10:42:55.297Z
village:159525:row2224:village_point_Ayeyarwady_v96.zip_mmr_ady_pplp2_250k_mimu.shp,village:159525:row2224:village_point_Ayeyarwady_v96.zip_mmr_ady_pplp2_250k_mimu.shp,merge_confirmed_duplicate,120865,121124,,,auto: merge CoreMap village duplicates; survivor = nearest to MIMU (40.4 m),2026-09-21T10:42:55.297Z
village:159733:row2232:village_point_Ayeyarwady_v96.zip_mmr_ady_pplp2_250k_mimu.shp,village:159733:row2232:village_point_Ayeyarwady_v96.zip_mmr_ady_pplp2_250k_mimu.shp,merge_confirmed_duplicate,121242,120838,,,auto: merge CoreMap village duplicates; survivor = nearest to MIMU (410.7 m),2026-09-21T10:42:55.297Z
village:160052:row2240:village_point_Ayeyarwady_v96.zip_mmr_ady_pplp2_250k_mimu.shp,village:160052:row2240:village_point_Ayeyarwady_v96.zip_mmr_ady_pplp2_250k_mimu.shp,merge_confirmed_duplicate,121062,121227,,,auto: merge CoreMap village duplicates; survivor = nearest to MIMU (20.3 m),2026-09-21T10:42:55.297Z
village:160098:row2244:village_point_Ayeyarwady_v96.zip_mmr_ady_pplp2_250k_mimu.shp,village:160098:row2244:village_point_Ayeyarwady_v96.zip_mmr_ady_pplp2_250k_mimu.shp,merge_confirmed_duplicate,121313,120914;121206;121385,,,auto: merge CoreMap village duplicates; survivor = nearest to MIMU (107.8 m),2026-09-21T10:42:55.297Z
village:160234:row2256:village_point_Ayeyarwady_v96.zip_mmr_ady_pplp2_250k_mimu.shp,village:160234:row2256:village_point_Ayeyarwady_v96.zip_mmr_ady_pplp2_250k_mimu.shp,merge_confirmed_duplicate,121178,120821;121326;121377;121236,,,auto: merge CoreMap village duplicates; survivor = nearest to MIMU (21003.2 m),2026-09-21T10:42:55.297Z
village:218575:row2272:village_point_Ayeyarwady_v96.zip_mmr_ady_pplp2_250k_mimu.shp,village:218575:row2272:village_point_Ayeyarwady_v96.zip_mmr_ady_pplp2_250k_mimu.shp,merge_confirmed_duplicate,121190,121398,,,auto: merge CoreMap village duplicates; survivor = nearest to MIMU (9877.2 m),2026-09-21T10:42:55.297Z
village:160515:row2277:village_point_Ayeyarwady_v96.zip_mmr_ady_pplp2_250k_mimu.shp,village:160515:row2277:village_point_Ayeyarwady_v96.zip_mmr_ady_pplp2_250k_mimu.shp,merge_confirmed_duplicate,120886,121346,,,auto: merge CoreMap village duplicates; survivor = nearest to MIMU (0.0 m),2026-09-21T10:42:55.297Z
village:160514:row2278:village_point_Ayeyarwady_v96.zip_mmr_ady_pplp2_250k_mimu.shp,village:160514:row2278:village_point_Ayeyarwady_v96.zip_mmr_ady_pplp2_250k_mimu.shp,merge_confirmed_duplicate,121227,121062,,,auto: merge CoreMap village duplicates; survivor = nearest to MIMU (44.1 m),2026-09-21T10:42:55.297Z
village:160576:row2282:village_point_Ayeyarwady_v96.zip_mmr_ady_pplp2_250k_mimu.shp,village:160576:row2282:village_point_Ayeyarwady_v96.zip_mmr_ady_pplp2_250k_mimu.shp,merge_confirmed_duplicate,120860,121021,,,auto: merge CoreMap village duplicates; survivor = nearest to MIMU (102.4 m),2026-09-21T10:42:55.297Z
village:160584:row2284:village_point_Ayeyarwady_v96.zip_mmr_ady_pplp2_250k_mimu.shp,village:160584:row2284:village_point_Ayeyarwady_v96.zip_mmr_ady_pplp2_250k_mimu.shp,merge_confirmed_duplicate,120876,129424,,,auto: merge CoreMap village duplicates; survivor = nearest to MIMU (22515.8 m),2026-09-21T10:42:55.297Z
village:160586:row2295:village_point_Ayeyarwady_v96.zip_mmr_ady_pplp2_250k_mimu.shp,village:160586:row2295:village_point_Ayeyarwady_v96.zip_mmr_ady_pplp2_250k_mimu.shp,merge_confirmed_duplicate,121021,120860,,,auto: merge CoreMap village duplicates; survivor = nearest to MIMU (302.6 m),2026-09-21T10:42:55.297Z
village:160649:row2296:village_point_Ayeyarwady_v96.zip_mmr_ady_pplp2_250k_mimu.shp,village:160649:row2296:village_point_Ayeyarwady_v96.zip_mmr_ady_pplp2_250k_mimu.shp,merge_confirmed_duplicate,121358,120880,,,auto: merge CoreMap village duplicates; survivor = nearest to MIMU (3.8 m),2026-09-21T10:42:55.297Z
village:160654:row2297:village_point_Ayeyarwady_v96.zip_mmr_ady_pplp2_250k_mimu.shp,village:160654:row2297:village_point_Ayeyarwady_v96.zip_mmr_ady_pplp2_250k_mimu.shp,merge_confirmed_duplicate,120959,121101,,,auto: merge CoreMap village duplicates; survivor = nearest to MIMU (0.0 m),2026-09-21T10:42:55.297Z
village:160675:row2311:village_point_Ayeyarwady_v96.zip_mmr_ady_pplp2_250k_mimu.shp,village:160675:row2311:village_point_Ayeyarwady_v96.zip_mmr_ady_pplp2_250k_mimu.shp,merge_confirmed_duplicate,121151,120897,,,auto: merge CoreMap village duplicates; survivor = nearest to MIMU (0.0 m),2026-09-21T10:42:55.297Z
village:161243:row2324:village_point_Ayeyarwady_v96.zip_mmr_ady_pplp2_250k_mimu.shp,village:161243:row2324:village_point_Ayeyarwady_v96.zip_mmr_ady_pplp2_250k_mimu.shp,merge_confirmed_duplicate,120880,121358,,,auto: merge CoreMap village duplicates; survivor = nearest to MIMU (37.8 m),2026-09-21T10:42:55.297Z
village:161241:row2327:village_point_Ayeyarwady_v96.zip_mmr_ady_pplp2_250k_mimu.shp,village:161241:row2327:village_point_Ayeyarwady_v96.zip_mmr_ady_pplp2_250k_mimu.shp,merge_confirmed_duplicate,120959,121101,,,auto: merge CoreMap village duplicates; survivor = nearest to MIMU (200.1 m),2026-09-21T10:42:55.297Z
village:218621:row2340:village_point_Ayeyarwady_v96.zip_mmr_ady_pplp2_250k_mimu.shp,village:218621:row2340:village_point_Ayeyarwady_v96.zip_mmr_ady_pplp2_250k_mimu.shp,merge_confirmed_duplicate,121190,121398,,,auto: merge CoreMap village duplicates; survivor = nearest to MIMU (14159.6 m),2026-09-21T10:42:55.297Z
village:161826:row2346:village_point_Ayeyarwady_v96.zip_mmr_ady_pplp2_250k_mimu.shp,village:161826:row2346:village_point_Ayeyarwady_v96.zip_mmr_ady_pplp2_250k_mimu.shp,merge_confirmed_duplicate,120881,121355,,,auto: merge CoreMap village duplicates; survivor = nearest to MIMU (64.3 m),2026-09-21T10:42:55.297Z
village:162018:row2356:village_point_Ayeyarwady_v96.zip_mmr_ady_pplp2_250k_mimu.shp,village:162018:row2356:village_point_Ayeyarwady_v96.zip_mmr_ady_pplp2_250k_mimu.shp,merge_confirmed_duplicate,120955,120887,,,auto: merge CoreMap village duplicates; survivor = nearest to MIMU (112.4 m),2026-09-21T10:42:55.297Z
village:162071:row2365:village_point_Ayeyarwady_v96.zip_mmr_ady_pplp2_250k_mimu.shp,village:162071:row2365:village_point_Ayeyarwady_v96.zip_mmr_ady_pplp2_250k_mimu.shp,merge_confirmed_duplicate,120929,120797,,,auto: merge CoreMap village duplicates; survivor = nearest to MIMU (91.8 m),2026-09-21T10:42:55.297Z
village:162338:row2399:village_point_Ayeyarwady_v96.zip_mmr_ady_pplp2_250k_mimu.shp,village:162338:row2399:village_point_Ayeyarwady_v96.zip_mmr_ady_pplp2_250k_mimu.shp,merge_confirmed_duplicate,121063,121068;120938,,,auto: merge CoreMap village duplicates; survivor = nearest to MIMU (45.5 m),2026-09-21T10:42:55.297Z
village:162580:row2422:village_point_Ayeyarwady_v96.zip_mmr_ady_pplp2_250k_mimu.shp,village:162580:row2422:village_point_Ayeyarwady_v96.zip_mmr_ady_pplp2_250k_mimu.shp,merge_confirmed_duplicate,120914,121313;121206;121385,,,auto: merge CoreMap village duplicates; survivor = nearest to MIMU (58.9 m),2026-09-21T10:42:55.297Z
village:162572:row2431:village_point_Ayeyarwady_v96.zip_mmr_ady_pplp2_250k_mimu.shp,village:162572:row2431:village_point_Ayeyarwady_v96.zip_mmr_ady_pplp2_250k_mimu.shp,merge_confirmed_duplicate,120887,120955,,,auto: merge CoreMap village duplicates; survivor = nearest to MIMU (82.3 m),2026-09-21T10:42:55.297Z
village:162581:row2433:village_point_Ayeyarwady_v96.zip_mmr_ady_pplp2_250k_mimu.shp,village:162581:row2433:village_point_Ayeyarwady_v96.zip_mmr_ady_pplp2_250k_mimu.shp,merge_confirmed_duplicate,121072,121196,,,auto: merge CoreMap village duplicates; survivor = nearest to MIMU (0.0 m),2026-09-21T10:42:55.297Z
village:163705:row2454:village_point_Ayeyarwady_v96.zip_mmr_ady_pplp2_250k_mimu.shp,village:163705:row2454:village_point_Ayeyarwady_v96.zip_mmr_ady_pplp2_250k_mimu.shp,merge_confirmed_duplicate,120861,121149,,,auto: merge CoreMap village duplicates; survivor = nearest to MIMU (475.2 m),2026-09-21T10:42:55.297Z
village:218576:row2455:village_point_Ayeyarwady_v96.zip_mmr_ady_pplp2_250k_mimu.shp,village:218576:row2455:village_point_Ayeyarwady_v96.zip_mmr_ady_pplp2_250k_mimu.shp,merge_confirmed_duplicate,121178,121326;120821;121377;121236,,,auto: merge CoreMap village duplicates; survivor = nearest to MIMU (3960.5 m),2026-09-21T10:42:55.297Z
village:163791:row2463:village_point_Ayeyarwady_v96.zip_mmr_ady_pplp2_250k_mimu.shp,village:163791:row2463:village_point_Ayeyarwady_v96.zip_mmr_ady_pplp2_250k_mimu.shp,merge_confirmed_duplicate,120897,121151,,,auto: merge CoreMap village duplicates; survivor = nearest to MIMU (2638.1 m),2026-09-21T10:42:55.297Z
village:163928:row2479:village_point_Ayeyarwady_v96.zip_mmr_ady_pplp2_250k_mimu.shp,village:163928:row2479:village_point_Ayeyarwady_v96.zip_mmr_ady_pplp2_250k_mimu.shp,merge_confirmed_duplicate,121033,120843,,,auto: merge CoreMap village duplicates; survivor = nearest to MIMU (205.1 m),2026-09-21T10:42:55.297Z
village:164079:row2482:village_point_Ayeyarwady_v96.zip_mmr_ady_pplp2_250k_mimu.shp,village:164079:row2482:village_point_Ayeyarwady_v96.zip_mmr_ady_pplp2_250k_mimu.shp,merge_confirmed_duplicate,121178,121326;121377;120821;121236,,,auto: merge CoreMap village duplicates; survivor = nearest to MIMU (3157.3 m),2026-09-21T10:42:55.297Z
village:151063:row2505:village_point_Ayeyarwady_v96.zip_mmr_ady_pplp2_250k_mimu.shp,village:151063:row2505:village_point_Ayeyarwady_v96.zip_mmr_ady_pplp2_250k_mimu.shp,merge_confirmed_duplicate,121936,121569,,,auto: merge CoreMap village duplicates; survivor = nearest to MIMU (99.9 m),2026-09-21T10:42:55.297Z
village:151096:row2508:village_point_Ayeyarwady_v96.zip_mmr_ady_pplp2_250k_mimu.shp,village:151096:row2508:village_point_Ayeyarwady_v96.zip_mmr_ady_pplp2_250k_mimu.shp,merge_confirmed_duplicate,121773,125656;121564,,,auto: merge CoreMap village duplicates; survivor = nearest to MIMU (102.2 m),2026-09-21T10:42:55.297Z
village:152096:row2543:village_point_Ayeyarwady_v96.zip_mmr_ady_pplp2_250k_mimu.shp,village:152096:row2543:village_point_Ayeyarwady_v96.zip_mmr_ady_pplp2_250k_mimu.shp,merge_confirmed_duplicate,121853,121824,,,auto: merge CoreMap village duplicates; survivor = nearest to MIMU (66.1 m),2026-09-21T10:42:55.297Z
village:152105:row2545:village_point_Ayeyarwady_v96.zip_mmr_ady_pplp2_250k_mimu.shp,village:152105:row2545:village_point_Ayeyarwady_v96.zip_mmr_ady_pplp2_250k_mimu.shp,merge_confirmed_duplicate,121735,121797;121881;121549,,,auto: merge CoreMap village duplicates; survivor = nearest to MIMU (77.1 m),2026-09-21T10:42:55.297Z
village:152101:row2548:village_point_Ayeyarwady_v96.zip_mmr_ady_pplp2_250k_mimu.shp,village:152101:row2548:village_point_Ayeyarwady_v96.zip_mmr_ady_pplp2_250k_mimu.shp,merge_confirmed_duplicate,121569,121936,,,auto: merge CoreMap village duplicates; survivor = nearest to MIMU (133.8 m),2026-09-21T10:42:55.297Z
village:152106:row2550:village_point_Ayeyarwady_v96.zip_mmr_ady_pplp2_250k_mimu.shp,village:152106:row2550:village_point_Ayeyarwady_v96.zip_mmr_ady_pplp2_250k_mimu.shp,merge_confirmed_duplicate,121918,121593;121785,,,auto: merge CoreMap village duplicates; survivor = nearest to MIMU (14.5 m),2026-09-21T10:42:55.297Z
village:152104:row2551:village_point_Ayeyarwady_v96.zip_mmr_ady_pplp2_250k_mimu.shp,village:152104:row2551:village_point_Ayeyarwady_v96.zip_mmr_ady_pplp2_250k_mimu.shp,merge_confirmed_duplicate,121976,121652,,,auto: merge CoreMap village duplicates; survivor = nearest to MIMU (0.0 m),2026-09-21T10:42:55.297Z
village:152623:row2577:village_point_Ayeyarwady_v96.zip_mmr_ady_pplp2_250k_mimu.shp,village:152623:row2577:village_point_Ayeyarwady_v96.zip_mmr_ady_pplp2_250k_mimu.shp,merge_confirmed_duplicate,121648,122035,,,auto: merge CoreMap village duplicates; survivor = nearest to MIMU (33.3 m),2026-09-21T10:42:55.297Z
village:152991:row2590:village_point_Ayeyarwady_v96.zip_mmr_ady_pplp2_250k_mimu.shp,village:152991:row2590:village_point_Ayeyarwady_v96.zip_mmr_ady_pplp2_250k_mimu.shp,merge_confirmed_duplicate,121956,121534,,,auto: merge CoreMap village duplicates; survivor = nearest to MIMU (106.7 m),2026-09-21T10:42:55.297Z
village:154174:row2635:village_point_Ayeyarwady_v96.zip_mmr_ady_pplp2_250k_mimu.shp,village:154174:row2635:village_point_Ayeyarwady_v96.zip_mmr_ady_pplp2_250k_mimu.shp,merge_confirmed_duplicate,121534,121956,,,auto: merge CoreMap village duplicates; survivor = nearest to MIMU (110.1 m),2026-09-21T10:42:55.297Z
village:154879:row2667:village_point_Ayeyarwady_v96.zip_mmr_ady_pplp2_250k_mimu.shp,village:154879:row2667:village_point_Ayeyarwady_v96.zip_mmr_ady_pplp2_250k_mimu.shp,merge_confirmed_duplicate,121797,121735;121881;121549,,,auto: merge CoreMap village duplicates; survivor = nearest to MIMU (25.4 m),2026-09-21T10:42:55.297Z
village:154921:row2697:village_point_Ayeyarwady_v96.zip_mmr_ady_pplp2_250k_mimu.shp,village:154921:row2697:village_point_Ayeyarwady_v96.zip_mmr_ady_pplp2_250k_mimu.shp,merge_confirmed_duplicate,121827,121626,,,auto: merge CoreMap village duplicates; survivor = nearest to MIMU (93.7 m),2026-09-21T10:42:55.297Z
village:155031:row2710:village_point_Ayeyarwady_v96.zip_mmr_ady_pplp2_250k_mimu.shp,village:155031:row2710:village_point_Ayeyarwady_v96.zip_mmr_ady_pplp2_250k_mimu.shp,merge_confirmed_duplicate,121593,121918;121785,,,auto: merge CoreMap village duplicates; survivor = nearest to MIMU (79.6 m),2026-09-21T10:42:55.297Z
village:155032:row2711:village_point_Ayeyarwady_v96.zip_mmr_ady_pplp2_250k_mimu.shp,village:155032:row2711:village_point_Ayeyarwady_v96.zip_mmr_ady_pplp2_250k_mimu.shp,merge_confirmed_duplicate,121652,121976,,,auto: merge CoreMap village duplicates; survivor = nearest to MIMU (14.2 m),2026-09-21T10:42:55.297Z
village:155462:row2732:village_point_Ayeyarwady_v96.zip_mmr_ady_pplp2_250k_mimu.shp,village:155462:row2732:village_point_Ayeyarwady_v96.zip_mmr_ady_pplp2_250k_mimu.shp,merge_confirmed_duplicate,121824,121853,,,auto: merge CoreMap village duplicates; survivor = nearest to MIMU (0.0 m),2026-09-21T10:42:55.297Z
village:156659:row2762:village_point_Ayeyarwady_v96.zip_mmr_ady_pplp2_250k_mimu.shp,village:156659:row2762:village_point_Ayeyarwady_v96.zip_mmr_ady_pplp2_250k_mimu.shp,merge_confirmed_duplicate,121900,121808,,,auto: merge CoreMap village duplicates; survivor = nearest to MIMU (3.8 m),2026-09-21T10:42:55.297Z
village:156661:row2763:village_point_Ayeyarwady_v96.zip_mmr_ady_pplp2_250k_mimu.shp,village:156661:row2763:village_point_Ayeyarwady_v96.zip_mmr_ady_pplp2_250k_mimu.shp,merge_confirmed_duplicate,121852,121982,,,auto: merge CoreMap village duplicates; survivor = nearest to MIMU (0.0 m),2026-09-21T10:42:55.297Z
village:156785:row2781:village_point_Ayeyarwady_v96.zip_mmr_ady_pplp2_250k_mimu.shp,village:156785:row2781:village_point_Ayeyarwady_v96.zip_mmr_ady_pplp2_250k_mimu.shp,merge_confirmed_duplicate,121852,121982,,,auto: merge CoreMap village duplicates; survivor = nearest to MIMU (105.4 m),2026-09-21T10:42:55.297Z
village:156970:row2785:village_point_Ayeyarwady_v96.zip_mmr_ady_pplp2_250k_mimu.shp,village:156970:row2785:village_point_Ayeyarwady_v96.zip_mmr_ady_pplp2_250k_mimu.shp,merge_confirmed_duplicate,121626,121827,,,auto: merge CoreMap village duplicates; survivor = nearest to MIMU (0.0 m),2026-09-21T10:42:55.297Z
village:157529:row2822:village_point_Ayeyarwady_v96.zip_mmr_ady_pplp2_250k_mimu.shp,village:157529:row2822:village_point_Ayeyarwady_v96.zip_mmr_ady_pplp2_250k_mimu.shp,merge_confirmed_duplicate,121844,121690,,,auto: merge CoreMap village duplicates; survivor = nearest to MIMU (79.9 m),2026-09-21T10:42:55.297Z
village:158472:row2868:village_point_Ayeyarwady_v96.zip_mmr_ady_pplp2_250k_mimu.shp,village:158472:row2868:village_point_Ayeyarwady_v96.zip_mmr_ady_pplp2_250k_mimu.shp,merge_confirmed_duplicate,121885,121671,,,auto: merge CoreMap village duplicates; survivor = nearest to MIMU (244.0 m),2026-09-21T10:42:55.297Z
village:158538:row2880:village_point_Ayeyarwady_v96.zip_mmr_ady_pplp2_250k_mimu.shp,village:158538:row2880:village_point_Ayeyarwady_v96.zip_mmr_ady_pplp2_250k_mimu.shp,merge_confirmed_duplicate,121653,121502;122011;121640,,,auto: merge CoreMap village duplicates; survivor = nearest to MIMU (24.2 m),2026-09-21T10:42:55.297Z
village:158571:row2881:village_point_Ayeyarwady_v96.zip_mmr_ady_pplp2_250k_mimu.shp,village:158571:row2881:village_point_Ayeyarwady_v96.zip_mmr_ady_pplp2_250k_mimu.shp,merge_confirmed_duplicate,121482,121681,,,auto: merge CoreMap village duplicates; survivor = nearest to MIMU (73.0 m),2026-09-21T10:42:55.297Z
village:158742:row2892:village_point_Ayeyarwady_v96.zip_mmr_ady_pplp2_250k_mimu.shp,village:158742:row2892:village_point_Ayeyarwady_v96.zip_mmr_ady_pplp2_250k_mimu.shp,merge_confirmed_duplicate,121671,121885,,,auto: merge CoreMap village duplicates; survivor = nearest to MIMU (41.9 m),2026-09-21T10:42:55.297Z
village:160178:row2954:village_point_Ayeyarwady_v96.zip_mmr_ady_pplp2_250k_mimu.shp,village:160178:row2954:village_point_Ayeyarwady_v96.zip_mmr_ady_pplp2_250k_mimu.shp,merge_confirmed_duplicate,121838,121981,,,auto: merge CoreMap village duplicates; survivor = nearest to MIMU (275.4 m),2026-09-21T10:42:55.297Z
village:160171:row2957:village_point_Ayeyarwady_v96.zip_mmr_ady_pplp2_250k_mimu.shp,village:160171:row2957:village_point_Ayeyarwady_v96.zip_mmr_ady_pplp2_250k_mimu.shp,merge_confirmed_duplicate,121672,121455;121675,,,auto: merge CoreMap village duplicates; survivor = nearest to MIMU (19.3 m),2026-09-21T10:42:55.297Z
village:160711:row2971:village_point_Ayeyarwady_v96.zip_mmr_ady_pplp2_250k_mimu.shp,village:160711:row2971:village_point_Ayeyarwady_v96.zip_mmr_ady_pplp2_250k_mimu.shp,merge_confirmed_duplicate,122035,121648,,,auto: merge CoreMap village duplicates; survivor = nearest to MIMU (75.0 m),2026-09-21T10:42:55.297Z
village:160907:row2975:village_point_Ayeyarwady_v96.zip_mmr_ady_pplp2_250k_mimu.shp,village:160907:row2975:village_point_Ayeyarwady_v96.zip_mmr_ady_pplp2_250k_mimu.shp,merge_confirmed_duplicate,121681,121482,,,auto: merge CoreMap village duplicates; survivor = nearest to MIMU (74.0 m),2026-09-21T10:42:55.297Z
village:161477:row2983:village_point_Ayeyarwady_v96.zip_mmr_ady_pplp2_250k_mimu.shp,village:161477:row2983:village_point_Ayeyarwady_v96.zip_mmr_ady_pplp2_250k_mimu.shp,merge_confirmed_duplicate,121808,121900,,,auto: merge CoreMap village duplicates; survivor = nearest to MIMU (65.4 m),2026-09-21T10:42:55.297Z
village:161478:row2985:village_point_Ayeyarwady_v96.zip_mmr_ady_pplp2_250k_mimu.shp,village:161478:row2985:village_point_Ayeyarwady_v96.zip_mmr_ady_pplp2_250k_mimu.shp,merge_confirmed_duplicate,121690,121844,,,auto: merge CoreMap village duplicates; survivor = nearest to MIMU (67.6 m),2026-09-21T10:42:55.297Z
village:162508:row3016:village_point_Ayeyarwady_v96.zip_mmr_ady_pplp2_250k_mimu.shp,village:162508:row3016:village_point_Ayeyarwady_v96.zip_mmr_ady_pplp2_250k_mimu.shp,merge_confirmed_duplicate,121887,121798;121529;121531;121874,,,auto: merge CoreMap village duplicates; survivor = nearest to MIMU (8955.0 m),2026-09-21T10:42:55.297Z
village:162815:row3027:village_point_Ayeyarwady_v96.zip_mmr_ady_pplp2_250k_mimu.shp,village:162815:row3027:village_point_Ayeyarwady_v96.zip_mmr_ady_pplp2_250k_mimu.shp,merge_confirmed_duplicate,121502,121653;122011;121640,,,auto: merge CoreMap village duplicates; survivor = nearest to MIMU (15.5 m),2026-09-21T10:42:55.297Z
village:163186:row3047:village_point_Ayeyarwady_v96.zip_mmr_ady_pplp2_250k_mimu.shp,village:163186:row3047:village_point_Ayeyarwady_v96.zip_mmr_ady_pplp2_250k_mimu.shp,merge_confirmed_duplicate,121981,121838,,,auto: merge CoreMap village duplicates; survivor = nearest to MIMU (162.3 m),2026-09-21T10:42:55.297Z
village:163191:row3048:village_point_Ayeyarwady_v96.zip_mmr_ady_pplp2_250k_mimu.shp,village:163191:row3048:village_point_Ayeyarwady_v96.zip_mmr_ady_pplp2_250k_mimu.shp,merge_confirmed_duplicate,121455,121672;121675,,,auto: merge CoreMap village duplicates; survivor = nearest to MIMU (83.1 m),2026-09-21T10:42:55.297Z
village:151511:row3111:village_point_Ayeyarwady_v96.zip_mmr_ady_pplp2_250k_mimu.shp,village:151511:row3111:village_point_Ayeyarwady_v96.zip_mmr_ady_pplp2_250k_mimu.shp,merge_confirmed_duplicate,122041,122133;122253,,,auto: merge CoreMap village duplicates; survivor = nearest to MIMU (5559.2 m),2026-09-21T10:42:55.297Z
village:152255:row3126:village_point_Ayeyarwady_v96.zip_mmr_ady_pplp2_250k_mimu.shp,village:152255:row3126:village_point_Ayeyarwady_v96.zip_mmr_ady_pplp2_250k_mimu.shp,merge_confirmed_duplicate,122304,122284,,,auto: merge CoreMap village duplicates; survivor = nearest to MIMU (18673.3 m),2026-09-21T10:42:55.297Z
village:154379:row3150:village_point_Ayeyarwady_v96.zip_mmr_ady_pplp2_250k_mimu.shp,village:154379:row3150:village_point_Ayeyarwady_v96.zip_mmr_ady_pplp2_250k_mimu.shp,merge_confirmed_duplicate,122193,122233,,,auto: merge CoreMap village duplicates; survivor = nearest to MIMU (74.2 m),2026-09-21T10:42:55.297Z
village:155485:row3175:village_point_Ayeyarwady_v96.zip_mmr_ady_pplp2_250k_mimu.shp,village:155485:row3175:village_point_Ayeyarwady_v96.zip_mmr_ady_pplp2_250k_mimu.shp,merge_confirmed_duplicate,122080,122043,,,auto: merge CoreMap village duplicates; survivor = nearest to MIMU (188.0 m),2026-09-21T10:42:55.297Z
village:155482:row3176:village_point_Ayeyarwady_v96.zip_mmr_ady_pplp2_250k_mimu.shp,village:155482:row3176:village_point_Ayeyarwady_v96.zip_mmr_ady_pplp2_250k_mimu.shp,merge_confirmed_duplicate,122233,122193,,,auto: merge CoreMap village duplicates; survivor = nearest to MIMU (0.0 m),2026-09-21T10:42:55.297Z
village:155877:row3190:village_point_Ayeyarwady_v96.zip_mmr_ady_pplp2_250k_mimu.shp,village:155877:row3190:village_point_Ayeyarwady_v96.zip_mmr_ady_pplp2_250k_mimu.shp,merge_confirmed_duplicate,122238,122147;122096,,,auto: merge CoreMap village duplicates; survivor = nearest to MIMU (265.4 m),2026-09-21T10:42:55.297Z
village:155875:row3194:village_point_Ayeyarwady_v96.zip_mmr_ady_pplp2_250k_mimu.shp,village:155875:row3194:village_point_Ayeyarwady_v96.zip_mmr_ady_pplp2_250k_mimu.shp,merge_confirmed_duplicate,122181,122042,,,auto: merge CoreMap village duplicates; survivor = nearest to MIMU (0.0 m),2026-09-21T10:42:55.297Z
village:156283:row3216:village_point_Ayeyarwady_v96.zip_mmr_ady_pplp2_250k_mimu.shp,village:156283:row3216:village_point_Ayeyarwady_v96.zip_mmr_ady_pplp2_250k_mimu.shp,merge_confirmed_duplicate,122091,122188,,,auto: merge CoreMap village duplicates; survivor = nearest to MIMU (10125.5 m),2026-09-21T10:42:55.297Z
village:156823:row3230:village_point_Ayeyarwady_v96.zip_mmr_ady_pplp2_250k_mimu.shp,village:156823:row3230:village_point_Ayeyarwady_v96.zip_mmr_ady_pplp2_250k_mimu.shp,merge_confirmed_duplicate,122043,122080,,,auto: merge CoreMap village duplicates; survivor = nearest to MIMU (181.6 m),2026-09-21T10:42:55.297Z
village:156824:row3232:village_point_Ayeyarwady_v96.zip_mmr_ady_pplp2_250k_mimu.shp,village:156824:row3232:village_point_Ayeyarwady_v96.zip_mmr_ady_pplp2_250k_mimu.shp,merge_confirmed_duplicate,122225,122159,,,auto: merge CoreMap village duplicates; survivor = nearest to MIMU (0.0 m),2026-09-21T10:42:55.297Z
village:158465:row3287:village_point_Ayeyarwady_v96.zip_mmr_ady_pplp2_250k_mimu.shp,village:158465:row3287:village_point_Ayeyarwady_v96.zip_mmr_ady_pplp2_250k_mimu.shp,merge_confirmed_duplicate,122067,122064;122211;122112;122196,,,auto: merge CoreMap village duplicates; survivor = nearest to MIMU (372.2 m),2026-09-21T10:42:55.297Z
village:158583:row3290:village_point_Ayeyarwady_v96.zip_mmr_ady_pplp2_250k_mimu.shp,village:158583:row3290:village_point_Ayeyarwady_v96.zip_mmr_ady_pplp2_250k_mimu.shp,merge_confirmed_duplicate,122159,122225,,,auto: merge CoreMap village duplicates; survivor = nearest to MIMU (133.9 m),2026-09-21T10:42:55.297Z
village:160071:row3338:village_point_Ayeyarwady_v96.zip_mmr_ady_pplp2_250k_mimu.shp,village:160071:row3338:village_point_Ayeyarwady_v96.zip_mmr_ady_pplp2_250k_mimu.shp,merge_confirmed_duplicate,122064,122067;122211;122112;122196,,,auto: merge CoreMap village duplicates; survivor = nearest to MIMU (4681.6 m),2026-09-21T10:42:55.297Z
village:160879:row3345:village_point_Ayeyarwady_v96.zip_mmr_ady_pplp2_250k_mimu.shp,village:160879:row3345:village_point_Ayeyarwady_v96.zip_mmr_ady_pplp2_250k_mimu.shp,merge_confirmed_duplicate,122042,122181,,,auto: merge CoreMap village duplicates; survivor = nearest to MIMU (115.3 m),2026-09-21T10:42:55.297Z
village:162960:row3368:village_point_Ayeyarwady_v96.zip_mmr_ady_pplp2_250k_mimu.shp,village:162960:row3368:village_point_Ayeyarwady_v96.zip_mmr_ady_pplp2_250k_mimu.shp,merge_confirmed_duplicate,122147,122238;122096,,,auto: merge CoreMap village duplicates; survivor = nearest to MIMU (73.7 m),2026-09-21T10:42:55.297Z
village:163164:row3390:village_point_Ayeyarwady_v96.zip_mmr_ady_pplp2_250k_mimu.shp,village:163164:row3390:village_point_Ayeyarwady_v96.zip_mmr_ady_pplp2_250k_mimu.shp,merge_confirmed_duplicate,122064,122067;122211;122112;122196,,,auto: merge CoreMap village duplicates; survivor = nearest to MIMU (0.0 m),2026-09-21T10:42:55.297Z
village:150082:row3408:village_point_Ayeyarwady_v96.zip_mmr_ady_pplp2_250k_mimu.shp,village:150082:row3408:village_point_Ayeyarwady_v96.zip_mmr_ady_pplp2_250k_mimu.shp,merge_confirmed_duplicate,122706,122402,,,auto: merge CoreMap village duplicates; survivor = nearest to MIMU (78.6 m),2026-09-21T10:42:55.297Z
village:150296:row3413:village_point_Ayeyarwady_v96.zip_mmr_ady_pplp2_250k_mimu.shp,village:150296:row3413:village_point_Ayeyarwady_v96.zip_mmr_ady_pplp2_250k_mimu.shp,merge_confirmed_duplicate,122374,122608,,,auto: merge CoreMap village duplicates; survivor = nearest to MIMU (41.2 m),2026-09-21T10:42:55.297Z
village:150883:row3428:village_point_Ayeyarwady_v96.zip_mmr_ady_pplp2_250k_mimu.shp,village:150883:row3428:village_point_Ayeyarwady_v96.zip_mmr_ady_pplp2_250k_mimu.shp,merge_confirmed_duplicate,122654,122601,,,auto: merge CoreMap village duplicates; survivor = nearest to MIMU (107.2 m),2026-09-21T10:42:55.297Z
village:150885:row3429:village_point_Ayeyarwady_v96.zip_mmr_ady_pplp2_250k_mimu.shp,village:150885:row3429:village_point_Ayeyarwady_v96.zip_mmr_ady_pplp2_250k_mimu.shp,merge_confirmed_duplicate,122620,122489;122674,,,auto: merge CoreMap village duplicates; survivor = nearest to MIMU (120.0 m),2026-09-21T10:42:55.297Z
village:150886:row3432:village_point_Ayeyarwady_v96.zip_mmr_ady_pplp2_250k_mimu.shp,village:150886:row3432:village_point_Ayeyarwady_v96.zip_mmr_ady_pplp2_250k_mimu.shp,merge_confirmed_duplicate,122554,122623,,,auto: merge CoreMap village duplicates; survivor = nearest to MIMU (113.5 m),2026-09-21T10:42:55.297Z
village:150881:row3433:village_point_Ayeyarwady_v96.zip_mmr_ady_pplp2_250k_mimu.shp,village:150881:row3433:village_point_Ayeyarwady_v96.zip_mmr_ady_pplp2_250k_mimu.shp,merge_confirmed_duplicate,122457,122520,,,auto: merge CoreMap village duplicates; survivor = nearest to MIMU (303.8 m),2026-09-21T10:42:55.297Z
village:150935:row3437:village_point_Ayeyarwady_v96.zip_mmr_ady_pplp2_250k_mimu.shp,village:150935:row3437:village_point_Ayeyarwady_v96.zip_mmr_ady_pplp2_250k_mimu.shp,merge_confirmed_duplicate,122582,122707,,,auto: merge CoreMap village duplicates; survivor = nearest to MIMU (59.6 m),2026-09-21T10:42:55.297Z
village:150939:row3440:village_point_Ayeyarwady_v96.zip_mmr_ady_pplp2_250k_mimu.shp,village:150939:row3440:village_point_Ayeyarwady_v96.zip_mmr_ady_pplp2_250k_mimu.shp,merge_confirmed_duplicate,122481,122448,,,auto: merge CoreMap village duplicates; survivor = nearest to MIMU (36.1 m),2026-09-21T10:42:55.297Z
village:150944:row3443:village_point_Ayeyarwady_v96.zip_mmr_ady_pplp2_250k_mimu.shp,village:150944:row3443:village_point_Ayeyarwady_v96.zip_mmr_ady_pplp2_250k_mimu.shp,merge_confirmed_duplicate,122380,122576,,,auto: merge CoreMap village duplicates; survivor = nearest to MIMU (103.4 m),2026-09-21T10:42:55.297Z
village:150943:row3445:village_point_Ayeyarwady_v96.zip_mmr_ady_pplp2_250k_mimu.shp,village:150943:row3445:village_point_Ayeyarwady_v96.zip_mmr_ady_pplp2_250k_mimu.shp,merge_confirmed_duplicate,122646,119516;125021,,,auto: merge CoreMap village duplicates; survivor = nearest to MIMU (7717.0 m),2026-09-21T10:42:55.297Z
village:151475:row3459:village_point_Ayeyarwady_v96.zip_mmr_ady_pplp2_250k_mimu.shp,village:151475:row3459:village_point_Ayeyarwady_v96.zip_mmr_ady_pplp2_250k_mimu.shp,merge_confirmed_duplicate,122594,122385,,,auto: merge CoreMap village duplicates; survivor = nearest to MIMU (532.2 m),2026-09-21T10:42:55.297Z
village:151479:row3464:village_point_Ayeyarwady_v96.zip_mmr_ady_pplp2_250k_mimu.shp,village:151479:row3464:village_point_Ayeyarwady_v96.zip_mmr_ady_pplp2_250k_mimu.shp,merge_confirmed_duplicate,122707,122582,,,auto: merge CoreMap village duplicates; survivor = nearest to MIMU (260.2 m),2026-09-21T10:42:55.297Z
village:152055:row3483:village_point_Ayeyarwady_v96.zip_mmr_ady_pplp2_250k_mimu.shp,village:152055:row3483:village_point_Ayeyarwady_v96.zip_mmr_ady_pplp2_250k_mimu.shp,merge_confirmed_duplicate,122433,122468,,,auto: merge CoreMap village duplicates; survivor = nearest to MIMU (45.7 m),2026-09-21T10:42:55.297Z
village:152464:row3495:village_point_Ayeyarwady_v96.zip_mmr_ady_pplp2_250k_mimu.shp,village:152464:row3495:village_point_Ayeyarwady_v96.zip_mmr_ady_pplp2_250k_mimu.shp,merge_confirmed_duplicate,122706,122402,,,auto: merge CoreMap village duplicates; survivor = nearest to MIMU (226.2 m),2026-09-21T10:42:55.297Z
village:152582:row3498:village_point_Ayeyarwady_v96.zip_mmr_ady_pplp2_250k_mimu.shp,village:152582:row3498:village_point_Ayeyarwady_v96.zip_mmr_ady_pplp2_250k_mimu.shp,merge_confirmed_duplicate,122642,122463,,,auto: merge CoreMap village duplicates; survivor = nearest to MIMU (202.7 m),2026-09-21T10:42:55.297Z
village:152756:row3499:village_point_Ayeyarwady_v96.zip_mmr_ady_pplp2_250k_mimu.shp,village:152756:row3499:village_point_Ayeyarwady_v96.zip_mmr_ady_pplp2_250k_mimu.shp,merge_confirmed_duplicate,122608,122374,,,auto: merge CoreMap village duplicates; survivor = nearest to MIMU (193.8 m),2026-09-21T10:42:55.297Z
village:152755:row3500:village_point_Ayeyarwady_v96.zip_mmr_ady_pplp2_250k_mimu.shp,village:152755:row3500:village_point_Ayeyarwady_v96.zip_mmr_ady_pplp2_250k_mimu.shp,merge_confirmed_duplicate,122576,122380,,,auto: merge CoreMap village duplicates; survivor = nearest to MIMU (5.5 m),2026-09-21T10:42:55.297Z
village:153361:row3512:village_point_Ayeyarwady_v96.zip_mmr_ady_pplp2_250k_mimu.shp,village:153361:row3512:village_point_Ayeyarwady_v96.zip_mmr_ady_pplp2_250k_mimu.shp,merge_confirmed_duplicate,122615,122591,,,auto: merge CoreMap village duplicates; survivor = nearest to MIMU (149.5 m),2026-09-21T10:42:55.297Z
village:153593:row3529:village_point_Ayeyarwady_v96.zip_mmr_ady_pplp2_250k_mimu.shp,village:153593:row3529:village_point_Ayeyarwady_v96.zip_mmr_ady_pplp2_250k_mimu.shp,merge_confirmed_duplicate,122488,122496,,,auto: merge CoreMap village duplicates; survivor = nearest to MIMU (55.8 m),2026-09-21T10:42:55.297Z
village:153733:row3534:village_point_Ayeyarwady_v96.zip_mmr_ady_pplp2_250k_mimu.shp,village:153733:row3534:village_point_Ayeyarwady_v96.zip_mmr_ady_pplp2_250k_mimu.shp,merge_confirmed_duplicate,122661,122484,,,auto: merge CoreMap village duplicates; survivor = nearest to MIMU (91.7 m),2026-09-21T10:42:55.297Z
village:154235:row3537:village_point_Ayeyarwady_v96.zip_mmr_ady_pplp2_250k_mimu.shp,village:154235:row3537:village_point_Ayeyarwady_v96.zip_mmr_ady_pplp2_250k_mimu.shp,merge_confirmed_duplicate,122433,122468,,,auto: merge CoreMap village duplicates; survivor = nearest to MIMU (288.5 m),2026-09-21T10:42:55.297Z
village:154706:row3548:village_point_Ayeyarwady_v96.zip_mmr_ady_pplp2_250k_mimu.shp,village:154706:row3548:village_point_Ayeyarwady_v96.zip_mmr_ady_pplp2_250k_mimu.shp,merge_confirmed_duplicate,122703,122616,,,auto: merge CoreMap village duplicates; survivor = nearest to MIMU (27.6 m),2026-09-21T10:42:55.297Z
village:154817:row3552:village_point_Ayeyarwady_v96.zip_mmr_ady_pplp2_250k_mimu.shp,village:154817:row3552:village_point_Ayeyarwady_v96.zip_mmr_ady_pplp2_250k_mimu.shp,merge_confirmed_duplicate,122601,122654,,,auto: merge CoreMap village duplicates; survivor = nearest to MIMU (92.7 m),2026-09-21T10:42:55.297Z
village:155007:row3553:village_point_Ayeyarwady_v96.zip_mmr_ady_pplp2_250k_mimu.shp,village:155007:row3553:village_point_Ayeyarwady_v96.zip_mmr_ady_pplp2_250k_mimu.shp,merge_confirmed_duplicate,122568,122372,,,auto: merge CoreMap village duplicates; survivor = nearest to MIMU (79.9 m),2026-09-21T10:42:55.297Z
village:155077:row3560:village_point_Ayeyarwady_v96.zip_mmr_ady_pplp2_250k_mimu.shp,village:155077:row3560:village_point_Ayeyarwady_v96.zip_mmr_ady_pplp2_250k_mimu.shp,merge_confirmed_duplicate,122542,122553,,,auto: merge CoreMap village duplicates; survivor = nearest to MIMU (72.1 m),2026-09-21T10:42:55.297Z
village:155196:row3567:village_point_Ayeyarwady_v96.zip_mmr_ady_pplp2_250k_mimu.shp,village:155196:row3567:village_point_Ayeyarwady_v96.zip_mmr_ady_pplp2_250k_mimu.shp,merge_confirmed_duplicate,122503,122483,,,auto: merge CoreMap village duplicates; survivor = nearest to MIMU (220.3 m),2026-09-21T10:42:55.297Z
village:155421:row3570:village_point_Ayeyarwady_v96.zip_mmr_ady_pplp2_250k_mimu.shp,village:155421:row3570:village_point_Ayeyarwady_v96.zip_mmr_ady_pplp2_250k_mimu.shp,merge_confirmed_duplicate,122403,122401;122572;122700,,,auto: merge CoreMap village duplicates; survivor = nearest to MIMU (126.6 m),2026-09-21T10:42:55.297Z
village:155711:row3576:village_point_Ayeyarwady_v96.zip_mmr_ady_pplp2_250k_mimu.shp,village:155711:row3576:village_point_Ayeyarwady_v96.zip_mmr_ady_pplp2_250k_mimu.shp,merge_confirmed_duplicate,122483,122503,,,auto: merge CoreMap village duplicates; survivor = nearest to MIMU (9.0 m),2026-09-21T10:42:55.297Z
village:155712:row3577:village_point_Ayeyarwady_v96.zip_mmr_ady_pplp2_250k_mimu.shp,village:155712:row3577:village_point_Ayeyarwady_v96.zip_mmr_ady_pplp2_250k_mimu.shp,merge_confirmed_duplicate,122451,122523,,,auto: merge CoreMap village duplicates; survivor = nearest to MIMU (77.7 m),2026-09-21T10:42:55.297Z
village:155808:row3592:village_point_Ayeyarwady_v96.zip_mmr_ady_pplp2_250k_mimu.shp,village:155808:row3592:village_point_Ayeyarwady_v96.zip_mmr_ady_pplp2_250k_mimu.shp,merge_confirmed_duplicate,122616,122703,,,auto: merge CoreMap village duplicates; survivor = nearest to MIMU (22.7 m),2026-09-21T10:42:55.297Z
village:155849:row3601:village_point_Ayeyarwady_v96.zip_mmr_ady_pplp2_250k_mimu.shp,village:155849:row3601:village_point_Ayeyarwady_v96.zip_mmr_ady_pplp2_250k_mimu.shp,merge_confirmed_duplicate,122463,122642,,,auto: merge CoreMap village duplicates; survivor = nearest to MIMU (123.7 m),2026-09-21T10:42:55.297Z
village:156031:row3606:village_point_Ayeyarwady_v96.zip_mmr_ady_pplp2_250k_mimu.shp,village:156031:row3606:village_point_Ayeyarwady_v96.zip_mmr_ady_pplp2_250k_mimu.shp,merge_confirmed_duplicate,122489,122620;122674,,,auto: merge CoreMap village duplicates; survivor = nearest to MIMU (63.5 m),2026-09-21T10:42:55.297Z
village:156029:row3609:village_point_Ayeyarwady_v96.zip_mmr_ady_pplp2_250k_mimu.shp,village:156029:row3609:village_point_Ayeyarwady_v96.zip_mmr_ady_pplp2_250k_mimu.shp,merge_confirmed_duplicate,122457,122520,,,auto: merge CoreMap village duplicates; survivor = nearest to MIMU (51.3 m),2026-09-21T10:42:55.297Z
village:156413:row3623:village_point_Ayeyarwady_v96.zip_mmr_ady_pplp2_250k_mimu.shp,village:156413:row3623:village_point_Ayeyarwady_v96.zip_mmr_ady_pplp2_250k_mimu.shp,merge_confirmed_duplicate,122496,122488,,,auto: merge CoreMap village duplicates; survivor = nearest to MIMU (10.9 m),2026-09-21T10:42:55.297Z
village:156580:row3628:village_point_Ayeyarwady_v96.zip_mmr_ady_pplp2_250k_mimu.shp,village:156580:row3628:village_point_Ayeyarwady_v96.zip_mmr_ady_pplp2_250k_mimu.shp,merge_confirmed_duplicate,122669,124621,,,auto: merge CoreMap village duplicates; survivor = nearest to MIMU (74.7 m),2026-09-21T10:42:55.297Z
village:156666:row3636:village_point_Ayeyarwady_v96.zip_mmr_ady_pplp2_250k_mimu.shp,village:156666:row3636:village_point_Ayeyarwady_v96.zip_mmr_ady_pplp2_250k_mimu.shp,merge_confirmed_duplicate,122610,122383,,,auto: merge CoreMap village duplicates; survivor = nearest to MIMU (0.0 m),2026-09-21T10:42:55.297Z
village:157314:row3644:village_point_Ayeyarwady_v96.zip_mmr_ady_pplp2_250k_mimu.shp,village:157314:row3644:village_point_Ayeyarwady_v96.zip_mmr_ady_pplp2_250k_mimu.shp,merge_confirmed_duplicate,122457,122520,,,auto: merge CoreMap village duplicates; survivor = nearest to MIMU (20548.0 m),2026-09-21T10:42:55.297Z
village:157319:row3649:village_point_Ayeyarwady_v96.zip_mmr_ady_pplp2_250k_mimu.shp,village:157319:row3649:village_point_Ayeyarwady_v96.zip_mmr_ady_pplp2_250k_mimu.shp,merge_confirmed_duplicate,122473,122657,,,auto: merge CoreMap village duplicates; survivor = nearest to MIMU (0.0 m),2026-09-21T10:42:55.297Z
village:157575:row3654:village_point_Ayeyarwady_v96.zip_mmr_ady_pplp2_250k_mimu.shp,village:157575:row3654:village_point_Ayeyarwady_v96.zip_mmr_ady_pplp2_250k_mimu.shp,merge_confirmed_duplicate,122479,122474;122613;122678,,,auto: merge CoreMap village duplicates; survivor = nearest to MIMU (4542.2 m),2026-09-21T10:42:55.297Z
village:157573:row3657:village_point_Ayeyarwady_v96.zip_mmr_ady_pplp2_250k_mimu.shp,village:157573:row3657:village_point_Ayeyarwady_v96.zip_mmr_ady_pplp2_250k_mimu.shp,merge_confirmed_duplicate,122484,122661,,,auto: merge CoreMap village duplicates; survivor = nearest to MIMU (0.0 m),2026-09-21T10:42:55.297Z
village:157804:row3660:village_point_Ayeyarwady_v96.zip_mmr_ady_pplp2_250k_mimu.shp,village:157804:row3660:village_point_Ayeyarwady_v96.zip_mmr_ady_pplp2_250k_mimu.shp,merge_confirmed_duplicate,122383,122610,,,auto: merge CoreMap village duplicates; survivor = nearest to MIMU (0.0 m),2026-09-21T10:42:55.297Z
village:158278:row3679:village_point_Ayeyarwady_v96.zip_mmr_ady_pplp2_250k_mimu.shp,village:158278:row3679:village_point_Ayeyarwady_v96.zip_mmr_ady_pplp2_250k_mimu.shp,merge_confirmed_duplicate,122657,122473,,,auto: merge CoreMap village duplicates; survivor = nearest to MIMU (96.6 m),2026-09-21T10:42:55.297Z
village:158277:row3680:village_point_Ayeyarwady_v96.zip_mmr_ady_pplp2_250k_mimu.shp,village:158277:row3680:village_point_Ayeyarwady_v96.zip_mmr_ady_pplp2_250k_mimu.shp,merge_confirmed_duplicate,122623,122554,,,auto: merge CoreMap village duplicates; survivor = nearest to MIMU (157.5 m),2026-09-21T10:42:55.297Z
village:158345:row3682:village_point_Ayeyarwady_v96.zip_mmr_ady_pplp2_250k_mimu.shp,village:158345:row3682:village_point_Ayeyarwady_v96.zip_mmr_ady_pplp2_250k_mimu.shp,merge_confirmed_duplicate,122591,122615,,,auto: merge CoreMap village duplicates; survivor = nearest to MIMU (67.4 m),2026-09-21T10:42:55.297Z
village:158341:row3684:village_point_Ayeyarwady_v96.zip_mmr_ady_pplp2_250k_mimu.shp,village:158341:row3684:village_point_Ayeyarwady_v96.zip_mmr_ady_pplp2_250k_mimu.shp,merge_confirmed_duplicate,122523,122451,,,auto: merge CoreMap village duplicates; survivor = nearest to MIMU (8.2 m),2026-09-21T10:42:55.297Z
village:158997:row3691:village_point_Ayeyarwady_v96.zip_mmr_ady_pplp2_250k_mimu.shp,village:158997:row3691:village_point_Ayeyarwady_v96.zip_mmr_ady_pplp2_250k_mimu.shp,merge_confirmed_duplicate,122618,122440;122686,,,auto: merge CoreMap village duplicates; survivor = nearest to MIMU (168.6 m),2026-09-21T10:42:55.297Z
village:159002:row3695:village_point_Ayeyarwady_v96.zip_mmr_ady_pplp2_250k_mimu.shp,village:159002:row3695:village_point_Ayeyarwady_v96.zip_mmr_ady_pplp2_250k_mimu.shp,merge_confirmed_duplicate,122518,122558,,,auto: merge CoreMap village duplicates; survivor = nearest to MIMU (65.8 m),2026-09-21T10:42:55.297Z
village:159052:row3702:village_point_Ayeyarwady_v96.zip_mmr_ady_pplp2_250k_mimu.shp,village:159052:row3702:village_point_Ayeyarwady_v96.zip_mmr_ady_pplp2_250k_mimu.shp,merge_confirmed_duplicate,122479,122474;122613;122678,,,auto: merge CoreMap village duplicates; survivor = nearest to MIMU (60.7 m),2026-09-21T10:42:55.297Z
village:159051:row3704:village_point_Ayeyarwady_v96.zip_mmr_ady_pplp2_250k_mimu.shp,village:159051:row3704:village_point_Ayeyarwady_v96.zip_mmr_ady_pplp2_250k_mimu.shp,merge_confirmed_duplicate,122558,122518,,,auto: merge CoreMap village duplicates; survivor = nearest to MIMU (61.1 m),2026-09-21T10:42:55.297Z
village:160664:row3723:village_point_Ayeyarwady_v96.zip_mmr_ady_pplp2_250k_mimu.shp,village:160664:row3723:village_point_Ayeyarwady_v96.zip_mmr_ady_pplp2_250k_mimu.shp,merge_confirmed_duplicate,122396,122619;122663;122627,,,auto: merge CoreMap village duplicates; survivor = nearest to MIMU (23.5 m),2026-09-21T10:42:55.297Z
village:161051:row3746:village_point_Ayeyarwady_v96.zip_mmr_ady_pplp2_250k_mimu.shp,village:161051:row3746:village_point_Ayeyarwady_v96.zip_mmr_ady_pplp2_250k_mimu.shp,merge_confirmed_duplicate,122474,122479;122613;122678,,,auto: merge CoreMap village duplicates; survivor = nearest to MIMU (89.0 m),2026-09-21T10:42:55.297Z
village:161048:row3747:village_point_Ayeyarwady_v96.zip_mmr_ady_pplp2_250k_mimu.shp,village:161048:row3747:village_point_Ayeyarwady_v96.zip_mmr_ady_pplp2_250k_mimu.shp,merge_confirmed_duplicate,122440,122618;122686,,,auto: merge CoreMap village duplicates; survivor = nearest to MIMU (58.7 m),2026-09-21T10:42:55.297Z
village:161126:row3750:village_point_Ayeyarwady_v96.zip_mmr_ady_pplp2_250k_mimu.shp,village:161126:row3750:village_point_Ayeyarwady_v96.zip_mmr_ady_pplp2_250k_mimu.shp,merge_confirmed_duplicate,122372,122568,,,auto: merge CoreMap village duplicates; survivor = nearest to MIMU (46.0 m),2026-09-21T10:42:55.297Z
village:161164:row3755:village_point_Ayeyarwady_v96.zip_mmr_ady_pplp2_250k_mimu.shp,village:161164:row3755:village_point_Ayeyarwady_v96.zip_mmr_ady_pplp2_250k_mimu.shp,merge_confirmed_duplicate,122401,122403;122572;122700,,,auto: merge CoreMap village duplicates; survivor = nearest to MIMU (90.1 m),2026-09-21T10:42:55.297Z
village:161526:row3761:village_point_Ayeyarwady_v96.zip_mmr_ady_pplp2_250k_mimu.shp,village:161526:row3761:village_point_Ayeyarwady_v96.zip_mmr_ady_pplp2_250k_mimu.shp,merge_confirmed_duplicate,122448,122481,,,auto: merge CoreMap village duplicates; survivor = nearest to MIMU (47.8 m),2026-09-21T10:42:55.297Z
village:161638:row3766:village_point_Ayeyarwady_v96.zip_mmr_ady_pplp2_250k_mimu.shp,village:161638:row3766:village_point_Ayeyarwady_v96.zip_mmr_ady_pplp2_250k_mimu.shp,merge_confirmed_duplicate,122619,122396;122663;122627,,,auto: merge CoreMap village duplicates; survivor = nearest to MIMU (54.8 m),2026-09-21T10:42:55.297Z
village:162823:row3784:village_point_Ayeyarwady_v96.zip_mmr_ady_pplp2_250k_mimu.shp,village:162823:row3784:village_point_Ayeyarwady_v96.zip_mmr_ady_pplp2_250k_mimu.shp,merge_confirmed_duplicate,122553,122542,,,auto: merge CoreMap village duplicates; survivor = nearest to MIMU (135.1 m),2026-09-21T10:42:55.297Z
village:162819:row3789:village_point_Ayeyarwady_v96.zip_mmr_ady_pplp2_250k_mimu.shp,village:162819:row3789:village_point_Ayeyarwady_v96.zip_mmr_ady_pplp2_250k_mimu.shp,merge_confirmed_duplicate,122385,122594,,,auto: merge CoreMap village duplicates; survivor = nearest to MIMU (156.8 m),2026-09-21T10:42:55.297Z
village:151240:row3810:village_point_Ayeyarwady_v96.zip_mmr_ady_pplp2_250k_mimu.shp,village:151240:row3810:village_point_Ayeyarwady_v96.zip_mmr_ady_pplp2_250k_mimu.shp,merge_confirmed_duplicate,122943,122726,,,auto: merge CoreMap village duplicates; survivor = nearest to MIMU (26.4 m),2026-09-21T10:42:55.297Z
village:153686:row3836:village_point_Ayeyarwady_v96.zip_mmr_ady_pplp2_250k_mimu.shp,village:153686:row3836:village_point_Ayeyarwady_v96.zip_mmr_ady_pplp2_250k_mimu.shp,merge_confirmed_duplicate,122726,122943,,,auto: merge CoreMap village duplicates; survivor = nearest to MIMU (14.4 m),2026-09-21T10:42:55.297Z
village:155090:row3894:village_point_Ayeyarwady_v96.zip_mmr_ady_pplp2_250k_mimu.shp,village:155090:row3894:village_point_Ayeyarwady_v96.zip_mmr_ady_pplp2_250k_mimu.shp,merge_confirmed_duplicate,122818,122901,,,auto: merge CoreMap village duplicates; survivor = nearest to MIMU (7.2 m),2026-09-21T10:42:55.297Z
village:159368:row3950:village_point_Ayeyarwady_v96.zip_mmr_ady_pplp2_250k_mimu.shp,village:159368:row3950:village_point_Ayeyarwady_v96.zip_mmr_ady_pplp2_250k_mimu.shp,merge_confirmed_duplicate,122901,122818,,,auto: merge CoreMap village duplicates; survivor = nearest to MIMU (17.0 m),2026-09-21T10:42:55.297Z
village:151103:row4075:village_point_Ayeyarwady_v96.zip_mmr_ady_pplp2_250k_mimu.shp,village:151103:row4075:village_point_Ayeyarwady_v96.zip_mmr_ady_pplp2_250k_mimu.shp,merge_confirmed_duplicate,123103,123014,,,auto: merge CoreMap village duplicates; survivor = nearest to MIMU (53.3 m),2026-09-21T10:42:55.297Z
village:151405:row4083:village_point_Ayeyarwady_v96.zip_mmr_ady_pplp2_250k_mimu.shp,village:151405:row4083:village_point_Ayeyarwady_v96.zip_mmr_ady_pplp2_250k_mimu.shp,merge_confirmed_duplicate,123122,123142,,,auto: merge CoreMap village duplicates; survivor = nearest to MIMU (6280.0 m),2026-09-21T10:42:55.297Z
village:151407:row4085:village_point_Ayeyarwady_v96.zip_mmr_ady_pplp2_250k_mimu.shp,village:151407:row4085:village_point_Ayeyarwady_v96.zip_mmr_ady_pplp2_250k_mimu.shp,merge_confirmed_duplicate,123254,123192,,,auto: merge CoreMap village duplicates; survivor = nearest to MIMU (66.0 m),2026-09-21T10:42:55.297Z
village:151408:row4087:village_point_Ayeyarwady_v96.zip_mmr_ady_pplp2_250k_mimu.shp,village:151408:row4087:village_point_Ayeyarwady_v96.zip_mmr_ady_pplp2_250k_mimu.shp,merge_confirmed_duplicate,123193,123175;123111;123112,,,auto: merge CoreMap village duplicates; survivor = nearest to MIMU (0.0 m),2026-09-21T10:42:55.297Z
village:151454:row4092:village_point_Ayeyarwady_v96.zip_mmr_ady_pplp2_250k_mimu.shp,village:151454:row4092:village_point_Ayeyarwady_v96.zip_mmr_ady_pplp2_250k_mimu.shp,merge_confirmed_duplicate,122993,123019,,,auto: merge CoreMap village duplicates; survivor = nearest to MIMU (392.5 m),2026-09-21T10:42:55.297Z
village:151719:row4100:village_point_Ayeyarwady_v96.zip_mmr_ady_pplp2_250k_mimu.shp,village:151719:row4100:village_point_Ayeyarwady_v96.zip_mmr_ady_pplp2_250k_mimu.shp,merge_confirmed_duplicate,123057,123181;123243;123176;123109,,,auto: merge CoreMap village duplicates; survivor = nearest to MIMU (16.4 m),2026-09-21T10:42:55.297Z
village:152003:row4107:village_point_Ayeyarwady_v96.zip_mmr_ady_pplp2_250k_mimu.shp,village:152003:row4107:village_point_Ayeyarwady_v96.zip_mmr_ady_pplp2_250k_mimu.shp,merge_confirmed_duplicate,123019,122993,,,auto: merge CoreMap village duplicates; survivor = nearest to MIMU (18.9 m),2026-09-21T10:42:55.297Z
village:152044:row4120:village_point_Ayeyarwady_v96.zip_mmr_ady_pplp2_250k_mimu.shp,village:152044:row4120:village_point_Ayeyarwady_v96.zip_mmr_ady_pplp2_250k_mimu.shp,merge_confirmed_duplicate,123248,123179,,,auto: merge CoreMap village duplicates; survivor = nearest to MIMU (7966.5 m),2026-09-21T10:42:55.297Z
village:152311:row4124:village_point_Ayeyarwady_v96.zip_mmr_ady_pplp2_250k_mimu.shp,village:152311:row4124:village_point_Ayeyarwady_v96.zip_mmr_ady_pplp2_250k_mimu.shp,merge_confirmed_duplicate,123066,123282,,,auto: merge CoreMap village duplicates; survivor = nearest to MIMU (13167.8 m),2026-09-21T10:42:55.297Z
village:152516:row4125:village_point_Ayeyarwady_v96.zip_mmr_ady_pplp2_250k_mimu.shp,village:152516:row4125:village_point_Ayeyarwady_v96.zip_mmr_ady_pplp2_250k_mimu.shp,merge_confirmed_duplicate,123014,123103,,,auto: merge CoreMap village duplicates; survivor = nearest to MIMU (45.4 m),2026-09-21T10:42:55.297Z
village:152513:row4128:village_point_Ayeyarwady_v96.zip_mmr_ady_pplp2_250k_mimu.shp,village:152513:row4128:village_point_Ayeyarwady_v96.zip_mmr_ady_pplp2_250k_mimu.shp,merge_confirmed_duplicate,123177,123268,,,auto: merge CoreMap village duplicates; survivor = nearest to MIMU (0.0 m),2026-09-21T10:42:55.297Z
village:152638:row4132:village_point_Ayeyarwady_v96.zip_mmr_ady_pplp2_250k_mimu.shp,village:152638:row4132:village_point_Ayeyarwady_v96.zip_mmr_ady_pplp2_250k_mimu.shp,merge_confirmed_duplicate,122977,123259,,,auto: merge CoreMap village duplicates; survivor = nearest to MIMU (18.7 m),2026-09-21T10:42:55.297Z
village:153763:row4161:village_point_Ayeyarwady_v96.zip_mmr_ady_pplp2_250k_mimu.shp,village:153763:row4161:village_point_Ayeyarwady_v96.zip_mmr_ady_pplp2_250k_mimu.shp,merge_confirmed_duplicate,123192,123254,,,auto: merge CoreMap village duplicates; survivor = nearest to MIMU (54.5 m),2026-09-21T10:42:55.297Z
village:154121:row4171:village_point_Ayeyarwady_v96.zip_mmr_ady_pplp2_250k_mimu.shp,village:154121:row4171:village_point_Ayeyarwady_v96.zip_mmr_ady_pplp2_250k_mimu.shp,merge_confirmed_duplicate,123186,123115;123089,,,auto: merge CoreMap village duplicates; survivor = nearest to MIMU (6.3 m),2026-09-21T10:42:55.297Z
village:154120:row4172:village_point_Ayeyarwady_v96.zip_mmr_ady_pplp2_250k_mimu.shp,village:154120:row4172:village_point_Ayeyarwady_v96.zip_mmr_ady_pplp2_250k_mimu.shp,merge_confirmed_duplicate,123082,123153,,,auto: merge CoreMap village duplicates; survivor = nearest to MIMU (345.4 m),2026-09-21T10:42:55.297Z
village:155118:row4194:village_point_Ayeyarwady_v96.zip_mmr_ady_pplp2_250k_mimu.shp,village:155118:row4194:village_point_Ayeyarwady_v96.zip_mmr_ady_pplp2_250k_mimu.shp,merge_confirmed_duplicate,123144,123184;123182;123004,,,auto: merge CoreMap village duplicates; survivor = nearest to MIMU (0.0 m),2026-09-21T10:42:55.297Z
village:155182:row4198:village_point_Ayeyarwady_v96.zip_mmr_ady_pplp2_250k_mimu.shp,village:155182:row4198:village_point_Ayeyarwady_v96.zip_mmr_ady_pplp2_250k_mimu.shp,merge_confirmed_duplicate,123268,123177,,,auto: merge CoreMap village duplicates; survivor = nearest to MIMU (92.8 m),2026-09-21T10:42:55.297Z
village:155191:row4199:village_point_Ayeyarwady_v96.zip_mmr_ady_pplp2_250k_mimu.shp,village:155191:row4199:village_point_Ayeyarwady_v96.zip_mmr_ady_pplp2_250k_mimu.shp,merge_confirmed_duplicate,123236,123147;123289,,,auto: merge CoreMap village duplicates; survivor = nearest to MIMU (121.7 m),2026-09-21T10:42:55.297Z
village:155721:row4211:village_point_Ayeyarwady_v96.zip_mmr_ady_pplp2_250k_mimu.shp,village:155721:row4211:village_point_Ayeyarwady_v96.zip_mmr_ady_pplp2_250k_mimu.shp,merge_confirmed_duplicate,123035,128784,,,auto: merge CoreMap village duplicates; survivor = nearest to MIMU (95.7 m),2026-09-21T10:42:55.297Z
village:157024:row4237:village_point_Ayeyarwady_v96.zip_mmr_ady_pplp2_250k_mimu.shp,village:157024:row4237:village_point_Ayeyarwady_v96.zip_mmr_ady_pplp2_250k_mimu.shp,merge_confirmed_duplicate,123249,123220,,,auto: merge CoreMap village duplicates; survivor = nearest to MIMU (32.0 m),2026-09-21T10:42:55.297Z
village:157071:row4245:village_point_Ayeyarwady_v96.zip_mmr_ady_pplp2_250k_mimu.shp,village:157071:row4245:village_point_Ayeyarwady_v96.zip_mmr_ady_pplp2_250k_mimu.shp,merge_confirmed_duplicate,123184,123144;123182;123004,,,auto: merge CoreMap village duplicates; survivor = nearest to MIMU (17.4 m),2026-09-21T10:42:55.297Z
village:157675:row4255:village_point_Ayeyarwady_v96.zip_mmr_ady_pplp2_250k_mimu.shp,village:157675:row4255:village_point_Ayeyarwady_v96.zip_mmr_ady_pplp2_250k_mimu.shp,merge_confirmed_duplicate,123147,123236;123289,,,auto: merge CoreMap village duplicates; survivor = nearest to MIMU (26.8 m),2026-09-21T10:42:55.297Z
village:157677:row4256:village_point_Ayeyarwady_v96.zip_mmr_ady_pplp2_250k_mimu.shp,village:157677:row4256:village_point_Ayeyarwady_v96.zip_mmr_ady_pplp2_250k_mimu.shp,merge_confirmed_duplicate,123115,123186;123089,,,auto: merge CoreMap village duplicates; survivor = nearest to MIMU (38.3 m),2026-09-21T10:42:55.297Z
village:157674:row4257:village_point_Ayeyarwady_v96.zip_mmr_ady_pplp2_250k_mimu.shp,village:157674:row4257:village_point_Ayeyarwady_v96.zip_mmr_ady_pplp2_250k_mimu.shp,merge_confirmed_duplicate,123082,123153,,,auto: merge CoreMap village duplicates; survivor = nearest to MIMU (226.7 m),2026-09-21T10:42:55.297Z
village:163141:row4331:village_point_Ayeyarwady_v96.zip_mmr_ady_pplp2_250k_mimu.shp,village:163141:row4331:village_point_Ayeyarwady_v96.zip_mmr_ady_pplp2_250k_mimu.shp,merge_confirmed_duplicate,123220,123249,,,auto: merge CoreMap village duplicates; survivor = nearest to MIMU (120.1 m),2026-09-21T10:42:55.297Z
village:163445:row4346:village_point_Ayeyarwady_v96.zip_mmr_ady_pplp2_250k_mimu.shp,village:163445:row4346:village_point_Ayeyarwady_v96.zip_mmr_ady_pplp2_250k_mimu.shp,merge_confirmed_duplicate,123181,123057;123243;123176;123109,,,auto: merge CoreMap village duplicates; survivor = nearest to MIMU (38.2 m),2026-09-21T10:42:55.297Z
village:163744:row4364:village_point_Ayeyarwady_v96.zip_mmr_ady_pplp2_250k_mimu.shp,village:163744:row4364:village_point_Ayeyarwady_v96.zip_mmr_ady_pplp2_250k_mimu.shp,merge_confirmed_duplicate,123175,123193;123111;123112,,,auto: merge CoreMap village duplicates; survivor = nearest to MIMU (206.3 m),2026-09-21T10:42:55.297Z
village:164002:row4388:village_point_Ayeyarwady_v96.zip_mmr_ady_pplp2_250k_mimu.shp,village:164002:row4388:village_point_Ayeyarwady_v96.zip_mmr_ady_pplp2_250k_mimu.shp,merge_confirmed_duplicate,123259,122977,,,auto: merge CoreMap village duplicates; survivor = nearest to MIMU (266.8 m),2026-09-21T10:42:55.297Z
village:164035:row4391:village_point_Ayeyarwady_v96.zip_mmr_ady_pplp2_250k_mimu.shp,village:164035:row4391:village_point_Ayeyarwady_v96.zip_mmr_ady_pplp2_250k_mimu.shp,merge_confirmed_duplicate,123468,123096,,,auto: merge CoreMap village duplicates; survivor = nearest to MIMU (15.2 m),2026-09-21T10:42:55.297Z
village:150426:row4421:village_point_Ayeyarwady_v96.zip_mmr_ady_pplp2_250k_mimu.shp,village:150426:row4421:village_point_Ayeyarwady_v96.zip_mmr_ady_pplp2_250k_mimu.shp,merge_confirmed_duplicate,123658,123466,,,auto: merge CoreMap village duplicates; survivor = nearest to MIMU (69.3 m),2026-09-21T10:42:55.297Z
village:150767:row4429:village_point_Ayeyarwady_v96.zip_mmr_ady_pplp2_250k_mimu.shp,village:150767:row4429:village_point_Ayeyarwady_v96.zip_mmr_ady_pplp2_250k_mimu.shp,merge_confirmed_duplicate,123366,123429,,,auto: merge CoreMap village duplicates; survivor = nearest to MIMU (72.5 m),2026-09-21T10:42:55.297Z
village:151218:row4432:village_point_Ayeyarwady_v96.zip_mmr_ady_pplp2_250k_mimu.shp,village:151218:row4432:village_point_Ayeyarwady_v96.zip_mmr_ady_pplp2_250k_mimu.shp,merge_confirmed_duplicate,123706,123431,,,auto: merge CoreMap village duplicates; survivor = nearest to MIMU (181.1 m),2026-09-21T10:42:55.297Z
village:151254:row4441:village_point_Ayeyarwady_v96.zip_mmr_ady_pplp2_250k_mimu.shp,village:151254:row4441:village_point_Ayeyarwady_v96.zip_mmr_ady_pplp2_250k_mimu.shp,merge_confirmed_duplicate,123414,123451,,,auto: merge CoreMap village duplicates; survivor = nearest to MIMU (3963.7 m),2026-09-21T10:42:55.297Z
village:151329:row4447:village_point_Ayeyarwady_v96.zip_mmr_ady_pplp2_250k_mimu.shp,village:151329:row4447:village_point_Ayeyarwady_v96.zip_mmr_ady_pplp2_250k_mimu.shp,merge_confirmed_duplicate,123478,123392,,,auto: merge CoreMap village duplicates; survivor = nearest to MIMU (13567.1 m),2026-09-21T10:42:55.297Z
village:153047:row4471:village_point_Ayeyarwady_v96.zip_mmr_ady_pplp2_250k_mimu.shp,village:153047:row4471:village_point_Ayeyarwady_v96.zip_mmr_ady_pplp2_250k_mimu.shp,merge_confirmed_duplicate,123431,123706,,,auto: merge CoreMap village duplicates; survivor = nearest to MIMU (43.0 m),2026-09-21T10:42:55.297Z
village:153045:row4473:village_point_Ayeyarwady_v96.zip_mmr_ady_pplp2_250k_mimu.shp,village:153045:row4473:village_point_Ayeyarwady_v96.zip_mmr_ady_pplp2_250k_mimu.shp,merge_confirmed_duplicate,123349,123587,,,auto: merge CoreMap village duplicates; survivor = nearest to MIMU (153.4 m),2026-09-21T10:42:55.297Z
village:153173:row4499:village_point_Ayeyarwady_v96.zip_mmr_ady_pplp2_250k_mimu.shp,village:153173:row4499:village_point_Ayeyarwady_v96.zip_mmr_ady_pplp2_250k_mimu.shp,merge_confirmed_duplicate,123698,123321;123482;123621,,,auto: merge CoreMap village duplicates; survivor = nearest to MIMU (95.7 m),2026-09-21T10:42:55.297Z
village:153505:row4520:village_point_Ayeyarwady_v96.zip_mmr_ady_pplp2_250k_mimu.shp,village:153505:row4520:village_point_Ayeyarwady_v96.zip_mmr_ady_pplp2_250k_mimu.shp,merge_confirmed_duplicate,123413,123563;123417;123516;123619;123309,,,auto: merge CoreMap village duplicates; survivor = nearest to MIMU (13.9 m),2026-09-21T10:42:55.297Z
village:154001:row4526:village_point_Ayeyarwady_v96.zip_mmr_ady_pplp2_250k_mimu.shp,village:154001:row4526:village_point_Ayeyarwady_v96.zip_mmr_ady_pplp2_250k_mimu.shp,merge_confirmed_duplicate,123587,123349,,,auto: merge CoreMap village duplicates; survivor = nearest to MIMU (6.2 m),2026-09-21T10:42:55.297Z
village:154296:row4529:village_point_Ayeyarwady_v96.zip_mmr_ady_pplp2_250k_mimu.shp,village:154296:row4529:village_point_Ayeyarwady_v96.zip_mmr_ady_pplp2_250k_mimu.shp,merge_confirmed_duplicate,123525,123679;123711;123376;123647,,,auto: merge CoreMap village duplicates; survivor = nearest to MIMU (8668.0 m),2026-09-21T10:42:55.297Z
village:154563:row4541:village_point_Ayeyarwady_v96.zip_mmr_ady_pplp2_250k_mimu.shp,village:154563:row4541:village_point_Ayeyarwady_v96.zip_mmr_ady_pplp2_250k_mimu.shp,merge_confirmed_duplicate,123383,123524,,,auto: merge CoreMap village duplicates; survivor = nearest to MIMU (0.0 m),2026-09-21T10:42:55.297Z
village:154775:row4558:village_point_Ayeyarwady_v96.zip_mmr_ady_pplp2_250k_mimu.shp,village:154775:row4558:village_point_Ayeyarwady_v96.zip_mmr_ady_pplp2_250k_mimu.shp,merge_confirmed_duplicate,123563,123413;123417;123516;123619;123309,,,auto: merge CoreMap village duplicates; survivor = nearest to MIMU (151.4 m),2026-09-21T10:42:55.297Z
village:154821:row4567:village_point_Ayeyarwady_v96.zip_mmr_ady_pplp2_250k_mimu.shp,village:154821:row4567:village_point_Ayeyarwady_v96.zip_mmr_ady_pplp2_250k_mimu.shp,merge_confirmed_duplicate,123314,123338,,,auto: merge CoreMap village duplicates; survivor = nearest to MIMU (0.0 m),2026-09-21T10:42:55.297Z
village:161781:row4592:village_point_Ayeyarwady_v96.zip_mmr_ady_pplp2_250k_mimu.shp,village:161781:row4592:village_point_Ayeyarwady_v96.zip_mmr_ady_pplp2_250k_mimu.shp,merge_confirmed_duplicate,123329,119754,,,auto: merge CoreMap village duplicates; survivor = nearest to MIMU (19.4 m),2026-09-21T10:42:55.297Z
village:155571:row4612:village_point_Ayeyarwady_v96.zip_mmr_ady_pplp2_250k_mimu.shp,village:155571:row4612:village_point_Ayeyarwady_v96.zip_mmr_ady_pplp2_250k_mimu.shp,merge_confirmed_duplicate,123299,123589;123441,,,auto: merge CoreMap village duplicates; survivor = nearest to MIMU (27.9 m),2026-09-21T10:42:55.297Z
village:155852:row4617:village_point_Ayeyarwady_v96.zip_mmr_ady_pplp2_250k_mimu.shp,village:155852:row4617:village_point_Ayeyarwady_v96.zip_mmr_ady_pplp2_250k_mimu.shp,merge_confirmed_duplicate,123511,123442,,,auto: merge CoreMap village duplicates; survivor = nearest to MIMU (120.8 m),2026-09-21T10:42:55.297Z
village:155967:row4619:village_point_Ayeyarwady_v96.zip_mmr_ady_pplp2_250k_mimu.shp,village:155967:row4619:village_point_Ayeyarwady_v96.zip_mmr_ady_pplp2_250k_mimu.shp,merge_confirmed_duplicate,123429,123366,,,auto: merge CoreMap village duplicates; survivor = nearest to MIMU (114.8 m),2026-09-21T10:42:55.297Z
village:157096:row4645:village_point_Ayeyarwady_v96.zip_mmr_ady_pplp2_250k_mimu.shp,village:157096:row4645:village_point_Ayeyarwady_v96.zip_mmr_ady_pplp2_250k_mimu.shp,merge_confirmed_duplicate,123698,123321;123482;123621,,,auto: merge CoreMap village duplicates; survivor = nearest to MIMU (41.2 m),2026-09-21T10:42:55.297Z
village:157857:row4674:village_point_Ayeyarwady_v96.zip_mmr_ady_pplp2_250k_mimu.shp,village:157857:row4674:village_point_Ayeyarwady_v96.zip_mmr_ady_pplp2_250k_mimu.shp,merge_confirmed_duplicate,123478,123392,,,auto: merge CoreMap village duplicates; survivor = nearest to MIMU (11328.5 m),2026-09-21T10:42:55.297Z
village:158201:row4682:village_point_Ayeyarwady_v96.zip_mmr_ady_pplp2_250k_mimu.shp,village:158201:row4682:village_point_Ayeyarwady_v96.zip_mmr_ady_pplp2_250k_mimu.shp,merge_confirmed_duplicate,123584,123577,,,auto: merge CoreMap village duplicates; survivor = nearest to MIMU (84.6 m),2026-09-21T10:42:55.297Z
village:161288:row4747:village_point_Ayeyarwady_v96.zip_mmr_ady_pplp2_250k_mimu.shp,village:161288:row4747:village_point_Ayeyarwady_v96.zip_mmr_ady_pplp2_250k_mimu.shp,merge_confirmed_duplicate,123577,123584,,,auto: merge CoreMap village duplicates; survivor = nearest to MIMU (61.1 m),2026-09-21T10:42:55.297Z
village:161878:row4783:village_point_Ayeyarwady_v96.zip_mmr_ady_pplp2_250k_mimu.shp,village:161878:row4783:village_point_Ayeyarwady_v96.zip_mmr_ady_pplp2_250k_mimu.shp,merge_confirmed_duplicate,123309,123619;123516;123563;123413;123417,,,auto: merge CoreMap village duplicates; survivor = nearest to MIMU (5408.1 m),2026-09-21T10:42:55.297Z
village:162405:row4828:village_point_Ayeyarwady_v96.zip_mmr_ady_pplp2_250k_mimu.shp,village:162405:row4828:village_point_Ayeyarwady_v96.zip_mmr_ady_pplp2_250k_mimu.shp,merge_confirmed_duplicate,123589,123299;123441,,,auto: merge CoreMap village duplicates; survivor = nearest to MIMU (0.0 m),2026-09-21T10:42:55.297Z
village:162596:row4834:village_point_Ayeyarwady_v96.zip_mmr_ady_pplp2_250k_mimu.shp,village:162596:row4834:village_point_Ayeyarwady_v96.zip_mmr_ady_pplp2_250k_mimu.shp,merge_confirmed_duplicate,123338,123314,,,auto: merge CoreMap village duplicates; survivor = nearest to MIMU (37.6 m),2026-09-21T10:42:55.297Z
village:163893:row4864:village_point_Ayeyarwady_v96.zip_mmr_ady_pplp2_250k_mimu.shp,village:163893:row4864:village_point_Ayeyarwady_v96.zip_mmr_ady_pplp2_250k_mimu.shp,merge_confirmed_duplicate,123524,123383,,,auto: merge CoreMap village duplicates; survivor = nearest to MIMU (0.0 m),2026-09-21T10:42:55.297Z
village:163891:row4866:village_point_Ayeyarwady_v96.zip_mmr_ady_pplp2_250k_mimu.shp,village:163891:row4866:village_point_Ayeyarwady_v96.zip_mmr_ady_pplp2_250k_mimu.shp,merge_confirmed_duplicate,123442,123511,,,auto: merge CoreMap village duplicates; survivor = nearest to MIMU (5.4 m),2026-09-21T10:42:55.297Z
village:164269:row4944:village_point_Ayeyarwady_v96.zip_mmr_ady_pplp2_250k_mimu.shp,village:164269:row4944:village_point_Ayeyarwady_v96.zip_mmr_ady_pplp2_250k_mimu.shp,merge_confirmed_duplicate,123898,124039;123864,,,auto: merge CoreMap village duplicates; survivor = nearest to MIMU (1527.8 m),2026-09-21T10:42:55.297Z
village:154465:row5057:village_point_Ayeyarwady_v96.zip_mmr_ady_pplp2_250k_mimu.shp,village:154465:row5057:village_point_Ayeyarwady_v96.zip_mmr_ady_pplp2_250k_mimu.shp,merge_confirmed_duplicate,123972,159807;123774,,,auto: merge CoreMap village duplicates; survivor = nearest to MIMU (147.9 m),2026-09-21T10:42:55.297Z
village:154491:row5062:village_point_Ayeyarwady_v96.zip_mmr_ady_pplp2_250k_mimu.shp,village:154491:row5062:village_point_Ayeyarwady_v96.zip_mmr_ady_pplp2_250k_mimu.shp,merge_confirmed_duplicate,123763,159779;159778;123893,,,auto: merge CoreMap village duplicates; survivor = nearest to MIMU (19.7 m),2026-09-21T10:42:55.297Z
village:154495:row5066:village_point_Ayeyarwady_v96.zip_mmr_ady_pplp2_250k_mimu.shp,village:154495:row5066:village_point_Ayeyarwady_v96.zip_mmr_ady_pplp2_250k_mimu.shp,merge_confirmed_duplicate,159788,159805;123949;124143,,,auto: merge CoreMap village duplicates; survivor = nearest to MIMU (52.1 m),2026-09-21T10:42:55.297Z
village:154494:row5068:village_point_Ayeyarwady_v96.zip_mmr_ady_pplp2_250k_mimu.shp,village:154494:row5068:village_point_Ayeyarwady_v96.zip_mmr_ady_pplp2_250k_mimu.shp,merge_confirmed_duplicate,123812,159809,,,auto: merge CoreMap village duplicates; survivor = nearest to MIMU (75.7 m),2026-09-21T10:42:55.297Z
village:154493:row5069:village_point_Ayeyarwady_v96.zip_mmr_ady_pplp2_250k_mimu.shp,village:154493:row5069:village_point_Ayeyarwady_v96.zip_mmr_ady_pplp2_250k_mimu.shp,merge_confirmed_duplicate,123769,159816,,,auto: merge CoreMap village duplicates; survivor = nearest to MIMU (366.4 m),2026-09-21T10:42:55.297Z
village:155318:row5077:village_point_Ayeyarwady_v96.zip_mmr_ady_pplp2_250k_mimu.shp,village:155318:row5077:village_point_Ayeyarwady_v96.zip_mmr_ady_pplp2_250k_mimu.shp,merge_confirmed_duplicate,123862,167390,,,auto: merge CoreMap village duplicates; survivor = nearest to MIMU (208.1 m),2026-09-21T10:42:55.297Z
village:155446:row5093:village_point_Ayeyarwady_v96.zip_mmr_ady_pplp2_250k_mimu.shp,village:155446:row5093:village_point_Ayeyarwady_v96.zip_mmr_ady_pplp2_250k_mimu.shp,merge_confirmed_duplicate,124047,123892,,,auto: merge CoreMap village duplicates; survivor = nearest to MIMU (3278.2 m),2026-09-21T10:42:55.297Z
village:155449:row5094:village_point_Ayeyarwady_v96.zip_mmr_ady_pplp2_250k_mimu.shp,village:155449:row5094:village_point_Ayeyarwady_v96.zip_mmr_ady_pplp2_250k_mimu.shp,merge_confirmed_duplicate,128670,124002,,,auto: merge CoreMap village duplicates; survivor = nearest to MIMU (3436.3 m),2026-09-21T10:42:55.297Z
village:155543:row5098:village_point_Ayeyarwady_v96.zip_mmr_ady_pplp2_250k_mimu.shp,village:155543:row5098:village_point_Ayeyarwady_v96.zip_mmr_ady_pplp2_250k_mimu.shp,merge_confirmed_duplicate,123721,125289,,,auto: merge CoreMap village duplicates; survivor = nearest to MIMU (26914.9 m),2026-09-21T10:42:55.297Z
village:156165:row5111:village_point_Ayeyarwady_v96.zip_mmr_ady_pplp2_250k_mimu.shp,village:156165:row5111:village_point_Ayeyarwady_v96.zip_mmr_ady_pplp2_250k_mimu.shp,merge_confirmed_duplicate,123843,124021;123872;123795,,,auto: merge CoreMap village duplicates; survivor = nearest to MIMU (934.1 m),2026-09-21T10:42:55.297Z
village:164213:row5267:village_point_Ayeyarwady_v96.zip_mmr_ady_pplp2_250k_mimu.shp,village:164213:row5267:village_point_Ayeyarwady_v96.zip_mmr_ady_pplp2_250k_mimu.shp,merge_confirmed_duplicate,123721,125289,,,auto: merge CoreMap village duplicates; survivor = nearest to MIMU (0.0 m),2026-09-21T10:42:55.297Z
village:161822:row5316:village_point_Ayeyarwady_v96.zip_mmr_ady_pplp2_250k_mimu.shp,village:161822:row5316:village_point_Ayeyarwady_v96.zip_mmr_ady_pplp2_250k_mimu.shp,merge_confirmed_duplicate,123928,124009,,,auto: merge CoreMap village duplicates; survivor = nearest to MIMU (0.0 m),2026-09-21T10:42:55.297Z
village:159546:row5353:village_point_Ayeyarwady_v96.zip_mmr_ady_pplp2_250k_mimu.shp,village:159546:row5353:village_point_Ayeyarwady_v96.zip_mmr_ady_pplp2_250k_mimu.shp,merge_confirmed_duplicate,124092,159851,,,auto: merge CoreMap village duplicates; survivor = nearest to MIMU (212.3 m),2026-09-21T10:42:55.297Z
village:163548:row5371:village_point_Ayeyarwady_v96.zip_mmr_ady_pplp2_250k_mimu.shp,village:163548:row5371:village_point_Ayeyarwady_v96.zip_mmr_ady_pplp2_250k_mimu.shp,merge_confirmed_duplicate,123750,159794,,,auto: merge CoreMap village duplicates; survivor = nearest to MIMU (122.7 m),2026-09-21T10:42:55.297Z
village:151088:row5414:village_point_Ayeyarwady_v96.zip_mmr_ady_pplp2_250k_mimu.shp,village:151088:row5414:village_point_Ayeyarwady_v96.zip_mmr_ady_pplp2_250k_mimu.shp,merge_confirmed_duplicate,124335,124332,,,auto: merge CoreMap village duplicates; survivor = nearest to MIMU (48.6 m),2026-09-21T10:42:55.297Z
village:151233:row5420:village_point_Ayeyarwady_v96.zip_mmr_ady_pplp2_250k_mimu.shp,village:151233:row5420:village_point_Ayeyarwady_v96.zip_mmr_ady_pplp2_250k_mimu.shp,merge_confirmed_duplicate,124292,124192,,,auto: merge CoreMap village duplicates; survivor = nearest to MIMU (37.9 m),2026-09-21T10:42:55.297Z
village:151227:row5424:village_point_Ayeyarwady_v96.zip_mmr_ady_pplp2_250k_mimu.shp,village:151227:row5424:village_point_Ayeyarwady_v96.zip_mmr_ady_pplp2_250k_mimu.shp,merge_confirmed_duplicate,124344,124193,,,auto: merge CoreMap village duplicates; survivor = nearest to MIMU (160.4 m),2026-09-21T10:42:55.297Z
village:151981:row5437:village_point_Ayeyarwady_v96.zip_mmr_ady_pplp2_250k_mimu.shp,village:151981:row5437:village_point_Ayeyarwady_v96.zip_mmr_ady_pplp2_250k_mimu.shp,merge_confirmed_duplicate,124208,124189,,,auto: merge CoreMap village duplicates; survivor = nearest to MIMU (16.0 m),2026-09-21T10:42:55.297Z
village:151977:row5438:village_point_Ayeyarwady_v96.zip_mmr_ady_pplp2_250k_mimu.shp,village:151977:row5438:village_point_Ayeyarwady_v96.zip_mmr_ady_pplp2_250k_mimu.shp,merge_confirmed_duplicate,124404,124386,,,auto: merge CoreMap village duplicates; survivor = nearest to MIMU (203.9 m),2026-09-21T10:42:55.297Z
village:151985:row5442:village_point_Ayeyarwady_v96.zip_mmr_ady_pplp2_250k_mimu.shp,village:151985:row5442:village_point_Ayeyarwady_v96.zip_mmr_ady_pplp2_250k_mimu.shp,merge_confirmed_duplicate,124212,124242,,,auto: merge CoreMap village duplicates; survivor = nearest to MIMU (81.0 m),2026-09-21T10:42:55.297Z
village:151980:row5443:village_point_Ayeyarwady_v96.zip_mmr_ady_pplp2_250k_mimu.shp,village:151980:row5443:village_point_Ayeyarwady_v96.zip_mmr_ady_pplp2_250k_mimu.shp,merge_confirmed_duplicate,124264,124243,,,auto: merge CoreMap village duplicates; survivor = nearest to MIMU (51.5 m),2026-09-21T10:42:55.297Z
village:156946:row5533:village_point_Ayeyarwady_v96.zip_mmr_ady_pplp2_250k_mimu.shp,village:156946:row5533:village_point_Ayeyarwady_v96.zip_mmr_ady_pplp2_250k_mimu.shp,merge_confirmed_duplicate,124332,124335,,,auto: merge CoreMap village duplicates; survivor = nearest to MIMU (32.2 m),2026-09-21T10:42:55.297Z
village:157694:row5539:village_point_Ayeyarwady_v96.zip_mmr_ady_pplp2_250k_mimu.shp,village:157694:row5539:village_point_Ayeyarwady_v96.zip_mmr_ady_pplp2_250k_mimu.shp,merge_confirmed_duplicate,124189,124208,,,auto: merge CoreMap village duplicates; survivor = nearest to MIMU (0.0 m),2026-09-21T10:42:55.297Z
village:157693:row5540:village_point_Ayeyarwady_v96.zip_mmr_ady_pplp2_250k_mimu.shp,village:157693:row5540:village_point_Ayeyarwady_v96.zip_mmr_ady_pplp2_250k_mimu.shp,merge_confirmed_duplicate,124386,124404,,,auto: merge CoreMap village duplicates; survivor = nearest to MIMU (366.8 m),2026-09-21T10:42:55.297Z
village:157692:row5543:village_point_Ayeyarwady_v96.zip_mmr_ady_pplp2_250k_mimu.shp,village:157692:row5543:village_point_Ayeyarwady_v96.zip_mmr_ady_pplp2_250k_mimu.shp,merge_confirmed_duplicate,124243,124264,,,auto: merge CoreMap village duplicates; survivor = nearest to MIMU (63.1 m),2026-09-21T10:42:55.297Z
village:162380:row5602:village_point_Ayeyarwady_v96.zip_mmr_ady_pplp2_250k_mimu.shp,village:162380:row5602:village_point_Ayeyarwady_v96.zip_mmr_ady_pplp2_250k_mimu.shp,merge_confirmed_duplicate,124192,124292,,,auto: merge CoreMap village duplicates; survivor = nearest to MIMU (85.2 m),2026-09-21T10:42:55.297Z
village:162381:row5604:village_point_Ayeyarwady_v96.zip_mmr_ady_pplp2_250k_mimu.shp,village:162381:row5604:village_point_Ayeyarwady_v96.zip_mmr_ady_pplp2_250k_mimu.shp,merge_confirmed_duplicate,124242,124212,,,auto: merge CoreMap village duplicates; survivor = nearest to MIMU (42.3 m),2026-09-21T10:42:55.297Z
village:162383:row5605:village_point_Ayeyarwady_v96.zip_mmr_ady_pplp2_250k_mimu.shp,village:162383:row5605:village_point_Ayeyarwady_v96.zip_mmr_ady_pplp2_250k_mimu.shp,merge_confirmed_duplicate,124193,124344,,,auto: merge CoreMap village duplicates; survivor = nearest to MIMU (58.8 m),2026-09-21T10:42:55.297Z
village:150796:row5678:village_point_Ayeyarwady_v96.zip_mmr_ady_pplp2_250k_mimu.shp,village:150796:row5678:village_point_Ayeyarwady_v96.zip_mmr_ady_pplp2_250k_mimu.shp,merge_confirmed_duplicate,124796,124634,,,auto: merge CoreMap village duplicates; survivor = nearest to MIMU (48.8 m),2026-09-21T10:42:55.297Z
village:151072:row5683:village_point_Ayeyarwady_v96.zip_mmr_ady_pplp2_250k_mimu.shp,village:151072:row5683:village_point_Ayeyarwady_v96.zip_mmr_ady_pplp2_250k_mimu.shp,merge_confirmed_duplicate,124768,124589;124730;124680,,,auto: merge CoreMap village duplicates; survivor = nearest to MIMU (174.7 m),2026-09-21T10:42:55.297Z
village:151591:row5688:village_point_Ayeyarwady_v96.zip_mmr_ady_pplp2_250k_mimu.shp,village:151591:row5688:village_point_Ayeyarwady_v96.zip_mmr_ady_pplp2_250k_mimu.shp,merge_confirmed_duplicate,124717,124572,,,auto: merge CoreMap village duplicates; survivor = nearest to MIMU (98.9 m),2026-09-21T10:42:55.297Z
village:152092:row5689:village_point_Ayeyarwady_v96.zip_mmr_ady_pplp2_250k_mimu.shp,village:152092:row5689:village_point_Ayeyarwady_v96.zip_mmr_ady_pplp2_250k_mimu.shp,merge_confirmed_duplicate,124751,124747;124756;124583,,,auto: merge CoreMap village duplicates; survivor = nearest to MIMU (33.9 m),2026-09-21T10:42:55.297Z
village:152091:row5691:village_point_Ayeyarwady_v96.zip_mmr_ady_pplp2_250k_mimu.shp,village:152091:row5691:village_point_Ayeyarwady_v96.zip_mmr_ady_pplp2_250k_mimu.shp,merge_confirmed_duplicate,124547,124543,,,auto: merge CoreMap village duplicates; survivor = nearest to MIMU (0.0 m),2026-09-21T10:42:55.297Z
village:152093:row5692:village_point_Ayeyarwady_v96.zip_mmr_ady_pplp2_250k_mimu.shp,village:152093:row5692:village_point_Ayeyarwady_v96.zip_mmr_ady_pplp2_250k_mimu.shp,merge_confirmed_duplicate,124581,124838,,,auto: merge CoreMap village duplicates; survivor = nearest to MIMU (9.9 m),2026-09-21T10:42:55.297Z
village:152626:row5722:village_point_Ayeyarwady_v96.zip_mmr_ady_pplp2_250k_mimu.shp,village:152626:row5722:village_point_Ayeyarwady_v96.zip_mmr_ady_pplp2_250k_mimu.shp,merge_confirmed_duplicate,124837,124852,,,auto: merge CoreMap village duplicates; survivor = nearest to MIMU (65.7 m),2026-09-21T10:42:55.297Z
village:153060:row5724:village_point_Ayeyarwady_v96.zip_mmr_ady_pplp2_250k_mimu.shp,village:153060:row5724:village_point_Ayeyarwady_v96.zip_mmr_ady_pplp2_250k_mimu.shp,merge_confirmed_duplicate,124634,124796,,,auto: merge CoreMap village duplicates; survivor = nearest to MIMU (0.0 m),2026-09-21T10:42:55.297Z
village:153322:row5745:village_point_Ayeyarwady_v96.zip_mmr_ady_pplp2_250k_mimu.shp,village:153322:row5745:village_point_Ayeyarwady_v96.zip_mmr_ady_pplp2_250k_mimu.shp,merge_confirmed_duplicate,124729,122498,,,auto: merge CoreMap village duplicates; survivor = nearest to MIMU (82.8 m),2026-09-21T10:42:55.297Z
village:153892:row5754:village_point_Ayeyarwady_v96.zip_mmr_ady_pplp2_250k_mimu.shp,village:153892:row5754:village_point_Ayeyarwady_v96.zip_mmr_ady_pplp2_250k_mimu.shp,merge_confirmed_duplicate,124823,124615;124606,,,auto: merge CoreMap village duplicates; survivor = nearest to MIMU (0.0 m),2026-09-21T10:42:55.297Z
village:153898:row5759:village_point_Ayeyarwady_v96.zip_mmr_ady_pplp2_250k_mimu.shp,village:153898:row5759:village_point_Ayeyarwady_v96.zip_mmr_ady_pplp2_250k_mimu.shp,merge_confirmed_duplicate,124792,124761,,,auto: merge CoreMap village duplicates; survivor = nearest to MIMU (67.4 m),2026-09-21T10:42:55.297Z
village:154223:row5761:village_point_Ayeyarwady_v96.zip_mmr_ady_pplp2_250k_mimu.shp,village:154223:row5761:village_point_Ayeyarwady_v96.zip_mmr_ady_pplp2_250k_mimu.shp,merge_confirmed_duplicate,124514,124614,,,auto: merge CoreMap village duplicates; survivor = nearest to MIMU (88.4 m),2026-09-21T10:42:55.297Z
village:154244:row5764:village_point_Ayeyarwady_v96.zip_mmr_ady_pplp2_250k_mimu.shp,village:154244:row5764:village_point_Ayeyarwady_v96.zip_mmr_ady_pplp2_250k_mimu.shp,merge_confirmed_duplicate,124690,124523,,,auto: merge CoreMap village duplicates; survivor = nearest to MIMU (132.0 m),2026-09-21T10:42:55.297Z
village:154243:row5765:village_point_Ayeyarwady_v96.zip_mmr_ady_pplp2_250k_mimu.shp,village:154243:row5765:village_point_Ayeyarwady_v96.zip_mmr_ady_pplp2_250k_mimu.shp,merge_confirmed_duplicate,124724,124666,,,auto: merge CoreMap village duplicates; survivor = nearest to MIMU (116.8 m),2026-09-21T10:42:55.297Z
village:154714:row5767:village_point_Ayeyarwady_v96.zip_mmr_ady_pplp2_250k_mimu.shp,village:154714:row5767:village_point_Ayeyarwady_v96.zip_mmr_ady_pplp2_250k_mimu.shp,merge_confirmed_duplicate,124572,124717,,,auto: merge CoreMap village duplicates; survivor = nearest to MIMU (68.8 m),2026-09-21T10:42:55.297Z
village:155452:row5771:village_point_Ayeyarwady_v96.zip_mmr_ady_pplp2_250k_mimu.shp,village:155452:row5771:village_point_Ayeyarwady_v96.zip_mmr_ady_pplp2_250k_mimu.shp,merge_confirmed_duplicate,124782,124669;124639,,,auto: merge CoreMap village duplicates; survivor = nearest to MIMU (46.5 m),2026-09-21T10:42:55.297Z
village:155869:row5776:village_point_Ayeyarwady_v96.zip_mmr_ady_pplp2_250k_mimu.shp,village:155869:row5776:village_point_Ayeyarwady_v96.zip_mmr_ady_pplp2_250k_mimu.shp,merge_confirmed_duplicate,124646,124689,,,auto: merge CoreMap village duplicates; survivor = nearest to MIMU (36.3 m),2026-09-21T10:42:55.297Z
village:156013:row5783:village_point_Ayeyarwady_v96.zip_mmr_ady_pplp2_250k_mimu.shp,village:156013:row5783:village_point_Ayeyarwady_v96.zip_mmr_ady_pplp2_250k_mimu.shp,merge_confirmed_duplicate,124614,124514,,,auto: merge CoreMap village duplicates; survivor = nearest to MIMU (0.0 m),2026-09-21T10:42:55.297Z
village:156873:row5818:village_point_Ayeyarwady_v96.zip_mmr_ady_pplp2_250k_mimu.shp,village:156873:row5818:village_point_Ayeyarwady_v96.zip_mmr_ady_pplp2_250k_mimu.shp,merge_confirmed_duplicate,124580,124548;124750;124647,,,auto: merge CoreMap village duplicates; survivor = nearest to MIMU (148.0 m),2026-09-21T10:42:55.297Z
village:157624:row5842:village_point_Ayeyarwady_v96.zip_mmr_ady_pplp2_250k_mimu.shp,village:157624:row5842:village_point_Ayeyarwady_v96.zip_mmr_ady_pplp2_250k_mimu.shp,merge_confirmed_duplicate,124837,124852,,,auto: merge CoreMap village duplicates; survivor = nearest to MIMU (394.1 m),2026-09-21T10:42:55.297Z
village:158110:row5843:village_point_Ayeyarwady_v96.zip_mmr_ady_pplp2_250k_mimu.shp,village:158110:row5843:village_point_Ayeyarwady_v96.zip_mmr_ady_pplp2_250k_mimu.shp,merge_confirmed_duplicate,124615,124823;124606,,,auto: merge CoreMap village duplicates; survivor = nearest to MIMU (0.0 m),2026-09-21T10:42:55.297Z
village:158111:row5846:village_point_Ayeyarwady_v96.zip_mmr_ady_pplp2_250k_mimu.shp,village:158111:row5846:village_point_Ayeyarwady_v96.zip_mmr_ady_pplp2_250k_mimu.shp,merge_confirmed_duplicate,124715,124534,,,auto: merge CoreMap village duplicates; survivor = nearest to MIMU (26.3 m),2026-09-21T10:42:55.297Z
village:158198:row5848:village_point_Ayeyarwady_v96.zip_mmr_ady_pplp2_250k_mimu.shp,village:158198:row5848:village_point_Ayeyarwady_v96.zip_mmr_ady_pplp2_250k_mimu.shp,merge_confirmed_duplicate,124563,124509,,,auto: merge CoreMap village duplicates; survivor = nearest to MIMU (146.2 m),2026-09-21T10:42:55.297Z
village:158323:row5859:village_point_Ayeyarwady_v96.zip_mmr_ady_pplp2_250k_mimu.shp,village:158323:row5859:village_point_Ayeyarwady_v96.zip_mmr_ady_pplp2_250k_mimu.shp,merge_confirmed_duplicate,124812,124725,,,auto: merge CoreMap village duplicates; survivor = nearest to MIMU (183.0 m),2026-09-21T10:42:55.297Z
village:158532:row5861:village_point_Ayeyarwady_v96.zip_mmr_ady_pplp2_250k_mimu.shp,village:158532:row5861:village_point_Ayeyarwady_v96.zip_mmr_ady_pplp2_250k_mimu.shp,merge_confirmed_duplicate,124534,124715,,,auto: merge CoreMap village duplicates; survivor = nearest to MIMU (30.0 m),2026-09-21T10:42:55.297Z
village:158534:row5864:village_point_Ayeyarwady_v96.zip_mmr_ady_pplp2_250k_mimu.shp,village:158534:row5864:village_point_Ayeyarwady_v96.zip_mmr_ady_pplp2_250k_mimu.shp,merge_confirmed_duplicate,124761,124792,,,auto: merge CoreMap village duplicates; survivor = nearest to MIMU (38.5 m),2026-09-21T10:42:55.297Z
village:159081:row5873:village_point_Ayeyarwady_v96.zip_mmr_ady_pplp2_250k_mimu.shp,village:159081:row5873:village_point_Ayeyarwady_v96.zip_mmr_ady_pplp2_250k_mimu.shp,merge_confirmed_duplicate,124523,124690,,,auto: merge CoreMap village duplicates; survivor = nearest to MIMU (120.9 m),2026-09-21T10:42:55.297Z
village:159079:row5875:village_point_Ayeyarwady_v96.zip_mmr_ady_pplp2_250k_mimu.shp,village:159079:row5875:village_point_Ayeyarwady_v96.zip_mmr_ady_pplp2_250k_mimu.shp,merge_confirmed_duplicate,124666,124724,,,auto: merge CoreMap village duplicates; survivor = nearest to MIMU (335.5 m),2026-09-21T10:42:55.297Z
village:159272:row5888:village_point_Ayeyarwady_v96.zip_mmr_ady_pplp2_250k_mimu.shp,village:159272:row5888:village_point_Ayeyarwady_v96.zip_mmr_ady_pplp2_250k_mimu.shp,merge_confirmed_duplicate,124838,124581,,,auto: merge CoreMap village duplicates; survivor = nearest to MIMU (18.3 m),2026-09-21T10:42:55.297Z
village:159310:row5891:village_point_Ayeyarwady_v96.zip_mmr_ady_pplp2_250k_mimu.shp,village:159310:row5891:village_point_Ayeyarwady_v96.zip_mmr_ady_pplp2_250k_mimu.shp,merge_confirmed_duplicate,124669,124782;124639,,,auto: merge CoreMap village duplicates; survivor = nearest to MIMU (26.1 m),2026-09-21T10:42:55.297Z
village:160344:row5904:village_point_Ayeyarwady_v96.zip_mmr_ady_pplp2_250k_mimu.shp,village:160344:row5904:village_point_Ayeyarwady_v96.zip_mmr_ady_pplp2_250k_mimu.shp,merge_confirmed_duplicate,124689,124646,,,auto: merge CoreMap village duplicates; survivor = nearest to MIMU (49.3 m),2026-09-21T10:42:55.297Z
village:160435:row5909:village_point_Ayeyarwady_v96.zip_mmr_ady_pplp2_250k_mimu.shp,village:160435:row5909:village_point_Ayeyarwady_v96.zip_mmr_ady_pplp2_250k_mimu.shp,merge_confirmed_duplicate,124589,124768;124730;124680,,,auto: merge CoreMap village duplicates; survivor = nearest to MIMU (50.9 m),2026-09-21T10:42:55.297Z
village:160790:row5918:village_point_Ayeyarwady_v96.zip_mmr_ady_pplp2_250k_mimu.shp,village:160790:row5918:village_point_Ayeyarwady_v96.zip_mmr_ady_pplp2_250k_mimu.shp,merge_confirmed_duplicate,124747,124751;124756;124583,,,auto: merge CoreMap village duplicates; survivor = nearest to MIMU (30.8 m),2026-09-21T10:42:55.297Z
village:160785:row5919:village_point_Ayeyarwady_v96.zip_mmr_ady_pplp2_250k_mimu.shp,village:160785:row5919:village_point_Ayeyarwady_v96.zip_mmr_ady_pplp2_250k_mimu.shp,merge_confirmed_duplicate,124509,124563,,,auto: merge CoreMap village duplicates; survivor = nearest to MIMU (0.0 m),2026-09-21T10:42:55.297Z
village:160789:row5920:village_point_Ayeyarwady_v96.zip_mmr_ady_pplp2_250k_mimu.shp,village:160789:row5920:village_point_Ayeyarwady_v96.zip_mmr_ady_pplp2_250k_mimu.shp,merge_confirmed_duplicate,124543,124547,,,auto: merge CoreMap village duplicates; survivor = nearest to MIMU (6.4 m),2026-09-21T10:42:55.297Z
village:161417:row5948:village_point_Ayeyarwady_v96.zip_mmr_ady_pplp2_250k_mimu.shp,village:161417:row5948:village_point_Ayeyarwady_v96.zip_mmr_ady_pplp2_250k_mimu.shp,merge_confirmed_duplicate,124731,124746,,,auto: merge CoreMap village duplicates; survivor = nearest to MIMU (20.1 m),2026-09-21T10:42:55.297Z
village:162159:row5963:village_point_Ayeyarwady_v96.zip_mmr_ady_pplp2_250k_mimu.shp,village:162159:row5963:village_point_Ayeyarwady_v96.zip_mmr_ady_pplp2_250k_mimu.shp,merge_confirmed_duplicate,124548,124580;124750;124647,,,auto: merge CoreMap village duplicates; survivor = nearest to MIMU (32.0 m),2026-09-21T10:42:55.297Z
village:162767:row5975:village_point_Ayeyarwady_v96.zip_mmr_ady_pplp2_250k_mimu.shp,village:162767:row5975:village_point_Ayeyarwady_v96.zip_mmr_ady_pplp2_250k_mimu.shp,merge_confirmed_duplicate,124725,124812,,,auto: merge CoreMap village duplicates; survivor = nearest to MIMU (6.7 m),2026-09-21T10:42:55.297Z
village:162770:row5980:village_point_Ayeyarwady_v96.zip_mmr_ady_pplp2_250k_mimu.shp,village:162770:row5980:village_point_Ayeyarwady_v96.zip_mmr_ady_pplp2_250k_mimu.shp,merge_confirmed_duplicate,124746,124731,,,auto: merge CoreMap village duplicates; survivor = nearest to MIMU (0.0 m),2026-09-21T10:42:55.297Z
village:150067:row5996:village_point_Ayeyarwady_v96.zip_mmr_ady_pplp2_250k_mimu.shp,village:150067:row5996:village_point_Ayeyarwady_v96.zip_mmr_ady_pplp2_250k_mimu.shp,merge_confirmed_duplicate,125434,125071;125220;125315,,,auto: merge CoreMap village duplicates; survivor = nearest to MIMU (327.0 m),2026-09-21T10:42:55.297Z
village:151250:row6041:village_point_Ayeyarwady_v96.zip_mmr_ady_pplp2_250k_mimu.shp,village:151250:row6041:village_point_Ayeyarwady_v96.zip_mmr_ady_pplp2_250k_mimu.shp,merge_confirmed_duplicate,125375,119252;125053;125423,,,auto: merge CoreMap village duplicates; survivor = nearest to MIMU (55.4 m),2026-09-21T10:42:55.297Z
village:151698:row6055:village_point_Ayeyarwady_v96.zip_mmr_ady_pplp2_250k_mimu.shp,village:151698:row6055:village_point_Ayeyarwady_v96.zip_mmr_ady_pplp2_250k_mimu.shp,merge_confirmed_duplicate,125112,125432,,,auto: merge CoreMap village duplicates; survivor = nearest to MIMU (222.7 m),2026-09-21T10:42:55.297Z
village:151772:row6060:village_point_Ayeyarwady_v96.zip_mmr_ady_pplp2_250k_mimu.shp,village:151772:row6060:village_point_Ayeyarwady_v96.zip_mmr_ady_pplp2_250k_mimu.shp,merge_confirmed_duplicate,124978,125229;125181;125343;125180,,,auto: merge CoreMap village duplicates; survivor = nearest to MIMU (162.7 m),2026-09-21T10:42:55.297Z
village:152322:row6090:village_point_Ayeyarwady_v96.zip_mmr_ady_pplp2_250k_mimu.shp,village:152322:row6090:village_point_Ayeyarwady_v96.zip_mmr_ady_pplp2_250k_mimu.shp,merge_confirmed_duplicate,124978,125229;125181;125343;125180,,,auto: merge CoreMap village duplicates; survivor = nearest to MIMU (682.9 m),2026-09-21T10:42:55.297Z
village:152528:row6101:village_point_Ayeyarwady_v96.zip_mmr_ady_pplp2_250k_mimu.shp,village:152528:row6101:village_point_Ayeyarwady_v96.zip_mmr_ady_pplp2_250k_mimu.shp,merge_confirmed_duplicate,125359,125161,,,auto: merge CoreMap village duplicates; survivor = nearest to MIMU (101.9 m),2026-09-21T10:42:55.297Z
village:152536:row6107:village_point_Ayeyarwady_v96.zip_mmr_ady_pplp2_250k_mimu.shp,village:152536:row6107:village_point_Ayeyarwady_v96.zip_mmr_ady_pplp2_250k_mimu.shp,merge_confirmed_duplicate,125402,124959;125074;124987,,,auto: merge CoreMap village duplicates; survivor = nearest to MIMU (64.6 m),2026-09-21T10:42:55.297Z
village:152812:row6118:village_point_Ayeyarwady_v96.zip_mmr_ady_pplp2_250k_mimu.shp,village:152812:row6118:village_point_Ayeyarwady_v96.zip_mmr_ady_pplp2_250k_mimu.shp,merge_confirmed_duplicate,125321,124952,,,auto: merge CoreMap village duplicates; survivor = nearest to MIMU (15.5 m),2026-09-21T10:42:55.297Z
village:152824:row6127:village_point_Ayeyarwady_v96.zip_mmr_ady_pplp2_250k_mimu.shp,village:152824:row6127:village_point_Ayeyarwady_v96.zip_mmr_ady_pplp2_250k_mimu.shp,merge_confirmed_duplicate,125428,125221,,,auto: merge CoreMap village duplicates; survivor = nearest to MIMU (134.2 m),2026-09-21T10:42:55.297Z
village:152846:row6136:village_point_Ayeyarwady_v96.zip_mmr_ady_pplp2_250k_mimu.shp,village:152846:row6136:village_point_Ayeyarwady_v96.zip_mmr_ady_pplp2_250k_mimu.shp,merge_confirmed_duplicate,125367,125259;125307;125163;125310,,,auto: merge CoreMap village duplicates; survivor = nearest to MIMU (367.0 m),2026-09-21T10:42:55.297Z
village:152843:row6139:village_point_Ayeyarwady_v96.zip_mmr_ady_pplp2_250k_mimu.shp,village:152843:row6139:village_point_Ayeyarwady_v96.zip_mmr_ady_pplp2_250k_mimu.shp,merge_confirmed_duplicate,125051,119367;125382;125349;125408,,,auto: merge CoreMap village duplicates; survivor = nearest to MIMU (9467.6 m),2026-09-21T10:42:55.297Z
village:154057:row6163:village_point_Ayeyarwady_v96.zip_mmr_ady_pplp2_250k_mimu.shp,village:154057:row6163:village_point_Ayeyarwady_v96.zip_mmr_ady_pplp2_250k_mimu.shp,merge_confirmed_duplicate,125188,124989,,,auto: merge CoreMap village duplicates; survivor = nearest to MIMU (1664.7 m),2026-09-21T10:42:55.297Z
village:154090:row6172:village_point_Ayeyarwady_v96.zip_mmr_ady_pplp2_250k_mimu.shp,village:154090:row6172:village_point_Ayeyarwady_v96.zip_mmr_ady_pplp2_250k_mimu.shp,merge_confirmed_duplicate,125179,125000;125250,,,auto: merge CoreMap village duplicates; survivor = nearest to MIMU (168.0 m),2026-09-21T10:42:55.297Z
village:155113:row6193:village_point_Ayeyarwady_v96.zip_mmr_ady_pplp2_250k_mimu.shp,village:155113:row6193:village_point_Ayeyarwady_v96.zip_mmr_ady_pplp2_250k_mimu.shp,merge_confirmed_duplicate,125352,125218;125060;125167;125338;125230;125193,,,auto: merge CoreMap village duplicates; survivor = nearest to MIMU (25.3 m),2026-09-21T10:42:55.297Z
village:155129:row6197:village_point_Ayeyarwady_v96.zip_mmr_ady_pplp2_250k_mimu.shp,village:155129:row6197:village_point_Ayeyarwady_v96.zip_mmr_ady_pplp2_250k_mimu.shp,merge_confirmed_duplicate,125277,125368,,,auto: merge CoreMap village duplicates; survivor = nearest to MIMU (329.1 m),2026-09-21T10:42:55.297Z
village:155427:row6213:village_point_Ayeyarwady_v96.zip_mmr_ady_pplp2_250k_mimu.shp,village:155427:row6213:village_point_Ayeyarwady_v96.zip_mmr_ady_pplp2_250k_mimu.shp,merge_confirmed_duplicate,125349,125408;125382;119367;125051,,,auto: merge CoreMap village duplicates; survivor = nearest to MIMU (8727.0 m),2026-09-21T10:42:55.297Z
village:164279:row6226:village_point_Ayeyarwady_v96.zip_mmr_ady_pplp2_250k_mimu.shp,village:164279:row6226:village_point_Ayeyarwady_v96.zip_mmr_ady_pplp2_250k_mimu.shp,merge_confirmed_duplicate,125016,125419,,,auto: merge CoreMap village duplicates; survivor = nearest to MIMU (2334.9 m),2026-09-21T10:42:55.297Z
village:155803:row6234:village_point_Ayeyarwady_v96.zip_mmr_ady_pplp2_250k_mimu.shp,village:155803:row6234:village_point_Ayeyarwady_v96.zip_mmr_ady_pplp2_250k_mimu.shp,merge_confirmed_duplicate,125343,125180;125181;125229;124978,,,auto: merge CoreMap village duplicates; survivor = nearest to MIMU (500.2 m),2026-09-21T10:42:55.297Z
village:155827:row6236:village_point_Ayeyarwady_v96.zip_mmr_ady_pplp2_250k_mimu.shp,village:155827:row6236:village_point_Ayeyarwady_v96.zip_mmr_ady_pplp2_250k_mimu.shp,merge_confirmed_duplicate,125318,125247;125007;125413;125213,,,auto: merge CoreMap village duplicates; survivor = nearest to MIMU (8359.9 m),2026-09-21T10:42:55.297Z
village:156193:row6244:village_point_Ayeyarwady_v96.zip_mmr_ady_pplp2_250k_mimu.shp,village:156193:row6244:village_point_Ayeyarwady_v96.zip_mmr_ady_pplp2_250k_mimu.shp,merge_confirmed_duplicate,125180,125343;125181;125229;124978,,,auto: merge CoreMap village duplicates; survivor = nearest to MIMU (36.4 m),2026-09-21T10:42:55.297Z
village:156209:row6257:village_point_Ayeyarwady_v96.zip_mmr_ady_pplp2_250k_mimu.shp,village:156209:row6257:village_point_Ayeyarwady_v96.zip_mmr_ady_pplp2_250k_mimu.shp,merge_confirmed_duplicate,125373,125081,,,auto: merge CoreMap village duplicates; survivor = nearest to MIMU (9116.8 m),2026-09-21T10:42:55.297Z
village:156337:row6277:village_point_Ayeyarwady_v96.zip_mmr_ady_pplp2_250k_mimu.shp,village:156337:row6277:village_point_Ayeyarwady_v96.zip_mmr_ady_pplp2_250k_mimu.shp,merge_confirmed_duplicate,125412,125076,,,auto: merge CoreMap village duplicates; survivor = nearest to MIMU (63.6 m),2026-09-21T10:42:55.297Z
village:156348:row6280:village_point_Ayeyarwady_v96.zip_mmr_ady_pplp2_250k_mimu.shp,village:156348:row6280:village_point_Ayeyarwady_v96.zip_mmr_ady_pplp2_250k_mimu.shp,merge_confirmed_duplicate,125259,125367;125307;125163;125310,,,auto: merge CoreMap village duplicates; survivor = nearest to MIMU (237.6 m),2026-09-21T10:42:55.297Z
village:156374:row6293:village_point_Ayeyarwady_v96.zip_mmr_ady_pplp2_250k_mimu.shp,village:156374:row6293:village_point_Ayeyarwady_v96.zip_mmr_ady_pplp2_250k_mimu.shp,merge_confirmed_duplicate,125395,125219,,,auto: merge CoreMap village duplicates; survivor = nearest to MIMU (23.7 m),2026-09-21T10:42:55.297Z
village:156599:row6312:village_point_Ayeyarwady_v96.zip_mmr_ady_pplp2_250k_mimu.shp,village:156599:row6312:village_point_Ayeyarwady_v96.zip_mmr_ady_pplp2_250k_mimu.shp,merge_confirmed_duplicate,125000,125179;125250,,,auto: merge CoreMap village duplicates; survivor = nearest to MIMU (76.0 m),2026-09-21T10:42:55.297Z
village:156997:row6323:village_point_Ayeyarwady_v96.zip_mmr_ady_pplp2_250k_mimu.shp,village:156997:row6323:village_point_Ayeyarwady_v96.zip_mmr_ady_pplp2_250k_mimu.shp,merge_confirmed_duplicate,125327,125132;125342;124974;125387;125065,,,auto: merge CoreMap village duplicates; survivor = nearest to MIMU (175.0 m),2026-09-21T10:42:55.297Z
village:157040:row6333:village_point_Ayeyarwady_v96.zip_mmr_ady_pplp2_250k_mimu.shp,village:157040:row6333:village_point_Ayeyarwady_v96.zip_mmr_ady_pplp2_250k_mimu.shp,merge_confirmed_duplicate,125167,125060;125218;125352;125338;125230;125193,,,auto: merge CoreMap village duplicates; survivor = nearest to MIMU (5158.2 m),2026-09-21T10:42:55.297Z
village:157514:row6359:village_point_Ayeyarwady_v96.zip_mmr_ady_pplp2_250k_mimu.shp,village:157514:row6359:village_point_Ayeyarwady_v96.zip_mmr_ady_pplp2_250k_mimu.shp,merge_confirmed_duplicate,124993,125418,,,auto: merge CoreMap village duplicates; survivor = nearest to MIMU (136.0 m),2026-09-21T10:42:55.297Z
village:157580:row6365:village_point_Ayeyarwady_v96.zip_mmr_ady_pplp2_250k_mimu.shp,village:157580:row6365:village_point_Ayeyarwady_v96.zip_mmr_ady_pplp2_250k_mimu.shp,merge_confirmed_duplicate,124983,124958,,,auto: merge CoreMap village duplicates; survivor = nearest to MIMU (1997.7 m),2026-09-21T10:42:55.297Z
village:157579:row6369:village_point_Ayeyarwady_v96.zip_mmr_ady_pplp2_250k_mimu.shp,village:157579:row6369:village_point_Ayeyarwady_v96.zip_mmr_ady_pplp2_250k_mimu.shp,merge_confirmed_duplicate,125293,125009;125001;125226,,,auto: merge CoreMap village duplicates; survivor = nearest to MIMU (420.5 m),2026-09-21T10:42:55.297Z
village:157819:row6371:village_point_Ayeyarwady_v96.zip_mmr_ady_pplp2_250k_mimu.shp,village:157819:row6371:village_point_Ayeyarwady_v96.zip_mmr_ady_pplp2_250k_mimu.shp,merge_confirmed_duplicate,125180,125343;125181;125229;124978,,,auto: merge CoreMap village duplicates; survivor = nearest to MIMU (8970.1 m),2026-09-21T10:42:55.297Z
village:157826:row6379:village_point_Ayeyarwady_v96.zip_mmr_ady_pplp2_250k_mimu.shp,village:157826:row6379:village_point_Ayeyarwady_v96.zip_mmr_ady_pplp2_250k_mimu.shp,merge_confirmed_duplicate,125060,125218;125352;125167;125338;125230;125193,,,auto: merge CoreMap village duplicates; survivor = nearest to MIMU (33.0 m),2026-09-21T10:42:55.297Z
village:157825:row6380:village_point_Ayeyarwady_v96.zip_mmr_ady_pplp2_250k_mimu.shp,village:157825:row6380:village_point_Ayeyarwady_v96.zip_mmr_ady_pplp2_250k_mimu.shp,merge_confirmed_duplicate,125009,125293;125001;125226,,,auto: merge CoreMap village duplicates; survivor = nearest to MIMU (104.6 m),2026-09-21T10:42:55.297Z
village:157830:row6385:village_point_Ayeyarwady_v96.zip_mmr_ady_pplp2_250k_mimu.shp,village:157830:row6385:village_point_Ayeyarwady_v96.zip_mmr_ady_pplp2_250k_mimu.shp,merge_confirmed_duplicate,125051,119367;125382;125349;125408,,,auto: merge CoreMap village duplicates; survivor = nearest to MIMU (22.8 m),2026-09-21T10:42:55.297Z
village:157836:row6389:village_point_Ayeyarwady_v96.zip_mmr_ady_pplp2_250k_mimu.shp,village:157836:row6389:village_point_Ayeyarwady_v96.zip_mmr_ady_pplp2_250k_mimu.shp,merge_confirmed_duplicate,125218,125352;125060;125167;125338;125230;125193,,,auto: merge CoreMap village duplicates; survivor = nearest to MIMU (120.4 m),2026-09-21T10:42:55.297Z
village:157880:row6395:village_point_Ayeyarwady_v96.zip_mmr_ady_pplp2_250k_mimu.shp,village:157880:row6395:village_point_Ayeyarwady_v96.zip_mmr_ady_pplp2_250k_mimu.shp,merge_confirmed_duplicate,125432,125112,,,auto: merge CoreMap village duplicates; survivor = nearest to MIMU (66.3 m),2026-09-21T10:42:55.297Z
village:220956:row6412:village_point_Ayeyarwady_v96.zip_mmr_ady_pplp2_250k_mimu.shp,village:220956:row6412:village_point_Ayeyarwady_v96.zip_mmr_ady_pplp2_250k_mimu.shp,merge_confirmed_duplicate,124915,124999,,,auto: merge CoreMap village duplicates; survivor = nearest to MIMU (35876.7 m),2026-09-21T10:42:55.297Z
village:158080:row6414:village_point_Ayeyarwady_v96.zip_mmr_ady_pplp2_250k_mimu.shp,village:158080:row6414:village_point_Ayeyarwady_v96.zip_mmr_ady_pplp2_250k_mimu.shp,merge_confirmed_duplicate,125132,125327;125342;124974;125387;125065,,,auto: merge CoreMap village duplicates; survivor = nearest to MIMU (103.2 m),2026-09-21T10:42:55.297Z
village:220957:row6417:village_point_Ayeyarwady_v96.zip_mmr_ady_pplp2_250k_mimu.shp,village:220957:row6417:village_point_Ayeyarwady_v96.zip_mmr_ady_pplp2_250k_mimu.shp,merge_confirmed_duplicate,124985,125050,,,auto: merge CoreMap village duplicates; survivor = nearest to MIMU (23988.4 m),2026-09-21T10:42:55.297Z
village:158081:row6418:village_point_Ayeyarwady_v96.zip_mmr_ady_pplp2_250k_mimu.shp,village:158081:row6418:village_point_Ayeyarwady_v96.zip_mmr_ady_pplp2_250k_mimu.shp,merge_confirmed_duplicate,125277,125368,,,auto: merge CoreMap village duplicates; survivor = nearest to MIMU (438.9 m),2026-09-21T10:42:55.297Z
village:164295:row6421:village_point_Ayeyarwady_v96.zip_mmr_ady_pplp2_250k_mimu.shp,village:164295:row6421:village_point_Ayeyarwady_v96.zip_mmr_ady_pplp2_250k_mimu.shp,merge_confirmed_duplicate,125226,125001;125009;125293,,,auto: merge CoreMap village duplicates; survivor = nearest to MIMU (1930.6 m),2026-09-21T10:42:55.297Z
village:158373:row6426:village_point_Ayeyarwady_v96.zip_mmr_ady_pplp2_250k_mimu.shp,village:158373:row6426:village_point_Ayeyarwady_v96.zip_mmr_ady_pplp2_250k_mimu.shp,merge_confirmed_duplicate,125026,125093;125083;125278,,,auto: merge CoreMap village duplicates; survivor = nearest to MIMU (191.0 m),2026-09-21T10:42:55.297Z
village:158380:row6433:village_point_Ayeyarwady_v96.zip_mmr_ady_pplp2_250k_mimu.shp,village:158380:row6433:village_point_Ayeyarwady_v96.zip_mmr_ady_pplp2_250k_mimu.shp,merge_confirmed_duplicate,125093,125026;125083;125278,,,auto: merge CoreMap village duplicates; survivor = nearest to MIMU (364.5 m),2026-09-21T10:42:55.297Z
village:159374:row6450:village_point_Ayeyarwady_v96.zip_mmr_ady_pplp2_250k_mimu.shp,village:159374:row6450:village_point_Ayeyarwady_v96.zip_mmr_ady_pplp2_250k_mimu.shp,merge_confirmed_duplicate,124951,125406;125309,,,auto: merge CoreMap village duplicates; survivor = nearest to MIMU (2269.9 m),2026-09-21T10:42:55.297Z
village:159503:row6457:village_point_Ayeyarwady_v96.zip_mmr_ady_pplp2_250k_mimu.shp,village:159503:row6457:village_point_Ayeyarwady_v96.zip_mmr_ady_pplp2_250k_mimu.shp,merge_confirmed_duplicate,125161,125359,,,auto: merge CoreMap village duplicates; survivor = nearest to MIMU (684.2 m),2026-09-21T10:42:55.297Z
village:160020:row6467:village_point_Ayeyarwady_v96.zip_mmr_ady_pplp2_250k_mimu.shp,village:160020:row6467:village_point_Ayeyarwady_v96.zip_mmr_ady_pplp2_250k_mimu.shp,merge_confirmed_duplicate,125321,124952,,,auto: merge CoreMap village duplicates; survivor = nearest to MIMU (927.4 m),2026-09-21T10:42:55.297Z
village:160045:row6469:village_point_Ayeyarwady_v96.zip_mmr_ady_pplp2_250k_mimu.shp,village:160045:row6469:village_point_Ayeyarwady_v96.zip_mmr_ady_pplp2_250k_mimu.shp,merge_confirmed_duplicate,125219,125395,,,auto: merge CoreMap village duplicates; survivor = nearest to MIMU (186.3 m),2026-09-21T10:42:55.297Z
village:161151:row6511:village_point_Ayeyarwady_v96.zip_mmr_ady_pplp2_250k_mimu.shp,village:161151:row6511:village_point_Ayeyarwady_v96.zip_mmr_ady_pplp2_250k_mimu.shp,merge_confirmed_duplicate,125236,125383;125189;125135;124896;125420,,,auto: merge CoreMap village duplicates; survivor = nearest to MIMU (0.0 m),2026-09-21T10:42:55.297Z
village:161425:row6521:village_point_Ayeyarwady_v96.zip_mmr_ady_pplp2_250k_mimu.shp,village:161425:row6521:village_point_Ayeyarwady_v96.zip_mmr_ady_pplp2_250k_mimu.shp,merge_confirmed_duplicate,124952,125321,,,auto: merge CoreMap village duplicates; survivor = nearest to MIMU (0.0 m),2026-09-21T10:42:55.297Z
village:161698:row6530:village_point_Ayeyarwady_v96.zip_mmr_ady_pplp2_250k_mimu.shp,village:161698:row6530:village_point_Ayeyarwady_v96.zip_mmr_ady_pplp2_250k_mimu.shp,merge_confirmed_duplicate,125304,125115,,,auto: merge CoreMap village duplicates; survivor = nearest to MIMU (2135.5 m),2026-09-21T10:42:55.297Z
village:162719:row6539:village_point_Ayeyarwady_v96.zip_mmr_ady_pplp2_250k_mimu.shp,village:162719:row6539:village_point_Ayeyarwady_v96.zip_mmr_ady_pplp2_250k_mimu.shp,merge_confirmed_duplicate,125221,125428,,,auto: merge CoreMap village duplicates; survivor = nearest to MIMU (193.8 m),2026-09-21T10:42:55.297Z
village:162734:row6542:village_point_Ayeyarwady_v96.zip_mmr_ady_pplp2_250k_mimu.shp,village:162734:row6542:village_point_Ayeyarwady_v96.zip_mmr_ady_pplp2_250k_mimu.shp,merge_confirmed_duplicate,125418,124993,,,auto: merge CoreMap village duplicates; survivor = nearest to MIMU (114.6 m),2026-09-21T10:42:55.297Z
village:163068:row6561:village_point_Ayeyarwady_v96.zip_mmr_ady_pplp2_250k_mimu.shp,village:163068:row6561:village_point_Ayeyarwady_v96.zip_mmr_ady_pplp2_250k_mimu.shp,merge_confirmed_duplicate,125071,125434;125220;125315,,,auto: merge CoreMap village duplicates; survivor = nearest to MIMU (164.0 m),2026-09-21T10:42:55.297Z
village:163064:row6562:village_point_Ayeyarwady_v96.zip_mmr_ady_pplp2_250k_mimu.shp,village:163064:row6562:village_point_Ayeyarwady_v96.zip_mmr_ady_pplp2_250k_mimu.shp,merge_confirmed_duplicate,124968,125095;125198,,,auto: merge CoreMap village duplicates; survivor = nearest to MIMU (12929.9 m),2026-09-21T10:42:55.297Z
village:163336:row6565:village_point_Ayeyarwady_v96.zip_mmr_ady_pplp2_250k_mimu.shp,village:163336:row6565:village_point_Ayeyarwady_v96.zip_mmr_ady_pplp2_250k_mimu.shp,merge_confirmed_duplicate,125383,125236;125189;125135;124896;125420,,,auto: merge CoreMap village duplicates; survivor = nearest to MIMU (221.0 m),2026-09-21T10:42:55.297Z
village:150265:row6593:village_point_Ayeyarwady_v96.zip_mmr_ady_pplp2_250k_mimu.shp,village:150265:row6593:village_point_Ayeyarwady_v96.zip_mmr_ady_pplp2_250k_mimu.shp,merge_confirmed_duplicate,125490,125733,,,auto: merge CoreMap village duplicates; survivor = nearest to MIMU (71.5 m),2026-09-21T10:42:55.297Z
village:150268:row6594:village_point_Ayeyarwady_v96.zip_mmr_ady_pplp2_250k_mimu.shp,village:150268:row6594:village_point_Ayeyarwady_v96.zip_mmr_ady_pplp2_250k_mimu.shp,merge_confirmed_duplicate,125535,125778;125637,,,auto: merge CoreMap village duplicates; survivor = nearest to MIMU (60.3 m),2026-09-21T10:42:55.297Z
village:150266:row6600:village_point_Ayeyarwady_v96.zip_mmr_ady_pplp2_250k_mimu.shp,village:150266:row6600:village_point_Ayeyarwady_v96.zip_mmr_ady_pplp2_250k_mimu.shp,merge_confirmed_duplicate,125808,125468,,,auto: merge CoreMap village duplicates; survivor = nearest to MIMU (29.0 m),2026-09-21T10:42:55.297Z
village:152675:row6645:village_point_Ayeyarwady_v96.zip_mmr_ady_pplp2_250k_mimu.shp,village:152675:row6645:village_point_Ayeyarwady_v96.zip_mmr_ady_pplp2_250k_mimu.shp,merge_confirmed_duplicate,125684,125834;125722;125574,,,auto: merge CoreMap village duplicates; survivor = nearest to MIMU (153.3 m),2026-09-21T10:42:55.297Z
village:152683:row6647:village_point_Ayeyarwady_v96.zip_mmr_ady_pplp2_250k_mimu.shp,village:152683:row6647:village_point_Ayeyarwady_v96.zip_mmr_ady_pplp2_250k_mimu.shp,merge_confirmed_duplicate,125775,125480,,,auto: merge CoreMap village duplicates; survivor = nearest to MIMU (20.3 m),2026-09-21T10:42:55.297Z
village:152892:row6663:village_point_Ayeyarwady_v96.zip_mmr_ady_pplp2_250k_mimu.shp,village:152892:row6663:village_point_Ayeyarwady_v96.zip_mmr_ady_pplp2_250k_mimu.shp,merge_confirmed_duplicate,125579,125578;125882;125623,,,auto: merge CoreMap village duplicates; survivor = nearest to MIMU (19.1 m),2026-09-21T10:42:55.297Z
village:153471:row6677:village_point_Ayeyarwady_v96.zip_mmr_ady_pplp2_250k_mimu.shp,village:153471:row6677:village_point_Ayeyarwady_v96.zip_mmr_ady_pplp2_250k_mimu.shp,merge_confirmed_duplicate,125755,125857,,,auto: merge CoreMap village duplicates; survivor = nearest to MIMU (0.0 m),2026-09-21T10:42:55.297Z
village:153556:row6688:village_point_Ayeyarwady_v96.zip_mmr_ady_pplp2_250k_mimu.shp,village:153556:row6688:village_point_Ayeyarwady_v96.zip_mmr_ady_pplp2_250k_mimu.shp,merge_confirmed_duplicate,125835,125670;125482;125542;125886;125474;125728;125631,,,auto: merge CoreMap village duplicates; survivor = nearest to MIMU (38.5 m),2026-09-21T10:42:55.297Z
village:153558:row6690:village_point_Ayeyarwady_v96.zip_mmr_ady_pplp2_250k_mimu.shp,village:153558:row6690:village_point_Ayeyarwady_v96.zip_mmr_ady_pplp2_250k_mimu.shp,merge_confirmed_duplicate,125774,125615,,,auto: merge CoreMap village duplicates; survivor = nearest to MIMU (19198.8 m),2026-09-21T10:42:55.297Z
village:153555:row6691:village_point_Ayeyarwady_v96.zip_mmr_ady_pplp2_250k_mimu.shp,village:153555:row6691:village_point_Ayeyarwady_v96.zip_mmr_ady_pplp2_250k_mimu.shp,merge_confirmed_duplicate,125511,121588,,,auto: merge CoreMap village duplicates; survivor = nearest to MIMU (4.5 m),2026-09-21T10:42:55.297Z
village:154041:row6706:village_point_Ayeyarwady_v96.zip_mmr_ady_pplp2_250k_mimu.shp,village:154041:row6706:village_point_Ayeyarwady_v96.zip_mmr_ady_pplp2_250k_mimu.shp,merge_confirmed_duplicate,125730,125687;125678,,,auto: merge CoreMap village duplicates; survivor = nearest to MIMU (29.5 m),2026-09-21T10:42:55.297Z
village:154858:row6717:village_point_Ayeyarwady_v96.zip_mmr_ady_pplp2_250k_mimu.shp,village:154858:row6717:village_point_Ayeyarwady_v96.zip_mmr_ady_pplp2_250k_mimu.shp,merge_confirmed_duplicate,122865,125495,,,auto: merge CoreMap village duplicates; survivor = nearest to MIMU (340.7 m),2026-09-21T10:42:55.297Z
village:154861:row6723:village_point_Ayeyarwady_v96.zip_mmr_ady_pplp2_250k_mimu.shp,village:154861:row6723:village_point_Ayeyarwady_v96.zip_mmr_ady_pplp2_250k_mimu.shp,merge_confirmed_duplicate,125768,122725,,,auto: merge CoreMap village duplicates; survivor = nearest to MIMU (30.8 m),2026-09-21T10:42:55.297Z
village:155573:row6725:village_point_Ayeyarwady_v96.zip_mmr_ady_pplp2_250k_mimu.shp,village:155573:row6725:village_point_Ayeyarwady_v96.zip_mmr_ady_pplp2_250k_mimu.shp,merge_confirmed_duplicate,125857,125755,,,auto: merge CoreMap village duplicates; survivor = nearest to MIMU (0.0 m),2026-09-21T10:42:55.297Z
village:155575:row6731:village_point_Ayeyarwady_v96.zip_mmr_ady_pplp2_250k_mimu.shp,village:155575:row6731:village_point_Ayeyarwady_v96.zip_mmr_ady_pplp2_250k_mimu.shp,merge_confirmed_duplicate,125670,125835;125482;125542;125886;125474;125728;125631,,,auto: merge CoreMap village duplicates; survivor = nearest to MIMU (30.7 m),2026-09-21T10:42:55.297Z
village:156445:row6748:village_point_Ayeyarwady_v96.zip_mmr_ady_pplp2_250k_mimu.shp,village:156445:row6748:village_point_Ayeyarwady_v96.zip_mmr_ady_pplp2_250k_mimu.shp,merge_confirmed_duplicate,125519,125569,,,auto: merge CoreMap village duplicates; survivor = nearest to MIMU (113.9 m),2026-09-21T10:42:55.297Z
village:156514:row6755:village_point_Ayeyarwady_v96.zip_mmr_ady_pplp2_250k_mimu.shp,village:156514:row6755:village_point_Ayeyarwady_v96.zip_mmr_ady_pplp2_250k_mimu.shp,merge_confirmed_duplicate,125834,125684;125722;125574,,,auto: merge CoreMap village duplicates; survivor = nearest to MIMU (0.0 m),2026-09-21T10:42:55.297Z
village:156890:row6767:village_point_Ayeyarwady_v96.zip_mmr_ady_pplp2_250k_mimu.shp,village:156890:row6767:village_point_Ayeyarwady_v96.zip_mmr_ady_pplp2_250k_mimu.shp,merge_confirmed_duplicate,125457,125804;125564,,,auto: merge CoreMap village duplicates; survivor = nearest to MIMU (6.6 m),2026-09-21T10:42:55.297Z
village:218631:row6790:village_point_Ayeyarwady_v96.zip_mmr_ady_pplp2_250k_mimu.shp,village:218631:row6790:village_point_Ayeyarwady_v96.zip_mmr_ady_pplp2_250k_mimu.shp,merge_confirmed_duplicate,125766,125712;125797,,,auto: merge CoreMap village duplicates; survivor = nearest to MIMU (53.7 m),2026-09-21T10:42:55.297Z
village:158194:row6801:village_point_Ayeyarwady_v96.zip_mmr_ady_pplp2_250k_mimu.shp,village:158194:row6801:village_point_Ayeyarwady_v96.zip_mmr_ady_pplp2_250k_mimu.shp,merge_confirmed_duplicate,125804,125457;125564,,,auto: merge CoreMap village duplicates; survivor = nearest to MIMU (21.3 m),2026-09-21T10:42:55.297Z
village:158273:row6806:village_point_Ayeyarwady_v96.zip_mmr_ady_pplp2_250k_mimu.shp,village:158273:row6806:village_point_Ayeyarwady_v96.zip_mmr_ady_pplp2_250k_mimu.shp,merge_confirmed_duplicate,125569,125519,,,auto: merge CoreMap village duplicates; survivor = nearest to MIMU (71.4 m),2026-09-21T10:42:55.297Z
village:158496:row6816:village_point_Ayeyarwady_v96.zip_mmr_ady_pplp2_250k_mimu.shp,village:158496:row6816:village_point_Ayeyarwady_v96.zip_mmr_ady_pplp2_250k_mimu.shp,merge_confirmed_duplicate,125562,125570,,,auto: merge CoreMap village duplicates; survivor = nearest to MIMU (48.2 m),2026-09-21T10:42:55.297Z
village:158647:row6827:village_point_Ayeyarwady_v96.zip_mmr_ady_pplp2_250k_mimu.shp,village:158647:row6827:village_point_Ayeyarwady_v96.zip_mmr_ady_pplp2_250k_mimu.shp,merge_confirmed_duplicate,125599,125842,,,auto: merge CoreMap village duplicates; survivor = nearest to MIMU (44.2 m),2026-09-21T10:42:55.297Z
village:160031:row6874:village_point_Ayeyarwady_v96.zip_mmr_ady_pplp2_250k_mimu.shp,village:160031:row6874:village_point_Ayeyarwady_v96.zip_mmr_ady_pplp2_250k_mimu.shp,merge_confirmed_duplicate,125856,125552,,,auto: merge CoreMap village duplicates; survivor = nearest to MIMU (32.9 m),2026-09-21T10:42:55.297Z
village:160040:row6885:village_point_Ayeyarwady_v96.zip_mmr_ady_pplp2_250k_mimu.shp,village:160040:row6885:village_point_Ayeyarwady_v96.zip_mmr_ady_pplp2_250k_mimu.shp,merge_confirmed_duplicate,125480,125775,,,auto: merge CoreMap village duplicates; survivor = nearest to MIMU (160.4 m),2026-09-21T10:42:55.297Z
village:160253:row6887:village_point_Ayeyarwady_v96.zip_mmr_ady_pplp2_250k_mimu.shp,village:160253:row6887:village_point_Ayeyarwady_v96.zip_mmr_ady_pplp2_250k_mimu.shp,merge_confirmed_duplicate,125570,125562,,,auto: merge CoreMap village duplicates; survivor = nearest to MIMU (49.3 m),2026-09-21T10:42:55.297Z
village:160382:row6892:village_point_Ayeyarwady_v96.zip_mmr_ady_pplp2_250k_mimu.shp,village:160382:row6892:village_point_Ayeyarwady_v96.zip_mmr_ady_pplp2_250k_mimu.shp,merge_confirmed_duplicate,125842,125599,,,auto: merge CoreMap village duplicates; survivor = nearest to MIMU (56.9 m),2026-09-21T10:42:55.297Z
village:160376:row6896:village_point_Ayeyarwady_v96.zip_mmr_ady_pplp2_250k_mimu.shp,village:160376:row6896:village_point_Ayeyarwady_v96.zip_mmr_ady_pplp2_250k_mimu.shp,merge_confirmed_duplicate,125563,125741,,,auto: merge CoreMap village duplicates; survivor = nearest to MIMU (46.3 m),2026-09-21T10:42:55.297Z
village:160620:row6906:village_point_Ayeyarwady_v96.zip_mmr_ady_pplp2_250k_mimu.shp,village:160620:row6906:village_point_Ayeyarwady_v96.zip_mmr_ady_pplp2_250k_mimu.shp,merge_confirmed_duplicate,125742,125484,,,auto: merge CoreMap village duplicates; survivor = nearest to MIMU (84.2 m),2026-09-21T10:42:55.297Z
village:161119:row6912:village_point_Ayeyarwady_v96.zip_mmr_ady_pplp2_250k_mimu.shp,village:161119:row6912:village_point_Ayeyarwady_v96.zip_mmr_ady_pplp2_250k_mimu.shp,merge_confirmed_duplicate,125552,125856,,,auto: merge CoreMap village duplicates; survivor = nearest to MIMU (196.8 m),2026-09-21T10:42:55.297Z
village:161738:row6946:village_point_Ayeyarwady_v96.zip_mmr_ady_pplp2_250k_mimu.shp,village:161738:row6946:village_point_Ayeyarwady_v96.zip_mmr_ady_pplp2_250k_mimu.shp,merge_confirmed_duplicate,125712,125766;125797,,,auto: merge CoreMap village duplicates; survivor = nearest to MIMU (77.0 m),2026-09-21T10:42:55.297Z
village:161958:row6973:village_point_Ayeyarwady_v96.zip_mmr_ady_pplp2_250k_mimu.shp,village:161958:row6973:village_point_Ayeyarwady_v96.zip_mmr_ady_pplp2_250k_mimu.shp,merge_confirmed_duplicate,125741,125563,,,auto: merge CoreMap village duplicates; survivor = nearest to MIMU (198.2 m),2026-09-21T10:42:55.297Z
village:162299:row6984:village_point_Ayeyarwady_v96.zip_mmr_ady_pplp2_250k_mimu.shp,village:162299:row6984:village_point_Ayeyarwady_v96.zip_mmr_ady_pplp2_250k_mimu.shp,merge_confirmed_duplicate,125733,125490,,,auto: merge CoreMap village duplicates; survivor = nearest to MIMU (55.6 m),2026-09-21T10:42:55.297Z
village:162296:row6985:village_point_Ayeyarwady_v96.zip_mmr_ady_pplp2_250k_mimu.shp,village:162296:row6985:village_point_Ayeyarwady_v96.zip_mmr_ady_pplp2_250k_mimu.shp,merge_confirmed_duplicate,125535,125778;125637,,,auto: merge CoreMap village duplicates; survivor = nearest to MIMU (72.1 m),2026-09-21T10:42:55.297Z
village:162436:row7009:village_point_Ayeyarwady_v96.zip_mmr_ady_pplp2_250k_mimu.shp,village:162436:row7009:village_point_Ayeyarwady_v96.zip_mmr_ady_pplp2_250k_mimu.shp,merge_confirmed_duplicate,125484,125742,,,auto: merge CoreMap village duplicates; survivor = nearest to MIMU (108.0 m),2026-09-21T10:42:55.297Z
village:163570:row7035:village_point_Ayeyarwady_v96.zip_mmr_ady_pplp2_250k_mimu.shp,village:163570:row7035:village_point_Ayeyarwady_v96.zip_mmr_ady_pplp2_250k_mimu.shp,merge_confirmed_duplicate,125468,125808,,,auto: merge CoreMap village duplicates; survivor = nearest to MIMU (215.7 m),2026-09-21T10:42:55.297Z
village:164014:row7050:village_point_Ayeyarwady_v96.zip_mmr_ady_pplp2_250k_mimu.shp,village:164014:row7050:village_point_Ayeyarwady_v96.zip_mmr_ady_pplp2_250k_mimu.shp,merge_confirmed_duplicate,125687,125730;125678,,,auto: merge CoreMap village duplicates; survivor = nearest to MIMU (61.3 m),2026-09-21T10:42:55.297Z
village:150325:row7059:village_point_Ayeyarwady_v96.zip_mmr_ady_pplp2_250k_mimu.shp,village:150325:row7059:village_point_Ayeyarwady_v96.zip_mmr_ady_pplp2_250k_mimu.shp,merge_confirmed_duplicate,126247,126168;126256;126078;126144,,,auto: merge CoreMap village duplicates; survivor = nearest to MIMU (28.8 m),2026-09-21T10:42:55.297Z
village:151418:row7106:village_point_Ayeyarwady_v96.zip_mmr_ady_pplp2_250k_mimu.shp,village:151418:row7106:village_point_Ayeyarwady_v96.zip_mmr_ady_pplp2_250k_mimu.shp,merge_confirmed_duplicate,126184,125939;125964;126139,,,auto: merge CoreMap village duplicates; survivor = nearest to MIMU (114.5 m),2026-09-21T10:42:55.297Z
village:151417:row7108:village_point_Ayeyarwady_v96.zip_mmr_ady_pplp2_250k_mimu.shp,village:151417:row7108:village_point_Ayeyarwady_v96.zip_mmr_ady_pplp2_250k_mimu.shp,merge_confirmed_duplicate,126275,126101;126084;126175,,,auto: merge CoreMap village duplicates; survivor = nearest to MIMU (315.7 m),2026-09-21T10:42:55.297Z
village:217419:row7114:village_point_Ayeyarwady_v96.zip_mmr_ady_pplp2_250k_mimu.shp,village:217419:row7114:village_point_Ayeyarwady_v96.zip_mmr_ady_pplp2_250k_mimu.shp,merge_confirmed_duplicate,125979,125911,,,auto: merge CoreMap village duplicates; survivor = nearest to MIMU (9654.3 m),2026-09-21T10:42:55.297Z
village:152258:row7120:village_point_Ayeyarwady_v96.zip_mmr_ady_pplp2_250k_mimu.shp,village:152258:row7120:village_point_Ayeyarwady_v96.zip_mmr_ady_pplp2_250k_mimu.shp,merge_confirmed_duplicate,126240,125951,,,auto: merge CoreMap village duplicates; survivor = nearest to MIMU (2413.5 m),2026-09-21T10:42:55.297Z
village:152259:row7122:village_point_Ayeyarwady_v96.zip_mmr_ady_pplp2_250k_mimu.shp,village:152259:row7122:village_point_Ayeyarwady_v96.zip_mmr_ady_pplp2_250k_mimu.shp,merge_confirmed_duplicate,126157,125937;126061,,,auto: merge CoreMap village duplicates; survivor = nearest to MIMU (918.3 m),2026-09-21T10:42:55.297Z
village:152291:row7133:village_point_Ayeyarwady_v96.zip_mmr_ady_pplp2_250k_mimu.shp,village:152291:row7133:village_point_Ayeyarwady_v96.zip_mmr_ady_pplp2_250k_mimu.shp,merge_confirmed_duplicate,125909,125914,,,auto: merge CoreMap village duplicates; survivor = nearest to MIMU (22.5 m),2026-09-21T10:42:55.297Z
village:153190:row7154:village_point_Ayeyarwady_v96.zip_mmr_ady_pplp2_250k_mimu.shp,village:153190:row7154:village_point_Ayeyarwady_v96.zip_mmr_ady_pplp2_250k_mimu.shp,merge_confirmed_duplicate,126076,126297;126025;126126;126016;126130,,,auto: merge CoreMap village duplicates; survivor = nearest to MIMU (9187.8 m),2026-09-21T10:42:55.297Z
village:153349:row7168:village_point_Ayeyarwady_v96.zip_mmr_ady_pplp2_250k_mimu.shp,village:153349:row7168:village_point_Ayeyarwady_v96.zip_mmr_ady_pplp2_250k_mimu.shp,merge_confirmed_duplicate,126015,126307,,,auto: merge CoreMap village duplicates; survivor = nearest to MIMU (94.4 m),2026-09-21T10:42:55.297Z
village:153821:row7198:village_point_Ayeyarwady_v96.zip_mmr_ady_pplp2_250k_mimu.shp,village:153821:row7198:village_point_Ayeyarwady_v96.zip_mmr_ady_pplp2_250k_mimu.shp,merge_confirmed_duplicate,126032,125908;126253,,,auto: merge CoreMap village duplicates; survivor = nearest to MIMU (1826.3 m),2026-09-21T10:42:55.297Z
village:153832:row7203:village_point_Ayeyarwady_v96.zip_mmr_ady_pplp2_250k_mimu.shp,village:153832:row7203:village_point_Ayeyarwady_v96.zip_mmr_ady_pplp2_250k_mimu.shp,merge_confirmed_duplicate,126245,125983,,,auto: merge CoreMap village duplicates; survivor = nearest to MIMU (78.8 m),2026-09-21T10:42:55.297Z
village:153911:row7215:village_point_Ayeyarwady_v96.zip_mmr_ady_pplp2_250k_mimu.shp,village:153911:row7215:village_point_Ayeyarwady_v96.zip_mmr_ady_pplp2_250k_mimu.shp,merge_confirmed_duplicate,125957,126012,,,auto: merge CoreMap village duplicates; survivor = nearest to MIMU (1762.7 m),2026-09-21T10:42:55.297Z
village:154556:row7243:village_point_Ayeyarwady_v96.zip_mmr_ady_pplp2_250k_mimu.shp,village:154556:row7243:village_point_Ayeyarwady_v96.zip_mmr_ady_pplp2_250k_mimu.shp,merge_confirmed_duplicate,126307,126015,,,auto: merge CoreMap village duplicates; survivor = nearest to MIMU (61.1 m),2026-09-21T10:42:55.297Z
village:154766:row7255:village_point_Ayeyarwady_v96.zip_mmr_ady_pplp2_250k_mimu.shp,village:154766:row7255:village_point_Ayeyarwady_v96.zip_mmr_ady_pplp2_250k_mimu.shp,merge_confirmed_duplicate,125937,126157;126061,,,auto: merge CoreMap village duplicates; survivor = nearest to MIMU (42.6 m),2026-09-21T10:42:55.297Z
village:156049:row7288:village_point_Ayeyarwady_v96.zip_mmr_ady_pplp2_250k_mimu.shp,village:156049:row7288:village_point_Ayeyarwady_v96.zip_mmr_ady_pplp2_250k_mimu.shp,merge_confirmed_duplicate,125914,125909,,,auto: merge CoreMap village duplicates; survivor = nearest to MIMU (76.5 m),2026-09-21T10:42:55.297Z
village:156203:row7295:village_point_Ayeyarwady_v96.zip_mmr_ady_pplp2_250k_mimu.shp,village:156203:row7295:village_point_Ayeyarwady_v96.zip_mmr_ady_pplp2_250k_mimu.shp,merge_confirmed_duplicate,126046,126019,,,auto: merge CoreMap village duplicates; survivor = nearest to MIMU (60.1 m),2026-09-21T10:42:55.297Z
village:156957:row7318:village_point_Ayeyarwady_v96.zip_mmr_ady_pplp2_250k_mimu.shp,village:156957:row7318:village_point_Ayeyarwady_v96.zip_mmr_ady_pplp2_250k_mimu.shp,merge_confirmed_duplicate,126184,125939;125964;126139,,,auto: merge CoreMap village duplicates; survivor = nearest to MIMU (852.2 m),2026-09-21T10:42:55.297Z
village:156956:row7320:village_point_Ayeyarwady_v96.zip_mmr_ady_pplp2_250k_mimu.shp,village:156956:row7320:village_point_Ayeyarwady_v96.zip_mmr_ady_pplp2_250k_mimu.shp,merge_confirmed_duplicate,126275,126101;126084;126175,,,auto: merge CoreMap village duplicates; survivor = nearest to MIMU (47.9 m),2026-09-21T10:42:55.297Z
village:217448:row7322:village_point_Ayeyarwady_v96.zip_mmr_ady_pplp2_250k_mimu.shp,village:217448:row7322:village_point_Ayeyarwady_v96.zip_mmr_ady_pplp2_250k_mimu.shp,merge_confirmed_duplicate,126019,126046,,,auto: merge CoreMap village duplicates; survivor = nearest to MIMU (43.5 m),2026-09-21T10:42:55.297Z
village:157008:row7335:village_point_Ayeyarwady_v96.zip_mmr_ady_pplp2_250k_mimu.shp,village:157008:row7335:village_point_Ayeyarwady_v96.zip_mmr_ady_pplp2_250k_mimu.shp,merge_confirmed_duplicate,126025,126076;126126;126297;126016;126130,,,auto: merge CoreMap village duplicates; survivor = nearest to MIMU (5359.0 m),2026-09-21T10:42:55.297Z
village:157045:row7337:village_point_Ayeyarwady_v96.zip_mmr_ady_pplp2_250k_mimu.shp,village:157045:row7337:village_point_Ayeyarwady_v96.zip_mmr_ady_pplp2_250k_mimu.shp,merge_confirmed_duplicate,125930,126060;126251;125906,,,auto: merge CoreMap village duplicates; survivor = nearest to MIMU (6752.2 m),2026-09-21T10:42:55.297Z
village:157544:row7345:village_point_Ayeyarwady_v96.zip_mmr_ady_pplp2_250k_mimu.shp,village:157544:row7345:village_point_Ayeyarwady_v96.zip_mmr_ady_pplp2_250k_mimu.shp,merge_confirmed_duplicate,126106,126290;126090,,,auto: merge CoreMap village duplicates; survivor = nearest to MIMU (28.1 m),2026-09-21T10:42:55.297Z
village:217441:row7348:village_point_Ayeyarwady_v96.zip_mmr_ady_pplp2_250k_mimu.shp,village:217441:row7348:village_point_Ayeyarwady_v96.zip_mmr_ady_pplp2_250k_mimu.shp,merge_confirmed_duplicate,125983,126245,,,auto: merge CoreMap village duplicates; survivor = nearest to MIMU (68.2 m),2026-09-21T10:42:55.297Z
village:158299:row7369:village_point_Ayeyarwady_v96.zip_mmr_ady_pplp2_250k_mimu.shp,village:158299:row7369:village_point_Ayeyarwady_v96.zip_mmr_ady_pplp2_250k_mimu.shp,merge_confirmed_duplicate,126078,126256;126247;126168;126144,,,auto: merge CoreMap village duplicates; survivor = nearest to MIMU (2346.2 m),2026-09-21T10:42:55.297Z
village:158436:row7380:village_point_Ayeyarwady_v96.zip_mmr_ady_pplp2_250k_mimu.shp,village:158436:row7380:village_point_Ayeyarwady_v96.zip_mmr_ady_pplp2_250k_mimu.shp,merge_confirmed_duplicate,126168,126247;126256;126078;126144,,,auto: merge CoreMap village duplicates; survivor = nearest to MIMU (168.2 m),2026-09-21T10:42:55.297Z
village:160688:row7432:village_point_Ayeyarwady_v96.zip_mmr_ady_pplp2_250k_mimu.shp,village:160688:row7432:village_point_Ayeyarwady_v96.zip_mmr_ady_pplp2_250k_mimu.shp,merge_confirmed_duplicate,126157,125937;126061,,,auto: merge CoreMap village duplicates; survivor = nearest to MIMU (12150.6 m),2026-09-21T10:42:55.297Z
village:160685:row7437:village_point_Ayeyarwady_v96.zip_mmr_ady_pplp2_250k_mimu.shp,village:160685:row7437:village_point_Ayeyarwady_v96.zip_mmr_ady_pplp2_250k_mimu.shp,merge_confirmed_duplicate,126117,126051,,,auto: merge CoreMap village duplicates; survivor = nearest to MIMU (19.6 m),2026-09-21T10:42:55.297Z
village:161055:row7443:village_point_Ayeyarwady_v96.zip_mmr_ady_pplp2_250k_mimu.shp,village:161055:row7443:village_point_Ayeyarwady_v96.zip_mmr_ady_pplp2_250k_mimu.shp,merge_confirmed_duplicate,126290,126106;126090,,,auto: merge CoreMap village duplicates; survivor = nearest to MIMU (60.0 m),2026-09-21T10:42:55.297Z
village:161899:row7487:village_point_Ayeyarwady_v96.zip_mmr_ady_pplp2_250k_mimu.shp,village:161899:row7487:village_point_Ayeyarwady_v96.zip_mmr_ady_pplp2_250k_mimu.shp,merge_confirmed_duplicate,126276,126142,,,auto: merge CoreMap village duplicates; survivor = nearest to MIMU (638.8 m),2026-09-21T10:42:55.297Z
village:162878:row7500:village_point_Ayeyarwady_v96.zip_mmr_ady_pplp2_250k_mimu.shp,village:162878:row7500:village_point_Ayeyarwady_v96.zip_mmr_ady_pplp2_250k_mimu.shp,merge_confirmed_duplicate,126241,126311;126252,,,auto: merge CoreMap village duplicates; survivor = nearest to MIMU (1645.8 m),2026-09-21T10:42:55.297Z
village:163779:row7529:village_point_Ayeyarwady_v96.zip_mmr_ady_pplp2_250k_mimu.shp,village:163779:row7529:village_point_Ayeyarwady_v96.zip_mmr_ady_pplp2_250k_mimu.shp,merge_confirmed_duplicate,126051,126117,,,auto: merge CoreMap village duplicates; survivor = nearest to MIMU (84.1 m),2026-09-21T10:42:55.297Z
village:150078:row7535:village_point_Ayeyarwady_v96.zip_mmr_ady_pplp2_250k_mimu.shp,village:150078:row7535:village_point_Ayeyarwady_v96.zip_mmr_ady_pplp2_250k_mimu.shp,merge_confirmed_duplicate,126436,126437;126595,,,auto: merge CoreMap village duplicates; survivor = nearest to MIMU (350.3 m),2026-09-21T10:42:55.297Z
village:151189:row7561:village_point_Ayeyarwady_v96.zip_mmr_ady_pplp2_250k_mimu.shp,village:151189:row7561:village_point_Ayeyarwady_v96.zip_mmr_ady_pplp2_250k_mimu.shp,merge_confirmed_duplicate,126708,167871;126411,,,auto: merge CoreMap village duplicates; survivor = nearest to MIMU (82.7 m),2026-09-21T10:42:55.297Z
village:162562:row7843:village_point_Ayeyarwady_v96.zip_mmr_ady_pplp2_250k_mimu.shp,village:162562:row7843:village_point_Ayeyarwady_v96.zip_mmr_ady_pplp2_250k_mimu.shp,merge_confirmed_duplicate,126462,126508,,,auto: merge CoreMap village duplicates; survivor = nearest to MIMU (2647.6 m),2026-09-21T10:42:55.297Z
village:162707:row7864:village_point_Ayeyarwady_v96.zip_mmr_ady_pplp2_250k_mimu.shp,village:162707:row7864:village_point_Ayeyarwady_v96.zip_mmr_ady_pplp2_250k_mimu.shp,merge_confirmed_duplicate,126437,126436;126595,,,auto: merge CoreMap village duplicates; survivor = nearest to MIMU (58.0 m),2026-09-21T10:42:55.297Z
village:150184:row7905:village_point_Ayeyarwady_v96.zip_mmr_ady_pplp2_250k_mimu.shp,village:150184:row7905:village_point_Ayeyarwady_v96.zip_mmr_ady_pplp2_250k_mimu.shp,merge_confirmed_duplicate,126984,126865,,,auto: merge CoreMap village duplicates; survivor = nearest to MIMU (130.2 m),2026-09-21T10:42:55.297Z
village:150518:row7913:village_point_Ayeyarwady_v96.zip_mmr_ady_pplp2_250k_mimu.shp,village:150518:row7913:village_point_Ayeyarwady_v96.zip_mmr_ady_pplp2_250k_mimu.shp,merge_confirmed_duplicate,126985,126762,,,auto: merge CoreMap village duplicates; survivor = nearest to MIMU (83.9 m),2026-09-21T10:42:55.297Z
village:150520:row7914:village_point_Ayeyarwady_v96.zip_mmr_ady_pplp2_250k_mimu.shp,village:150520:row7914:village_point_Ayeyarwady_v96.zip_mmr_ady_pplp2_250k_mimu.shp,merge_confirmed_duplicate,126929,126891,,,auto: merge CoreMap village duplicates; survivor = nearest to MIMU (18.3 m),2026-09-21T10:42:55.297Z
village:151643:row7926:village_point_Ayeyarwady_v96.zip_mmr_ady_pplp2_250k_mimu.shp,village:151643:row7926:village_point_Ayeyarwady_v96.zip_mmr_ady_pplp2_250k_mimu.shp,merge_confirmed_duplicate,126826,126900,,,auto: merge CoreMap village duplicates; survivor = nearest to MIMU (21283.6 m),2026-09-21T10:42:55.297Z
village:152194:row7942:village_point_Ayeyarwady_v96.zip_mmr_ady_pplp2_250k_mimu.shp,village:152194:row7942:village_point_Ayeyarwady_v96.zip_mmr_ady_pplp2_250k_mimu.shp,merge_confirmed_duplicate,126953,126775,,,auto: merge CoreMap village duplicates; survivor = nearest to MIMU (291.7 m),2026-09-21T10:42:55.297Z
village:152736:row7953:village_point_Ayeyarwady_v96.zip_mmr_ady_pplp2_250k_mimu.shp,village:152736:row7953:village_point_Ayeyarwady_v96.zip_mmr_ady_pplp2_250k_mimu.shp,merge_confirmed_duplicate,126907,126850,,,auto: merge CoreMap village duplicates; survivor = nearest to MIMU (222.8 m),2026-09-21T10:42:55.297Z
village:155407:row7994:village_point_Ayeyarwady_v96.zip_mmr_ady_pplp2_250k_mimu.shp,village:155407:row7994:village_point_Ayeyarwady_v96.zip_mmr_ady_pplp2_250k_mimu.shp,merge_confirmed_duplicate,126944,126982;126816,,,auto: merge CoreMap village duplicates; survivor = nearest to MIMU (77.1 m),2026-09-21T10:42:55.297Z
village:157705:row8034:village_point_Ayeyarwady_v96.zip_mmr_ady_pplp2_250k_mimu.shp,village:157705:row8034:village_point_Ayeyarwady_v96.zip_mmr_ady_pplp2_250k_mimu.shp,merge_confirmed_duplicate,126810,126852,,,auto: merge CoreMap village duplicates; survivor = nearest to MIMU (87.7 m),2026-09-21T10:42:55.297Z
village:157708:row8036:village_point_Ayeyarwady_v96.zip_mmr_ady_pplp2_250k_mimu.shp,village:157708:row8036:village_point_Ayeyarwady_v96.zip_mmr_ady_pplp2_250k_mimu.shp,merge_confirmed_duplicate,126982,126944;126816,,,auto: merge CoreMap village duplicates; survivor = nearest to MIMU (56.3 m),2026-09-21T10:42:55.297Z
village:158409:row8058:village_point_Ayeyarwady_v96.zip_mmr_ady_pplp2_250k_mimu.shp,village:158409:row8058:village_point_Ayeyarwady_v96.zip_mmr_ady_pplp2_250k_mimu.shp,merge_confirmed_duplicate,126775,126953,,,auto: merge CoreMap village duplicates; survivor = nearest to MIMU (69.4 m),2026-09-21T10:42:55.297Z
village:158661:row8063:village_point_Ayeyarwady_v96.zip_mmr_ady_pplp2_250k_mimu.shp,village:158661:row8063:village_point_Ayeyarwady_v96.zip_mmr_ady_pplp2_250k_mimu.shp,merge_confirmed_duplicate,126779,126789,,,auto: merge CoreMap village duplicates; survivor = nearest to MIMU (175.6 m),2026-09-21T10:42:55.297Z
village:158653:row8069:village_point_Ayeyarwady_v96.zip_mmr_ady_pplp2_250k_mimu.shp,village:158653:row8069:village_point_Ayeyarwady_v96.zip_mmr_ady_pplp2_250k_mimu.shp,merge_confirmed_duplicate,127009,127017,,,auto: merge CoreMap village duplicates; survivor = nearest to MIMU (80.1 m),2026-09-21T10:42:55.297Z
village:159257:row8077:village_point_Ayeyarwady_v96.zip_mmr_ady_pplp2_250k_mimu.shp,village:159257:row8077:village_point_Ayeyarwady_v96.zip_mmr_ady_pplp2_250k_mimu.shp,merge_confirmed_duplicate,126850,126907,,,auto: merge CoreMap village duplicates; survivor = nearest to MIMU (0.0 m),2026-09-21T10:42:55.297Z
village:160771:row8107:village_point_Ayeyarwady_v96.zip_mmr_ady_pplp2_250k_mimu.shp,village:160771:row8107:village_point_Ayeyarwady_v96.zip_mmr_ady_pplp2_250k_mimu.shp,merge_confirmed_duplicate,126762,126985,,,auto: merge CoreMap village duplicates; survivor = nearest to MIMU (88.9 m),2026-09-21T10:42:55.297Z
village:160775:row8123:village_point_Ayeyarwady_v96.zip_mmr_ady_pplp2_250k_mimu.shp,village:160775:row8123:village_point_Ayeyarwady_v96.zip_mmr_ady_pplp2_250k_mimu.shp,merge_confirmed_duplicate,126891,126929,,,auto: merge CoreMap village duplicates; survivor = nearest to MIMU (55.6 m),2026-09-21T10:42:55.297Z
village:161711:row8137:village_point_Ayeyarwady_v96.zip_mmr_ady_pplp2_250k_mimu.shp,village:161711:row8137:village_point_Ayeyarwady_v96.zip_mmr_ady_pplp2_250k_mimu.shp,merge_confirmed_duplicate,126958,126876,,,auto: merge CoreMap village duplicates; survivor = nearest to MIMU (112.9 m),2026-09-21T10:42:55.297Z
village:161706:row8142:village_point_Ayeyarwady_v96.zip_mmr_ady_pplp2_250k_mimu.shp,village:161706:row8142:village_point_Ayeyarwady_v96.zip_mmr_ady_pplp2_250k_mimu.shp,merge_confirmed_duplicate,127017,127009,,,auto: merge CoreMap village duplicates; survivor = nearest to MIMU (268.4 m),2026-09-21T10:42:55.297Z
village:161708:row8145:village_point_Ayeyarwady_v96.zip_mmr_ady_pplp2_250k_mimu.shp,village:161708:row8145:village_point_Ayeyarwady_v96.zip_mmr_ady_pplp2_250k_mimu.shp,merge_confirmed_duplicate,126854,126935,,,auto: merge CoreMap village duplicates; survivor = nearest to MIMU (53.9 m),2026-09-21T10:42:55.297Z
village:162067:row8152:village_point_Ayeyarwady_v96.zip_mmr_ady_pplp2_250k_mimu.shp,village:162067:row8152:village_point_Ayeyarwady_v96.zip_mmr_ady_pplp2_250k_mimu.shp,merge_confirmed_duplicate,126789,126779,,,auto: merge CoreMap village duplicates; survivor = nearest to MIMU (27.6 m),2026-09-21T10:42:55.297Z
village:162869:row8156:village_point_Ayeyarwady_v96.zip_mmr_ady_pplp2_250k_mimu.shp,village:162869:row8156:village_point_Ayeyarwady_v96.zip_mmr_ady_pplp2_250k_mimu.shp,merge_confirmed_duplicate,126852,126810,,,auto: merge CoreMap village duplicates; survivor = nearest to MIMU (216.7 m),2026-09-21T10:42:55.297Z
village:162868:row8157:village_point_Ayeyarwady_v96.zip_mmr_ady_pplp2_250k_mimu.shp,village:162868:row8157:village_point_Ayeyarwady_v96.zip_mmr_ady_pplp2_250k_mimu.shp,merge_confirmed_duplicate,126793,126798,,,auto: merge CoreMap village duplicates; survivor = nearest to MIMU (32.0 m),2026-09-21T10:42:55.297Z
village:163037:row8162:village_point_Ayeyarwady_v96.zip_mmr_ady_pplp2_250k_mimu.shp,village:163037:row8162:village_point_Ayeyarwady_v96.zip_mmr_ady_pplp2_250k_mimu.shp,merge_confirmed_duplicate,126798,126793,,,auto: merge CoreMap village duplicates; survivor = nearest to MIMU (103.1 m),2026-09-21T10:42:55.297Z
village:163831:row8180:village_point_Ayeyarwady_v96.zip_mmr_ady_pplp2_250k_mimu.shp,village:163831:row8180:village_point_Ayeyarwady_v96.zip_mmr_ady_pplp2_250k_mimu.shp,merge_confirmed_duplicate,126984,126865,,,auto: merge CoreMap village duplicates; survivor = nearest to MIMU (13.2 m),2026-09-21T10:42:55.297Z
village:163827:row8185:village_point_Ayeyarwady_v96.zip_mmr_ady_pplp2_250k_mimu.shp,village:163827:row8185:village_point_Ayeyarwady_v96.zip_mmr_ady_pplp2_250k_mimu.shp,merge_confirmed_duplicate,126876,126958,,,auto: merge CoreMap village duplicates; survivor = nearest to MIMU (114.5 m),2026-09-21T10:42:55.297Z
village:163835:row8189:village_point_Ayeyarwady_v96.zip_mmr_ady_pplp2_250k_mimu.shp,village:163835:row8189:village_point_Ayeyarwady_v96.zip_mmr_ady_pplp2_250k_mimu.shp,merge_confirmed_duplicate,126935,126854,,,auto: merge CoreMap village duplicates; survivor = nearest to MIMU (71.5 m),2026-09-21T10:42:55.297Z
village:152277:row8234:village_point_Ayeyarwady_v96.zip_mmr_ady_pplp2_250k_mimu.shp,village:152277:row8234:village_point_Ayeyarwady_v96.zip_mmr_ady_pplp2_250k_mimu.shp,merge_confirmed_duplicate,127401,127150;127212,,,auto: merge CoreMap village duplicates; survivor = nearest to MIMU (38.1 m),2026-09-21T10:42:55.297Z
village:152750:row8238:village_point_Ayeyarwady_v96.zip_mmr_ady_pplp2_250k_mimu.shp,village:152750:row8238:village_point_Ayeyarwady_v96.zip_mmr_ady_pplp2_250k_mimu.shp,merge_confirmed_duplicate,127194,127244,,,auto: merge CoreMap village duplicates; survivor = nearest to MIMU (34.4 m),2026-09-21T10:42:55.297Z
village:154103:row8295:village_point_Ayeyarwady_v96.zip_mmr_ady_pplp2_250k_mimu.shp,village:154103:row8295:village_point_Ayeyarwady_v96.zip_mmr_ady_pplp2_250k_mimu.shp,merge_confirmed_duplicate,127230,127104,,,auto: merge CoreMap village duplicates; survivor = nearest to MIMU (258.3 m),2026-09-21T10:42:55.297Z
village:156876:row8364:village_point_Ayeyarwady_v96.zip_mmr_ady_pplp2_250k_mimu.shp,village:156876:row8364:village_point_Ayeyarwady_v96.zip_mmr_ady_pplp2_250k_mimu.shp,merge_confirmed_duplicate,127272,127273,,,auto: merge CoreMap village duplicates; survivor = nearest to MIMU (28737.4 m),2026-09-21T10:42:55.297Z
village:159967:row8456:village_point_Ayeyarwady_v96.zip_mmr_ady_pplp2_250k_mimu.shp,village:159967:row8456:village_point_Ayeyarwady_v96.zip_mmr_ady_pplp2_250k_mimu.shp,merge_confirmed_duplicate,127202,127109,,,auto: merge CoreMap village duplicates; survivor = nearest to MIMU (140.1 m),2026-09-21T10:42:55.297Z
village:160327:row8462:village_point_Ayeyarwady_v96.zip_mmr_ady_pplp2_250k_mimu.shp,village:160327:row8462:village_point_Ayeyarwady_v96.zip_mmr_ady_pplp2_250k_mimu.shp,merge_confirmed_duplicate,127337,127162,,,auto: merge CoreMap village duplicates; survivor = nearest to MIMU (150.0 m),2026-09-21T10:42:55.297Z
village:160556:row8473:village_point_Ayeyarwady_v96.zip_mmr_ady_pplp2_250k_mimu.shp,village:160556:row8473:village_point_Ayeyarwady_v96.zip_mmr_ady_pplp2_250k_mimu.shp,merge_confirmed_duplicate,127291,127225,,,auto: merge CoreMap village duplicates; survivor = nearest to MIMU (171.5 m),2026-09-21T10:42:55.297Z
village:160555:row8476:village_point_Ayeyarwady_v96.zip_mmr_ady_pplp2_250k_mimu.shp,village:160555:row8476:village_point_Ayeyarwady_v96.zip_mmr_ady_pplp2_250k_mimu.shp,merge_confirmed_duplicate,127189,119823,,,auto: merge CoreMap village duplicates; survivor = nearest to MIMU (88.7 m),2026-09-21T10:42:55.297Z
village:161917:row8504:village_point_Ayeyarwady_v96.zip_mmr_ady_pplp2_250k_mimu.shp,village:161917:row8504:village_point_Ayeyarwady_v96.zip_mmr_ady_pplp2_250k_mimu.shp,merge_confirmed_duplicate,127150,127401;127212,,,auto: merge CoreMap village duplicates; survivor = nearest to MIMU (46.4 m),2026-09-21T10:42:55.297Z
village:162863:row8514:village_point_Ayeyarwady_v96.zip_mmr_ady_pplp2_250k_mimu.shp,village:162863:row8514:village_point_Ayeyarwady_v96.zip_mmr_ady_pplp2_250k_mimu.shp,merge_confirmed_duplicate,127244,127194,,,auto: merge CoreMap village duplicates; survivor = nearest to MIMU (95.2 m),2026-09-21T10:42:55.297Z
village:163310:row8528:village_point_Ayeyarwady_v96.zip_mmr_ady_pplp2_250k_mimu.shp,village:163310:row8528:village_point_Ayeyarwady_v96.zip_mmr_ady_pplp2_250k_mimu.shp,merge_confirmed_duplicate,127162,127337,,,auto: merge CoreMap village duplicates; survivor = nearest to MIMU (137.2 m),2026-09-21T10:42:55.297Z
village:163687:row8540:village_point_Ayeyarwady_v96.zip_mmr_ady_pplp2_250k_mimu.shp,village:163687:row8540:village_point_Ayeyarwady_v96.zip_mmr_ady_pplp2_250k_mimu.shp,merge_confirmed_duplicate,127225,127291,,,auto: merge CoreMap village duplicates; survivor = nearest to MIMU (6.1 m),2026-09-21T10:42:55.297Z
village:151171:row8593:village_point_Ayeyarwady_v96.zip_mmr_ady_pplp2_250k_mimu.shp,village:151171:row8593:village_point_Ayeyarwady_v96.zip_mmr_ady_pplp2_250k_mimu.shp,merge_confirmed_duplicate,172538,127632,,,auto: merge CoreMap village duplicates; survivor = nearest to MIMU (96.8 m),2026-09-21T10:42:55.297Z
village:160310:row8701:village_point_Ayeyarwady_v96.zip_mmr_ady_pplp2_250k_mimu.shp,village:160310:row8701:village_point_Ayeyarwady_v96.zip_mmr_ady_pplp2_250k_mimu.shp,merge_confirmed_duplicate,127434,172522,,,auto: merge CoreMap village duplicates; survivor = nearest to MIMU (87.0 m),2026-09-21T10:42:55.297Z
village:160395:row8709:village_point_Ayeyarwady_v96.zip_mmr_ady_pplp2_250k_mimu.shp,village:160395:row8709:village_point_Ayeyarwady_v96.zip_mmr_ady_pplp2_250k_mimu.shp,merge_confirmed_duplicate,127440,127507;127559,,,auto: merge CoreMap village duplicates; survivor = nearest to MIMU (91.4 m),2026-09-21T10:42:55.297Z
village:162354:row8735:village_point_Ayeyarwady_v96.zip_mmr_ady_pplp2_250k_mimu.shp,village:162354:row8735:village_point_Ayeyarwady_v96.zip_mmr_ady_pplp2_250k_mimu.shp,merge_confirmed_duplicate,127645,172521,,,auto: merge CoreMap village duplicates; survivor = nearest to MIMU (69.0 m),2026-09-21T10:42:55.297Z
village:162352:row8736:village_point_Ayeyarwady_v96.zip_mmr_ady_pplp2_250k_mimu.shp,village:162352:row8736:village_point_Ayeyarwady_v96.zip_mmr_ady_pplp2_250k_mimu.shp,merge_confirmed_duplicate,172519,127601,,,auto: merge CoreMap village duplicates; survivor = nearest to MIMU (221.2 m),2026-09-21T10:42:55.297Z
village:162355:row8738:village_point_Ayeyarwady_v96.zip_mmr_ady_pplp2_250k_mimu.shp,village:162355:row8738:village_point_Ayeyarwady_v96.zip_mmr_ady_pplp2_250k_mimu.shp,merge_confirmed_duplicate,127511,172520,,,auto: merge CoreMap village duplicates; survivor = nearest to MIMU (314.6 m),2026-09-21T10:42:55.297Z
village:164065:row8794:village_point_Ayeyarwady_v96.zip_mmr_ady_pplp2_250k_mimu.shp,village:164065:row8794:village_point_Ayeyarwady_v96.zip_mmr_ady_pplp2_250k_mimu.shp,merge_confirmed_duplicate,127507,127440;127559,,,auto: merge CoreMap village duplicates; survivor = nearest to MIMU (40.9 m),2026-09-21T10:42:55.297Z
village:150493:row8808:village_point_Ayeyarwady_v96.zip_mmr_ady_pplp2_250k_mimu.shp,village:150493:row8808:village_point_Ayeyarwady_v96.zip_mmr_ady_pplp2_250k_mimu.shp,merge_confirmed_duplicate,127771,127829;127802,,,auto: merge CoreMap village duplicates; survivor = nearest to MIMU (99.5 m),2026-09-21T10:42:55.297Z
village:150495:row8811:village_point_Ayeyarwady_v96.zip_mmr_ady_pplp2_250k_mimu.shp,village:150495:row8811:village_point_Ayeyarwady_v96.zip_mmr_ady_pplp2_250k_mimu.shp,merge_confirmed_duplicate,127869,127755,,,auto: merge CoreMap village duplicates; survivor = nearest to MIMU (50.4 m),2026-09-21T10:42:55.297Z
village:151675:row8868:village_point_Ayeyarwady_v96.zip_mmr_ady_pplp2_250k_mimu.shp,village:151675:row8868:village_point_Ayeyarwady_v96.zip_mmr_ady_pplp2_250k_mimu.shp,merge_confirmed_duplicate,127817,127805,,,auto: merge CoreMap village duplicates; survivor = nearest to MIMU (90.1 m),2026-09-21T10:42:55.297Z
village:151843:row8876:village_point_Ayeyarwady_v96.zip_mmr_ady_pplp2_250k_mimu.shp,village:151843:row8876:village_point_Ayeyarwady_v96.zip_mmr_ady_pplp2_250k_mimu.shp,merge_confirmed_duplicate,127677,127735;127843;127852,,,auto: merge CoreMap village duplicates; survivor = nearest to MIMU (231.0 m),2026-09-21T10:42:55.297Z
village:151870:row8885:village_point_Ayeyarwady_v96.zip_mmr_ady_pplp2_250k_mimu.shp,village:151870:row8885:village_point_Ayeyarwady_v96.zip_mmr_ady_pplp2_250k_mimu.shp,merge_confirmed_duplicate,127878,127816,,,auto: merge CoreMap village duplicates; survivor = nearest to MIMU (569.0 m),2026-09-21T10:42:55.297Z
village:154278:row8901:village_point_Ayeyarwady_v96.zip_mmr_ady_pplp2_250k_mimu.shp,village:154278:row8901:village_point_Ayeyarwady_v96.zip_mmr_ady_pplp2_250k_mimu.shp,merge_confirmed_duplicate,127843,127852;127735;127677,,,auto: merge CoreMap village duplicates; survivor = nearest to MIMU (108.1 m),2026-09-21T10:42:55.297Z
village:155467:row8913:village_point_Ayeyarwady_v96.zip_mmr_ady_pplp2_250k_mimu.shp,village:155467:row8913:village_point_Ayeyarwady_v96.zip_mmr_ady_pplp2_250k_mimu.shp,merge_confirmed_duplicate,127843,127852;127735;127677,,,auto: merge CoreMap village duplicates; survivor = nearest to MIMU (198.6 m),2026-09-21T10:42:55.297Z
village:155555:row8914:village_point_Ayeyarwady_v96.zip_mmr_ady_pplp2_250k_mimu.shp,village:155555:row8914:village_point_Ayeyarwady_v96.zip_mmr_ady_pplp2_250k_mimu.shp,merge_confirmed_duplicate,127817,127805,,,auto: merge CoreMap village duplicates; survivor = nearest to MIMU (205.7 m),2026-09-21T10:42:55.297Z
village:164304:row8929:village_point_Ayeyarwady_v96.zip_mmr_ady_pplp2_250k_mimu.shp,village:164304:row8929:village_point_Ayeyarwady_v96.zip_mmr_ady_pplp2_250k_mimu.shp,merge_confirmed_duplicate,127816,127878,,,auto: merge CoreMap village duplicates; survivor = nearest to MIMU (138.4 m),2026-09-21T10:42:55.297Z
village:156908:row8944:village_point_Ayeyarwady_v96.zip_mmr_ady_pplp2_250k_mimu.shp,village:156908:row8944:village_point_Ayeyarwady_v96.zip_mmr_ady_pplp2_250k_mimu.shp,merge_confirmed_duplicate,127829,127771;127802,,,auto: merge CoreMap village duplicates; survivor = nearest to MIMU (142.8 m),2026-09-21T10:42:55.297Z
village:215398:row9010:village_point_Ayeyarwady_v96.zip_mmr_ady_pplp2_250k_mimu.shp,village:215398:row9010:village_point_Ayeyarwady_v96.zip_mmr_ady_pplp2_250k_mimu.shp,merge_confirmed_duplicate,127735,127677;127843;127852,,,auto: merge CoreMap village duplicates; survivor = nearest to MIMU (105.6 m),2026-09-21T10:42:55.297Z
village:164316:row9026:village_point_Ayeyarwady_v96.zip_mmr_ady_pplp2_250k_mimu.shp,village:164316:row9026:village_point_Ayeyarwady_v96.zip_mmr_ady_pplp2_250k_mimu.shp,merge_confirmed_duplicate,127698,119216,,,auto: merge CoreMap village duplicates; survivor = nearest to MIMU (88.1 m),2026-09-21T10:42:55.297Z
village:164053:row9034:village_point_Ayeyarwady_v96.zip_mmr_ady_pplp2_250k_mimu.shp,village:164053:row9034:village_point_Ayeyarwady_v96.zip_mmr_ady_pplp2_250k_mimu.shp,merge_confirmed_duplicate,127802,127829;127771,,,auto: merge CoreMap village duplicates; survivor = nearest to MIMU (47.0 m),2026-09-21T10:42:55.297Z
village:164052:row9035:village_point_Ayeyarwady_v96.zip_mmr_ady_pplp2_250k_mimu.shp,village:164052:row9035:village_point_Ayeyarwady_v96.zip_mmr_ady_pplp2_250k_mimu.shp,merge_confirmed_duplicate,127755,127869,,,auto: merge CoreMap village duplicates; survivor = nearest to MIMU (147.2 m),2026-09-21T10:42:55.297Z
village:151711:row9054:village_point_Ayeyarwady_v96.zip_mmr_ady_pplp2_250k_mimu.shp,village:151711:row9054:village_point_Ayeyarwady_v96.zip_mmr_ady_pplp2_250k_mimu.shp,merge_confirmed_duplicate,128066,123123,,,auto: merge CoreMap village duplicates; survivor = nearest to MIMU (210.7 m),2026-09-21T10:42:55.297Z
village:152204:row9071:village_point_Ayeyarwady_v96.zip_mmr_ady_pplp2_250k_mimu.shp,village:152204:row9071:village_point_Ayeyarwady_v96.zip_mmr_ady_pplp2_250k_mimu.shp,merge_confirmed_duplicate,128115,128049,,,auto: merge CoreMap village duplicates; survivor = nearest to MIMU (169.3 m),2026-09-21T10:42:55.297Z
village:154308:row9099:village_point_Ayeyarwady_v96.zip_mmr_ady_pplp2_250k_mimu.shp,village:154308:row9099:village_point_Ayeyarwady_v96.zip_mmr_ady_pplp2_250k_mimu.shp,merge_confirmed_duplicate,128060,128062,,,auto: merge CoreMap village duplicates; survivor = nearest to MIMU (74.7 m),2026-09-21T10:42:55.297Z
village:155471:row9153:village_point_Ayeyarwady_v96.zip_mmr_ady_pplp2_250k_mimu.shp,village:155471:row9153:village_point_Ayeyarwady_v96.zip_mmr_ady_pplp2_250k_mimu.shp,merge_confirmed_duplicate,128223,128271,,,auto: merge CoreMap village duplicates; survivor = nearest to MIMU (58.6 m),2026-09-21T10:42:55.297Z
village:155922:row9161:village_point_Ayeyarwady_v96.zip_mmr_ady_pplp2_250k_mimu.shp,village:155922:row9161:village_point_Ayeyarwady_v96.zip_mmr_ady_pplp2_250k_mimu.shp,merge_confirmed_duplicate,127956,127967,,,auto: merge CoreMap village duplicates; survivor = nearest to MIMU (110.9 m),2026-09-21T10:42:55.297Z
village:156261:row9170:village_point_Ayeyarwady_v96.zip_mmr_ady_pplp2_250k_mimu.shp,village:156261:row9170:village_point_Ayeyarwady_v96.zip_mmr_ady_pplp2_250k_mimu.shp,merge_confirmed_duplicate,128062,128060,,,auto: merge CoreMap village duplicates; survivor = nearest to MIMU (261.7 m),2026-09-21T10:42:55.297Z
village:159978:row9241:village_point_Ayeyarwady_v96.zip_mmr_ady_pplp2_250k_mimu.shp,village:159978:row9241:village_point_Ayeyarwady_v96.zip_mmr_ady_pplp2_250k_mimu.shp,merge_confirmed_duplicate,128271,128223,,,auto: merge CoreMap village duplicates; survivor = nearest to MIMU (63.4 m),2026-09-21T10:42:55.297Z
village:159975:row9242:village_point_Ayeyarwady_v96.zip_mmr_ady_pplp2_250k_mimu.shp,village:159975:row9242:village_point_Ayeyarwady_v96.zip_mmr_ady_pplp2_250k_mimu.shp,merge_confirmed_duplicate,127967,127956,,,auto: merge CoreMap village duplicates; survivor = nearest to MIMU (15.4 m),2026-09-21T10:42:55.297Z
village:159977:row9245:village_point_Ayeyarwady_v96.zip_mmr_ady_pplp2_250k_mimu.shp,village:159977:row9245:village_point_Ayeyarwady_v96.zip_mmr_ady_pplp2_250k_mimu.shp,merge_confirmed_duplicate,128067,128244,,,auto: merge CoreMap village duplicates; survivor = nearest to MIMU (0.0 m),2026-09-21T10:42:55.297Z
village:160190:row9252:village_point_Ayeyarwady_v96.zip_mmr_ady_pplp2_250k_mimu.shp,village:160190:row9252:village_point_Ayeyarwady_v96.zip_mmr_ady_pplp2_250k_mimu.shp,merge_confirmed_duplicate,128107,167873,,,auto: merge CoreMap village duplicates; survivor = nearest to MIMU (8.9 m),2026-09-21T10:42:55.297Z
village:160203:row9257:village_point_Ayeyarwady_v96.zip_mmr_ady_pplp2_250k_mimu.shp,village:160203:row9257:village_point_Ayeyarwady_v96.zip_mmr_ady_pplp2_250k_mimu.shp,merge_confirmed_duplicate,128079,128207,,,auto: merge CoreMap village duplicates; survivor = nearest to MIMU (44.2 m),2026-09-21T10:42:55.297Z
village:160313:row9262:village_point_Ayeyarwady_v96.zip_mmr_ady_pplp2_250k_mimu.shp,village:160313:row9262:village_point_Ayeyarwady_v96.zip_mmr_ady_pplp2_250k_mimu.shp,merge_confirmed_duplicate,128244,128067,,,auto: merge CoreMap village duplicates; survivor = nearest to MIMU (0.0 m),2026-09-21T10:42:55.297Z
village:162666:row9363:village_point_Ayeyarwady_v96.zip_mmr_ady_pplp2_250k_mimu.shp,village:162666:row9363:village_point_Ayeyarwady_v96.zip_mmr_ady_pplp2_250k_mimu.shp,merge_confirmed_duplicate,167873,128107,,,auto: merge CoreMap village duplicates; survivor = nearest to MIMU (159.8 m),2026-09-21T10:42:55.297Z
village:164025:row9376:village_point_Ayeyarwady_v96.zip_mmr_ady_pplp2_250k_mimu.shp,village:164025:row9376:village_point_Ayeyarwady_v96.zip_mmr_ady_pplp2_250k_mimu.shp,merge_confirmed_duplicate,128079,128207,,,auto: merge CoreMap village duplicates; survivor = nearest to MIMU (180.5 m),2026-09-21T10:42:55.297Z
village:164039:row9379:village_point_Ayeyarwady_v96.zip_mmr_ady_pplp2_250k_mimu.shp,village:164039:row9379:village_point_Ayeyarwady_v96.zip_mmr_ady_pplp2_250k_mimu.shp,merge_confirmed_duplicate,128115,128049,,,auto: merge CoreMap village duplicates; survivor = nearest to MIMU (153.8 m),2026-09-21T10:42:55.297Z
village:150516:row9414:village_point_Ayeyarwady_v96.zip_mmr_ady_pplp2_250k_mimu.shp,village:150516:row9414:village_point_Ayeyarwady_v96.zip_mmr_ady_pplp2_250k_mimu.shp,merge_confirmed_duplicate,128563,128322;128525,,,auto: merge CoreMap village duplicates; survivor = nearest to MIMU (278.9 m),2026-09-21T10:42:55.297Z
village:150536:row9419:village_point_Ayeyarwady_v96.zip_mmr_ady_pplp2_250k_mimu.shp,village:150536:row9419:village_point_Ayeyarwady_v96.zip_mmr_ady_pplp2_250k_mimu.shp,merge_confirmed_duplicate,128455,128544,,,auto: merge CoreMap village duplicates; survivor = nearest to MIMU (58.9 m),2026-09-21T10:42:55.297Z
village:150636:row9431:village_point_Ayeyarwady_v96.zip_mmr_ady_pplp2_250k_mimu.shp,village:150636:row9431:village_point_Ayeyarwady_v96.zip_mmr_ady_pplp2_250k_mimu.shp,merge_confirmed_duplicate,128425,128533;128482;128601,,,auto: merge CoreMap village duplicates; survivor = nearest to MIMU (46.8 m),2026-09-21T10:42:55.297Z
village:152183:row9459:village_point_Ayeyarwady_v96.zip_mmr_ady_pplp2_250k_mimu.shp,village:152183:row9459:village_point_Ayeyarwady_v96.zip_mmr_ady_pplp2_250k_mimu.shp,merge_confirmed_duplicate,128307,128430;128282,,,auto: merge CoreMap village duplicates; survivor = nearest to MIMU (0.0 m),2026-09-21T10:42:55.297Z
village:152713:row9474:village_point_Ayeyarwady_v96.zip_mmr_ady_pplp2_250k_mimu.shp,village:152713:row9474:village_point_Ayeyarwady_v96.zip_mmr_ady_pplp2_250k_mimu.shp,merge_confirmed_duplicate,128626,128706,,,auto: merge CoreMap village duplicates; survivor = nearest to MIMU (41.1 m),2026-09-21T10:42:55.297Z
village:152712:row9476:village_point_Ayeyarwady_v96.zip_mmr_ady_pplp2_250k_mimu.shp,village:152712:row9476:village_point_Ayeyarwady_v96.zip_mmr_ady_pplp2_250k_mimu.shp,merge_confirmed_duplicate,128671,128297,,,auto: merge CoreMap village duplicates; survivor = nearest to MIMU (1132.0 m),2026-09-21T10:42:55.297Z
village:152727:row9480:village_point_Ayeyarwady_v96.zip_mmr_ady_pplp2_250k_mimu.shp,village:152727:row9480:village_point_Ayeyarwady_v96.zip_mmr_ady_pplp2_250k_mimu.shp,merge_confirmed_duplicate,128544,128455,,,auto: merge CoreMap village duplicates; survivor = nearest to MIMU (284.8 m),2026-09-21T10:42:55.297Z
village:153213:row9488:village_point_Ayeyarwady_v96.zip_mmr_ady_pplp2_250k_mimu.shp,village:153213:row9488:village_point_Ayeyarwady_v96.zip_mmr_ady_pplp2_250k_mimu.shp,merge_confirmed_duplicate,128596,128558;128694;128473;128412;128280;128699,,,auto: merge CoreMap village duplicates; survivor = nearest to MIMU (60.8 m),2026-09-21T10:42:55.297Z
village:153243:row9494:village_point_Ayeyarwady_v96.zip_mmr_ady_pplp2_250k_mimu.shp,village:153243:row9494:village_point_Ayeyarwady_v96.zip_mmr_ady_pplp2_250k_mimu.shp,merge_confirmed_duplicate,128410,128470,,,auto: merge CoreMap village duplicates; survivor = nearest to MIMU (43.7 m),2026-09-21T10:42:55.297Z
village:153644:row9504:village_point_Ayeyarwady_v96.zip_mmr_ady_pplp2_250k_mimu.shp,village:153644:row9504:village_point_Ayeyarwady_v96.zip_mmr_ady_pplp2_250k_mimu.shp,merge_confirmed_duplicate,128431,128512,,,auto: merge CoreMap village duplicates; survivor = nearest to MIMU (6082.8 m),2026-09-21T10:42:55.297Z
village:153648:row9509:village_point_Ayeyarwady_v96.zip_mmr_ady_pplp2_250k_mimu.shp,village:153648:row9509:village_point_Ayeyarwady_v96.zip_mmr_ady_pplp2_250k_mimu.shp,merge_confirmed_duplicate,128290,128382;128648;128582;128579,,,auto: merge CoreMap village duplicates; survivor = nearest to MIMU (18.4 m),2026-09-21T10:42:55.297Z
village:153657:row9516:village_point_Ayeyarwady_v96.zip_mmr_ady_pplp2_250k_mimu.shp,village:153657:row9516:village_point_Ayeyarwady_v96.zip_mmr_ady_pplp2_250k_mimu.shp,merge_confirmed_duplicate,128596,128558;128694;128473;128412;128280;128699,,,auto: merge CoreMap village duplicates; survivor = nearest to MIMU (51.0 m),2026-09-21T10:42:55.297Z
village:154684:row9546:village_point_Ayeyarwady_v96.zip_mmr_ady_pplp2_250k_mimu.shp,village:154684:row9546:village_point_Ayeyarwady_v96.zip_mmr_ady_pplp2_250k_mimu.shp,merge_confirmed_duplicate,128310,128313,,,auto: merge CoreMap village duplicates; survivor = nearest to MIMU (70.2 m),2026-09-21T10:42:55.297Z
village:154737:row9549:village_point_Ayeyarwady_v96.zip_mmr_ady_pplp2_250k_mimu.shp,village:154737:row9549:village_point_Ayeyarwady_v96.zip_mmr_ady_pplp2_250k_mimu.shp,merge_confirmed_duplicate,128442,128576;128378,,,auto: merge CoreMap village duplicates; survivor = nearest to MIMU (94.2 m),2026-09-21T10:42:55.297Z
village:154738:row9550:village_point_Ayeyarwady_v96.zip_mmr_ady_pplp2_250k_mimu.shp,village:154738:row9550:village_point_Ayeyarwady_v96.zip_mmr_ady_pplp2_250k_mimu.shp,merge_confirmed_duplicate,128486,128530,,,auto: merge CoreMap village duplicates; survivor = nearest to MIMU (28.4 m),2026-09-21T10:42:55.297Z
village:154814:row9553:village_point_Ayeyarwady_v96.zip_mmr_ady_pplp2_250k_mimu.shp,village:154814:row9553:village_point_Ayeyarwady_v96.zip_mmr_ady_pplp2_250k_mimu.shp,merge_confirmed_duplicate,128576,128442;128378,,,auto: merge CoreMap village duplicates; survivor = nearest to MIMU (47.8 m),2026-09-21T10:42:55.297Z
village:155727:row9587:village_point_Ayeyarwady_v96.zip_mmr_ady_pplp2_250k_mimu.shp,village:155727:row9587:village_point_Ayeyarwady_v96.zip_mmr_ady_pplp2_250k_mimu.shp,merge_confirmed_duplicate,128464,128652,,,auto: merge CoreMap village duplicates; survivor = nearest to MIMU (463.3 m),2026-09-21T10:42:55.297Z
village:155834:row9606:village_point_Ayeyarwady_v96.zip_mmr_ady_pplp2_250k_mimu.shp,village:155834:row9606:village_point_Ayeyarwady_v96.zip_mmr_ady_pplp2_250k_mimu.shp,merge_confirmed_duplicate,128530,128486,,,auto: merge CoreMap village duplicates; survivor = nearest to MIMU (263.5 m),2026-09-21T10:42:55.297Z
village:155889:row9619:village_point_Ayeyarwady_v96.zip_mmr_ady_pplp2_250k_mimu.shp,village:155889:row9619:village_point_Ayeyarwady_v96.zip_mmr_ady_pplp2_250k_mimu.shp,merge_confirmed_duplicate,128354,128560;128541,,,auto: merge CoreMap village duplicates; survivor = nearest to MIMU (21.6 m),2026-09-21T10:42:55.297Z
village:156584:row9647:village_point_Ayeyarwady_v96.zip_mmr_ady_pplp2_250k_mimu.shp,village:156584:row9647:village_point_Ayeyarwady_v96.zip_mmr_ady_pplp2_250k_mimu.shp,merge_confirmed_duplicate,128278,128532,,,auto: merge CoreMap village duplicates; survivor = nearest to MIMU (44.9 m),2026-09-21T10:42:55.297Z
village:156585:row9649:village_point_Ayeyarwady_v96.zip_mmr_ady_pplp2_250k_mimu.shp,village:156585:row9649:village_point_Ayeyarwady_v96.zip_mmr_ady_pplp2_250k_mimu.shp,merge_confirmed_duplicate,128560,128354;128541,,,auto: merge CoreMap village duplicates; survivor = nearest to MIMU (379.0 m),2026-09-21T10:42:55.297Z
village:156827:row9662:village_point_Ayeyarwady_v96.zip_mmr_ady_pplp2_250k_mimu.shp,village:156827:row9662:village_point_Ayeyarwady_v96.zip_mmr_ady_pplp2_250k_mimu.shp,merge_confirmed_duplicate,128382,128290;128648;128582;128579,,,auto: merge CoreMap village duplicates; survivor = nearest to MIMU (10.9 m),2026-09-21T10:42:55.297Z
village:156914:row9664:village_point_Ayeyarwady_v96.zip_mmr_ady_pplp2_250k_mimu.shp,village:156914:row9664:village_point_Ayeyarwady_v96.zip_mmr_ady_pplp2_250k_mimu.shp,merge_confirmed_duplicate,128470,128410,,,auto: merge CoreMap village duplicates; survivor = nearest to MIMU (39.8 m),2026-09-21T10:42:55.297Z
village:157373:row9675:village_point_Ayeyarwady_v96.zip_mmr_ady_pplp2_250k_mimu.shp,village:157373:row9675:village_point_Ayeyarwady_v96.zip_mmr_ady_pplp2_250k_mimu.shp,merge_confirmed_duplicate,128525,128563;128322,,,auto: merge CoreMap village duplicates; survivor = nearest to MIMU (0.0 m),2026-09-21T10:42:55.297Z
village:157376:row9676:village_point_Ayeyarwady_v96.zip_mmr_ady_pplp2_250k_mimu.shp,village:157376:row9676:village_point_Ayeyarwady_v96.zip_mmr_ady_pplp2_250k_mimu.shp,merge_confirmed_duplicate,128312,128691,,,auto: merge CoreMap village duplicates; survivor = nearest to MIMU (74.6 m),2026-09-21T10:42:55.297Z
village:157398:row9680:village_point_Ayeyarwady_v96.zip_mmr_ady_pplp2_250k_mimu.shp,village:157398:row9680:village_point_Ayeyarwady_v96.zip_mmr_ady_pplp2_250k_mimu.shp,merge_confirmed_duplicate,128488,128659,,,auto: merge CoreMap village duplicates; survivor = nearest to MIMU (0.0 m),2026-09-21T10:42:55.297Z
village:157464:row9681:village_point_Ayeyarwady_v96.zip_mmr_ady_pplp2_250k_mimu.shp,village:157464:row9681:village_point_Ayeyarwady_v96.zip_mmr_ady_pplp2_250k_mimu.shp,merge_confirmed_duplicate,128533,128425;128482;128601,,,auto: merge CoreMap village duplicates; survivor = nearest to MIMU (35.5 m),2026-09-21T10:42:55.297Z
village:157673:row9687:village_point_Ayeyarwady_v96.zip_mmr_ady_pplp2_250k_mimu.shp,village:157673:row9687:village_point_Ayeyarwady_v96.zip_mmr_ady_pplp2_250k_mimu.shp,merge_confirmed_duplicate,128633,128283;128666;128466,,,auto: merge CoreMap village duplicates; survivor = nearest to MIMU (7878.2 m),2026-09-21T10:42:55.297Z
village:158517:row9712:village_point_Ayeyarwady_v96.zip_mmr_ady_pplp2_250k_mimu.shp,village:158517:row9712:village_point_Ayeyarwady_v96.zip_mmr_ady_pplp2_250k_mimu.shp,merge_confirmed_duplicate,128372,128682;128509,,,auto: merge CoreMap village duplicates; survivor = nearest to MIMU (12307.3 m),2026-09-21T10:42:55.297Z
village:158607:row9717:village_point_Ayeyarwady_v96.zip_mmr_ady_pplp2_250k_mimu.shp,village:158607:row9717:village_point_Ayeyarwady_v96.zip_mmr_ady_pplp2_250k_mimu.shp,merge_confirmed_duplicate,128303,128333,,,auto: merge CoreMap village duplicates; survivor = nearest to MIMU (160.0 m),2026-09-21T10:42:55.297Z
village:159018:row9725:village_point_Ayeyarwady_v96.zip_mmr_ady_pplp2_250k_mimu.shp,village:159018:row9725:village_point_Ayeyarwady_v96.zip_mmr_ady_pplp2_250k_mimu.shp,merge_confirmed_duplicate,128430,128307;128282,,,auto: merge CoreMap village duplicates; survivor = nearest to MIMU (74.3 m),2026-09-21T10:42:55.297Z
village:158752:row9728:village_point_Ayeyarwady_v96.zip_mmr_ady_pplp2_250k_mimu.shp,village:158752:row9728:village_point_Ayeyarwady_v96.zip_mmr_ady_pplp2_250k_mimu.shp,merge_confirmed_duplicate,128563,128322;128525,,,auto: merge CoreMap village duplicates; survivor = nearest to MIMU (573.6 m),2026-09-21T10:42:55.297Z
village:159217:row9730:village_point_Ayeyarwady_v96.zip_mmr_ady_pplp2_250k_mimu.shp,village:159217:row9730:village_point_Ayeyarwady_v96.zip_mmr_ady_pplp2_250k_mimu.shp,merge_confirmed_duplicate,128652,128464,,,auto: merge CoreMap village duplicates; survivor = nearest to MIMU (55.8 m),2026-09-21T10:42:55.297Z
village:159642:row9739:village_point_Ayeyarwady_v96.zip_mmr_ady_pplp2_250k_mimu.shp,village:159642:row9739:village_point_Ayeyarwady_v96.zip_mmr_ady_pplp2_250k_mimu.shp,merge_confirmed_duplicate,128278,128532,,,auto: merge CoreMap village duplicates; survivor = nearest to MIMU (733.6 m),2026-09-21T10:42:55.297Z
village:160636:row9791:village_point_Ayeyarwady_v96.zip_mmr_ady_pplp2_250k_mimu.shp,village:160636:row9791:village_point_Ayeyarwady_v96.zip_mmr_ady_pplp2_250k_mimu.shp,merge_confirmed_duplicate,128659,128488,,,auto: merge CoreMap village duplicates; survivor = nearest to MIMU (130.2 m),2026-09-21T10:42:55.297Z
village:161155:row9805:village_point_Ayeyarwady_v96.zip_mmr_ady_pplp2_250k_mimu.shp,village:161155:row9805:village_point_Ayeyarwady_v96.zip_mmr_ady_pplp2_250k_mimu.shp,merge_confirmed_duplicate,128523,128490,,,auto: merge CoreMap village duplicates; survivor = nearest to MIMU (69.8 m),2026-09-21T10:42:55.297Z
village:161873:row9826:village_point_Ayeyarwady_v96.zip_mmr_ady_pplp2_250k_mimu.shp,village:161873:row9826:village_point_Ayeyarwady_v96.zip_mmr_ady_pplp2_250k_mimu.shp,merge_confirmed_duplicate,128313,128310,,,auto: merge CoreMap village duplicates; survivor = nearest to MIMU (13.0 m),2026-09-21T10:42:55.297Z
village:162367:row9833:village_point_Ayeyarwady_v96.zip_mmr_ady_pplp2_250k_mimu.shp,village:162367:row9833:village_point_Ayeyarwady_v96.zip_mmr_ady_pplp2_250k_mimu.shp,merge_confirmed_duplicate,128490,128523,,,auto: merge CoreMap village duplicates; survivor = nearest to MIMU (115.0 m),2026-09-21T10:42:55.297Z
village:162839:row9856:village_point_Ayeyarwady_v96.zip_mmr_ady_pplp2_250k_mimu.shp,village:162839:row9856:village_point_Ayeyarwady_v96.zip_mmr_ady_pplp2_250k_mimu.shp,merge_confirmed_duplicate,128691,128312,,,auto: merge CoreMap village duplicates; survivor = nearest to MIMU (200.6 m),2026-09-21T10:42:55.297Z
village:162905:row9869:village_point_Ayeyarwady_v96.zip_mmr_ady_pplp2_250k_mimu.shp,village:162905:row9869:village_point_Ayeyarwady_v96.zip_mmr_ady_pplp2_250k_mimu.shp,merge_confirmed_duplicate,128706,128626,,,auto: merge CoreMap village duplicates; survivor = nearest to MIMU (37.4 m),2026-09-21T10:42:55.297Z
village:162906:row9870:village_point_Ayeyarwady_v96.zip_mmr_ady_pplp2_250k_mimu.shp,village:162906:row9870:village_point_Ayeyarwady_v96.zip_mmr_ady_pplp2_250k_mimu.shp,merge_confirmed_duplicate,128671,128297,,,auto: merge CoreMap village duplicates; survivor = nearest to MIMU (42.7 m),2026-09-21T10:42:55.297Z
village:163110:row9881:village_point_Ayeyarwady_v96.zip_mmr_ady_pplp2_250k_mimu.shp,village:163110:row9881:village_point_Ayeyarwady_v96.zip_mmr_ady_pplp2_250k_mimu.shp,merge_confirmed_duplicate,128438,128520,,,auto: merge CoreMap village duplicates; survivor = nearest to MIMU (1806.7 m),2026-09-21T10:42:55.297Z
village:150925:row9903:village_point_Ayeyarwady_v96.zip_mmr_ady_pplp2_250k_mimu.shp,village:150925:row9903:village_point_Ayeyarwady_v96.zip_mmr_ady_pplp2_250k_mimu.shp,merge_confirmed_duplicate,129158,124330,,,auto: merge CoreMap village duplicates; survivor = nearest to MIMU (181.1 m),2026-09-21T10:42:55.297Z
village:153817:row10004:village_point_Ayeyarwady_v96.zip_mmr_ady_pplp2_250k_mimu.shp,village:153817:row10004:village_point_Ayeyarwady_v96.zip_mmr_ady_pplp2_250k_mimu.shp,merge_confirmed_duplicate,128876,129039;128900;128793;128940;128772;128862;128778;129055;129163;129179;129183,,,auto: merge CoreMap village duplicates; survivor = nearest to MIMU (61.7 m),2026-09-21T10:42:55.297Z
village:153816:row10007:village_point_Ayeyarwady_v96.zip_mmr_ady_pplp2_250k_mimu.shp,village:153816:row10007:village_point_Ayeyarwady_v96.zip_mmr_ady_pplp2_250k_mimu.shp,merge_confirmed_duplicate,129186,129078,,,auto: merge CoreMap village duplicates; survivor = nearest to MIMU (14.0 m),2026-09-21T10:42:55.297Z
village:154520:row10026:village_point_Ayeyarwady_v96.zip_mmr_ady_pplp2_250k_mimu.shp,village:154520:row10026:village_point_Ayeyarwady_v96.zip_mmr_ady_pplp2_250k_mimu.shp,merge_confirmed_duplicate,129114,129077,,,auto: merge CoreMap village duplicates; survivor = nearest to MIMU (57.9 m),2026-09-21T10:42:55.297Z
village:154518:row10028:village_point_Ayeyarwady_v96.zip_mmr_ady_pplp2_250k_mimu.shp,village:154518:row10028:village_point_Ayeyarwady_v96.zip_mmr_ady_pplp2_250k_mimu.shp,merge_confirmed_duplicate,129025,128946;128918;129171;129185,,,auto: merge CoreMap village duplicates; survivor = nearest to MIMU (26.1 m),2026-09-21T10:42:55.297Z
village:154522:row10030:village_point_Ayeyarwady_v96.zip_mmr_ady_pplp2_250k_mimu.shp,village:154522:row10030:village_point_Ayeyarwady_v96.zip_mmr_ady_pplp2_250k_mimu.shp,merge_confirmed_duplicate,128939,129184;129103,,,auto: merge CoreMap village duplicates; survivor = nearest to MIMU (110.8 m),2026-09-21T10:42:55.297Z
village:154731:row10035:village_point_Ayeyarwady_v96.zip_mmr_ady_pplp2_250k_mimu.shp,village:154731:row10035:village_point_Ayeyarwady_v96.zip_mmr_ady_pplp2_250k_mimu.shp,merge_confirmed_duplicate,128876,129039;128900;128793;128940;128772;128862;128778;129055;129163;129179;129183,,,auto: merge CoreMap village duplicates; survivor = nearest to MIMU (914.2 m),2026-09-21T10:42:55.297Z
village:154735:row10037:village_point_Ayeyarwady_v96.zip_mmr_ady_pplp2_250k_mimu.shp,village:154735:row10037:village_point_Ayeyarwady_v96.zip_mmr_ady_pplp2_250k_mimu.shp,merge_confirmed_duplicate,129078,129186,,,auto: merge CoreMap village duplicates; survivor = nearest to MIMU (89.4 m),2026-09-21T10:42:55.297Z
village:218542:row10069:village_point_Ayeyarwady_v96.zip_mmr_ady_pplp2_250k_mimu.shp,village:218542:row10069:village_point_Ayeyarwady_v96.zip_mmr_ady_pplp2_250k_mimu.shp,merge_confirmed_duplicate,129143,129117,,,auto: merge CoreMap village duplicates; survivor = nearest to MIMU (158.4 m),2026-09-21T10:42:55.297Z
village:155105:row10073:village_point_Ayeyarwady_v96.zip_mmr_ady_pplp2_250k_mimu.shp,village:155105:row10073:village_point_Ayeyarwady_v96.zip_mmr_ady_pplp2_250k_mimu.shp,merge_confirmed_duplicate,128969,129045,,,auto: merge CoreMap village duplicates; survivor = nearest to MIMU (52.0 m),2026-09-21T10:42:55.297Z
village:155303:row10098:village_point_Ayeyarwady_v96.zip_mmr_ady_pplp2_250k_mimu.shp,village:155303:row10098:village_point_Ayeyarwady_v96.zip_mmr_ady_pplp2_250k_mimu.shp,merge_confirmed_duplicate,129077,129114,,,auto: merge CoreMap village duplicates; survivor = nearest to MIMU (64.9 m),2026-09-21T10:42:55.297Z
village:155302:row10100:village_point_Ayeyarwady_v96.zip_mmr_ady_pplp2_250k_mimu.shp,village:155302:row10100:village_point_Ayeyarwady_v96.zip_mmr_ady_pplp2_250k_mimu.shp,merge_confirmed_duplicate,128909,128988,,,auto: merge CoreMap village duplicates; survivor = nearest to MIMU (89.0 m),2026-09-21T10:42:55.297Z
village:155304:row10101:village_point_Ayeyarwady_v96.zip_mmr_ady_pplp2_250k_mimu.shp,village:155304:row10101:village_point_Ayeyarwady_v96.zip_mmr_ady_pplp2_250k_mimu.shp,merge_confirmed_duplicate,128946,129025;128918;129171;129185,,,auto: merge CoreMap village duplicates; survivor = nearest to MIMU (247.0 m),2026-09-21T10:42:55.297Z
village:155306:row10102:village_point_Ayeyarwady_v96.zip_mmr_ady_pplp2_250k_mimu.shp,village:155306:row10102:village_point_Ayeyarwady_v96.zip_mmr_ady_pplp2_250k_mimu.shp,merge_confirmed_duplicate,128903,128856,,,auto: merge CoreMap village duplicates; survivor = nearest to MIMU (12.5 m),2026-09-21T10:42:55.297Z
village:155300:row10103:village_point_Ayeyarwady_v96.zip_mmr_ady_pplp2_250k_mimu.shp,village:155300:row10103:village_point_Ayeyarwady_v96.zip_mmr_ady_pplp2_250k_mimu.shp,merge_confirmed_duplicate,128859,128771,,,auto: merge CoreMap village duplicates; survivor = nearest to MIMU (15.5 m),2026-09-21T10:42:55.297Z
village:155603:row10104:village_point_Ayeyarwady_v96.zip_mmr_ady_pplp2_250k_mimu.shp,village:155603:row10104:village_point_Ayeyarwady_v96.zip_mmr_ady_pplp2_250k_mimu.shp,merge_confirmed_duplicate,128902,128816,,,auto: merge CoreMap village duplicates; survivor = nearest to MIMU (65.1 m),2026-09-21T10:42:55.297Z
village:155718:row10111:village_point_Ayeyarwady_v96.zip_mmr_ady_pplp2_250k_mimu.shp,village:155718:row10111:village_point_Ayeyarwady_v96.zip_mmr_ady_pplp2_250k_mimu.shp,merge_confirmed_duplicate,129085,129016,,,auto: merge CoreMap village duplicates; survivor = nearest to MIMU (62.1 m),2026-09-21T10:42:55.297Z
village:156428:row10118:village_point_Ayeyarwady_v96.zip_mmr_ady_pplp2_250k_mimu.shp,village:156428:row10118:village_point_Ayeyarwady_v96.zip_mmr_ady_pplp2_250k_mimu.shp,merge_confirmed_duplicate,123579,128782;129043;129110;128867,,,auto: merge CoreMap village duplicates; survivor = nearest to MIMU (113.5 m),2026-09-21T10:42:55.297Z
village:156899:row10125:village_point_Ayeyarwady_v96.zip_mmr_ady_pplp2_250k_mimu.shp,village:156899:row10125:village_point_Ayeyarwady_v96.zip_mmr_ady_pplp2_250k_mimu.shp,merge_confirmed_duplicate,128918,129025;128946;129171;129185,,,auto: merge CoreMap village duplicates; survivor = nearest to MIMU (27.8 m),2026-09-21T10:42:55.297Z
village:156905:row10129:village_point_Ayeyarwady_v96.zip_mmr_ady_pplp2_250k_mimu.shp,village:156905:row10129:village_point_Ayeyarwady_v96.zip_mmr_ady_pplp2_250k_mimu.shp,merge_confirmed_duplicate,129184,129103;128939,,,auto: merge CoreMap village duplicates; survivor = nearest to MIMU (107.9 m),2026-09-21T10:42:55.297Z
village:158126:row10168:village_point_Ayeyarwady_v96.zip_mmr_ady_pplp2_250k_mimu.shp,village:158126:row10168:village_point_Ayeyarwady_v96.zip_mmr_ady_pplp2_250k_mimu.shp,merge_confirmed_duplicate,128850,128994,,,auto: merge CoreMap village duplicates; survivor = nearest to MIMU (117.7 m),2026-09-21T10:42:55.297Z
village:158452:row10180:village_point_Ayeyarwady_v96.zip_mmr_ady_pplp2_250k_mimu.shp,village:158452:row10180:village_point_Ayeyarwady_v96.zip_mmr_ady_pplp2_250k_mimu.shp,merge_confirmed_duplicate,128902,128816,,,auto: merge CoreMap village duplicates; survivor = nearest to MIMU (116.6 m),2026-09-21T10:42:55.297Z
village:153745:row10189:village_point_Ayeyarwady_v96.zip_mmr_ady_pplp2_250k_mimu.shp,village:153745:row10189:village_point_Ayeyarwady_v96.zip_mmr_ady_pplp2_250k_mimu.shp,merge_confirmed_duplicate,128953,128764,,,auto: merge CoreMap village duplicates; survivor = nearest to MIMU (110.2 m),2026-09-21T10:42:55.297Z
village:161230:row10231:village_point_Ayeyarwady_v96.zip_mmr_ady_pplp2_250k_mimu.shp,village:161230:row10231:village_point_Ayeyarwady_v96.zip_mmr_ady_pplp2_250k_mimu.shp,merge_confirmed_duplicate,128764,128953,,,auto: merge CoreMap village duplicates; survivor = nearest to MIMU (15.8 m),2026-09-21T10:42:55.297Z
village:162048:row10249:village_point_Ayeyarwady_v96.zip_mmr_ady_pplp2_250k_mimu.shp,village:162048:row10249:village_point_Ayeyarwady_v96.zip_mmr_ady_pplp2_250k_mimu.shp,merge_confirmed_duplicate,128994,128850,,,auto: merge CoreMap village duplicates; survivor = nearest to MIMU (198.6 m),2026-09-21T10:42:55.297Z
village:162225:row10251:village_point_Ayeyarwady_v96.zip_mmr_ady_pplp2_250k_mimu.shp,village:162225:row10251:village_point_Ayeyarwady_v96.zip_mmr_ady_pplp2_250k_mimu.shp,merge_confirmed_duplicate,128909,128988,,,auto: merge CoreMap village duplicates; survivor = nearest to MIMU (73.6 m),2026-09-21T10:42:55.297Z
village:163208:row10294:village_point_Ayeyarwady_v96.zip_mmr_ady_pplp2_250k_mimu.shp,village:163208:row10294:village_point_Ayeyarwady_v96.zip_mmr_ady_pplp2_250k_mimu.shp,merge_confirmed_duplicate,129117,129143,,,auto: merge CoreMap village duplicates; survivor = nearest to MIMU (174.9 m),2026-09-21T10:42:55.297Z
village:163364:row10303:village_point_Ayeyarwady_v96.zip_mmr_ady_pplp2_250k_mimu.shp,village:163364:row10303:village_point_Ayeyarwady_v96.zip_mmr_ady_pplp2_250k_mimu.shp,merge_confirmed_duplicate,128856,128903,,,auto: merge CoreMap village duplicates; survivor = nearest to MIMU (160.6 m),2026-09-21T10:42:55.297Z
village:218566:row10305:village_point_Ayeyarwady_v96.zip_mmr_ady_pplp2_250k_mimu.shp,village:218566:row10305:village_point_Ayeyarwady_v96.zip_mmr_ady_pplp2_250k_mimu.shp,merge_confirmed_duplicate,128771,128859,,,auto: merge CoreMap village duplicates; survivor = nearest to MIMU (185.6 m),2026-09-21T10:42:55.297Z
village:163689:row10318:village_point_Ayeyarwady_v96.zip_mmr_ady_pplp2_250k_mimu.shp,village:163689:row10318:village_point_Ayeyarwady_v96.zip_mmr_ady_pplp2_250k_mimu.shp,merge_confirmed_duplicate,129089,123100,,,auto: merge CoreMap village duplicates; survivor = nearest to MIMU (336.8 m),2026-09-21T10:42:55.297Z
village:163766:row10319:village_point_Ayeyarwady_v96.zip_mmr_ady_pplp2_250k_mimu.shp,village:163766:row10319:village_point_Ayeyarwady_v96.zip_mmr_ady_pplp2_250k_mimu.shp,merge_confirmed_duplicate,129045,128969,,,auto: merge CoreMap village duplicates; survivor = nearest to MIMU (26.7 m),2026-09-21T10:42:55.297Z
village:163863:row10335:village_point_Ayeyarwady_v96.zip_mmr_ady_pplp2_250k_mimu.shp,village:163863:row10335:village_point_Ayeyarwady_v96.zip_mmr_ady_pplp2_250k_mimu.shp,merge_confirmed_duplicate,129103,129184;128939,,,auto: merge CoreMap village duplicates; survivor = nearest to MIMU (16.8 m),2026-09-21T10:42:55.297Z
village:163896:row10338:village_point_Ayeyarwady_v96.zip_mmr_ady_pplp2_250k_mimu.shp,village:163896:row10338:village_point_Ayeyarwady_v96.zip_mmr_ady_pplp2_250k_mimu.shp,merge_confirmed_duplicate,128971,123639,,,auto: merge CoreMap village duplicates; survivor = nearest to MIMU (184.4 m),2026-09-21T10:42:55.297Z
village:150017:row10344:village_point_Ayeyarwady_v96.zip_mmr_ady_pplp2_250k_mimu.shp,village:150017:row10344:village_point_Ayeyarwady_v96.zip_mmr_ady_pplp2_250k_mimu.shp,merge_confirmed_duplicate,129488,129513;129398;129360,,,auto: merge CoreMap village duplicates; survivor = nearest to MIMU (33.7 m),2026-09-21T10:42:55.297Z
village:151305:row10372:village_point_Ayeyarwady_v96.zip_mmr_ady_pplp2_250k_mimu.shp,village:151305:row10372:village_point_Ayeyarwady_v96.zip_mmr_ady_pplp2_250k_mimu.shp,merge_confirmed_duplicate,129513,129488;129398;129360,,,auto: merge CoreMap village duplicates; survivor = nearest to MIMU (37.2 m),2026-09-21T10:42:55.297Z
village:151308:row10375:village_point_Ayeyarwady_v96.zip_mmr_ady_pplp2_250k_mimu.shp,village:151308:row10375:village_point_Ayeyarwady_v96.zip_mmr_ady_pplp2_250k_mimu.shp,merge_confirmed_duplicate,129351,129373,,,auto: merge CoreMap village duplicates; survivor = nearest to MIMU (25.0 m),2026-09-21T10:42:55.297Z
village:151804:row10386:village_point_Ayeyarwady_v96.zip_mmr_ady_pplp2_250k_mimu.shp,village:151804:row10386:village_point_Ayeyarwady_v96.zip_mmr_ady_pplp2_250k_mimu.shp,merge_confirmed_duplicate,129527,129526,,,auto: merge CoreMap village duplicates; survivor = nearest to MIMU (63.1 m),2026-09-21T10:42:55.297Z
village:152155:row10394:village_point_Ayeyarwady_v96.zip_mmr_ady_pplp2_250k_mimu.shp,village:152155:row10394:village_point_Ayeyarwady_v96.zip_mmr_ady_pplp2_250k_mimu.shp,merge_confirmed_duplicate,129427,129520,,,auto: merge CoreMap village duplicates; survivor = nearest to MIMU (505.2 m),2026-09-21T10:42:55.297Z
village:153125:row10426:village_point_Ayeyarwady_v96.zip_mmr_ady_pplp2_250k_mimu.shp,village:153125:row10426:village_point_Ayeyarwady_v96.zip_mmr_ady_pplp2_250k_mimu.shp,merge_confirmed_duplicate,129264,129572,,,auto: merge CoreMap village duplicates; survivor = nearest to MIMU (280.3 m),2026-09-21T10:42:55.297Z
village:153131:row10433:village_point_Ayeyarwady_v96.zip_mmr_ady_pplp2_250k_mimu.shp,village:153131:row10433:village_point_Ayeyarwady_v96.zip_mmr_ady_pplp2_250k_mimu.shp,merge_confirmed_duplicate,129218,129516,,,auto: merge CoreMap village duplicates; survivor = nearest to MIMU (10.9 m),2026-09-21T10:42:55.297Z
village:153130:row10434:village_point_Ayeyarwady_v96.zip_mmr_ady_pplp2_250k_mimu.shp,village:153130:row10434:village_point_Ayeyarwady_v96.zip_mmr_ady_pplp2_250k_mimu.shp,merge_confirmed_duplicate,129579,129395,,,auto: merge CoreMap village duplicates; survivor = nearest to MIMU (48.6 m),2026-09-21T10:42:55.297Z
village:154144:row10455:village_point_Ayeyarwady_v96.zip_mmr_ady_pplp2_250k_mimu.shp,village:154144:row10455:village_point_Ayeyarwady_v96.zip_mmr_ady_pplp2_250k_mimu.shp,merge_confirmed_duplicate,129526,129527,,,auto: merge CoreMap village duplicates; survivor = nearest to MIMU (93.3 m),2026-09-21T10:42:55.297Z
village:155163:row10473:village_point_Ayeyarwady_v96.zip_mmr_ady_pplp2_250k_mimu.shp,village:155163:row10473:village_point_Ayeyarwady_v96.zip_mmr_ady_pplp2_250k_mimu.shp,merge_confirmed_duplicate,129256,129300,,,auto: merge CoreMap village duplicates; survivor = nearest to MIMU (106.2 m),2026-09-21T10:42:55.297Z
village:155759:row10484:village_point_Ayeyarwady_v96.zip_mmr_ady_pplp2_250k_mimu.shp,village:155759:row10484:village_point_Ayeyarwady_v96.zip_mmr_ady_pplp2_250k_mimu.shp,merge_confirmed_duplicate,129510,129370,,,auto: merge CoreMap village duplicates; survivor = nearest to MIMU (75.3 m),2026-09-21T10:42:55.297Z
village:155859:row10491:village_point_Ayeyarwady_v96.zip_mmr_ady_pplp2_250k_mimu.shp,village:155859:row10491:village_point_Ayeyarwady_v96.zip_mmr_ady_pplp2_250k_mimu.shp,merge_confirmed_duplicate,129427,129520,,,auto: merge CoreMap village duplicates; survivor = nearest to MIMU (69.5 m),2026-09-21T10:42:55.297Z
village:155857:row10493:village_point_Ayeyarwady_v96.zip_mmr_ady_pplp2_250k_mimu.shp,village:155857:row10493:village_point_Ayeyarwady_v96.zip_mmr_ady_pplp2_250k_mimu.shp,merge_confirmed_duplicate,129349,129301,,,auto: merge CoreMap village duplicates; survivor = nearest to MIMU (1653.0 m),2026-09-21T10:42:55.297Z
village:156523:row10519:village_point_Ayeyarwady_v96.zip_mmr_ady_pplp2_250k_mimu.shp,village:156523:row10519:village_point_Ayeyarwady_v96.zip_mmr_ady_pplp2_250k_mimu.shp,merge_confirmed_duplicate,129270,129548,,,auto: merge CoreMap village duplicates; survivor = nearest to MIMU (88.8 m),2026-09-21T10:42:55.297Z
village:157156:row10544:village_point_Ayeyarwady_v96.zip_mmr_ady_pplp2_250k_mimu.shp,village:157156:row10544:village_point_Ayeyarwady_v96.zip_mmr_ady_pplp2_250k_mimu.shp,merge_confirmed_duplicate,129255,129379;129546;129537;129313,,,auto: merge CoreMap village duplicates; survivor = nearest to MIMU (0.0 m),2026-09-21T10:42:55.297Z
village:157350:row10547:village_point_Ayeyarwady_v96.zip_mmr_ady_pplp2_250k_mimu.shp,village:157350:row10547:village_point_Ayeyarwady_v96.zip_mmr_ady_pplp2_250k_mimu.shp,merge_confirmed_duplicate,129229,129361;129464,,,auto: merge CoreMap village duplicates; survivor = nearest to MIMU (6749.8 m),2026-09-21T10:42:55.297Z
village:157633:row10556:village_point_Ayeyarwady_v96.zip_mmr_ady_pplp2_250k_mimu.shp,village:157633:row10556:village_point_Ayeyarwady_v96.zip_mmr_ady_pplp2_250k_mimu.shp,merge_confirmed_duplicate,129264,129572,,,auto: merge CoreMap village duplicates; survivor = nearest to MIMU (47.4 m),2026-09-21T10:42:55.297Z
village:157632:row10558:village_point_Ayeyarwady_v96.zip_mmr_ady_pplp2_250k_mimu.shp,village:157632:row10558:village_point_Ayeyarwady_v96.zip_mmr_ady_pplp2_250k_mimu.shp,merge_confirmed_duplicate,129348,129543,,,auto: merge CoreMap village duplicates; survivor = nearest to MIMU (377.4 m),2026-09-21T10:42:55.297Z
village:158045:row10569:village_point_Ayeyarwady_v96.zip_mmr_ady_pplp2_250k_mimu.shp,village:158045:row10569:village_point_Ayeyarwady_v96.zip_mmr_ady_pplp2_250k_mimu.shp,merge_confirmed_duplicate,129499,129278,,,auto: merge CoreMap village duplicates; survivor = nearest to MIMU (5564.2 m),2026-09-21T10:42:55.297Z
village:158600:row10574:village_point_Ayeyarwady_v96.zip_mmr_ady_pplp2_250k_mimu.shp,village:158600:row10574:village_point_Ayeyarwady_v96.zip_mmr_ady_pplp2_250k_mimu.shp,merge_confirmed_duplicate,129300,129256,,,auto: merge CoreMap village duplicates; survivor = nearest to MIMU (2708.9 m),2026-09-21T10:42:55.297Z
village:158718:row10589:village_point_Ayeyarwady_v96.zip_mmr_ady_pplp2_250k_mimu.shp,village:158718:row10589:village_point_Ayeyarwady_v96.zip_mmr_ady_pplp2_250k_mimu.shp,merge_confirmed_duplicate,129509,129501,,,auto: merge CoreMap village duplicates; survivor = nearest to MIMU (100.8 m),2026-09-21T10:42:55.297Z
village:158716:row10591:village_point_Ayeyarwady_v96.zip_mmr_ady_pplp2_250k_mimu.shp,village:158716:row10591:village_point_Ayeyarwady_v96.zip_mmr_ady_pplp2_250k_mimu.shp,merge_confirmed_duplicate,129470,129325,,,auto: merge CoreMap village duplicates; survivor = nearest to MIMU (316.0 m),2026-09-21T10:42:55.297Z
village:158861:row10599:village_point_Ayeyarwady_v96.zip_mmr_ady_pplp2_250k_mimu.shp,village:158861:row10599:village_point_Ayeyarwady_v96.zip_mmr_ady_pplp2_250k_mimu.shp,merge_confirmed_duplicate,129585,129394,,,auto: merge CoreMap village duplicates; survivor = nearest to MIMU (12325.5 m),2026-09-21T10:42:55.297Z
village:158942:row10616:village_point_Ayeyarwady_v96.zip_mmr_ady_pplp2_250k_mimu.shp,village:158942:row10616:village_point_Ayeyarwady_v96.zip_mmr_ady_pplp2_250k_mimu.shp,merge_confirmed_duplicate,129269,129314;129347,,,auto: merge CoreMap village duplicates; survivor = nearest to MIMU (1774.2 m),2026-09-21T10:42:55.297Z
village:159400:row10626:village_point_Ayeyarwady_v96.zip_mmr_ady_pplp2_250k_mimu.shp,village:159400:row10626:village_point_Ayeyarwady_v96.zip_mmr_ady_pplp2_250k_mimu.shp,merge_confirmed_duplicate,129543,129348,,,auto: merge CoreMap village duplicates; survivor = nearest to MIMU (22.3 m),2026-09-21T10:42:55.297Z
village:159399:row10627:village_point_Ayeyarwady_v96.zip_mmr_ady_pplp2_250k_mimu.shp,village:159399:row10627:village_point_Ayeyarwady_v96.zip_mmr_ady_pplp2_250k_mimu.shp,merge_confirmed_duplicate,129502,129243,,,auto: merge CoreMap village duplicates; survivor = nearest to MIMU (375.6 m),2026-09-21T10:42:55.297Z
village:159626:row10630:village_point_Ayeyarwady_v96.zip_mmr_ady_pplp2_250k_mimu.shp,village:159626:row10630:village_point_Ayeyarwady_v96.zip_mmr_ady_pplp2_250k_mimu.shp,merge_confirmed_duplicate,129301,129349,,,auto: merge CoreMap village duplicates; survivor = nearest to MIMU (60.9 m),2026-09-21T10:42:55.297Z
village:159632:row10635:village_point_Ayeyarwady_v96.zip_mmr_ady_pplp2_250k_mimu.shp,village:159632:row10635:village_point_Ayeyarwady_v96.zip_mmr_ady_pplp2_250k_mimu.shp,merge_confirmed_duplicate,129402,129301;129349,,,auto: merge CoreMap village duplicates; survivor = nearest to MIMU (114.7 m),2026-09-21T10:42:55.297Z
village:159636:row10638:village_point_Ayeyarwady_v96.zip_mmr_ady_pplp2_250k_mimu.shp,village:159636:row10638:village_point_Ayeyarwady_v96.zip_mmr_ady_pplp2_250k_mimu.shp,merge_confirmed_duplicate,129196,129321,,,auto: merge CoreMap village duplicates; survivor = nearest to MIMU (24.9 m),2026-09-21T10:42:55.297Z
village:159635:row10641:village_point_Ayeyarwady_v96.zip_mmr_ady_pplp2_250k_mimu.shp,village:159635:row10641:village_point_Ayeyarwady_v96.zip_mmr_ady_pplp2_250k_mimu.shp,merge_confirmed_duplicate,129516,129218,,,auto: merge CoreMap village duplicates; survivor = nearest to MIMU (4.8 m),2026-09-21T10:42:55.297Z
village:159633:row10642:village_point_Ayeyarwady_v96.zip_mmr_ady_pplp2_250k_mimu.shp,village:159633:row10642:village_point_Ayeyarwady_v96.zip_mmr_ady_pplp2_250k_mimu.shp,merge_confirmed_duplicate,129395,129579,,,auto: merge CoreMap village duplicates; survivor = nearest to MIMU (52.1 m),2026-09-21T10:42:55.297Z
village:159674:row10643:village_point_Ayeyarwady_v96.zip_mmr_ady_pplp2_250k_mimu.shp,village:159674:row10643:village_point_Ayeyarwady_v96.zip_mmr_ady_pplp2_250k_mimu.shp,merge_confirmed_duplicate,129355,129432,,,auto: merge CoreMap village duplicates; survivor = nearest to MIMU (50.4 m),2026-09-21T10:42:55.297Z
village:159671:row10647:village_point_Ayeyarwady_v96.zip_mmr_ady_pplp2_250k_mimu.shp,village:159671:row10647:village_point_Ayeyarwady_v96.zip_mmr_ady_pplp2_250k_mimu.shp,merge_confirmed_duplicate,129510,129370,,,auto: merge CoreMap village duplicates; survivor = nearest to MIMU (307.5 m),2026-09-21T10:42:55.297Z
village:160598:row10649:village_point_Ayeyarwady_v96.zip_mmr_ady_pplp2_250k_mimu.shp,village:160598:row10649:village_point_Ayeyarwady_v96.zip_mmr_ady_pplp2_250k_mimu.shp,merge_confirmed_duplicate,129432,129355,,,auto: merge CoreMap village duplicates; survivor = nearest to MIMU (37.2 m),2026-09-21T10:42:55.297Z
village:160764:row10662:village_point_Ayeyarwady_v96.zip_mmr_ady_pplp2_250k_mimu.shp,village:160764:row10662:village_point_Ayeyarwady_v96.zip_mmr_ady_pplp2_250k_mimu.shp,merge_confirmed_duplicate,129321,129196,,,auto: merge CoreMap village duplicates; survivor = nearest to MIMU (52.4 m),2026-09-21T10:42:55.297Z
village:160762:row10664:village_point_Ayeyarwady_v96.zip_mmr_ady_pplp2_250k_mimu.shp,village:160762:row10664:village_point_Ayeyarwady_v96.zip_mmr_ady_pplp2_250k_mimu.shp,merge_confirmed_duplicate,129243,129502,,,auto: merge CoreMap village duplicates; survivor = nearest to MIMU (88.9 m),2026-09-21T10:42:55.297Z
village:160857:row10668:village_point_Ayeyarwady_v96.zip_mmr_ady_pplp2_250k_mimu.shp,village:160857:row10668:village_point_Ayeyarwady_v96.zip_mmr_ady_pplp2_250k_mimu.shp,merge_confirmed_duplicate,129379,129255;129546;129537;129313,,,auto: merge CoreMap village duplicates; survivor = nearest to MIMU (48.0 m),2026-09-21T10:42:55.297Z
village:161176:row10682:village_point_Ayeyarwady_v96.zip_mmr_ady_pplp2_250k_mimu.shp,village:161176:row10682:village_point_Ayeyarwady_v96.zip_mmr_ady_pplp2_250k_mimu.shp,merge_confirmed_duplicate,129278,129499,,,auto: merge CoreMap village duplicates; survivor = nearest to MIMU (9757.4 m),2026-09-21T10:42:55.297Z
village:161555:row10684:village_point_Ayeyarwady_v96.zip_mmr_ady_pplp2_250k_mimu.shp,village:161555:row10684:village_point_Ayeyarwady_v96.zip_mmr_ady_pplp2_250k_mimu.shp,merge_confirmed_duplicate,129373,129351,,,auto: merge CoreMap village duplicates; survivor = nearest to MIMU (549.0 m),2026-09-21T10:42:55.297Z
village:161557:row10689:village_point_Ayeyarwady_v96.zip_mmr_ady_pplp2_250k_mimu.shp,village:161557:row10689:village_point_Ayeyarwady_v96.zip_mmr_ady_pplp2_250k_mimu.shp,merge_confirmed_duplicate,129548,129270,,,auto: merge CoreMap village duplicates; survivor = nearest to MIMU (111.7 m),2026-09-21T10:42:55.297Z
village:161867:row10697:village_point_Ayeyarwady_v96.zip_mmr_ady_pplp2_250k_mimu.shp,village:161867:row10697:village_point_Ayeyarwady_v96.zip_mmr_ady_pplp2_250k_mimu.shp,merge_confirmed_duplicate,129501,129509,,,auto: merge CoreMap village duplicates; survivor = nearest to MIMU (27.2 m),2026-09-21T10:42:55.297Z
village:161938:row10707:village_point_Ayeyarwady_v96.zip_mmr_ady_pplp2_250k_mimu.shp,village:161938:row10707:village_point_Ayeyarwady_v96.zip_mmr_ady_pplp2_250k_mimu.shp,merge_confirmed_duplicate,129280,129392,,,auto: merge CoreMap village duplicates; survivor = nearest to MIMU (181.5 m),2026-09-21T10:42:55.297Z
village:162106:row10726:village_point_Ayeyarwady_v96.zip_mmr_ady_pplp2_250k_mimu.shp,village:162106:row10726:village_point_Ayeyarwady_v96.zip_mmr_ady_pplp2_250k_mimu.shp,merge_confirmed_duplicate,129269,129347;129314,,,auto: merge CoreMap village duplicates; survivor = nearest to MIMU (21520.2 m),2026-09-21T10:42:55.297Z
village:162364:row10732:village_point_Ayeyarwady_v96.zip_mmr_ady_pplp2_250k_mimu.shp,village:162364:row10732:village_point_Ayeyarwady_v96.zip_mmr_ady_pplp2_250k_mimu.shp,merge_confirmed_duplicate,129366,129461,,,auto: merge CoreMap village duplicates; survivor = nearest to MIMU (63.2 m),2026-09-21T10:42:55.297Z
village:162363:row10733:village_point_Ayeyarwady_v96.zip_mmr_ady_pplp2_250k_mimu.shp,village:162363:row10733:village_point_Ayeyarwady_v96.zip_mmr_ady_pplp2_250k_mimu.shp,merge_confirmed_duplicate,129325,129470,,,auto: merge CoreMap village duplicates; survivor = nearest to MIMU (55.1 m),2026-09-21T10:42:55.297Z
village:163636:row10756:village_point_Ayeyarwady_v96.zip_mmr_ady_pplp2_250k_mimu.shp,village:163636:row10756:village_point_Ayeyarwady_v96.zip_mmr_ady_pplp2_250k_mimu.shp,merge_confirmed_duplicate,129392,129280,,,auto: merge CoreMap village duplicates; survivor = nearest to MIMU (102.9 m),2026-09-21T10:42:55.297Z
village:163659:row10768:village_point_Ayeyarwady_v96.zip_mmr_ady_pplp2_250k_mimu.shp,village:163659:row10768:village_point_Ayeyarwady_v96.zip_mmr_ady_pplp2_250k_mimu.shp,merge_confirmed_duplicate,129461,129366,,,auto: merge CoreMap village duplicates; survivor = nearest to MIMU (62.3 m),2026-09-21T10:42:55.297Z
village:178371:row72:village_point_Bago_v96.zip_mmr_bgo_pplp2_250k_mimu.shp,village:178371:row72:village_point_Bago_v96.zip_mmr_bgo_pplp2_250k_mimu.shp,merge_confirmed_duplicate,137726,162203,,,auto: merge CoreMap village duplicates; survivor = nearest to MIMU (0.0 m),2026-09-21T10:42:55.297Z
village:178306:row124:village_point_Bago_v96.zip_mmr_bgo_pplp2_250k_mimu.shp,village:178306:row124:village_point_Bago_v96.zip_mmr_bgo_pplp2_250k_mimu.shp,merge_confirmed_duplicate,137747,173046,,,auto: merge CoreMap village duplicates; survivor = nearest to MIMU (0.0 m),2026-09-21T10:42:55.297Z
village:179444:row216:village_point_Bago_v96.zip_mmr_bgo_pplp2_250k_mimu.shp,village:179444:row216:village_point_Bago_v96.zip_mmr_bgo_pplp2_250k_mimu.shp,merge_confirmed_duplicate,137848,137667,,,auto: merge CoreMap village duplicates; survivor = nearest to MIMU (0.0 m),2026-09-21T10:42:55.297Z
village:181009:row425:village_point_Bago_v96.zip_mmr_bgo_pplp2_250k_mimu.shp,village:181009:row425:village_point_Bago_v96.zip_mmr_bgo_pplp2_250k_mimu.shp,merge_confirmed_duplicate,162430,170108,,,auto: merge CoreMap village duplicates; survivor = nearest to MIMU (0.0 m),2026-09-21T10:42:55.297Z
village:178657:row534:village_point_Bago_v96.zip_mmr_bgo_pplp2_250k_mimu.shp,village:178657:row534:village_point_Bago_v96.zip_mmr_bgo_pplp2_250k_mimu.shp,merge_confirmed_duplicate,162333,162332,,,auto: merge CoreMap village duplicates; survivor = nearest to MIMU (0.0 m),2026-09-21T10:42:55.297Z
village:178604:row545:village_point_Bago_v96.zip_mmr_bgo_pplp2_250k_mimu.shp,village:178604:row545:village_point_Bago_v96.zip_mmr_bgo_pplp2_250k_mimu.shp,merge_confirmed_duplicate,137935,162249,,,auto: merge CoreMap village duplicates; survivor = nearest to MIMU (0.0 m),2026-09-21T10:42:55.297Z
village:220102:row887:village_point_Bago_v96.zip_mmr_bgo_pplp2_250k_mimu.shp,village:220102:row887:village_point_Bago_v96.zip_mmr_bgo_pplp2_250k_mimu.shp,merge_confirmed_duplicate,138023,137989,,,auto: merge CoreMap village duplicates; survivor = nearest to MIMU (32639.0 m),2026-09-21T10:42:55.297Z
village:179036:row891:village_point_Bago_v96.zip_mmr_bgo_pplp2_250k_mimu.shp,village:179036:row891:village_point_Bago_v96.zip_mmr_bgo_pplp2_250k_mimu.shp,merge_confirmed_duplicate,138027,135856,,,auto: merge CoreMap village duplicates; survivor = nearest to MIMU (0.0 m),2026-09-21T10:42:55.297Z
village:178910:row1068:village_point_Bago_v96.zip_mmr_bgo_pplp2_250k_mimu.shp,village:178910:row1068:village_point_Bago_v96.zip_mmr_bgo_pplp2_250k_mimu.shp,merge_confirmed_duplicate,138224,138222,,,auto: merge CoreMap village duplicates; survivor = nearest to MIMU (0.0 m),2026-09-21T10:42:55.297Z
village:178967:row1102:village_point_Bago_v96.zip_mmr_bgo_pplp2_250k_mimu.shp,village:178967:row1102:village_point_Bago_v96.zip_mmr_bgo_pplp2_250k_mimu.shp,merge_confirmed_duplicate,138222,138224,,,auto: merge CoreMap village duplicates; survivor = nearest to MIMU (0.0 m),2026-09-21T10:42:55.297Z
village:180778:row1177:village_point_Bago_v96.zip_mmr_bgo_pplp2_250k_mimu.shp,village:180778:row1177:village_point_Bago_v96.zip_mmr_bgo_pplp2_250k_mimu.shp,merge_confirmed_duplicate,162429,135115,,,auto: merge CoreMap village duplicates; survivor = nearest to MIMU (76.3 m),2026-09-21T10:42:55.297Z
village:180785:row1206:village_point_Bago_v96.zip_mmr_bgo_pplp2_250k_mimu.shp,village:180785:row1206:village_point_Bago_v96.zip_mmr_bgo_pplp2_250k_mimu.shp,merge_confirmed_duplicate,135054,135073;135046,,,auto: merge CoreMap village duplicates; survivor = nearest to MIMU (0.0 m),2026-09-21T10:42:55.297Z
village:180850:row1244:village_point_Bago_v96.zip_mmr_bgo_pplp2_250k_mimu.shp,village:180850:row1244:village_point_Bago_v96.zip_mmr_bgo_pplp2_250k_mimu.shp,merge_confirmed_duplicate,135078,162438,,,auto: merge CoreMap village duplicates; survivor = nearest to MIMU (0.0 m),2026-09-21T10:42:55.297Z
village:180949:row1301:village_point_Bago_v96.zip_mmr_bgo_pplp2_250k_mimu.shp,village:180949:row1301:village_point_Bago_v96.zip_mmr_bgo_pplp2_250k_mimu.shp,merge_confirmed_duplicate,135115,162429,,,auto: merge CoreMap village duplicates; survivor = nearest to MIMU (0.0 m),2026-09-21T10:42:55.297Z
village:180810:row1305:village_point_Bago_v96.zip_mmr_bgo_pplp2_250k_mimu.shp,village:180810:row1305:village_point_Bago_v96.zip_mmr_bgo_pplp2_250k_mimu.shp,merge_confirmed_duplicate,135073,135054;135046,,,auto: merge CoreMap village duplicates; survivor = nearest to MIMU (0.0 m),2026-09-21T10:42:55.297Z
village:180440:row1389:village_point_Bago_v96.zip_mmr_bgo_pplp2_250k_mimu.shp,village:180440:row1389:village_point_Bago_v96.zip_mmr_bgo_pplp2_250k_mimu.shp,merge_confirmed_duplicate,135920,135745,,,auto: merge CoreMap village duplicates; survivor = nearest to MIMU (0.0 m),2026-09-21T10:42:55.297Z
village:180718:row1431:village_point_Bago_v96.zip_mmr_bgo_pplp2_250k_mimu.shp,village:180718:row1431:village_point_Bago_v96.zip_mmr_bgo_pplp2_250k_mimu.shp,merge_confirmed_duplicate,135836,135937,,,auto: merge CoreMap village duplicates; survivor = nearest to MIMU (20894.2 m),2026-09-21T10:42:55.297Z
village:180464:row1492:village_point_Bago_v96.zip_mmr_bgo_pplp2_250k_mimu.shp,village:180464:row1492:village_point_Bago_v96.zip_mmr_bgo_pplp2_250k_mimu.shp,merge_confirmed_duplicate,135745,135920,,,auto: merge CoreMap village duplicates; survivor = nearest to MIMU (0.0 m),2026-09-21T10:42:55.297Z
village:180520:row1530:village_point_Bago_v96.zip_mmr_bgo_pplp2_250k_mimu.shp,village:180520:row1530:village_point_Bago_v96.zip_mmr_bgo_pplp2_250k_mimu.shp,merge_confirmed_duplicate,135736,135687,,,auto: merge CoreMap village duplicates; survivor = nearest to MIMU (48.6 m),2026-09-21T10:42:55.297Z
village:180524:row1628:village_point_Bago_v96.zip_mmr_bgo_pplp2_250k_mimu.shp,village:180524:row1628:village_point_Bago_v96.zip_mmr_bgo_pplp2_250k_mimu.shp,merge_confirmed_duplicate,135687,135736,,,auto: merge CoreMap village duplicates; survivor = nearest to MIMU (0.0 m),2026-09-21T10:42:55.297Z
village:179863:row1753:village_point_Bago_v96.zip_mmr_bgo_pplp2_250k_mimu.shp,village:179863:row1753:village_point_Bago_v96.zip_mmr_bgo_pplp2_250k_mimu.shp,merge_confirmed_duplicate,134745,159518;134877,,,auto: merge CoreMap village duplicates; survivor = nearest to MIMU (0.0 m),2026-09-21T10:42:55.297Z
village:179749:row1769:village_point_Bago_v96.zip_mmr_bgo_pplp2_250k_mimu.shp,village:179749:row1769:village_point_Bago_v96.zip_mmr_bgo_pplp2_250k_mimu.shp,merge_confirmed_duplicate,134901,162409,,,auto: merge CoreMap village duplicates; survivor = nearest to MIMU (0.0 m),2026-09-21T10:42:55.297Z
village:179756:row1793:village_point_Bago_v96.zip_mmr_bgo_pplp2_250k_mimu.shp,village:179756:row1793:village_point_Bago_v96.zip_mmr_bgo_pplp2_250k_mimu.shp,merge_confirmed_duplicate,134842,162408,,,auto: merge CoreMap village duplicates; survivor = nearest to MIMU (0.0 m),2026-09-21T10:42:55.297Z
village:179908:row1829:village_point_Bago_v96.zip_mmr_bgo_pplp2_250k_mimu.shp,village:179908:row1829:village_point_Bago_v96.zip_mmr_bgo_pplp2_250k_mimu.shp,merge_confirmed_duplicate,134897,162415;134720,,,auto: merge CoreMap village duplicates; survivor = nearest to MIMU (0.0 m),2026-09-21T10:42:55.297Z
village:180011:row2191:village_point_Bago_v96.zip_mmr_bgo_pplp2_250k_mimu.shp,village:180011:row2191:village_point_Bago_v96.zip_mmr_bgo_pplp2_250k_mimu.shp,merge_confirmed_duplicate,134457,166202;134452,,,auto: merge CoreMap village duplicates; survivor = nearest to MIMU (0.0 m),2026-09-21T10:42:55.297Z
village:180023:row2327:village_point_Bago_v96.zip_mmr_bgo_pplp2_250k_mimu.shp,village:180023:row2327:village_point_Bago_v96.zip_mmr_bgo_pplp2_250k_mimu.shp,merge_confirmed_duplicate,166202,134457;134452,,,auto: merge CoreMap village duplicates; survivor = nearest to MIMU (100.5 m),2026-09-21T10:42:55.297Z
village:184577:row2386:village_point_Bago_v96.zip_mmr_bgo_pplp2_250k_mimu.shp,village:184577:row2386:village_point_Bago_v96.zip_mmr_bgo_pplp2_250k_mimu.shp,merge_confirmed_duplicate,139986,139965,,,auto: merge CoreMap village duplicates; survivor = nearest to MIMU (0.0 m),2026-09-21T10:42:55.297Z
village:184563:row2390:village_point_Bago_v96.zip_mmr_bgo_pplp2_250k_mimu.shp,village:184563:row2390:village_point_Bago_v96.zip_mmr_bgo_pplp2_250k_mimu.shp,merge_confirmed_duplicate,139962,139950,,,auto: merge CoreMap village duplicates; survivor = nearest to MIMU (0.0 m),2026-09-21T10:42:55.297Z
village:184639:row2397:village_point_Bago_v96.zip_mmr_bgo_pplp2_250k_mimu.shp,village:184639:row2397:village_point_Bago_v96.zip_mmr_bgo_pplp2_250k_mimu.shp,merge_confirmed_duplicate,140048,140028,,,auto: merge CoreMap village duplicates; survivor = nearest to MIMU (0.0 m),2026-09-21T10:42:55.297Z
village:184487:row2479:village_point_Bago_v96.zip_mmr_bgo_pplp2_250k_mimu.shp,village:184487:row2479:village_point_Bago_v96.zip_mmr_bgo_pplp2_250k_mimu.shp,merge_confirmed_duplicate,139929,139928;139910;140145,,,auto: merge CoreMap village duplicates; survivor = nearest to MIMU (0.0 m),2026-09-21T10:42:55.297Z
village:184607:row2494:village_point_Bago_v96.zip_mmr_bgo_pplp2_250k_mimu.shp,village:184607:row2494:village_point_Bago_v96.zip_mmr_bgo_pplp2_250k_mimu.shp,merge_confirmed_duplicate,140090,140085,,,auto: merge CoreMap village duplicates; survivor = nearest to MIMU (0.0 m),2026-09-21T10:42:55.297Z
village:184635:row2498:village_point_Bago_v96.zip_mmr_bgo_pplp2_250k_mimu.shp,village:184635:row2498:village_point_Bago_v96.zip_mmr_bgo_pplp2_250k_mimu.shp,merge_confirmed_duplicate,140086,140073,,,auto: merge CoreMap village duplicates; survivor = nearest to MIMU (0.0 m),2026-09-21T10:42:55.297Z
village:184634:row2499:village_point_Bago_v96.zip_mmr_bgo_pplp2_250k_mimu.shp,village:184634:row2499:village_point_Bago_v96.zip_mmr_bgo_pplp2_250k_mimu.shp,merge_confirmed_duplicate,140085,140090,,,auto: merge CoreMap village duplicates; survivor = nearest to MIMU (0.0 m),2026-09-21T10:42:55.297Z
village:184570:row2526:village_point_Bago_v96.zip_mmr_bgo_pplp2_250k_mimu.shp,village:184570:row2526:village_point_Bago_v96.zip_mmr_bgo_pplp2_250k_mimu.shp,merge_confirmed_duplicate,140081,140070;140087;140024;139952;139998,,,auto: merge CoreMap village duplicates; survivor = nearest to MIMU (0.0 m),2026-09-21T10:42:55.297Z
village:184571:row2529:village_point_Bago_v96.zip_mmr_bgo_pplp2_250k_mimu.shp,village:184571:row2529:village_point_Bago_v96.zip_mmr_bgo_pplp2_250k_mimu.shp,merge_confirmed_duplicate,140078,140077,,,auto: merge CoreMap village duplicates; survivor = nearest to MIMU (0.0 m),2026-09-21T10:42:55.297Z
village:184448:row2549:village_point_Bago_v96.zip_mmr_bgo_pplp2_250k_mimu.shp,village:184448:row2549:village_point_Bago_v96.zip_mmr_bgo_pplp2_250k_mimu.shp,merge_confirmed_duplicate,139928,139929;139910;140145,,,auto: merge CoreMap village duplicates; survivor = nearest to MIMU (0.0 m),2026-09-21T10:42:55.297Z
village:184504:row2552:village_point_Bago_v96.zip_mmr_bgo_pplp2_250k_mimu.shp,village:184504:row2552:village_point_Bago_v96.zip_mmr_bgo_pplp2_250k_mimu.shp,merge_confirmed_duplicate,139950,139962,,,auto: merge CoreMap village duplicates; survivor = nearest to MIMU (0.0 m),2026-09-21T10:42:55.297Z
village:184647:row2568:village_point_Bago_v96.zip_mmr_bgo_pplp2_250k_mimu.shp,village:184647:row2568:village_point_Bago_v96.zip_mmr_bgo_pplp2_250k_mimu.shp,merge_confirmed_duplicate,140028,140048,,,auto: merge CoreMap village duplicates; survivor = nearest to MIMU (0.0 m),2026-09-21T10:42:55.297Z
village:184557:row2586:village_point_Bago_v96.zip_mmr_bgo_pplp2_250k_mimu.shp,village:184557:row2586:village_point_Bago_v96.zip_mmr_bgo_pplp2_250k_mimu.shp,merge_confirmed_duplicate,140077,140078,,,auto: merge CoreMap village duplicates; survivor = nearest to MIMU (0.0 m),2026-09-21T10:42:55.297Z
village:184517:row2589:village_point_Bago_v96.zip_mmr_bgo_pplp2_250k_mimu.shp,village:184517:row2589:village_point_Bago_v96.zip_mmr_bgo_pplp2_250k_mimu.shp,merge_confirmed_duplicate,139912,140787,,,auto: merge CoreMap village duplicates; survivor = nearest to MIMU (0.0 m),2026-09-21T10:42:55.297Z
village:184521:row2599:village_point_Bago_v96.zip_mmr_bgo_pplp2_250k_mimu.shp,village:184521:row2599:village_point_Bago_v96.zip_mmr_bgo_pplp2_250k_mimu.shp,merge_confirmed_duplicate,140076,140110,,,auto: merge CoreMap village duplicates; survivor = nearest to MIMU (0.0 m),2026-09-21T10:42:55.297Z
village:184519:row2600:village_point_Bago_v96.zip_mmr_bgo_pplp2_250k_mimu.shp,village:184519:row2600:village_point_Bago_v96.zip_mmr_bgo_pplp2_250k_mimu.shp,merge_confirmed_duplicate,140111,140108,,,auto: merge CoreMap village duplicates; survivor = nearest to MIMU (0.0 m),2026-09-21T10:42:55.297Z
village:184674:row2605:village_point_Bago_v96.zip_mmr_bgo_pplp2_250k_mimu.shp,village:184674:row2605:village_point_Bago_v96.zip_mmr_bgo_pplp2_250k_mimu.shp,merge_confirmed_duplicate,140073,140086,,,auto: merge CoreMap village duplicates; survivor = nearest to MIMU (0.0 m),2026-09-21T10:42:55.297Z
village:184616:row2613:village_point_Bago_v96.zip_mmr_bgo_pplp2_250k_mimu.shp,village:184616:row2613:village_point_Bago_v96.zip_mmr_bgo_pplp2_250k_mimu.shp,merge_confirmed_duplicate,140110,140076,,,auto: merge CoreMap village duplicates; survivor = nearest to MIMU (0.0 m),2026-09-21T10:42:55.297Z
village:184614:row2615:village_point_Bago_v96.zip_mmr_bgo_pplp2_250k_mimu.shp,village:184614:row2615:village_point_Bago_v96.zip_mmr_bgo_pplp2_250k_mimu.shp,merge_confirmed_duplicate,140108,140111,,,auto: merge CoreMap village duplicates; survivor = nearest to MIMU (0.0 m),2026-09-21T10:42:55.297Z
village:184566:row2619:village_point_Bago_v96.zip_mmr_bgo_pplp2_250k_mimu.shp,village:184566:row2619:village_point_Bago_v96.zip_mmr_bgo_pplp2_250k_mimu.shp,merge_confirmed_duplicate,140070,140081;140087;140024;139952;139998,,,auto: merge CoreMap village duplicates; survivor = nearest to MIMU (0.0 m),2026-09-21T10:42:55.297Z
village:184465:row2642:village_point_Bago_v96.zip_mmr_bgo_pplp2_250k_mimu.shp,village:184465:row2642:village_point_Bago_v96.zip_mmr_bgo_pplp2_250k_mimu.shp,merge_confirmed_duplicate,139965,139986,,,auto: merge CoreMap village duplicates; survivor = nearest to MIMU (0.0 m),2026-09-21T10:42:55.297Z
village:182991:row2754:village_point_Bago_v96.zip_mmr_bgo_pplp2_250k_mimu.shp,village:182991:row2754:village_point_Bago_v96.zip_mmr_bgo_pplp2_250k_mimu.shp,merge_confirmed_duplicate,140308,140300,,,auto: merge CoreMap village duplicates; survivor = nearest to MIMU (0.0 m),2026-09-21T10:42:55.297Z
village:183074:row2788:village_point_Bago_v96.zip_mmr_bgo_pplp2_250k_mimu.shp,village:183074:row2788:village_point_Bago_v96.zip_mmr_bgo_pplp2_250k_mimu.shp,merge_confirmed_duplicate,140300,140308,,,auto: merge CoreMap village duplicates; survivor = nearest to MIMU (0.0 m),2026-09-21T10:42:55.297Z
village:183382:row2947:village_point_Bago_v96.zip_mmr_bgo_pplp2_250k_mimu.shp,village:183382:row2947:village_point_Bago_v96.zip_mmr_bgo_pplp2_250k_mimu.shp,merge_confirmed_duplicate,140558,140550;140561;140602,,,auto: merge CoreMap village duplicates; survivor = nearest to MIMU (0.0 m),2026-09-21T10:42:55.297Z
village:183448:row3014:village_point_Bago_v96.zip_mmr_bgo_pplp2_250k_mimu.shp,village:183448:row3014:village_point_Bago_v96.zip_mmr_bgo_pplp2_250k_mimu.shp,merge_confirmed_duplicate,140591,140587,,,auto: merge CoreMap village duplicates; survivor = nearest to MIMU (0.0 m),2026-09-21T10:42:55.297Z
village:183445:row3017:village_point_Bago_v96.zip_mmr_bgo_pplp2_250k_mimu.shp,village:183445:row3017:village_point_Bago_v96.zip_mmr_bgo_pplp2_250k_mimu.shp,merge_confirmed_duplicate,140588,140563,,,auto: merge CoreMap village duplicates; survivor = nearest to MIMU (32.0 m),2026-09-21T10:42:55.297Z
village:183244:row3039:village_point_Bago_v96.zip_mmr_bgo_pplp2_250k_mimu.shp,village:183244:row3039:village_point_Bago_v96.zip_mmr_bgo_pplp2_250k_mimu.shp,merge_confirmed_duplicate,140641,160663,,,auto: merge CoreMap village duplicates; survivor = nearest to MIMU (0.0 m),2026-09-21T10:42:55.297Z
village:183487:row3051:village_point_Bago_v96.zip_mmr_bgo_pplp2_250k_mimu.shp,village:183487:row3051:village_point_Bago_v96.zip_mmr_bgo_pplp2_250k_mimu.shp,merge_confirmed_duplicate,140587,140591,,,auto: merge CoreMap village duplicates; survivor = nearest to MIMU (0.0 m),2026-09-21T10:42:55.297Z
village:183488:row3052:village_point_Bago_v96.zip_mmr_bgo_pplp2_250k_mimu.shp,village:183488:row3052:village_point_Bago_v96.zip_mmr_bgo_pplp2_250k_mimu.shp,merge_confirmed_duplicate,140586,140573,,,auto: merge CoreMap village duplicates; survivor = nearest to MIMU (0.0 m),2026-09-21T10:42:55.297Z
village:183370:row3064:village_point_Bago_v96.zip_mmr_bgo_pplp2_250k_mimu.shp,village:183370:row3064:village_point_Bago_v96.zip_mmr_bgo_pplp2_250k_mimu.shp,merge_confirmed_duplicate,140584,140578,,,auto: merge CoreMap village duplicates; survivor = nearest to MIMU (0.0 m),2026-09-21T10:42:55.297Z
village:183371:row3069:village_point_Bago_v96.zip_mmr_bgo_pplp2_250k_mimu.shp,village:183371:row3069:village_point_Bago_v96.zip_mmr_bgo_pplp2_250k_mimu.shp,merge_confirmed_duplicate,140579,140562,,,auto: merge CoreMap village duplicates; survivor = nearest to MIMU (0.0 m),2026-09-21T10:42:55.297Z
village:183380:row3090:village_point_Bago_v96.zip_mmr_bgo_pplp2_250k_mimu.shp,village:183380:row3090:village_point_Bago_v96.zip_mmr_bgo_pplp2_250k_mimu.shp,merge_confirmed_duplicate,140550,140558;140561;140602,,,auto: merge CoreMap village duplicates; survivor = nearest to MIMU (46.6 m),2026-09-21T10:42:55.297Z
village:183379:row3091:village_point_Bago_v96.zip_mmr_bgo_pplp2_250k_mimu.shp,village:183379:row3091:village_point_Bago_v96.zip_mmr_bgo_pplp2_250k_mimu.shp,merge_confirmed_duplicate,140578,140584,,,auto: merge CoreMap village duplicates; survivor = nearest to MIMU (0.0 m),2026-09-21T10:42:55.297Z
village:183437:row3135:village_point_Bago_v96.zip_mmr_bgo_pplp2_250k_mimu.shp,village:183437:row3135:village_point_Bago_v96.zip_mmr_bgo_pplp2_250k_mimu.shp,merge_confirmed_duplicate,140573,140586,,,auto: merge CoreMap village duplicates; survivor = nearest to MIMU (0.0 m),2026-09-21T10:42:55.297Z
village:183473:row3154:village_point_Bago_v96.zip_mmr_bgo_pplp2_250k_mimu.shp,village:183473:row3154:village_point_Bago_v96.zip_mmr_bgo_pplp2_250k_mimu.shp,merge_confirmed_duplicate,140563,140588,,,auto: merge CoreMap village duplicates; survivor = nearest to MIMU (30.0 m),2026-09-21T10:42:55.297Z
village:183472:row3155:village_point_Bago_v96.zip_mmr_bgo_pplp2_250k_mimu.shp,village:183472:row3155:village_point_Bago_v96.zip_mmr_bgo_pplp2_250k_mimu.shp,merge_confirmed_duplicate,140562,140579,,,auto: merge CoreMap village duplicates; survivor = nearest to MIMU (47.9 m),2026-09-21T10:42:55.297Z
village:184250:row3208:village_point_Bago_v96.zip_mmr_bgo_pplp2_250k_mimu.shp,village:184250:row3208:village_point_Bago_v96.zip_mmr_bgo_pplp2_250k_mimu.shp,merge_confirmed_duplicate,140806,140801,,,auto: merge CoreMap village duplicates; survivor = nearest to MIMU (0.0 m),2026-09-21T10:42:55.297Z
village:184319:row3216:village_point_Bago_v96.zip_mmr_bgo_pplp2_250k_mimu.shp,village:184319:row3216:village_point_Bago_v96.zip_mmr_bgo_pplp2_250k_mimu.shp,merge_confirmed_duplicate,140731,171466,,,auto: merge CoreMap village duplicates; survivor = nearest to MIMU (0.0 m),2026-09-21T10:42:55.297Z
village:184357:row3224:village_point_Bago_v96.zip_mmr_bgo_pplp2_250k_mimu.shp,village:184357:row3224:village_point_Bago_v96.zip_mmr_bgo_pplp2_250k_mimu.shp,merge_confirmed_duplicate,140801,140806,,,auto: merge CoreMap village duplicates; survivor = nearest to MIMU (0.0 m),2026-09-21T10:42:55.297Z
village:184293:row3253:village_point_Bago_v96.zip_mmr_bgo_pplp2_250k_mimu.shp,village:184293:row3253:village_point_Bago_v96.zip_mmr_bgo_pplp2_250k_mimu.shp,merge_confirmed_duplicate,140699,140696;140842,,,auto: merge CoreMap village duplicates; survivor = nearest to MIMU (0.0 m),2026-09-21T10:42:55.297Z
village:184369:row3258:village_point_Bago_v96.zip_mmr_bgo_pplp2_250k_mimu.shp,village:184369:row3258:village_point_Bago_v96.zip_mmr_bgo_pplp2_250k_mimu.shp,merge_confirmed_duplicate,140811,139932,,,auto: merge CoreMap village duplicates; survivor = nearest to MIMU (0.0 m),2026-09-21T10:42:55.297Z
village:184367:row3260:village_point_Bago_v96.zip_mmr_bgo_pplp2_250k_mimu.shp,village:184367:row3260:village_point_Bago_v96.zip_mmr_bgo_pplp2_250k_mimu.shp,merge_confirmed_duplicate,140794,139922,,,auto: merge CoreMap village duplicates; survivor = nearest to MIMU (0.0 m),2026-09-21T10:42:55.297Z
village:184300:row3379:village_point_Bago_v96.zip_mmr_bgo_pplp2_250k_mimu.shp,village:184300:row3379:village_point_Bago_v96.zip_mmr_bgo_pplp2_250k_mimu.shp,merge_confirmed_duplicate,140696,140699;140842,,,auto: merge CoreMap village duplicates; survivor = nearest to MIMU (0.0 m),2026-09-21T10:42:55.297Z
village:183948:row3441:village_point_Bago_v96.zip_mmr_bgo_pplp2_250k_mimu.shp,village:183948:row3441:village_point_Bago_v96.zip_mmr_bgo_pplp2_250k_mimu.shp,merge_confirmed_duplicate,141019,140999;141021;141148,,,auto: merge CoreMap village duplicates; survivor = nearest to MIMU (0.0 m),2026-09-21T10:42:55.297Z
village:183949:row3442:village_point_Bago_v96.zip_mmr_bgo_pplp2_250k_mimu.shp,village:183949:row3442:village_point_Bago_v96.zip_mmr_bgo_pplp2_250k_mimu.shp,merge_confirmed_duplicate,141083,141003;141044;141176,,,auto: merge CoreMap village duplicates; survivor = nearest to MIMU (5498.5 m),2026-09-21T10:42:55.297Z
village:184141:row3577:village_point_Bago_v96.zip_mmr_bgo_pplp2_250k_mimu.shp,village:184141:row3577:village_point_Bago_v96.zip_mmr_bgo_pplp2_250k_mimu.shp,merge_confirmed_duplicate,141054,141207,,,auto: merge CoreMap village duplicates; survivor = nearest to MIMU (3028.9 m),2026-09-21T10:42:55.297Z
village:183956:row3580:village_point_Bago_v96.zip_mmr_bgo_pplp2_250k_mimu.shp,village:183956:row3580:village_point_Bago_v96.zip_mmr_bgo_pplp2_250k_mimu.shp,merge_confirmed_duplicate,140999,141019;141021;141148,,,auto: merge CoreMap village duplicates; survivor = nearest to MIMU (78.5 m),2026-09-21T10:42:55.297Z
village:183545:row3730:village_point_Bago_v96.zip_mmr_bgo_pplp2_250k_mimu.shp,village:183545:row3730:village_point_Bago_v96.zip_mmr_bgo_pplp2_250k_mimu.shp,merge_confirmed_duplicate,141362,141342,,,auto: merge CoreMap village duplicates; survivor = nearest to MIMU (0.0 m),2026-09-21T10:42:55.297Z
village:183620:row3740:village_point_Bago_v96.zip_mmr_bgo_pplp2_250k_mimu.shp,village:183620:row3740:village_point_Bago_v96.zip_mmr_bgo_pplp2_250k_mimu.shp,merge_confirmed_duplicate,141411,141391,,,auto: merge CoreMap village duplicates; survivor = nearest to MIMU (66.8 m),2026-09-21T10:42:55.297Z
village:183576:row3765:village_point_Bago_v96.zip_mmr_bgo_pplp2_250k_mimu.shp,village:183576:row3765:village_point_Bago_v96.zip_mmr_bgo_pplp2_250k_mimu.shp,merge_confirmed_duplicate,141254,141247,,,auto: merge CoreMap village duplicates; survivor = nearest to MIMU (0.0 m),2026-09-21T10:42:55.297Z
village:183674:row3772:village_point_Bago_v96.zip_mmr_bgo_pplp2_250k_mimu.shp,village:183674:row3772:village_point_Bago_v96.zip_mmr_bgo_pplp2_250k_mimu.shp,merge_confirmed_duplicate,141379,141370,,,auto: merge CoreMap village duplicates; survivor = nearest to MIMU (0.0 m),2026-09-21T10:42:55.297Z
village:183672:row3775:village_point_Bago_v96.zip_mmr_bgo_pplp2_250k_mimu.shp,village:183672:row3775:village_point_Bago_v96.zip_mmr_bgo_pplp2_250k_mimu.shp,merge_confirmed_duplicate,141377,141373,,,auto: merge CoreMap village duplicates; survivor = nearest to MIMU (0.0 m),2026-09-21T10:42:55.297Z
village:183519:row3788:village_point_Bago_v96.zip_mmr_bgo_pplp2_250k_mimu.shp,village:183519:row3788:village_point_Bago_v96.zip_mmr_bgo_pplp2_250k_mimu.shp,merge_confirmed_duplicate,141298,141285,,,auto: merge CoreMap village duplicates; survivor = nearest to MIMU (0.0 m),2026-09-21T10:42:55.297Z
village:183602:row3818:village_point_Bago_v96.zip_mmr_bgo_pplp2_250k_mimu.shp,village:183602:row3818:village_point_Bago_v96.zip_mmr_bgo_pplp2_250k_mimu.shp,merge_confirmed_duplicate,141408,141400,,,auto: merge CoreMap village duplicates; survivor = nearest to MIMU (0.0 m),2026-09-21T10:42:55.297Z
village:183603:row3821:village_point_Bago_v96.zip_mmr_bgo_pplp2_250k_mimu.shp,village:183603:row3821:village_point_Bago_v96.zip_mmr_bgo_pplp2_250k_mimu.shp,merge_confirmed_duplicate,141339,141312;141300;141262;141441;141249,,,auto: merge CoreMap village duplicates; survivor = nearest to MIMU (0.0 m),2026-09-21T10:42:55.297Z
village:183508:row3838:village_point_Bago_v96.zip_mmr_bgo_pplp2_250k_mimu.shp,village:183508:row3838:village_point_Bago_v96.zip_mmr_bgo_pplp2_250k_mimu.shp,merge_confirmed_duplicate,141285,141298,,,auto: merge CoreMap village duplicates; survivor = nearest to MIMU (0.0 m),2026-09-21T10:42:55.297Z
village:183668:row3842:village_point_Bago_v96.zip_mmr_bgo_pplp2_250k_mimu.shp,village:183668:row3842:village_point_Bago_v96.zip_mmr_bgo_pplp2_250k_mimu.shp,merge_confirmed_duplicate,141373,141377,,,auto: merge CoreMap village duplicates; survivor = nearest to MIMU (0.0 m),2026-09-21T10:42:55.297Z
village:183502:row3852:village_point_Bago_v96.zip_mmr_bgo_pplp2_250k_mimu.shp,village:183502:row3852:village_point_Bago_v96.zip_mmr_bgo_pplp2_250k_mimu.shp,merge_confirmed_duplicate,141328,141310;141304;141256,,,auto: merge CoreMap village duplicates; survivor = nearest to MIMU (0.0 m),2026-09-21T10:42:55.297Z
village:183538:row3863:village_point_Bago_v96.zip_mmr_bgo_pplp2_250k_mimu.shp,village:183538:row3863:village_point_Bago_v96.zip_mmr_bgo_pplp2_250k_mimu.shp,merge_confirmed_duplicate,141322,141317,,,auto: merge CoreMap village duplicates; survivor = nearest to MIMU (0.0 m),2026-09-21T10:42:55.297Z
village:183716:row3870:village_point_Bago_v96.zip_mmr_bgo_pplp2_250k_mimu.shp,village:183716:row3870:village_point_Bago_v96.zip_mmr_bgo_pplp2_250k_mimu.shp,merge_confirmed_duplicate,141317,141322,,,auto: merge CoreMap village duplicates; survivor = nearest to MIMU (0.0 m),2026-09-21T10:42:55.297Z
village:183568:row3882:village_point_Bago_v96.zip_mmr_bgo_pplp2_250k_mimu.shp,village:183568:row3882:village_point_Bago_v96.zip_mmr_bgo_pplp2_250k_mimu.shp,merge_confirmed_duplicate,141247,141254,,,auto: merge CoreMap village duplicates; survivor = nearest to MIMU (0.0 m),2026-09-21T10:42:55.297Z
village:183594:row3890:village_point_Bago_v96.zip_mmr_bgo_pplp2_250k_mimu.shp,village:183594:row3890:village_point_Bago_v96.zip_mmr_bgo_pplp2_250k_mimu.shp,merge_confirmed_duplicate,141401,141389;141444,,,auto: merge CoreMap village duplicates; survivor = nearest to MIMU (0.0 m),2026-09-21T10:42:55.297Z
village:183597:row3892:village_point_Bago_v96.zip_mmr_bgo_pplp2_250k_mimu.shp,village:183597:row3892:village_point_Bago_v96.zip_mmr_bgo_pplp2_250k_mimu.shp,merge_confirmed_duplicate,141312,141339;141300;141262;141441;141249,,,auto: merge CoreMap village duplicates; survivor = nearest to MIMU (0.0 m),2026-09-21T10:42:55.297Z
village:183667:row3909:village_point_Bago_v96.zip_mmr_bgo_pplp2_250k_mimu.shp,village:183667:row3909:village_point_Bago_v96.zip_mmr_bgo_pplp2_250k_mimu.shp,merge_confirmed_duplicate,141370,141379,,,auto: merge CoreMap village duplicates; survivor = nearest to MIMU (0.0 m),2026-09-21T10:42:55.297Z
village:183666:row3911:village_point_Bago_v96.zip_mmr_bgo_pplp2_250k_mimu.shp,village:183666:row3911:village_point_Bago_v96.zip_mmr_bgo_pplp2_250k_mimu.shp,merge_confirmed_duplicate,141344,141340,,,auto: merge CoreMap village duplicates; survivor = nearest to MIMU (0.0 m),2026-09-21T10:42:55.297Z
village:183506:row3920:village_point_Bago_v96.zip_mmr_bgo_pplp2_250k_mimu.shp,village:183506:row3920:village_point_Bago_v96.zip_mmr_bgo_pplp2_250k_mimu.shp,merge_confirmed_duplicate,141310,141328;141304;141256,,,auto: merge CoreMap village duplicates; survivor = nearest to MIMU (0.0 m),2026-09-21T10:42:55.297Z
village:183587:row3923:village_point_Bago_v96.zip_mmr_bgo_pplp2_250k_mimu.shp,village:183587:row3923:village_point_Bago_v96.zip_mmr_bgo_pplp2_250k_mimu.shp,merge_confirmed_duplicate,141342,141362,,,auto: merge CoreMap village duplicates; survivor = nearest to MIMU (0.0 m),2026-09-21T10:42:55.297Z
village:183712:row3928:village_point_Bago_v96.zip_mmr_bgo_pplp2_250k_mimu.shp,village:183712:row3928:village_point_Bago_v96.zip_mmr_bgo_pplp2_250k_mimu.shp,merge_confirmed_duplicate,141340,141344,,,auto: merge CoreMap village duplicates; survivor = nearest to MIMU (0.0 m),2026-09-21T10:42:55.297Z
village:183612:row3930:village_point_Bago_v96.zip_mmr_bgo_pplp2_250k_mimu.shp,village:183612:row3930:village_point_Bago_v96.zip_mmr_bgo_pplp2_250k_mimu.shp,merge_confirmed_duplicate,141400,141408,,,auto: merge CoreMap village duplicates; survivor = nearest to MIMU (0.0 m),2026-09-21T10:42:55.297Z
village:183625:row3941:village_point_Bago_v96.zip_mmr_bgo_pplp2_250k_mimu.shp,village:183625:row3941:village_point_Bago_v96.zip_mmr_bgo_pplp2_250k_mimu.shp,merge_confirmed_duplicate,141391,141411,,,auto: merge CoreMap village duplicates; survivor = nearest to MIMU (0.0 m),2026-09-21T10:42:55.297Z
village:183622:row3943:village_point_Bago_v96.zip_mmr_bgo_pplp2_250k_mimu.shp,village:183622:row3943:village_point_Bago_v96.zip_mmr_bgo_pplp2_250k_mimu.shp,merge_confirmed_duplicate,141389,141401;141444,,,auto: merge CoreMap village duplicates; survivor = nearest to MIMU (0.0 m),2026-09-21T10:42:55.297Z
village:181361:row4189:village_point_Bago_v96.zip_mmr_bgo_pplp2_250k_mimu.shp,village:181361:row4189:village_point_Bago_v96.zip_mmr_bgo_pplp2_250k_mimu.shp,merge_confirmed_duplicate,138792,138755;138795,,,auto: merge CoreMap village duplicates; survivor = nearest to MIMU (0.0 m),2026-09-21T10:42:55.297Z
village:181371:row4315:village_point_Bago_v96.zip_mmr_bgo_pplp2_250k_mimu.shp,village:181371:row4315:village_point_Bago_v96.zip_mmr_bgo_pplp2_250k_mimu.shp,merge_confirmed_duplicate,138755,138792;138795,,,auto: merge CoreMap village duplicates; survivor = nearest to MIMU (0.0 m),2026-09-21T10:42:55.297Z
village:181869:row4551:village_point_Bago_v96.zip_mmr_bgo_pplp2_250k_mimu.shp,village:181869:row4551:village_point_Bago_v96.zip_mmr_bgo_pplp2_250k_mimu.shp,merge_confirmed_duplicate,139080,139660;138955;138884,,,auto: merge CoreMap village duplicates; survivor = nearest to MIMU (0.0 m),2026-09-21T10:42:55.297Z
village:181966:row4564:village_point_Bago_v96.zip_mmr_bgo_pplp2_250k_mimu.shp,village:181966:row4564:village_point_Bago_v96.zip_mmr_bgo_pplp2_250k_mimu.shp,merge_confirmed_duplicate,138955,138884;139080;139660,,,auto: merge CoreMap village duplicates; survivor = nearest to MIMU (0.0 m),2026-09-21T10:42:55.297Z
village:182000:row4592:village_point_Bago_v96.zip_mmr_bgo_pplp2_250k_mimu.shp,village:182000:row4592:village_point_Bago_v96.zip_mmr_bgo_pplp2_250k_mimu.shp,merge_confirmed_duplicate,138884,138955;139080;139660,,,auto: merge CoreMap village duplicates; survivor = nearest to MIMU (0.0 m),2026-09-21T10:42:55.297Z
village:181134:row4676:village_point_Bago_v96.zip_mmr_bgo_pplp2_250k_mimu.shp,village:181134:row4676:village_point_Bago_v96.zip_mmr_bgo_pplp2_250k_mimu.shp,merge_confirmed_duplicate,139267,139257,,,auto: merge CoreMap village duplicates; survivor = nearest to MIMU (0.0 m),2026-09-21T10:42:55.297Z
village:181101:row4844:village_point_Bago_v96.zip_mmr_bgo_pplp2_250k_mimu.shp,village:181101:row4844:village_point_Bago_v96.zip_mmr_bgo_pplp2_250k_mimu.shp,merge_confirmed_duplicate,139257,139267,,,auto: merge CoreMap village duplicates; survivor = nearest to MIMU (0.0 m),2026-09-21T10:42:55.297Z
village:182677:row5148:village_point_Bago_v96.zip_mmr_bgo_pplp2_250k_mimu.shp,village:182677:row5148:village_point_Bago_v96.zip_mmr_bgo_pplp2_250k_mimu.shp,merge_confirmed_duplicate,141557,141554;141650,,,auto: merge CoreMap village duplicates; survivor = nearest to MIMU (0.0 m),2026-09-21T10:42:55.297Z
village:182697:row5195:village_point_Bago_v96.zip_mmr_bgo_pplp2_250k_mimu.shp,village:182697:row5195:village_point_Bago_v96.zip_mmr_bgo_pplp2_250k_mimu.shp,merge_confirmed_duplicate,141554,141557;141650,,,auto: merge CoreMap village duplicates; survivor = nearest to MIMU (0.0 m),2026-09-21T10:42:55.297Z
village:182847:row5215:village_point_Bago_v96.zip_mmr_bgo_pplp2_250k_mimu.shp,village:182847:row5215:village_point_Bago_v96.zip_mmr_bgo_pplp2_250k_mimu.shp,merge_confirmed_duplicate,141639,141623,,,auto: merge CoreMap village duplicates; survivor = nearest to MIMU (0.0 m),2026-09-21T10:42:55.297Z
village:182710:row5218:village_point_Bago_v96.zip_mmr_bgo_pplp2_250k_mimu.shp,village:182710:row5218:village_point_Bago_v96.zip_mmr_bgo_pplp2_250k_mimu.shp,merge_confirmed_duplicate,141532,141520,,,auto: merge CoreMap village duplicates; survivor = nearest to MIMU (0.0 m),2026-09-21T10:42:55.297Z
village:182708:row5219:village_point_Bago_v96.zip_mmr_bgo_pplp2_250k_mimu.shp,village:182708:row5219:village_point_Bago_v96.zip_mmr_bgo_pplp2_250k_mimu.shp,merge_confirmed_duplicate,141531,141517,,,auto: merge CoreMap village duplicates; survivor = nearest to MIMU (0.0 m),2026-09-21T10:42:55.297Z
village:182891:row5284:village_point_Bago_v96.zip_mmr_bgo_pplp2_250k_mimu.shp,village:182891:row5284:village_point_Bago_v96.zip_mmr_bgo_pplp2_250k_mimu.shp,merge_confirmed_duplicate,141604,141585;141494,,,auto: merge CoreMap village duplicates; survivor = nearest to MIMU (0.0 m),2026-09-21T10:42:55.297Z
village:182877:row5292:village_point_Bago_v96.zip_mmr_bgo_pplp2_250k_mimu.shp,village:182877:row5292:village_point_Bago_v96.zip_mmr_bgo_pplp2_250k_mimu.shp,merge_confirmed_duplicate,141602,141590;141710,,,auto: merge CoreMap village duplicates; survivor = nearest to MIMU (0.0 m),2026-09-21T10:42:55.297Z
village:182780:row5311:village_point_Bago_v96.zip_mmr_bgo_pplp2_250k_mimu.shp,village:182780:row5311:village_point_Bago_v96.zip_mmr_bgo_pplp2_250k_mimu.shp,merge_confirmed_duplicate,141520,141532,,,auto: merge CoreMap village duplicates; survivor = nearest to MIMU (0.0 m),2026-09-21T10:42:55.297Z
village:182779:row5314:village_point_Bago_v96.zip_mmr_bgo_pplp2_250k_mimu.shp,village:182779:row5314:village_point_Bago_v96.zip_mmr_bgo_pplp2_250k_mimu.shp,merge_confirmed_duplicate,141517,141531,,,auto: merge CoreMap village duplicates; survivor = nearest to MIMU (0.0 m),2026-09-21T10:42:55.297Z
village:182929:row5325:village_point_Bago_v96.zip_mmr_bgo_pplp2_250k_mimu.shp,village:182929:row5325:village_point_Bago_v96.zip_mmr_bgo_pplp2_250k_mimu.shp,merge_confirmed_duplicate,141515,115852,,,auto: merge CoreMap village duplicates; survivor = nearest to MIMU (56.8 m),2026-09-21T10:42:55.297Z
village:182848:row5339:village_point_Bago_v96.zip_mmr_bgo_pplp2_250k_mimu.shp,village:182848:row5339:village_point_Bago_v96.zip_mmr_bgo_pplp2_250k_mimu.shp,merge_confirmed_duplicate,141623,141639,,,auto: merge CoreMap village duplicates; survivor = nearest to MIMU (0.0 m),2026-09-21T10:42:55.297Z
village:182883:row5345:village_point_Bago_v96.zip_mmr_bgo_pplp2_250k_mimu.shp,village:182883:row5345:village_point_Bago_v96.zip_mmr_bgo_pplp2_250k_mimu.shp,merge_confirmed_duplicate,141590,141602;141710,,,auto: merge CoreMap village duplicates; survivor = nearest to MIMU (0.0 m),2026-09-21T10:42:55.297Z
village:182886:row5350:village_point_Bago_v96.zip_mmr_bgo_pplp2_250k_mimu.shp,village:182886:row5350:village_point_Bago_v96.zip_mmr_bgo_pplp2_250k_mimu.shp,merge_confirmed_duplicate,141585,141604;141494,,,auto: merge CoreMap village duplicates; survivor = nearest to MIMU (0.0 m),2026-09-21T10:42:55.297Z
village:182837:row5358:village_point_Bago_v96.zip_mmr_bgo_pplp2_250k_mimu.shp,village:182837:row5358:village_point_Bago_v96.zip_mmr_bgo_pplp2_250k_mimu.shp,merge_confirmed_duplicate,141707,141703,,,auto: merge CoreMap village duplicates; survivor = nearest to MIMU (0.0 m),2026-09-21T10:42:55.297Z
village:182828:row5384:village_point_Bago_v96.zip_mmr_bgo_pplp2_250k_mimu.shp,village:182828:row5384:village_point_Bago_v96.zip_mmr_bgo_pplp2_250k_mimu.shp,merge_confirmed_duplicate,141703,141707,,,auto: merge CoreMap village duplicates; survivor = nearest to MIMU (0.0 m),2026-09-21T10:42:55.297Z
village:182310:row5475:village_point_Bago_v96.zip_mmr_bgo_pplp2_250k_mimu.shp,village:182310:row5475:village_point_Bago_v96.zip_mmr_bgo_pplp2_250k_mimu.shp,merge_confirmed_duplicate,139854,139847,,,auto: merge CoreMap village duplicates; survivor = nearest to MIMU (0.0 m),2026-09-21T10:42:55.297Z
village:182221:row5488:village_point_Bago_v96.zip_mmr_bgo_pplp2_250k_mimu.shp,village:182221:row5488:village_point_Bago_v96.zip_mmr_bgo_pplp2_250k_mimu.shp,merge_confirmed_duplicate,139784,139778,,,auto: merge CoreMap village duplicates; survivor = nearest to MIMU (0.0 m),2026-09-21T10:42:55.297Z
village:182313:row5560:village_point_Bago_v96.zip_mmr_bgo_pplp2_250k_mimu.shp,village:182313:row5560:village_point_Bago_v96.zip_mmr_bgo_pplp2_250k_mimu.shp,merge_confirmed_duplicate,139847,139854,,,auto: merge CoreMap village duplicates; survivor = nearest to MIMU (0.0 m),2026-09-21T10:42:55.297Z
village:182317:row5563:village_point_Bago_v96.zip_mmr_bgo_pplp2_250k_mimu.shp,village:182317:row5563:village_point_Bago_v96.zip_mmr_bgo_pplp2_250k_mimu.shp,merge_confirmed_duplicate,139844,139825,,,auto: merge CoreMap village duplicates; survivor = nearest to MIMU (0.0 m),2026-09-21T10:42:55.297Z
village:182321:row5573:village_point_Bago_v96.zip_mmr_bgo_pplp2_250k_mimu.shp,village:182321:row5573:village_point_Bago_v96.zip_mmr_bgo_pplp2_250k_mimu.shp,merge_confirmed_duplicate,139820,170375;139769;139734,,,auto: merge CoreMap village duplicates; survivor = nearest to MIMU (0.0 m),2026-09-21T10:42:55.297Z
village:182238:row5611:village_point_Bago_v96.zip_mmr_bgo_pplp2_250k_mimu.shp,village:182238:row5611:village_point_Bago_v96.zip_mmr_bgo_pplp2_250k_mimu.shp,merge_confirmed_duplicate,139778,139784,,,auto: merge CoreMap village duplicates; survivor = nearest to MIMU (0.0 m),2026-09-21T10:42:55.297Z
village:182357:row5681:village_point_Bago_v96.zip_mmr_bgo_pplp2_250k_mimu.shp,village:182357:row5681:village_point_Bago_v96.zip_mmr_bgo_pplp2_250k_mimu.shp,merge_confirmed_duplicate,139825,139844,,,auto: merge CoreMap village duplicates; survivor = nearest to MIMU (0.0 m),2026-09-21T10:42:55.297Z
village:182075:row5702:village_point_Bago_v96.zip_mmr_bgo_pplp2_250k_mimu.shp,village:182075:row5702:village_point_Bago_v96.zip_mmr_bgo_pplp2_250k_mimu.shp,merge_confirmed_duplicate,170375,139820;139769;139734,,,auto: merge CoreMap village duplicates; survivor = nearest to MIMU (32.1 m),2026-09-21T10:42:55.297Z
village:183833:row5747:village_point_Bago_v96.zip_mmr_bgo_pplp2_250k_mimu.shp,village:183833:row5747:village_point_Bago_v96.zip_mmr_bgo_pplp2_250k_mimu.shp,merge_confirmed_duplicate,141757,141743,,,auto: merge CoreMap village duplicates; survivor = nearest to MIMU (141.3 m),2026-09-21T10:42:55.297Z
village:183738:row5755:village_point_Bago_v96.zip_mmr_bgo_pplp2_250k_mimu.shp,village:183738:row5755:village_point_Bago_v96.zip_mmr_bgo_pplp2_250k_mimu.shp,merge_confirmed_duplicate,141756,141725,,,auto: merge CoreMap village duplicates; survivor = nearest to MIMU (0.0 m),2026-09-21T10:42:55.297Z
village:183759:row5791:village_point_Bago_v96.zip_mmr_bgo_pplp2_250k_mimu.shp,village:183759:row5791:village_point_Bago_v96.zip_mmr_bgo_pplp2_250k_mimu.shp,merge_confirmed_duplicate,141757,141743,,,auto: merge CoreMap village duplicates; survivor = nearest to MIMU (97.2 m),2026-09-21T10:42:55.297Z
village:183745:row5830:village_point_Bago_v96.zip_mmr_bgo_pplp2_250k_mimu.shp,village:183745:row5830:village_point_Bago_v96.zip_mmr_bgo_pplp2_250k_mimu.shp,merge_confirmed_duplicate,141725,141756,,,auto: merge CoreMap village duplicates; survivor = nearest to MIMU (0.0 m),2026-09-21T10:42:55.297Z
village:164446:row40:village_point_Chin_v96.zip_mmr_chn_pplp2_250k_wfp_mimu.shp,village:164446:row40:village_point_Chin_v96.zip_mmr_chn_pplp2_250k_wfp_mimu.shp,merge_confirmed_duplicate,166344,172715,,,auto: merge CoreMap village duplicates; survivor = nearest to MIMU (68.3 m),2026-09-21T10:42:55.297Z
village:164350:row124:village_point_Chin_v96.zip_mmr_chn_pplp2_250k_wfp_mimu.shp,village:164350:row124:village_point_Chin_v96.zip_mmr_chn_pplp2_250k_wfp_mimu.shp,merge_confirmed_duplicate,172714,166342,,,auto: merge CoreMap village duplicates; survivor = nearest to MIMU (24.9 m),2026-09-21T10:42:55.297Z
village:164553:row180:village_point_Chin_v96.zip_mmr_chn_pplp2_250k_wfp_mimu.shp,village:164553:row180:village_point_Chin_v96.zip_mmr_chn_pplp2_250k_wfp_mimu.shp,merge_confirmed_duplicate,115650,172135,,,auto: merge CoreMap village duplicates; survivor = nearest to MIMU (156.6 m),2026-09-21T10:42:55.297Z
village:165169:row323:village_point_Chin_v96.zip_mmr_chn_pplp2_250k_wfp_mimu.shp,village:165169:row323:village_point_Chin_v96.zip_mmr_chn_pplp2_250k_wfp_mimu.shp,merge_confirmed_duplicate,170258,170257,,,auto: merge CoreMap village duplicates; survivor = nearest to MIMU (29.6 m),2026-09-21T10:42:55.297Z
village:165147:row381:village_point_Chin_v96.zip_mmr_chn_pplp2_250k_wfp_mimu.shp,village:165147:row381:village_point_Chin_v96.zip_mmr_chn_pplp2_250k_wfp_mimu.shp,merge_confirmed_duplicate,150543,161462,,,auto: merge CoreMap village duplicates; survivor = nearest to MIMU (0.0 m),2026-09-21T10:42:55.297Z
village:165040:row395:village_point_Chin_v96.zip_mmr_chn_pplp2_250k_wfp_mimu.shp,village:165040:row395:village_point_Chin_v96.zip_mmr_chn_pplp2_250k_wfp_mimu.shp,merge_confirmed_duplicate,150524,161483,,,auto: merge CoreMap village duplicates; survivor = nearest to MIMU (0.0 m),2026-09-21T10:42:55.297Z
village:218022:row401:village_point_Chin_v96.zip_mmr_chn_pplp2_250k_wfp_mimu.shp,village:218022:row401:village_point_Chin_v96.zip_mmr_chn_pplp2_250k_wfp_mimu.shp,merge_confirmed_duplicate,150509,161481,,,auto: merge CoreMap village duplicates; survivor = nearest to MIMU (0.0 m),2026-09-21T10:42:55.297Z
village:165139:row465:village_point_Chin_v96.zip_mmr_chn_pplp2_250k_wfp_mimu.shp,village:165139:row465:village_point_Chin_v96.zip_mmr_chn_pplp2_250k_wfp_mimu.shp,merge_confirmed_duplicate,150536,161474,,,auto: merge CoreMap village duplicates; survivor = nearest to MIMU (0.0 m),2026-09-21T10:42:55.297Z
village:165274:row892:village_point_Chin_v96.zip_mmr_chn_pplp2_250k_wfp_mimu.shp,village:165274:row892:village_point_Chin_v96.zip_mmr_chn_pplp2_250k_wfp_mimu.shp,merge_confirmed_duplicate,150902,161444,,,auto: merge CoreMap village duplicates; survivor = nearest to MIMU (0.0 m),2026-09-21T10:42:55.297Z
village:165287:row941:village_point_Chin_v96.zip_mmr_chn_pplp2_250k_wfp_mimu.shp,village:165287:row941:village_point_Chin_v96.zip_mmr_chn_pplp2_250k_wfp_mimu.shp,merge_confirmed_duplicate,150901,161393,,,auto: merge CoreMap village duplicates; survivor = nearest to MIMU (0.0 m),2026-09-21T10:42:55.297Z
village:165391:row988:village_point_Chin_v96.zip_mmr_chn_pplp2_250k_wfp_mimu.shp,village:165391:row988:village_point_Chin_v96.zip_mmr_chn_pplp2_250k_wfp_mimu.shp,merge_confirmed_duplicate,151021,172514,,,auto: merge CoreMap village duplicates; survivor = nearest to MIMU (0.0 m),2026-09-21T10:42:55.297Z
village:165390:row990:village_point_Chin_v96.zip_mmr_chn_pplp2_250k_wfp_mimu.shp,village:165390:row990:village_point_Chin_v96.zip_mmr_chn_pplp2_250k_wfp_mimu.shp,merge_confirmed_duplicate,151019,172517,,,auto: merge CoreMap village duplicates; survivor = nearest to MIMU (53.3 m),2026-09-21T10:42:55.297Z
village:165389:row991:village_point_Chin_v96.zip_mmr_chn_pplp2_250k_wfp_mimu.shp,village:165389:row991:village_point_Chin_v96.zip_mmr_chn_pplp2_250k_wfp_mimu.shp,merge_confirmed_duplicate,172516,151018,,,auto: merge CoreMap village duplicates; survivor = nearest to MIMU (99.8 m),2026-09-21T10:42:55.297Z
village:164655:row1119:village_point_Chin_v96.zip_mmr_chn_pplp2_250k_wfp_mimu.shp,village:164655:row1119:village_point_Chin_v96.zip_mmr_chn_pplp2_250k_wfp_mimu.shp,merge_confirmed_duplicate,150402,160010,,,auto: merge CoreMap village duplicates; survivor = nearest to MIMU (68.2 m),2026-09-21T10:42:55.297Z
village:164672:row1133:village_point_Chin_v96.zip_mmr_chn_pplp2_250k_wfp_mimu.shp,village:164672:row1133:village_point_Chin_v96.zip_mmr_chn_pplp2_250k_wfp_mimu.shp,merge_confirmed_duplicate,150372,159977,,,auto: merge CoreMap village duplicates; survivor = nearest to MIMU (0.0 m),2026-09-21T10:42:55.297Z
village:164704:row1154:village_point_Chin_v96.zip_mmr_chn_pplp2_250k_wfp_mimu.shp,village:164704:row1154:village_point_Chin_v96.zip_mmr_chn_pplp2_250k_wfp_mimu.shp,merge_confirmed_duplicate,150366,159997,,,auto: merge CoreMap village duplicates; survivor = nearest to MIMU (33.2 m),2026-09-21T10:42:55.297Z
village:164792:row1373:village_point_Chin_v96.zip_mmr_chn_pplp2_250k_wfp_mimu.shp,village:164792:row1373:village_point_Chin_v96.zip_mmr_chn_pplp2_250k_wfp_mimu.shp,merge_confirmed_duplicate,150330,136992,,,auto: merge CoreMap village duplicates; survivor = nearest to MIMU (39.6 m),2026-09-21T10:42:55.297Z
village:166835:row65:village_point_Kachin_v96.zip_mmr_kcn_pplp2_250k_mimu.shp,village:166835:row65:village_point_Kachin_v96.zip_mmr_kcn_pplp2_250k_mimu.shp,merge_confirmed_duplicate,154233,116183,,,auto: merge CoreMap village duplicates; survivor = nearest to MIMU (192.3 m),2026-09-21T10:42:55.297Z
village:166395:row131:village_point_Kachin_v96.zip_mmr_kcn_pplp2_250k_mimu.shp,village:166395:row131:village_point_Kachin_v96.zip_mmr_kcn_pplp2_250k_mimu.shp,merge_confirmed_duplicate,116341,161236,,,auto: merge CoreMap village duplicates; survivor = nearest to MIMU (231.1 m),2026-09-21T10:42:55.297Z
village:166761:row617:village_point_Kachin_v96.zip_mmr_kcn_pplp2_250k_mimu.shp,village:166761:row617:village_point_Kachin_v96.zip_mmr_kcn_pplp2_250k_mimu.shp,merge_confirmed_duplicate,154778,161216,,,auto: merge CoreMap village duplicates; survivor = nearest to MIMU (0.0 m),2026-09-21T10:42:55.297Z
village:166729:row664:village_point_Kachin_v96.zip_mmr_kcn_pplp2_250k_mimu.shp,village:166729:row664:village_point_Kachin_v96.zip_mmr_kcn_pplp2_250k_mimu.shp,merge_confirmed_duplicate,154742,173066,,,auto: merge CoreMap village duplicates; survivor = nearest to MIMU (24.0 m),2026-09-21T10:42:55.297Z
village:166643:row754:village_point_Kachin_v96.zip_mmr_kcn_pplp2_250k_mimu.shp,village:166643:row754:village_point_Kachin_v96.zip_mmr_kcn_pplp2_250k_mimu.shp,merge_confirmed_duplicate,154784,161210,,,auto: merge CoreMap village duplicates; survivor = nearest to MIMU (0.0 m),2026-09-21T10:42:55.297Z
village:166556:row761:village_point_Kachin_v96.zip_mmr_kcn_pplp2_250k_mimu.shp,village:166556:row761:village_point_Kachin_v96.zip_mmr_kcn_pplp2_250k_mimu.shp,merge_confirmed_duplicate,154788,148013,,,auto: merge CoreMap village duplicates; survivor = nearest to MIMU (0.0 m),2026-09-21T10:42:55.297Z
village:166613:row770:village_point_Kachin_v96.zip_mmr_kcn_pplp2_250k_mimu.shp,village:166613:row770:village_point_Kachin_v96.zip_mmr_kcn_pplp2_250k_mimu.shp,merge_confirmed_duplicate,160058,172665,,,auto: merge CoreMap village duplicates; survivor = nearest to MIMU (4.4 m),2026-09-21T10:42:55.297Z
village:216871:row773:village_point_Kachin_v96.zip_mmr_kcn_pplp2_250k_mimu.shp,village:216871:row773:village_point_Kachin_v96.zip_mmr_kcn_pplp2_250k_mimu.shp,merge_confirmed_duplicate,154796,160051,,,auto: merge CoreMap village duplicates; survivor = nearest to MIMU (203.3 m),2026-09-21T10:42:55.297Z
village:216923:row942:village_point_Kachin_v96.zip_mmr_kcn_pplp2_250k_mimu.shp,village:216923:row942:village_point_Kachin_v96.zip_mmr_kcn_pplp2_250k_mimu.shp,merge_confirmed_duplicate,154558,154557,,,auto: merge CoreMap village duplicates; survivor = nearest to MIMU (46.4 m),2026-09-21T10:42:55.297Z
village:167235:row943:village_point_Kachin_v96.zip_mmr_kcn_pplp2_250k_mimu.shp,village:167235:row943:village_point_Kachin_v96.zip_mmr_kcn_pplp2_250k_mimu.shp,merge_confirmed_duplicate,154557,154558,,,auto: merge CoreMap village duplicates; survivor = nearest to MIMU (95.1 m),2026-09-21T10:42:55.297Z
village:218804:row10:village_point_Kayah_v96.zip_mmr_kyh_pplp2_250k_mimu.shp,village:218804:row10:village_point_Kayah_v96.zip_mmr_kyh_pplp2_250k_mimu.shp,merge_confirmed_duplicate,116927,161937,,,auto: merge CoreMap village duplicates; survivor = nearest to MIMU (0.0 m),2026-09-21T10:42:55.297Z
village:168776:row13:village_point_Kayah_v96.zip_mmr_kyh_pplp2_250k_mimu.shp,village:168776:row13:village_point_Kayah_v96.zip_mmr_kyh_pplp2_250k_mimu.shp,merge_confirmed_duplicate,116924,161938,,,auto: merge CoreMap village duplicates; survivor = nearest to MIMU (115.7 m),2026-09-21T10:42:55.297Z
village:168432:row52:village_point_Kayah_v96.zip_mmr_kyh_pplp2_250k_mimu.shp,village:168432:row52:village_point_Kayah_v96.zip_mmr_kyh_pplp2_250k_mimu.shp,merge_confirmed_duplicate,167930,167929;117021,,,auto: merge CoreMap village duplicates; survivor = nearest to MIMU (22.7 m),2026-09-21T10:42:55.297Z
village:168584:row288:village_point_Kayah_v96.zip_mmr_kyh_pplp2_250k_mimu.shp,village:168584:row288:village_point_Kayah_v96.zip_mmr_kyh_pplp2_250k_mimu.shp,merge_confirmed_duplicate,116850,161923,,,auto: merge CoreMap village duplicates; survivor = nearest to MIMU (14.8 m),2026-09-21T10:42:55.297Z
village:168310:row366:village_point_Kayah_v96.zip_mmr_kyh_pplp2_250k_mimu.shp,village:168310:row366:village_point_Kayah_v96.zip_mmr_kyh_pplp2_250k_mimu.shp,merge_confirmed_duplicate,117126,161911,,,auto: merge CoreMap village duplicates; survivor = nearest to MIMU (0.0 m),2026-09-21T10:42:55.297Z
village:168352:row418:village_point_Kayah_v96.zip_mmr_kyh_pplp2_250k_mimu.shp,village:168352:row418:village_point_Kayah_v96.zip_mmr_kyh_pplp2_250k_mimu.shp,merge_confirmed_duplicate,117053,171419,,,auto: merge CoreMap village duplicates; survivor = nearest to MIMU (0.0 m),2026-09-21T10:42:55.297Z
village:218791:row434:village_point_Kayah_v96.zip_mmr_kyh_pplp2_250k_mimu.shp,village:218791:row434:village_point_Kayah_v96.zip_mmr_kyh_pplp2_250k_mimu.shp,merge_confirmed_duplicate,117102,161879,,,auto: merge CoreMap village duplicates; survivor = nearest to MIMU (22338.5 m),2026-09-21T10:42:55.297Z
village:169354:row49:village_point_Kayin_v96.zip_mmr_kyn_pplp2_250k_mimu.shp,village:169354:row49:village_point_Kayin_v96.zip_mmr_kyn_pplp2_250k_mimu.shp,merge_confirmed_duplicate,118630,162590,,,auto: merge CoreMap village duplicates; survivor = nearest to MIMU (0.0 m),2026-09-21T10:42:55.297Z
village:169620:row168:village_point_Kayin_v96.zip_mmr_kyn_pplp2_250k_mimu.shp,village:169620:row168:village_point_Kayin_v96.zip_mmr_kyn_pplp2_250k_mimu.shp,merge_confirmed_duplicate,118515,118616;118592;118651,,,auto: merge CoreMap village duplicates; survivor = nearest to MIMU (255.9 m),2026-09-21T10:42:55.297Z
village:169629:row223:village_point_Kayin_v96.zip_mmr_kyn_pplp2_250k_mimu.shp,village:169629:row223:village_point_Kayin_v96.zip_mmr_kyn_pplp2_250k_mimu.shp,merge_confirmed_duplicate,118616,118515;118592;118651,,,auto: merge CoreMap village duplicates; survivor = nearest to MIMU (27.4 m),2026-09-21T10:42:55.297Z
village:169363:row269:village_point_Kayin_v96.zip_mmr_kyn_pplp2_250k_mimu.shp,village:169363:row269:village_point_Kayin_v96.zip_mmr_kyn_pplp2_250k_mimu.shp,merge_confirmed_duplicate,118648,162559,,,auto: merge CoreMap village duplicates; survivor = nearest to MIMU (69.3 m),2026-09-21T10:42:55.297Z
village:169278:row339:village_point_Kayin_v96.zip_mmr_kyn_pplp2_250k_mimu.shp,village:169278:row339:village_point_Kayin_v96.zip_mmr_kyn_pplp2_250k_mimu.shp,merge_confirmed_duplicate,129798,168305,,,auto: merge CoreMap village duplicates; survivor = nearest to MIMU (181.6 m),2026-09-21T10:42:55.297Z
village:168883:row419:village_point_Kayin_v96.zip_mmr_kyn_pplp2_250k_mimu.shp,village:168883:row419:village_point_Kayin_v96.zip_mmr_kyn_pplp2_250k_mimu.shp,merge_confirmed_duplicate,129901,129707,,,auto: merge CoreMap village duplicates; survivor = nearest to MIMU (259.1 m),2026-09-21T10:42:55.297Z
village:169113:row535:village_point_Kayin_v96.zip_mmr_kyn_pplp2_250k_mimu.shp,village:169113:row535:village_point_Kayin_v96.zip_mmr_kyn_pplp2_250k_mimu.shp,merge_confirmed_duplicate,129707,129901,,,auto: merge CoreMap village duplicates; survivor = nearest to MIMU (42.9 m),2026-09-21T10:42:55.297Z
village:169064:row613:village_point_Kayin_v96.zip_mmr_kyn_pplp2_250k_mimu.shp,village:169064:row613:village_point_Kayin_v96.zip_mmr_kyn_pplp2_250k_mimu.shp,merge_confirmed_duplicate,165808,129818;160554;166221,,,auto: merge CoreMap village duplicates; survivor = nearest to MIMU (728.9 m),2026-09-21T10:42:55.297Z
village:170631:row858:village_point_Kayin_v96.zip_mmr_kyn_pplp2_250k_mimu.shp,village:170631:row858:village_point_Kayin_v96.zip_mmr_kyn_pplp2_250k_mimu.shp,merge_confirmed_duplicate,130106,130025,,,auto: merge CoreMap village duplicates; survivor = nearest to MIMU (132.1 m),2026-09-21T10:42:55.297Z
village:170415:row869:village_point_Kayin_v96.zip_mmr_kyn_pplp2_250k_mimu.shp,village:170415:row869:village_point_Kayin_v96.zip_mmr_kyn_pplp2_250k_mimu.shp,merge_confirmed_duplicate,130102,129952,,,auto: merge CoreMap village duplicates; survivor = nearest to MIMU (162.7 m),2026-09-21T10:42:55.297Z
village:170626:row907:village_point_Kayin_v96.zip_mmr_kyn_pplp2_250k_mimu.shp,village:170626:row907:village_point_Kayin_v96.zip_mmr_kyn_pplp2_250k_mimu.shp,merge_confirmed_duplicate,130025,130106,,,auto: merge CoreMap village duplicates; survivor = nearest to MIMU (135.8 m),2026-09-21T10:42:55.297Z
village:170420:row930:village_point_Kayin_v96.zip_mmr_kyn_pplp2_250k_mimu.shp,village:170420:row930:village_point_Kayin_v96.zip_mmr_kyn_pplp2_250k_mimu.shp,merge_confirmed_duplicate,129952,130102,,,auto: merge CoreMap village duplicates; survivor = nearest to MIMU (18.3 m),2026-09-21T10:42:55.297Z
village:170434:row946:village_point_Kayin_v96.zip_mmr_kyn_pplp2_250k_mimu.shp,village:170434:row946:village_point_Kayin_v96.zip_mmr_kyn_pplp2_250k_mimu.shp,merge_confirmed_duplicate,130039,129990,,,auto: merge CoreMap village duplicates; survivor = nearest to MIMU (1936.7 m),2026-09-21T10:42:55.297Z
village:170796:row999:village_point_Kayin_v96.zip_mmr_kyn_pplp2_250k_mimu.shp,village:170796:row999:village_point_Kayin_v96.zip_mmr_kyn_pplp2_250k_mimu.shp,merge_confirmed_duplicate,147492,162529,,,auto: merge CoreMap village duplicates; survivor = nearest to MIMU (0.0 m),2026-09-21T10:42:55.297Z
village:170810:row1022:village_point_Kayin_v96.zip_mmr_kyn_pplp2_250k_mimu.shp,village:170810:row1022:village_point_Kayin_v96.zip_mmr_kyn_pplp2_250k_mimu.shp,merge_confirmed_duplicate,147510,162532,,,auto: merge CoreMap village duplicates; survivor = nearest to MIMU (0.0 m),2026-09-21T10:42:55.297Z
village:170811:row1024:village_point_Kayin_v96.zip_mmr_kyn_pplp2_250k_mimu.shp,village:170811:row1024:village_point_Kayin_v96.zip_mmr_kyn_pplp2_250k_mimu.shp,merge_confirmed_duplicate,147509,162551,,,auto: merge CoreMap village duplicates; survivor = nearest to MIMU (0.0 m),2026-09-21T10:42:55.297Z
village:170751:row1063:village_point_Kayin_v96.zip_mmr_kyn_pplp2_250k_mimu.shp,village:170751:row1063:village_point_Kayin_v96.zip_mmr_kyn_pplp2_250k_mimu.shp,merge_confirmed_duplicate,147508,162542,,,auto: merge CoreMap village duplicates; survivor = nearest to MIMU (0.0 m),2026-09-21T10:42:55.297Z
village:170820:row1106:village_point_Kayin_v96.zip_mmr_kyn_pplp2_250k_mimu.shp,village:170820:row1106:village_point_Kayin_v96.zip_mmr_kyn_pplp2_250k_mimu.shp,merge_confirmed_duplicate,147507,162543,,,auto: merge CoreMap village duplicates; survivor = nearest to MIMU (0.0 m),2026-09-21T10:42:55.297Z
village:170822:row1107:village_point_Kayin_v96.zip_mmr_kyn_pplp2_250k_mimu.shp,village:170822:row1107:village_point_Kayin_v96.zip_mmr_kyn_pplp2_250k_mimu.shp,merge_confirmed_duplicate,147506,162545,,,auto: merge CoreMap village duplicates; survivor = nearest to MIMU (0.0 m),2026-09-21T10:42:55.297Z
village:170821:row1108:village_point_Kayin_v96.zip_mmr_kyn_pplp2_250k_mimu.shp,village:170821:row1108:village_point_Kayin_v96.zip_mmr_kyn_pplp2_250k_mimu.shp,merge_confirmed_duplicate,147505,162548;147519,,,auto: merge CoreMap village duplicates; survivor = nearest to MIMU (0.0 m),2026-09-21T10:42:55.297Z
village:170819:row1109:village_point_Kayin_v96.zip_mmr_kyn_pplp2_250k_mimu.shp,village:170819:row1109:village_point_Kayin_v96.zip_mmr_kyn_pplp2_250k_mimu.shp,merge_confirmed_duplicate,147504,162553,,,auto: merge CoreMap village duplicates; survivor = nearest to MIMU (0.0 m),2026-09-21T10:42:55.297Z
village:185257:row261:village_point_Magway_v96.zip_mmr_mgy_pplp2_250k_wfp_mimu.shp,village:185257:row261:village_point_Magway_v96.zip_mmr_mgy_pplp2_250k_wfp_mimu.shp,merge_confirmed_duplicate,124937,116390,,,auto: merge CoreMap village duplicates; survivor = nearest to MIMU (50.2 m),2026-09-21T10:42:55.297Z
village:185121:row351:village_point_Magway_v96.zip_mmr_mgy_pplp2_250k_wfp_mimu.shp,village:185121:row351:village_point_Magway_v96.zip_mmr_mgy_pplp2_250k_wfp_mimu.shp,merge_confirmed_duplicate,170126,171356,,,auto: merge CoreMap village duplicates; survivor = nearest to MIMU (8.4 m),2026-09-21T10:42:55.297Z
village:186006:row998:village_point_Magway_v96.zip_mmr_mgy_pplp2_250k_wfp_mimu.shp,village:186006:row998:village_point_Magway_v96.zip_mmr_mgy_pplp2_250k_wfp_mimu.shp,merge_confirmed_duplicate,146729,171323,,,auto: merge CoreMap village duplicates; survivor = nearest to MIMU (0.0 m),2026-09-21T10:42:55.297Z
village:185998:row1003:village_point_Magway_v96.zip_mmr_mgy_pplp2_250k_wfp_mimu.shp,village:185998:row1003:village_point_Magway_v96.zip_mmr_mgy_pplp2_250k_wfp_mimu.shp,merge_confirmed_duplicate,172835,167780,,,auto: merge CoreMap village duplicates; survivor = nearest to MIMU (7.0 m),2026-09-21T10:42:55.297Z
village:219025:row1026:village_point_Magway_v96.zip_mmr_mgy_pplp2_250k_wfp_mimu.shp,village:219025:row1026:village_point_Magway_v96.zip_mmr_mgy_pplp2_250k_wfp_mimu.shp,merge_confirmed_duplicate,146726,171272,,,auto: merge CoreMap village duplicates; survivor = nearest to MIMU (0.0 m),2026-09-21T10:42:55.297Z
village:219024:row1028:village_point_Magway_v96.zip_mmr_mgy_pplp2_250k_wfp_mimu.shp,village:219024:row1028:village_point_Magway_v96.zip_mmr_mgy_pplp2_250k_wfp_mimu.shp,merge_confirmed_duplicate,146725,145746,,,auto: merge CoreMap village duplicates; survivor = nearest to MIMU (0.0 m),2026-09-21T10:42:55.297Z
village:187195:row1267:village_point_Magway_v96.zip_mmr_mgy_pplp2_250k_wfp_mimu.shp,village:187195:row1267:village_point_Magway_v96.zip_mmr_mgy_pplp2_250k_wfp_mimu.shp,merge_confirmed_duplicate,116654,170451,,,auto: merge CoreMap village duplicates; survivor = nearest to MIMU (54.9 m),2026-09-21T10:42:55.297Z
village:188635:row1655:village_point_Magway_v96.zip_mmr_mgy_pplp2_250k_wfp_mimu.shp,village:188635:row1655:village_point_Magway_v96.zip_mmr_mgy_pplp2_250k_wfp_mimu.shp,merge_confirmed_duplicate,131755,171893,,,auto: merge CoreMap village duplicates; survivor = nearest to MIMU (17.1 m),2026-09-21T10:42:55.297Z
village:185629:row1788:village_point_Magway_v96.zip_mmr_mgy_pplp2_250k_wfp_mimu.shp,village:185629:row1788:village_point_Magway_v96.zip_mmr_mgy_pplp2_250k_wfp_mimu.shp,merge_confirmed_duplicate,146130,161512,,,auto: merge CoreMap village duplicates; survivor = nearest to MIMU (0.0 m),2026-09-21T10:42:55.297Z
village:185609:row1793:village_point_Magway_v96.zip_mmr_mgy_pplp2_250k_wfp_mimu.shp,village:185609:row1793:village_point_Magway_v96.zip_mmr_mgy_pplp2_250k_wfp_mimu.shp,merge_confirmed_duplicate,146125,161504,,,auto: merge CoreMap village duplicates; survivor = nearest to MIMU (0.0 m),2026-09-21T10:42:55.297Z
village:185605:row1823:village_point_Magway_v96.zip_mmr_mgy_pplp2_250k_wfp_mimu.shp,village:185605:row1823:village_point_Magway_v96.zip_mmr_mgy_pplp2_250k_wfp_mimu.shp,merge_confirmed_duplicate,146113,161515,,,auto: merge CoreMap village duplicates; survivor = nearest to MIMU (0.0 m),2026-09-21T10:42:55.297Z
village:185606:row1824:village_point_Magway_v96.zip_mmr_mgy_pplp2_250k_wfp_mimu.shp,village:185606:row1824:village_point_Magway_v96.zip_mmr_mgy_pplp2_250k_wfp_mimu.shp,merge_confirmed_duplicate,146112,161517,,,auto: merge CoreMap village duplicates; survivor = nearest to MIMU (0.0 m),2026-09-21T10:42:55.297Z
village:185612:row1913:village_point_Magway_v96.zip_mmr_mgy_pplp2_250k_wfp_mimu.shp,village:185612:row1913:village_point_Magway_v96.zip_mmr_mgy_pplp2_250k_wfp_mimu.shp,merge_confirmed_duplicate,146102,161507,,,auto: merge CoreMap village duplicates; survivor = nearest to MIMU (0.0 m),2026-09-21T10:42:55.297Z
village:185611:row1914:village_point_Magway_v96.zip_mmr_mgy_pplp2_250k_wfp_mimu.shp,village:185611:row1914:village_point_Magway_v96.zip_mmr_mgy_pplp2_250k_wfp_mimu.shp,merge_confirmed_duplicate,146101,161509,,,auto: merge CoreMap village duplicates; survivor = nearest to MIMU (0.0 m),2026-09-21T10:42:55.297Z
village:185826:row1943:village_point_Magway_v96.zip_mmr_mgy_pplp2_250k_wfp_mimu.shp,village:185826:row1943:village_point_Magway_v96.zip_mmr_mgy_pplp2_250k_wfp_mimu.shp,merge_confirmed_duplicate,146181,161505,,,auto: merge CoreMap village duplicates; survivor = nearest to MIMU (0.0 m),2026-09-21T10:42:55.297Z
village:185735:row1981:village_point_Magway_v96.zip_mmr_mgy_pplp2_250k_wfp_mimu.shp,village:185735:row1981:village_point_Magway_v96.zip_mmr_mgy_pplp2_250k_wfp_mimu.shp,merge_confirmed_duplicate,146175,161511,,,auto: merge CoreMap village duplicates; survivor = nearest to MIMU (0.0 m),2026-09-21T10:42:55.297Z
village:185948:row1986:village_point_Magway_v96.zip_mmr_mgy_pplp2_250k_wfp_mimu.shp,village:185948:row1986:village_point_Magway_v96.zip_mmr_mgy_pplp2_250k_wfp_mimu.shp,merge_confirmed_duplicate,146174,161513,,,auto: merge CoreMap village duplicates; survivor = nearest to MIMU (0.0 m),2026-09-21T10:42:55.297Z
village:185756:row2026:village_point_Magway_v96.zip_mmr_mgy_pplp2_250k_wfp_mimu.shp,village:185756:row2026:village_point_Magway_v96.zip_mmr_mgy_pplp2_250k_wfp_mimu.shp,merge_confirmed_duplicate,146218,171332,,,auto: merge CoreMap village duplicates; survivor = nearest to MIMU (0.0 m),2026-09-21T10:42:55.297Z
village:185780:row2067:village_point_Magway_v96.zip_mmr_mgy_pplp2_250k_wfp_mimu.shp,village:185780:row2067:village_point_Magway_v96.zip_mmr_mgy_pplp2_250k_wfp_mimu.shp,merge_confirmed_duplicate,146261,171334,,,auto: merge CoreMap village duplicates; survivor = nearest to MIMU (0.0 m),2026-09-21T10:42:55.297Z
village:185779:row2068:village_point_Magway_v96.zip_mmr_mgy_pplp2_250k_wfp_mimu.shp,village:185779:row2068:village_point_Magway_v96.zip_mmr_mgy_pplp2_250k_wfp_mimu.shp,merge_confirmed_duplicate,146212,171337,,,auto: merge CoreMap village duplicates; survivor = nearest to MIMU (79.6 m),2026-09-21T10:42:55.297Z
village:185781:row2070:village_point_Magway_v96.zip_mmr_mgy_pplp2_250k_wfp_mimu.shp,village:185781:row2070:village_point_Magway_v96.zip_mmr_mgy_pplp2_250k_wfp_mimu.shp,merge_confirmed_duplicate,146210,171331,,,auto: merge CoreMap village duplicates; survivor = nearest to MIMU (0.0 m),2026-09-21T10:42:55.297Z
village:185956:row2113:village_point_Magway_v96.zip_mmr_mgy_pplp2_250k_wfp_mimu.shp,village:185956:row2113:village_point_Magway_v96.zip_mmr_mgy_pplp2_250k_wfp_mimu.shp,merge_confirmed_duplicate,146227,161519,,,auto: merge CoreMap village duplicates; survivor = nearest to MIMU (0.0 m),2026-09-21T10:42:55.297Z
village:185802:row2125:village_point_Magway_v96.zip_mmr_mgy_pplp2_250k_wfp_mimu.shp,village:185802:row2125:village_point_Magway_v96.zip_mmr_mgy_pplp2_250k_wfp_mimu.shp,merge_confirmed_duplicate,146259,171335;146199;146280,,,auto: merge CoreMap village duplicates; survivor = nearest to MIMU (0.0 m),2026-09-21T10:42:55.297Z
village:185800:row2128:village_point_Magway_v96.zip_mmr_mgy_pplp2_250k_wfp_mimu.shp,village:185800:row2128:village_point_Magway_v96.zip_mmr_mgy_pplp2_250k_wfp_mimu.shp,merge_confirmed_duplicate,146256,171338,,,auto: merge CoreMap village duplicates; survivor = nearest to MIMU (99.9 m),2026-09-21T10:42:55.297Z
village:186354:row2197:village_point_Magway_v96.zip_mmr_mgy_pplp2_250k_wfp_mimu.shp,village:186354:row2197:village_point_Magway_v96.zip_mmr_mgy_pplp2_250k_wfp_mimu.shp,merge_confirmed_duplicate,145301,145302,,,auto: merge CoreMap village duplicates; survivor = nearest to MIMU (593.6 m),2026-09-21T10:42:55.297Z
village:186374:row2210:village_point_Magway_v96.zip_mmr_mgy_pplp2_250k_wfp_mimu.shp,village:186374:row2210:village_point_Magway_v96.zip_mmr_mgy_pplp2_250k_wfp_mimu.shp,merge_confirmed_duplicate,145690,171261,,,auto: merge CoreMap village duplicates; survivor = nearest to MIMU (7.9 m),2026-09-21T10:42:55.297Z
village:188031:row2250:village_point_Magway_v96.zip_mmr_mgy_pplp2_250k_wfp_mimu.shp,village:188031:row2250:village_point_Magway_v96.zip_mmr_mgy_pplp2_250k_wfp_mimu.shp,merge_confirmed_duplicate,116439,171397,,,auto: merge CoreMap village duplicates; survivor = nearest to MIMU (78.0 m),2026-09-21T10:42:55.297Z
village:187990:row2303:village_point_Magway_v96.zip_mmr_mgy_pplp2_250k_wfp_mimu.shp,village:187990:row2303:village_point_Magway_v96.zip_mmr_mgy_pplp2_250k_wfp_mimu.shp,merge_confirmed_duplicate,126731,172354,,,auto: merge CoreMap village duplicates; survivor = nearest to MIMU (43.7 m),2026-09-21T10:42:55.297Z
village:187997:row2310:village_point_Magway_v96.zip_mmr_mgy_pplp2_250k_wfp_mimu.shp,village:187997:row2310:village_point_Magway_v96.zip_mmr_mgy_pplp2_250k_wfp_mimu.shp,merge_confirmed_duplicate,169864,130455,,,auto: merge CoreMap village duplicates; survivor = nearest to MIMU (3261.1 m),2026-09-21T10:42:55.297Z
village:188060:row2390:village_point_Magway_v96.zip_mmr_mgy_pplp2_250k_wfp_mimu.shp,village:188060:row2390:village_point_Magway_v96.zip_mmr_mgy_pplp2_250k_wfp_mimu.shp,merge_confirmed_duplicate,172336,172335,,,auto: merge CoreMap village duplicates; survivor = nearest to MIMU (10.4 m),2026-09-21T10:42:55.297Z
village:188047:row2420:village_point_Magway_v96.zip_mmr_mgy_pplp2_250k_wfp_mimu.shp,village:188047:row2420:village_point_Magway_v96.zip_mmr_mgy_pplp2_250k_wfp_mimu.shp,merge_confirmed_duplicate,130485,172385,,,auto: merge CoreMap village duplicates; survivor = nearest to MIMU (37.2 m),2026-09-21T10:42:55.297Z
village:188206:row2446:village_point_Magway_v96.zip_mmr_mgy_pplp2_250k_wfp_mimu.shp,village:188206:row2446:village_point_Magway_v96.zip_mmr_mgy_pplp2_250k_wfp_mimu.shp,merge_confirmed_duplicate,161490,161491,,,auto: merge CoreMap village duplicates; survivor = nearest to MIMU (13.4 m),2026-09-21T10:42:55.297Z
village:189004:row2523:village_point_Magway_v96.zip_mmr_mgy_pplp2_250k_wfp_mimu.shp,village:189004:row2523:village_point_Magway_v96.zip_mmr_mgy_pplp2_250k_wfp_mimu.shp,merge_confirmed_duplicate,146732,131395,,,auto: merge CoreMap village duplicates; survivor = nearest to MIMU (0.0 m),2026-09-21T10:42:55.297Z
village:186250:row2709:village_point_Magway_v96.zip_mmr_mgy_pplp2_250k_wfp_mimu.shp,village:186250:row2709:village_point_Magway_v96.zip_mmr_mgy_pplp2_250k_wfp_mimu.shp,merge_confirmed_duplicate,171593,171198;171190,,,auto: merge CoreMap village duplicates; survivor = nearest to MIMU (4576.1 m),2026-09-21T10:42:55.297Z
village:186311:row2722:village_point_Magway_v96.zip_mmr_mgy_pplp2_250k_wfp_mimu.shp,village:186311:row2722:village_point_Magway_v96.zip_mmr_mgy_pplp2_250k_wfp_mimu.shp,merge_confirmed_duplicate,145699,171756,,,auto: merge CoreMap village duplicates; survivor = nearest to MIMU (0.0 m),2026-09-21T10:42:55.297Z
village:186238:row2743:village_point_Magway_v96.zip_mmr_mgy_pplp2_250k_wfp_mimu.shp,village:186238:row2743:village_point_Magway_v96.zip_mmr_mgy_pplp2_250k_wfp_mimu.shp,merge_confirmed_duplicate,142877,116359,,,auto: merge CoreMap village duplicates; survivor = nearest to MIMU (12.6 m),2026-09-21T10:42:55.297Z
village:186242:row2748:village_point_Magway_v96.zip_mmr_mgy_pplp2_250k_wfp_mimu.shp,village:186242:row2748:village_point_Magway_v96.zip_mmr_mgy_pplp2_250k_wfp_mimu.shp,merge_confirmed_duplicate,171593,171198;171190,,,auto: merge CoreMap village duplicates; survivor = nearest to MIMU (4860.8 m),2026-09-21T10:42:55.297Z
village:186174:row2777:village_point_Magway_v96.zip_mmr_mgy_pplp2_250k_wfp_mimu.shp,village:186174:row2777:village_point_Magway_v96.zip_mmr_mgy_pplp2_250k_wfp_mimu.shp,merge_confirmed_duplicate,145692,171185,,,auto: merge CoreMap village duplicates; survivor = nearest to MIMU (0.0 m),2026-09-21T10:42:55.297Z
village:186171:row2807:village_point_Magway_v96.zip_mmr_mgy_pplp2_250k_wfp_mimu.shp,village:186171:row2807:village_point_Magway_v96.zip_mmr_mgy_pplp2_250k_wfp_mimu.shp,merge_confirmed_duplicate,171756,145699,,,auto: merge CoreMap village duplicates; survivor = nearest to MIMU (30.7 m),2026-09-21T10:42:55.297Z
village:186282:row2828:village_point_Magway_v96.zip_mmr_mgy_pplp2_250k_wfp_mimu.shp,village:186282:row2828:village_point_Magway_v96.zip_mmr_mgy_pplp2_250k_wfp_mimu.shp,merge_confirmed_duplicate,171213,171588,,,auto: merge CoreMap village duplicates; survivor = nearest to MIMU (12124.1 m),2026-09-21T10:42:55.297Z
village:186160:row2860:village_point_Magway_v96.zip_mmr_mgy_pplp2_250k_wfp_mimu.shp,village:186160:row2860:village_point_Magway_v96.zip_mmr_mgy_pplp2_250k_wfp_mimu.shp,merge_confirmed_duplicate,143116,143117,,,auto: merge CoreMap village duplicates; survivor = nearest to MIMU (19.4 m),2026-09-21T10:42:55.297Z
village:186587:row3159:village_point_Magway_v96.zip_mmr_mgy_pplp2_250k_wfp_mimu.shp,village:186587:row3159:village_point_Magway_v96.zip_mmr_mgy_pplp2_250k_wfp_mimu.shp,merge_confirmed_duplicate,131478,170670,,,auto: merge CoreMap village duplicates; survivor = nearest to MIMU (14948.0 m),2026-09-21T10:42:55.297Z
village:186492:row3218:village_point_Magway_v96.zip_mmr_mgy_pplp2_250k_wfp_mimu.shp,village:186492:row3218:village_point_Magway_v96.zip_mmr_mgy_pplp2_250k_wfp_mimu.shp,merge_confirmed_duplicate,131693,145719,,,auto: merge CoreMap village duplicates; survivor = nearest to MIMU (40.9 m),2026-09-21T10:42:55.297Z
village:186583:row3236:village_point_Magway_v96.zip_mmr_mgy_pplp2_250k_wfp_mimu.shp,village:186583:row3236:village_point_Magway_v96.zip_mmr_mgy_pplp2_250k_wfp_mimu.shp,merge_confirmed_duplicate,145716,131579;170961,,,auto: merge CoreMap village duplicates; survivor = nearest to MIMU (0.0 m),2026-09-21T10:42:55.297Z
village:186459:row3267:village_point_Magway_v96.zip_mmr_mgy_pplp2_250k_wfp_mimu.shp,village:186459:row3267:village_point_Magway_v96.zip_mmr_mgy_pplp2_250k_wfp_mimu.shp,merge_confirmed_duplicate,145710,131694;170945;170717,,,auto: merge CoreMap village duplicates; survivor = nearest to MIMU (36.2 m),2026-09-21T10:42:55.297Z
village:186780:row3283:village_point_Magway_v96.zip_mmr_mgy_pplp2_250k_wfp_mimu.shp,village:186780:row3283:village_point_Magway_v96.zip_mmr_mgy_pplp2_250k_wfp_mimu.shp,merge_confirmed_duplicate,145731,131683,,,auto: merge CoreMap village duplicates; survivor = nearest to MIMU (208.4 m),2026-09-21T10:42:55.297Z
village:186779:row3284:village_point_Magway_v96.zip_mmr_mgy_pplp2_250k_wfp_mimu.shp,village:186779:row3284:village_point_Magway_v96.zip_mmr_mgy_pplp2_250k_wfp_mimu.shp,merge_confirmed_duplicate,145730,131684,,,auto: merge CoreMap village duplicates; survivor = nearest to MIMU (0.0 m),2026-09-21T10:42:55.297Z
village:189415:row3332:village_point_Magway_v96.zip_mmr_mgy_pplp2_250k_wfp_mimu.shp,village:189415:row3332:village_point_Magway_v96.zip_mmr_mgy_pplp2_250k_wfp_mimu.shp,merge_confirmed_duplicate,147330,170974,,,auto: merge CoreMap village duplicates; survivor = nearest to MIMU (142.1 m),2026-09-21T10:42:55.297Z
village:189067:row3420:village_point_Magway_v96.zip_mmr_mgy_pplp2_250k_wfp_mimu.shp,village:189067:row3420:village_point_Magway_v96.zip_mmr_mgy_pplp2_250k_wfp_mimu.shp,merge_confirmed_duplicate,146738,170004,,,auto: merge CoreMap village duplicates; survivor = nearest to MIMU (87.0 m),2026-09-21T10:42:55.297Z
village:189025:row3471:village_point_Magway_v96.zip_mmr_mgy_pplp2_250k_wfp_mimu.shp,village:189025:row3471:village_point_Magway_v96.zip_mmr_mgy_pplp2_250k_wfp_mimu.shp,merge_confirmed_duplicate,146734,169916,,,auto: merge CoreMap village duplicates; survivor = nearest to MIMU (0.0 m),2026-09-21T10:42:55.297Z
village:186929:row3571:village_point_Magway_v96.zip_mmr_mgy_pplp2_250k_wfp_mimu.shp,village:186929:row3571:village_point_Magway_v96.zip_mmr_mgy_pplp2_250k_wfp_mimu.shp,merge_confirmed_duplicate,171158,171177,,,auto: merge CoreMap village duplicates; survivor = nearest to MIMU (45.8 m),2026-09-21T10:42:55.297Z
village:186883:row3578:village_point_Magway_v96.zip_mmr_mgy_pplp2_250k_wfp_mimu.shp,village:186883:row3578:village_point_Magway_v96.zip_mmr_mgy_pplp2_250k_wfp_mimu.shp,merge_confirmed_duplicate,171174,171175,,,auto: merge CoreMap village duplicates; survivor = nearest to MIMU (55.2 m),2026-09-21T10:42:55.297Z
village:186872:row3599:village_point_Magway_v96.zip_mmr_mgy_pplp2_250k_wfp_mimu.shp,village:186872:row3599:village_point_Magway_v96.zip_mmr_mgy_pplp2_250k_wfp_mimu.shp,merge_confirmed_duplicate,171602,170530,,,auto: merge CoreMap village duplicates; survivor = nearest to MIMU (80.4 m),2026-09-21T10:42:55.297Z
village:186904:row3603:village_point_Magway_v96.zip_mmr_mgy_pplp2_250k_wfp_mimu.shp,village:186904:row3603:village_point_Magway_v96.zip_mmr_mgy_pplp2_250k_wfp_mimu.shp,merge_confirmed_duplicate,171138,171140,,,auto: merge CoreMap village duplicates; survivor = nearest to MIMU (75.9 m),2026-09-21T10:42:55.297Z
village:187914:row3677:village_point_Magway_v96.zip_mmr_mgy_pplp2_250k_wfp_mimu.shp,village:187914:row3677:village_point_Magway_v96.zip_mmr_mgy_pplp2_250k_wfp_mimu.shp,merge_confirmed_duplicate,147234,171488,,,auto: merge CoreMap village duplicates; survivor = nearest to MIMU (0.0 m),2026-09-21T10:42:55.297Z
village:185453:row3955:village_point_Magway_v96.zip_mmr_mgy_pplp2_250k_wfp_mimu.shp,village:185453:row3955:village_point_Magway_v96.zip_mmr_mgy_pplp2_250k_wfp_mimu.shp,merge_confirmed_duplicate,146461,146456;146514;146547,,,auto: merge CoreMap village duplicates; survivor = nearest to MIMU (0.0 m),2026-09-21T10:42:55.297Z
village:185446:row4022:village_point_Magway_v96.zip_mmr_mgy_pplp2_250k_wfp_mimu.shp,village:185446:row4022:village_point_Magway_v96.zip_mmr_mgy_pplp2_250k_wfp_mimu.shp,merge_confirmed_duplicate,146456,146461;146514;146547,,,auto: merge CoreMap village duplicates; survivor = nearest to MIMU (0.0 m),2026-09-21T10:42:55.297Z
village:188226:row4612:village_point_Magway_v96.zip_mmr_mgy_pplp2_250k_wfp_mimu.shp,village:188226:row4612:village_point_Magway_v96.zip_mmr_mgy_pplp2_250k_wfp_mimu.shp,merge_confirmed_duplicate,121432,165914,,,auto: merge CoreMap village duplicates; survivor = nearest to MIMU (16.2 m),2026-09-21T10:42:55.297Z
village:188258:row4613:village_point_Magway_v96.zip_mmr_mgy_pplp2_250k_wfp_mimu.shp,village:188258:row4613:village_point_Magway_v96.zip_mmr_mgy_pplp2_250k_wfp_mimu.shp,merge_confirmed_duplicate,120772,169900,,,auto: merge CoreMap village duplicates; survivor = nearest to MIMU (5.4 m),2026-09-21T10:42:55.297Z
village:188240:row4621:village_point_Magway_v96.zip_mmr_mgy_pplp2_250k_wfp_mimu.shp,village:188240:row4621:village_point_Magway_v96.zip_mmr_mgy_pplp2_250k_wfp_mimu.shp,merge_confirmed_duplicate,121413,173128,,,auto: merge CoreMap village duplicates; survivor = nearest to MIMU (13.0 m),2026-09-21T10:42:55.297Z
village:190496:row630:village_point_Mandalay_v96.zip_mmr_mdy_pplp2_250k_mimu_1.shp,village:190496:row630:village_point_Mandalay_v96.zip_mmr_mdy_pplp2_250k_mimu_1.shp,merge_confirmed_duplicate,131848,131835,,,auto: merge CoreMap village duplicates; survivor = nearest to MIMU (97.9 m),2026-09-21T10:42:55.297Z
village:190621:row660:village_point_Mandalay_v96.zip_mmr_mdy_pplp2_250k_mimu_1.shp,village:190621:row660:village_point_Mandalay_v96.zip_mmr_mdy_pplp2_250k_mimu_1.shp,merge_confirmed_duplicate,131899,160405,,,auto: merge CoreMap village duplicates; survivor = nearest to MIMU (94.1 m),2026-09-21T10:42:55.297Z
village:190622:row665:village_point_Mandalay_v96.zip_mmr_mdy_pplp2_250k_mimu_1.shp,village:190622:row665:village_point_Mandalay_v96.zip_mmr_mdy_pplp2_250k_mimu_1.shp,merge_confirmed_duplicate,172410,131872;131990,,,auto: merge CoreMap village duplicates; survivor = nearest to MIMU (25.5 m),2026-09-21T10:42:55.297Z
village:190490:row679:village_point_Mandalay_v96.zip_mmr_mdy_pplp2_250k_mimu_1.shp,village:190490:row679:village_point_Mandalay_v96.zip_mmr_mdy_pplp2_250k_mimu_1.shp,merge_confirmed_duplicate,131945,172400,,,auto: merge CoreMap village duplicates; survivor = nearest to MIMU (102.9 m),2026-09-21T10:42:55.297Z
village:218236:row686:village_point_Mandalay_v96.zip_mmr_mdy_pplp2_250k_mimu_1.shp,village:218236:row686:village_point_Mandalay_v96.zip_mmr_mdy_pplp2_250k_mimu_1.shp,merge_confirmed_duplicate,132002,131838,,,auto: merge CoreMap village duplicates; survivor = nearest to MIMU (0.0 m),2026-09-21T10:42:55.297Z
village:190498:row689:village_point_Mandalay_v96.zip_mmr_mdy_pplp2_250k_mimu_1.shp,village:190498:row689:village_point_Mandalay_v96.zip_mmr_mdy_pplp2_250k_mimu_1.shp,merge_confirmed_duplicate,131918,131837,,,auto: merge CoreMap village duplicates; survivor = nearest to MIMU (77.4 m),2026-09-21T10:42:55.297Z
village:190499:row690:village_point_Mandalay_v96.zip_mmr_mdy_pplp2_250k_mimu_1.shp,village:190499:row690:village_point_Mandalay_v96.zip_mmr_mdy_pplp2_250k_mimu_1.shp,merge_confirmed_duplicate,131836,131947,,,auto: merge CoreMap village duplicates; survivor = nearest to MIMU (77.5 m),2026-09-21T10:42:55.297Z
village:189968:row745:village_point_Mandalay_v96.zip_mmr_mdy_pplp2_250k_mimu_1.shp,village:189968:row745:village_point_Mandalay_v96.zip_mmr_mdy_pplp2_250k_mimu_1.shp,merge_confirmed_duplicate,116644,159606,,,auto: merge CoreMap village duplicates; survivor = nearest to MIMU (59.6 m),2026-09-21T10:42:55.297Z
village:190034:row783:village_point_Mandalay_v96.zip_mmr_mdy_pplp2_250k_mimu_1.shp,village:190034:row783:village_point_Mandalay_v96.zip_mmr_mdy_pplp2_250k_mimu_1.shp,merge_confirmed_duplicate,134664,134669;134573;134531,,,auto: merge CoreMap village duplicates; survivor = nearest to MIMU (60.3 m),2026-09-21T10:42:55.297Z
village:189913:row787:village_point_Mandalay_v96.zip_mmr_mdy_pplp2_250k_mimu_1.shp,village:189913:row787:village_point_Mandalay_v96.zip_mmr_mdy_pplp2_250k_mimu_1.shp,merge_confirmed_duplicate,134547,116642,,,auto: merge CoreMap village duplicates; survivor = nearest to MIMU (0.0 m),2026-09-21T10:42:55.297Z
village:189917:row798:village_point_Mandalay_v96.zip_mmr_mdy_pplp2_250k_mimu_1.shp,village:189917:row798:village_point_Mandalay_v96.zip_mmr_mdy_pplp2_250k_mimu_1.shp,merge_confirmed_duplicate,134621,116641,,,auto: merge CoreMap village duplicates; survivor = nearest to MIMU (48.1 m),2026-09-21T10:42:55.297Z
village:190031:row970:village_point_Mandalay_v96.zip_mmr_mdy_pplp2_250k_mimu_1.shp,village:190031:row970:village_point_Mandalay_v96.zip_mmr_mdy_pplp2_250k_mimu_1.shp,merge_confirmed_duplicate,134664,134669;134573;134531,,,auto: merge CoreMap village duplicates; survivor = nearest to MIMU (393.2 m),2026-09-21T10:42:55.297Z
village:193796:row1224:village_point_Mandalay_v96.zip_mmr_mdy_pplp2_250k_mimu_1.shp,village:193796:row1224:village_point_Mandalay_v96.zip_mmr_mdy_pplp2_250k_mimu_1.shp,merge_confirmed_duplicate,132818,133145,,,auto: merge CoreMap village duplicates; survivor = nearest to MIMU (167.2 m),2026-09-21T10:42:55.297Z
village:193793:row1229:village_point_Mandalay_v96.zip_mmr_mdy_pplp2_250k_mimu_1.shp,village:193793:row1229:village_point_Mandalay_v96.zip_mmr_mdy_pplp2_250k_mimu_1.shp,merge_confirmed_duplicate,132881,132825;133012;133001,,,auto: merge CoreMap village duplicates; survivor = nearest to MIMU (56.7 m),2026-09-21T10:42:55.297Z
village:193964:row1262:village_point_Mandalay_v96.zip_mmr_mdy_pplp2_250k_mimu_1.shp,village:193964:row1262:village_point_Mandalay_v96.zip_mmr_mdy_pplp2_250k_mimu_1.shp,merge_confirmed_duplicate,132897,170801,,,auto: merge CoreMap village duplicates; survivor = nearest to MIMU (0.0 m),2026-09-21T10:42:55.297Z
village:193836:row1277:village_point_Mandalay_v96.zip_mmr_mdy_pplp2_250k_mimu_1.shp,village:193836:row1277:village_point_Mandalay_v96.zip_mmr_mdy_pplp2_250k_mimu_1.shp,merge_confirmed_duplicate,132891,172771,,,auto: merge CoreMap village duplicates; survivor = nearest to MIMU (41.0 m),2026-09-21T10:42:55.297Z
village:193837:row1281:village_point_Mandalay_v96.zip_mmr_mdy_pplp2_250k_mimu_1.shp,village:193837:row1281:village_point_Mandalay_v96.zip_mmr_mdy_pplp2_250k_mimu_1.shp,merge_confirmed_duplicate,132841,170802,,,auto: merge CoreMap village duplicates; survivor = nearest to MIMU (139.5 m),2026-09-21T10:42:55.297Z
village:193813:row1296:village_point_Mandalay_v96.zip_mmr_mdy_pplp2_250k_mimu_1.shp,village:193813:row1296:village_point_Mandalay_v96.zip_mmr_mdy_pplp2_250k_mimu_1.shp,merge_confirmed_duplicate,132850,172772,,,auto: merge CoreMap village duplicates; survivor = nearest to MIMU (87.8 m),2026-09-21T10:42:55.297Z
village:193816:row1300:village_point_Mandalay_v96.zip_mmr_mdy_pplp2_250k_mimu_1.shp,village:193816:row1300:village_point_Mandalay_v96.zip_mmr_mdy_pplp2_250k_mimu_1.shp,merge_confirmed_duplicate,132825,132881;133012;133001,,,auto: merge CoreMap village duplicates; survivor = nearest to MIMU (101.0 m),2026-09-21T10:42:55.297Z
village:193848:row1375:village_point_Mandalay_v96.zip_mmr_mdy_pplp2_250k_mimu_1.shp,village:193848:row1375:village_point_Mandalay_v96.zip_mmr_mdy_pplp2_250k_mimu_1.shp,merge_confirmed_duplicate,132955,172037,,,auto: merge CoreMap village duplicates; survivor = nearest to MIMU (177.0 m),2026-09-21T10:42:55.297Z
village:193942:row1465:village_point_Mandalay_v96.zip_mmr_mdy_pplp2_250k_mimu_1.shp,village:193942:row1465:village_point_Mandalay_v96.zip_mmr_mdy_pplp2_250k_mimu_1.shp,merge_confirmed_duplicate,161635,133035;133150,,,auto: merge CoreMap village duplicates; survivor = nearest to MIMU (0.0 m),2026-09-21T10:42:55.297Z
village:193807:row1477:village_point_Mandalay_v96.zip_mmr_mdy_pplp2_250k_mimu_1.shp,village:193807:row1477:village_point_Mandalay_v96.zip_mmr_mdy_pplp2_250k_mimu_1.shp,merge_confirmed_duplicate,170805,133033,,,auto: merge CoreMap village duplicates; survivor = nearest to MIMU (92.7 m),2026-09-21T10:42:55.297Z
village:193808:row1480:village_point_Mandalay_v96.zip_mmr_mdy_pplp2_250k_mimu_1.shp,village:193808:row1480:village_point_Mandalay_v96.zip_mmr_mdy_pplp2_250k_mimu_1.shp,merge_confirmed_duplicate,133018,170806;133170,,,auto: merge CoreMap village duplicates; survivor = nearest to MIMU (112.5 m),2026-09-21T10:42:55.297Z
village:194006:row1506:village_point_Mandalay_v96.zip_mmr_mdy_pplp2_250k_mimu_1.shp,village:194006:row1506:village_point_Mandalay_v96.zip_mmr_mdy_pplp2_250k_mimu_1.shp,merge_confirmed_duplicate,170265,116417;132996,,,auto: merge CoreMap village duplicates; survivor = nearest to MIMU (25.7 m),2026-09-21T10:42:55.297Z
village:193788:row1555:village_point_Mandalay_v96.zip_mmr_mdy_pplp2_250k_mimu_1.shp,village:193788:row1555:village_point_Mandalay_v96.zip_mmr_mdy_pplp2_250k_mimu_1.shp,merge_confirmed_duplicate,133145,132818,,,auto: merge CoreMap village duplicates; survivor = nearest to MIMU (41.3 m),2026-09-21T10:42:55.297Z
village:191352:row1800:village_point_Mandalay_v96.zip_mmr_mdy_pplp2_250k_mimu_1.shp,village:191352:row1800:village_point_Mandalay_v96.zip_mmr_mdy_pplp2_250k_mimu_1.shp,merge_confirmed_duplicate,136924,136948,,,auto: merge CoreMap village duplicates; survivor = nearest to MIMU (43.3 m),2026-09-21T10:42:55.297Z
village:190879:row1956:village_point_Mandalay_v96.zip_mmr_mdy_pplp2_250k_mimu_1.shp,village:190879:row1956:village_point_Mandalay_v96.zip_mmr_mdy_pplp2_250k_mimu_1.shp,merge_confirmed_duplicate,172869,132034,,,auto: merge CoreMap village duplicates; survivor = nearest to MIMU (49.4 m),2026-09-21T10:42:55.297Z
village:190969:row1985:village_point_Mandalay_v96.zip_mmr_mdy_pplp2_250k_mimu_1.shp,village:190969:row1985:village_point_Mandalay_v96.zip_mmr_mdy_pplp2_250k_mimu_1.shp,merge_confirmed_duplicate,160383,132101,,,auto: merge CoreMap village duplicates; survivor = nearest to MIMU (31.9 m),2026-09-21T10:42:55.297Z
village:190820:row2046:village_point_Mandalay_v96.zip_mmr_mdy_pplp2_250k_mimu_1.shp,village:190820:row2046:village_point_Mandalay_v96.zip_mmr_mdy_pplp2_250k_mimu_1.shp,merge_confirmed_duplicate,132176,172873,,,auto: merge CoreMap village duplicates; survivor = nearest to MIMU (130.6 m),2026-09-21T10:42:55.297Z
village:218269:row2116:village_point_Mandalay_v96.zip_mmr_mdy_pplp2_250k_mimu_1.shp,village:218269:row2116:village_point_Mandalay_v96.zip_mmr_mdy_pplp2_250k_mimu_1.shp,merge_confirmed_duplicate,132125,160390,,,auto: merge CoreMap village duplicates; survivor = nearest to MIMU (45.0 m),2026-09-21T10:42:55.297Z
village:191790:row2212:village_point_Mandalay_v96.zip_mmr_mdy_pplp2_250k_mimu_1.shp,village:191790:row2212:village_point_Mandalay_v96.zip_mmr_mdy_pplp2_250k_mimu_1.shp,merge_confirmed_duplicate,134109,134039,,,auto: merge CoreMap village duplicates; survivor = nearest to MIMU (41.2 m),2026-09-21T10:42:55.297Z
village:191754:row2307:village_point_Mandalay_v96.zip_mmr_mdy_pplp2_250k_mimu_1.shp,village:191754:row2307:village_point_Mandalay_v96.zip_mmr_mdy_pplp2_250k_mimu_1.shp,merge_confirmed_duplicate,134039,134109,,,auto: merge CoreMap village duplicates; survivor = nearest to MIMU (28.9 m),2026-09-21T10:42:55.297Z
village:218308:row2628:village_point_Mandalay_v96.zip_mmr_mdy_pplp2_250k_mimu_1.shp,village:218308:row2628:village_point_Mandalay_v96.zip_mmr_mdy_pplp2_250k_mimu_1.shp,merge_confirmed_duplicate,137599,131195;130486,,,auto: merge CoreMap village duplicates; survivor = nearest to MIMU (0.0 m),2026-09-21T10:42:55.297Z
village:189733:row2700:village_point_Mandalay_v96.zip_mmr_mdy_pplp2_250k_mimu_1.shp,village:189733:row2700:village_point_Mandalay_v96.zip_mmr_mdy_pplp2_250k_mimu_1.shp,merge_confirmed_duplicate,172193,132530,,,auto: merge CoreMap village duplicates; survivor = nearest to MIMU (53.1 m),2026-09-21T10:42:55.297Z
village:189731:row2701:village_point_Mandalay_v96.zip_mmr_mdy_pplp2_250k_mimu_1.shp,village:189731:row2701:village_point_Mandalay_v96.zip_mmr_mdy_pplp2_250k_mimu_1.shp,merge_confirmed_duplicate,132558,172192,,,auto: merge CoreMap village duplicates; survivor = nearest to MIMU (68.7 m),2026-09-21T10:42:55.297Z
village:189657:row2715:village_point_Mandalay_v96.zip_mmr_mdy_pplp2_250k_mimu_1.shp,village:189657:row2715:village_point_Mandalay_v96.zip_mmr_mdy_pplp2_250k_mimu_1.shp,merge_confirmed_duplicate,132552,172298,,,auto: merge CoreMap village duplicates; survivor = nearest to MIMU (55.5 m),2026-09-21T10:42:55.297Z
village:189658:row2716:village_point_Mandalay_v96.zip_mmr_mdy_pplp2_250k_mimu_1.shp,village:189658:row2716:village_point_Mandalay_v96.zip_mmr_mdy_pplp2_250k_mimu_1.shp,merge_confirmed_duplicate,132505,172414,,,auto: merge CoreMap village duplicates; survivor = nearest to MIMU (0.0 m),2026-09-21T10:42:55.297Z
village:189668:row2744:village_point_Mandalay_v96.zip_mmr_mdy_pplp2_250k_mimu_1.shp,village:189668:row2744:village_point_Mandalay_v96.zip_mmr_mdy_pplp2_250k_mimu_1.shp,merge_confirmed_duplicate,160439,173024,,,auto: merge CoreMap village duplicates; survivor = nearest to MIMU (45.2 m),2026-09-21T10:42:55.297Z
village:189680:row2787:village_point_Mandalay_v96.zip_mmr_mdy_pplp2_250k_mimu_1.shp,village:189680:row2787:village_point_Mandalay_v96.zip_mmr_mdy_pplp2_250k_mimu_1.shp,merge_confirmed_duplicate,132527,172415,,,auto: merge CoreMap village duplicates; survivor = nearest to MIMU (84.8 m),2026-09-21T10:42:55.297Z
village:189654:row2818:village_point_Mandalay_v96.zip_mmr_mdy_pplp2_250k_mimu_1.shp,village:189654:row2818:village_point_Mandalay_v96.zip_mmr_mdy_pplp2_250k_mimu_1.shp,merge_confirmed_duplicate,132529,172301;132549,,,auto: merge CoreMap village duplicates; survivor = nearest to MIMU (0.0 m),2026-09-21T10:42:55.297Z
village:189655:row2819:village_point_Mandalay_v96.zip_mmr_mdy_pplp2_250k_mimu_1.shp,village:189655:row2819:village_point_Mandalay_v96.zip_mmr_mdy_pplp2_250k_mimu_1.shp,merge_confirmed_duplicate,132557,172300;160265,,,auto: merge CoreMap village duplicates; survivor = nearest to MIMU (35.1 m),2026-09-21T10:42:55.297Z
village:189653:row2820:village_point_Mandalay_v96.zip_mmr_mdy_pplp2_250k_mimu_1.shp,village:189653:row2820:village_point_Mandalay_v96.zip_mmr_mdy_pplp2_250k_mimu_1.shp,merge_confirmed_duplicate,172299,132512,,,auto: merge CoreMap village duplicates; survivor = nearest to MIMU (137.7 m),2026-09-21T10:42:55.297Z
village:192920:row3015:village_point_Mandalay_v96.zip_mmr_mdy_pplp2_250k_mimu_1.shp,village:192920:row3015:village_point_Mandalay_v96.zip_mmr_mdy_pplp2_250k_mimu_1.shp,merge_confirmed_duplicate,170799,135541,,,auto: merge CoreMap village duplicates; survivor = nearest to MIMU (8.3 m),2026-09-21T10:42:55.297Z
village:193006:row3107:village_point_Mandalay_v96.zip_mmr_mdy_pplp2_250k_mimu_1.shp,village:193006:row3107:village_point_Mandalay_v96.zip_mmr_mdy_pplp2_250k_mimu_1.shp,merge_confirmed_duplicate,136036,170800,,,auto: merge CoreMap village duplicates; survivor = nearest to MIMU (55.4 m),2026-09-21T10:42:55.297Z
village:189856:row3211:village_point_Mandalay_v96.zip_mmr_mdy_pplp2_250k_mimu_1.shp,village:189856:row3211:village_point_Mandalay_v96.zip_mmr_mdy_pplp2_250k_mimu_1.shp,merge_confirmed_duplicate,170314,172465,,,auto: merge CoreMap village duplicates; survivor = nearest to MIMU (9.5 m),2026-09-21T10:42:55.297Z
village:190172:row3299:village_point_Mandalay_v96.zip_mmr_mdy_pplp2_250k_mimu_1.shp,village:190172:row3299:village_point_Mandalay_v96.zip_mmr_mdy_pplp2_250k_mimu_1.shp,merge_confirmed_duplicate,135151,135148;116399,,,auto: merge CoreMap village duplicates; survivor = nearest to MIMU (77.7 m),2026-09-21T10:42:55.297Z
village:190215:row3301:village_point_Mandalay_v96.zip_mmr_mdy_pplp2_250k_mimu_1.shp,village:190215:row3301:village_point_Mandalay_v96.zip_mmr_mdy_pplp2_250k_mimu_1.shp,merge_confirmed_duplicate,135164,135189,,,auto: merge CoreMap village duplicates; survivor = nearest to MIMU (0.0 m),2026-09-21T10:42:55.297Z
village:190195:row3308:village_point_Mandalay_v96.zip_mmr_mdy_pplp2_250k_mimu_1.shp,village:190195:row3308:village_point_Mandalay_v96.zip_mmr_mdy_pplp2_250k_mimu_1.shp,merge_confirmed_duplicate,135148,135151;116399,,,auto: merge CoreMap village duplicates; survivor = nearest to MIMU (66.3 m),2026-09-21T10:42:55.297Z
village:190226:row3322:village_point_Mandalay_v96.zip_mmr_mdy_pplp2_250k_mimu_1.shp,village:190226:row3322:village_point_Mandalay_v96.zip_mmr_mdy_pplp2_250k_mimu_1.shp,merge_confirmed_duplicate,135191,116320,,,auto: merge CoreMap village duplicates; survivor = nearest to MIMU (34.2 m),2026-09-21T10:42:55.297Z
village:190239:row3336:village_point_Mandalay_v96.zip_mmr_mdy_pplp2_250k_mimu_1.shp,village:190239:row3336:village_point_Mandalay_v96.zip_mmr_mdy_pplp2_250k_mimu_1.shp,merge_confirmed_duplicate,134925,166709,,,auto: merge CoreMap village duplicates; survivor = nearest to MIMU (0.0 m),2026-09-21T10:42:55.297Z
village:190221:row3361:village_point_Mandalay_v96.zip_mmr_mdy_pplp2_250k_mimu_1.shp,village:190221:row3361:village_point_Mandalay_v96.zip_mmr_mdy_pplp2_250k_mimu_1.shp,merge_confirmed_duplicate,135189,135164,,,auto: merge CoreMap village duplicates; survivor = nearest to MIMU (51.6 m),2026-09-21T10:42:55.297Z
village:190715:row3379:village_point_Mandalay_v96.zip_mmr_mdy_pplp2_250k_mimu_1.shp,village:190715:row3379:village_point_Mandalay_v96.zip_mmr_mdy_pplp2_250k_mimu_1.shp,merge_confirmed_duplicate,160325,171442,,,auto: merge CoreMap village duplicates; survivor = nearest to MIMU (222.6 m),2026-09-21T10:42:55.297Z
village:190716:row3380:village_point_Mandalay_v96.zip_mmr_mdy_pplp2_250k_mimu_1.shp,village:190716:row3380:village_point_Mandalay_v96.zip_mmr_mdy_pplp2_250k_mimu_1.shp,merge_confirmed_duplicate,171440,160326,,,auto: merge CoreMap village duplicates; survivor = nearest to MIMU (50.1 m),2026-09-21T10:42:55.297Z
village:190678:row3395:village_point_Mandalay_v96.zip_mmr_mdy_pplp2_250k_mimu_1.shp,village:190678:row3395:village_point_Mandalay_v96.zip_mmr_mdy_pplp2_250k_mimu_1.shp,merge_confirmed_duplicate,172675,160431,,,auto: merge CoreMap village duplicates; survivor = nearest to MIMU (6.5 m),2026-09-21T10:42:55.297Z
village:190698:row3411:village_point_Mandalay_v96.zip_mmr_mdy_pplp2_250k_mimu_1.shp,village:190698:row3411:village_point_Mandalay_v96.zip_mmr_mdy_pplp2_250k_mimu_1.shp,merge_confirmed_duplicate,160341,172402,,,auto: merge CoreMap village duplicates; survivor = nearest to MIMU (7.3 m),2026-09-21T10:42:55.297Z
village:190659:row3430:village_point_Mandalay_v96.zip_mmr_mdy_pplp2_250k_mimu_1.shp,village:190659:row3430:village_point_Mandalay_v96.zip_mmr_mdy_pplp2_250k_mimu_1.shp,merge_confirmed_duplicate,166059,172670,,,auto: merge CoreMap village duplicates; survivor = nearest to MIMU (177.8 m),2026-09-21T10:42:55.297Z
village:190657:row3435:village_point_Mandalay_v96.zip_mmr_mdy_pplp2_250k_mimu_1.shp,village:190657:row3435:village_point_Mandalay_v96.zip_mmr_mdy_pplp2_250k_mimu_1.shp,merge_confirmed_duplicate,160334,171427;160342,,,auto: merge CoreMap village duplicates; survivor = nearest to MIMU (82.1 m),2026-09-21T10:42:55.297Z
village:190685:row3437:village_point_Mandalay_v96.zip_mmr_mdy_pplp2_250k_mimu_1.shp,village:190685:row3437:village_point_Mandalay_v96.zip_mmr_mdy_pplp2_250k_mimu_1.shp,merge_confirmed_duplicate,171433,160332,,,auto: merge CoreMap village duplicates; survivor = nearest to MIMU (195.8 m),2026-09-21T10:42:55.297Z
village:190713:row3443:village_point_Mandalay_v96.zip_mmr_mdy_pplp2_250k_mimu_1.shp,village:190713:row3443:village_point_Mandalay_v96.zip_mmr_mdy_pplp2_250k_mimu_1.shp,merge_confirmed_duplicate,171441,160328,,,auto: merge CoreMap village duplicates; survivor = nearest to MIMU (161.5 m),2026-09-21T10:42:55.297Z
village:190653:row3454:village_point_Mandalay_v96.zip_mmr_mdy_pplp2_250k_mimu_1.shp,village:190653:row3454:village_point_Mandalay_v96.zip_mmr_mdy_pplp2_250k_mimu_1.shp,merge_confirmed_duplicate,160304,172391,,,auto: merge CoreMap village duplicates; survivor = nearest to MIMU (36.4 m),2026-09-21T10:42:55.297Z
village:190654:row3459:village_point_Mandalay_v96.zip_mmr_mdy_pplp2_250k_mimu_1.shp,village:190654:row3459:village_point_Mandalay_v96.zip_mmr_mdy_pplp2_250k_mimu_1.shp,merge_confirmed_duplicate,160303,172392,,,auto: merge CoreMap village duplicates; survivor = nearest to MIMU (37.1 m),2026-09-21T10:42:55.297Z
village:190758:row3536:village_point_Mandalay_v96.zip_mmr_mdy_pplp2_250k_mimu_1.shp,village:190758:row3536:village_point_Mandalay_v96.zip_mmr_mdy_pplp2_250k_mimu_1.shp,merge_confirmed_duplicate,160340,171729,,,auto: merge CoreMap village duplicates; survivor = nearest to MIMU (49.1 m),2026-09-21T10:42:55.297Z
village:191188:row3691:village_point_Mandalay_v96.zip_mmr_mdy_pplp2_250k_mimu_1.shp,village:191188:row3691:village_point_Mandalay_v96.zip_mmr_mdy_pplp2_250k_mimu_1.shp,merge_confirmed_duplicate,160310,132389,,,auto: merge CoreMap village duplicates; survivor = nearest to MIMU (24.0 m),2026-09-21T10:42:55.297Z
village:218219:row3969:village_point_Mandalay_v96.zip_mmr_mdy_pplp2_250k_mimu_1.shp,village:218219:row3969:village_point_Mandalay_v96.zip_mmr_mdy_pplp2_250k_mimu_1.shp,merge_confirmed_duplicate,136083,136062,,,auto: merge CoreMap village duplicates; survivor = nearest to MIMU (3733.3 m),2026-09-21T10:42:55.297Z
village:194391:row4001:village_point_Mandalay_v96.zip_mmr_mdy_pplp2_250k_mimu_1.shp,village:194391:row4001:village_point_Mandalay_v96.zip_mmr_mdy_pplp2_250k_mimu_1.shp,merge_confirmed_duplicate,133563,161668,,,auto: merge CoreMap village duplicates; survivor = nearest to MIMU (0.0 m),2026-09-21T10:42:55.297Z
village:194385:row4013:village_point_Mandalay_v96.zip_mmr_mdy_pplp2_250k_mimu_1.shp,village:194385:row4013:village_point_Mandalay_v96.zip_mmr_mdy_pplp2_250k_mimu_1.shp,merge_confirmed_duplicate,133540,170819,,,auto: merge CoreMap village duplicates; survivor = nearest to MIMU (226.3 m),2026-09-21T10:42:55.297Z
village:194347:row4022:village_point_Mandalay_v96.zip_mmr_mdy_pplp2_250k_mimu_1.shp,village:194347:row4022:village_point_Mandalay_v96.zip_mmr_mdy_pplp2_250k_mimu_1.shp,merge_confirmed_duplicate,133506,161575,,,auto: merge CoreMap village duplicates; survivor = nearest to MIMU (0.0 m),2026-09-21T10:42:55.297Z
village:194350:row4078:village_point_Mandalay_v96.zip_mmr_mdy_pplp2_250k_mimu_1.shp,village:194350:row4078:village_point_Mandalay_v96.zip_mmr_mdy_pplp2_250k_mimu_1.shp,merge_confirmed_duplicate,133524,161677,,,auto: merge CoreMap village duplicates; survivor = nearest to MIMU (0.0 m),2026-09-21T10:42:55.297Z
village:194351:row4079:village_point_Mandalay_v96.zip_mmr_mdy_pplp2_250k_mimu_1.shp,village:194351:row4079:village_point_Mandalay_v96.zip_mmr_mdy_pplp2_250k_mimu_1.shp,merge_confirmed_duplicate,133571,161699,,,auto: merge CoreMap village duplicates; survivor = nearest to MIMU (0.0 m),2026-09-21T10:42:55.297Z
village:194393:row4116:village_point_Mandalay_v96.zip_mmr_mdy_pplp2_250k_mimu_1.shp,village:194393:row4116:village_point_Mandalay_v96.zip_mmr_mdy_pplp2_250k_mimu_1.shp,merge_confirmed_duplicate,133609,161682,,,auto: merge CoreMap village duplicates; survivor = nearest to MIMU (0.0 m),2026-09-21T10:42:55.297Z
village:194392:row4117:village_point_Mandalay_v96.zip_mmr_mdy_pplp2_250k_mimu_1.shp,village:194392:row4117:village_point_Mandalay_v96.zip_mmr_mdy_pplp2_250k_mimu_1.shp,merge_confirmed_duplicate,133652,161685;170832,,,auto: merge CoreMap village duplicates; survivor = nearest to MIMU (0.0 m),2026-09-21T10:42:55.297Z
village:194442:row4143:village_point_Mandalay_v96.zip_mmr_mdy_pplp2_250k_mimu_1.shp,village:194442:row4143:village_point_Mandalay_v96.zip_mmr_mdy_pplp2_250k_mimu_1.shp,merge_confirmed_duplicate,133640,115743,,,auto: merge CoreMap village duplicates; survivor = nearest to MIMU (0.0 m),2026-09-21T10:42:55.297Z
village:194367:row4204:village_point_Mandalay_v96.zip_mmr_mdy_pplp2_250k_mimu_1.shp,village:194367:row4204:village_point_Mandalay_v96.zip_mmr_mdy_pplp2_250k_mimu_1.shp,merge_confirmed_duplicate,161689,170834,,,auto: merge CoreMap village duplicates; survivor = nearest to MIMU (0.0 m),2026-09-21T10:42:55.297Z
village:194457:row4244:village_point_Mandalay_v96.zip_mmr_mdy_pplp2_250k_mimu_1.shp,village:194457:row4244:village_point_Mandalay_v96.zip_mmr_mdy_pplp2_250k_mimu_1.shp,merge_confirmed_duplicate,133666,171770,,,auto: merge CoreMap village duplicates; survivor = nearest to MIMU (44.6 m),2026-09-21T10:42:55.297Z
village:194455:row4246:village_point_Mandalay_v96.zip_mmr_mdy_pplp2_250k_mimu_1.shp,village:194455:row4246:village_point_Mandalay_v96.zip_mmr_mdy_pplp2_250k_mimu_1.shp,merge_confirmed_duplicate,133692,171771;161700,,,auto: merge CoreMap village duplicates; survivor = nearest to MIMU (59.2 m),2026-09-21T10:42:55.297Z
village:194679:row4281:village_point_Mandalay_v96.zip_mmr_mdy_pplp2_250k_mimu_1.shp,village:194679:row4281:village_point_Mandalay_v96.zip_mmr_mdy_pplp2_250k_mimu_1.shp,merge_confirmed_duplicate,133851,161580,,,auto: merge CoreMap village duplicates; survivor = nearest to MIMU (87.2 m),2026-09-21T10:42:55.297Z
village:194690:row4431:village_point_Mandalay_v96.zip_mmr_mdy_pplp2_250k_mimu_1.shp,village:194690:row4431:village_point_Mandalay_v96.zip_mmr_mdy_pplp2_250k_mimu_1.shp,merge_confirmed_duplicate,133852,161562;161561;161560;172737;166287,,,auto: merge CoreMap village duplicates; survivor = nearest to MIMU (227.0 m),2026-09-21T10:42:55.297Z
village:194700:row4451:village_point_Mandalay_v96.zip_mmr_mdy_pplp2_250k_mimu_1.shp,village:194700:row4451:village_point_Mandalay_v96.zip_mmr_mdy_pplp2_250k_mimu_1.shp,merge_confirmed_duplicate,161560,172737;161561;133852;161562;166287,,,auto: merge CoreMap village duplicates; survivor = nearest to MIMU (47.4 m),2026-09-21T10:42:55.297Z
village:194656:row4461:village_point_Mandalay_v96.zip_mmr_mdy_pplp2_250k_mimu_1.shp,village:194656:row4461:village_point_Mandalay_v96.zip_mmr_mdy_pplp2_250k_mimu_1.shp,merge_confirmed_duplicate,133853,161569,,,auto: merge CoreMap village duplicates; survivor = nearest to MIMU (0.0 m),2026-09-21T10:42:55.297Z
village:192747:row4465:village_point_Mandalay_v96.zip_mmr_mdy_pplp2_250k_mimu_1.shp,village:192747:row4465:village_point_Mandalay_v96.zip_mmr_mdy_pplp2_250k_mimu_1.shp,merge_confirmed_duplicate,118964,118977,,,auto: merge CoreMap village duplicates; survivor = nearest to MIMU (22772.5 m),2026-09-21T10:42:55.297Z
village:192640:row4612:village_point_Mandalay_v96.zip_mmr_mdy_pplp2_250k_mimu_1.shp,village:192640:row4612:village_point_Mandalay_v96.zip_mmr_mdy_pplp2_250k_mimu_1.shp,merge_confirmed_duplicate,118775,118776,,,auto: merge CoreMap village duplicates; survivor = nearest to MIMU (59.9 m),2026-09-21T10:42:55.297Z
village:196082:row27:village_point_Mon_v96.zip_mmr_mon_pplp2_250k_mimu.shp,village:196082:row27:village_point_Mon_v96.zip_mmr_mon_pplp2_250k_mimu.shp,merge_confirmed_duplicate,118728,166954,,,auto: merge CoreMap village duplicates; survivor = nearest to MIMU (26927.6 m),2026-09-21T10:42:55.297Z
village:196110:row83:village_point_Mon_v96.zip_mmr_mon_pplp2_250k_mimu.shp,village:196110:row83:village_point_Mon_v96.zip_mmr_mon_pplp2_250k_mimu.shp,merge_confirmed_duplicate,118728,166954,,,auto: merge CoreMap village duplicates; survivor = nearest to MIMU (0.0 m),2026-09-21T10:42:55.297Z
village:196055:row134:village_point_Mon_v96.zip_mmr_mon_pplp2_250k_mimu.shp,village:196055:row134:village_point_Mon_v96.zip_mmr_mon_pplp2_250k_mimu.shp,merge_confirmed_duplicate,118732,166947;167051,,,auto: merge CoreMap village duplicates; survivor = nearest to MIMU (0.0 m),2026-09-21T10:42:55.297Z
village:196056:row140:village_point_Mon_v96.zip_mmr_mon_pplp2_250k_mimu.shp,village:196056:row140:village_point_Mon_v96.zip_mmr_mon_pplp2_250k_mimu.shp,merge_confirmed_duplicate,118738,166952,,,auto: merge CoreMap village duplicates; survivor = nearest to MIMU (30.7 m),2026-09-21T10:42:55.297Z
village:195937:row167:village_point_Mon_v96.zip_mmr_mon_pplp2_250k_mimu.shp,village:195937:row167:village_point_Mon_v96.zip_mmr_mon_pplp2_250k_mimu.shp,merge_confirmed_duplicate,118729,167027,,,auto: merge CoreMap village duplicates; survivor = nearest to MIMU (0.0 m),2026-09-21T10:42:55.297Z
village:195921:row214:village_point_Mon_v96.zip_mmr_mon_pplp2_250k_mimu.shp,village:195921:row214:village_point_Mon_v96.zip_mmr_mon_pplp2_250k_mimu.shp,merge_confirmed_duplicate,167084,116376,,,auto: merge CoreMap village duplicates; survivor = nearest to MIMU (59.8 m),2026-09-21T10:42:55.297Z
village:195882:row460:village_point_Mon_v96.zip_mmr_mon_pplp2_250k_mimu.shp,village:195882:row460:village_point_Mon_v96.zip_mmr_mon_pplp2_250k_mimu.shp,merge_confirmed_duplicate,147949,118739,,,auto: merge CoreMap village duplicates; survivor = nearest to MIMU (0.0 m),2026-09-21T10:42:55.297Z
village:194948:row503:village_point_Mon_v96.zip_mmr_mon_pplp2_250k_mimu.shp,village:194948:row503:village_point_Mon_v96.zip_mmr_mon_pplp2_250k_mimu.shp,merge_confirmed_duplicate,147924,147920,,,auto: merge CoreMap village duplicates; survivor = nearest to MIMU (0.0 m),2026-09-21T10:42:55.297Z
village:194950:row507:village_point_Mon_v96.zip_mmr_mon_pplp2_250k_mimu.shp,village:194950:row507:village_point_Mon_v96.zip_mmr_mon_pplp2_250k_mimu.shp,merge_confirmed_duplicate,147920,147924,,,auto: merge CoreMap village duplicates; survivor = nearest to MIMU (0.0 m),2026-09-21T10:42:55.297Z
village:195678:row582:village_point_Mon_v96.zip_mmr_mon_pplp2_250k_mimu.shp,village:195678:row582:village_point_Mon_v96.zip_mmr_mon_pplp2_250k_mimu.shp,merge_confirmed_duplicate,147971,166759,,,auto: merge CoreMap village duplicates; survivor = nearest to MIMU (0.0 m),2026-09-21T10:42:55.297Z
village:195725:row587:village_point_Mon_v96.zip_mmr_mon_pplp2_250k_mimu.shp,village:195725:row587:village_point_Mon_v96.zip_mmr_mon_pplp2_250k_mimu.shp,merge_confirmed_duplicate,147977,166751;166750;166725;166718,,,auto: merge CoreMap village duplicates; survivor = nearest to MIMU (0.0 m),2026-09-21T10:42:55.297Z
village:195686:row601:village_point_Mon_v96.zip_mmr_mon_pplp2_250k_mimu.shp,village:195686:row601:village_point_Mon_v96.zip_mmr_mon_pplp2_250k_mimu.shp,merge_confirmed_duplicate,166790,166792;166814,,,auto: merge CoreMap village duplicates; survivor = nearest to MIMU (36.0 m),2026-09-21T10:42:55.297Z
village:195694:row606:village_point_Mon_v96.zip_mmr_mon_pplp2_250k_mimu.shp,village:195694:row606:village_point_Mon_v96.zip_mmr_mon_pplp2_250k_mimu.shp,merge_confirmed_duplicate,166792,166790;166814,,,auto: merge CoreMap village duplicates; survivor = nearest to MIMU (96.9 m),2026-09-21T10:42:55.297Z
village:195684:row678:village_point_Mon_v96.zip_mmr_mon_pplp2_250k_mimu.shp,village:195684:row678:village_point_Mon_v96.zip_mmr_mon_pplp2_250k_mimu.shp,merge_confirmed_duplicate,166759,147971,,,auto: merge CoreMap village duplicates; survivor = nearest to MIMU (55.9 m),2026-09-21T10:42:55.297Z
village:195362:row938:village_point_Mon_v96.zip_mmr_mon_pplp2_250k_mimu.shp,village:195362:row938:village_point_Mon_v96.zip_mmr_mon_pplp2_250k_mimu.shp,merge_confirmed_duplicate,147813,159761,,,auto: merge CoreMap village duplicates; survivor = nearest to MIMU (0.0 m),2026-09-21T10:42:55.297Z
village:195443:row976:village_point_Mon_v96.zip_mmr_mon_pplp2_250k_mimu.shp,village:195443:row976:village_point_Mon_v96.zip_mmr_mon_pplp2_250k_mimu.shp,merge_confirmed_duplicate,167235,172506,,,auto: merge CoreMap village duplicates; survivor = nearest to MIMU (150.0 m),2026-09-21T10:42:55.297Z
village:193614:row46:village_point_Nay_Pyi_Taw_v96.zip_mmr_npt_pplp2_250k_mimu.shp,village:193614:row46:village_point_Nay_Pyi_Taw_v96.zip_mmr_npt_pplp2_250k_mimu.shp,merge_confirmed_duplicate,133323,161766,,,auto: merge CoreMap village duplicates; survivor = nearest to MIMU (0.0 m),2026-09-21T10:42:55.297Z
village:193622:row49:village_point_Nay_Pyi_Taw_v96.zip_mmr_npt_pplp2_250k_mimu.shp,village:193622:row49:village_point_Nay_Pyi_Taw_v96.zip_mmr_npt_pplp2_250k_mimu.shp,merge_confirmed_duplicate,133319,161771,,,auto: merge CoreMap village duplicates; survivor = nearest to MIMU (0.0 m),2026-09-21T10:42:55.297Z
village:193619:row50:village_point_Nay_Pyi_Taw_v96.zip_mmr_npt_pplp2_250k_mimu.shp,village:193619:row50:village_point_Nay_Pyi_Taw_v96.zip_mmr_npt_pplp2_250k_mimu.shp,merge_confirmed_duplicate,133269,161774;133381,,,auto: merge CoreMap village duplicates; survivor = nearest to MIMU (0.0 m),2026-09-21T10:42:55.297Z
village:193616:row53:village_point_Nay_Pyi_Taw_v96.zip_mmr_npt_pplp2_250k_mimu.shp,village:193616:row53:village_point_Nay_Pyi_Taw_v96.zip_mmr_npt_pplp2_250k_mimu.shp,merge_confirmed_duplicate,133485,161775,,,auto: merge CoreMap village duplicates; survivor = nearest to MIMU (0.0 m),2026-09-21T10:42:55.297Z
village:193530:row299:village_point_Nay_Pyi_Taw_v96.zip_mmr_npt_pplp2_250k_mimu.shp,village:193530:row299:village_point_Nay_Pyi_Taw_v96.zip_mmr_npt_pplp2_250k_mimu.shp,merge_confirmed_duplicate,133253,161768;133252,,,auto: merge CoreMap village duplicates; survivor = nearest to MIMU (0.0 m),2026-09-21T10:42:55.297Z
village:194742:row361:village_point_Nay_Pyi_Taw_v96.zip_mmr_npt_pplp2_250k_mimu.shp,village:194742:row361:village_point_Nay_Pyi_Taw_v96.zip_mmr_npt_pplp2_250k_mimu.shp,merge_confirmed_duplicate,133785,133748;133752;133734,,,auto: merge CoreMap village duplicates; survivor = nearest to MIMU (0.0 m),2026-09-21T10:42:55.297Z
village:222221:row423:village_point_Nay_Pyi_Taw_v96.zip_mmr_npt_pplp2_250k_mimu.shp,village:222221:row423:village_point_Nay_Pyi_Taw_v96.zip_mmr_npt_pplp2_250k_mimu.shp,merge_confirmed_duplicate,133748,133785;133752;133734,,,auto: merge CoreMap village duplicates; survivor = nearest to MIMU (0.0 m),2026-09-21T10:42:55.297Z
village:193070:row591:village_point_Nay_Pyi_Taw_v96.zip_mmr_npt_pplp2_250k_mimu.shp,village:193070:row591:village_point_Nay_Pyi_Taw_v96.zip_mmr_npt_pplp2_250k_mimu.shp,merge_confirmed_duplicate,133221,161805,,,auto: merge CoreMap village duplicates; survivor = nearest to MIMU (0.0 m),2026-09-21T10:42:55.297Z
village:194753:row753:village_point_Nay_Pyi_Taw_v96.zip_mmr_npt_pplp2_250k_mimu.shp,village:194753:row753:village_point_Nay_Pyi_Taw_v96.zip_mmr_npt_pplp2_250k_mimu.shp,merge_confirmed_duplicate,133890,166054,,,auto: merge CoreMap village duplicates; survivor = nearest to MIMU (0.0 m),2026-09-21T10:42:55.297Z
village:199234:row34:village_point_Rakhine_v96.zip_mmr_rke_pplp2_250k_unicef_mimu.shp,village:199234:row34:village_point_Rakhine_v96.zip_mmr_rke_pplp2_250k_unicef_mimu.shp,merge_confirmed_duplicate,150816,163147,,,auto: merge CoreMap village duplicates; survivor = nearest to MIMU (0.0 m),2026-09-21T10:42:55.297Z
village:199243:row41:village_point_Rakhine_v96.zip_mmr_rke_pplp2_250k_unicef_mimu.shp,village:199243:row41:village_point_Rakhine_v96.zip_mmr_rke_pplp2_250k_unicef_mimu.shp,merge_confirmed_duplicate,150815,163807,,,auto: merge CoreMap village duplicates; survivor = nearest to MIMU (0.0 m),2026-09-21T10:42:55.297Z
village:220838:row60:village_point_Rakhine_v96.zip_mmr_rke_pplp2_250k_unicef_mimu.shp,village:220838:row60:village_point_Rakhine_v96.zip_mmr_rke_pplp2_250k_unicef_mimu.shp,merge_confirmed_duplicate,118377,150812,,,auto: merge CoreMap village duplicates; survivor = nearest to MIMU (0.0 m),2026-09-21T10:42:55.297Z
village:199151:row62:village_point_Rakhine_v96.zip_mmr_rke_pplp2_250k_unicef_mimu.shp,village:199151:row62:village_point_Rakhine_v96.zip_mmr_rke_pplp2_250k_unicef_mimu.shp,merge_confirmed_duplicate,118332,163493,,,auto: merge CoreMap village duplicates; survivor = nearest to MIMU (125.8 m),2026-09-21T10:42:55.297Z
village:199163:row125:village_point_Rakhine_v96.zip_mmr_rke_pplp2_250k_unicef_mimu.shp,village:199163:row125:village_point_Rakhine_v96.zip_mmr_rke_pplp2_250k_unicef_mimu.shp,merge_confirmed_duplicate,118330,165596,,,auto: merge CoreMap village duplicates; survivor = nearest to MIMU (9.3 m),2026-09-21T10:42:55.297Z
village:199198:row146:village_point_Rakhine_v96.zip_mmr_rke_pplp2_250k_unicef_mimu.shp,village:199198:row146:village_point_Rakhine_v96.zip_mmr_rke_pplp2_250k_unicef_mimu.shp,merge_confirmed_duplicate,118341,164577,,,auto: merge CoreMap village duplicates; survivor = nearest to MIMU (20.1 m),2026-09-21T10:42:55.297Z
village:220802:row152:village_point_Rakhine_v96.zip_mmr_rke_pplp2_250k_unicef_mimu.shp,village:220802:row152:village_point_Rakhine_v96.zip_mmr_rke_pplp2_250k_unicef_mimu.shp,merge_confirmed_duplicate,118320,150811,,,auto: merge CoreMap village duplicates; survivor = nearest to MIMU (0.0 m),2026-09-21T10:42:55.297Z
village:199222:row156:village_point_Rakhine_v96.zip_mmr_rke_pplp2_250k_unicef_mimu.shp,village:199222:row156:village_point_Rakhine_v96.zip_mmr_rke_pplp2_250k_unicef_mimu.shp,merge_confirmed_duplicate,118339,163509,,,auto: merge CoreMap village duplicates; survivor = nearest to MIMU (67.7 m),2026-09-21T10:42:55.297Z
village:199225:row159:village_point_Rakhine_v96.zip_mmr_rke_pplp2_250k_unicef_mimu.shp,village:199225:row159:village_point_Rakhine_v96.zip_mmr_rke_pplp2_250k_unicef_mimu.shp,merge_confirmed_duplicate,164823,150809,,,auto: merge CoreMap village duplicates; survivor = nearest to MIMU (0.1 m),2026-09-21T10:42:55.297Z
village:220842:row190:village_point_Rakhine_v96.zip_mmr_rke_pplp2_250k_unicef_mimu.shp,village:220842:row190:village_point_Rakhine_v96.zip_mmr_rke_pplp2_250k_unicef_mimu.shp,merge_confirmed_duplicate,118344,150807,,,auto: merge CoreMap village duplicates; survivor = nearest to MIMU (0.0 m),2026-09-21T10:42:55.297Z
village:199255:row197:village_point_Rakhine_v96.zip_mmr_rke_pplp2_250k_unicef_mimu.shp,village:199255:row197:village_point_Rakhine_v96.zip_mmr_rke_pplp2_250k_unicef_mimu.shp,merge_confirmed_duplicate,118390,164421,,,auto: merge CoreMap village duplicates; survivor = nearest to MIMU (102.8 m),2026-09-21T10:42:55.297Z
village:199258:row198:village_point_Rakhine_v96.zip_mmr_rke_pplp2_250k_unicef_mimu.shp,village:199258:row198:village_point_Rakhine_v96.zip_mmr_rke_pplp2_250k_unicef_mimu.shp,merge_confirmed_duplicate,150808,165065,,,auto: merge CoreMap village duplicates; survivor = nearest to MIMU (0.0 m),2026-09-21T10:42:55.297Z
village:220780:row216:village_point_Rakhine_v96.zip_mmr_rke_pplp2_250k_unicef_mimu.shp,village:220780:row216:village_point_Rakhine_v96.zip_mmr_rke_pplp2_250k_unicef_mimu.shp,merge_confirmed_duplicate,150813,118352,,,auto: merge CoreMap village duplicates; survivor = nearest to MIMU (66.4 m),2026-09-21T10:42:55.297Z
village:198274:row238:village_point_Rakhine_v96.zip_mmr_rke_pplp2_250k_unicef_mimu.shp,village:198274:row238:village_point_Rakhine_v96.zip_mmr_rke_pplp2_250k_unicef_mimu.shp,merge_confirmed_duplicate,118496,165080,,,auto: merge CoreMap village duplicates; survivor = nearest to MIMU (0.0 m),2026-09-21T10:42:55.297Z
village:198284:row242:village_point_Rakhine_v96.zip_mmr_rke_pplp2_250k_unicef_mimu.shp,village:198284:row242:village_point_Rakhine_v96.zip_mmr_rke_pplp2_250k_unicef_mimu.shp,merge_confirmed_duplicate,118476,163023,,,auto: merge CoreMap village duplicates; survivor = nearest to MIMU (0.0 m),2026-09-21T10:42:55.297Z
village:198129:row252:village_point_Rakhine_v96.zip_mmr_rke_pplp2_250k_unicef_mimu.shp,village:198129:row252:village_point_Rakhine_v96.zip_mmr_rke_pplp2_250k_unicef_mimu.shp,merge_confirmed_duplicate,163871,162001,,,auto: merge CoreMap village duplicates; survivor = nearest to MIMU (2501.1 m),2026-09-21T10:42:55.297Z
village:198323:row262:village_point_Rakhine_v96.zip_mmr_rke_pplp2_250k_unicef_mimu.shp,village:198323:row262:village_point_Rakhine_v96.zip_mmr_rke_pplp2_250k_unicef_mimu.shp,merge_confirmed_duplicate,161987,161988,,,auto: merge CoreMap village duplicates; survivor = nearest to MIMU (79.3 m),2026-09-21T10:42:55.297Z
village:198321:row265:village_point_Rakhine_v96.zip_mmr_rke_pplp2_250k_unicef_mimu.shp,village:198321:row265:village_point_Rakhine_v96.zip_mmr_rke_pplp2_250k_unicef_mimu.shp,merge_confirmed_duplicate,118498,162106;162105,,,auto: merge CoreMap village duplicates; survivor = nearest to MIMU (0.0 m),2026-09-21T10:42:55.297Z
village:198328:row322:village_point_Rakhine_v96.zip_mmr_rke_pplp2_250k_unicef_mimu.shp,village:198328:row322:village_point_Rakhine_v96.zip_mmr_rke_pplp2_250k_unicef_mimu.shp,merge_confirmed_duplicate,161988,161987,,,auto: merge CoreMap village duplicates; survivor = nearest to MIMU (76.1 m),2026-09-21T10:42:55.297Z
village:198330:row325:village_point_Rakhine_v96.zip_mmr_rke_pplp2_250k_unicef_mimu.shp,village:198330:row325:village_point_Rakhine_v96.zip_mmr_rke_pplp2_250k_unicef_mimu.shp,merge_confirmed_duplicate,162054,118500,,,auto: merge CoreMap village duplicates; survivor = nearest to MIMU (0.0 m),2026-09-21T10:42:55.297Z
village:198434:row350:village_point_Rakhine_v96.zip_mmr_rke_pplp2_250k_unicef_mimu.shp,village:198434:row350:village_point_Rakhine_v96.zip_mmr_rke_pplp2_250k_unicef_mimu.shp,merge_confirmed_duplicate,118502,165354,,,auto: merge CoreMap village duplicates; survivor = nearest to MIMU (36.5 m),2026-09-21T10:42:55.297Z
village:198134:row359:village_point_Rakhine_v96.zip_mmr_rke_pplp2_250k_unicef_mimu.shp,village:198134:row359:village_point_Rakhine_v96.zip_mmr_rke_pplp2_250k_unicef_mimu.shp,merge_confirmed_duplicate,118486,164494;162039,,,auto: merge CoreMap village duplicates; survivor = nearest to MIMU (143.6 m),2026-09-21T10:42:55.297Z
village:198147:row362:village_point_Rakhine_v96.zip_mmr_rke_pplp2_250k_unicef_mimu.shp,village:198147:row362:village_point_Rakhine_v96.zip_mmr_rke_pplp2_250k_unicef_mimu.shp,merge_confirmed_duplicate,118471,163800,,,auto: merge CoreMap village duplicates; survivor = nearest to MIMU (0.0 m),2026-09-21T10:42:55.297Z
village:198148:row366:village_point_Rakhine_v96.zip_mmr_rke_pplp2_250k_unicef_mimu.shp,village:198148:row366:village_point_Rakhine_v96.zip_mmr_rke_pplp2_250k_unicef_mimu.shp,merge_confirmed_duplicate,118481,162005,,,auto: merge CoreMap village duplicates; survivor = nearest to MIMU (0.0 m),2026-09-21T10:42:55.297Z
village:198149:row367:village_point_Rakhine_v96.zip_mmr_rke_pplp2_250k_unicef_mimu.shp,village:198149:row367:village_point_Rakhine_v96.zip_mmr_rke_pplp2_250k_unicef_mimu.shp,merge_confirmed_duplicate,118478,162006,,,auto: merge CoreMap village duplicates; survivor = nearest to MIMU (0.0 m),2026-09-21T10:42:55.297Z
village:198230:row397:village_point_Rakhine_v96.zip_mmr_rke_pplp2_250k_unicef_mimu.shp,village:198230:row397:village_point_Rakhine_v96.zip_mmr_rke_pplp2_250k_unicef_mimu.shp,merge_confirmed_duplicate,118497,162052,,,auto: merge CoreMap village duplicates; survivor = nearest to MIMU (31.0 m),2026-09-21T10:42:55.297Z
village:198155:row411:village_point_Rakhine_v96.zip_mmr_rke_pplp2_250k_unicef_mimu.shp,village:198155:row411:village_point_Rakhine_v96.zip_mmr_rke_pplp2_250k_unicef_mimu.shp,merge_confirmed_duplicate,118495,162033,,,auto: merge CoreMap village duplicates; survivor = nearest to MIMU (0.0 m),2026-09-21T10:42:55.297Z
village:198332:row414:village_point_Rakhine_v96.zip_mmr_rke_pplp2_250k_unicef_mimu.shp,village:198332:row414:village_point_Rakhine_v96.zip_mmr_rke_pplp2_250k_unicef_mimu.shp,merge_confirmed_duplicate,162105,118498;162106,,,auto: merge CoreMap village duplicates; survivor = nearest to MIMU (0.0 m),2026-09-21T10:42:55.297Z
village:198414:row453:village_point_Rakhine_v96.zip_mmr_rke_pplp2_250k_unicef_mimu.shp,village:198414:row453:village_point_Rakhine_v96.zip_mmr_rke_pplp2_250k_unicef_mimu.shp,merge_confirmed_duplicate,118487,162129,,,auto: merge CoreMap village duplicates; survivor = nearest to MIMU (0.0 m),2026-09-21T10:42:55.297Z
village:198402:row462:village_point_Rakhine_v96.zip_mmr_rke_pplp2_250k_unicef_mimu.shp,village:198402:row462:village_point_Rakhine_v96.zip_mmr_rke_pplp2_250k_unicef_mimu.shp,merge_confirmed_duplicate,165533,165534,,,auto: merge CoreMap village duplicates; survivor = nearest to MIMU (51.9 m),2026-09-21T10:42:55.297Z
village:217883:row463:village_point_Rakhine_v96.zip_mmr_rke_pplp2_250k_unicef_mimu.shp,village:217883:row463:village_point_Rakhine_v96.zip_mmr_rke_pplp2_250k_unicef_mimu.shp,merge_confirmed_duplicate,118494,163247,,,auto: merge CoreMap village duplicates; survivor = nearest to MIMU (0.0 m),2026-09-21T10:42:55.297Z
village:198387:row472:village_point_Rakhine_v96.zip_mmr_rke_pplp2_250k_unicef_mimu.shp,village:198387:row472:village_point_Rakhine_v96.zip_mmr_rke_pplp2_250k_unicef_mimu.shp,merge_confirmed_duplicate,118488,165504,,,auto: merge CoreMap village duplicates; survivor = nearest to MIMU (82.7 m),2026-09-21T10:42:55.297Z
village:198198:row479:village_point_Rakhine_v96.zip_mmr_rke_pplp2_250k_unicef_mimu.shp,village:198198:row479:village_point_Rakhine_v96.zip_mmr_rke_pplp2_250k_unicef_mimu.shp,merge_confirmed_duplicate,118484,163321,,,auto: merge CoreMap village duplicates; survivor = nearest to MIMU (0.0 m),2026-09-21T10:42:55.297Z
village:198373:row529:village_point_Rakhine_v96.zip_mmr_rke_pplp2_250k_unicef_mimu.shp,village:198373:row529:village_point_Rakhine_v96.zip_mmr_rke_pplp2_250k_unicef_mimu.shp,merge_confirmed_duplicate,165534,165533,,,auto: merge CoreMap village duplicates; survivor = nearest to MIMU (24.7 m),2026-09-21T10:42:55.297Z
village:198194:row538:village_point_Rakhine_v96.zip_mmr_rke_pplp2_250k_unicef_mimu.shp,village:198194:row538:village_point_Rakhine_v96.zip_mmr_rke_pplp2_250k_unicef_mimu.shp,merge_confirmed_duplicate,118485,162067,,,auto: merge CoreMap village duplicates; survivor = nearest to MIMU (0.0 m),2026-09-21T10:42:55.297Z
village:198623:row723:village_point_Rakhine_v96.zip_mmr_rke_pplp2_250k_unicef_mimu.shp,village:198623:row723:village_point_Rakhine_v96.zip_mmr_rke_pplp2_250k_unicef_mimu.shp,merge_confirmed_duplicate,152956,163645,,,auto: merge CoreMap village duplicates; survivor = nearest to MIMU (0.0 m),2026-09-21T10:42:55.297Z
village:198605:row854:village_point_Rakhine_v96.zip_mmr_rke_pplp2_250k_unicef_mimu.shp,village:198605:row854:village_point_Rakhine_v96.zip_mmr_rke_pplp2_250k_unicef_mimu.shp,merge_confirmed_duplicate,152955,162807,,,auto: merge CoreMap village duplicates; survivor = nearest to MIMU (11.4 m),2026-09-21T10:42:55.297Z
village:198033:row1201:village_point_Rakhine_v96.zip_mmr_rke_pplp2_250k_unicef_mimu.shp,village:198033:row1201:village_point_Rakhine_v96.zip_mmr_rke_pplp2_250k_unicef_mimu.shp,merge_confirmed_duplicate,158185,165034,,,auto: merge CoreMap village duplicates; survivor = nearest to MIMU (0.0 m),2026-09-21T10:42:55.297Z
village:220705:row1203:village_point_Rakhine_v96.zip_mmr_rke_pplp2_250k_unicef_mimu.shp,village:220705:row1203:village_point_Rakhine_v96.zip_mmr_rke_pplp2_250k_unicef_mimu.shp,merge_confirmed_duplicate,158157,153830,,,auto: merge CoreMap village duplicates; survivor = nearest to MIMU (20.3 m),2026-09-21T10:42:55.297Z
village:197908:row1212:village_point_Rakhine_v96.zip_mmr_rke_pplp2_250k_unicef_mimu.shp,village:197908:row1212:village_point_Rakhine_v96.zip_mmr_rke_pplp2_250k_unicef_mimu.shp,merge_confirmed_duplicate,163142,163141,,,auto: merge CoreMap village duplicates; survivor = nearest to MIMU (358.7 m),2026-09-21T10:42:55.297Z
village:198081:row1236:village_point_Rakhine_v96.zip_mmr_rke_pplp2_250k_unicef_mimu.shp,village:198081:row1236:village_point_Rakhine_v96.zip_mmr_rke_pplp2_250k_unicef_mimu.shp,merge_confirmed_duplicate,153784,163428,,,auto: merge CoreMap village duplicates; survivor = nearest to MIMU (73.1 m),2026-09-21T10:42:55.297Z
village:198084:row1238:village_point_Rakhine_v96.zip_mmr_rke_pplp2_250k_unicef_mimu.shp,village:198084:row1238:village_point_Rakhine_v96.zip_mmr_rke_pplp2_250k_unicef_mimu.shp,merge_confirmed_duplicate,153783,163430,,,auto: merge CoreMap village duplicates; survivor = nearest to MIMU (50.2 m),2026-09-21T10:42:55.297Z
village:197890:row1257:village_point_Rakhine_v96.zip_mmr_rke_pplp2_250k_unicef_mimu.shp,village:197890:row1257:village_point_Rakhine_v96.zip_mmr_rke_pplp2_250k_unicef_mimu.shp,merge_confirmed_duplicate,163528,153813,,,auto: merge CoreMap village duplicates; survivor = nearest to MIMU (172.3 m),2026-09-21T10:42:55.297Z
village:197807:row1276:village_point_Rakhine_v96.zip_mmr_rke_pplp2_250k_unicef_mimu.shp,village:197807:row1276:village_point_Rakhine_v96.zip_mmr_rke_pplp2_250k_unicef_mimu.shp,merge_confirmed_duplicate,158209,162842,,,auto: merge CoreMap village duplicates; survivor = nearest to MIMU (0.0 m),2026-09-21T10:42:55.297Z
village:197854:row1336:village_point_Rakhine_v96.zip_mmr_rke_pplp2_250k_unicef_mimu.shp,village:197854:row1336:village_point_Rakhine_v96.zip_mmr_rke_pplp2_250k_unicef_mimu.shp,merge_confirmed_duplicate,158174,163988;158183,,,auto: merge CoreMap village duplicates; survivor = nearest to MIMU (0.0 m),2026-09-21T10:42:55.297Z
village:197894:row1344:village_point_Rakhine_v96.zip_mmr_rke_pplp2_250k_unicef_mimu.shp,village:197894:row1344:village_point_Rakhine_v96.zip_mmr_rke_pplp2_250k_unicef_mimu.shp,merge_confirmed_duplicate,164403,164580,,,auto: merge CoreMap village duplicates; survivor = nearest to MIMU (88.9 m),2026-09-21T10:42:55.297Z
village:197964:row1354:village_point_Rakhine_v96.zip_mmr_rke_pplp2_250k_unicef_mimu.shp,village:197964:row1354:village_point_Rakhine_v96.zip_mmr_rke_pplp2_250k_unicef_mimu.shp,merge_confirmed_duplicate,153800,164578,,,auto: merge CoreMap village duplicates; survivor = nearest to MIMU (257.8 m),2026-09-21T10:42:55.297Z
village:197888:row1377:village_point_Rakhine_v96.zip_mmr_rke_pplp2_250k_unicef_mimu.shp,village:197888:row1377:village_point_Rakhine_v96.zip_mmr_rke_pplp2_250k_unicef_mimu.shp,merge_confirmed_duplicate,158220,164776,,,auto: merge CoreMap village duplicates; survivor = nearest to MIMU (0.0 m),2026-09-21T10:42:55.297Z
village:197832:row1395:village_point_Rakhine_v96.zip_mmr_rke_pplp2_250k_unicef_mimu.shp,village:197832:row1395:village_point_Rakhine_v96.zip_mmr_rke_pplp2_250k_unicef_mimu.shp,merge_confirmed_duplicate,158262,165130,,,auto: merge CoreMap village duplicates; survivor = nearest to MIMU (0.0 m),2026-09-21T10:42:55.297Z
village:197921:row1427:village_point_Rakhine_v96.zip_mmr_rke_pplp2_250k_unicef_mimu.shp,village:197921:row1427:village_point_Rakhine_v96.zip_mmr_rke_pplp2_250k_unicef_mimu.shp,merge_confirmed_duplicate,163141,163142,,,auto: merge CoreMap village duplicates; survivor = nearest to MIMU (91.9 m),2026-09-21T10:42:55.297Z
village:197840:row1441:village_point_Rakhine_v96.zip_mmr_rke_pplp2_250k_unicef_mimu.shp,village:197840:row1441:village_point_Rakhine_v96.zip_mmr_rke_pplp2_250k_unicef_mimu.shp,merge_confirmed_duplicate,158183,158174;163988,,,auto: merge CoreMap village duplicates; survivor = nearest to MIMU (0.0 m),2026-09-21T10:42:55.297Z
village:197842:row1478:village_point_Rakhine_v96.zip_mmr_rke_pplp2_250k_unicef_mimu.shp,village:197842:row1478:village_point_Rakhine_v96.zip_mmr_rke_pplp2_250k_unicef_mimu.shp,merge_confirmed_duplicate,158254,165633,,,auto: merge CoreMap village duplicates; survivor = nearest to MIMU (0.0 m),2026-09-21T10:42:55.297Z
village:197956:row1511:village_point_Rakhine_v96.zip_mmr_rke_pplp2_250k_unicef_mimu.shp,village:197956:row1511:village_point_Rakhine_v96.zip_mmr_rke_pplp2_250k_unicef_mimu.shp,merge_confirmed_duplicate,158263,163123;158161;158225,,,auto: merge CoreMap village duplicates; survivor = nearest to MIMU (0.0 m),2026-09-21T10:42:55.297Z
village:197955:row1516:village_point_Rakhine_v96.zip_mmr_rke_pplp2_250k_unicef_mimu.shp,village:197955:row1516:village_point_Rakhine_v96.zip_mmr_rke_pplp2_250k_unicef_mimu.shp,merge_confirmed_duplicate,158207,165776;165777,,,auto: merge CoreMap village duplicates; survivor = nearest to MIMU (0.0 m),2026-09-21T10:42:55.297Z
village:197242:row1601:village_point_Rakhine_v96.zip_mmr_rke_pplp2_250k_unicef_mimu.shp,village:197242:row1601:village_point_Rakhine_v96.zip_mmr_rke_pplp2_250k_unicef_mimu.shp,merge_confirmed_duplicate,153746,163975,,,auto: merge CoreMap village duplicates; survivor = nearest to MIMU (0.0 m),2026-09-21T10:42:55.297Z
village:196449:row1763:village_point_Rakhine_v96.zip_mmr_rke_pplp2_250k_unicef_mimu.shp,village:196449:row1763:village_point_Rakhine_v96.zip_mmr_rke_pplp2_250k_unicef_mimu.shp,merge_confirmed_duplicate,152478,163548,,,auto: merge CoreMap village duplicates; survivor = nearest to MIMU (51.8 m),2026-09-21T10:42:55.297Z
village:196460:row1768:village_point_Rakhine_v96.zip_mmr_rke_pplp2_250k_unicef_mimu.shp,village:196460:row1768:village_point_Rakhine_v96.zip_mmr_rke_pplp2_250k_unicef_mimu.shp,merge_confirmed_duplicate,152477,163340;163339,,,auto: merge CoreMap village duplicates; survivor = nearest to MIMU (20.4 m),2026-09-21T10:42:55.297Z
village:196458:row1769:village_point_Rakhine_v96.zip_mmr_rke_pplp2_250k_unicef_mimu.shp,village:196458:row1769:village_point_Rakhine_v96.zip_mmr_rke_pplp2_250k_unicef_mimu.shp,merge_confirmed_duplicate,152495,164104,,,auto: merge CoreMap village duplicates; survivor = nearest to MIMU (0.0 m),2026-09-21T10:42:55.297Z
village:196463:row1770:village_point_Rakhine_v96.zip_mmr_rke_pplp2_250k_unicef_mimu.shp,village:196463:row1770:village_point_Rakhine_v96.zip_mmr_rke_pplp2_250k_unicef_mimu.shp,merge_confirmed_duplicate,152494,164908,,,auto: merge CoreMap village duplicates; survivor = nearest to MIMU (38.1 m),2026-09-21T10:42:55.297Z
village:196461:row1772:village_point_Rakhine_v96.zip_mmr_rke_pplp2_250k_unicef_mimu.shp,village:196461:row1772:village_point_Rakhine_v96.zip_mmr_rke_pplp2_250k_unicef_mimu.shp,merge_confirmed_duplicate,152476,165088,,,auto: merge CoreMap village duplicates; survivor = nearest to MIMU (80.7 m),2026-09-21T10:42:55.297Z
village:196478:row1799:village_point_Rakhine_v96.zip_mmr_rke_pplp2_250k_unicef_mimu.shp,village:196478:row1799:village_point_Rakhine_v96.zip_mmr_rke_pplp2_250k_unicef_mimu.shp,merge_confirmed_duplicate,163615,165522,,,auto: merge CoreMap village duplicates; survivor = nearest to MIMU (53.8 m),2026-09-21T10:42:55.297Z
village:196621:row1963:village_point_Rakhine_v96.zip_mmr_rke_pplp2_250k_unicef_mimu.shp,village:196621:row1963:village_point_Rakhine_v96.zip_mmr_rke_pplp2_250k_unicef_mimu.shp,merge_confirmed_duplicate,152485,165496,,,auto: merge CoreMap village duplicates; survivor = nearest to MIMU (0.0 m),2026-09-21T10:42:55.297Z
village:196516:row1981:village_point_Rakhine_v96.zip_mmr_rke_pplp2_250k_unicef_mimu.shp,village:196516:row1981:village_point_Rakhine_v96.zip_mmr_rke_pplp2_250k_unicef_mimu.shp,merge_confirmed_duplicate,152466,164329,,,auto: merge CoreMap village duplicates; survivor = nearest to MIMU (20.7 m),2026-09-21T10:42:55.297Z
village:198807:row2032:village_point_Rakhine_v96.zip_mmr_rke_pplp2_250k_unicef_mimu.shp,village:198807:row2032:village_point_Rakhine_v96.zip_mmr_rke_pplp2_250k_unicef_mimu.shp,merge_confirmed_duplicate,153117,165321,,,auto: merge CoreMap village duplicates; survivor = nearest to MIMU (33.3 m),2026-09-21T10:42:55.297Z
village:197257:row2114:village_point_Rakhine_v96.zip_mmr_rke_pplp2_250k_unicef_mimu.shp,village:197257:row2114:village_point_Rakhine_v96.zip_mmr_rke_pplp2_250k_unicef_mimu.shp,merge_confirmed_duplicate,162798,153773,,,auto: merge CoreMap village duplicates; survivor = nearest to MIMU (0.0 m),2026-09-21T10:42:55.297Z
village:197258:row2120:village_point_Rakhine_v96.zip_mmr_rke_pplp2_250k_unicef_mimu.shp,village:197258:row2120:village_point_Rakhine_v96.zip_mmr_rke_pplp2_250k_unicef_mimu.shp,merge_confirmed_duplicate,162850,153772,,,auto: merge CoreMap village duplicates; survivor = nearest to MIMU (0.0 m),2026-09-21T10:42:55.297Z
village:197358:row2231:village_point_Rakhine_v96.zip_mmr_rke_pplp2_250k_unicef_mimu.shp,village:197358:row2231:village_point_Rakhine_v96.zip_mmr_rke_pplp2_250k_unicef_mimu.shp,merge_confirmed_duplicate,165447,153771,,,auto: merge CoreMap village duplicates; survivor = nearest to MIMU (0.0 m),2026-09-21T10:42:55.297Z
village:197479:row2324:village_point_Rakhine_v96.zip_mmr_rke_pplp2_250k_unicef_mimu.shp,village:197479:row2324:village_point_Rakhine_v96.zip_mmr_rke_pplp2_250k_unicef_mimu.shp,merge_confirmed_duplicate,163076,152412,,,auto: merge CoreMap village duplicates; survivor = nearest to MIMU (495.2 m),2026-09-21T10:42:55.297Z
village:196331:row2623:village_point_Rakhine_v96.zip_mmr_rke_pplp2_250k_unicef_mimu.shp,village:196331:row2623:village_point_Rakhine_v96.zip_mmr_rke_pplp2_250k_unicef_mimu.shp,merge_confirmed_duplicate,152406,165682,,,auto: merge CoreMap village duplicates; survivor = nearest to MIMU (27.1 m),2026-09-21T10:42:55.297Z
village:198932:row2631:village_point_Rakhine_v96.zip_mmr_rke_pplp2_250k_unicef_mimu.shp,village:198932:row2631:village_point_Rakhine_v96.zip_mmr_rke_pplp2_250k_unicef_mimu.shp,merge_confirmed_duplicate,152450,162788,,,auto: merge CoreMap village duplicates; survivor = nearest to MIMU (0.0 m),2026-09-21T10:42:55.297Z
village:199000:row2632:village_point_Rakhine_v96.zip_mmr_rke_pplp2_250k_unicef_mimu.shp,village:199000:row2632:village_point_Rakhine_v96.zip_mmr_rke_pplp2_250k_unicef_mimu.shp,merge_confirmed_duplicate,152433,162826,,,auto: merge CoreMap village duplicates; survivor = nearest to MIMU (0.0 m),2026-09-21T10:42:55.297Z
village:199063:row2648:village_point_Rakhine_v96.zip_mmr_rke_pplp2_250k_unicef_mimu.shp,village:199063:row2648:village_point_Rakhine_v96.zip_mmr_rke_pplp2_250k_unicef_mimu.shp,merge_confirmed_duplicate,163060,152420;165700,,,auto: merge CoreMap village duplicates; survivor = nearest to MIMU (72.5 m),2026-09-21T10:42:55.297Z
village:198937:row2676:village_point_Rakhine_v96.zip_mmr_rke_pplp2_250k_unicef_mimu.shp,village:198937:row2676:village_point_Rakhine_v96.zip_mmr_rke_pplp2_250k_unicef_mimu.shp,merge_confirmed_duplicate,152449,163328,,,auto: merge CoreMap village duplicates; survivor = nearest to MIMU (0.0 m),2026-09-21T10:42:55.297Z
village:199083:row2717:village_point_Rakhine_v96.zip_mmr_rke_pplp2_250k_unicef_mimu.shp,village:199083:row2717:village_point_Rakhine_v96.zip_mmr_rke_pplp2_250k_unicef_mimu.shp,merge_confirmed_duplicate,152420,163060,,,auto: merge CoreMap village duplicates; survivor = nearest to MIMU (9.7 m),2026-09-21T10:42:55.297Z
village:198884:row2739:village_point_Rakhine_v96.zip_mmr_rke_pplp2_250k_unicef_mimu.shp,village:198884:row2739:village_point_Rakhine_v96.zip_mmr_rke_pplp2_250k_unicef_mimu.shp,merge_confirmed_duplicate,164920,152448,,,auto: merge CoreMap village duplicates; survivor = nearest to MIMU (0.0 m),2026-09-21T10:42:55.297Z
village:198939:row2803:village_point_Rakhine_v96.zip_mmr_rke_pplp2_250k_unicef_mimu.shp,village:198939:row2803:village_point_Rakhine_v96.zip_mmr_rke_pplp2_250k_unicef_mimu.shp,merge_confirmed_duplicate,152447,165103,,,auto: merge CoreMap village duplicates; survivor = nearest to MIMU (0.0 m),2026-09-21T10:42:55.297Z
village:198940:row2804:village_point_Rakhine_v96.zip_mmr_rke_pplp2_250k_unicef_mimu.shp,village:198940:row2804:village_point_Rakhine_v96.zip_mmr_rke_pplp2_250k_unicef_mimu.shp,merge_confirmed_duplicate,165660,152446,,,auto: merge CoreMap village duplicates; survivor = nearest to MIMU (0.0 m),2026-09-21T10:42:55.297Z
village:198938:row2805:village_point_Rakhine_v96.zip_mmr_rke_pplp2_250k_unicef_mimu.shp,village:198938:row2805:village_point_Rakhine_v96.zip_mmr_rke_pplp2_250k_unicef_mimu.shp,merge_confirmed_duplicate,165661,152445,,,auto: merge CoreMap village duplicates; survivor = nearest to MIMU (0.0 m),2026-09-21T10:42:55.297Z
village:196128:row3059:village_point_Rakhine_v96.zip_mmr_rke_pplp2_250k_unicef_mimu.shp,village:196128:row3059:village_point_Rakhine_v96.zip_mmr_rke_pplp2_250k_unicef_mimu.shp,merge_confirmed_duplicate,163180,163178,,,auto: merge CoreMap village duplicates; survivor = nearest to MIMU (426.8 m),2026-09-21T10:42:55.297Z
village:196189:row3085:village_point_Rakhine_v96.zip_mmr_rke_pplp2_250k_unicef_mimu.shp,village:196189:row3085:village_point_Rakhine_v96.zip_mmr_rke_pplp2_250k_unicef_mimu.shp,merge_confirmed_duplicate,122965,162902,,,auto: merge CoreMap village duplicates; survivor = nearest to MIMU (75.7 m),2026-09-21T10:42:55.297Z
village:196187:row3088:village_point_Rakhine_v96.zip_mmr_rke_pplp2_250k_unicef_mimu.shp,village:196187:row3088:village_point_Rakhine_v96.zip_mmr_rke_pplp2_250k_unicef_mimu.shp,merge_confirmed_duplicate,122964,164596,,,auto: merge CoreMap village duplicates; survivor = nearest to MIMU (29.7 m),2026-09-21T10:42:55.297Z
village:220853:row3331:village_point_Rakhine_v96.zip_mmr_rke_pplp2_250k_unicef_mimu.shp,village:220853:row3331:village_point_Rakhine_v96.zip_mmr_rke_pplp2_250k_unicef_mimu.shp,merge_confirmed_duplicate,118221,163811,,,auto: merge CoreMap village duplicates; survivor = nearest to MIMU (0.0 m),2026-09-21T10:42:55.297Z
village:199684:row3344:village_point_Rakhine_v96.zip_mmr_rke_pplp2_250k_unicef_mimu.shp,village:199684:row3344:village_point_Rakhine_v96.zip_mmr_rke_pplp2_250k_unicef_mimu.shp,merge_confirmed_duplicate,118227,163057,,,auto: merge CoreMap village duplicates; survivor = nearest to MIMU (0.0 m),2026-09-21T10:42:55.297Z
village:199596:row3360:village_point_Rakhine_v96.zip_mmr_rke_pplp2_250k_unicef_mimu.shp,village:199596:row3360:village_point_Rakhine_v96.zip_mmr_rke_pplp2_250k_unicef_mimu.shp,merge_confirmed_duplicate,118216,163616,,,auto: merge CoreMap village duplicates; survivor = nearest to MIMU (0.0 m),2026-09-21T10:42:55.297Z
village:199597:row3361:village_point_Rakhine_v96.zip_mmr_rke_pplp2_250k_unicef_mimu.shp,village:199597:row3361:village_point_Rakhine_v96.zip_mmr_rke_pplp2_250k_unicef_mimu.shp,merge_confirmed_duplicate,118228,164168,,,auto: merge CoreMap village duplicates; survivor = nearest to MIMU (0.0 m),2026-09-21T10:42:55.297Z
village:199618:row3385:village_point_Rakhine_v96.zip_mmr_rke_pplp2_250k_unicef_mimu.shp,village:199618:row3385:village_point_Rakhine_v96.zip_mmr_rke_pplp2_250k_unicef_mimu.shp,merge_confirmed_duplicate,118203,164368,,,auto: merge CoreMap village duplicates; survivor = nearest to MIMU (0.0 m),2026-09-21T10:42:55.297Z
village:199630:row3405:village_point_Rakhine_v96.zip_mmr_rke_pplp2_250k_unicef_mimu.shp,village:199630:row3405:village_point_Rakhine_v96.zip_mmr_rke_pplp2_250k_unicef_mimu.shp,merge_confirmed_duplicate,165729,118205,,,auto: merge CoreMap village duplicates; survivor = nearest to MIMU (0.1 m),2026-09-21T10:42:55.297Z
village:199723:row3422:village_point_Rakhine_v96.zip_mmr_rke_pplp2_250k_unicef_mimu.shp,village:199723:row3422:village_point_Rakhine_v96.zip_mmr_rke_pplp2_250k_unicef_mimu.shp,merge_confirmed_duplicate,118218,162813,,,auto: merge CoreMap village duplicates; survivor = nearest to MIMU (53.6 m),2026-09-21T10:42:55.297Z
village:199667:row3479:village_point_Rakhine_v96.zip_mmr_rke_pplp2_250k_unicef_mimu.shp,village:199667:row3479:village_point_Rakhine_v96.zip_mmr_rke_pplp2_250k_unicef_mimu.shp,merge_confirmed_duplicate,163811,118221,,,auto: merge CoreMap village duplicates; survivor = nearest to MIMU (15.3 m),2026-09-21T10:42:55.297Z
village:173274:row437:village_point_Sagaing_v96.zip_mmr_sag_pplp2_250k_mimu.shp,village:173274:row437:village_point_Sagaing_v96.zip_mmr_sag_pplp2_250k_mimu.shp,merge_confirmed_duplicate,144892,161289,,,auto: merge CoreMap village duplicates; survivor = nearest to MIMU (0.0 m),2026-09-21T10:42:55.297Z
village:173285:row522:village_point_Sagaing_v96.zip_mmr_sag_pplp2_250k_mimu.shp,village:173285:row522:village_point_Sagaing_v96.zip_mmr_sag_pplp2_250k_mimu.shp,merge_confirmed_duplicate,144923,161302,,,auto: merge CoreMap village duplicates; survivor = nearest to MIMU (0.0 m),2026-09-21T10:42:55.297Z
village:173496:row584:village_point_Sagaing_v96.zip_mmr_sag_pplp2_250k_mimu.shp,village:173496:row584:village_point_Sagaing_v96.zip_mmr_sag_pplp2_250k_mimu.shp,merge_confirmed_duplicate,145057,172083,,,auto: merge CoreMap village duplicates; survivor = nearest to MIMU (0.0 m),2026-09-21T10:42:55.297Z
village:173492:row592:village_point_Sagaing_v96.zip_mmr_sag_pplp2_250k_mimu.shp,village:173492:row592:village_point_Sagaing_v96.zip_mmr_sag_pplp2_250k_mimu.shp,merge_confirmed_duplicate,145054,172216,,,auto: merge CoreMap village duplicates; survivor = nearest to MIMU (0.0 m),2026-09-21T10:42:55.297Z
village:174458:row1069:village_point_Sagaing_v96.zip_mmr_sag_pplp2_250k_mimu.shp,village:174458:row1069:village_point_Sagaing_v96.zip_mmr_sag_pplp2_250k_mimu.shp,merge_confirmed_duplicate,143676,173055,,,auto: merge CoreMap village duplicates; survivor = nearest to MIMU (0.0 m),2026-09-21T10:42:55.297Z
village:175645:row1123:village_point_Sagaing_v96.zip_mmr_sag_pplp2_250k_mimu.shp,village:175645:row1123:village_point_Sagaing_v96.zip_mmr_sag_pplp2_250k_mimu.shp,merge_confirmed_duplicate,142941,171021,,,auto: merge CoreMap village duplicates; survivor = nearest to MIMU (0.0 m),2026-09-21T10:42:55.297Z
village:175649:row1124:village_point_Sagaing_v96.zip_mmr_sag_pplp2_250k_mimu.shp,village:175649:row1124:village_point_Sagaing_v96.zip_mmr_sag_pplp2_250k_mimu.shp,merge_confirmed_duplicate,142940,169793,,,auto: merge CoreMap village duplicates; survivor = nearest to MIMU (0.0 m),2026-09-21T10:42:55.297Z
village:175575:row1179:village_point_Sagaing_v96.zip_mmr_sag_pplp2_250k_mimu.shp,village:175575:row1179:village_point_Sagaing_v96.zip_mmr_sag_pplp2_250k_mimu.shp,merge_confirmed_duplicate,142982,161257;142954,,,auto: merge CoreMap village duplicates; survivor = nearest to MIMU (0.0 m),2026-09-21T10:42:55.297Z
village:175659:row1200:village_point_Sagaing_v96.zip_mmr_sag_pplp2_250k_mimu.shp,village:175659:row1200:village_point_Sagaing_v96.zip_mmr_sag_pplp2_250k_mimu.shp,merge_confirmed_duplicate,142930,171022,,,auto: merge CoreMap village duplicates; survivor = nearest to MIMU (0.0 m),2026-09-21T10:42:55.297Z
village:171998:row1469:village_point_Sagaing_v96.zip_mmr_sag_pplp2_250k_mimu.shp,village:171998:row1469:village_point_Sagaing_v96.zip_mmr_sag_pplp2_250k_mimu.shp,merge_confirmed_duplicate,159743,160670,,,auto: merge CoreMap village duplicates; survivor = nearest to MIMU (24077.2 m),2026-09-21T10:42:55.297Z
village:174343:row1888:village_point_Sagaing_v96.zip_mmr_sag_pplp2_250k_mimu.shp,village:174343:row1888:village_point_Sagaing_v96.zip_mmr_sag_pplp2_250k_mimu.shp,merge_confirmed_duplicate,143754,161270,,,auto: merge CoreMap village duplicates; survivor = nearest to MIMU (0.0 m),2026-09-21T10:42:55.297Z
village:171498:row2215:village_point_Sagaing_v96.zip_mmr_sag_pplp2_250k_mimu.shp,village:171498:row2215:village_point_Sagaing_v96.zip_mmr_sag_pplp2_250k_mimu.shp,merge_confirmed_duplicate,172576,162636,,,auto: merge CoreMap village duplicates; survivor = nearest to MIMU (13.7 m),2026-09-21T10:42:55.297Z
village:171497:row2216:village_point_Sagaing_v96.zip_mmr_sag_pplp2_250k_mimu.shp,village:171497:row2216:village_point_Sagaing_v96.zip_mmr_sag_pplp2_250k_mimu.shp,merge_confirmed_duplicate,160668,172564,,,auto: merge CoreMap village duplicates; survivor = nearest to MIMU (62.5 m),2026-09-21T10:42:55.297Z
village:171608:row2232:village_point_Sagaing_v96.zip_mmr_sag_pplp2_250k_mimu.shp,village:171608:row2232:village_point_Sagaing_v96.zip_mmr_sag_pplp2_250k_mimu.shp,merge_confirmed_duplicate,136474,172775,,,auto: merge CoreMap village duplicates; survivor = nearest to MIMU (47.0 m),2026-09-21T10:42:55.297Z
village:171597:row2237:village_point_Sagaing_v96.zip_mmr_sag_pplp2_250k_mimu.shp,village:171597:row2237:village_point_Sagaing_v96.zip_mmr_sag_pplp2_250k_mimu.shp,merge_confirmed_duplicate,172774,136458,,,auto: merge CoreMap village duplicates; survivor = nearest to MIMU (66.6 m),2026-09-21T10:42:55.297Z
village:171488:row2263:village_point_Sagaing_v96.zip_mmr_sag_pplp2_250k_mimu.shp,village:171488:row2263:village_point_Sagaing_v96.zip_mmr_sag_pplp2_250k_mimu.shp,merge_confirmed_duplicate,136473,162643,,,auto: merge CoreMap village duplicates; survivor = nearest to MIMU (46.1 m),2026-09-21T10:42:55.297Z
village:171487:row2264:village_point_Sagaing_v96.zip_mmr_sag_pplp2_250k_mimu.shp,village:171487:row2264:village_point_Sagaing_v96.zip_mmr_sag_pplp2_250k_mimu.shp,merge_confirmed_duplicate,162642,172566,,,auto: merge CoreMap village duplicates; survivor = nearest to MIMU (240.9 m),2026-09-21T10:42:55.297Z
village:171499:row2276:village_point_Sagaing_v96.zip_mmr_sag_pplp2_250k_mimu.shp,village:171499:row2276:village_point_Sagaing_v96.zip_mmr_sag_pplp2_250k_mimu.shp,merge_confirmed_duplicate,172568,162629,,,auto: merge CoreMap village duplicates; survivor = nearest to MIMU (52.8 m),2026-09-21T10:42:55.297Z
village:171585:row2282:village_point_Sagaing_v96.zip_mmr_sag_pplp2_250k_mimu.shp,village:171585:row2282:village_point_Sagaing_v96.zip_mmr_sag_pplp2_250k_mimu.shp,merge_confirmed_duplicate,136488,171753,,,auto: merge CoreMap village duplicates; survivor = nearest to MIMU (187.1 m),2026-09-21T10:42:55.297Z
village:171505:row2301:village_point_Sagaing_v96.zip_mmr_sag_pplp2_250k_mimu.shp,village:171505:row2301:village_point_Sagaing_v96.zip_mmr_sag_pplp2_250k_mimu.shp,merge_confirmed_duplicate,172575,162638,,,auto: merge CoreMap village duplicates; survivor = nearest to MIMU (43.0 m),2026-09-21T10:42:55.297Z
village:171589:row2307:village_point_Sagaing_v96.zip_mmr_sag_pplp2_250k_mimu.shp,village:171589:row2307:village_point_Sagaing_v96.zip_mmr_sag_pplp2_250k_mimu.shp,merge_confirmed_duplicate,136478,172777,,,auto: merge CoreMap village duplicates; survivor = nearest to MIMU (119.9 m),2026-09-21T10:42:55.297Z
village:171577:row2321:village_point_Sagaing_v96.zip_mmr_sag_pplp2_250k_mimu.shp,village:171577:row2321:village_point_Sagaing_v96.zip_mmr_sag_pplp2_250k_mimu.shp,merge_confirmed_duplicate,136475,172780,,,auto: merge CoreMap village duplicates; survivor = nearest to MIMU (98.1 m),2026-09-21T10:42:55.297Z
village:171613:row2328:village_point_Sagaing_v96.zip_mmr_sag_pplp2_250k_mimu.shp,village:171613:row2328:village_point_Sagaing_v96.zip_mmr_sag_pplp2_250k_mimu.shp,merge_confirmed_duplicate,136514,172766,,,auto: merge CoreMap village duplicates; survivor = nearest to MIMU (62.2 m),2026-09-21T10:42:55.297Z
village:171601:row2341:village_point_Sagaing_v96.zip_mmr_sag_pplp2_250k_mimu.shp,village:171601:row2341:village_point_Sagaing_v96.zip_mmr_sag_pplp2_250k_mimu.shp,merge_confirmed_duplicate,172781,136497;136466,,,auto: merge CoreMap village duplicates; survivor = nearest to MIMU (25.7 m),2026-09-21T10:42:55.297Z
village:176871:row2467:village_point_Sagaing_v96.zip_mmr_sag_pplp2_250k_mimu.shp,village:176871:row2467:village_point_Sagaing_v96.zip_mmr_sag_pplp2_250k_mimu.shp,merge_confirmed_duplicate,145263,167202,,,auto: merge CoreMap village duplicates; survivor = nearest to MIMU (10.3 m),2026-09-21T10:42:55.297Z
village:218133:row2504:village_point_Sagaing_v96.zip_mmr_sag_pplp2_250k_mimu.shp,village:218133:row2504:village_point_Sagaing_v96.zip_mmr_sag_pplp2_250k_mimu.shp,merge_confirmed_duplicate,145263,167202,,,auto: merge CoreMap village duplicates; survivor = nearest to MIMU (0.0 m),2026-09-21T10:42:55.297Z
village:176813:row2550:village_point_Sagaing_v96.zip_mmr_sag_pplp2_250k_mimu.shp,village:176813:row2550:village_point_Sagaing_v96.zip_mmr_sag_pplp2_250k_mimu.shp,merge_confirmed_duplicate,115616,167120,,,auto: merge CoreMap village duplicates; survivor = nearest to MIMU (17.0 m),2026-09-21T10:42:55.297Z
village:171228:row3071:village_point_Sagaing_v96.zip_mmr_sag_pplp2_250k_mimu.shp,village:171228:row3071:village_point_Sagaing_v96.zip_mmr_sag_pplp2_250k_mimu.shp,merge_confirmed_duplicate,145354,118182,,,auto: merge CoreMap village duplicates; survivor = nearest to MIMU (0.0 m),2026-09-21T10:42:55.297Z
village:176894:row3223:village_point_Sagaing_v96.zip_mmr_sag_pplp2_250k_mimu.shp,village:176894:row3223:village_point_Sagaing_v96.zip_mmr_sag_pplp2_250k_mimu.shp,merge_confirmed_duplicate,145319,166109,,,auto: merge CoreMap village duplicates; survivor = nearest to MIMU (0.0 m),2026-09-21T10:42:55.297Z
village:174100:row3294:village_point_Sagaing_v96.zip_mmr_sag_pplp2_250k_mimu.shp,village:174100:row3294:village_point_Sagaing_v96.zip_mmr_sag_pplp2_250k_mimu.shp,merge_confirmed_duplicate,142515,161279,,,auto: merge CoreMap village duplicates; survivor = nearest to MIMU (0.0 m),2026-09-21T10:42:55.297Z
village:174127:row3359:village_point_Sagaing_v96.zip_mmr_sag_pplp2_250k_mimu.shp,village:174127:row3359:village_point_Sagaing_v96.zip_mmr_sag_pplp2_250k_mimu.shp,merge_confirmed_duplicate,142499,161274,,,auto: merge CoreMap village duplicates; survivor = nearest to MIMU (0.0 m),2026-09-21T10:42:55.297Z
village:174128:row3361:village_point_Sagaing_v96.zip_mmr_sag_pplp2_250k_mimu.shp,village:174128:row3361:village_point_Sagaing_v96.zip_mmr_sag_pplp2_250k_mimu.shp,merge_confirmed_duplicate,142498,161276,,,auto: merge CoreMap village duplicates; survivor = nearest to MIMU (0.0 m),2026-09-21T10:42:55.297Z
village:174137:row3384:village_point_Sagaing_v96.zip_mmr_sag_pplp2_250k_mimu.shp,village:174137:row3384:village_point_Sagaing_v96.zip_mmr_sag_pplp2_250k_mimu.shp,merge_confirmed_duplicate,142539,142528,,,auto: merge CoreMap village duplicates; survivor = nearest to MIMU (0.0 m),2026-09-21T10:42:55.297Z
village:174113:row3428:village_point_Sagaing_v96.zip_mmr_sag_pplp2_250k_mimu.shp,village:174113:row3428:village_point_Sagaing_v96.zip_mmr_sag_pplp2_250k_mimu.shp,merge_confirmed_duplicate,142528,142539,,,auto: merge CoreMap village duplicates; survivor = nearest to MIMU (0.0 m),2026-09-21T10:42:55.297Z
village:171017:row3879:village_point_Sagaing_v96.zip_mmr_sag_pplp2_250k_mimu.shp,village:171017:row3879:village_point_Sagaing_v96.zip_mmr_sag_pplp2_250k_mimu.shp,merge_confirmed_duplicate,117971,134367,,,auto: merge CoreMap village duplicates; survivor = nearest to MIMU (0.0 m),2026-09-21T10:42:55.297Z
village:171142:row3894:village_point_Sagaing_v96.zip_mmr_sag_pplp2_250k_mimu.shp,village:171142:row3894:village_point_Sagaing_v96.zip_mmr_sag_pplp2_250k_mimu.shp,merge_confirmed_duplicate,167349,118001,,,auto: merge CoreMap village duplicates; survivor = nearest to MIMU (115.5 m),2026-09-21T10:42:55.297Z
village:171082:row3903:village_point_Sagaing_v96.zip_mmr_sag_pplp2_250k_mimu.shp,village:171082:row3903:village_point_Sagaing_v96.zip_mmr_sag_pplp2_250k_mimu.shp,merge_confirmed_duplicate,172447,160455,,,auto: merge CoreMap village duplicates; survivor = nearest to MIMU (111.5 m),2026-09-21T10:42:55.297Z
village:171127:row3947:village_point_Sagaing_v96.zip_mmr_sag_pplp2_250k_mimu.shp,village:171127:row3947:village_point_Sagaing_v96.zip_mmr_sag_pplp2_250k_mimu.shp,merge_confirmed_duplicate,116704,171415,,,auto: merge CoreMap village duplicates; survivor = nearest to MIMU (141.6 m),2026-09-21T10:42:55.297Z
village:171104:row3960:village_point_Sagaing_v96.zip_mmr_sag_pplp2_250k_mimu.shp,village:171104:row3960:village_point_Sagaing_v96.zip_mmr_sag_pplp2_250k_mimu.shp,merge_confirmed_duplicate,167280,172208,,,auto: merge CoreMap village duplicates; survivor = nearest to MIMU (143.3 m),2026-09-21T10:42:55.297Z
village:170965:row4008:village_point_Sagaing_v96.zip_mmr_sag_pplp2_250k_mimu.shp,village:170965:row4008:village_point_Sagaing_v96.zip_mmr_sag_pplp2_250k_mimu.shp,merge_confirmed_duplicate,117979,134368,,,auto: merge CoreMap village duplicates; survivor = nearest to MIMU (0.0 m),2026-09-21T10:42:55.297Z
village:171074:row4017:village_point_Sagaing_v96.zip_mmr_sag_pplp2_250k_mimu.shp,village:171074:row4017:village_point_Sagaing_v96.zip_mmr_sag_pplp2_250k_mimu.shp,merge_confirmed_duplicate,118003,134366,,,auto: merge CoreMap village duplicates; survivor = nearest to MIMU (0.0 m),2026-09-21T10:42:55.297Z
village:171373:row4277:village_point_Sagaing_v96.zip_mmr_sag_pplp2_250k_mimu.shp,village:171373:row4277:village_point_Sagaing_v96.zip_mmr_sag_pplp2_250k_mimu.shp,merge_confirmed_duplicate,136332,136396;136347,,,auto: merge CoreMap village duplicates; survivor = nearest to MIMU (48.8 m),2026-09-21T10:42:55.297Z
village:171362:row4325:village_point_Sagaing_v96.zip_mmr_sag_pplp2_250k_mimu.shp,village:171362:row4325:village_point_Sagaing_v96.zip_mmr_sag_pplp2_250k_mimu.shp,merge_confirmed_duplicate,136396,136332;136347,,,auto: merge CoreMap village duplicates; survivor = nearest to MIMU (45.2 m),2026-09-21T10:42:55.297Z
village:172651:row4604:village_point_Sagaing_v96.zip_mmr_sag_pplp2_250k_mimu.shp,village:172651:row4604:village_point_Sagaing_v96.zip_mmr_sag_pplp2_250k_mimu.shp,merge_confirmed_duplicate,170786,118464,,,auto: merge CoreMap village duplicates; survivor = nearest to MIMU (63.5 m),2026-09-21T10:42:55.297Z
village:172730:row4654:village_point_Sagaing_v96.zip_mmr_sag_pplp2_250k_mimu.shp,village:172730:row4654:village_point_Sagaing_v96.zip_mmr_sag_pplp2_250k_mimu.shp,merge_confirmed_duplicate,141876,141938,,,auto: merge CoreMap village duplicates; survivor = nearest to MIMU (0.0 m),2026-09-21T10:42:55.297Z
village:172784:row4738:village_point_Sagaing_v96.zip_mmr_sag_pplp2_250k_mimu.shp,village:172784:row4738:village_point_Sagaing_v96.zip_mmr_sag_pplp2_250k_mimu.shp,merge_confirmed_duplicate,141911,141906,,,auto: merge CoreMap village duplicates; survivor = nearest to MIMU (0.0 m),2026-09-21T10:42:55.297Z
village:172806:row4773:village_point_Sagaing_v96.zip_mmr_sag_pplp2_250k_mimu.shp,village:172806:row4773:village_point_Sagaing_v96.zip_mmr_sag_pplp2_250k_mimu.shp,merge_confirmed_duplicate,141906,141911,,,auto: merge CoreMap village duplicates; survivor = nearest to MIMU (0.0 m),2026-09-21T10:42:55.297Z
village:172868:row4825:village_point_Sagaing_v96.zip_mmr_sag_pplp2_250k_mimu.shp,village:172868:row4825:village_point_Sagaing_v96.zip_mmr_sag_pplp2_250k_mimu.shp,merge_confirmed_duplicate,141938,141876,,,auto: merge CoreMap village duplicates; survivor = nearest to MIMU (0.0 m),2026-09-21T10:42:55.297Z
village:174561:row4966:village_point_Sagaing_v96.zip_mmr_sag_pplp2_250k_mimu.shp,village:174561:row4966:village_point_Sagaing_v96.zip_mmr_sag_pplp2_250k_mimu.shp,merge_confirmed_duplicate,143890,169818,,,auto: merge CoreMap village duplicates; survivor = nearest to MIMU (208.6 m),2026-09-21T10:42:55.297Z
village:217157:row4992:village_point_Sagaing_v96.zip_mmr_sag_pplp2_250k_mimu.shp,village:217157:row4992:village_point_Sagaing_v96.zip_mmr_sag_pplp2_250k_mimu.shp,merge_confirmed_duplicate,135244,135251,,,auto: merge CoreMap village duplicates; survivor = nearest to MIMU (0.0 m),2026-09-21T10:42:55.297Z
village:171678:row5047:village_point_Sagaing_v96.zip_mmr_sag_pplp2_250k_mimu.shp,village:171678:row5047:village_point_Sagaing_v96.zip_mmr_sag_pplp2_250k_mimu.shp,merge_confirmed_duplicate,135296,135243,,,auto: merge CoreMap village duplicates; survivor = nearest to MIMU (8.9 m),2026-09-21T10:42:55.297Z
village:171705:row5135:village_point_Sagaing_v96.zip_mmr_sag_pplp2_250k_mimu.shp,village:171705:row5135:village_point_Sagaing_v96.zip_mmr_sag_pplp2_250k_mimu.shp,merge_confirmed_duplicate,135244,135251,,,auto: merge CoreMap village duplicates; survivor = nearest to MIMU (110.7 m),2026-09-21T10:42:55.297Z
village:171627:row5152:village_point_Sagaing_v96.zip_mmr_sag_pplp2_250k_mimu.shp,village:171627:row5152:village_point_Sagaing_v96.zip_mmr_sag_pplp2_250k_mimu.shp,merge_confirmed_duplicate,135243,135296,,,auto: merge CoreMap village duplicates; survivor = nearest to MIMU (58.7 m),2026-09-21T10:42:55.297Z
village:212166:row57:village_point_Shan_v96.zip_mmr_shn_pplp2_250k_unodc_mimu.shp,village:212166:row57:village_point_Shan_v96.zip_mmr_shn_pplp2_250k_unodc_mimu.shp,merge_confirmed_duplicate,152190,151881,,,auto: merge CoreMap village duplicates; survivor = nearest to MIMU (37.6 m),2026-09-21T10:42:55.297Z
village:212179:row58:village_point_Shan_v96.zip_mmr_shn_pplp2_250k_unodc_mimu.shp,village:212179:row58:village_point_Shan_v96.zip_mmr_shn_pplp2_250k_unodc_mimu.shp,merge_confirmed_duplicate,151881,152190,,,auto: merge CoreMap village duplicates; survivor = nearest to MIMU (0.0 m),2026-09-21T10:42:55.297Z
village:222075:row89:village_point_Shan_v96.zip_mmr_shn_pplp2_250k_unodc_mimu.shp,village:222075:row89:village_point_Shan_v96.zip_mmr_shn_pplp2_250k_unodc_mimu.shp,merge_confirmed_duplicate,151898,151056;151806;152027,,,auto: merge CoreMap village duplicates; survivor = nearest to MIMU (0.0 m),2026-09-21T10:42:55.297Z
village:211922:row124:village_point_Shan_v96.zip_mmr_shn_pplp2_250k_unodc_mimu.shp,village:211922:row124:village_point_Shan_v96.zip_mmr_shn_pplp2_250k_unodc_mimu.shp,merge_confirmed_duplicate,151711,170170,,,auto: merge CoreMap village duplicates; survivor = nearest to MIMU (0.0 m),2026-09-21T10:42:55.297Z
village:211909:row194:village_point_Shan_v96.zip_mmr_shn_pplp2_250k_unodc_mimu.shp,village:211909:row194:village_point_Shan_v96.zip_mmr_shn_pplp2_250k_unodc_mimu.shp,merge_confirmed_duplicate,151814,170168,,,auto: merge CoreMap village duplicates; survivor = nearest to MIMU (0.0 m),2026-09-21T10:42:55.297Z
village:211913:row199:village_point_Shan_v96.zip_mmr_shn_pplp2_250k_unodc_mimu.shp,village:211913:row199:village_point_Shan_v96.zip_mmr_shn_pplp2_250k_unodc_mimu.shp,merge_confirmed_duplicate,151631,170169,,,auto: merge CoreMap village duplicates; survivor = nearest to MIMU (0.0 m),2026-09-21T10:42:55.297Z
village:222120:row450:village_point_Shan_v96.zip_mmr_shn_pplp2_250k_unodc_mimu.shp,village:222120:row450:village_point_Shan_v96.zip_mmr_shn_pplp2_250k_unodc_mimu.shp,merge_confirmed_duplicate,152190,151881,,,auto: merge CoreMap village duplicates; survivor = nearest to MIMU (27790.3 m),2026-09-21T10:42:55.297Z
village:222121:row452:village_point_Shan_v96.zip_mmr_shn_pplp2_250k_unodc_mimu.shp,village:222121:row452:village_point_Shan_v96.zip_mmr_shn_pplp2_250k_unodc_mimu.shp,merge_confirmed_duplicate,152172,151716;151984,,,auto: merge CoreMap village duplicates; survivor = nearest to MIMU (0.0 m),2026-09-21T10:42:55.297Z
village:222123:row469:village_point_Shan_v96.zip_mmr_shn_pplp2_250k_unodc_mimu.shp,village:222123:row469:village_point_Shan_v96.zip_mmr_shn_pplp2_250k_unodc_mimu.shp,merge_confirmed_duplicate,151716,152172;151984,,,auto: merge CoreMap village duplicates; survivor = nearest to MIMU (0.0 m),2026-09-21T10:42:55.297Z
village:212195:row492:village_point_Shan_v96.zip_mmr_shn_pplp2_250k_unodc_mimu.shp,village:212195:row492:village_point_Shan_v96.zip_mmr_shn_pplp2_250k_unodc_mimu.shp,merge_confirmed_duplicate,152095,151889,,,auto: merge CoreMap village duplicates; survivor = nearest to MIMU (0.0 m),2026-09-21T10:42:55.297Z
village:212082:row587:village_point_Shan_v96.zip_mmr_shn_pplp2_250k_unodc_mimu.shp,village:212082:row587:village_point_Shan_v96.zip_mmr_shn_pplp2_250k_unodc_mimu.shp,merge_confirmed_duplicate,152054,152158;151874,,,auto: merge CoreMap village duplicates; survivor = nearest to MIMU (40235.5 m),2026-09-21T10:42:55.297Z
village:212674:row1341:village_point_Shan_v96.zip_mmr_shn_pplp2_250k_unodc_mimu.shp,village:212674:row1341:village_point_Shan_v96.zip_mmr_shn_pplp2_250k_unodc_mimu.shp,merge_confirmed_duplicate,151189,161094,,,auto: merge CoreMap village duplicates; survivor = nearest to MIMU (0.0 m),2026-09-21T10:42:55.297Z
village:214160:row1521:village_point_Shan_v96.zip_mmr_shn_pplp2_250k_unodc_mimu.shp,village:214160:row1521:village_point_Shan_v96.zip_mmr_shn_pplp2_250k_unodc_mimu.shp,merge_confirmed_duplicate,151335,151373,,,auto: merge CoreMap village duplicates; survivor = nearest to MIMU (0.0 m),2026-09-21T10:42:55.297Z
village:221783:row1856:village_point_Shan_v96.zip_mmr_shn_pplp2_250k_unodc_mimu.shp,village:221783:row1856:village_point_Shan_v96.zip_mmr_shn_pplp2_250k_unodc_mimu.shp,merge_confirmed_duplicate,152306,131725,,,auto: merge CoreMap village duplicates; survivor = nearest to MIMU (0.0 m),2026-09-21T10:42:55.297Z
village:215135:row2049:village_point_Shan_v96.zip_mmr_shn_pplp2_250k_unodc_mimu.shp,village:215135:row2049:village_point_Shan_v96.zip_mmr_shn_pplp2_250k_unodc_mimu.shp,merge_confirmed_duplicate,152348,173080,,,auto: merge CoreMap village duplicates; survivor = nearest to MIMU (0.0 m),2026-09-21T10:42:55.297Z
village:215130:row2050:village_point_Shan_v96.zip_mmr_shn_pplp2_250k_unodc_mimu.shp,village:215130:row2050:village_point_Shan_v96.zip_mmr_shn_pplp2_250k_unodc_mimu.shp,merge_confirmed_duplicate,152396,173079,,,auto: merge CoreMap village duplicates; survivor = nearest to MIMU (55.4 m),2026-09-21T10:42:55.297Z
village:206217:row2410:village_point_Shan_v96.zip_mmr_shn_pplp2_250k_unodc_mimu.shp,village:206217:row2410:village_point_Shan_v96.zip_mmr_shn_pplp2_250k_unodc_mimu.shp,merge_confirmed_duplicate,158294,166073,,,auto: merge CoreMap village duplicates; survivor = nearest to MIMU (37.2 m),2026-09-21T10:42:55.297Z
village:206367:row2412:village_point_Shan_v96.zip_mmr_shn_pplp2_250k_unodc_mimu.shp,village:206367:row2412:village_point_Shan_v96.zip_mmr_shn_pplp2_250k_unodc_mimu.shp,merge_confirmed_duplicate,158313,172755,,,auto: merge CoreMap village duplicates; survivor = nearest to MIMU (20.5 m),2026-09-21T10:42:55.297Z
village:206366:row2416:village_point_Shan_v96.zip_mmr_shn_pplp2_250k_unodc_mimu.shp,village:206366:row2416:village_point_Shan_v96.zip_mmr_shn_pplp2_250k_unodc_mimu.shp,merge_confirmed_duplicate,172754,158269,,,auto: merge CoreMap village duplicates; survivor = nearest to MIMU (25.4 m),2026-09-21T10:42:55.297Z
village:206345:row2426:village_point_Shan_v96.zip_mmr_shn_pplp2_250k_unodc_mimu.shp,village:206345:row2426:village_point_Shan_v96.zip_mmr_shn_pplp2_250k_unodc_mimu.shp,merge_confirmed_duplicate,167852,172757,,,auto: merge CoreMap village duplicates; survivor = nearest to MIMU (108.4 m),2026-09-21T10:42:55.297Z
village:206348:row2430:village_point_Shan_v96.zip_mmr_shn_pplp2_250k_unodc_mimu.shp,village:206348:row2430:village_point_Shan_v96.zip_mmr_shn_pplp2_250k_unodc_mimu.shp,merge_confirmed_duplicate,167858,172756,,,auto: merge CoreMap village duplicates; survivor = nearest to MIMU (48.1 m),2026-09-21T10:42:55.297Z
village:208882:row3280:village_point_Shan_v96.zip_mmr_shn_pplp2_250k_unodc_mimu.shp,village:208882:row3280:village_point_Shan_v96.zip_mmr_shn_pplp2_250k_unodc_mimu.shp,merge_confirmed_duplicate,159293,156066,,,auto: merge CoreMap village duplicates; survivor = nearest to MIMU (31741.4 m),2026-09-21T10:42:55.297Z
village:208908:row3310:village_point_Shan_v96.zip_mmr_shn_pplp2_250k_unodc_mimu.shp,village:208908:row3310:village_point_Shan_v96.zip_mmr_shn_pplp2_250k_unodc_mimu.shp,merge_confirmed_duplicate,156032,156025,,,auto: merge CoreMap village duplicates; survivor = nearest to MIMU (56457.4 m),2026-09-21T10:42:55.297Z
village:208927:row3312:village_point_Shan_v96.zip_mmr_shn_pplp2_250k_unodc_mimu.shp,village:208927:row3312:village_point_Shan_v96.zip_mmr_shn_pplp2_250k_unodc_mimu.shp,merge_confirmed_duplicate,156043,156065,,,auto: merge CoreMap village duplicates; survivor = nearest to MIMU (44078.2 m),2026-09-21T10:42:55.297Z
village:208907:row3314:village_point_Shan_v96.zip_mmr_shn_pplp2_250k_unodc_mimu.shp,village:208907:row3314:village_point_Shan_v96.zip_mmr_shn_pplp2_250k_unodc_mimu.shp,merge_confirmed_duplicate,159293,156066,,,auto: merge CoreMap village duplicates; survivor = nearest to MIMU (59034.5 m),2026-09-21T10:42:55.297Z
village:209002:row3343:village_point_Shan_v96.zip_mmr_shn_pplp2_250k_unodc_mimu.shp,village:209002:row3343:village_point_Shan_v96.zip_mmr_shn_pplp2_250k_unodc_mimu.shp,merge_confirmed_duplicate,155993,155956,,,auto: merge CoreMap village duplicates; survivor = nearest to MIMU (48674.0 m),2026-09-21T10:42:55.297Z
village:209388:row3445:village_point_Shan_v96.zip_mmr_shn_pplp2_250k_unodc_mimu.shp,village:209388:row3445:village_point_Shan_v96.zip_mmr_shn_pplp2_250k_unodc_mimu.shp,merge_confirmed_duplicate,172087,158608,,,auto: merge CoreMap village duplicates; survivor = nearest to MIMU (19.1 m),2026-09-21T10:42:55.297Z
village:219866:row3456:village_point_Shan_v96.zip_mmr_shn_pplp2_250k_unodc_mimu.shp,village:219866:row3456:village_point_Shan_v96.zip_mmr_shn_pplp2_250k_unodc_mimu.shp,merge_confirmed_duplicate,158474,158469,,,auto: merge CoreMap village duplicates; survivor = nearest to MIMU (100.5 m),2026-09-21T10:42:55.297Z
village:209476:row3506:village_point_Shan_v96.zip_mmr_shn_pplp2_250k_unodc_mimu.shp,village:209476:row3506:village_point_Shan_v96.zip_mmr_shn_pplp2_250k_unodc_mimu.shp,merge_confirmed_duplicate,158469,158474,,,auto: merge CoreMap village duplicates; survivor = nearest to MIMU (51.7 m),2026-09-21T10:42:55.297Z
village:209264:row3550:village_point_Shan_v96.zip_mmr_shn_pplp2_250k_unodc_mimu.shp,village:209264:row3550:village_point_Shan_v96.zip_mmr_shn_pplp2_250k_unodc_mimu.shp,merge_confirmed_duplicate,172046,160871,,,auto: merge CoreMap village duplicates; survivor = nearest to MIMU (118.9 m),2026-09-21T10:42:55.297Z
village:220295:row3783:village_point_Shan_v96.zip_mmr_shn_pplp2_250k_unodc_mimu.shp,village:220295:row3783:village_point_Shan_v96.zip_mmr_shn_pplp2_250k_unodc_mimu.shp,merge_confirmed_duplicate,153180,153151,,,auto: merge CoreMap village duplicates; survivor = nearest to MIMU (18827.6 m),2026-09-21T10:42:55.297Z
village:205920:row3813:village_point_Shan_v96.zip_mmr_shn_pplp2_250k_unodc_mimu.shp,village:205920:row3813:village_point_Shan_v96.zip_mmr_shn_pplp2_250k_unodc_mimu.shp,merge_confirmed_duplicate,153217,131318,,,auto: merge CoreMap village duplicates; survivor = nearest to MIMU (0.0 m),2026-09-21T10:42:55.297Z
village:206468:row4431:village_point_Shan_v96.zip_mmr_shn_pplp2_250k_unodc_mimu.shp,village:206468:row4431:village_point_Shan_v96.zip_mmr_shn_pplp2_250k_unodc_mimu.shp,merge_confirmed_duplicate,153035,116595,,,auto: merge CoreMap village duplicates; survivor = nearest to MIMU (0.0 m),2026-09-21T10:42:55.297Z
village:208471:row4889:village_point_Shan_v96.zip_mmr_shn_pplp2_250k_unodc_mimu.shp,village:208471:row4889:village_point_Shan_v96.zip_mmr_shn_pplp2_250k_unodc_mimu.shp,merge_confirmed_duplicate,156455,131319,,,auto: merge CoreMap village duplicates; survivor = nearest to MIMU (25.2 m),2026-09-21T10:42:55.297Z
village:219911:row5074:village_point_Shan_v96.zip_mmr_shn_pplp2_250k_unodc_mimu.shp,village:219911:row5074:village_point_Shan_v96.zip_mmr_shn_pplp2_250k_unodc_mimu.shp,merge_confirmed_duplicate,157847,157840,,,auto: merge CoreMap village duplicates; survivor = nearest to MIMU (72.2 m),2026-09-21T10:42:55.297Z
village:210452:row5177:village_point_Shan_v96.zip_mmr_shn_pplp2_250k_unodc_mimu.shp,village:210452:row5177:village_point_Shan_v96.zip_mmr_shn_pplp2_250k_unodc_mimu.shp,merge_confirmed_duplicate,157840,157847,,,auto: merge CoreMap village duplicates; survivor = nearest to MIMU (40.7 m),2026-09-21T10:42:55.297Z
village:209696:row5271:village_point_Shan_v96.zip_mmr_shn_pplp2_250k_unodc_mimu.shp,village:209696:row5271:village_point_Shan_v96.zip_mmr_shn_pplp2_250k_unodc_mimu.shp,merge_confirmed_duplicate,167830,157954;173103;173099,,,auto: merge CoreMap village duplicates; survivor = nearest to MIMU (60.6 m),2026-09-21T10:42:55.297Z
village:209780:row5276:village_point_Shan_v96.zip_mmr_shn_pplp2_250k_unodc_mimu.shp,village:209780:row5276:village_point_Shan_v96.zip_mmr_shn_pplp2_250k_unodc_mimu.shp,merge_confirmed_duplicate,157943,116510,,,auto: merge CoreMap village duplicates; survivor = nearest to MIMU (32863.6 m),2026-09-21T10:42:55.297Z
village:209782:row5293:village_point_Shan_v96.zip_mmr_shn_pplp2_250k_unodc_mimu.shp,village:209782:row5293:village_point_Shan_v96.zip_mmr_shn_pplp2_250k_unodc_mimu.shp,merge_confirmed_duplicate,157964,172631,,,auto: merge CoreMap village duplicates; survivor = nearest to MIMU (0.0 m),2026-09-21T10:42:55.297Z
village:209783:row5294:village_point_Shan_v96.zip_mmr_shn_pplp2_250k_unodc_mimu.shp,village:209783:row5294:village_point_Shan_v96.zip_mmr_shn_pplp2_250k_unodc_mimu.shp,merge_confirmed_duplicate,157959,172632,,,auto: merge CoreMap village duplicates; survivor = nearest to MIMU (84.6 m),2026-09-21T10:42:55.297Z
village:209673:row5299:village_point_Shan_v96.zip_mmr_shn_pplp2_250k_unodc_mimu.shp,village:209673:row5299:village_point_Shan_v96.zip_mmr_shn_pplp2_250k_unodc_mimu.shp,merge_confirmed_duplicate,157960,116450;116535,,,auto: merge CoreMap village duplicates; survivor = nearest to MIMU (0.0 m),2026-09-21T10:42:55.297Z
village:209711:row5377:village_point_Shan_v96.zip_mmr_shn_pplp2_250k_unodc_mimu.shp,village:209711:row5377:village_point_Shan_v96.zip_mmr_shn_pplp2_250k_unodc_mimu.shp,merge_confirmed_duplicate,172727,116445,,,auto: merge CoreMap village duplicates; survivor = nearest to MIMU (117.7 m),2026-09-21T10:42:55.297Z
village:219878:row5402:village_point_Shan_v96.zip_mmr_shn_pplp2_250k_unodc_mimu.shp,village:219878:row5402:village_point_Shan_v96.zip_mmr_shn_pplp2_250k_unodc_mimu.shp,merge_confirmed_duplicate,157948,116543,,,auto: merge CoreMap village duplicates; survivor = nearest to MIMU (17.5 m),2026-09-21T10:42:55.297Z
village:209594:row5415:village_point_Shan_v96.zip_mmr_shn_pplp2_250k_unodc_mimu.shp,village:209594:row5415:village_point_Shan_v96.zip_mmr_shn_pplp2_250k_unodc_mimu.shp,merge_confirmed_duplicate,172969,116463,,,auto: merge CoreMap village duplicates; survivor = nearest to MIMU (34.0 m),2026-09-21T10:42:55.297Z
village:209615:row5424:village_point_Shan_v96.zip_mmr_shn_pplp2_250k_unodc_mimu.shp,village:209615:row5424:village_point_Shan_v96.zip_mmr_shn_pplp2_250k_unodc_mimu.shp,merge_confirmed_duplicate,157946,172996,,,auto: merge CoreMap village duplicates; survivor = nearest to MIMU (11.9 m),2026-09-21T10:42:55.297Z
village:209683:row5434:village_point_Shan_v96.zip_mmr_shn_pplp2_250k_unodc_mimu.shp,village:209683:row5434:village_point_Shan_v96.zip_mmr_shn_pplp2_250k_unodc_mimu.shp,merge_confirmed_duplicate,157961,172962,,,auto: merge CoreMap village duplicates; survivor = nearest to MIMU (55.0 m),2026-09-21T10:42:55.297Z
village:209680:row5435:village_point_Shan_v96.zip_mmr_shn_pplp2_250k_unodc_mimu.shp,village:209680:row5435:village_point_Shan_v96.zip_mmr_shn_pplp2_250k_unodc_mimu.shp,merge_confirmed_duplicate,172950,116518,,,auto: merge CoreMap village duplicates; survivor = nearest to MIMU (22.0 m),2026-09-21T10:42:55.297Z
village:206903:row5625:village_point_Shan_v96.zip_mmr_shn_pplp2_250k_unodc_mimu.shp,village:206903:row5625:village_point_Shan_v96.zip_mmr_shn_pplp2_250k_unodc_mimu.shp,merge_confirmed_duplicate,153579,131326,,,auto: merge CoreMap village duplicates; survivor = nearest to MIMU (0.0 m),2026-09-21T10:42:55.297Z
village:219704:row5626:village_point_Shan_v96.zip_mmr_shn_pplp2_250k_unodc_mimu.shp,village:219704:row5626:village_point_Shan_v96.zip_mmr_shn_pplp2_250k_unodc_mimu.shp,merge_confirmed_duplicate,153678,131327,,,auto: merge CoreMap village duplicates; survivor = nearest to MIMU (40.1 m),2026-09-21T10:42:55.297Z
village:219768:row5681:village_point_Shan_v96.zip_mmr_shn_pplp2_250k_unodc_mimu.shp,village:219768:row5681:village_point_Shan_v96.zip_mmr_shn_pplp2_250k_unodc_mimu.shp,merge_confirmed_duplicate,153686,131372,,,auto: merge CoreMap village duplicates; survivor = nearest to MIMU (46.1 m),2026-09-21T10:42:55.297Z
village:206886:row5690:village_point_Shan_v96.zip_mmr_shn_pplp2_250k_unodc_mimu.shp,village:206886:row5690:village_point_Shan_v96.zip_mmr_shn_pplp2_250k_unodc_mimu.shp,merge_confirmed_duplicate,153716,131334;153728,,,auto: merge CoreMap village duplicates; survivor = nearest to MIMU (0.0 m),2026-09-21T10:42:55.297Z
village:206887:row5693:village_point_Shan_v96.zip_mmr_shn_pplp2_250k_unodc_mimu.shp,village:206887:row5693:village_point_Shan_v96.zip_mmr_shn_pplp2_250k_unodc_mimu.shp,merge_confirmed_duplicate,153580,131337,,,auto: merge CoreMap village duplicates; survivor = nearest to MIMU (0.0 m),2026-09-21T10:42:55.297Z
village:206891:row5700:village_point_Shan_v96.zip_mmr_shn_pplp2_250k_unodc_mimu.shp,village:206891:row5700:village_point_Shan_v96.zip_mmr_shn_pplp2_250k_unodc_mimu.shp,merge_confirmed_duplicate,153711,131332,,,auto: merge CoreMap village duplicates; survivor = nearest to MIMU (190.2 m),2026-09-21T10:42:55.297Z
village:206893:row5701:village_point_Shan_v96.zip_mmr_shn_pplp2_250k_unodc_mimu.shp,village:206893:row5701:village_point_Shan_v96.zip_mmr_shn_pplp2_250k_unodc_mimu.shp,merge_confirmed_duplicate,153676,131331,,,auto: merge CoreMap village duplicates; survivor = nearest to MIMU (92.2 m),2026-09-21T10:42:55.297Z
village:200909:row5796:village_point_Shan_v96.zip_mmr_shn_pplp2_250k_unodc_mimu.shp,village:200909:row5796:village_point_Shan_v96.zip_mmr_shn_pplp2_250k_unodc_mimu.shp,merge_confirmed_duplicate,157438,157432,,,auto: merge CoreMap village duplicates; survivor = nearest to MIMU (52.5 m),2026-09-21T10:42:55.297Z
village:200772:row5824:village_point_Shan_v96.zip_mmr_shn_pplp2_250k_unodc_mimu.shp,village:200772:row5824:village_point_Shan_v96.zip_mmr_shn_pplp2_250k_unodc_mimu.shp,merge_confirmed_duplicate,157343,157340,,,auto: merge CoreMap village duplicates; survivor = nearest to MIMU (67.1 m),2026-09-21T10:42:55.297Z
village:200886:row5834:village_point_Shan_v96.zip_mmr_shn_pplp2_250k_unodc_mimu.shp,village:200886:row5834:village_point_Shan_v96.zip_mmr_shn_pplp2_250k_unodc_mimu.shp,merge_confirmed_duplicate,157438,157432,,,auto: merge CoreMap village duplicates; survivor = nearest to MIMU (3454.5 m),2026-09-21T10:42:55.297Z
village:200881:row5837:village_point_Shan_v96.zip_mmr_shn_pplp2_250k_unodc_mimu.shp,village:200881:row5837:village_point_Shan_v96.zip_mmr_shn_pplp2_250k_unodc_mimu.shp,merge_confirmed_duplicate,158267,157383,,,auto: merge CoreMap village duplicates; survivor = nearest to MIMU (32.6 m),2026-09-21T10:42:55.297Z
village:200820:row5937:village_point_Shan_v96.zip_mmr_shn_pplp2_250k_unodc_mimu.shp,village:200820:row5937:village_point_Shan_v96.zip_mmr_shn_pplp2_250k_unodc_mimu.shp,merge_confirmed_duplicate,157340,157343,,,auto: merge CoreMap village duplicates; survivor = nearest to MIMU (63.3 m),2026-09-21T10:42:55.297Z
village:201647:row6254:village_point_Shan_v96.zip_mmr_shn_pplp2_250k_unodc_mimu.shp,village:201647:row6254:village_point_Shan_v96.zip_mmr_shn_pplp2_250k_unodc_mimu.shp,merge_confirmed_duplicate,130652,130623,,,auto: merge CoreMap village duplicates; survivor = nearest to MIMU (262.5 m),2026-09-21T10:42:55.297Z
village:201463:row6295:village_point_Shan_v96.zip_mmr_shn_pplp2_250k_unodc_mimu.shp,village:201463:row6295:village_point_Shan_v96.zip_mmr_shn_pplp2_250k_unodc_mimu.shp,merge_confirmed_duplicate,130492,130601,,,auto: merge CoreMap village duplicates; survivor = nearest to MIMU (26.3 m),2026-09-21T10:42:55.297Z
village:220249:row6320:village_point_Shan_v96.zip_mmr_shn_pplp2_250k_unodc_mimu.shp,village:220249:row6320:village_point_Shan_v96.zip_mmr_shn_pplp2_250k_unodc_mimu.shp,merge_confirmed_duplicate,130568,130608,,,auto: merge CoreMap village duplicates; survivor = nearest to MIMU (10898.3 m),2026-09-21T10:42:55.297Z
village:201558:row6324:village_point_Shan_v96.zip_mmr_shn_pplp2_250k_unodc_mimu.shp,village:201558:row6324:village_point_Shan_v96.zip_mmr_shn_pplp2_250k_unodc_mimu.shp,merge_confirmed_duplicate,130565,130585;130577,,,auto: merge CoreMap village duplicates; survivor = nearest to MIMU (27219.4 m),2026-09-21T10:42:55.297Z
village:201613:row6336:village_point_Shan_v96.zip_mmr_shn_pplp2_250k_unodc_mimu.shp,village:201613:row6336:village_point_Shan_v96.zip_mmr_shn_pplp2_250k_unodc_mimu.shp,merge_confirmed_duplicate,130585,130565;130577,,,auto: merge CoreMap village duplicates; survivor = nearest to MIMU (12.0 m),2026-09-21T10:42:55.297Z
village:201611:row6342:village_point_Shan_v96.zip_mmr_shn_pplp2_250k_unodc_mimu.shp,village:201611:row6342:village_point_Shan_v96.zip_mmr_shn_pplp2_250k_unodc_mimu.shp,merge_confirmed_duplicate,130508,159304,,,auto: merge CoreMap village duplicates; survivor = nearest to MIMU (58.9 m),2026-09-21T10:42:55.297Z
village:201566:row6367:village_point_Shan_v96.zip_mmr_shn_pplp2_250k_unodc_mimu.shp,village:201566:row6367:village_point_Shan_v96.zip_mmr_shn_pplp2_250k_unodc_mimu.shp,merge_confirmed_duplicate,130565,130585;130577,,,auto: merge CoreMap village duplicates; survivor = nearest to MIMU (0.0 m),2026-09-21T10:42:55.297Z
village:201567:row6370:village_point_Shan_v96.zip_mmr_shn_pplp2_250k_unodc_mimu.shp,village:201567:row6370:village_point_Shan_v96.zip_mmr_shn_pplp2_250k_unodc_mimu.shp,merge_confirmed_duplicate,159304,130508,,,auto: merge CoreMap village duplicates; survivor = nearest to MIMU (134.4 m),2026-09-21T10:42:55.297Z
village:201506:row6384:village_point_Shan_v96.zip_mmr_shn_pplp2_250k_unodc_mimu.shp,village:201506:row6384:village_point_Shan_v96.zip_mmr_shn_pplp2_250k_unodc_mimu.shp,merge_confirmed_duplicate,130601,130492,,,auto: merge CoreMap village duplicates; survivor = nearest to MIMU (28.5 m),2026-09-21T10:42:55.297Z
village:201635:row6416:village_point_Shan_v96.zip_mmr_shn_pplp2_250k_unodc_mimu.shp,village:201635:row6416:village_point_Shan_v96.zip_mmr_shn_pplp2_250k_unodc_mimu.shp,merge_confirmed_duplicate,130623,130652,,,auto: merge CoreMap village duplicates; survivor = nearest to MIMU (151.2 m),2026-09-21T10:42:55.297Z
village:204222:row6662:village_point_Shan_v96.zip_mmr_shn_pplp2_250k_unodc_mimu.shp,village:204222:row6662:village_point_Shan_v96.zip_mmr_shn_pplp2_250k_unodc_mimu.shp,merge_confirmed_duplicate,156589,156640,,,auto: merge CoreMap village duplicates; survivor = nearest to MIMU (20365.6 m),2026-09-21T10:42:55.297Z
village:221160:row6685:village_point_Shan_v96.zip_mmr_shn_pplp2_250k_unodc_mimu.shp,village:221160:row6685:village_point_Shan_v96.zip_mmr_shn_pplp2_250k_unodc_mimu.shp,merge_confirmed_duplicate,156596,156581,,,auto: merge CoreMap village duplicates; survivor = nearest to MIMU (45113.1 m),2026-09-21T10:42:55.297Z
village:205389:row7462:village_point_Shan_v96.zip_mmr_shn_pplp2_250k_unodc_mimu.shp,village:205389:row7462:village_point_Shan_v96.zip_mmr_shn_pplp2_250k_unodc_mimu.shp,merge_confirmed_duplicate,156967,156962,,,auto: merge CoreMap village duplicates; survivor = nearest to MIMU (16.0 m),2026-09-21T10:42:55.297Z
village:205376:row7471:village_point_Shan_v96.zip_mmr_shn_pplp2_250k_unodc_mimu.shp,village:205376:row7471:village_point_Shan_v96.zip_mmr_shn_pplp2_250k_unodc_mimu.shp,merge_confirmed_duplicate,156962,156967,,,auto: merge CoreMap village duplicates; survivor = nearest to MIMU (24.8 m),2026-09-21T10:42:55.297Z
village:204964:row7604:village_point_Shan_v96.zip_mmr_shn_pplp2_250k_unodc_mimu.shp,village:204964:row7604:village_point_Shan_v96.zip_mmr_shn_pplp2_250k_unodc_mimu.shp,merge_confirmed_duplicate,155039,154972;154983,,,auto: merge CoreMap village duplicates; survivor = nearest to MIMU (9431.9 m),2026-09-21T10:42:55.297Z
village:204918:row7624:village_point_Shan_v96.zip_mmr_shn_pplp2_250k_unodc_mimu.shp,village:204918:row7624:village_point_Shan_v96.zip_mmr_shn_pplp2_250k_unodc_mimu.shp,merge_confirmed_duplicate,154983,155039;154972,,,auto: merge CoreMap village duplicates; survivor = nearest to MIMU (15064.1 m),2026-09-21T10:42:55.297Z
village:204673:row7654:village_point_Shan_v96.zip_mmr_shn_pplp2_250k_unodc_mimu.shp,village:204673:row7654:village_point_Shan_v96.zip_mmr_shn_pplp2_250k_unodc_mimu.shp,merge_confirmed_duplicate,156386,156358,,,auto: merge CoreMap village duplicates; survivor = nearest to MIMU (3691.2 m),2026-09-21T10:42:55.297Z
village:204636:row7781:village_point_Shan_v96.zip_mmr_shn_pplp2_250k_unodc_mimu.shp,village:204636:row7781:village_point_Shan_v96.zip_mmr_shn_pplp2_250k_unodc_mimu.shp,merge_confirmed_duplicate,156384,156383,,,auto: merge CoreMap village duplicates; survivor = nearest to MIMU (2135.1 m),2026-09-21T10:42:55.297Z
village:219352:row7915:village_point_Shan_v96.zip_mmr_shn_pplp2_250k_unodc_mimu.shp,village:219352:row7915:village_point_Shan_v96.zip_mmr_shn_pplp2_250k_unodc_mimu.shp,merge_confirmed_duplicate,157252,131803,,,auto: merge CoreMap village duplicates; survivor = nearest to MIMU (146.8 m),2026-09-21T10:42:55.297Z
village:203481:row7970:village_point_Shan_v96.zip_mmr_shn_pplp2_250k_unodc_mimu.shp,village:203481:row7970:village_point_Shan_v96.zip_mmr_shn_pplp2_250k_unodc_mimu.shp,merge_confirmed_duplicate,157262,157226,,,auto: merge CoreMap village duplicates; survivor = nearest to MIMU (9164.8 m),2026-09-21T10:42:55.297Z
village:200674:row8137:village_point_Shan_v96.zip_mmr_shn_pplp2_250k_unodc_mimu.shp,village:200674:row8137:village_point_Shan_v96.zip_mmr_shn_pplp2_250k_unodc_mimu.shp,merge_confirmed_duplicate,155461,160934,,,auto: merge CoreMap village duplicates; survivor = nearest to MIMU (0.0 m),2026-09-21T10:42:55.297Z
village:200676:row8141:village_point_Shan_v96.zip_mmr_shn_pplp2_250k_unodc_mimu.shp,village:200676:row8141:village_point_Shan_v96.zip_mmr_shn_pplp2_250k_unodc_mimu.shp,merge_confirmed_duplicate,155459,160950,,,auto: merge CoreMap village duplicates; survivor = nearest to MIMU (0.0 m),2026-09-21T10:42:55.297Z
village:200363:row8267:village_point_Shan_v96.zip_mmr_shn_pplp2_250k_unodc_mimu.shp,village:200363:row8267:village_point_Shan_v96.zip_mmr_shn_pplp2_250k_unodc_mimu.shp,merge_confirmed_duplicate,155802,155773,,,auto: merge CoreMap village duplicates; survivor = nearest to MIMU (0.0 m),2026-09-21T10:42:55.297Z
village:200685:row8374:village_point_Shan_v96.zip_mmr_shn_pplp2_250k_unodc_mimu.shp,village:200685:row8374:village_point_Shan_v96.zip_mmr_shn_pplp2_250k_unodc_mimu.shp,merge_confirmed_duplicate,155457,160931,,,auto: merge CoreMap village duplicates; survivor = nearest to MIMU (0.0 m),2026-09-21T10:42:55.297Z
village:200416:row8380:village_point_Shan_v96.zip_mmr_shn_pplp2_250k_unodc_mimu.shp,village:200416:row8380:village_point_Shan_v96.zip_mmr_shn_pplp2_250k_unodc_mimu.shp,merge_confirmed_duplicate,155773,155802,,,auto: merge CoreMap village duplicates; survivor = nearest to MIMU (22.2 m),2026-09-21T10:42:55.297Z
village:200419:row8387:village_point_Shan_v96.zip_mmr_shn_pplp2_250k_unodc_mimu.shp,village:200419:row8387:village_point_Shan_v96.zip_mmr_shn_pplp2_250k_unodc_mimu.shp,merge_confirmed_duplicate,155605,155563;155484,,,auto: merge CoreMap village duplicates; survivor = nearest to MIMU (23844.3 m),2026-09-21T10:42:55.297Z
village:202802:row8434:village_point_Shan_v96.zip_mmr_shn_pplp2_250k_unodc_mimu.shp,village:202802:row8434:village_point_Shan_v96.zip_mmr_shn_pplp2_250k_unodc_mimu.shp,merge_confirmed_duplicate,157112,160946,,,auto: merge CoreMap village duplicates; survivor = nearest to MIMU (727.2 m),2026-09-21T10:42:55.297Z
village:202750:row8453:village_point_Shan_v96.zip_mmr_shn_pplp2_250k_unodc_mimu.shp,village:202750:row8453:village_point_Shan_v96.zip_mmr_shn_pplp2_250k_unodc_mimu.shp,merge_confirmed_duplicate,157137,160921,,,auto: merge CoreMap village duplicates; survivor = nearest to MIMU (0.0 m),2026-09-21T10:42:55.297Z
village:201723:row8569:village_point_Shan_v96.zip_mmr_shn_pplp2_250k_unodc_mimu.shp,village:201723:row8569:village_point_Shan_v96.zip_mmr_shn_pplp2_250k_unodc_mimu.shp,merge_confirmed_duplicate,171772,155148,,,auto: merge CoreMap village duplicates; survivor = nearest to MIMU (162.4 m),2026-09-21T10:42:55.297Z
village:202506:row8918:village_point_Shan_v96.zip_mmr_shn_pplp2_250k_unodc_mimu.shp,village:202506:row8918:village_point_Shan_v96.zip_mmr_shn_pplp2_250k_unodc_mimu.shp,merge_confirmed_duplicate,157692,160827,,,auto: merge CoreMap village duplicates; survivor = nearest to MIMU (51.9 m),2026-09-21T10:42:55.297Z
village:202545:row8980:village_point_Shan_v96.zip_mmr_shn_pplp2_250k_unodc_mimu.shp,village:202545:row8980:village_point_Shan_v96.zip_mmr_shn_pplp2_250k_unodc_mimu.shp,merge_confirmed_duplicate,160827,157692,,,auto: merge CoreMap village duplicates; survivor = nearest to MIMU (195.0 m),2026-09-21T10:42:55.297Z
village:202333:row9050:village_point_Shan_v96.zip_mmr_shn_pplp2_250k_unodc_mimu.shp,village:202333:row9050:village_point_Shan_v96.zip_mmr_shn_pplp2_250k_unodc_mimu.shp,merge_confirmed_duplicate,122715,172622,,,auto: merge CoreMap village duplicates; survivor = nearest to MIMU (26.9 m),2026-09-21T10:42:55.297Z
village:200010:row9168:village_point_Shan_v96.zip_mmr_shn_pplp2_250k_unodc_mimu.shp,village:200010:row9168:village_point_Shan_v96.zip_mmr_shn_pplp2_250k_unodc_mimu.shp,merge_confirmed_duplicate,130742,130688,,,auto: merge CoreMap village duplicates; survivor = nearest to MIMU (0.0 m),2026-09-21T10:42:55.297Z
village:200125:row9179:village_point_Shan_v96.zip_mmr_shn_pplp2_250k_unodc_mimu.shp,village:200125:row9179:village_point_Shan_v96.zip_mmr_shn_pplp2_250k_unodc_mimu.shp,merge_confirmed_duplicate,130710,130691,,,auto: merge CoreMap village duplicates; survivor = nearest to MIMU (55.8 m),2026-09-21T10:42:55.297Z
village:200000:row9208:village_point_Shan_v96.zip_mmr_shn_pplp2_250k_unodc_mimu.shp,village:200000:row9208:village_point_Shan_v96.zip_mmr_shn_pplp2_250k_unodc_mimu.shp,merge_confirmed_duplicate,130688,130742,,,auto: merge CoreMap village duplicates; survivor = nearest to MIMU (83.4 m),2026-09-21T10:42:55.297Z
village:200154:row9277:village_point_Shan_v96.zip_mmr_shn_pplp2_250k_unodc_mimu.shp,village:200154:row9277:village_point_Shan_v96.zip_mmr_shn_pplp2_250k_unodc_mimu.shp,merge_confirmed_duplicate,130691,130710,,,auto: merge CoreMap village duplicates; survivor = nearest to MIMU (31.8 m),2026-09-21T10:42:55.297Z
village:201921:row9300:village_point_Shan_v96.zip_mmr_shn_pplp2_250k_unodc_mimu.shp,village:201921:row9300:village_point_Shan_v96.zip_mmr_shn_pplp2_250k_unodc_mimu.shp,merge_confirmed_duplicate,157163,161754,,,auto: merge CoreMap village duplicates; survivor = nearest to MIMU (10.9 m),2026-09-21T10:42:55.297Z
village:201896:row9317:village_point_Shan_v96.zip_mmr_shn_pplp2_250k_unodc_mimu.shp,village:201896:row9317:village_point_Shan_v96.zip_mmr_shn_pplp2_250k_unodc_mimu.shp,merge_confirmed_duplicate,161722,172635,,,auto: merge CoreMap village duplicates; survivor = nearest to MIMU (22.8 m),2026-09-21T10:42:55.297Z
village:201854:row9324:village_point_Shan_v96.zip_mmr_shn_pplp2_250k_unodc_mimu.shp,village:201854:row9324:village_point_Shan_v96.zip_mmr_shn_pplp2_250k_unodc_mimu.shp,merge_confirmed_duplicate,157181,161718,,,auto: merge CoreMap village duplicates; survivor = nearest to MIMU (0.0 m),2026-09-21T10:42:55.297Z
village:201853:row9325:village_point_Shan_v96.zip_mmr_shn_pplp2_250k_unodc_mimu.shp,village:201853:row9325:village_point_Shan_v96.zip_mmr_shn_pplp2_250k_unodc_mimu.shp,merge_confirmed_duplicate,161719,172677,,,auto: merge CoreMap village duplicates; survivor = nearest to MIMU (33.6 m),2026-09-21T10:42:55.297Z
village:201863:row9340:village_point_Shan_v96.zip_mmr_shn_pplp2_250k_unodc_mimu.shp,village:201863:row9340:village_point_Shan_v96.zip_mmr_shn_pplp2_250k_unodc_mimu.shp,merge_confirmed_duplicate,172634,166027,,,auto: merge CoreMap village duplicates; survivor = nearest to MIMU (177.6 m),2026-09-21T10:42:55.297Z
village:201866:row9342:village_point_Shan_v96.zip_mmr_shn_pplp2_250k_unodc_mimu.shp,village:201866:row9342:village_point_Shan_v96.zip_mmr_shn_pplp2_250k_unodc_mimu.shp,merge_confirmed_duplicate,157175,166032,,,auto: merge CoreMap village duplicates; survivor = nearest to MIMU (20.7 m),2026-09-21T10:42:55.297Z
village:201850:row9373:village_point_Shan_v96.zip_mmr_shn_pplp2_250k_unodc_mimu.shp,village:201850:row9373:village_point_Shan_v96.zip_mmr_shn_pplp2_250k_unodc_mimu.shp,merge_confirmed_duplicate,161736,172676,,,auto: merge CoreMap village duplicates; survivor = nearest to MIMU (86.8 m),2026-09-21T10:42:55.297Z
village:178207:row55:village_point_Tanintharyi_v96.zip_mmr_tni_pplp2_250k_mimu.shp,village:178207:row55:village_point_Tanintharyi_v96.zip_mmr_tni_pplp2_250k_mimu.shp,merge_confirmed_duplicate,118269,167736,,,auto: merge CoreMap village duplicates; survivor = nearest to MIMU (0.0 m),2026-09-21T10:42:55.297Z
village:177684:row382:village_point_Tanintharyi_v96.zip_mmr_tni_pplp2_250k_mimu.shp,village:177684:row382:village_point_Tanintharyi_v96.zip_mmr_tni_pplp2_250k_mimu.shp,merge_confirmed_duplicate,118150,116723,,,auto: merge CoreMap village duplicates; survivor = nearest to MIMU (0.0 m),2026-09-21T10:42:55.297Z
village:177715:row395:village_point_Tanintharyi_v96.zip_mmr_tni_pplp2_250k_mimu.shp,village:177715:row395:village_point_Tanintharyi_v96.zip_mmr_tni_pplp2_250k_mimu.shp,merge_confirmed_duplicate,118163,167612,,,auto: merge CoreMap village duplicates; survivor = nearest to MIMU (26.1 m),2026-09-21T10:42:55.297Z
village:177704:row449:village_point_Tanintharyi_v96.zip_mmr_tni_pplp2_250k_mimu.shp,village:177704:row449:village_point_Tanintharyi_v96.zip_mmr_tni_pplp2_250k_mimu.shp,merge_confirmed_duplicate,118162,167623,,,auto: merge CoreMap village duplicates; survivor = nearest to MIMU (45.2 m),2026-09-21T10:42:55.297Z
village:222863:row571:village_point_Tanintharyi_v96.zip_mmr_tni_pplp2_250k_mimu.shp,village:222863:row571:village_point_Tanintharyi_v96.zip_mmr_tni_pplp2_250k_mimu.shp,merge_confirmed_duplicate,117929,166613,,,auto: merge CoreMap village duplicates; survivor = nearest to MIMU (0.0 m),2026-09-21T10:42:55.297Z
village:177477:row572:village_point_Tanintharyi_v96.zip_mmr_tni_pplp2_250k_mimu.shp,village:177477:row572:village_point_Tanintharyi_v96.zip_mmr_tni_pplp2_250k_mimu.shp,merge_confirmed_duplicate,117926,166518,,,auto: merge CoreMap village duplicates; survivor = nearest to MIMU (0.0 m),2026-09-21T10:42:55.297Z
village:177463:row596:village_point_Tanintharyi_v96.zip_mmr_tni_pplp2_250k_mimu.shp,village:177463:row596:village_point_Tanintharyi_v96.zip_mmr_tni_pplp2_250k_mimu.shp,merge_confirmed_duplicate,117948,168412,,,auto: merge CoreMap village duplicates; survivor = nearest to MIMU (314.7 m),2026-09-21T10:42:55.297Z
village:177522:row615:village_point_Tanintharyi_v96.zip_mmr_tni_pplp2_250k_mimu.shp,village:177522:row615:village_point_Tanintharyi_v96.zip_mmr_tni_pplp2_250k_mimu.shp,merge_confirmed_duplicate,166472,166473,,,auto: merge CoreMap village duplicates; survivor = nearest to MIMU (651.4 m),2026-09-21T10:42:55.297Z
village:177577:row633:village_point_Tanintharyi_v96.zip_mmr_tni_pplp2_250k_mimu.shp,village:177577:row633:village_point_Tanintharyi_v96.zip_mmr_tni_pplp2_250k_mimu.shp,merge_confirmed_duplicate,117907,160575,,,auto: merge CoreMap village duplicates; survivor = nearest to MIMU (29.6 m),2026-09-21T10:42:55.297Z
village:177555:row650:village_point_Tanintharyi_v96.zip_mmr_tni_pplp2_250k_mimu.shp,village:177555:row650:village_point_Tanintharyi_v96.zip_mmr_tni_pplp2_250k_mimu.shp,merge_confirmed_duplicate,117914,160638,,,auto: merge CoreMap village duplicates; survivor = nearest to MIMU (0.0 m),2026-09-21T10:42:55.297Z
village:177493:row658:village_point_Tanintharyi_v96.zip_mmr_tni_pplp2_250k_mimu.shp,village:177493:row658:village_point_Tanintharyi_v96.zip_mmr_tni_pplp2_250k_mimu.shp,merge_confirmed_duplicate,166514,166513,,,auto: merge CoreMap village duplicates; survivor = nearest to MIMU (89.9 m),2026-09-21T10:42:55.297Z
village:177545:row678:village_point_Tanintharyi_v96.zip_mmr_tni_pplp2_250k_mimu.shp,village:177545:row678:village_point_Tanintharyi_v96.zip_mmr_tni_pplp2_250k_mimu.shp,merge_confirmed_duplicate,166473,166472,,,auto: merge CoreMap village duplicates; survivor = nearest to MIMU (147.2 m),2026-09-21T10:42:55.297Z
village:177537:row686:village_point_Tanintharyi_v96.zip_mmr_tni_pplp2_250k_mimu.shp,village:177537:row686:village_point_Tanintharyi_v96.zip_mmr_tni_pplp2_250k_mimu.shp,merge_confirmed_duplicate,117939,166475;166516,,,auto: merge CoreMap village duplicates; survivor = nearest to MIMU (0.0 m),2026-09-21T10:42:55.297Z
village:177880:row727:village_point_Tanintharyi_v96.zip_mmr_tni_pplp2_250k_mimu.shp,village:177880:row727:village_point_Tanintharyi_v96.zip_mmr_tni_pplp2_250k_mimu.shp,merge_confirmed_duplicate,117857,167565,,,auto: merge CoreMap village duplicates; survivor = nearest to MIMU (16.0 m),2026-09-21T10:42:55.297Z
village:177879:row728:village_point_Tanintharyi_v96.zip_mmr_tni_pplp2_250k_mimu.shp,village:177879:row728:village_point_Tanintharyi_v96.zip_mmr_tni_pplp2_250k_mimu.shp,merge_confirmed_duplicate,117868,167563;167568,,,auto: merge CoreMap village duplicates; survivor = nearest to MIMU (55.7 m),2026-09-21T10:42:55.297Z
village:177847:row730:village_point_Tanintharyi_v96.zip_mmr_tni_pplp2_250k_mimu.shp,village:177847:row730:village_point_Tanintharyi_v96.zip_mmr_tni_pplp2_250k_mimu.shp,merge_confirmed_duplicate,117855,167509,,,auto: merge CoreMap village duplicates; survivor = nearest to MIMU (0.0 m),2026-09-21T10:42:55.297Z
village:177887:row733:village_point_Tanintharyi_v96.zip_mmr_tni_pplp2_250k_mimu.shp,village:177887:row733:village_point_Tanintharyi_v96.zip_mmr_tni_pplp2_250k_mimu.shp,merge_confirmed_duplicate,172542,172653;117840,,,auto: merge CoreMap village duplicates; survivor = nearest to MIMU (1635.9 m),2026-09-21T10:42:55.297Z
village:177893:row735:village_point_Tanintharyi_v96.zip_mmr_tni_pplp2_250k_mimu.shp,village:177893:row735:village_point_Tanintharyi_v96.zip_mmr_tni_pplp2_250k_mimu.shp,merge_confirmed_duplicate,117864,167581,,,auto: merge CoreMap village duplicates; survivor = nearest to MIMU (75.8 m),2026-09-21T10:42:55.297Z
village:177855:row765:village_point_Tanintharyi_v96.zip_mmr_tni_pplp2_250k_mimu.shp,village:177855:row765:village_point_Tanintharyi_v96.zip_mmr_tni_pplp2_250k_mimu.shp,merge_confirmed_duplicate,117867,167489,,,auto: merge CoreMap village duplicates; survivor = nearest to MIMU (208.0 m),2026-09-21T10:42:55.297Z
village:177757:row811:village_point_Tanintharyi_v96.zip_mmr_tni_pplp2_250k_mimu.shp,village:177757:row811:village_point_Tanintharyi_v96.zip_mmr_tni_pplp2_250k_mimu.shp,merge_confirmed_duplicate,117873,167518,,,auto: merge CoreMap village duplicates; survivor = nearest to MIMU (60.2 m),2026-09-21T10:42:55.297Z
village:177874:row818:village_point_Tanintharyi_v96.zip_mmr_tni_pplp2_250k_mimu.shp,village:177874:row818:village_point_Tanintharyi_v96.zip_mmr_tni_pplp2_250k_mimu.shp,merge_confirmed_duplicate,117836,166459,,,auto: merge CoreMap village duplicates; survivor = nearest to MIMU (84.8 m),2026-09-21T10:42:55.297Z
village:177834:row833:village_point_Tanintharyi_v96.zip_mmr_tni_pplp2_250k_mimu.shp,village:177834:row833:village_point_Tanintharyi_v96.zip_mmr_tni_pplp2_250k_mimu.shp,merge_confirmed_duplicate,117839,167576,,,auto: merge CoreMap village duplicates; survivor = nearest to MIMU (0.0 m),2026-09-21T10:42:55.297Z
village:177765:row853:village_point_Tanintharyi_v96.zip_mmr_tni_pplp2_250k_mimu.shp,village:177765:row853:village_point_Tanintharyi_v96.zip_mmr_tni_pplp2_250k_mimu.shp,merge_confirmed_duplicate,117858,167493,,,auto: merge CoreMap village duplicates; survivor = nearest to MIMU (12.5 m),2026-09-21T10:42:55.297Z
village:177771:row861:village_point_Tanintharyi_v96.zip_mmr_tni_pplp2_250k_mimu.shp,village:177771:row861:village_point_Tanintharyi_v96.zip_mmr_tni_pplp2_250k_mimu.shp,merge_confirmed_duplicate,117870,167539,,,auto: merge CoreMap village duplicates; survivor = nearest to MIMU (23.4 m),2026-09-21T10:42:55.297Z
village:177759:row869:village_point_Tanintharyi_v96.zip_mmr_tni_pplp2_250k_mimu.shp,village:177759:row869:village_point_Tanintharyi_v96.zip_mmr_tni_pplp2_250k_mimu.shp,merge_confirmed_duplicate,117865,167496;117837,,,auto: merge CoreMap village duplicates; survivor = nearest to MIMU (0.0 m),2026-09-21T10:42:55.297Z
village:178006:row886:village_point_Tanintharyi_v96.zip_mmr_tni_pplp2_250k_mimu.shp,village:178006:row886:village_point_Tanintharyi_v96.zip_mmr_tni_pplp2_250k_mimu.shp,merge_confirmed_duplicate,118109,166669,,,auto: merge CoreMap village duplicates; survivor = nearest to MIMU (0.0 m),2026-09-21T10:42:55.297Z
village:178008:row887:village_point_Tanintharyi_v96.zip_mmr_tni_pplp2_250k_mimu.shp,village:178008:row887:village_point_Tanintharyi_v96.zip_mmr_tni_pplp2_250k_mimu.shp,merge_confirmed_duplicate,118111,166668,,,auto: merge CoreMap village duplicates; survivor = nearest to MIMU (0.0 m),2026-09-21T10:42:55.297Z
village:221899:row907:village_point_Tanintharyi_v96.zip_mmr_tni_pplp2_250k_mimu.shp,village:221899:row907:village_point_Tanintharyi_v96.zip_mmr_tni_pplp2_250k_mimu.shp,merge_confirmed_duplicate,118068,166547,,,auto: merge CoreMap village duplicates; survivor = nearest to MIMU (0.0 m),2026-09-21T10:42:55.297Z
village:177983:row909:village_point_Tanintharyi_v96.zip_mmr_tni_pplp2_250k_mimu.shp,village:177983:row909:village_point_Tanintharyi_v96.zip_mmr_tni_pplp2_250k_mimu.shp,merge_confirmed_duplicate,118136,166684,,,auto: merge CoreMap village duplicates; survivor = nearest to MIMU (0.0 m),2026-09-21T10:42:55.297Z
village:177956:row917:village_point_Tanintharyi_v96.zip_mmr_tni_pplp2_250k_mimu.shp,village:177956:row917:village_point_Tanintharyi_v96.zip_mmr_tni_pplp2_250k_mimu.shp,merge_confirmed_duplicate,118116,166591,,,auto: merge CoreMap village duplicates; survivor = nearest to MIMU (0.0 m),2026-09-21T10:42:55.297Z
village:221903:row966:village_point_Tanintharyi_v96.zip_mmr_tni_pplp2_250k_mimu.shp,village:221903:row966:village_point_Tanintharyi_v96.zip_mmr_tni_pplp2_250k_mimu.shp,merge_confirmed_duplicate,118056,166573,,,auto: merge CoreMap village duplicates; survivor = nearest to MIMU (0.0 m),2026-09-21T10:42:55.297Z
village:221904:row976:village_point_Tanintharyi_v96.zip_mmr_tni_pplp2_250k_mimu.shp,village:221904:row976:village_point_Tanintharyi_v96.zip_mmr_tni_pplp2_250k_mimu.shp,merge_confirmed_duplicate,166571,118051,,,auto: merge CoreMap village duplicates; survivor = nearest to MIMU (0.5 m),2026-09-21T10:42:55.297Z
village:177959:row977:village_point_Tanintharyi_v96.zip_mmr_tni_pplp2_250k_mimu.shp,village:177959:row977:village_point_Tanintharyi_v96.zip_mmr_tni_pplp2_250k_mimu.shp,merge_confirmed_duplicate,118114,118098;166676,,,auto: merge CoreMap village duplicates; survivor = nearest to MIMU (79.5 m),2026-09-21T10:42:55.297Z
village:177963:row981:village_point_Tanintharyi_v96.zip_mmr_tni_pplp2_250k_mimu.shp,village:177963:row981:village_point_Tanintharyi_v96.zip_mmr_tni_pplp2_250k_mimu.shp,merge_confirmed_duplicate,166680,118133,,,auto: merge CoreMap village duplicates; survivor = nearest to MIMU (0.0 m),2026-09-21T10:42:55.297Z
village:177909:row987:village_point_Tanintharyi_v96.zip_mmr_tni_pplp2_250k_mimu.shp,village:177909:row987:village_point_Tanintharyi_v96.zip_mmr_tni_pplp2_250k_mimu.shp,merge_confirmed_duplicate,118100,166660,,,auto: merge CoreMap village duplicates; survivor = nearest to MIMU (0.0 m),2026-09-21T10:42:55.297Z
village:177913:row988:village_point_Tanintharyi_v96.zip_mmr_tni_pplp2_250k_mimu.shp,village:177913:row988:village_point_Tanintharyi_v96.zip_mmr_tni_pplp2_250k_mimu.shp,merge_confirmed_duplicate,118120,166659,,,auto: merge CoreMap village duplicates; survivor = nearest to MIMU (0.0 m),2026-09-21T10:42:55.297Z
village:177910:row989:village_point_Tanintharyi_v96.zip_mmr_tni_pplp2_250k_mimu.shp,village:177910:row989:village_point_Tanintharyi_v96.zip_mmr_tni_pplp2_250k_mimu.shp,merge_confirmed_duplicate,118110,166658,,,auto: merge CoreMap village duplicates; survivor = nearest to MIMU (0.0 m),2026-09-21T10:42:55.297Z
village:177907:row990:village_point_Tanintharyi_v96.zip_mmr_tni_pplp2_250k_mimu.shp,village:177907:row990:village_point_Tanintharyi_v96.zip_mmr_tni_pplp2_250k_mimu.shp,merge_confirmed_duplicate,118114,118098;166676,,,auto: merge CoreMap village duplicates; survivor = nearest to MIMU (30.9 m),2026-09-21T10:42:55.297Z
village:177900:row993:village_point_Tanintharyi_v96.zip_mmr_tni_pplp2_250k_mimu.shp,village:177900:row993:village_point_Tanintharyi_v96.zip_mmr_tni_pplp2_250k_mimu.shp,merge_confirmed_duplicate,166673,118122,,,auto: merge CoreMap village duplicates; survivor = nearest to MIMU (0.0 m),2026-09-21T10:42:55.297Z
village:177901:row994:village_point_Tanintharyi_v96.zip_mmr_tni_pplp2_250k_mimu.shp,village:177901:row994:village_point_Tanintharyi_v96.zip_mmr_tni_pplp2_250k_mimu.shp,merge_confirmed_duplicate,118112,166672,,,auto: merge CoreMap village duplicates; survivor = nearest to MIMU (0.0 m),2026-09-21T10:42:55.297Z
village:177903:row998:village_point_Tanintharyi_v96.zip_mmr_tni_pplp2_250k_mimu.shp,village:177903:row998:village_point_Tanintharyi_v96.zip_mmr_tni_pplp2_250k_mimu.shp,merge_confirmed_duplicate,118103,166678,,,auto: merge CoreMap village duplicates; survivor = nearest to MIMU (0.0 m),2026-09-21T10:42:55.297Z
village:220050:row1001:village_point_Tanintharyi_v96.zip_mmr_tni_pplp2_250k_mimu.shp,village:220050:row1001:village_point_Tanintharyi_v96.zip_mmr_tni_pplp2_250k_mimu.shp,merge_confirmed_duplicate,166689,117834,,,auto: merge CoreMap village duplicates; survivor = nearest to MIMU (197.1 m),2026-09-21T10:42:55.297Z
village:178000:row1029:village_point_Tanintharyi_v96.zip_mmr_tni_pplp2_250k_mimu.shp,village:178000:row1029:village_point_Tanintharyi_v96.zip_mmr_tni_pplp2_250k_mimu.shp,merge_confirmed_duplicate,118067,166555,,,auto: merge CoreMap village duplicates; survivor = nearest to MIMU (0.0 m),2026-09-21T10:42:55.297Z
village:221901:row1036:village_point_Tanintharyi_v96.zip_mmr_tni_pplp2_250k_mimu.shp,village:221901:row1036:village_point_Tanintharyi_v96.zip_mmr_tni_pplp2_250k_mimu.shp,merge_confirmed_duplicate,118053,166562,,,auto: merge CoreMap village duplicates; survivor = nearest to MIMU (0.0 m),2026-09-21T10:42:55.297Z
village:154236:row20:village_point_Yangon_v96.zip_mmr_ygn_pplp2_250k_mimu.shp,village:154236:row20:village_point_Yangon_v96.zip_mmr_ygn_pplp2_250k_mimu.shp,merge_confirmed_duplicate,170382,116490,,,auto: merge CoreMap village duplicates; survivor = nearest to MIMU (95.3 m),2026-09-21T10:42:55.297Z
village:220235:row38:village_point_Yangon_v96.zip_mmr_ygn_pplp2_250k_mimu.shp,village:220235:row38:village_point_Yangon_v96.zip_mmr_ygn_pplp2_250k_mimu.shp,merge_confirmed_duplicate,148281,148277,,,auto: merge CoreMap village duplicates; survivor = nearest to MIMU (30.5 m),2026-09-21T10:42:55.297Z
village:160330:row44:village_point_Yangon_v96.zip_mmr_ygn_pplp2_250k_mimu.shp,village:160330:row44:village_point_Yangon_v96.zip_mmr_ygn_pplp2_250k_mimu.shp,merge_confirmed_duplicate,148277,148281,,,auto: merge CoreMap village duplicates; survivor = nearest to MIMU (29.4 m),2026-09-21T10:42:55.297Z
village:156815:row133:village_point_Yangon_v96.zip_mmr_ygn_pplp2_250k_mimu.shp,village:156815:row133:village_point_Yangon_v96.zip_mmr_ygn_pplp2_250k_mimu.shp,merge_confirmed_duplicate,148624,173045,,,auto: merge CoreMap village duplicates; survivor = nearest to MIMU (0.0 m),2026-09-21T10:42:55.297Z
village:159012:row168:village_point_Yangon_v96.zip_mmr_ygn_pplp2_250k_mimu.shp,village:159012:row168:village_point_Yangon_v96.zip_mmr_ygn_pplp2_250k_mimu.shp,merge_confirmed_duplicate,172115,115563,,,auto: merge CoreMap village duplicates; survivor = nearest to MIMU (359.7 m),2026-09-21T10:42:55.297Z
village:157231:row464:village_point_Yangon_v96.zip_mmr_ygn_pplp2_250k_mimu.shp,village:157231:row464:village_point_Yangon_v96.zip_mmr_ygn_pplp2_250k_mimu.shp,merge_confirmed_duplicate,149081,149075,,,auto: merge CoreMap village duplicates; survivor = nearest to MIMU (35.2 m),2026-09-21T10:42:55.297Z
village:161391:row523:village_point_Yangon_v96.zip_mmr_ygn_pplp2_250k_mimu.shp,village:161391:row523:village_point_Yangon_v96.zip_mmr_ygn_pplp2_250k_mimu.shp,merge_confirmed_duplicate,116661,170459,,,auto: merge CoreMap village duplicates; survivor = nearest to MIMU (32.3 m),2026-09-21T10:42:55.297Z
village:163441:row553:village_point_Yangon_v96.zip_mmr_ygn_pplp2_250k_mimu.shp,village:163441:row553:village_point_Yangon_v96.zip_mmr_ygn_pplp2_250k_mimu.shp,merge_confirmed_duplicate,149075,149081,,,auto: merge CoreMap village duplicates; survivor = nearest to MIMU (22.8 m),2026-09-21T10:42:55.297Z
village:159490:row631:village_point_Yangon_v96.zip_mmr_ygn_pplp2_250k_mimu.shp,village:159490:row631:village_point_Yangon_v96.zip_mmr_ygn_pplp2_250k_mimu.shp,merge_confirmed_duplicate,148365,167416,,,auto: merge CoreMap village duplicates; survivor = nearest to MIMU (0.0 m),2026-09-21T10:42:55.297Z
village:152168:row826:village_point_Yangon_v96.zip_mmr_ygn_pplp2_250k_mimu.shp,village:152168:row826:village_point_Yangon_v96.zip_mmr_ygn_pplp2_250k_mimu.shp,merge_confirmed_duplicate,167432,148889,,,auto: merge CoreMap village duplicates; survivor = nearest to MIMU (20.8 m),2026-09-21T10:42:55.297Z
village:154035:row856:village_point_Yangon_v96.zip_mmr_ygn_pplp2_250k_mimu.shp,village:154035:row856:village_point_Yangon_v96.zip_mmr_ygn_pplp2_250k_mimu.shp,merge_confirmed_duplicate,148889,167432,,,auto: merge CoreMap village duplicates; survivor = nearest to MIMU (8.6 m),2026-09-21T10:42:55.297Z
village:155929:row1222:village_point_Yangon_v96.zip_mmr_ygn_pplp2_250k_mimu.shp,village:155929:row1222:village_point_Yangon_v96.zip_mmr_ygn_pplp2_250k_mimu.shp,merge_confirmed_duplicate,149472,149508,,,auto: merge CoreMap village duplicates; survivor = nearest to MIMU (27.3 m),2026-09-21T10:42:55.297Z
village:157659:row1269:village_point_Yangon_v96.zip_mmr_ygn_pplp2_250k_mimu.shp,village:157659:row1269:village_point_Yangon_v96.zip_mmr_ygn_pplp2_250k_mimu.shp,merge_confirmed_duplicate,149331,149324,,,auto: merge CoreMap village duplicates; survivor = nearest to MIMU (71.4 m),2026-09-21T10:42:55.297Z
village:158825:row1300:village_point_Yangon_v96.zip_mmr_ygn_pplp2_250k_mimu.shp,village:158825:row1300:village_point_Yangon_v96.zip_mmr_ygn_pplp2_250k_mimu.shp,merge_confirmed_duplicate,149621,149613;149418;149349,,,auto: merge CoreMap village duplicates; survivor = nearest to MIMU (0.0 m),2026-09-21T10:42:55.297Z
village:158824:row1303:village_point_Yangon_v96.zip_mmr_ygn_pplp2_250k_mimu.shp,village:158824:row1303:village_point_Yangon_v96.zip_mmr_ygn_pplp2_250k_mimu.shp,merge_confirmed_duplicate,149618,149611,,,auto: merge CoreMap village duplicates; survivor = nearest to MIMU (0.0 m),2026-09-21T10:42:55.297Z
village:158834:row1306:village_point_Yangon_v96.zip_mmr_ygn_pplp2_250k_mimu.shp,village:158834:row1306:village_point_Yangon_v96.zip_mmr_ygn_pplp2_250k_mimu.shp,merge_confirmed_duplicate,149453,149436,,,auto: merge CoreMap village duplicates; survivor = nearest to MIMU (0.0 m),2026-09-21T10:42:55.297Z
village:160801:row1361:village_point_Yangon_v96.zip_mmr_ygn_pplp2_250k_mimu.shp,village:160801:row1361:village_point_Yangon_v96.zip_mmr_ygn_pplp2_250k_mimu.shp,merge_confirmed_duplicate,149603,149601,,,auto: merge CoreMap village duplicates; survivor = nearest to MIMU (0.0 m),2026-09-21T10:42:55.297Z
village:161267:row1396:village_point_Yangon_v96.zip_mmr_ygn_pplp2_250k_mimu.shp,village:161267:row1396:village_point_Yangon_v96.zip_mmr_ygn_pplp2_250k_mimu.shp,merge_confirmed_duplicate,149324,149331,,,auto: merge CoreMap village duplicates; survivor = nearest to MIMU (44.4 m),2026-09-21T10:42:55.297Z
village:161852:row1427:village_point_Yangon_v96.zip_mmr_ygn_pplp2_250k_mimu.shp,village:161852:row1427:village_point_Yangon_v96.zip_mmr_ygn_pplp2_250k_mimu.shp,merge_confirmed_duplicate,149327,149545,,,auto: merge CoreMap village duplicates; survivor = nearest to MIMU (4213.2 m),2026-09-21T10:42:55.297Z
village:162270:row1443:village_point_Yangon_v96.zip_mmr_ygn_pplp2_250k_mimu.shp,village:162270:row1443:village_point_Yangon_v96.zip_mmr_ygn_pplp2_250k_mimu.shp,merge_confirmed_duplicate,149508,149472,,,auto: merge CoreMap village duplicates; survivor = nearest to MIMU (0.0 m),2026-09-21T10:42:55.297Z
village:162921:row1446:village_point_Yangon_v96.zip_mmr_ygn_pplp2_250k_mimu.shp,village:162921:row1446:village_point_Yangon_v96.zip_mmr_ygn_pplp2_250k_mimu.shp,merge_confirmed_duplicate,149436,149453,,,auto: merge CoreMap village duplicates; survivor = nearest to MIMU (48.4 m),2026-09-21T10:42:55.297Z
village:163497:row1469:village_point_Yangon_v96.zip_mmr_ygn_pplp2_250k_mimu.shp,village:163497:row1469:village_point_Yangon_v96.zip_mmr_ygn_pplp2_250k_mimu.shp,merge_confirmed_duplicate,149601,149603,,,auto: merge CoreMap village duplicates; survivor = nearest to MIMU (0.0 m),2026-09-21T10:42:55.297Z
village:163676:row1488:village_point_Yangon_v96.zip_mmr_ygn_pplp2_250k_mimu.shp,village:163676:row1488:village_point_Yangon_v96.zip_mmr_ygn_pplp2_250k_mimu.shp,merge_confirmed_duplicate,149613,149621;149418;149349,,,auto: merge CoreMap village duplicates; survivor = nearest to MIMU (73.0 m),2026-09-21T10:42:55.297Z
village:163675:row1490:village_point_Yangon_v96.zip_mmr_ygn_pplp2_250k_mimu.shp,village:163675:row1490:village_point_Yangon_v96.zip_mmr_ygn_pplp2_250k_mimu.shp,merge_confirmed_duplicate,149611,149618,,,auto: merge CoreMap village duplicates; survivor = nearest to MIMU (69.2 m),2026-09-21T10:42:55.297Z
village:152339:row1509:village_point_Yangon_v96.zip_mmr_ygn_pplp2_250k_mimu.shp,village:152339:row1509:village_point_Yangon_v96.zip_mmr_ygn_pplp2_250k_mimu.shp,merge_confirmed_duplicate,149288,149276,,,auto: merge CoreMap village duplicates; survivor = nearest to MIMU (0.0 m),2026-09-21T10:42:55.297Z
village:152345:row1511:village_point_Yangon_v96.zip_mmr_ygn_pplp2_250k_mimu.shp,village:152345:row1511:village_point_Yangon_v96.zip_mmr_ygn_pplp2_250k_mimu.shp,merge_confirmed_duplicate,149286,149274,,,auto: merge CoreMap village duplicates; survivor = nearest to MIMU (18.3 m),2026-09-21T10:42:55.297Z
village:156951:row1528:village_point_Yangon_v96.zip_mmr_ygn_pplp2_250k_mimu.shp,village:156951:row1528:village_point_Yangon_v96.zip_mmr_ygn_pplp2_250k_mimu.shp,merge_confirmed_duplicate,149276,149288,,,auto: merge CoreMap village duplicates; survivor = nearest to MIMU (77.9 m),2026-09-21T10:42:55.297Z
village:156948:row1530:village_point_Yangon_v96.zip_mmr_ygn_pplp2_250k_mimu.shp,village:156948:row1530:village_point_Yangon_v96.zip_mmr_ygn_pplp2_250k_mimu.shp,merge_confirmed_duplicate,149274,149286,,,auto: merge CoreMap village duplicates; survivor = nearest to MIMU (0.0 m),2026-09-21T10:42:55.297Z
village:152867:row1587:village_point_Yangon_v96.zip_mmr_ygn_pplp2_250k_mimu.shp,village:152867:row1587:village_point_Yangon_v96.zip_mmr_ygn_pplp2_250k_mimu.shp,merge_confirmed_duplicate,150191,150163,,,auto: merge CoreMap village duplicates; survivor = nearest to MIMU (0.0 m),2026-09-21T10:42:55.297Z
village:155099:row1608:village_point_Yangon_v96.zip_mmr_ygn_pplp2_250k_mimu.shp,village:155099:row1608:village_point_Yangon_v96.zip_mmr_ygn_pplp2_250k_mimu.shp,merge_confirmed_duplicate,150147,150135,,,auto: merge CoreMap village duplicates; survivor = nearest to MIMU (0.0 m),2026-09-21T10:42:55.297Z
village:160670:row1663:village_point_Yangon_v96.zip_mmr_ygn_pplp2_250k_mimu.shp,village:160670:row1663:village_point_Yangon_v96.zip_mmr_ygn_pplp2_250k_mimu.shp,merge_confirmed_duplicate,150135,150147,,,auto: merge CoreMap village duplicates; survivor = nearest to MIMU (109.1 m),2026-09-21T10:42:55.297Z
village:164087:row1696:village_point_Yangon_v96.zip_mmr_ygn_pplp2_250k_mimu.shp,village:164087:row1696:village_point_Yangon_v96.zip_mmr_ygn_pplp2_250k_mimu.shp,merge_confirmed_duplicate,150163,150191,,,auto: merge CoreMap village duplicates; survivor = nearest to MIMU (18.6 m),2026-09-21T10:42:55.297Z
village:150116:row1703:village_point_Yangon_v96.zip_mmr_ygn_pplp2_250k_mimu.shp,village:150116:row1703:village_point_Yangon_v96.zip_mmr_ygn_pplp2_250k_mimu.shp,merge_confirmed_duplicate,149926,149920,,,auto: merge CoreMap village duplicates; survivor = nearest to MIMU (0.0 m),2026-09-21T10:42:55.297Z
village:150357:row1717:village_point_Yangon_v96.zip_mmr_ygn_pplp2_250k_mimu.shp,village:150357:row1717:village_point_Yangon_v96.zip_mmr_ygn_pplp2_250k_mimu.shp,merge_confirmed_duplicate,149772,165834,,,auto: merge CoreMap village duplicates; survivor = nearest to MIMU (39.2 m),2026-09-21T10:42:55.297Z
village:151630:row1728:village_point_Yangon_v96.zip_mmr_ygn_pplp2_250k_mimu.shp,village:151630:row1728:village_point_Yangon_v96.zip_mmr_ygn_pplp2_250k_mimu.shp,merge_confirmed_duplicate,165834,149772,,,auto: merge CoreMap village duplicates; survivor = nearest to MIMU (11.9 m),2026-09-21T10:42:55.297Z
village:152200:row1731:village_point_Yangon_v96.zip_mmr_ygn_pplp2_250k_mimu.shp,village:152200:row1731:village_point_Yangon_v96.zip_mmr_ygn_pplp2_250k_mimu.shp,merge_confirmed_duplicate,149767,149760,,,auto: merge CoreMap village duplicates; survivor = nearest to MIMU (85.1 m),2026-09-21T10:42:55.297Z
village:152202:row1733:village_point_Yangon_v96.zip_mmr_ygn_pplp2_250k_mimu.shp,village:152202:row1733:village_point_Yangon_v96.zip_mmr_ygn_pplp2_250k_mimu.shp,merge_confirmed_duplicate,149765,149755,,,auto: merge CoreMap village duplicates; survivor = nearest to MIMU (43.7 m),2026-09-21T10:42:55.297Z
village:154303:row1778:village_point_Yangon_v96.zip_mmr_ygn_pplp2_250k_mimu.shp,village:154303:row1778:village_point_Yangon_v96.zip_mmr_ygn_pplp2_250k_mimu.shp,merge_confirmed_duplicate,149920,149926,,,auto: merge CoreMap village duplicates; survivor = nearest to MIMU (0.0 m),2026-09-21T10:42:55.297Z
village:217782:row1826:village_point_Yangon_v96.zip_mmr_ygn_pplp2_250k_mimu.shp,village:217782:row1826:village_point_Yangon_v96.zip_mmr_ygn_pplp2_250k_mimu.shp,merge_confirmed_duplicate,149760,149767,,,auto: merge CoreMap village duplicates; survivor = nearest to MIMU (80.8 m),2026-09-21T10:42:55.297Z
village:159510:row1831:village_point_Yangon_v96.zip_mmr_ygn_pplp2_250k_mimu.shp,village:159510:row1831:village_point_Yangon_v96.zip_mmr_ygn_pplp2_250k_mimu.shp,merge_confirmed_duplicate,149755,149765,,,auto: merge CoreMap village duplicates; survivor = nearest to MIMU (12.1 m),2026-09-21T10:42:55.297Z
village:152315:row1359:village_point_Ayeyarwady_v96.zip_mmr_ady_pplp2_250k_mimu.shp,village:152315:row1359:village_point_Ayeyarwady_v96.zip_mmr_ady_pplp2_250k_mimu.shp,keep_both,120465,,,,,2026-09-21T10:46:40.884Z
village:150018:row5635:village_point_Ayeyarwady_v96.zip_mmr_ady_pplp2_250k_mimu.shp,village:150018:row5635:village_point_Ayeyarwady_v96.zip_mmr_ady_pplp2_250k_mimu.shp,match_existing,124517,,,,,2026-09-21T10:46:52.898Z
village:152271:row7128:village_point_Ayeyarwady_v96.zip_mmr_ady_pplp2_250k_mimu.shp,village:152271:row7128:village_point_Ayeyarwady_v96.zip_mmr_ady_pplp2_250k_mimu.shp,match_existing,126281,,,,,2026-09-21T10:47:03.109Z
village:151663:row9447:village_point_Ayeyarwady_v96.zip_mmr_ady_pplp2_250k_mimu.shp,village:151663:row9447:village_point_Ayeyarwady_v96.zip_mmr_ady_pplp2_250k_mimu.shp,keep_both,128663,,,,,2026-09-21T10:47:18.887Z
village:151924:row9452:village_point_Ayeyarwady_v96.zip_mmr_ady_pplp2_250k_mimu.shp,village:151924:row9452:village_point_Ayeyarwady_v96.zip_mmr_ady_pplp2_250k_mimu.shp,keep_both,128299,,,,,2026-09-21T10:47:29.948Z
village:154444:row9542:village_point_Ayeyarwady_v96.zip_mmr_ady_pplp2_250k_mimu.shp,village:154444:row9542:village_point_Ayeyarwady_v96.zip_mmr_ady_pplp2_250k_mimu.shp,keep_both,128301,,,,,2026-09-21T10:47:34.190Z
village:159788:row9750:village_point_Ayeyarwady_v96.zip_mmr_ady_pplp2_250k_mimu.shp,village:159788:row9750:village_point_Ayeyarwady_v96.zip_mmr_ady_pplp2_250k_mimu.shp,keep_both,128719,,,,,2026-09-21T10:47:42.030Z
village:180283:row697:village_point_Bago_v96.zip_mmr_bgo_pplp2_250k_mimu.shp,village:180283:row697:village_point_Bago_v96.zip_mmr_bgo_pplp2_250k_mimu.shp,keep_both,136209,,,,,2026-09-21T10:47:44.562Z
village:218920:row1905:village_point_Bago_v96.zip_mmr_bgo_pplp2_250k_mimu.shp,village:218920:row1905:village_point_Bago_v96.zip_mmr_bgo_pplp2_250k_mimu.shp,match_existing,159535,,,,,2026-09-21T10:47:49.908Z
village:218003:row1236:village_point_Chin_v96.zip_mmr_chn_pplp2_250k_wfp_mimu.shp,village:218003:row1236:village_point_Chin_v96.zip_mmr_chn_pplp2_250k_wfp_mimu.shp,match_existing,150452,,,,,2026-09-21T10:48:07.373Z
village:167304:row563:village_point_Kachin_v96.zip_mmr_kcn_pplp2_250k_mimu.shp,village:167304:row563:village_point_Kachin_v96.zip_mmr_kcn_pplp2_250k_mimu.shp,keep_both,154355,,,,,2026-09-21T10:48:17.243Z
village:168854:row193:village_point_Kayah_v96.zip_mmr_kyh_pplp2_250k_mimu.shp,village:168854:row193:village_point_Kayah_v96.zip_mmr_kyh_pplp2_250k_mimu.shp,keep_both,115741,,,,,2026-09-21T10:48:29.485Z
village:168571:row275:village_point_Kayah_v96.zip_mmr_kyh_pplp2_250k_mimu.shp,village:168571:row275:village_point_Kayah_v96.zip_mmr_kyh_pplp2_250k_mimu.shp,match_existing,161875,,,,,2026-09-21T10:48:36.463Z
village:185068:row350:village_point_Magway_v96.zip_mmr_mgy_pplp2_250k_wfp_mimu.shp,village:185068:row350:village_point_Magway_v96.zip_mmr_mgy_pplp2_250k_wfp_mimu.shp,match_existing,169914,,,,,2026-09-21T10:48:45.508Z
village:189255:row493:village_point_Magway_v96.zip_mmr_mgy_pplp2_250k_wfp_mimu.shp,village:189255:row493:village_point_Magway_v96.zip_mmr_mgy_pplp2_250k_wfp_mimu.shp,reject_source_error,,,,,,2026-09-21T10:48:58.798Z
village:189254:row536:village_point_Magway_v96.zip_mmr_mgy_pplp2_250k_wfp_mimu.shp,village:189254:row536:village_point_Magway_v96.zip_mmr_mgy_pplp2_250k_wfp_mimu.shp,reject_source_error,,,,,,2026-09-21T10:49:08.506Z
village:187487:row649:village_point_Magway_v96.zip_mmr_mgy_pplp2_250k_wfp_mimu.shp,village:187487:row649:village_point_Magway_v96.zip_mmr_mgy_pplp2_250k_wfp_mimu.shp,keep_both,146890,,,,,2026-09-21T10:49:12.731Z
village:186072:row1032:village_point_Magway_v96.zip_mmr_mgy_pplp2_250k_wfp_mimu.shp,village:186072:row1032:village_point_Magway_v96.zip_mmr_mgy_pplp2_250k_wfp_mimu.shp,match_existing,172620,,,,,2026-09-21T10:49:18.197Z
village:188579:row1557:village_point_Magway_v96.zip_mmr_mgy_pplp2_250k_wfp_mimu.shp,village:188579:row1557:village_point_Magway_v96.zip_mmr_mgy_pplp2_250k_wfp_mimu.shp,match_existing,169902,,,,,2026-09-21T10:49:31.549Z
village:188770:row1620:village_point_Magway_v96.zip_mmr_mgy_pplp2_250k_wfp_mimu.shp,village:188770:row1620:village_point_Magway_v96.zip_mmr_mgy_pplp2_250k_wfp_mimu.shp,match_existing,172446,,,,,2026-09-21T10:49:43.084Z
village:188933:row2518:village_point_Magway_v96.zip_mmr_mgy_pplp2_250k_wfp_mimu.shp,village:188933:row2518:village_point_Magway_v96.zip_mmr_mgy_pplp2_250k_wfp_mimu.shp,match_existing,171757,,,,,2026-09-21T10:49:51.395Z
village:189128:row3473:village_point_Magway_v96.zip_mmr_mgy_pplp2_250k_wfp_mimu.shp,village:189128:row3473:village_point_Magway_v96.zip_mmr_mgy_pplp2_250k_wfp_mimu.shp,reject_source_error,,,,,,2026-09-21T10:49:54.718Z
village:189102:row3488:village_point_Magway_v96.zip_mmr_mgy_pplp2_250k_wfp_mimu.shp,village:189102:row3488:village_point_Magway_v96.zip_mmr_mgy_pplp2_250k_wfp_mimu.shp,match_existing,169956,,,,,2026-09-21T10:50:01.740Z
village:189131:row3491:village_point_Magway_v96.zip_mmr_mgy_pplp2_250k_wfp_mimu.shp,village:189131:row3491:village_point_Magway_v96.zip_mmr_mgy_pplp2_250k_wfp_mimu.shp,reject_source_error,,,,,,2026-09-21T10:50:13.917Z
village:187064:row4179:village_point_Magway_v96.zip_mmr_mgy_pplp2_250k_wfp_mimu.shp,village:187064:row4179:village_point_Magway_v96.zip_mmr_mgy_pplp2_250k_wfp_mimu.shp,keep_both,117625,,,,,2026-09-21T10:50:36.568Z
village:186849:row3561:village_point_Magway_v96.zip_mmr_mgy_pplp2_250k_wfp_mimu.shp,village:186849:row3561:village_point_Magway_v96.zip_mmr_mgy_pplp2_250k_wfp_mimu.shp,keep_both,171131,,,,,2026-09-21T10:50:45.677Z
village:188446:row4547:village_point_Magway_v96.zip_mmr_mgy_pplp2_250k_wfp_mimu.shp,village:188446:row4547:village_point_Magway_v96.zip_mmr_mgy_pplp2_250k_wfp_mimu.shp,keep_both,169888,,,,,2026-09-21T10:50:51.274Z
village:189627:row123:village_point_Mandalay_v96.zip_mmr_mdy_pplp2_250k_mimu_1.shp,village:189627:row123:village_point_Mandalay_v96.zip_mmr_mdy_pplp2_250k_mimu_1.shp,keep_both,132487,,,,,2026-09-21T10:50:55.670Z
village:218334:row4489:village_point_Mandalay_v96.zip_mmr_mdy_pplp2_250k_mimu_1.shp,village:218334:row4489:village_point_Mandalay_v96.zip_mmr_mdy_pplp2_250k_mimu_1.shp,keep_both,118819,,,,,2026-09-21T10:50:59.790Z
village:220165:row332:village_point_Mon_v96.zip_mmr_mon_pplp2_250k_mimu.shp,village:220165:row332:village_point_Mon_v96.zip_mmr_mon_pplp2_250k_mimu.shp,keep_both,147626,,,,,2026-09-21T10:51:04.360Z
village:196976:row917:village_point_Rakhine_v96.zip_mmr_rke_pplp2_250k_unicef_mimu.shp,village:196976:row917:village_point_Rakhine_v96.zip_mmr_rke_pplp2_250k_unicef_mimu.shp,match_existing,165580,,,,,2026-09-21T10:51:12.174Z
village:196809:row954:village_point_Rakhine_v96.zip_mmr_rke_pplp2_250k_unicef_mimu.shp,village:196809:row954:village_point_Rakhine_v96.zip_mmr_rke_pplp2_250k_unicef_mimu.shp,match_existing,163703,,,,,2026-09-21T10:51:20.668Z
village:196772:row1006:village_point_Rakhine_v96.zip_mmr_rke_pplp2_250k_unicef_mimu.shp,village:196772:row1006:village_point_Rakhine_v96.zip_mmr_rke_pplp2_250k_unicef_mimu.shp,match_existing,167744,,,,,2026-09-21T10:51:27.629Z
village:196703:row1059:village_point_Rakhine_v96.zip_mmr_rke_pplp2_250k_unicef_mimu.shp,village:196703:row1059:village_point_Rakhine_v96.zip_mmr_rke_pplp2_250k_unicef_mimu.shp,keep_both,163732,,,,,2026-09-21T10:51:32.414Z
village:196697:row1065:village_point_Rakhine_v96.zip_mmr_rke_pplp2_250k_unicef_mimu.shp,village:196697:row1065:village_point_Rakhine_v96.zip_mmr_rke_pplp2_250k_unicef_mimu.shp,match_existing,165137,,,,,2026-09-21T10:51:35.786Z
village:196880:row1075:village_point_Rakhine_v96.zip_mmr_rke_pplp2_250k_unicef_mimu.shp,village:196880:row1075:village_point_Rakhine_v96.zip_mmr_rke_pplp2_250k_unicef_mimu.shp,match_existing,164993,,,,,2026-09-21T10:51:40.302Z
village:196781:row1086:village_point_Rakhine_v96.zip_mmr_rke_pplp2_250k_unicef_mimu.shp,village:196781:row1086:village_point_Rakhine_v96.zip_mmr_rke_pplp2_250k_unicef_mimu.shp,match_existing,163108,,,,,2026-09-21T10:51:46.371Z
village:196860:row1150:village_point_Rakhine_v96.zip_mmr_rke_pplp2_250k_unicef_mimu.shp,village:196860:row1150:village_point_Rakhine_v96.zip_mmr_rke_pplp2_250k_unicef_mimu.shp,match_existing,165481,,,,,2026-09-21T10:51:49.741Z
village:196765:row1151:village_point_Rakhine_v96.zip_mmr_rke_pplp2_250k_unicef_mimu.shp,village:196765:row1151:village_point_Rakhine_v96.zip_mmr_rke_pplp2_250k_unicef_mimu.shp,match_existing,162773,,,,,2026-09-21T10:51:53.055Z
village:197523:row2339:village_point_Rakhine_v96.zip_mmr_rke_pplp2_250k_unicef_mimu.shp,village:197523:row2339:village_point_Rakhine_v96.zip_mmr_rke_pplp2_250k_unicef_mimu.shp,match_existing,164060,,,,,2026-09-21T10:52:07.468Z
village:176854:row2532:village_point_Sagaing_v96.zip_mmr_sag_pplp2_250k_mimu.shp,village:176854:row2532:village_point_Sagaing_v96.zip_mmr_sag_pplp2_250k_mimu.shp,reject_source_error,,,,,,2026-09-21T10:52:43.135Z
village:221794:row1865:village_point_Shan_v96.zip_mmr_shn_pplp2_250k_unodc_mimu.shp,village:221794:row1865:village_point_Shan_v96.zip_mmr_shn_pplp2_250k_unodc_mimu.shp,keep_both,131731,,,,,2026-09-21T10:52:46.809Z
village:212848:row1938:village_point_Shan_v96.zip_mmr_shn_pplp2_250k_unodc_mimu.shp,village:212848:row1938:village_point_Shan_v96.zip_mmr_shn_pplp2_250k_unodc_mimu.shp,keep_both,161144,,,,,2026-09-21T10:52:50.164Z
village:211270:row2344:village_point_Shan_v96.zip_mmr_shn_pplp2_250k_unodc_mimu.shp,village:211270:row2344:village_point_Shan_v96.zip_mmr_shn_pplp2_250k_unodc_mimu.shp,match_existing,152946,,,,,2026-09-21T10:53:05.635Z
village:211152:row3114:village_point_Shan_v96.zip_mmr_shn_pplp2_250k_unodc_mimu.shp,village:211152:row3114:village_point_Shan_v96.zip_mmr_shn_pplp2_250k_unodc_mimu.shp,match_existing,116266,,,,,2026-09-21T10:53:08.981Z
village:215446:row4773:village_point_Shan_v96.zip_mmr_shn_pplp2_250k_unodc_mimu.shp,village:215446:row4773:village_point_Shan_v96.zip_mmr_shn_pplp2_250k_unodc_mimu.shp,match_existing,157203,,,,,2026-09-21T10:53:18.617Z
village:215445:row4774:village_point_Shan_v96.zip_mmr_shn_pplp2_250k_unodc_mimu.shp,village:215445:row4774:village_point_Shan_v96.zip_mmr_shn_pplp2_250k_unodc_mimu.shp,keep_both,152950,,,,,2026-09-21T10:53:25.996Z
village:209701:row5267:village_point_Shan_v96.zip_mmr_shn_pplp2_250k_unodc_mimu.shp,village:209701:row5267:village_point_Shan_v96.zip_mmr_shn_pplp2_250k_unodc_mimu.shp,match_existing,172977,,,,,2026-09-21T10:53:46.120Z
village:209768:row5278:village_point_Shan_v96.zip_mmr_shn_pplp2_250k_unodc_mimu.shp,village:209768:row5278:village_point_Shan_v96.zip_mmr_shn_pplp2_250k_unodc_mimu.shp,match_existing,172924,,,,,2026-09-21T10:53:51.144Z
village:209767:row5285:village_point_Shan_v96.zip_mmr_shn_pplp2_250k_unodc_mimu.shp,village:209767:row5285:village_point_Shan_v96.zip_mmr_shn_pplp2_250k_unodc_mimu.shp,match_existing,172925,,,,,2026-09-21T10:53:56.261Z
village:219883:row5286:village_point_Shan_v96.zip_mmr_shn_pplp2_250k_unodc_mimu.shp,village:219883:row5286:village_point_Shan_v96.zip_mmr_shn_pplp2_250k_unodc_mimu.shp,reject_source_error,,,,,,2026-09-21T10:54:12.812Z
village:209771:row5369:village_point_Shan_v96.zip_mmr_shn_pplp2_250k_unodc_mimu.shp,village:209771:row5369:village_point_Shan_v96.zip_mmr_shn_pplp2_250k_unodc_mimu.shp,reject_source_error,,,,,,2026-09-21T10:54:18.946Z
village:209772:row5371:village_point_Shan_v96.zip_mmr_shn_pplp2_250k_unodc_mimu.shp,village:209772:row5371:village_point_Shan_v96.zip_mmr_shn_pplp2_250k_unodc_mimu.shp,match_existing,172920,,,,,2026-09-21T10:54:25.454Z
village:209638:row5458:village_point_Shan_v96.zip_mmr_shn_pplp2_250k_unodc_mimu.shp,village:209638:row5458:village_point_Shan_v96.zip_mmr_shn_pplp2_250k_unodc_mimu.shp,reject_source_error,,,,,,2026-09-21T10:54:34.459Z
village:209816:row5476:village_point_Shan_v96.zip_mmr_shn_pplp2_250k_unodc_mimu.shp,village:209816:row5476:village_point_Shan_v96.zip_mmr_shn_pplp2_250k_unodc_mimu.shp,match_existing,172625,,,,,2026-09-21T10:54:37.533Z
village:200962:row5869:village_point_Shan_v96.zip_mmr_shn_pplp2_250k_unodc_mimu.shp,village:200962:row5869:village_point_Shan_v96.zip_mmr_shn_pplp2_250k_unodc_mimu.shp,keep_both,160216,,,,,2026-09-21T10:54:40.906Z
village:220239:row6308:village_point_Shan_v96.zip_mmr_shn_pplp2_250k_unodc_mimu.shp,village:220239:row6308:village_point_Shan_v96.zip_mmr_shn_pplp2_250k_unodc_mimu.shp,keep_both,130602,,,,,2026-09-21T10:54:44.591Z
village:222978:row6321:village_point_Shan_v96.zip_mmr_shn_pplp2_250k_unodc_mimu.shp,village:222978:row6321:village_point_Shan_v96.zip_mmr_shn_pplp2_250k_unodc_mimu.shp,keep_both,130502,,,,,2026-09-21T10:54:47.421Z
village:204216:row6664:village_point_Shan_v96.zip_mmr_shn_pplp2_250k_unodc_mimu.shp,village:204216:row6664:village_point_Shan_v96.zip_mmr_shn_pplp2_250k_unodc_mimu.shp,keep_both,156569,,,,,2026-09-21T10:54:49.977Z
village:203997:row6675:village_point_Shan_v96.zip_mmr_shn_pplp2_250k_unodc_mimu.shp,village:203997:row6675:village_point_Shan_v96.zip_mmr_shn_pplp2_250k_unodc_mimu.shp,keep_both,156600,,,,,2026-09-21T10:54:52.647Z
village:221166:row6693:village_point_Shan_v96.zip_mmr_shn_pplp2_250k_unodc_mimu.shp,village:221166:row6693:village_point_Shan_v96.zip_mmr_shn_pplp2_250k_unodc_mimu.shp,keep_both,156637,,,,,2026-09-21T10:54:54.694Z
village:221177:row6744:village_point_Shan_v96.zip_mmr_shn_pplp2_250k_unodc_mimu.shp,village:221177:row6744:village_point_Shan_v96.zip_mmr_shn_pplp2_250k_unodc_mimu.shp,keep_both,156646,,,,,2026-09-21T10:54:57.159Z
village:203434:row6766:village_point_Shan_v96.zip_mmr_shn_pplp2_250k_unodc_mimu.shp,village:203434:row6766:village_point_Shan_v96.zip_mmr_shn_pplp2_250k_unodc_mimu.shp,keep_both,160205,,,,,2026-09-21T10:54:59.206Z
village:221767:row6775:village_point_Shan_v96.zip_mmr_shn_pplp2_250k_unodc_mimu.shp,village:221767:row6775:village_point_Shan_v96.zip_mmr_shn_pplp2_250k_unodc_mimu.shp,keep_both,159889,,,,,2026-09-21T10:55:01.377Z
village:203367:row6849:village_point_Shan_v96.zip_mmr_shn_pplp2_250k_unodc_mimu.shp,village:203367:row6849:village_point_Shan_v96.zip_mmr_shn_pplp2_250k_unodc_mimu.shp,match_existing,160185,,,,,2026-09-21T10:55:13.556Z
village:203390:row6861:village_point_Shan_v96.zip_mmr_shn_pplp2_250k_unodc_mimu.shp,village:203390:row6861:village_point_Shan_v96.zip_mmr_shn_pplp2_250k_unodc_mimu.shp,match_existing,160116,,,,,2026-09-21T10:55:25.704Z
village:203341:row6863:village_point_Shan_v96.zip_mmr_shn_pplp2_250k_unodc_mimu.shp,village:203341:row6863:village_point_Shan_v96.zip_mmr_shn_pplp2_250k_unodc_mimu.shp,match_existing,160096,,,,,2026-09-21T10:55:28.779Z
village:221765:row6874:village_point_Shan_v96.zip_mmr_shn_pplp2_250k_unodc_mimu.shp,village:221765:row6874:village_point_Shan_v96.zip_mmr_shn_pplp2_250k_unodc_mimu.shp,keep_both,156530,,,,,2026-09-21T10:55:33.805Z
village:205181:row6905:village_point_Shan_v96.zip_mmr_shn_pplp2_250k_unodc_mimu.shp,village:205181:row6905:village_point_Shan_v96.zip_mmr_shn_pplp2_250k_unodc_mimu.shp,keep_both,145050,,,,,2026-09-21T10:55:36.791Z
village:205447:row7461:village_point_Shan_v96.zip_mmr_shn_pplp2_250k_unodc_mimu.shp,village:205447:row7461:village_point_Shan_v96.zip_mmr_shn_pplp2_250k_unodc_mimu.shp,keep_both,156994,,,,,2026-09-21T10:55:39.861Z
village:204890:row7474:village_point_Shan_v96.zip_mmr_shn_pplp2_250k_unodc_mimu.shp,village:204890:row7474:village_point_Shan_v96.zip_mmr_shn_pplp2_250k_unodc_mimu.shp,match_existing,171793,,,,,2026-09-21T10:55:44.575Z
village:204911:row7479:village_point_Shan_v96.zip_mmr_shn_pplp2_250k_unodc_mimu.shp,village:204911:row7479:village_point_Shan_v96.zip_mmr_shn_pplp2_250k_unodc_mimu.shp,keep_both,154983,,,,,2026-09-21T10:55:48.349Z
village:204844:row7483:village_point_Shan_v96.zip_mmr_shn_pplp2_250k_unodc_mimu.shp,village:204844:row7483:village_point_Shan_v96.zip_mmr_shn_pplp2_250k_unodc_mimu.shp,keep_both,154971,,,,,2026-09-21T10:55:51.995Z
village:204860:row7492:village_point_Shan_v96.zip_mmr_shn_pplp2_250k_unodc_mimu.shp,village:204860:row7492:village_point_Shan_v96.zip_mmr_shn_pplp2_250k_unodc_mimu.shp,keep_both,154979,,,,,2026-09-21T10:55:54.871Z
village:204877:row7509:village_point_Shan_v96.zip_mmr_shn_pplp2_250k_unodc_mimu.shp,village:204877:row7509:village_point_Shan_v96.zip_mmr_shn_pplp2_250k_unodc_mimu.shp,keep_both,154973,,,,,2026-09-21T10:55:57.348Z
village:204758:row7536:village_point_Shan_v96.zip_mmr_shn_pplp2_250k_unodc_mimu.shp,village:204758:row7536:village_point_Shan_v96.zip_mmr_shn_pplp2_250k_unodc_mimu.shp,keep_both,155040,,,,,2026-09-21T10:56:00.354Z
village:204588:row7716:village_point_Shan_v96.zip_mmr_shn_pplp2_250k_unodc_mimu.shp,village:204588:row7716:village_point_Shan_v96.zip_mmr_shn_pplp2_250k_unodc_mimu.shp,keep_both,118984,,,,,2026-09-21T10:56:02.859Z
village:204396:row7727:village_point_Shan_v96.zip_mmr_shn_pplp2_250k_unodc_mimu.shp,village:204396:row7727:village_point_Shan_v96.zip_mmr_shn_pplp2_250k_unodc_mimu.shp,keep_both,156297,,,,,2026-09-21T10:56:07.101Z
village:204421:row7736:village_point_Shan_v96.zip_mmr_shn_pplp2_250k_unodc_mimu.shp,village:204421:row7736:village_point_Shan_v96.zip_mmr_shn_pplp2_250k_unodc_mimu.shp,keep_both,156295,,,,,2026-09-21T10:56:09.375Z
village:204601:row7773:village_point_Shan_v96.zip_mmr_shn_pplp2_250k_unodc_mimu.shp,village:204601:row7773:village_point_Shan_v96.zip_mmr_shn_pplp2_250k_unodc_mimu.shp,keep_both,156316,,,,,2026-09-21T10:56:11.587Z
village:204648:row7779:village_point_Shan_v96.zip_mmr_shn_pplp2_250k_unodc_mimu.shp,village:204648:row7779:village_point_Shan_v96.zip_mmr_shn_pplp2_250k_unodc_mimu.shp,keep_both,156382,,,,,2026-09-21T10:56:13.768Z
village:204643:row7782:village_point_Shan_v96.zip_mmr_shn_pplp2_250k_unodc_mimu.shp,village:204643:row7782:village_point_Shan_v96.zip_mmr_shn_pplp2_250k_unodc_mimu.shp,keep_both,156383,,,,,2026-09-21T10:56:16.506Z
village:204445:row7803:village_point_Shan_v96.zip_mmr_shn_pplp2_250k_unodc_mimu.shp,village:204445:row7803:village_point_Shan_v96.zip_mmr_shn_pplp2_250k_unodc_mimu.shp,match_existing,160064,,,,,2026-09-21T10:56:25.037Z
village:204455:row7805:village_point_Shan_v96.zip_mmr_shn_pplp2_250k_unodc_mimu.shp,village:204455:row7805:village_point_Shan_v96.zip_mmr_shn_pplp2_250k_unodc_mimu.shp,match_existing,160062,,,,,2026-09-21T10:56:28.777Z
village:204476:row7813:village_point_Shan_v96.zip_mmr_shn_pplp2_250k_unodc_mimu.shp,village:204476:row7813:village_point_Shan_v96.zip_mmr_shn_pplp2_250k_unodc_mimu.shp,match_existing,160110,,,,,2026-09-21T10:56:39.654Z
village:203553:row7949:village_point_Shan_v96.zip_mmr_shn_pplp2_250k_unodc_mimu.shp,village:203553:row7949:village_point_Shan_v96.zip_mmr_shn_pplp2_250k_unodc_mimu.shp,keep_both,157233,,,,,2026-09-21T10:56:43.785Z
village:202902:row8475:village_point_Shan_v96.zip_mmr_shn_pplp2_250k_unodc_mimu.shp,village:202902:row8475:village_point_Shan_v96.zip_mmr_shn_pplp2_250k_unodc_mimu.shp,keep_both,172637,,,,,2026-09-21T10:56:52.382Z
village:202897:row8478:village_point_Shan_v96.zip_mmr_shn_pplp2_250k_unodc_mimu.shp,village:202897:row8478:village_point_Shan_v96.zip_mmr_shn_pplp2_250k_unodc_mimu.shp,keep_both,150062,,,,,2026-09-21T10:56:56.929Z
village:202903:row8479:village_point_Shan_v96.zip_mmr_shn_pplp2_250k_unodc_mimu.shp,village:202903:row8479:village_point_Shan_v96.zip_mmr_shn_pplp2_250k_unodc_mimu.shp,keep_both,169837,,,,,2026-09-21T10:57:00.569Z
village:202894:row8488:village_point_Shan_v96.zip_mmr_shn_pplp2_250k_unodc_mimu.shp,village:202894:row8488:village_point_Shan_v96.zip_mmr_shn_pplp2_250k_unodc_mimu.shp,keep_both,157065,,,,,2026-09-21T10:57:08.186Z
village:201878:row9334:village_point_Shan_v96.zip_mmr_shn_pplp2_250k_unodc_mimu.shp,village:201878:row9334:village_point_Shan_v96.zip_mmr_shn_pplp2_250k_unodc_mimu.shp,reject_source_error,,,,,,2026-09-21T10:57:20.110Z
village:222954:row2:village_point_Tanintharyi_v96.zip_mmr_tni_pplp2_250k_mimu.shp,village:222954:row2:village_point_Tanintharyi_v96.zip_mmr_tni_pplp2_250k_mimu.shp,match_existing,159759,,,,,2026-09-21T10:57:27.111Z
village:221885:row890:village_point_Tanintharyi_v96.zip_mmr_tni_pplp2_250k_mimu.shp,village:221885:row890:village_point_Tanintharyi_v96.zip_mmr_tni_pplp2_250k_mimu.shp,match_existing,160069,,,,,2026-09-21T10:57:37.939Z
