postal_code,region_name_en,region_name_my,township_name_en,township_name_my,locality_name_en,locality_name_my,locality_type,township_admin_area_id,local_admin_area_id,match_status,match_method,review_reason
0201001,Sagaing Region,စစ်ကိုင်းတိုင်းဒေသကြီး,Nanyun Township,နန်းယွန်း မြို့နယ်,Sha Ra Quarter,ရှရ ရပ်ကွက်,ward,,,unmatched,exact_township_name,Source township resolved but CoreMap township id not matched in admin pass
0201002,Sagaing Region,စစ်ကိုင်းတိုင်းဒေသကြီး,Nanyun Township,နန်းယွန်း မြို့နယ်,Myo Ma Quarter,မြို့မ ရပ်ကွက်,ward,,,unmatched,exact_township_name,Source township resolved but CoreMap township id not matched in admin pass
0201003,Sagaing Region,စစ်ကိုင်းတိုင်းဒေသကြီး,Nanyun Township,နန်းယွန်း မြို့နယ်,Raw Kaw Quarter,ရောကော ရပ်ကွက်,ward,,,unmatched,exact_township_name,Source township resolved but CoreMap township id not matched in admin pass
0201200,Sagaing Region,စစ်ကိုင်းတိုင်းဒေသကြီး,Nanyun Township,နန်းယွန်း မြို့နယ်,Pi Naung Sut Village Tract,ပီနောင်စွပ် ကျေးရွာအုပ်စု,village_tract,,,unmatched,exact_township_name,Source township resolved but CoreMap township id not matched in admin pass
0201201,Sagaing Region,စစ်ကိုင်းတိုင်းဒေသကြီး,Nanyun Township,နန်းယွန်း မြို့နယ်,Kye Tha Yauk (Sun Par) Village Tract,ကျဲသရောက် (စွန်ပါ) ကျေးရွာအုပ်စု,village_tract,,,unmatched,exact_township_name,Source township resolved but CoreMap township id not matched in admin pass
0201202,Sagaing Region,စစ်ကိုင်းတိုင်းဒေသကြီး,Nanyun Township,နန်းယွန်း မြို့နယ်,Tha Man Chaung Son Village Tract,သမန်းချောင်းစုံ ကျေးရွာအုပ်စု,village_tract,,,unmatched,exact_township_name,Source township resolved but CoreMap township id not matched in admin pass
0201203,Sagaing Region,စစ်ကိုင်းတိုင်းဒေသကြီး,Nanyun Township,နန်းယွန်း မြို့နယ်,Kyaing Raing Village Tract,ကြိုင်ရိုင် ကျေးရွာအုပ်စု,village_tract,,,unmatched,exact_township_name,Source township resolved but CoreMap township id not matched in admin pass
0201204,Sagaing Region,စစ်ကိုင်းတိုင်းဒေသကြီး,Nanyun Township,နန်းယွန်း မြို့နယ်,Yaung Ngway Village Tract,ယောင်ငွေး ကျေးရွာအုပ်စု,village_tract,,,unmatched,exact_township_name,Source township resolved but CoreMap township id not matched in admin pass
0201205,Sagaing Region,စစ်ကိုင်းတိုင်းဒေသကြီး,Nanyun Township,နန်းယွန်း မြို့နယ်,Har War Village Tract,ဟာဝါး ကျေးရွာအုပ်စု,village_tract,,,unmatched,exact_township_name,Source township resolved but CoreMap township id not matched in admin pass
0201206,Sagaing Region,စစ်ကိုင်းတိုင်းဒေသကြီး,Nanyun Township,နန်းယွန်း မြို့နယ်,Kha Let Leik Taw Village Tract,ခလပ်လိပ်တော် ကျေးရွာအုပ်စု,village_tract,,,unmatched,exact_township_name,Source township resolved but CoreMap township id not matched in admin pass
0201207,Sagaing Region,စစ်ကိုင်းတိုင်းဒေသကြီး,Nanyun Township,နန်းယွန်း မြို့နယ်,Shan Shein (Shar Yar) Village Tract,ရှန်ရှိန် (ရှာရာ) ကျေးရွာအုပ်စု,village_tract,,,unmatched,exact_township_name,Source township resolved but CoreMap township id not matched in admin pass
0201208,Sagaing Region,စစ်ကိုင်းတိုင်းဒေသကြီး,Nanyun Township,နန်းယွန်း မြို့နယ်,Lar Khu (1) Village Tract,လာခူး (၁) ကျေးရွာအုပ်စု,village_tract,,,unmatched,exact_township_name,Source township resolved but CoreMap township id not matched in admin pass
0201209,Sagaing Region,စစ်ကိုင်းတိုင်းဒေသကြီး,Nanyun Township,နန်းယွန်း မြို့နယ်,Shar Mee Village Tract,ရှားမီး ကျေးရွာအုပ်စု,village_tract,,,unmatched,exact_township_name,Source township resolved but CoreMap township id not matched in admin pass
0201210,Sagaing Region,စစ်ကိုင်းတိုင်းဒေသကြီး,Nanyun Township,နန်းယွန်း မြို့နယ်,San Lun Village Tract,ဆန်လွန်း ကျေးရွာအုပ်စု,village_tract,,,unmatched,exact_township_name,Source township resolved but CoreMap township id not matched in admin pass
0201211,Sagaing Region,စစ်ကိုင်းတိုင်းဒေသကြီး,Nanyun Township,နန်းယွန်း မြို့နယ်,Lun Yan Village Tract,လွန်ရန် ကျေးရွာအုပ်စု,village_tract,,,unmatched,exact_township_name,Source township resolved but CoreMap township id not matched in admin pass
0201212,Sagaing Region,စစ်ကိုင်းတိုင်းဒေသကြီး,Nanyun Township,နန်းယွန်း မြို့နယ်,Ga Gaw Ka Bar Village Tract,ဂဂေါကမ္ဘာ ကျေးရွာအုပ်စု,village_tract,,,unmatched,exact_township_name,Source township resolved but CoreMap township id not matched in admin pass
0201213,Sagaing Region,စစ်ကိုင်းတိုင်းဒေသကြီး,Nanyun Township,နန်းယွန်း မြို့နယ်,Thar Man Village Tract,သာမန်း ကျေးရွာအုပ်စု,village_tract,,,unmatched,exact_township_name,Source township resolved but CoreMap township id not matched in admin pass
0201214,Sagaing Region,စစ်ကိုင်းတိုင်းဒေသကြီး,Nanyun Township,နန်းယွန်း မြို့နယ်,Lein Hnoke (1) Village Tract,လိန်းနှုတ် (၁) ကျေးရွာအုပ်စု,village_tract,,,unmatched,exact_township_name,Source township resolved but CoreMap township id not matched in admin pass
0201215,Sagaing Region,စစ်ကိုင်းတိုင်းဒေသကြီး,Nanyun Township,နန်းယွန်း မြို့နယ်,Ah Htet Lu Lun Village Tract,အထက်လူလွန်း ကျေးရွာအုပ်စု,village_tract,,,unmatched,exact_township_name,Source township resolved but CoreMap township id not matched in admin pass
0201216,Sagaing Region,စစ်ကိုင်းတိုင်းဒေသကြီး,Nanyun Township,နန်းယွန်း မြို့နယ်,Lon Tun Village Tract,လုံတွန် ကျေးရွာအုပ်စု,village_tract,,,unmatched,exact_township_name,Source township resolved but CoreMap township id not matched in admin pass
0201217,Sagaing Region,စစ်ကိုင်းတိုင်းဒေသကြီး,Nanyun Township,နန်းယွန်း မြို့နယ်,Hpar Kyet Village Tract,ဖါကျက် ကျေးရွာအုပ်စု,village_tract,,,unmatched,exact_township_name,Source township resolved but CoreMap township id not matched in admin pass
0201218,Sagaing Region,စစ်ကိုင်းတိုင်းဒေသကြီး,Nanyun Township,နန်းယွန်း မြို့နယ်,Yaw Kyaw Village Tract,ယောကျော် ကျေးရွာအုပ်စု,village_tract,,,unmatched,exact_township_name,Source township resolved but CoreMap township id not matched in admin pass
0201219,Sagaing Region,စစ်ကိုင်းတိုင်းဒေသကြီး,Nanyun Township,နန်းယွန်း မြို့နယ်,Chein Kauk Village Tract,ချိန်ကောက် ကျေးရွာအုပ်စု,village_tract,,,unmatched,exact_township_name,Source township resolved but CoreMap township id not matched in admin pass
0201220,Sagaing Region,စစ်ကိုင်းတိုင်းဒေသကြီး,Nanyun Township,နန်းယွန်း မြို့နယ်,Taw Lun Village Tract,တော်လွန်း ကျေးရွာအုပ်စု,village_tract,,,unmatched,exact_township_name,Source township resolved but CoreMap township id not matched in admin pass
0201221,Sagaing Region,စစ်ကိုင်းတိုင်းဒေသကြီး,Nanyun Township,နန်းယွန်း မြို့နယ်,Lat Kee Lon Yar Village Tract,လပ်ကီးလုံရာ ကျေးရွာအုပ်စု,village_tract,,,unmatched,exact_township_name,Source township resolved but CoreMap township id not matched in admin pass
0201222,Sagaing Region,စစ်ကိုင်းတိုင်းဒေသကြီး,Nanyun Township,နန်းယွန်း မြို့နယ်,San Tee Village Tract,ဆန်တီး ကျေးရွာအုပ်စု,village_tract,,,unmatched,exact_township_name,Source township resolved but CoreMap township id not matched in admin pass
0201223,Sagaing Region,စစ်ကိုင်းတိုင်းဒေသကြီး,Nanyun Township,နန်းယွန်း မြို့နယ်,Rein Khu Village Tract,ရိန်းခူး ကျေးရွာအုပ်စု,village_tract,,,unmatched,exact_township_name,Source township resolved but CoreMap township id not matched in admin pass
0201224,Sagaing Region,စစ်ကိုင်းတိုင်းဒေသကြီး,Nanyun Township,နန်းယွန်း မြို့နယ်,Kar Lun Village Tract,ကာလွန်း ကျေးရွာအုပ်စု,village_tract,,,unmatched,exact_township_name,Source township resolved but CoreMap township id not matched in admin pass
0201225,Sagaing Region,စစ်ကိုင်းတိုင်းဒေသကြီး,Nanyun Township,နန်းယွန်း မြို့နယ်,Mi Ku Nauk Kone Village Tract,မီကူးနောက်ကုန်း ကျေးရွာအုပ်စု,village_tract,,,unmatched,exact_township_name,Source township resolved but CoreMap township id not matched in admin pass
0201226,Sagaing Region,စစ်ကိုင်းတိုင်းဒေသကြီး,Nanyun Township,နန်းယွန်း မြို့နယ်,Kyar Wun Nauk Pauk Village Tract,ကျားဝမ်နောက်ပေါက် ကျေးရွာအုပ်စု,village_tract,,,unmatched,exact_township_name,Source township resolved but CoreMap township id not matched in admin pass
0201227,Sagaing Region,စစ်ကိုင်းတိုင်းဒေသကြီး,Nanyun Township,နန်းယွန်း မြို့နယ်,Taw Kye Village Tract,တော်ကျဲ ကျေးရွာအုပ်စု,village_tract,,,unmatched,exact_township_name,Source township resolved but CoreMap township id not matched in admin pass
0201228,Sagaing Region,စစ်ကိုင်းတိုင်းဒေသကြီး,Nanyun Township,နန်းယွန်း မြို့နယ်,Yan Si Village Tract,ရန်စီ ကျေးရွာအုပ်စု,village_tract,,,unmatched,exact_township_name,Source township resolved but CoreMap township id not matched in admin pass
0201229,Sagaing Region,စစ်ကိုင်းတိုင်းဒေသကြီး,Nanyun Township,နန်းယွန်း မြို့နယ်,Lun Nu Village Tract,လွန်နူး ကျေးရွာအုပ်စု,village_tract,,,unmatched,exact_township_name,Source township resolved but CoreMap township id not matched in admin pass
0201230,Sagaing Region,စစ်ကိုင်းတိုင်းဒေသကြီး,Nanyun Township,နန်းယွန်း မြို့နယ်,Chan Ban Village Tract,ချမ်ဗန် ကျေးရွာအုပ်စု,village_tract,,,unmatched,exact_township_name,Source township resolved but CoreMap township id not matched in admin pass
0201231,Sagaing Region,စစ်ကိုင်းတိုင်းဒေသကြီး,Nanyun Township,နန်းယွန်း မြို့နယ်,Ka Gyi Chan My Village Tract,ကကြီးချမ်မြူ ကျေးရွာအုပ်စု,village_tract,,,unmatched,exact_township_name,Source township resolved but CoreMap township id not matched in admin pass
0201232,Sagaing Region,စစ်ကိုင်းတိုင်းဒေသကြီး,Nanyun Township,နန်းယွန်း မြို့နယ်,Don Hee (Don Yee Sub-township) Village Tract,ဒုံဟီး ကျေးရွာအုပ်စု,village_tract,,,unmatched,exact_township_name,Source township resolved but CoreMap township id not matched in admin pass
0201233,Sagaing Region,စစ်ကိုင်းတိုင်းဒေသကြီး,Nanyun Township,နန်းယွန်း မြို့နယ်,Ha Khee Village Tract,ဟခီး ကျေးရွာအုပ်စု,village_tract,,,unmatched,exact_township_name,Source township resolved but CoreMap township id not matched in admin pass
0201234,Sagaing Region,စစ်ကိုင်းတိုင်းဒေသကြီး,Nanyun Township,နန်းယွန်း မြို့နယ်,Lar Mar Village Tract,လားမား ကျေးရွာအုပ်စု,village_tract,,,unmatched,exact_township_name,Source township resolved but CoreMap township id not matched in admin pass
0201235,Sagaing Region,စစ်ကိုင်းတိုင်းဒေသကြီး,Nanyun Township,နန်းယွန်း မြို့နယ်,Ngaing Maung Village Tract,ငိုင်မောင်း ကျေးရွာအုပ်စု,village_tract,,,unmatched,exact_township_name,Source township resolved but CoreMap township id not matched in admin pass
0201236,Sagaing Region,စစ်ကိုင်းတိုင်းဒေသကြီး,Nanyun Township,နန်းယွန်း မြို့နယ်,Lar Haung Village Tract,လားဟောင်း ကျေးရွာအုပ်စု,village_tract,,,unmatched,exact_township_name,Source township resolved but CoreMap township id not matched in admin pass
0201237,Sagaing Region,စစ်ကိုင်းတိုင်းဒေသကြီး,Nanyun Township,နန်းယွန်း မြို့နယ်,Ha San Kaing Village Tract,ဟဆန်းကိုင် ကျေးရွာအုပ်စု,village_tract,,,unmatched,exact_township_name,Source township resolved but CoreMap township id not matched in admin pass
0201238,Sagaing Region,စစ်ကိုင်းတိုင်းဒေသကြီး,Nanyun Township,နန်းယွန်း မြို့နယ်,Leik Lin Kan Village Tract,လိပ်လင်းကန် ကျေးရွာအုပ်စု,village_tract,,,unmatched,exact_township_name,Source township resolved but CoreMap township id not matched in admin pass
0201239,Sagaing Region,စစ်ကိုင်းတိုင်းဒေသကြီး,Nanyun Township,နန်းယွန်း မြို့နယ်,Hnoke Par Village Tract,နှုတ်ပါ ကျေးရွာအုပ်စု,village_tract,,,unmatched,exact_township_name,Source township resolved but CoreMap township id not matched in admin pass
0201240,Sagaing Region,စစ်ကိုင်းတိုင်းဒေသကြီး,Nanyun Township,နန်းယွန်း မြို့နယ်,Bo Te Lar Nu Village Tract,ဗိုတဲလာနူး ကျေးရွာအုပ်စု,village_tract,,,unmatched,exact_township_name,Source township resolved but CoreMap township id not matched in admin pass
0201241,Sagaing Region,စစ်ကိုင်းတိုင်းဒေသကြီး,Nanyun Township,နန်းယွန်း မြို့နယ်,Ha Khun Village Tract,ဟခွန်း ကျေးရွာအုပ်စု,village_tract,,,unmatched,exact_township_name,Source township resolved but CoreMap township id not matched in admin pass
0201242,Sagaing Region,စစ်ကိုင်းတိုင်းဒေသကြီး,Nanyun Township,နန်းယွန်း မြို့နယ်,Ha Haung Village Tract,ဟဟောင် ကျေးရွာအုပ်စု,village_tract,,,unmatched,exact_township_name,Source township resolved but CoreMap township id not matched in admin pass
0201243,Sagaing Region,စစ်ကိုင်းတိုင်းဒေသကြီး,Nanyun Township,နန်းယွန်း မြို့နယ်,Kaw Lan Village Tract,ကော်လန်း ကျေးရွာအုပ်စု,village_tract,,,unmatched,exact_township_name,Source township resolved but CoreMap township id not matched in admin pass
0201244,Sagaing Region,စစ်ကိုင်းတိုင်းဒေသကြီး,Nanyun Township,နန်းယွန်း မြို့နယ်,Ha Chun Sar Village Tract,ဟချွန်းဆား ကျေးရွာအုပ်စု,village_tract,,,unmatched,exact_township_name,Source township resolved but CoreMap township id not matched in admin pass
0201245,Sagaing Region,စစ်ကိုင်းတိုင်းဒေသကြီး,Nanyun Township,နန်းယွန်း မြို့နယ်,Ha Sheik Nauk Nyu Village Tract,ဟရှိတ်နောက်ညူ ကျေးရွာအုပ်စု,village_tract,,,unmatched,exact_township_name,Source township resolved but CoreMap township id not matched in admin pass
0201246,Sagaing Region,စစ်ကိုင်းတိုင်းဒေသကြီး,Nanyun Township,နန်းယွန်း မြို့နယ်,Ke San Bauk Lun Village Tract,ကဲဆန်ဘောက်လွန်း ကျေးရွာအုပ်စု,village_tract,,,unmatched,exact_township_name,Source township resolved but CoreMap township id not matched in admin pass
0201247,Sagaing Region,စစ်ကိုင်းတိုင်းဒေသကြီး,Nanyun Township,နန်းယွန်း မြို့နယ်,Ke San Sar Lin Village Tract,ကဲဆန်ဆာလင် ကျေးရွာအုပ်စု,village_tract,,,unmatched,exact_township_name,Source township resolved but CoreMap township id not matched in admin pass
0201248,Sagaing Region,စစ်ကိုင်းတိုင်းဒေသကြီး,Nanyun Township,နန်းယွန်း မြို့နယ်,Yan Naw San Ri Village Tract,ရန်နောဆန်ရီ ကျေးရွာအုပ်စု,village_tract,,,unmatched,exact_township_name,Source township resolved but CoreMap township id not matched in admin pass
0201249,Sagaing Region,စစ်ကိုင်းတိုင်းဒေသကြီး,Nanyun Township,နန်းယွန်း မြို့နယ်,Chan Ma Kauk San Ri Village Tract,ချမ္မကောက်ဆန်ရီ ကျေးရွာအုပ်စု,village_tract,,,unmatched,exact_township_name,Source township resolved but CoreMap township id not matched in admin pass
0201250,Sagaing Region,စစ်ကိုင်းတိုင်းဒေသကြီး,Nanyun Township,နန်းယွန်း မြို့နယ်,Wan Ka Sun Khaw Village Tract,ဝမ်ကဆွန်ခေါ် ကျေးရွာအုပ်စု,village_tract,,,unmatched,exact_township_name,Source township resolved but CoreMap township id not matched in admin pass
0201251,Sagaing Region,စစ်ကိုင်းတိုင်းဒေသကြီး,Nanyun Township,နန်းယွန်း မြို့နယ်,Kyu Yan Village Tract,ကြူယန်း ကျေးရွာအုပ်စု,village_tract,,,unmatched,exact_township_name,Source township resolved but CoreMap township id not matched in admin pass
0201252,Sagaing Region,စစ်ကိုင်းတိုင်းဒေသကြီး,Nanyun Township,နန်းယွန်း မြို့နယ်,Ke San Laung Kyan Village Tract,ကဲဆန်လောင်ကျန် ကျေးရွာအုပ်စု,village_tract,,,unmatched,exact_township_name,Source township resolved but CoreMap township id not matched in admin pass
0201253,Sagaing Region,စစ်ကိုင်းတိုင်းဒေသကြီး,Nanyun Township,နန်းယွန်း မြို့နယ်,Kar Yaw Kon Shwe Village Tract,ကားရော်ကုန်ရွှေ ကျေးရွာအုပ်စု,village_tract,,,unmatched,exact_township_name,Source township resolved but CoreMap township id not matched in admin pass
0201254,Sagaing Region,စစ်ကိုင်းတိုင်းဒေသကြီး,Nanyun Township,နန်းယွန်း မြို့နယ်,Pun Shein Village Tract,ပွန်ရှိန် ကျေးရွာအုပ်စု,village_tract,,,unmatched,exact_township_name,Source township resolved but CoreMap township id not matched in admin pass
0201255,Sagaing Region,စစ်ကိုင်းတိုင်းဒေသကြီး,Nanyun Township,နန်းယွန်း မြို့နယ်,Sheik Nyu Village Tract,ရှိတ်ညူ ကျေးရွာအုပ်စု,village_tract,,,unmatched,exact_township_name,Source township resolved but CoreMap township id not matched in admin pass
0201256,Sagaing Region,စစ်ကိုင်းတိုင်းဒေသကြီး,Nanyun Township,နန်းယွန်း မြို့နယ်,Yaw Kun Village Tract,ရော်ကွန် ကျေးရွာအုပ်စု,village_tract,,,unmatched,exact_township_name,Source township resolved but CoreMap township id not matched in admin pass
0201257,Sagaing Region,စစ်ကိုင်းတိုင်းဒေသကြီး,Nanyun Township,နန်းယွန်း မြို့နယ်,Shan He Village Tract,ရှန်ဟဲ ကျေးရွာအုပ်စု,village_tract,,,unmatched,exact_township_name,Source township resolved but CoreMap township id not matched in admin pass
0201258,Sagaing Region,စစ်ကိုင်းတိုင်းဒေသကြီး,Nanyun Township,နန်းယွန်း မြို့နယ်,Ta Kaing Village Tract,တကိုင်း ကျေးရွာအုပ်စု,village_tract,,,unmatched,exact_township_name,Source township resolved but CoreMap township id not matched in admin pass
0201259,Sagaing Region,စစ်ကိုင်းတိုင်းဒေသကြီး,Nanyun Township,နန်းယွန်း မြို့နယ်,Naung Yan Village Tract,နောင်ယမ်း ကျေးရွာအုပ်စု,village_tract,,,unmatched,exact_township_name,Source township resolved but CoreMap township id not matched in admin pass
0201260,Sagaing Region,စစ်ကိုင်းတိုင်းဒေသကြီး,Nanyun Township,နန်းယွန်း မြို့နယ်,Ta Kone (1) Village Tract,တကုံး (၁) ကျေးရွာအုပ်စု,village_tract,,,unmatched,exact_township_name,Source township resolved but CoreMap township id not matched in admin pass
0201261,Sagaing Region,စစ်ကိုင်းတိုင်းဒေသကြီး,Nanyun Township,နန်းယွန်း မြို့နယ်,Naung Ka Lu Village Tract,နောင်ကလူး ကျေးရွာအုပ်စု,village_tract,,,unmatched,exact_township_name,Source township resolved but CoreMap township id not matched in admin pass
0201262,Sagaing Region,စစ်ကိုင်းတိုင်းဒေသကြီး,Nanyun Township,နန်းယွန်း မြို့နယ်,Nan Lit Village Tract,နန်လစ် ကျေးရွာအုပ်စု,village_tract,,,unmatched,exact_township_name,Source township resolved but CoreMap township id not matched in admin pass
0201263,Sagaing Region,စစ်ကိုင်းတိုင်းဒေသကြီး,Nanyun Township,နန်းယွန်း မြို့နယ်,Hta Haw (1) Village Tract,ထဟော (၁) ကျေးရွာအုပ်စု,village_tract,,,unmatched,exact_township_name,Source township resolved but CoreMap township id not matched in admin pass
0201264,Sagaing Region,စစ်ကိုင်းတိုင်းဒေသကြီး,Nanyun Township,နန်းယွန်း မြို့နယ်,Hu Laung Village Tract,ဟူလောင် ကျေးရွာအုပ်စု,village_tract,,,unmatched,exact_township_name,Source township resolved but CoreMap township id not matched in admin pass
0201265,Sagaing Region,စစ်ကိုင်းတိုင်းဒေသကြီး,Nanyun Township,နန်းယွန်း မြို့နယ်,Lon Laung Village Tract,လုံလောင်း ကျေးရွာအုပ်စု,village_tract,,,unmatched,exact_township_name,Source township resolved but CoreMap township id not matched in admin pass
0201266,Sagaing Region,စစ်ကိုင်းတိုင်းဒေသကြီး,Nanyun Township,နန်းယွန်း မြို့နယ်,Wut Htan Village Tract,ဝပ်ထမ်း ကျေးရွာအုပ်စု,village_tract,,,unmatched,exact_township_name,Source township resolved but CoreMap township id not matched in admin pass
0260001,Sagaing Region,စစ်ကိုင်းတိုင်းဒေသကြီး,Pansaung Town,ပန်ဆောင် မြို့,Ah Htet Quarter,အထက် ရပ်ကွက်,ward,,,unmatched,exact_town_to_parent_township,Source township resolved but CoreMap township id not matched in admin pass
0260002,Sagaing Region,စစ်ကိုင်းတိုင်းဒေသကြီး,Pansaung Town,ပန်ဆောင် မြို့,Ah Lel Quarter,အလယ် ရပ်ကွက်,ward,,,unmatched,exact_town_to_parent_township,Source township resolved but CoreMap township id not matched in admin pass
0260003,Sagaing Region,စစ်ကိုင်းတိုင်းဒေသကြီး,Pansaung Town,ပန်ဆောင် မြို့,Auk Quarter,အောက် ရပ်ကွက်,ward,,,unmatched,exact_town_to_parent_township,Source township resolved but CoreMap township id not matched in admin pass
0261001,Sagaing Region,စစ်ကိုင်းတိုင်းဒေသကြီး,Don Hee Town Town,ဒုံဟီး မြို့,Myo Ma Quarter,မြို့မ ရပ်ကွက်,ward,,,unmatched,exact_town_to_parent_township,Source township resolved but CoreMap township id not matched in admin pass
0261002,Sagaing Region,စစ်ကိုင်းတိုင်းဒေသကြီး,Don Hee Town Town,ဒုံဟီး မြို့,Me Tae Quarter,မီတဲ ရပ်ကွက်,ward,,,unmatched,exact_town_to_parent_township,Source township resolved but CoreMap township id not matched in admin pass
0261003,Sagaing Region,စစ်ကိုင်းတိုင်းဒေသကြီး,Don Hee Town Town,ဒုံဟီး မြို့,Htam Yone Quarter,ထမ်ယုန်း ရပ်ကွက်,ward,,,unmatched,exact_town_to_parent_township,Source township resolved but CoreMap township id not matched in admin pass
0263001,Sagaing Region,စစ်ကိုင်းတိုင်းဒေသကြီး,Mo Paing Lut Town,မိုပိုင်းလွတ် မြို့,No (1) Quarter,အမှတ် (၁) ရပ်ကွက်,ward,,,unmatched,unmatched,Could not uniquely resolve township; do not create admin polygon from postal name
0263002,Sagaing Region,စစ်ကိုင်းတိုင်းဒေသကြီး,Mo Paing Lut Town,မိုပိုင်းလွတ် မြို့,No (2) Quarter,အမှတ် (၂) ရပ်ကွက်,ward,,,unmatched,unmatched,Could not uniquely resolve township; do not create admin polygon from postal name
0402001,Magway Region,မကွေးတိုင်းဒေသကြီး,Minbu Township,မင်းဘူး မြို့နယ်,No (1) Quarter,အမှတ် (၁) ရပ်ကွက်,ward,,,unmatched,exact_township_name,Source township resolved but CoreMap township id not matched in admin pass
0402002,Magway Region,မကွေးတိုင်းဒေသကြီး,Minbu Township,မင်းဘူး မြို့နယ်,No (2) Quarter,အမှတ် (၂) ရပ်ကွက်,ward,,,unmatched,exact_township_name,Source township resolved but CoreMap township id not matched in admin pass
0402003,Magway Region,မကွေးတိုင်းဒေသကြီး,Minbu Township,မင်းဘူး မြို့နယ်,No (3) Quarter,အမှတ် (၃) ရပ်ကွက်,ward,,,unmatched,exact_township_name,Source township resolved but CoreMap township id not matched in admin pass
0402004,Magway Region,မကွေးတိုင်းဒေသကြီး,Minbu Township,မင်းဘူး မြို့နယ်,No (4) Quarter,အမှတ် (၄) ရပ်ကွက်,ward,,,unmatched,exact_township_name,Source township resolved but CoreMap township id not matched in admin pass
0402200,Magway Region,မကွေးတိုင်းဒေသကြီး,Minbu Township,မင်းဘူး မြို့နယ်,Let Khoke Pin Village Tract,လက်ခုတ်ပင် ကျေးရွာအုပ်စု,village_tract,,,unmatched,exact_township_name,Source township resolved but CoreMap township id not matched in admin pass
0402201,Magway Region,မကွေးတိုင်းဒေသကြီး,Minbu Township,မင်းဘူး မြို့နယ်,Pin Lel Thet Village Tract,ပင်လယ်သက် ကျေးရွာအုပ်စု,village_tract,,,unmatched,exact_township_name,Source township resolved but CoreMap township id not matched in admin pass
0402202,Magway Region,မကွေးတိုင်းဒေသကြီး,Minbu Township,မင်းဘူး မြို့နယ်,Kan Thar Village Tract,ကံသာ ကျေးရွာအုပ်စု,village_tract,,,unmatched,exact_township_name,Source township resolved but CoreMap township id not matched in admin pass
0402203,Magway Region,မကွေးတိုင်းဒေသကြီး,Minbu Township,မင်းဘူး မြို့နယ်,U Yin Zin Village Tract,ဥယျာဉ်ဇင် ကျေးရွာအုပ်စု,village_tract,,,unmatched,exact_township_name,Source township resolved but CoreMap township id not matched in admin pass
0402204,Magway Region,မကွေးတိုင်းဒေသကြီး,Minbu Township,မင်းဘူး မြို့နယ်,Yae Poke Village Tract,ရေပုတ် ကျေးရွာအုပ်စု,village_tract,,,unmatched,exact_township_name,Source township resolved but CoreMap township id not matched in admin pass
0402205,Magway Region,မကွေးတိုင်းဒေသကြီး,Minbu Township,မင်းဘူး မြို့နယ်,Ku Lar Bar Village Tract,ကုလားပါး ကျေးရွာအုပ်စု,village_tract,,,unmatched,exact_township_name,Source township resolved but CoreMap township id not matched in admin pass
0402206,Magway Region,မကွေးတိုင်းဒေသကြီး,Minbu Township,မင်းဘူး မြို့နယ်,Kan Thit Village Tract,ကံသစ် ကျေးရွာအုပ်စု,village_tract,,,unmatched,exact_township_name,Source township resolved but CoreMap township id not matched in admin pass
0402207,Magway Region,မကွေးတိုင်းဒေသကြီး,Minbu Township,မင်းဘူး မြို့နယ်,Kan Ku Lar Village Tract,ကံကုလား ကျေးရွာအုပ်စု,village_tract,,,unmatched,exact_township_name,Source township resolved but CoreMap township id not matched in admin pass
0402208,Magway Region,မကွေးတိုင်းဒေသကြီး,Minbu Township,မင်းဘူး မြို့နယ်,Ka Dee Village Tract,ကဒီး ကျေးရွာအုပ်စု,village_tract,,,unmatched,exact_township_name,Source township resolved but CoreMap township id not matched in admin pass
0402209,Magway Region,မကွေးတိုင်းဒေသကြီး,Minbu Township,မင်းဘူး မြို့နယ်,Pauk Ngu Village Tract,ပေါက်ငူ ကျေးရွာအုပ်စု,village_tract,,,unmatched,exact_township_name,Source township resolved but CoreMap township id not matched in admin pass
0402210,Magway Region,မကွေးတိုင်းဒေသကြီး,Minbu Township,မင်းဘူး မြို့နယ်,Tha Nat Pin Su Village Tract,သနပ်ပင်စု ကျေးရွာအုပ်စု,village_tract,,,unmatched,exact_township_name,Source township resolved but CoreMap township id not matched in admin pass
0402211,Magway Region,မကွေးတိုင်းဒေသကြီး,Minbu Township,မင်းဘူး မြို့နယ်,Man Kyoe Village Tract,မန်းကြိုး ကျေးရွာအုပ်စု,village_tract,,,unmatched,exact_township_name,Source township resolved but CoreMap township id not matched in admin pass
0402212,Magway Region,မကွေးတိုင်းဒေသကြီး,Minbu Township,မင်းဘူး မြို့နယ်,Kyauk San Village Tract,ကျောက်စံ ကျေးရွာအုပ်စု,village_tract,,,unmatched,exact_township_name,Source township resolved but CoreMap township id not matched in admin pass
0402213,Magway Region,မကွေးတိုင်းဒေသကြီး,Minbu Township,မင်းဘူး မြို့နယ်,Hta Naung Taw Village Tract,ထနောင်းတော ကျေးရွာအုပ်စု,village_tract,,,unmatched,exact_township_name,Source township resolved but CoreMap township id not matched in admin pass
0402214,Magway Region,မကွေးတိုင်းဒေသကြီး,Minbu Township,မင်းဘူး မြို့နယ်,Kyauk Sit Pon Village Tract,ကျောက်စစ်ပုံ ကျေးရွာအုပ်စု,village_tract,,,unmatched,exact_township_name,Source township resolved but CoreMap township id not matched in admin pass
0402215,Magway Region,မကွေးတိုင်းဒေသကြီး,Minbu Township,မင်းဘူး မြို့နယ်,Kyauk Tan Village Tract,ကျောက်တန်း ကျေးရွာအုပ်စု,village_tract,,,unmatched,exact_township_name,Source township resolved but CoreMap township id not matched in admin pass
0402216,Magway Region,မကွေးတိုင်းဒေသကြီး,Minbu Township,မင်းဘူး မြို့နယ်,Kan Yae Village Tract,ကံရေ ကျေးရွာအုပ်စု,village_tract,,,unmatched,exact_township_name,Source township resolved but CoreMap township id not matched in admin pass
0402217,Magway Region,မကွေးတိုင်းဒေသကြီး,Minbu Township,မင်းဘူး မြို့နယ်,Ywar Thar Village Tract,ရွာသာ ကျေးရွာအုပ်စု,village_tract,,,unmatched,exact_township_name,Source township resolved but CoreMap township id not matched in admin pass
0402218,Magway Region,မကွေးတိုင်းဒေသကြီး,Minbu Township,မင်းဘူး မြို့နယ်,Kyar Kan Village Tract,ကြာကံ ကျေးရွာအုပ်စု,village_tract,,,unmatched,exact_township_name,Source township resolved but CoreMap township id not matched in admin pass
0402219,Magway Region,မကွေးတိုင်းဒေသကြီး,Minbu Township,မင်းဘူး မြို့နယ်,Mei Bayt Kone Village Tract,မယ်ဘေ့ကုန်း ကျေးရွာအုပ်စု,village_tract,,,unmatched,exact_township_name,Source township resolved but CoreMap township id not matched in admin pass
0402220,Magway Region,မကွေးတိုင်းဒေသကြီး,Minbu Township,မင်းဘူး မြို့နယ်,Ah Lan Pei Village Tract,အလံပါယ် ကျေးရွာအုပ်စု,village_tract,,,unmatched,exact_township_name,Source township resolved but CoreMap township id not matched in admin pass
0402221,Magway Region,မကွေးတိုင်းဒေသကြီး,Minbu Township,မင်းဘူး မြို့နယ်,Let Pan Taw Village Tract,လက်ပံတော ကျေးရွာအုပ်စု,village_tract,,,unmatched,exact_township_name,Source township resolved but CoreMap township id not matched in admin pass
0402222,Magway Region,မကွေးတိုင်းဒေသကြီး,Minbu Township,မင်းဘူး မြို့နယ်,Neik Ban Kyun Village Tract,နိဗ္ဗာန်ကျွန်း ကျေးရွာအုပ်စု,village_tract,,,unmatched,exact_township_name,Source township resolved but CoreMap township id not matched in admin pass
0402223,Magway Region,မကွေးတိုင်းဒေသကြီး,Minbu Township,မင်းဘူး မြို့နယ်,Htauk Shar Pin Village Tract,ထောက်ရှာပင် ကျေးရွာအုပ်စု,village_tract,,,unmatched,exact_township_name,Source township resolved but CoreMap township id not matched in admin pass
0402224,Magway Region,မကွေးတိုင်းဒေသကြီး,Minbu Township,မင်းဘူး မြို့နယ်,Aing Ma Village Tract,အိုင်းမ ကျေးရွာအုပ်စု,village_tract,,,unmatched,exact_township_name,Source township resolved but CoreMap township id not matched in admin pass
0402225,Magway Region,မကွေးတိုင်းဒေသကြီး,Minbu Township,မင်းဘူး မြို့နယ်,Khun Thar Village Tract,ခွန်သာ ကျေးရွာအုပ်စု,village_tract,,,unmatched,exact_township_name,Source township resolved but CoreMap township id not matched in admin pass
0402226,Magway Region,မကွေးတိုင်းဒေသကြီး,Minbu Township,မင်းဘူး မြို့နယ်,Myaung U Village Tract,မြောင်းဦး ကျေးရွာအုပ်စု,village_tract,,,unmatched,exact_township_name,Source township resolved but CoreMap township id not matched in admin pass
0402227,Magway Region,မကွေးတိုင်းဒေသကြီး,Minbu Township,မင်းဘူး မြို့နယ်,Kaing Ma Gyi Village Tract,ကိုင်းမကြီး ကျေးရွာအုပ်စု,village_tract,,,unmatched,exact_township_name,Source township resolved but CoreMap township id not matched in admin pass
0402228,Magway Region,မကွေးတိုင်းဒေသကြီး,Minbu Township,မင်းဘူး မြို့နယ်,U Yin Village Tract,ဥယျာဉ် ကျေးရွာအုပ်စု,village_tract,,,unmatched,exact_township_name,Source township resolved but CoreMap township id not matched in admin pass
0402229,Magway Region,မကွေးတိုင်းဒေသကြီး,Minbu Township,မင်းဘူး မြို့နယ်,Hpa Yar Village Tract,ဘုရား ကျေးရွာအုပ်စု,village_tract,,,unmatched,exact_township_name,Source township resolved but CoreMap township id not matched in admin pass
0402230,Magway Region,မကွေးတိုင်းဒေသကြီး,Minbu Township,မင်းဘူး မြို့နယ်,Pu Daung Village Tract,ပုဒေါင်း ကျေးရွာအုပ်စု,village_tract,,,unmatched,exact_township_name,Source township resolved but CoreMap township id not matched in admin pass
0402231,Magway Region,မကွေးတိုင်းဒေသကြီး,Minbu Township,မင်းဘူး မြို့နယ်,Paung Village Tract,ပေါင်း ကျေးရွာအုပ်စု,village_tract,,,unmatched,exact_township_name,Source township resolved but CoreMap township id not matched in admin pass
0402232,Magway Region,မကွေးတိုင်းဒေသကြီး,Minbu Township,မင်းဘူး မြို့နယ်,Ka Thet Village Tract,ကသက် ကျေးရွာအုပ်စု,village_tract,,,unmatched,exact_township_name,Source township resolved but CoreMap township id not matched in admin pass
0402233,Magway Region,မကွေးတိုင်းဒေသကြီး,Minbu Township,မင်းဘူး မြို့နယ်,Kyee Kan Village Tract,ကြီးကန် ကျေးရွာအုပ်စု,village_tract,,,unmatched,exact_township_name,Source township resolved but CoreMap township id not matched in admin pass
0402234,Magway Region,မကွေးတိုင်းဒေသကြီး,Minbu Township,မင်းဘူး မြို့နယ်,Hpyu Kone Village Tract,ဖြူကုန်း ကျေးရွာအုပ်စု,village_tract,,,unmatched,exact_township_name,Source township resolved but CoreMap township id not matched in admin pass
0402235,Magway Region,မကွေးတိုင်းဒေသကြီး,Minbu Township,မင်းဘူး မြို့နယ်,Min Village Tract,မင်း ကျေးရွာအုပ်စု,village_tract,,,unmatched,exact_township_name,Source township resolved but CoreMap township id not matched in admin pass
0402236,Magway Region,မကွေးတိုင်းဒေသကြီး,Minbu Township,မင်းဘူး မြို့နယ်,Shwe Kyaung Village Tract,ရွှေကြောင်း ကျေးရွာအုပ်စု,village_tract,,,unmatched,exact_township_name,Source township resolved but CoreMap township id not matched in admin pass
0402237,Magway Region,မကွေးတိုင်းဒေသကြီး,Minbu Township,မင်းဘူး မြို့နယ်,In Pin Hla (Sa Kaw) Village Tract,အင်ပင်လှ (စကော) ကျေးရွာအုပ်စု,village_tract,,,unmatched,exact_township_name,Source township resolved but CoreMap township id not matched in admin pass
0402238,Magway Region,မကွေးတိုင်းဒေသကြီး,Minbu Township,မင်းဘူး မြို့နယ်,Pay Kone Village Tract,ပေကုန်း ကျေးရွာအုပ်စု,village_tract,,,unmatched,exact_township_name,Source township resolved but CoreMap township id not matched in admin pass
0402239,Magway Region,မကွေးတိုင်းဒေသကြီး,Minbu Township,မင်းဘူး မြို့နယ်,Kaing Taw Gyi Village Tract,ကိုင်းတောကြီး ကျေးရွာအုပ်စု,village_tract,,,unmatched,exact_township_name,Source township resolved but CoreMap township id not matched in admin pass
0402240,Magway Region,မကွေးတိုင်းဒေသကြီး,Minbu Township,မင်းဘူး မြို့နယ်,Pan Hlwar Village Tract,ပန်းလွှား ကျေးရွာအုပ်စု,village_tract,,,unmatched,exact_township_name,Source township resolved but CoreMap township id not matched in admin pass
0402241,Magway Region,မကွေးတိုင်းဒေသကြီး,Minbu Township,မင်းဘူး မြို့နယ်,Ka Beit Ma Gyi Chaung Village Tract,ကဘဲ့မကျီးချောင်း ကျေးရွာအုပ်စု,village_tract,,,unmatched,exact_township_name,Source township resolved but CoreMap township id not matched in admin pass
0402242,Magway Region,မကွေးတိုင်းဒေသကြီး,Minbu Township,မင်းဘူး မြို့နယ်,Khan Kone Village Tract,ခံကုန်း ကျေးရွာအုပ်စု,village_tract,,,unmatched,exact_township_name,Source township resolved but CoreMap township id not matched in admin pass
0402243,Magway Region,မကွေးတိုင်းဒေသကြီး,Minbu Township,မင်းဘူး မြို့နယ်,Hpa Lan Taw Village Tract,ဖလံတော ကျေးရွာအုပ်စု,village_tract,,,unmatched,exact_township_name,Source township resolved but CoreMap township id not matched in admin pass
0402244,Magway Region,မကွေးတိုင်းဒေသကြီး,Minbu Township,မင်းဘူး မြို့နယ်,Mon Htaung Village Tract,မုန်ထောင် ကျေးရွာအုပ်စု,village_tract,,,unmatched,exact_township_name,Source township resolved but CoreMap township id not matched in admin pass
0402245,Magway Region,မကွေးတိုင်းဒေသကြီး,Minbu Township,မင်းဘူး မြို့နယ်,Chaung Hpyu Village Tract,ချောင်းဖြူ ကျေးရွာအုပ်စု,village_tract,,,unmatched,exact_township_name,Source township resolved but CoreMap township id not matched in admin pass
0402246,Magway Region,မကွေးတိုင်းဒေသကြီး,Minbu Township,မင်းဘူး မြို့နယ်,Thee Kone Village Tract,သီးကုန်း ကျေးရွာအုပ်စု,village_tract,,,unmatched,exact_township_name,Source township resolved but CoreMap township id not matched in admin pass
0402247,Magway Region,မကွေးတိုင်းဒေသကြီး,Minbu Township,မင်းဘူး မြို့နယ်,Kyun Pyar Village Tract,ကျွန်းပြား ကျေးရွာအုပ်စု,village_tract,,,unmatched,exact_township_name,Source township resolved but CoreMap township id not matched in admin pass
0402248,Magway Region,မကွေးတိုင်းဒေသကြီး,Minbu Township,မင်းဘူး မြို့နယ်,Min Hla Kyun Village Tract,မင်းလှကျွန်း ကျေးရွာအုပ်စု,village_tract,,,unmatched,exact_township_name,Source township resolved but CoreMap township id not matched in admin pass
0402249,Magway Region,မကွေးတိုင်းဒေသကြီး,Minbu Township,မင်းဘူး မြို့နယ်,Yae Twin Kone Village Tract,ရေတွင်းကုန်း ကျေးရွာအုပ်စု,village_tract,,,unmatched,exact_township_name,Source township resolved but CoreMap township id not matched in admin pass
0402250,Magway Region,မကွေးတိုင်းဒေသကြီး,Minbu Township,မင်းဘူး မြို့နယ်,Pauk Pin Htwin Village Tract,ပေါက်ပင်ထွင်း ကျေးရွာအုပ်စု,village_tract,,,unmatched,exact_township_name,Source township resolved but CoreMap township id not matched in admin pass
0402251,Magway Region,မကွေးတိုင်းဒေသကြီး,Minbu Township,မင်းဘူး မြို့နယ်,Ma Gyi Thone Pin Village Tract,မကျီးသုံးပင် ကျေးရွာအုပ်စု,village_tract,,,unmatched,exact_township_name,Source township resolved but CoreMap township id not matched in admin pass
0402252,Magway Region,မကွေးတိုင်းဒေသကြီး,Minbu Township,မင်းဘူး မြို့နယ်,Yae Paw Gyi Village Tract,ရေပေါ်ကြီး ကျေးရွာအုပ်စု,village_tract,,,unmatched,exact_township_name,Source township resolved but CoreMap township id not matched in admin pass
0402253,Magway Region,မကွေးတိုင်းဒေသကြီး,Minbu Township,မင်းဘူး မြို့နယ်,Sin Gaung Village Tract,ဆင်ခေါင်း ကျေးရွာအုပ်စု,village_tract,,,unmatched,exact_township_name,Source township resolved but CoreMap township id not matched in admin pass
0402254,Magway Region,မကွေးတိုင်းဒေသကြီး,Minbu Township,မင်းဘူး မြို့နယ်,Maung Ma Kan Village Tract,မောင်းမကန် ကျေးရွာအုပ်စု,village_tract,,,unmatched,exact_township_name,Source township resolved but CoreMap township id not matched in admin pass
0402255,Magway Region,မကွေးတိုင်းဒေသကြီး,Minbu Township,မင်းဘူး မြို့နယ်,Zee Aing Village Tract,ဇီးအိုင်း ကျေးရွာအုပ်စု,village_tract,,,unmatched,exact_township_name,Source township resolved but CoreMap township id not matched in admin pass
0402256,Magway Region,မကွေးတိုင်းဒေသကြီး,Minbu Township,မင်းဘူး မြို့နယ်,Kone Thar Village Tract,ကုန်းသာ ကျေးရွာအုပ်စု,village_tract,,,unmatched,exact_township_name,Source township resolved but CoreMap township id not matched in admin pass
0402257,Magway Region,မကွေးတိုင်းဒေသကြီး,Minbu Township,မင်းဘူး မြို့နယ်,Taung Man San Pya Ywar Thit Village Tract,တောင်မန်းစံပြရွာသစ် ကျေးရွာအုပ်စု,village_tract,,,unmatched,exact_township_name,Source township resolved but CoreMap township id not matched in admin pass
0402258,Magway Region,မကွေးတိုင်းဒေသကြီး,Minbu Township,မင်းဘူး မြို့နယ်,Htein Taw Village Tract,ထိန်တော ကျေးရွာအုပ်စု,village_tract,,,unmatched,exact_township_name,Source township resolved but CoreMap township id not matched in admin pass
0402259,Magway Region,မကွေးတိုင်းဒေသကြီး,Minbu Township,မင်းဘူး မြို့နယ်,Paik Pin Village Tract,ပိုက်ပင် ကျေးရွာအုပ်စု,village_tract,,,unmatched,exact_township_name,Source township resolved but CoreMap township id not matched in admin pass
0402260,Magway Region,မကွေးတိုင်းဒေသကြီး,Minbu Township,မင်းဘူး မြို့နယ်,Yae Ngan Village Tract,ရေငံ ကျေးရွာအုပ်စု,village_tract,,,unmatched,exact_township_name,Source township resolved but CoreMap township id not matched in admin pass
0402261,Magway Region,မကွေးတိုင်းဒေသကြီး,Minbu Township,မင်းဘူး မြို့နယ်,Ywar Pale Kone Tan Village Tract,ရွာပုလဲကုန်းတန်း ကျေးရွာအုပ်စု,village_tract,,,unmatched,exact_township_name,Source township resolved but CoreMap township id not matched in admin pass
0402262,Magway Region,မကွေးတိုင်းဒေသကြီး,Minbu Township,မင်းဘူး မြို့နယ်,Kyee Pin Kan Village Tract,ကျီးပင်ကန် ကျေးရွာအုပ်စု,village_tract,,,unmatched,exact_township_name,Source township resolved but CoreMap township id not matched in admin pass
0402263,Magway Region,မကွေးတိုင်းဒေသကြီး,Minbu Township,မင်းဘူး မြို့နယ်,Hpa Lan Yon Village Tract,ဖလံရုံ ကျေးရွာအုပ်စု,village_tract,,,unmatched,exact_township_name,Source township resolved but CoreMap township id not matched in admin pass
0402264,Magway Region,မကွေးတိုင်းဒေသကြီး,Minbu Township,မင်းဘူး မြို့နယ်,Nan Taw Kone Village Tract,နန်းတော်ကုန်း ကျေးရွာအုပ်စု,village_tract,,,unmatched,exact_township_name,Source township resolved but CoreMap township id not matched in admin pass
0402265,Magway Region,မကွေးတိုင်းဒေသကြီး,Minbu Township,မင်းဘူး မြို့နယ်,Ywar Thar Yar Village Tract,ရွာသာယာ ကျေးရွာအုပ်စု,village_tract,,,unmatched,exact_township_name,Source township resolved but CoreMap township id not matched in admin pass
0402266,Magway Region,မကွေးတိုင်းဒေသကြီး,Minbu Township,မင်းဘူး မြို့နယ်,Thin Baw Kyun Village Tract,သင်္ဘောကျွန်း ကျေးရွာအုပ်စု,village_tract,,,unmatched,exact_township_name,Source township resolved but CoreMap township id not matched in admin pass
0405001,Magway Region,မကွေးတိုင်းဒေသကြီး,Sidoktaya Township,စေတုတ္ထရာ မြို့နယ်,No (1) Quarter,အမှတ် (၁) ရပ်ကွက်,ward,,,unmatched,exact_township_name,Source township resolved but CoreMap township id not matched in admin pass
0405002,Magway Region,မကွေးတိုင်းဒေသကြီး,Sidoktaya Township,စေတုတ္ထရာ မြို့နယ်,No (2) Quarter,အမှတ် (၂) ရပ်ကွက်,ward,,,unmatched,exact_township_name,Source township resolved but CoreMap township id not matched in admin pass
0405200,Magway Region,မကွေးတိုင်းဒေသကြီး,Sidoktaya Township,စေတုတ္ထရာ မြို့နယ်,Hpyin Gyi Village Tract,ဖျင်ကြီး ကျေးရွာအုပ်စု,village_tract,,,unmatched,exact_township_name,Source township resolved but CoreMap township id not matched in admin pass
0405201,Magway Region,မကွေးတိုင်းဒေသကြီး,Sidoktaya Township,စေတုတ္ထရာ မြို့နယ်,Sin Chaung Village Tract,စင်းချောင်း ကျေးရွာအုပ်စု,village_tract,,,unmatched,exact_township_name,Source township resolved but CoreMap township id not matched in admin pass
0405202,Magway Region,မကွေးတိုင်းဒေသကြီး,Sidoktaya Township,စေတုတ္ထရာ မြို့နယ်,Ah Paw Village Tract,အပေါ ကျေးရွာအုပ်စု,village_tract,,,unmatched,exact_township_name,Source township resolved but CoreMap township id not matched in admin pass
0405203,Magway Region,မကွေးတိုင်းဒေသကြီး,Sidoktaya Township,စေတုတ္ထရာ မြို့နယ်,Lone Gyi Village Tract,လုံးကြီး ကျေးရွာအုပ်စု,village_tract,,,unmatched,exact_township_name,Source township resolved but CoreMap township id not matched in admin pass
0405204,Magway Region,မကွေးတိုင်းဒေသကြီး,Sidoktaya Township,စေတုတ္ထရာ မြို့နယ်,Let Pan Kyin Village Tract,လက်ပန်ကျင်း ကျေးရွာအုပ်စု,village_tract,,,unmatched,exact_township_name,Source township resolved but CoreMap township id not matched in admin pass
0405205,Magway Region,မကွေးတိုင်းဒေသကြီး,Sidoktaya Township,စေတုတ္ထရာ မြို့နယ်,Ah Kyi Village Tract,အကြည် ကျေးရွာအုပ်စု,village_tract,,,unmatched,exact_township_name,Source township resolved but CoreMap township id not matched in admin pass
0405206,Magway Region,မကွေးတိုင်းဒေသကြီး,Sidoktaya Township,စေတုတ္ထရာ မြို့နယ်,Ta Pwin Village Tract,တပွင် ကျေးရွာအုပ်စု,village_tract,,,unmatched,exact_township_name,Source township resolved but CoreMap township id not matched in admin pass
0405207,Magway Region,မကွေးတိုင်းဒေသကြီး,Sidoktaya Township,စေတုတ္ထရာ မြို့နယ်,Dway Kyin Village Tract,ဒွေးကျင်း ကျေးရွာအုပ်စု,village_tract,,,unmatched,exact_township_name,Source township resolved but CoreMap township id not matched in admin pass
0405208,Magway Region,မကွေးတိုင်းဒေသကြီး,Sidoktaya Township,စေတုတ္ထရာ မြို့နယ်,Nat Gyi Village Tract,နတ်ကြီး ကျေးရွာအုပ်စု,village_tract,,,unmatched,exact_township_name,Source township resolved but CoreMap township id not matched in admin pass
0405209,Magway Region,မကွေးတိုင်းဒေသကြီး,Sidoktaya Township,စေတုတ္ထရာ မြို့နယ်,Pan Ei Hnyar Village Tract,ပန်းအိညှာ ကျေးရွာအုပ်စု,village_tract,,,unmatched,exact_township_name,Source township resolved but CoreMap township id not matched in admin pass
0405210,Magway Region,မကွေးတိုင်းဒေသကြီး,Sidoktaya Township,စေတုတ္ထရာ မြို့နယ်,Pan Ei Village Tract,ပန်းအိ ကျေးရွာအုပ်စု,village_tract,,,unmatched,exact_township_name,Source township resolved but CoreMap township id not matched in admin pass
0405211,Magway Region,မကွေးတိုင်းဒေသကြီး,Sidoktaya Township,စေတုတ္ထရာ မြို့နယ်,Bu Village Tract,ဘူး ကျေးရွာအုပ်စု,village_tract,,,unmatched,exact_township_name,Source township resolved but CoreMap township id not matched in admin pass
0405212,Magway Region,မကွေးတိုင်းဒေသကြီး,Sidoktaya Township,စေတုတ္ထရာ မြို့နယ်,Ma Gyi Village Tract,မကြီး ကျေးရွာအုပ်စု,village_tract,,,unmatched,exact_township_name,Source township resolved but CoreMap township id not matched in admin pass
0405213,Magway Region,မကွေးတိုင်းဒေသကြီး,Sidoktaya Township,စေတုတ္ထရာ မြို့နယ်,Chi Village Tract,ချီ ကျေးရွာအုပ်စု,village_tract,,,unmatched,exact_township_name,Source township resolved but CoreMap township id not matched in admin pass
0405214,Magway Region,မကွေးတိုင်းဒေသကြီး,Sidoktaya Township,စေတုတ္ထရာ မြို့နယ်,Aung Village Tract,အောင်း ကျေးရွာအုပ်စု,village_tract,,,unmatched,exact_township_name,Source township resolved but CoreMap township id not matched in admin pass
0405215,Magway Region,မကွေးတိုင်းဒေသကြီး,Sidoktaya Township,စေတုတ္ထရာ မြို့နယ်,Ah Lel Pon Village Tract,အလယ်ပုံ ကျေးရွာအုပ်စု,village_tract,,,unmatched,exact_township_name,Source township resolved but CoreMap township id not matched in admin pass
0405216,Magway Region,မကွေးတိုင်းဒေသကြီး,Sidoktaya Township,စေတုတ္ထရာ မြို့နယ်,Ma Htein Village Tract,မထိမ်း ကျေးရွာအုပ်စု,village_tract,,,unmatched,exact_township_name,Source township resolved but CoreMap township id not matched in admin pass
0405217,Magway Region,မကွေးတိုင်းဒေသကြီး,Sidoktaya Township,စေတုတ္ထရာ မြို့နယ်,Ka Zin Village Tract,ကဇင်း ကျေးရွာအုပ်စု,village_tract,,,unmatched,exact_township_name,Source township resolved but CoreMap township id not matched in admin pass
0405218,Magway Region,မကွေးတိုင်းဒေသကြီး,Sidoktaya Township,စေတုတ္ထရာ မြို့နယ်,Nan Kyu Village Tract,နန်ကြူ ကျေးရွာအုပ်စု,village_tract,,,unmatched,exact_township_name,Source township resolved but CoreMap township id not matched in admin pass
0405219,Magway Region,မကွေးတိုင်းဒေသကြီး,Sidoktaya Township,စေတုတ္ထရာ မြို့နယ်,Ohn War Village Tract,အုံးဝါး ကျေးရွာအုပ်စု,village_tract,,,unmatched,exact_township_name,Source township resolved but CoreMap township id not matched in admin pass
0405220,Magway Region,မကွေးတိုင်းဒေသကြီး,Sidoktaya Township,စေတုတ္ထရာ မြို့နယ်,Kan Taing Village Tract,ကန်တိုင် ကျေးရွာအုပ်စု,village_tract,,,unmatched,exact_township_name,Source township resolved but CoreMap township id not matched in admin pass
0405221,Magway Region,မကွေးတိုင်းဒေသကြီး,Sidoktaya Township,စေတုတ္ထရာ မြို့နယ်,Kyan Seint Village Tract,ကျန်စိန့် ကျေးရွာအုပ်စု,village_tract,,,unmatched,exact_township_name,Source township resolved but CoreMap township id not matched in admin pass
0405222,Magway Region,မကွေးတိုင်းဒေသကြီး,Sidoktaya Township,စေတုတ္ထရာ မြို့နယ်,Tei Soke Village Tract,တည်စုတ် ကျေးရွာအုပ်စု,village_tract,,,unmatched,exact_township_name,Source township resolved but CoreMap township id not matched in admin pass
0405223,Magway Region,မကွေးတိုင်းဒေသကြီး,Sidoktaya Township,စေတုတ္ထရာ မြို့နယ်,Yae Thaung Village Tract,ရေသောင် ကျေးရွာအုပ်စု,village_tract,,,unmatched,exact_township_name,Source township resolved but CoreMap township id not matched in admin pass
0405224,Magway Region,မကွေးတိုင်းဒေသကြီး,Sidoktaya Township,စေတုတ္ထရာ မြို့နယ်,Pu Paing Village Tract,ပုပိုင်း ကျေးရွာအုပ်စု,village_tract,,,unmatched,exact_township_name,Source township resolved but CoreMap township id not matched in admin pass
0405225,Magway Region,မကွေးတိုင်းဒေသကြီး,Sidoktaya Township,စေတုတ္ထရာ မြို့နယ်,Han Dauk Village Tract,ဟန်ဒေါက် ကျေးရွာအုပ်စု,village_tract,,,unmatched,exact_township_name,Source township resolved but CoreMap township id not matched in admin pass
0405226,Magway Region,မကွေးတိုင်းဒေသကြီး,Sidoktaya Township,စေတုတ္ထရာ မြို့နယ်,Khway Ma Laung Village Tract,ခွေးမလောင် ကျေးရွာအုပ်စု,village_tract,,,unmatched,exact_township_name,Source township resolved but CoreMap township id not matched in admin pass
0405227,Magway Region,မကွေးတိုင်းဒေသကြီး,Sidoktaya Township,စေတုတ္ထရာ မြို့နယ်,Nga Le Village Tract,ငလဲ ကျေးရွာအုပ်စု,village_tract,,,unmatched,exact_township_name,Source township resolved but CoreMap township id not matched in admin pass
0405228,Magway Region,မကွေးတိုင်းဒေသကြီး,Sidoktaya Township,စေတုတ္ထရာ မြို့နယ်,Kyaung Thaik Village Tract,ကြောင်သိုက် ကျေးရွာအုပ်စု,village_tract,,,unmatched,exact_township_name,Source township resolved but CoreMap township id not matched in admin pass
0405229,Magway Region,မကွေးတိုင်းဒေသကြီး,Sidoktaya Township,စေတုတ္ထရာ မြို့နယ်,Tha Yan Kaing Village Tract,သရန်ကိုင်း ကျေးရွာအုပ်စု,village_tract,,,unmatched,exact_township_name,Source township resolved but CoreMap township id not matched in admin pass
0405230,Magway Region,မကွေးတိုင်းဒေသကြီး,Sidoktaya Township,စေတုတ္ထရာ မြို့နယ်,Chin Pyit Kaing Village Tract,ချင်းပြစ်ကိုင်း ကျေးရွာအုပ်စု,village_tract,,,unmatched,exact_township_name,Source township resolved but CoreMap township id not matched in admin pass
0405231,Magway Region,မကွေးတိုင်းဒေသကြီး,Sidoktaya Township,စေတုတ္ထရာ မြို့နယ်,Myaung U Village Tract,မြောင်းဦး ကျေးရွာအုပ်စု,village_tract,,,unmatched,exact_township_name,Source township resolved but CoreMap township id not matched in admin pass
0405232,Magway Region,မကွေးတိုင်းဒေသကြီး,Sidoktaya Township,စေတုတ္ထရာ မြို့နယ်,Myay Ni Village Tract,မြေနီ ကျေးရွာအုပ်စု,village_tract,,,unmatched,exact_township_name,Source township resolved but CoreMap township id not matched in admin pass
0405233,Magway Region,မကွေးတိုင်းဒေသကြီး,Sidoktaya Township,စေတုတ္ထရာ မြို့နယ်,Than Se Village Tract,သံဆယ် ကျေးရွာအုပ်စု,village_tract,,,unmatched,exact_township_name,Source township resolved but CoreMap township id not matched in admin pass
0405234,Magway Region,မကွေးတိုင်းဒေသကြီး,Sidoktaya Township,စေတုတ္ထရာ မြို့နယ်,Thet Lel Village Tract,သက်လယ် ကျေးရွာအုပ်စု,village_tract,,,unmatched,exact_township_name,Source township resolved but CoreMap township id not matched in admin pass
0405235,Magway Region,မကွေးတိုင်းဒေသကြီး,Sidoktaya Township,စေတုတ္ထရာ မြို့နယ်,Mun Zaw Village Tract,မွန်ဇော် ကျေးရွာအုပ်စု,village_tract,,,unmatched,exact_township_name,Source township resolved but CoreMap township id not matched in admin pass
0405236,Magway Region,မကွေးတိုင်းဒေသကြီး,Sidoktaya Township,စေတုတ္ထရာ မြို့နယ်,Kyee Wa Village Tract,ကြီးဝ ကျေးရွာအုပ်စု,village_tract,,,unmatched,exact_township_name,Source township resolved but CoreMap township id not matched in admin pass
0405237,Magway Region,မကွေးတိုင်းဒေသကြီး,Sidoktaya Township,စေတုတ္ထရာ မြို့နယ်,Tei Zar Village Tract,တယ်ဇား ကျေးရွာအုပ်စု,village_tract,,,unmatched,exact_township_name,Source township resolved but CoreMap township id not matched in admin pass
0405238,Magway Region,မကွေးတိုင်းဒေသကြီး,Sidoktaya Township,စေတုတ္ထရာ မြို့နယ်,Mon Hnyin Village Tract,မုန်ညှင်း ကျေးရွာအုပ်စု,village_tract,,,unmatched,exact_township_name,Source township resolved but CoreMap township id not matched in admin pass
0405239,Magway Region,မကွေးတိုင်းဒေသကြီး,Sidoktaya Township,စေတုတ္ထရာ မြို့နယ်,Nyaung Kone Village Tract,ညောင်ကုန်း ကျေးရွာအုပ်စု,village_tract,,,unmatched,exact_township_name,Source township resolved but CoreMap township id not matched in admin pass
0405240,Magway Region,မကွေးတိုင်းဒေသကြီး,Sidoktaya Township,စေတုတ္ထရာ မြို့နယ်,Man Dat Kaing Village Tract,မဏ္ဍပ်ကိုင်း ကျေးရွာအုပ်စု,village_tract,,,unmatched,exact_township_name,Source township resolved but CoreMap township id not matched in admin pass
0405241,Magway Region,မကွေးတိုင်းဒေသကြီး,Sidoktaya Township,စေတုတ္ထရာ မြို့နယ်,Ku Taw Village Tract,ကူတော် ကျေးရွာအုပ်စု,village_tract,,,unmatched,exact_township_name,Source township resolved but CoreMap township id not matched in admin pass
0405242,Magway Region,မကွေးတိုင်းဒေသကြီး,Sidoktaya Township,စေတုတ္ထရာ မြို့နယ်,Kaung Gyi Village Tract,ကောင်းကြီး ကျေးရွာအုပ်စု,village_tract,,,unmatched,exact_township_name,Source township resolved but CoreMap township id not matched in admin pass
0405243,Magway Region,မကွေးတိုင်းဒေသကြီး,Sidoktaya Township,စေတုတ္ထရာ မြို့နယ်,Hpar Aing Village Tract,ဖါအိုင်း ကျေးရွာအုပ်စု,village_tract,,,unmatched,exact_township_name,Source township resolved but CoreMap township id not matched in admin pass
0405244,Magway Region,မကွေးတိုင်းဒေသကြီး,Sidoktaya Township,စေတုတ္ထရာ မြို့နယ်,Sit Ngan Village Tract,စစ်ငန်း ကျေးရွာအုပ်စု,village_tract,,,unmatched,exact_township_name,Source township resolved but CoreMap township id not matched in admin pass
0405245,Magway Region,မကွေးတိုင်းဒေသကြီး,Sidoktaya Township,စေတုတ္ထရာ မြို့နယ်,Don Chaung Village Tract,ဒုံချောင်း ကျေးရွာအုပ်စု,village_tract,,,unmatched,exact_township_name,Source township resolved but CoreMap township id not matched in admin pass
0407001,Magway Region,မကွေးတိုင်းဒေသကြီး,Minhla Township,မင်းလှ မြို့နယ်,Myauk Quarter,မြောက် ရပ်ကွက်,ward,,,unmatched,exact_township_name,Source township resolved but CoreMap township id not matched in admin pass
0407002,Magway Region,မကွေးတိုင်းဒေသကြီး,Minhla Township,မင်းလှ မြို့နယ်,Myo Ma Quarter,မြို့မ ရပ်ကွက်,ward,,,unmatched,exact_township_name,Source township resolved but CoreMap township id not matched in admin pass
0407003,Magway Region,မကွေးတိုင်းဒေသကြီး,Minhla Township,မင်းလှ မြို့နယ်,Taung Quarter,တောင် ရပ်ကွက်,ward,,,unmatched,exact_township_name,Source township resolved but CoreMap township id not matched in admin pass
0407004,Magway Region,မကွေးတိုင်းဒေသကြီး,Minhla Township,မင်းလှ မြို့နယ်,Kwet Thit Quarter,ကွက်သစ် ရပ်ကွက်,ward,,,unmatched,exact_township_name,Source township resolved but CoreMap township id not matched in admin pass
0407005,Magway Region,မကွေးတိုင်းဒေသကြီး,Minhla Township,မင်းလှ မြို့နယ်,Yone  (North) Quarter,ရုံး(မြောက်ပိုင်း) ရပ်ကွက်,ward,,,unmatched,exact_township_name,Source township resolved but CoreMap township id not matched in admin pass
0407006,Magway Region,မကွေးတိုင်းဒေသကြီး,Minhla Township,မင်းလှ မြို့နယ်,Yone(South) Quarter,ရုံး(တောင်ပိုင်း) ရပ်ကွက်,ward,,,unmatched,exact_township_name,Source township resolved but CoreMap township id not matched in admin pass
0407200,Magway Region,မကွေးတိုင်းဒေသကြီး,Minhla Township,မင်းလှ မြို့နယ်,Ywar Taw Village Tract,ရွာတော် ကျေးရွာအုပ်စု,village_tract,,,unmatched,exact_township_name,Source township resolved but CoreMap township id not matched in admin pass
0407201,Magway Region,မကွေးတိုင်းဒေသကြီး,Minhla Township,မင်းလှ မြို့နယ်,Nyaung Pin Thar Village Tract,ညောင်ပင်သာ ကျေးရွာအုပ်စု,village_tract,,,unmatched,exact_township_name,Source township resolved but CoreMap township id not matched in admin pass
0407202,Magway Region,မကွေးတိုင်းဒေသကြီး,Minhla Township,မင်းလှ မြို့နယ်,Kone Gyi Village Tract,ကုန်းကြီး ကျေးရွာအုပ်စု,village_tract,,,unmatched,exact_township_name,Source township resolved but CoreMap township id not matched in admin pass
0407203,Magway Region,မကွေးတိုင်းဒေသကြီး,Minhla Township,မင်းလှ မြို့နယ်,Ma Lun Village Tract,မလွန် ကျေးရွာအုပ်စု,village_tract,,,unmatched,exact_township_name,Source township resolved but CoreMap township id not matched in admin pass
0407204,Magway Region,မကွေးတိုင်းဒေသကြီး,Minhla Township,မင်းလှ မြို့နယ်,Le Pin Kyin Village Tract,လဲပင်ကျင်း ကျေးရွာအုပ်စု,village_tract,,,unmatched,exact_township_name,Source township resolved but CoreMap township id not matched in admin pass
0407205,Magway Region,မကွေးတိုင်းဒေသကြီး,Minhla Township,မင်းလှ မြို့နယ်,Tha Pyay Taw Village Tract,သပြေတော ကျေးရွာအုပ်စု,village_tract,,,unmatched,exact_township_name,Source township resolved but CoreMap township id not matched in admin pass
0407206,Magway Region,မကွေးတိုင်းဒေသကြီး,Minhla Township,မင်းလှ မြို့နယ်,Pay Taw (Kan Nar) Village Tract,ပေတော (ကန္နား) ကျေးရွာအုပ်စု,village_tract,,,unmatched,exact_township_name,Source township resolved but CoreMap township id not matched in admin pass
0407207,Magway Region,မကွေးတိုင်းဒေသကြီး,Minhla Township,မင်းလှ မြို့နယ်,Yae Khar Village Tract,ရေခါး ကျေးရွာအုပ်စု,village_tract,,,unmatched,exact_township_name,Source township resolved but CoreMap township id not matched in admin pass
0407208,Magway Region,မကွေးတိုင်းဒေသကြီး,Minhla Township,မင်းလှ မြို့နယ်,Htan Kaing Village Tract,ထန်းကိုင်း ကျေးရွာအုပ်စု,village_tract,,,unmatched,exact_township_name,Source township resolved but CoreMap township id not matched in admin pass
0407209,Magway Region,မကွေးတိုင်းဒေသကြီး,Minhla Township,မင်းလှ မြို့နယ်,Taung U Village Tract,တောင်ဦး ကျေးရွာအုပ်စု,village_tract,,,unmatched,exact_township_name,Source township resolved but CoreMap township id not matched in admin pass
0407210,Magway Region,မကွေးတိုင်းဒေသကြီး,Minhla Township,မင်းလှ မြို့နယ်,Pan Taw Pyin Village Tract,ပန်းတော်ပြင် ကျေးရွာအုပ်စု,village_tract,,,unmatched,exact_township_name,Source township resolved but CoreMap township id not matched in admin pass
0407211,Magway Region,မကွေးတိုင်းဒေသကြီး,Minhla Township,မင်းလှ မြို့နယ်,Sit Sa Noet Village Tract,စစ္စနို့ ကျေးရွာအုပ်စု,village_tract,,,unmatched,exact_township_name,Source township resolved but CoreMap township id not matched in admin pass
0407212,Magway Region,မကွေးတိုင်းဒေသကြီး,Minhla Township,မင်းလှ မြို့နယ်,Lel Hla Village Tract,လယ်လှ ကျေးရွာအုပ်စု,village_tract,,,unmatched,exact_township_name,Source township resolved but CoreMap township id not matched in admin pass
0407213,Magway Region,မကွေးတိုင်းဒေသကြီး,Minhla Township,မင်းလှ မြို့နယ်,Dee Doke Kan Village Tract,ဒီးဒုတ်ကန် ကျေးရွာအုပ်စု,village_tract,,,unmatched,exact_township_name,Source township resolved but CoreMap township id not matched in admin pass
0407214,Magway Region,မကွေးတိုင်းဒေသကြီး,Minhla Township,မင်းလှ မြို့နယ်,Yae Nan Ma Village Tract,ရေနံမ ကျေးရွာအုပ်စု,village_tract,,,unmatched,exact_township_name,Source township resolved but CoreMap township id not matched in admin pass
0407215,Magway Region,မကွေးတိုင်းဒေသကြီး,Minhla Township,မင်းလှ မြို့နယ်,Kha Laing Village Tract,ခလိုင်း ကျေးရွာအုပ်စု,village_tract,,,unmatched,exact_township_name,Source township resolved but CoreMap township id not matched in admin pass
0407216,Magway Region,မကွေးတိုင်းဒေသကြီး,Minhla Township,မင်းလှ မြို့နယ်,Daung Boke Village Tract,ဒေါင်းဘုတ် ကျေးရွာအုပ်စု,village_tract,,,unmatched,exact_township_name,Source township resolved but CoreMap township id not matched in admin pass
0407217,Magway Region,မကွေးတိုင်းဒေသကြီး,Minhla Township,မင်းလှ မြို့နယ်,Sin Ma Taung Village Tract,ဆင်မတောင် ကျေးရွာအုပ်စု,village_tract,,,unmatched,exact_township_name,Source township resolved but CoreMap township id not matched in admin pass
0407218,Magway Region,မကွေးတိုင်းဒေသကြီး,Minhla Township,မင်းလှ မြို့နယ်,Ka Nyin Gyi Village Tract,ကညင်းကြီး ကျေးရွာအုပ်စု,village_tract,,,unmatched,exact_township_name,Source township resolved but CoreMap township id not matched in admin pass
0407219,Magway Region,မကွေးတိုင်းဒေသကြီး,Minhla Township,မင်းလှ မြို့နယ်,Nyaung Waing Village Tract,ညောင်ဝိုင်း ကျေးရွာအုပ်စု,village_tract,,,unmatched,exact_township_name,Source township resolved but CoreMap township id not matched in admin pass
0407220,Magway Region,မကွေးတိုင်းဒေသကြီး,Minhla Township,မင်းလှ မြို့နယ်,Min Te Gyi Village Tract,မင်းတဲကြီး ကျေးရွာအုပ်စု,village_tract,,,unmatched,exact_township_name,Source township resolved but CoreMap township id not matched in admin pass
0407221,Magway Region,မကွေးတိုင်းဒေသကြီး,Minhla Township,မင်းလှ မြို့နယ်,See Village Tract,စီး ကျေးရွာအုပ်စု,village_tract,,,unmatched,exact_township_name,Source township resolved but CoreMap township id not matched in admin pass
0407222,Magway Region,မကွေးတိုင်းဒေသကြီး,Minhla Township,မင်းလှ မြို့နယ်,Ma Lun San Village Tract,မလွန်စမ်း ကျေးရွာအုပ်စု,village_tract,,,unmatched,exact_township_name,Source township resolved but CoreMap township id not matched in admin pass
0407223,Magway Region,မကွေးတိုင်းဒေသကြီး,Minhla Township,မင်းလှ မြို့နယ်,Bweit Village Tract,ဘွဲ့ ကျေးရွာအုပ်စု,village_tract,,,unmatched,exact_township_name,Source township resolved but CoreMap township id not matched in admin pass
0407224,Magway Region,မကွေးတိုင်းဒေသကြီး,Minhla Township,မင်းလှ မြို့နယ်,San Aing Village Tract,စမ်းအိုင် ကျေးရွာအုပ်စု,village_tract,,,unmatched,exact_township_name,Source township resolved but CoreMap township id not matched in admin pass
0407225,Magway Region,မကွေးတိုင်းဒေသကြီး,Minhla Township,မင်းလှ မြို့နယ်,Lin Kei Village Tract,လင်းကယ် ကျေးရွာအုပ်စု,village_tract,,,unmatched,exact_township_name,Source township resolved but CoreMap township id not matched in admin pass
0407226,Magway Region,မကွေးတိုင်းဒေသကြီး,Minhla Township,မင်းလှ မြို့နယ်,Kyauk Pa Daung Village Tract,ကျောက်ပန်းတောင်း ကျေးရွာအုပ်စု,village_tract,,,unmatched,exact_township_name,Source township resolved but CoreMap township id not matched in admin pass
0407227,Magway Region,မကွေးတိုင်းဒေသကြီး,Minhla Township,မင်းလှ မြို့နယ်,San Village Tract,စမ်း ကျေးရွာအုပ်စု,village_tract,,,unmatched,exact_township_name,Source township resolved but CoreMap township id not matched in admin pass
0407228,Magway Region,မကွေးတိုင်းဒေသကြီး,Minhla Township,မင်းလှ မြို့နယ်,Let Khoke Pin Village Tract,လက်ခုပ်ပင် ကျေးရွာအုပ်စု,village_tract,,,unmatched,exact_township_name,Source township resolved but CoreMap township id not matched in admin pass
0407229,Magway Region,မကွေးတိုင်းဒေသကြီး,Minhla Township,မင်းလှ မြို့နယ်,Pin Ga Village Tract,ပင်္ဂ ကျေးရွာအုပ်စု,village_tract,,,unmatched,exact_township_name,Source township resolved but CoreMap township id not matched in admin pass
0407230,Magway Region,မကွေးတိုင်းဒေသကြီး,Minhla Township,မင်းလှ မြို့နယ်,Kyauk Let Khat Village Tract,ကျောက်လက္ခတ် ကျေးရွာအုပ်စု,village_tract,,,unmatched,exact_township_name,Source township resolved but CoreMap township id not matched in admin pass
0407231,Magway Region,မကွေးတိုင်းဒေသကြီး,Minhla Township,မင်းလှ မြို့နယ်,Pay Yin Village Tract,ပေရင်း ကျေးရွာအုပ်စု,village_tract,,,unmatched,exact_township_name,Source township resolved but CoreMap township id not matched in admin pass
0407232,Magway Region,မကွေးတိုင်းဒေသကြီး,Minhla Township,မင်းလှ မြို့နယ်,Yae Twin Myaung Village Tract,ရေတွင်းမြောင် ကျေးရွာအုပ်စု,village_tract,,,unmatched,exact_township_name,Source township resolved but CoreMap township id not matched in admin pass
0407233,Magway Region,မကွေးတိုင်းဒေသကြီး,Minhla Township,မင်းလှ မြို့နယ်,Wet Choke Village Tract,ဝက်ချုပ် ကျေးရွာအုပ်စု,village_tract,,,unmatched,exact_township_name,Source township resolved but CoreMap township id not matched in admin pass
0407234,Magway Region,မကွေးတိုင်းဒေသကြီး,Minhla Township,မင်းလှ မြို့နယ်,Yae Twin Gyi Village Tract,ရေတွင်းကြီး ကျေးရွာအုပ်စု,village_tract,,,unmatched,exact_township_name,Source township resolved but CoreMap township id not matched in admin pass
0407235,Magway Region,မကွေးတိုင်းဒေသကြီး,Minhla Township,မင်းလှ မြို့နယ်,Ta Loke Yin Village Tract,တလုတ်ရင်း ကျေးရွာအုပ်စု,village_tract,,,unmatched,exact_township_name,Source township resolved but CoreMap township id not matched in admin pass
0407236,Magway Region,မကွေးတိုင်းဒေသကြီး,Minhla Township,မင်းလှ မြို့နယ်,Kyauk Pon Village Tract,ကျောက်ပုံ ကျေးရွာအုပ်စု,village_tract,,,unmatched,exact_township_name,Source township resolved but CoreMap township id not matched in admin pass
0407237,Magway Region,မကွေးတိုင်းဒေသကြီး,Minhla Township,မင်းလှ မြို့နယ်,Oe Bo Kone Village Tract,အိုးဘိုကုန်း ကျေးရွာအုပ်စု,village_tract,,,unmatched,exact_township_name,Source township resolved but CoreMap township id not matched in admin pass
0407238,Magway Region,မကွေးတိုင်းဒေသကြီး,Minhla Township,မင်းလှ မြို့နယ်,Nwar Le Village Tract,နွားလဲ ကျေးရွာအုပ်စု,village_tract,,,unmatched,exact_township_name,Source township resolved but CoreMap township id not matched in admin pass
0407239,Magway Region,မကွေးတိုင်းဒေသကြီး,Minhla Township,မင်းလှ မြို့နယ်,Na Gar Aing Village Tract,နဂါးအိုင် ကျေးရွာအုပ်စု,village_tract,,,unmatched,exact_township_name,Source township resolved but CoreMap township id not matched in admin pass
0407240,Magway Region,မကွေးတိုင်းဒေသကြီး,Minhla Township,မင်းလှ မြို့နယ်,Kan Toke Village Tract,ကန်တုတ် ကျေးရွာအုပ်စု,village_tract,,,unmatched,exact_township_name,Source township resolved but CoreMap township id not matched in admin pass
0407241,Magway Region,မကွေးတိုင်းဒေသကြီး,Minhla Township,မင်းလှ မြို့နယ်,Myay Char Village Tract,မြေခြား ကျေးရွာအုပ်စု,village_tract,,,unmatched,exact_township_name,Source township resolved but CoreMap township id not matched in admin pass
0407242,Magway Region,မကွေးတိုင်းဒေသကြီး,Minhla Township,မင်းလှ မြို့နယ်,Sin Ma Kya Village Tract,ဆင်မကျ ကျေးရွာအုပ်စု,village_tract,,,unmatched,exact_township_name,Source township resolved but CoreMap township id not matched in admin pass
0407243,Magway Region,မကွေးတိုင်းဒေသကြီး,Minhla Township,မင်းလှ မြို့နယ်,Sat Pyar Village Tract,ဆပ်ပြာ ကျေးရွာအုပ်စု,village_tract,,,unmatched,exact_township_name,Source township resolved but CoreMap township id not matched in admin pass
0407244,Magway Region,မကွေးတိုင်းဒေသကြီး,Minhla Township,မင်းလှ မြို့နယ်,Shan Tat Kone Village Tract,ရှမ်းတပ်ကုန်း ကျေးရွာအုပ်စု,village_tract,,,unmatched,exact_township_name,Source township resolved but CoreMap township id not matched in admin pass
0407245,Magway Region,မကွေးတိုင်းဒေသကြီး,Minhla Township,မင်းလှ မြို့နယ်,Yae Kyaw Village Tract,ရေကျော် ကျေးရွာအုပ်စု,village_tract,,,unmatched,exact_township_name,Source township resolved but CoreMap township id not matched in admin pass
0407246,Magway Region,မကွေးတိုင်းဒေသကြီး,Minhla Township,မင်းလှ မြို့နယ်,Pay Taw Kone Village Tract,ပေတောကုန်း ကျေးရွာအုပ်စု,village_tract,,,unmatched,exact_township_name,Source township resolved but CoreMap township id not matched in admin pass
0407247,Magway Region,မကွေးတိုင်းဒေသကြီး,Minhla Township,မင်းလှ မြို့နယ်,Bant Pyin Village Tract,ဘန့်ပြင် ကျေးရွာအုပ်စု,village_tract,,,unmatched,exact_township_name,Source township resolved but CoreMap township id not matched in admin pass
0407248,Magway Region,မကွေးတိုင်းဒေသကြီး,Minhla Township,မင်းလှ မြို့နယ်,San Lel Village Tract,စမ်းလယ် ကျေးရွာအုပ်စု,village_tract,,,unmatched,exact_township_name,Source township resolved but CoreMap township id not matched in admin pass
0407249,Magway Region,မကွေးတိုင်းဒေသကြီး,Minhla Township,မင်းလှ မြို့နယ်,Ka Du Pauk (Mee Laung Kone) Village Tract,ကဒူးပေါက် (မီးလောင်ကုန်း) ကျေးရွာအုပ်စု,village_tract,,,unmatched,exact_township_name,Source township resolved but CoreMap township id not matched in admin pass
0407250,Magway Region,မကွေးတိုင်းဒေသကြီး,Minhla Township,မင်းလှ မြို့နယ်,Shwe Chaung Village Tract,ရွှေချောင်း ကျေးရွာအုပ်စု,village_tract,,,unmatched,exact_township_name,Source township resolved but CoreMap township id not matched in admin pass
0407251,Magway Region,မကွေးတိုင်းဒေသကြီး,Minhla Township,မင်းလှ မြို့နယ်,Kaing Nge Village Tract,ကိုင်းငယ် ကျေးရွာအုပ်စု,village_tract,,,unmatched,exact_township_name,Source township resolved but CoreMap township id not matched in admin pass
0407252,Magway Region,မကွေးတိုင်းဒေသကြီး,Minhla Township,မင်းလှ မြို့နယ်,San Gyi Village Tract,စမ်းကြီး ကျေးရွာအုပ်စု,village_tract,,,unmatched,exact_township_name,Source township resolved but CoreMap township id not matched in admin pass
0407253,Magway Region,မကွေးတိုင်းဒေသကြီး,Minhla Township,မင်းလှ မြို့နယ်,Yae Ngan Village Tract,ရေငံ ကျေးရွာအုပ်စု,village_tract,,,unmatched,exact_township_name,Source township resolved but CoreMap township id not matched in admin pass
0407254,Magway Region,မကွေးတိုင်းဒေသကြီး,Minhla Township,မင်းလှ မြို့နယ်,Myo Thit Village Tract,မြို့သစ် ကျေးရွာအုပ်စု,village_tract,,,unmatched,exact_township_name,Source township resolved but CoreMap township id not matched in admin pass
0407255,Magway Region,မကွေးတိုင်းဒေသကြီး,Minhla Township,မင်းလှ မြို့နယ်,Let Pan Ta Gar Village Tract,လက်ပံတံခါး ကျေးရွာအုပ်စု,village_tract,,,unmatched,exact_township_name,Source township resolved but CoreMap township id not matched in admin pass
0407256,Magway Region,မကွေးတိုင်းဒေသကြီး,Minhla Township,မင်းလှ မြို့နယ်,Pa Ni Son Village Tract,ပနီဆုံ ကျေးရွာအုပ်စု,village_tract,,,unmatched,exact_township_name,Source township resolved but CoreMap township id not matched in admin pass
0407257,Magway Region,မကွေးတိုင်းဒေသကြီး,Minhla Township,မင်းလှ မြို့နယ်,Thway Kyauk Village Tract,သွေးကျောက် ကျေးရွာအုပ်စု,village_tract,,,unmatched,exact_township_name,Source township resolved but CoreMap township id not matched in admin pass
0407258,Magway Region,မကွေးတိုင်းဒေသကြီး,Minhla Township,မင်းလှ မြို့နယ်,Kan Ni Village Tract,ကန်နီ ကျေးရွာအုပ်စု,village_tract,,,unmatched,exact_township_name,Source township resolved but CoreMap township id not matched in admin pass
0407259,Magway Region,မကွေးတိုင်းဒေသကြီး,Minhla Township,မင်းလှ မြို့နယ်,Tha Khut Yin Village Tract,သခွတ်ရင်း ကျေးရွာအုပ်စု,village_tract,,,unmatched,exact_township_name,Source township resolved but CoreMap township id not matched in admin pass
0407260,Magway Region,မကွေးတိုင်းဒေသကြီး,Minhla Township,မင်းလှ မြို့နယ်,Auk Kaing Village Tract,အောက်ကိုင်း ကျေးရွာအုပ်စု,village_tract,,,unmatched,exact_township_name,Source township resolved but CoreMap township id not matched in admin pass
0407261,Magway Region,မကွေးတိုင်းဒေသကြီး,Minhla Township,မင်းလှ မြို့နယ်,Hlayt Sin Village Tract,လှေ့စဉ် ကျေးရွာအုပ်စု,village_tract,,,unmatched,exact_township_name,Source township resolved but CoreMap township id not matched in admin pass
0407262,Magway Region,မကွေးတိုင်းဒေသကြီး,Minhla Township,မင်းလှ မြို့နယ်,Ka Daung Kyin Village Tract,ကဒေါင်းကျင်း ကျေးရွာအုပ်စု,village_tract,,,unmatched,exact_township_name,Source township resolved but CoreMap township id not matched in admin pass
0460001,Magway Region,မကွေးတိုင်းဒေသကြီး,Saku Town,စကု မြို့,No (1) Quarter,အမှတ် (၁) ရပ်ကွက်,ward,,,unmatched,exact_town_to_parent_township,Source township resolved but CoreMap township id not matched in admin pass
0460002,Magway Region,မကွေးတိုင်းဒေသကြီး,Saku Town,စကု မြို့,No (2) Quarter,အမှတ် (၂) ရပ်ကွက်,ward,,,unmatched,exact_town_to_parent_township,Source township resolved but CoreMap township id not matched in admin pass
0460003,Magway Region,မကွေးတိုင်းဒေသကြီး,Saku Town,စကု မြို့,No (3) Quarter,အမှတ် (၃) ရပ်ကွက်,ward,,,unmatched,exact_town_to_parent_township,Source township resolved but CoreMap township id not matched in admin pass
0463001,Magway Region,မကွေးတိုင်းဒေသကြီး,Kamma (PKU) Town,ကမ္မ (ပခုက္ကူ) မြို့,No (1) Quarter,အမှတ် (၁) ရပ်ကွက်,ward,,,unmatched,unmatched,Could not uniquely resolve township; do not create admin polygon from postal name
0463002,Magway Region,မကွေးတိုင်းဒေသကြီး,Kamma (PKU) Town,ကမ္မ (ပခုက္ကူ) မြို့,No (2) Quarter,အမှတ် (၂) ရပ်ကွက်,ward,,,unmatched,unmatched,Could not uniquely resolve township; do not create admin polygon from postal name
0463003,Magway Region,မကွေးတိုင်းဒေသကြီး,Kamma (PKU) Town,ကမ္မ (ပခုက္ကူ) မြို့,No (3) Quarter,အမှတ် (၃) ရပ်ကွက်,ward,,,unmatched,unmatched,Could not uniquely resolve township; do not create admin polygon from postal name
0463004,Magway Region,မကွေးတိုင်းဒေသကြီး,Kamma (PKU) Town,ကမ္မ (ပခုက္ကူ) မြို့,No (4) Quarter,အမှတ် (၄) ရပ်ကွက်,ward,,,unmatched,unmatched,Could not uniquely resolve township; do not create admin polygon from postal name
0463005,Magway Region,မကွေးတိုင်းဒေသကြီး,Kamma (PKU) Town,ကမ္မ (ပခုက္ကူ) မြို့,No (5) Quarter,အမှတ် (၅) ရပ်ကွက်,ward,,,unmatched,unmatched,Could not uniquely resolve township; do not create admin polygon from postal name
0463006,Magway Region,မကွေးတိုင်းဒေသကြီး,Kamma (PKU) Town,ကမ္မ (ပခုက္ကူ) မြို့,No (6) Quarter,အမှတ် (၆) ရပ်ကွက်,ward,,,unmatched,unmatched,Could not uniquely resolve township; do not create admin polygon from postal name
0463007,Magway Region,မကွေးတိုင်းဒေသကြီး,Kamma (PKU) Town,ကမ္မ (ပခုက္ကူ) မြို့,No (7) Quarter,အမှတ် (၇) ရပ်ကွက်,ward,,,unmatched,unmatched,Could not uniquely resolve township; do not create admin polygon from postal name
0463008,Magway Region,မကွေးတိုင်းဒေသကြီး,Kamma (PKU) Town,ကမ္မ (ပခုက္ကူ) မြို့,No (8) Quarter,အမှတ် (၈) ရပ်ကွက်,ward,,,unmatched,unmatched,Could not uniquely resolve township; do not create admin polygon from postal name
0463009,Magway Region,မကွေးတိုင်းဒေသကြီး,Kamma (PKU) Town,ကမ္မ (ပခုက္ကူ) မြို့,No (9) Quarter,အမှတ် (၉) ရပ်ကွက်,ward,,,unmatched,unmatched,Could not uniquely resolve township; do not create admin polygon from postal name
0463010,Magway Region,မကွေးတိုင်းဒေသကြီး,Kamma (PKU) Town,ကမ္မ (ပခုက္ကူ) မြို့,No (10) Quarter,အမှတ် (၁၀) ရပ်ကွက်,ward,,,unmatched,unmatched,Could not uniquely resolve township; do not create admin polygon from postal name
0463011,Magway Region,မကွေးတိုင်းဒေသကြီး,Kamma (PKU) Town,ကမ္မ (ပခုက္ကူ) မြို့,No (11) Quarter,အမှတ် (၁၁) ရပ်ကွက်,ward,,,unmatched,unmatched,Could not uniquely resolve township; do not create admin polygon from postal name
0463012,Magway Region,မကွေးတိုင်းဒေသကြီး,Kamma (PKU) Town,ကမ္မ (ပခုက္ကူ) မြို့,No (12) Quarter,အမှတ် (၁၂) ရပ်ကွက်,ward,,,unmatched,unmatched,Could not uniquely resolve township; do not create admin polygon from postal name
0604001,Shan State (South),ရှမ်းပြည်နယ် (တောင်ပိုင်း),Ywangan Township,ရွာငံ မြို့နယ်,Myo Kone Quarter,မြို့ကုန်း ရပ်ကွက်,ward,,,unmatched,exact_township_name,Source township resolved but CoreMap township id not matched in admin pass
0604002,Shan State (South),ရှမ်းပြည်နယ် (တောင်ပိုင်း),Ywangan Township,ရွာငံ မြို့နယ်,Ywar Ma Quarter,ရွာမ ရပ်ကွက်,ward,,,unmatched,exact_township_name,Source township resolved but CoreMap township id not matched in admin pass
0604003,Shan State (South),ရှမ်းပြည်နယ် (တောင်ပိုင်း),Ywangan Township,ရွာငံ မြို့နယ်,Zay Tan Quarter,ဈေးတန်း ရပ်ကွက်,ward,,,unmatched,exact_township_name,Source township resolved but CoreMap township id not matched in admin pass
0604200,Shan State (South),ရှမ်းပြည်နယ် (တောင်ပိုင်း),Ywangan Township,ရွာငံ မြို့နယ်,Nwar Ban Gyi Village Tract,နွားဘန်းကြီး ကျေးရွာအုပ်စု,village_tract,,,unmatched,exact_township_name,Source township resolved but CoreMap township id not matched in admin pass
0604201,Shan State (South),ရှမ်းပြည်နယ် (တောင်ပိုင်း),Ywangan Township,ရွာငံ မြို့နယ်,Kyauk Myaung Village Tract,ကျောက်မြောင်း ကျေးရွာအုပ်စု,village_tract,,,unmatched,exact_township_name,Source township resolved but CoreMap township id not matched in admin pass
0604202,Shan State (South),ရှမ်းပြည်နယ် (တောင်ပိုင်း),Ywangan Township,ရွာငံ မြို့နယ်,Kyauk Ku Pyin Village Tract,ကျောက်ကူပြင် ကျေးရွာအုပ်စု,village_tract,,,unmatched,exact_township_name,Source township resolved but CoreMap township id not matched in admin pass
0604203,Shan State (South),ရှမ်းပြည်နယ် (တောင်ပိုင်း),Ywangan Township,ရွာငံ မြို့နယ်,Doke Toe Yae Village Tract,ဒုတ္တိုးရေ ကျေးရွာအုပ်စု,village_tract,,,unmatched,exact_township_name,Source township resolved but CoreMap township id not matched in admin pass
0604204,Shan State (South),ရှမ်းပြည်နယ် (တောင်ပိုင်း),Ywangan Township,ရွာငံ မြို့နယ်,Lin Way Village Tract,လင်းဝေး ကျေးရွာအုပ်စု,village_tract,,,unmatched,exact_township_name,Source township resolved but CoreMap township id not matched in admin pass
0604205,Shan State (South),ရှမ်းပြည်နယ် (တောင်ပိုင်း),Ywangan Township,ရွာငံ မြို့နယ်,Ta Pin Pyaw Village Tract,တပင်ပျော် ကျေးရွာအုပ်စု,village_tract,,,unmatched,exact_township_name,Source township resolved but CoreMap township id not matched in admin pass
0604206,Shan State (South),ရှမ်းပြည်နယ် (တောင်ပိုင်း),Ywangan Township,ရွာငံ မြို့နယ်,Myo Gyi Village Tract,မြို့ကြီး ကျေးရွာအုပ်စု,village_tract,,,unmatched,exact_township_name,Source township resolved but CoreMap township id not matched in admin pass
0604207,Shan State (South),ရှမ်းပြည်နယ် (တောင်ပိုင်း),Ywangan Township,ရွာငံ မြို့နယ်,Inn Kone Ngar Su Village Tract,အင်းကုန်းငါးဆူ ကျေးရွာအုပ်စု,village_tract,,,unmatched,exact_township_name,Source township resolved but CoreMap township id not matched in admin pass
0604208,Shan State (South),ရှမ်းပြည်နယ် (တောင်ပိုင်း),Ywangan Township,ရွာငံ မြို့နယ်,Kyun Gyi Village Tract,ကျွန်းကြီး ကျေးရွာအုပ်စု,village_tract,,,unmatched,exact_township_name,Source township resolved but CoreMap township id not matched in admin pass
0604209,Shan State (South),ရှမ်းပြည်နယ် (တောင်ပိုင်း),Ywangan Township,ရွာငံ မြို့နယ်,Se Village Tract,ဆည် ကျေးရွာအုပ်စု,village_tract,,,unmatched,exact_township_name,Source township resolved but CoreMap township id not matched in admin pass
0604210,Shan State (South),ရှမ်းပြည်နယ် (တောင်ပိုင်း),Ywangan Township,ရွာငံ မြို့နယ်,Htee Hlaing Village Tract,ထီးလှိုင် ကျေးရွာအုပ်စု,village_tract,,,unmatched,exact_township_name,Source township resolved but CoreMap township id not matched in admin pass
0604211,Shan State (South),ရှမ်းပြည်နယ် (တောင်ပိုင်း),Ywangan Township,ရွာငံ မြို့နယ်,Thein Kone Village Tract,သိမ်ကုန်း ကျေးရွာအုပ်စု,village_tract,,,unmatched,exact_township_name,Source township resolved but CoreMap township id not matched in admin pass
0604212,Shan State (South),ရှမ်းပြည်နယ် (တောင်ပိုင်း),Ywangan Township,ရွာငံ မြို့နယ်,Kyan Taw Village Tract,ကျန်တော ကျေးရွာအုပ်စု,village_tract,,,unmatched,exact_township_name,Source township resolved but CoreMap township id not matched in admin pass
0604213,Shan State (South),ရှမ်းပြည်နယ် (တောင်ပိုင်း),Ywangan Township,ရွာငံ မြို့နယ်,Kyauk Hnget Village Tract,ကျောက်ငှက် ကျေးရွာအုပ်စု,village_tract,,,unmatched,exact_township_name,Source township resolved but CoreMap township id not matched in admin pass
0604214,Shan State (South),ရှမ်းပြည်နယ် (တောင်ပိုင်း),Ywangan Township,ရွာငံ မြို့နယ်,Kyauk Pon Village Tract,ကျောက်ပုံ ကျေးရွာအုပ်စု,village_tract,,,unmatched,exact_township_name,Source township resolved but CoreMap township id not matched in admin pass
0604215,Shan State (South),ရှမ်းပြည်နယ် (တောင်ပိုင်း),Ywangan Township,ရွာငံ မြို့နယ်,Kyauk Pi Zat Village Tract,ကျောက်ပိဇပ် ကျေးရွာအုပ်စု,village_tract,,,unmatched,exact_township_name,Source township resolved but CoreMap township id not matched in admin pass
0604216,Shan State (South),ရှမ်းပြည်နယ် (တောင်ပိုင်း),Ywangan Township,ရွာငံ မြို့နယ်,Nyaung Aing Village Tract,ညောင်အိုင် ကျေးရွာအုပ်စု,village_tract,,,unmatched,exact_township_name,Source township resolved but CoreMap township id not matched in admin pass
0604217,Shan State (South),ရှမ်းပြည်နယ် (တောင်ပိုင်း),Ywangan Township,ရွာငံ မြို့နယ်,Lel Kaing Village Tract,လယ်ကိုင်း ကျေးရွာအုပ်စု,village_tract,,,unmatched,exact_township_name,Source township resolved but CoreMap township id not matched in admin pass
0604218,Shan State (South),ရှမ်းပြည်နယ် (တောင်ပိုင်း),Ywangan Township,ရွာငံ မြို့နယ်,Sat Chan Village Tract,ဆပ်ခြံ ကျေးရွာအုပ်စု,village_tract,,,unmatched,exact_township_name,Source township resolved but CoreMap township id not matched in admin pass
0604219,Shan State (South),ရှမ်းပြည်နယ် (တောင်ပိုင်း),Ywangan Township,ရွာငံ မြို့နယ်,Ya Ne Village Tract,ရနဲ ကျေးရွာအုပ်စု,village_tract,,,unmatched,exact_township_name,Source township resolved but CoreMap township id not matched in admin pass
0604220,Shan State (South),ရှမ်းပြည်နယ် (တောင်ပိုင်း),Ywangan Township,ရွာငံ မြို့နယ်,Nyaung Kyat Village Tract,ညောင်ကြပ် ကျေးရွာအုပ်စု,village_tract,,,unmatched,exact_township_name,Source township resolved but CoreMap township id not matched in admin pass
0604221,Shan State (South),ရှမ်းပြည်နယ် (တောင်ပိုင်း),Ywangan Township,ရွာငံ မြို့နယ်,Myaing Village Tract,မြိုင် ကျေးရွာအုပ်စု,village_tract,,,unmatched,exact_township_name,Source township resolved but CoreMap township id not matched in admin pass
0604222,Shan State (South),ရှမ်းပြည်နယ် (တောင်ပိုင်း),Ywangan Township,ရွာငံ မြို့နယ်,Ah Lel Chaung Village Tract,အလယ်ချောင် ကျေးရွာအုပ်စု,village_tract,,,unmatched,exact_township_name,Source township resolved but CoreMap township id not matched in admin pass
0604223,Shan State (South),ရှမ်းပြည်နယ် (တောင်ပိုင်း),Ywangan Township,ရွာငံ မြို့နယ်,Sin Ghaung Village Tract,ဆင်ခေါင်း ကျေးရွာအုပ်စု,village_tract,,,unmatched,exact_township_name,Source township resolved but CoreMap township id not matched in admin pass
0604224,Shan State (South),ရှမ်းပြည်နယ် (တောင်ပိုင်း),Ywangan Township,ရွာငံ မြို့နယ်,Myin Kya Doe Village Tract,မြင်းကျဒိုး ကျေးရွာအုပ်စု,village_tract,,,unmatched,exact_township_name,Source township resolved but CoreMap township id not matched in admin pass
0604225,Shan State (South),ရှမ်းပြည်နယ် (တောင်ပိုင်း),Ywangan Township,ရွာငံ မြို့နယ်,Myin Twin Village Tract,မြင်းတွင်း ကျေးရွာအုပ်စု,village_tract,,,unmatched,exact_township_name,Source township resolved but CoreMap township id not matched in admin pass
0604226,Shan State (South),ရှမ်းပြည်နယ် (တောင်ပိုင်း),Ywangan Township,ရွာငံ မြို့နယ်,Hpa Yar Gyi Kone Village Tract,ဘုရားကြီးကုန်း ကျေးရွာအုပ်စု,village_tract,,,unmatched,exact_township_name,Source township resolved but CoreMap township id not matched in admin pass
0604227,Shan State (South),ရှမ်းပြည်နယ် (တောင်ပိုင်း),Ywangan Township,ရွာငံ မြို့နယ်,Ya Gyi Village Tract,ယကြီး ကျေးရွာအုပ်စု,village_tract,,,unmatched,exact_township_name,Source township resolved but CoreMap township id not matched in admin pass
0604228,Shan State (South),ရှမ်းပြည်နယ် (တောင်ပိုင်း),Ywangan Township,ရွာငံ မြို့နယ်,Nan Hkon Village Tract,နန်းခုံ ကျေးရွာအုပ်စု,village_tract,,,unmatched,exact_township_name,Source township resolved but CoreMap township id not matched in admin pass
0605001,Shan State (South),ရှမ်းပြည်နယ် (တောင်ပိုင်း),Pinlaung Township,ပင်လောင်း မြို့နယ်,Bant Hpei Quarter,ဘန့်ဖယ် ရပ်ကွက်,ward,,,unmatched,exact_township_name,Source township resolved but CoreMap township id not matched in admin pass
0605002,Shan State (South),ရှမ်းပြည်နယ် (တောင်ပိုင်း),Pinlaung Township,ပင်လောင်း မြို့နယ်,Hpa Yar (North) Quarter,ဘုရားမြောက် ရပ်ကွက်,ward,,,unmatched,exact_township_name,Source township resolved but CoreMap township id not matched in admin pass
0605003,Shan State (South),ရှမ်းပြည်နယ် (တောင်ပိုင်း),Pinlaung Township,ပင်လောင်း မြို့နယ်,Ah Shey Quarter,အရှေ့ ရပ်ကွက်,ward,,,unmatched,exact_township_name,Source township resolved but CoreMap township id not matched in admin pass
0605004,Shan State (South),ရှမ်းပြည်နယ် (တောင်ပိုင်း),Pinlaung Township,ပင်လောင်း မြို့နယ်,Ah Nauk Quarter,အနောက် ရပ်ကွက်,ward,,,unmatched,exact_township_name,Source township resolved but CoreMap township id not matched in admin pass
0605005,Shan State (South),ရှမ်းပြည်နယ် (တောင်ပိုင်း),Pinlaung Township,ပင်လောင်း မြို့နယ်,Zay Tan Quarter,ဈေးတန်း ရပ်ကွက်,ward,,,unmatched,exact_township_name,Source township resolved but CoreMap township id not matched in admin pass
0605006,Shan State (South),ရှမ်းပြည်နယ် (တောင်ပိုင်း),Pinlaung Township,ပင်လောင်း မြို့နယ်,Yone Win Quarter,ရုံးဝင်း ရပ်ကွက်,ward,,,unmatched,exact_township_name,Source township resolved but CoreMap township id not matched in admin pass
0605007,Shan State (South),ရှမ်းပြည်နယ် (တောင်ပိုင်း),Pinlaung Township,ပင်လောင်း မြို့နယ်,Kan Thar U Quarter,ကန်သာဦး ရပ်ကွက်,ward,,,unmatched,exact_township_name,Source township resolved but CoreMap township id not matched in admin pass
0605008,Shan State (South),ရှမ်းပြည်နယ် (တောင်ပိုင်း),Pinlaung Township,ပင်လောင်း မြို့နယ်,Min Ga Lar Kwet Thit Quarter,မင်္ဂလာကွက်သစ် ရပ်ကွက်,ward,,,unmatched,exact_township_name,Source township resolved but CoreMap township id not matched in admin pass
0605009,Shan State (South),ရှမ်းပြည်နယ် (တောင်ပိုင်း),Pinlaung Township,ပင်လောင်း မြို့နယ်,Koe Khaung Quarter,ကိုးခေါင် ရပ်ကွက်,ward,,,unmatched,exact_township_name,Source township resolved but CoreMap township id not matched in admin pass
0605010,Shan State (South),ရှမ်းပြည်နယ် (တောင်ပိုင်း),Pinlaung Township,ပင်လောင်း မြို့နယ်,Yinn Hme Quarter,ရင်းမှီး ရပ်ကွက်,ward,,,unmatched,exact_township_name,Source township resolved but CoreMap township id not matched in admin pass
0605200,Shan State (South),ရှမ်းပြည်နယ် (တောင်ပိုင်း),Pinlaung Township,ပင်လောင်း မြို့နယ်,Pinlaung Gyi Village Tract,ပင်လောင်းကြီး ကျေးရွာအုပ်စု,village_tract,,,unmatched,exact_township_name,Source township resolved but CoreMap township id not matched in admin pass
0605201,Shan State (South),ရှမ်းပြည်နယ် (တောင်ပိုင်း),Pinlaung Township,ပင်လောင်း မြို့နယ်,Bant Bar Village Tract,ဘန့်ဘာ ကျေးရွာအုပ်စု,village_tract,,,unmatched,exact_township_name,Source township resolved but CoreMap township id not matched in admin pass
0605202,Shan State (South),ရှမ်းပြည်နယ် (တောင်ပိုင်း),Pinlaung Township,ပင်လောင်း မြို့နယ်,Min Bu Village Tract,မင်းဘူး ကျေးရွာအုပ်စု,village_tract,,,unmatched,exact_township_name,Source township resolved but CoreMap township id not matched in admin pass
0605203,Shan State (South),ရှမ်းပြည်နယ် (တောင်ပိုင်း),Pinlaung Township,ပင်လောင်း မြို့နယ်,Taung Hti Bwar Village Tract,တောင်ထီဗွါ ကျေးရွာအုပ်စု,village_tract,,,unmatched,exact_township_name,Source township resolved but CoreMap township id not matched in admin pass
0605204,Shan State (South),ရှမ်းပြည်နယ် (တောင်ပိုင်း),Pinlaung Township,ပင်လောင်း မြို့နယ်,Taung Hti Bwar Village Tract,ထီပေါင်း ကျေးရွာအုပ်စု,village_tract,,,unmatched,exact_township_name,Source township resolved but CoreMap township id not matched in admin pass
0605205,Shan State (South),ရှမ်းပြည်နယ် (တောင်ပိုင်း),Pinlaung Township,ပင်လောင်း မြို့နယ်,Tha Pyay Kone Village Tract,သပြေကုန်း ကျေးရွာအုပ်စု,village_tract,,,unmatched,exact_township_name,Source township resolved but CoreMap township id not matched in admin pass
0605206,Shan State (South),ရှမ်းပြည်နယ် (တောင်ပိုင်း),Pinlaung Township,ပင်လောင်း မြို့နယ်,Hsin Tawng Village Tract,စင်းတောင်း ကျေးရွာအုပ်စု,village_tract,,,unmatched,exact_township_name,Source township resolved but CoreMap township id not matched in admin pass
0605207,Shan State (South),ရှမ်းပြည်နယ် (တောင်ပိုင်း),Pinlaung Township,ပင်လောင်း မြို့နယ်,Long Pyin Village Tract,လုံးပျဉ် ကျေးရွာအုပ်စု,village_tract,,,unmatched,exact_township_name,Source township resolved but CoreMap township id not matched in admin pass
0605208,Shan State (South),ရှမ်းပြည်နယ် (တောင်ပိုင်း),Pinlaung Township,ပင်လောင်း မြို့နယ်,Htein Pin Village Tract,ထိန်ပင် ကျေးရွာအုပ်စု,village_tract,,,unmatched,exact_township_name,Source township resolved but CoreMap township id not matched in admin pass
0605209,Shan State (South),ရှမ်းပြည်နယ် (တောင်ပိုင်း),Pinlaung Township,ပင်လောင်း မြို့နယ်,Pin Mun Village Tract,ပင်မွန်း ကျေးရွာအုပ်စု,village_tract,,,unmatched,exact_township_name,Source township resolved but CoreMap township id not matched in admin pass
0605210,Shan State (South),ရှမ်းပြည်နယ် (တောင်ပိုင်း),Pinlaung Township,ပင်လောင်း မြို့နယ်,Leint Nyar Village Tract,လိန့်ညား ကျေးရွာအုပ်စု,village_tract,,,unmatched,exact_township_name,Source township resolved but CoreMap township id not matched in admin pass
0605211,Shan State (South),ရှမ်းပြည်နယ် (တောင်ပိုင်း),Pinlaung Township,ပင်လောင်း မြို့နယ်,Myauk Hti Bwar Village Tract,မြောက်ထိဗွာ ကျေးရွာအုပ်စု,village_tract,,,unmatched,exact_township_name,Source township resolved but CoreMap township id not matched in admin pass
0605212,Shan State (South),ရှမ်းပြည်နယ် (တောင်ပိုင်း),Pinlaung Township,ပင်လောင်း မြို့နယ်,Nang Toke Village Tract,နန်းတုတ် ကျေးရွာအုပ်စု,village_tract,,,unmatched,exact_township_name,Source township resolved but CoreMap township id not matched in admin pass
0605213,Shan State (South),ရှမ်းပြည်နယ် (တောင်ပိုင်း),Pinlaung Township,ပင်လောင်း မြို့နယ်,Ti Kyit Village Tract,တီကျစ် ကျေးရွာအုပ်စု,village_tract,,,unmatched,exact_township_name,Source township resolved but CoreMap township id not matched in admin pass
0605214,Shan State (South),ရှမ်းပြည်နယ် (တောင်ပိုင်း),Pinlaung Township,ပင်လောင်း မြို့နယ်,Nan Pu Lin Village Tract,နန်းပုလင်း ကျေးရွာအုပ်စု,village_tract,,,unmatched,exact_township_name,Source township resolved but CoreMap township id not matched in admin pass
0605215,Shan State (South),ရှမ်းပြည်နယ် (တောင်ပိုင်း),Pinlaung Township,ပင်လောင်း မြို့နယ်,Pawt In Village Tract,ပေါ့အင် ကျေးရွာအုပ်စု,village_tract,,,unmatched,exact_township_name,Source township resolved but CoreMap township id not matched in admin pass
0605216,Shan State (South),ရှမ်းပြည်နယ် (တောင်ပိုင်း),Pinlaung Township,ပင်လောင်း မြို့နယ်,Myin Twin Village Tract,မြင်းတွင်း ကျေးရွာအုပ်စု,village_tract,,,unmatched,exact_township_name,Source township resolved but CoreMap township id not matched in admin pass
0605217,Shan State (South),ရှမ်းပြည်နယ် (တောင်ပိုင်း),Pinlaung Township,ပင်လောင်း မြို့နယ်,Loi Maw Village Tract,လွယ်မော ကျေးရွာအုပ်စု,village_tract,,,unmatched,exact_township_name,Source township resolved but CoreMap township id not matched in admin pass
0605218,Shan State (South),ရှမ်းပြည်နယ် (တောင်ပိုင်း),Pinlaung Township,ပင်လောင်း မြို့နယ်,Nawng Pi Village Tract,နောင်ပီ ကျေးရွာအုပ်စု,village_tract,,,unmatched,exact_township_name,Source township resolved but CoreMap township id not matched in admin pass
0605219,Shan State (South),ရှမ်းပြည်နယ် (တောင်ပိုင်း),Pinlaung Township,ပင်လောင်း မြို့နယ်,Pawt Yar Village Tract,ပေါ့ယား ကျေးရွာအုပ်စု,village_tract,,,unmatched,exact_township_name,Source township resolved but CoreMap township id not matched in admin pass
0605220,Shan State (South),ရှမ်းပြည်နယ် (တောင်ပိုင်း),Pinlaung Township,ပင်လောင်း မြို့နယ်,Long Poe Village Tract,လုံးပိုး ကျေးရွာအုပ်စု,village_tract,,,unmatched,exact_township_name,Source township resolved but CoreMap township id not matched in admin pass
0605221,Shan State (South),ရှမ်းပြည်နယ် (တောင်ပိုင်း),Pinlaung Township,ပင်လောင်း မြို့နယ်,Bant Pyin Village Tract,ဘန့်ပြင် ကျေးရွာအုပ်စု,village_tract,,,unmatched,exact_township_name,Source township resolved but CoreMap township id not matched in admin pass
0605222,Shan State (South),ရှမ်းပြည်နယ် (တောင်ပိုင်း),Pinlaung Township,ပင်လောင်း မြို့နယ်,Hpa Yar Hpyu Village Tract,ဘုရားဖြူ ကျေးရွာအုပ်စု,village_tract,,,unmatched,exact_township_name,Source township resolved but CoreMap township id not matched in admin pass
0605223,Shan State (South),ရှမ်းပြည်နယ် (တောင်ပိုင်း),Pinlaung Township,ပင်လောင်း မြို့နယ်,Hmway Pyin Village Tract,မွှေးပြင် ကျေးရွာအုပ်စု,village_tract,,,unmatched,exact_township_name,Source township resolved but CoreMap township id not matched in admin pass
0605224,Shan State (South),ရှမ်းပြည်နယ် (တောင်ပိုင်း),Pinlaung Township,ပင်လောင်း မြို့နယ်,Pin Hkin Village Tract,ပင်ခင် ကျေးရွာအုပ်စု,village_tract,,,unmatched,exact_township_name,Source township resolved but CoreMap township id not matched in admin pass
0665001,Shan State (South),ရှမ်းပြည်နယ် (တောင်ပိုင်း),Naungtayar Town,နောင်တရား မြို့,No (1) Quarter,အမှတ် (၁) ရပ်ကွက်,ward,,,unmatched,exact_town_to_parent_township,Source township resolved but CoreMap township id not matched in admin pass
0665002,Shan State (South),ရှမ်းပြည်နယ် (တောင်ပိုင်း),Naungtayar Town,နောင်တရား မြို့,No (2) Quarter,အမှတ် (၂) ရပ်ကွက်,ward,,,unmatched,exact_town_to_parent_township,Source township resolved but CoreMap township id not matched in admin pass
0665003,Shan State (South),ရှမ်းပြည်နယ် (တောင်ပိုင်း),Naungtayar Town,နောင်တရား မြို့,No (3) Quarter,အမှတ် (၃) ရပ်ကွက်,ward,,,unmatched,exact_town_to_parent_township,Source township resolved but CoreMap township id not matched in admin pass
0666001,Shan State (South),ရှမ်းပြည်နယ် (တောင်ပိုင်း),Pawng Lawng Town,ပေါင်းလောင်း မြို့,No (1) Quarter,ရပ်ကွက် (၁) ရပ်ကွက်,ward,,,unmatched,exact_town_to_parent_township,Source township resolved but CoreMap township id not matched in admin pass
0666002,Shan State (South),ရှမ်းပြည်နယ် (တောင်ပိုင်း),Pawng Lawng Town,ပေါင်းလောင်း မြို့,No (2) Quarter,ရပ်ကွက် (၂) ရပ်ကွက်,ward,,,unmatched,exact_town_to_parent_township,Source township resolved but CoreMap township id not matched in admin pass
0666003,Shan State (South),ရှမ်းပြည်နယ် (တောင်ပိုင်း),Pawng Lawng Town,ပေါင်းလောင်း မြို့,No (3) Quarter,ရပ်ကွက် (၃) ရပ်ကွက်,ward,,,unmatched,exact_town_to_parent_township,Source township resolved but CoreMap township id not matched in admin pass
0666004,Shan State (South),ရှမ်းပြည်နယ် (တောင်ပိုင်း),Pawng Lawng Town,ပေါင်းလောင်း မြို့,No (4) Quarter,ရပ်ကွက် (၄) ရပ်ကွက်,ward,,,unmatched,exact_town_to_parent_township,Source township resolved but CoreMap township id not matched in admin pass
0666005,Shan State (South),ရှမ်းပြည်နယ် (တောင်ပိုင်း),Pawng Lawng Town,ပေါင်းလောင်း မြို့,No (5) Quarter,ရပ်ကွက် (၅) ရပ်ကွက်,ward,,,unmatched,exact_town_to_parent_township,Source township resolved but CoreMap township id not matched in admin pass
0666006,Shan State (South),ရှမ်းပြည်နယ် (တောင်ပိုင်း),Pawng Lawng Town,ပေါင်းလောင်း မြို့,No (6) Quarter,ရပ်ကွက် (၆) ရပ်ကွက်,ward,,,unmatched,exact_town_to_parent_township,Source township resolved but CoreMap township id not matched in admin pass
0904001,Kayah state,ကယားပြည်နယ်,Bawlake Township,ဘောလခဲ မြို့နယ်,Kayah Paing Quarter,ကယားပိုင်း ရပ်ကွက်,ward,,,unmatched,exact_township_name,Source township resolved but CoreMap township id not matched in admin pass
0904002,Kayah state,ကယားပြည်နယ်,Bawlake Township,ဘောလခဲ မြို့နယ်,Shan Paing Quarter,ရှမ်းပိုင်း ရပ်ကွက်,ward,,,unmatched,exact_township_name,Source township resolved but CoreMap township id not matched in admin pass
0904200,Kayah state,ကယားပြည်နယ်,Bawlake Township,ဘောလခဲ မြို့နယ်,Bu Khu Village Tract,ဘူးခူ ကျေးရွာအုပ်စု,village_tract,,,unmatched,exact_township_name,Source township resolved but CoreMap township id not matched in admin pass
0904201,Kayah state,ကယားပြည်နယ်,Bawlake Township,ဘောလခဲ မြို့နယ်,Nan Hpe Village Tract,နန်းဖဲ ကျေးရွာအုပ်စု,village_tract,,,unmatched,exact_township_name,Source township resolved but CoreMap township id not matched in admin pass
0904202,Kayah state,ကယားပြည်နယ်,Bawlake Township,ဘောလခဲ မြို့နယ်,Bawlake Village Tract,ဘောလခဲ ကျေးရွာအုပ်စု,village_tract,,,unmatched,exact_township_name,Source township resolved but CoreMap township id not matched in admin pass
0904203,Kayah state,ကယားပြည်နယ်,Bawlake Township,ဘောလခဲ မြို့နယ်,Saw Lon Village Tract,စောလုံ ကျေးရွာအုပ်စု,village_tract,,,unmatched,exact_township_name,Source township resolved but CoreMap township id not matched in admin pass
0904204,Kayah state,ကယားပြည်နယ်,Bawlake Township,ဘောလခဲ မြို့နယ်,Chi Kweit Village Tract,ချိကွဲ့ ကျေးရွာအုပ်စု,village_tract,,,unmatched,exact_township_name,Source township resolved but CoreMap township id not matched in admin pass
0904205,Kayah state,ကယားပြည်နယ်,Bawlake Township,ဘောလခဲ မြို့နယ်,Wan Lwe Village Tract,ဝမ်လွဲ့ ကျေးရွာအုပ်စု,village_tract,,,unmatched,exact_township_name,Source township resolved but CoreMap township id not matched in admin pass
0904206,Kayah state,ကယားပြည်နယ်,Bawlake Township,ဘောလခဲ မြို့နယ်,Nan Lin Village Tract,နန်းလင်း ကျေးရွာအုပ်စု,village_tract,,,unmatched,exact_township_name,Source township resolved but CoreMap township id not matched in admin pass
0904207,Kayah state,ကယားပြည်နယ်,Bawlake Township,ဘောလခဲ မြို့နယ်,Lwei Waing Village Tract,လွယ်ဝိုင်း ကျေးရွာအုပ်စု,village_tract,,,unmatched,exact_township_name,Source township resolved but CoreMap township id not matched in admin pass
0904208,Kayah state,ကယားပြည်နယ်,Bawlake Township,ဘောလခဲ မြို့နယ်,Hway Aw Village Tract,ဟွေအော ကျေးရွာအုပ်စု,village_tract,,,unmatched,exact_township_name,Source township resolved but CoreMap township id not matched in admin pass
0962001,Kayah state,ကယားပြည်နယ်,Ywarthit Town,ရွာသစ် မြို့,Myauk Paing Quarter,မြောက်ပိုင်း ရပ်ကွက်,ward,,,unmatched,exact_town_to_parent_township,Source township resolved but CoreMap township id not matched in admin pass
0962002,Kayah state,ကယားပြည်နယ်,Ywarthit Town,ရွာသစ် မြို့,Taung Paing Quarter,တောင်ပိုင်း ရပ်ကွက်,ward,,,unmatched,exact_town_to_parent_township,Source township resolved but CoreMap township id not matched in admin pass
1001001,Ayeyarwady Region,ဧရာဝတီတိုင်းဒေသကြီး,Pathein Township,ပုသိမ် မြို့နယ်,No (1) Quarter,အမှတ် (၁) ရပ်ကွက်,ward,,,unmatched,exact_township_name,Source township resolved but CoreMap township id not matched in admin pass
1001002,Ayeyarwady Region,ဧရာဝတီတိုင်းဒေသကြီး,Pathein Township,ပုသိမ် မြို့နယ်,No (2) Quarter,အမှတ် (၂) ရပ်ကွက်,ward,,,unmatched,exact_township_name,Source township resolved but CoreMap township id not matched in admin pass
1001003,Ayeyarwady Region,ဧရာဝတီတိုင်းဒေသကြီး,Pathein Township,ပုသိမ် မြို့နယ်,No (3) Quarter,အမှတ် (၃) ရပ်ကွက်,ward,,,unmatched,exact_township_name,Source township resolved but CoreMap township id not matched in admin pass
1001004,Ayeyarwady Region,ဧရာဝတီတိုင်းဒေသကြီး,Pathein Township,ပုသိမ် မြို့နယ်,No (4) Quarter,အမှတ် (၄) ရပ်ကွက်,ward,,,unmatched,exact_township_name,Source township resolved but CoreMap township id not matched in admin pass
1001005,Ayeyarwady Region,ဧရာဝတီတိုင်းဒေသကြီး,Pathein Township,ပုသိမ် မြို့နယ်,No (5) Quarter,အမှတ် (၅) ရပ်ကွက်,ward,,,unmatched,exact_township_name,Source township resolved but CoreMap township id not matched in admin pass
1001006,Ayeyarwady Region,ဧရာဝတီတိုင်းဒေသကြီး,Pathein Township,ပုသိမ် မြို့နယ်,No (6) Quarter,အမှတ် (၆) ရပ်ကွက်,ward,,,unmatched,exact_township_name,Source township resolved but CoreMap township id not matched in admin pass
1001007,Ayeyarwady Region,ဧရာဝတီတိုင်းဒေသကြီး,Pathein Township,ပုသိမ် မြို့နယ်,No (7) Quarter,အမှတ် (၇) ရပ်ကွက်,ward,,,unmatched,exact_township_name,Source township resolved but CoreMap township id not matched in admin pass
1001008,Ayeyarwady Region,ဧရာဝတီတိုင်းဒေသကြီး,Pathein Township,ပုသိမ် မြို့နယ်,No (8) Quarter,အမှတ် (၈) ရပ်ကွက်,ward,,,unmatched,exact_township_name,Source township resolved but CoreMap township id not matched in admin pass
1001009,Ayeyarwady Region,ဧရာဝတီတိုင်းဒေသကြီး,Pathein Township,ပုသိမ် မြို့နယ်,No (9) Quarter,အမှတ် (၉) ရပ်ကွက်,ward,,,unmatched,exact_township_name,Source township resolved but CoreMap township id not matched in admin pass
1001010,Ayeyarwady Region,ဧရာဝတီတိုင်းဒေသကြီး,Pathein Township,ပုသိမ် မြို့နယ်,No (10) Quarter,အမှတ် (၁၀) ရပ်ကွက်,ward,,,unmatched,exact_township_name,Source township resolved but CoreMap township id not matched in admin pass
1001011,Ayeyarwady Region,ဧရာဝတီတိုင်းဒေသကြီး,Pathein Township,ပုသိမ် မြို့နယ်,No (11) (Kan To Min Nei Myay) Quarter,အမှတ် (၁၁) (ကန်တိုမင်နယ်မြေ) ရပ်ကွက်,ward,,,unmatched,exact_township_name,Source township resolved but CoreMap township id not matched in admin pass
1001012,Ayeyarwady Region,ဧရာဝတီတိုင်းဒေသကြီး,Pathein Township,ပုသိမ် မြို့နယ်,No (12)  (Yae  Kyi U ) Quarter,အမှတ် (၁၂) (ရေကြည်ဦး) ရပ်ကွက်,ward,,,unmatched,exact_township_name,Source township resolved but CoreMap township id not matched in admin pass
1001013,Ayeyarwady Region,ဧရာဝတီတိုင်းဒေသကြီး,Pathein Township,ပုသိမ် မြို့နယ်,No (13)  (Shwe Wit Hmon ) Quarter,အမှတ် (၁၃)  (ရွှေဝတ်မှုံ) ရပ်ကွက်,ward,,,unmatched,exact_township_name,Source township resolved but CoreMap township id not matched in admin pass
1001014,Ayeyarwady Region,ဧရာဝတီတိုင်းဒေသကြီး,Pathein Township,ပုသိမ် မြို့နယ်,No (14) Quarter,အမှတ် (၁၄) ရပ်ကွက်,ward,,,unmatched,exact_township_name,Source township resolved but CoreMap township id not matched in admin pass
1001015,Ayeyarwady Region,ဧရာဝတီတိုင်းဒေသကြီး,Pathein Township,ပုသိမ် မြို့နယ်,No (15) Quarter,အမှတ် (၁၅) ရပ်ကွက်,ward,,,unmatched,exact_township_name,Source township resolved but CoreMap township id not matched in admin pass
1001200,Ayeyarwady Region,ဧရာဝတီတိုင်းဒေသကြီး,Pathein Township,ပုသိမ် မြို့နယ်,Shan Kwin Village Tract,ရှမ်းကွင်း ကျေးရွာအုပ်စု,village_tract,,,unmatched,exact_township_name,Source township resolved but CoreMap township id not matched in admin pass
1001201,Ayeyarwady Region,ဧရာဝတီတိုင်းဒေသကြီး,Pathein Township,ပုသိမ် မြို့နယ်,Shaw Pyar Village Tract,ရှောပြာ ကျေးရွာအုပ်စု,village_tract,,,unmatched,exact_township_name,Source township resolved but CoreMap township id not matched in admin pass
1001202,Ayeyarwady Region,ဧရာဝတီတိုင်းဒေသကြီး,Pathein Township,ပုသိမ် မြို့နယ်,Ywar Thit Village Tract,ရွာသစ် ကျေးရွာအုပ်စု,village_tract,,,unmatched,exact_township_name,Source township resolved but CoreMap township id not matched in admin pass
1001203,Ayeyarwady Region,ဧရာဝတီတိုင်းဒေသကြီး,Pathein Township,ပုသိမ် မြို့နယ်,Htan Kant Lant Village Tract,ထန်းကန့်လန့် ကျေးရွာအုပ်စု,village_tract,,,unmatched,exact_township_name,Source township resolved but CoreMap township id not matched in admin pass
1001204,Ayeyarwady Region,ဧရာဝတီတိုင်းဒေသကြီး,Pathein Township,ပုသိမ် မြို့နယ်,Kyauk Chaung Gyi Village Tract,ကျောက်ချောင်းကြီး ကျေးရွာအုပ်စု,village_tract,,,unmatched,exact_township_name,Source township resolved but CoreMap township id not matched in admin pass
1001205,Ayeyarwady Region,ဧရာဝတီတိုင်းဒေသကြီး,Pathein Township,ပုသိမ် မြို့နယ်,Min Kone Village Tract,မင်းကုန်း ကျေးရွာအုပ်စု,village_tract,,,unmatched,exact_township_name,Source township resolved but CoreMap township id not matched in admin pass
1001206,Ayeyarwady Region,ဧရာဝတီတိုင်းဒေသကြီး,Pathein Township,ပုသိမ် မြို့နယ်,Ah Nan Kone Village Tract,အနန်းကုန်း ကျေးရွာအုပ်စု,village_tract,,,unmatched,exact_township_name,Source township resolved but CoreMap township id not matched in admin pass
1001207,Ayeyarwady Region,ဧရာဝတီတိုင်းဒေသကြီး,Pathein Township,ပုသိမ် မြို့နယ်,Kan Ni Village Tract,ကမ်းနီ ကျေးရွာအုပ်စု,village_tract,,,unmatched,exact_township_name,Source township resolved but CoreMap township id not matched in admin pass
1001208,Ayeyarwady Region,ဧရာဝတီတိုင်းဒေသကြီး,Pathein Township,ပုသိမ် မြို့နယ်,Kyaung Pan Kone Village Tract,ကြောင်ပန်းကုန်း ကျေးရွာအုပ်စု,village_tract,,,unmatched,exact_township_name,Source township resolved but CoreMap township id not matched in admin pass
1001209,Ayeyarwady Region,ဧရာဝတီတိုင်းဒေသကြီး,Pathein Township,ပုသိမ် မြို့နယ်,Lin Win Gyi Village Tract,လင်းဝင်းကြီး ကျေးရွာအုပ်စု,village_tract,,,unmatched,exact_township_name,Source township resolved but CoreMap township id not matched in admin pass
1001210,Ayeyarwady Region,ဧရာဝတီတိုင်းဒေသကြီး,Pathein Township,ပုသိမ် မြို့နယ်,Kwin Pauk Gyi Village Tract,ကွင်းပေါက်ကြီး ကျေးရွာအုပ်စု,village_tract,,,unmatched,exact_township_name,Source township resolved but CoreMap township id not matched in admin pass
1001211,Ayeyarwady Region,ဧရာဝတီတိုင်းဒေသကြီး,Pathein Township,ပုသိမ် မြို့နယ်,Pan Pin Seik Village Tract,ပန်းပင်ဆိပ် ကျေးရွာအုပ်စု,village_tract,,,unmatched,exact_township_name,Source township resolved but CoreMap township id not matched in admin pass
1001212,Ayeyarwady Region,ဧရာဝတီတိုင်းဒေသကြီး,Pathein Township,ပုသိမ် မြို့နယ်,Gway Kone Village Tract,ဂွေးကုန်း ကျေးရွာအုပ်စု,village_tract,,,unmatched,exact_township_name,Source township resolved but CoreMap township id not matched in admin pass
1001213,Ayeyarwady Region,ဧရာဝတီတိုင်းဒေသကြီး,Pathein Township,ပုသိမ် မြို့နယ်,Yae Ma Nay Pin Kaing Village Tract,ရေမနေပင်ကိုင်း ကျေးရွာအုပ်စု,village_tract,,,unmatched,exact_township_name,Source township resolved but CoreMap township id not matched in admin pass
1001214,Ayeyarwady Region,ဧရာဝတီတိုင်းဒေသကြီး,Pathein Township,ပုသိမ် မြို့နယ်,U To Village Tract,ဦးတို ကျေးရွာအုပ်စု,village_tract,,,unmatched,exact_township_name,Source township resolved but CoreMap township id not matched in admin pass
1001215,Ayeyarwady Region,ဧရာဝတီတိုင်းဒေသကြီး,Pathein Township,ပုသိမ် မြို့နယ်,Hpa Yar Chaung Village Tract,ဘုရားချောင်း ကျေးရွာအုပ်စု,village_tract,,,unmatched,exact_township_name,Source township resolved but CoreMap township id not matched in admin pass
1001216,Ayeyarwady Region,ဧရာဝတီတိုင်းဒေသကြီး,Pathein Township,ပုသိမ် မြို့နယ်,Lein Kone Village Tract,လိန်ကုန်း ကျေးရွာအုပ်စု,village_tract,,,unmatched,exact_township_name,Source township resolved but CoreMap township id not matched in admin pass
1001217,Ayeyarwady Region,ဧရာဝတီတိုင်းဒေသကြီး,Pathein Township,ပုသိမ် မြို့နယ်,Htan Kone Village Tract,ထန်းကုန်း ကျေးရွာအုပ်စု,village_tract,,,unmatched,exact_township_name,Source township resolved but CoreMap township id not matched in admin pass
1001218,Ayeyarwady Region,ဧရာဝတီတိုင်းဒေသကြီး,Pathein Township,ပုသိမ် မြို့နယ်,Wet Gyi Kwin Village Tract,ဝက်ကြီးကွင်း ကျေးရွာအုပ်စု,village_tract,,,unmatched,exact_township_name,Source township resolved but CoreMap township id not matched in admin pass
1001219,Ayeyarwady Region,ဧရာဝတီတိုင်းဒေသကြီး,Pathein Township,ပုသိမ် မြို့နယ်,Htein Lay Pin Lin Win Gyi Village Tract,ထိန်းလေးပင်လင်းဝင်းကြီး ကျေးရွာအုပ်စု,village_tract,,,unmatched,exact_township_name,Source township resolved but CoreMap township id not matched in admin pass
1001220,Ayeyarwady Region,ဧရာဝတီတိုင်းဒေသကြီး,Pathein Township,ပုသိမ် မြို့နယ်,Let Pan Village Tract,လက်ပန် ကျေးရွာအုပ်စု,village_tract,,,unmatched,exact_township_name,Source township resolved but CoreMap township id not matched in admin pass
1001221,Ayeyarwady Region,ဧရာဝတီတိုင်းဒေသကြီး,Pathein Township,ပုသိမ် မြို့နယ်,Me Za Li Village Tract,မဲဇလီ ကျေးရွာအုပ်စု,village_tract,,,unmatched,exact_township_name,Source township resolved but CoreMap township id not matched in admin pass
1001222,Ayeyarwady Region,ဧရာဝတီတိုင်းဒေသကြီး,Pathein Township,ပုသိမ် မြို့နယ်,Ywar Haung Gyi Village Tract,ရွာဟောင်းကြီး ကျေးရွာအုပ်စု,village_tract,,,unmatched,exact_township_name,Source township resolved but CoreMap township id not matched in admin pass
1001223,Ayeyarwady Region,ဧရာဝတီတိုင်းဒေသကြီး,Pathein Township,ပုသိမ် မြို့နယ်,Yae Twin Chaung Village Tract,ရေတွင်းချောင်း ကျေးရွာအုပ်စု,village_tract,,,unmatched,exact_township_name,Source township resolved but CoreMap township id not matched in admin pass
1001224,Ayeyarwady Region,ဧရာဝတီတိုင်းဒေသကြီး,Pathein Township,ပုသိမ် မြို့နယ်,Taung Tan Kone Village Tract,တောင်တန်းကုန်း ကျေးရွာအုပ်စု,village_tract,,,unmatched,exact_township_name,Source township resolved but CoreMap township id not matched in admin pass
1001225,Ayeyarwady Region,ဧရာဝတီတိုင်းဒေသကြီး,Pathein Township,ပုသိမ် မြို့နယ်,Kyet Paung Village Tract,ကြက်ပေါင် ကျေးရွာအုပ်စု,village_tract,,,unmatched,exact_township_name,Source township resolved but CoreMap township id not matched in admin pass
1001226,Ayeyarwady Region,ဧရာဝတီတိုင်းဒေသကြီး,Pathein Township,ပုသိမ် မြို့နယ်,Moe Goke Village Tract,မိုးကုတ် ကျေးရွာအုပ်စု,village_tract,,,unmatched,exact_township_name,Source township resolved but CoreMap township id not matched in admin pass
1001227,Ayeyarwady Region,ဧရာဝတီတိုင်းဒေသကြီး,Pathein Township,ပုသိမ် မြို့နယ်,Tun Pa Lun Village Tract,တွန်ပလွန် ကျေးရွာအုပ်စု,village_tract,,,unmatched,exact_township_name,Source township resolved but CoreMap township id not matched in admin pass
1001228,Ayeyarwady Region,ဧရာဝတီတိုင်းဒေသကြီး,Pathein Township,ပုသိမ် မြို့နယ်,Za Yat Seik Village Tract,ဇရပ်ဆိပ် ကျေးရွာအုပ်စု,village_tract,,,unmatched,exact_township_name,Source township resolved but CoreMap township id not matched in admin pass
1001229,Ayeyarwady Region,ဧရာဝတီတိုင်းဒေသကြီး,Pathein Township,ပုသိမ် မြို့နယ်,Thit Poke Kone Village Tract,သစ်ပုတ်ကုန်း ကျေးရွာအုပ်စု,village_tract,,,unmatched,exact_township_name,Source township resolved but CoreMap township id not matched in admin pass
1001230,Ayeyarwady Region,ဧရာဝတီတိုင်းဒေသကြီး,Pathein Township,ပုသိမ် မြို့နယ်,Sa Par Htar Village Tract,စပါးထား ကျေးရွာအုပ်စု,village_tract,,,unmatched,exact_township_name,Source township resolved but CoreMap township id not matched in admin pass
1001231,Ayeyarwady Region,ဧရာဝတီတိုင်းဒေသကြီး,Pathein Township,ပုသိမ် မြို့နယ်,Ma Gyi Kone Village Tract,မကျီးကုန်း ကျေးရွာအုပ်စု,village_tract,,,unmatched,exact_township_name,Source township resolved but CoreMap township id not matched in admin pass
1001232,Ayeyarwady Region,ဧရာဝတီတိုင်းဒေသကြီး,Pathein Township,ပုသိမ် မြို့နယ်,Shwe Myin Tin Village Tract,ရွှေမြင်တင် ကျေးရွာအုပ်စု,village_tract,,,unmatched,exact_township_name,Source township resolved but CoreMap township id not matched in admin pass
1001233,Ayeyarwady Region,ဧရာဝတီတိုင်းဒေသကြီး,Pathein Township,ပုသိမ် မြို့နယ်,Ma Yan Chaung Village Tract,မရမ်းချောင်း ကျေးရွာအုပ်စု,village_tract,,,unmatched,exact_township_name,Source township resolved but CoreMap township id not matched in admin pass
1001234,Ayeyarwady Region,ဧရာဝတီတိုင်းဒေသကြီး,Pathein Township,ပုသိမ် မြို့နယ်,Zin Pyun Kone Village Tract,ဇင်ပြွန်းကုန်း ကျေးရွာအုပ်စု,village_tract,,,unmatched,exact_township_name,Source township resolved but CoreMap township id not matched in admin pass
1001235,Ayeyarwady Region,ဧရာဝတီတိုင်းဒေသကြီး,Pathein Township,ပုသိမ် မြို့နယ်,Koe Su Village Tract,ကိုးဆူ ကျေးရွာအုပ်စု,village_tract,,,unmatched,exact_township_name,Source township resolved but CoreMap township id not matched in admin pass
1001236,Ayeyarwady Region,ဧရာဝတီတိုင်းဒေသကြီး,Pathein Township,ပုသိမ် မြို့နယ်,Pauk Kone Village Tract,ပေါက်ကုန်း ကျေးရွာအုပ်စု,village_tract,,,unmatched,exact_township_name,Source township resolved but CoreMap township id not matched in admin pass
1001237,Ayeyarwady Region,ဧရာဝတီတိုင်းဒေသကြီး,Pathein Township,ပုသိမ် မြို့နယ်,Myo Chaung Village Tract,မြို့ချောင်း ကျေးရွာအုပ်စု,village_tract,,,unmatched,exact_township_name,Source township resolved but CoreMap township id not matched in admin pass
1001238,Ayeyarwady Region,ဧရာဝတီတိုင်းဒေသကြီး,Pathein Township,ပုသိမ် မြို့နယ်,Pyin Ka Doe Kone Village Tract,ပျဉ်းကတိုးကုန်း ကျေးရွာအုပ်စု,village_tract,,,unmatched,exact_township_name,Source township resolved but CoreMap township id not matched in admin pass
1001239,Ayeyarwady Region,ဧရာဝတီတိုင်းဒေသကြီး,Pathein Township,ပုသိမ် မြို့နယ်,Kan Gyi Village Tract,ကံကြီး ကျေးရွာအုပ်စု,village_tract,,,unmatched,exact_township_name,Source township resolved but CoreMap township id not matched in admin pass
1001240,Ayeyarwady Region,ဧရာဝတီတိုင်းဒေသကြီး,Pathein Township,ပုသိမ် မြို့နယ်,Thea Kone Village Tract,သဲကုန်း ကျေးရွာအုပ်စု,village_tract,,,unmatched,exact_township_name,Source township resolved but CoreMap township id not matched in admin pass
1001241,Ayeyarwady Region,ဧရာဝတီတိုင်းဒေသကြီး,Pathein Township,ပုသိမ် မြို့နယ်,Tha Bawt Kan Village Tract,သဘော့ကန် ကျေးရွာအုပ်စု,village_tract,,,unmatched,exact_township_name,Source township resolved but CoreMap township id not matched in admin pass
1001242,Ayeyarwady Region,ဧရာဝတီတိုင်းဒေသကြီး,Pathein Township,ပုသိမ် မြို့နယ်,Baw Mi Village Tract,ဘောမိ ကျေးရွာအုပ်စု,village_tract,,,unmatched,exact_township_name,Source township resolved but CoreMap township id not matched in admin pass
1001243,Ayeyarwady Region,ဧရာဝတီတိုင်းဒေသကြီး,Pathein Township,ပုသိမ် မြို့နယ်,Ma Gyi Zin Village Tract,မကျီးဇင် ကျေးရွာအုပ်စု,village_tract,,,unmatched,exact_township_name,Source township resolved but CoreMap township id not matched in admin pass
1001244,Ayeyarwady Region,ဧရာဝတီတိုင်းဒေသကြီး,Pathein Township,ပုသိမ် မြို့နယ်,Nga Kwa Village Tract,ငကွ ကျေးရွာအုပ်စု,village_tract,,,unmatched,exact_township_name,Source township resolved but CoreMap township id not matched in admin pass
1001245,Ayeyarwady Region,ဧရာဝတီတိုင်းဒေသကြီး,Pathein Township,ပုသိမ် မြို့နယ်,Kyet Tu Yway Village Tract,ကြက်တူရွေး ကျေးရွာအုပ်စု,village_tract,,,unmatched,exact_township_name,Source township resolved but CoreMap township id not matched in admin pass
1001246,Ayeyarwady Region,ဧရာဝတီတိုင်းဒေသကြီး,Pathein Township,ပုသိမ် မြို့နယ်,Ah Lel Ywar Village Tract,အလယ်ရွာ ကျေးရွာအုပ်စု,village_tract,,,unmatched,exact_township_name,Source township resolved but CoreMap township id not matched in admin pass
1001247,Ayeyarwady Region,ဧရာဝတီတိုင်းဒေသကြီး,Pathein Township,ပုသိမ် မြို့နယ်,Tha Lat Khwar Village Tract,သလပ်ခွါ ကျေးရွာအုပ်စု,village_tract,,,unmatched,exact_township_name,Source township resolved but CoreMap township id not matched in admin pass
1001248,Ayeyarwady Region,ဧရာဝတီတိုင်းဒေသကြီး,Pathein Township,ပုသိမ် မြို့နယ်,Ma Dawt Kone Village Tract,မဒေါ့ကုန်း ကျေးရွာအုပ်စု,village_tract,,,unmatched,exact_township_name,Source township resolved but CoreMap township id not matched in admin pass
1001249,Ayeyarwady Region,ဧရာဝတီတိုင်းဒေသကြီး,Pathein Township,ပုသိမ် မြို့နယ်,Lay Myet Hnar Village Tract,လေးမျက်နှာ ကျေးရွာအုပ်စု,village_tract,,,unmatched,exact_township_name,Source township resolved but CoreMap township id not matched in admin pass
1001250,Ayeyarwady Region,ဧရာဝတီတိုင်းဒေသကြီး,Pathein Township,ပုသိမ် မြို့နယ်,Tha Zin Village Tract,သဇင် ကျေးရွာအုပ်စု,village_tract,,,unmatched,exact_township_name,Source township resolved but CoreMap township id not matched in admin pass
1001251,Ayeyarwady Region,ဧရာဝတီတိုင်းဒေသကြီး,Pathein Township,ပုသိမ် မြို့နယ်,Sin Ma Village Tract,ဆင်မ ကျေးရွာအုပ်စု,village_tract,,,unmatched,exact_township_name,Source township resolved but CoreMap township id not matched in admin pass
1001252,Ayeyarwady Region,ဧရာဝတီတိုင်းဒေသကြီး,Pathein Township,ပုသိမ် မြို့နယ်,Sar Hpyu Su (a) Kyauk Hpyar Village Tract,စာဖြူစု (ခ) ကျောက်ဖျာ ကျေးရွာအုပ်စု,village_tract,,,unmatched,exact_township_name,Source township resolved but CoreMap township id not matched in admin pass
1002001,Ayeyarwady Region,ဧရာဝတီတိုင်းဒေသကြီး,Kangyidaunt Township,ကန်ကြီးထောင့် မြို့နယ်,No (1) Quarter,(၁) ရပ်ကွက်,ward,,,unmatched,exact_township_name,Source township resolved but CoreMap township id not matched in admin pass
1002002,Ayeyarwady Region,ဧရာဝတီတိုင်းဒေသကြီး,Kangyidaunt Township,ကန်ကြီးထောင့် မြို့နယ်,No (2) Quarter,(၂) ရပ်ကွက်,ward,,,unmatched,exact_township_name,Source township resolved but CoreMap township id not matched in admin pass
1002003,Ayeyarwady Region,ဧရာဝတီတိုင်းဒေသကြီး,Kangyidaunt Township,ကန်ကြီးထောင့် မြို့နယ်,No (3) Quarter,(၃) ရပ်ကွက်,ward,,,unmatched,exact_township_name,Source township resolved but CoreMap township id not matched in admin pass
1002004,Ayeyarwady Region,ဧရာဝတီတိုင်းဒေသကြီး,Kangyidaunt Township,ကန်ကြီးထောင့် မြို့နယ်,No (4) Quarter,(၄) ရပ်ကွက်,ward,,,unmatched,exact_township_name,Source township resolved but CoreMap township id not matched in admin pass
1002005,Ayeyarwady Region,ဧရာဝတီတိုင်းဒေသကြီး,Kangyidaunt Township,ကန်ကြီးထောင့် မြို့နယ်,No (5) Quarter,(၅) ရပ်ကွက်,ward,,,unmatched,exact_township_name,Source township resolved but CoreMap township id not matched in admin pass
1002006,Ayeyarwady Region,ဧရာဝတီတိုင်းဒေသကြီး,Kangyidaunt Township,ကန်ကြီးထောင့် မြို့နယ်,No (6) Quarter,(၆) ရပ်ကွက်,ward,,,unmatched,exact_township_name,Source township resolved but CoreMap township id not matched in admin pass
1002007,Ayeyarwady Region,ဧရာဝတီတိုင်းဒေသကြီး,Kangyidaunt Township,ကန်ကြီးထောင့် မြို့နယ်,No (7) Quarter,(၇) ရပ်ကွက်,ward,,,unmatched,exact_township_name,Source township resolved but CoreMap township id not matched in admin pass
1002200,Ayeyarwady Region,ဧရာဝတီတိုင်းဒေသကြီး,Kangyidaunt Township,ကန်ကြီးထောင့် မြို့နယ်,Kyaik Lat Village Tract,ကျိုက်လတ် ကျေးရွာအုပ်စု,village_tract,,,unmatched,exact_township_name,Source township resolved but CoreMap township id not matched in admin pass
1002201,Ayeyarwady Region,ဧရာဝတီတိုင်းဒေသကြီး,Kangyidaunt Township,ကန်ကြီးထောင့် မြို့နယ်,Ta Kone Gyi Village Tract,တကုန်းကြီး ကျေးရွာအုပ်စု,village_tract,,,unmatched,exact_township_name,Source township resolved but CoreMap township id not matched in admin pass
1002202,Ayeyarwady Region,ဧရာဝတီတိုင်းဒေသကြီး,Kangyidaunt Township,ကန်ကြီးထောင့် မြို့နယ်,Khu Chaung Village Tract,ခူချောင် ကျေးရွာအုပ်စု,village_tract,,,unmatched,exact_township_name,Source township resolved but CoreMap township id not matched in admin pass
1002203,Ayeyarwady Region,ဧရာဝတီတိုင်းဒေသကြီး,Kangyidaunt Township,ကန်ကြီးထောင့် မြို့နယ်,Kyee Taw Village Tract,ကျီးတော ကျေးရွာအုပ်စု,village_tract,,,unmatched,exact_township_name,Source township resolved but CoreMap township id not matched in admin pass
1002204,Ayeyarwady Region,ဧရာဝတီတိုင်းဒေသကြီး,Kangyidaunt Township,ကန်ကြီးထောင့် မြို့နယ်,Kyun Hlyar Shey Village Tract,ကျွန်းလျှားရှည် ကျေးရွာအုပ်စု,village_tract,,,unmatched,exact_township_name,Source township resolved but CoreMap township id not matched in admin pass
1002205,Ayeyarwady Region,ဧရာဝတီတိုင်းဒေသကြီး,Kangyidaunt Township,ကန်ကြီးထောင့် မြို့နယ်,Na Nwin Ga Yet Village Tract,နနွင်းဂရက် ကျေးရွာအုပ်စု,village_tract,,,unmatched,exact_township_name,Source township resolved but CoreMap township id not matched in admin pass
1002206,Ayeyarwady Region,ဧရာဝတီတိုင်းဒေသကြီး,Kangyidaunt Township,ကန်ကြီးထောင့် မြို့နယ်,Hpa Yar Chaung Village Tract,ဘုရားချောင်း ကျေးရွာအုပ်စု,village_tract,,,unmatched,exact_township_name,Source township resolved but CoreMap township id not matched in admin pass
1002207,Ayeyarwady Region,ဧရာဝတီတိုင်းဒေသကြီး,Kangyidaunt Township,ကန်ကြီးထောင့် မြို့နယ်,Kwin Yar (East) Village Tract,ကွင်းယား (အရှေ့) ကျေးရွာအုပ်စု,village_tract,,,unmatched,exact_township_name,Source township resolved but CoreMap township id not matched in admin pass
1002208,Ayeyarwady Region,ဧရာဝတီတိုင်းဒေသကြီး,Kangyidaunt Township,ကန်ကြီးထောင့် မြို့နယ်,Yway Village Tract,ရွေး ကျေးရွာအုပ်စု,village_tract,,,unmatched,exact_township_name,Source township resolved but CoreMap township id not matched in admin pass
1002209,Ayeyarwady Region,ဧရာဝတီတိုင်းဒေသကြီး,Kangyidaunt Township,ကန်ကြီးထောင့် မြို့နယ်,Kyon Yat Village Tract,ကျုံရပ် ကျေးရွာအုပ်စု,village_tract,,,unmatched,exact_township_name,Source township resolved but CoreMap township id not matched in admin pass
1002210,Ayeyarwady Region,ဧရာဝတီတိုင်းဒေသကြီး,Kangyidaunt Township,ကန်ကြီးထောင့် မြို့နယ်,Ah Su Gyi Village Tract,အစုကြီး ကျေးရွာအုပ်စု,village_tract,,,unmatched,exact_township_name,Source township resolved but CoreMap township id not matched in admin pass
1002211,Ayeyarwady Region,ဧရာဝတီတိုင်းဒေသကြီး,Kangyidaunt Township,ကန်ကြီးထောင့် မြို့နယ်,Yae Twin Kone Lay Village Tract,ရေတွင်းကုန်းလေး ကျေးရွာအုပ်စု,village_tract,,,unmatched,exact_township_name,Source township resolved but CoreMap township id not matched in admin pass
1002212,Ayeyarwady Region,ဧရာဝတီတိုင်းဒေသကြီး,Kangyidaunt Township,ကန်ကြီးထောင့် မြို့နယ်,Yway Kone Village Tract,ရွေးကုန်း ကျေးရွာအုပ်စု,village_tract,,,unmatched,exact_township_name,Source township resolved but CoreMap township id not matched in admin pass
1002213,Ayeyarwady Region,ဧရာဝတီတိုင်းဒေသကြီး,Kangyidaunt Township,ကန်ကြီးထောင့် မြို့နယ်,Sat Kwin Village Tract,ဆပ်ကွင်း ကျေးရွာအုပ်စု,village_tract,,,unmatched,exact_township_name,Source township resolved but CoreMap township id not matched in admin pass
1002214,Ayeyarwady Region,ဧရာဝတီတိုင်းဒေသကြီး,Kangyidaunt Township,ကန်ကြီးထောင့် မြို့နယ်,Kwin Yar (West) Village Tract,ကွင်းယား (အနောက်) ကျေးရွာအုပ်စု,village_tract,,,unmatched,exact_township_name,Source township resolved but CoreMap township id not matched in admin pass
1002215,Ayeyarwady Region,ဧရာဝတီတိုင်းဒေသကြီး,Kangyidaunt Township,ကန်ကြီးထောင့် မြို့နယ်,Wet Htoe Village Tract,ဝက်ထိုး ကျေးရွာအုပ်စု,village_tract,,,unmatched,exact_township_name,Source township resolved but CoreMap township id not matched in admin pass
1002216,Ayeyarwady Region,ဧရာဝတီတိုင်းဒေသကြီး,Kangyidaunt Township,ကန်ကြီးထောင့် မြို့နယ်,Pyin Ma Ngu Village Tract,ပျဉ်းမငူ ကျေးရွာအုပ်စု,village_tract,,,unmatched,exact_township_name,Source township resolved but CoreMap township id not matched in admin pass
1002217,Ayeyarwady Region,ဧရာဝတီတိုင်းဒေသကြီး,Kangyidaunt Township,ကန်ကြီးထောင့် မြို့နယ်,Pay Pin Gyi Village Tract,ပေပင်ကြီး ကျေးရွာအုပ်စု,village_tract,,,unmatched,exact_township_name,Source township resolved but CoreMap township id not matched in admin pass
1002218,Ayeyarwady Region,ဧရာဝတီတိုင်းဒေသကြီး,Kangyidaunt Township,ကန်ကြီးထောင့် မြို့နယ်,Kyun U Village Tract,ကျွန်းဦး ကျေးရွာအုပ်စု,village_tract,,,unmatched,exact_township_name,Source township resolved but CoreMap township id not matched in admin pass
1002219,Ayeyarwady Region,ဧရာဝတီတိုင်းဒေသကြီး,Kangyidaunt Township,ကန်ကြီးထောင့် မြို့နယ်,Yae Twin Kone Gyi Village Tract,ရေတွင်းကုန်းကြီး ကျေးရွာအုပ်စု,village_tract,,,unmatched,exact_township_name,Source township resolved but CoreMap township id not matched in admin pass
1002220,Ayeyarwady Region,ဧရာဝတီတိုင်းဒေသကြီး,Kangyidaunt Township,ကန်ကြီးထောင့် မြို့နယ်,Yae Cho Kone Village Tract,ရေချိုကုန်း ကျေးရွာအုပ်စု,village_tract,,,unmatched,exact_township_name,Source township resolved but CoreMap township id not matched in admin pass
1002221,Ayeyarwady Region,ဧရာဝတီတိုင်းဒေသကြီး,Kangyidaunt Township,ကန်ကြီးထောင့် မြို့နယ်,Shan Village Tract,ရှမ်း ကျေးရွာအုပ်စု,village_tract,,,unmatched,exact_township_name,Source township resolved but CoreMap township id not matched in admin pass
1002222,Ayeyarwady Region,ဧရာဝတီတိုင်းဒေသကြီး,Kangyidaunt Township,ကန်ကြီးထောင့် မြို့နယ်,Thea Hpyu Village Tract,သဲဖြူ ကျေးရွာအုပ်စု,village_tract,,,unmatched,exact_township_name,Source township resolved but CoreMap township id not matched in admin pass
1002223,Ayeyarwady Region,ဧရာဝတီတိုင်းဒေသကြီး,Kangyidaunt Township,ကန်ကြီးထောင့် မြို့နယ်,Myat Lay Chaung Village Tract,မြတ်လေးချောင်း ကျေးရွာအုပ်စု,village_tract,,,unmatched,exact_township_name,Source township resolved but CoreMap township id not matched in admin pass
1002224,Ayeyarwady Region,ဧရာဝတီတိုင်းဒေသကြီး,Kangyidaunt Township,ကန်ကြီးထောင့် မြို့နယ်,Thaung Gyi Village Tract,သောင်ကြီး ကျေးရွာအုပ်စု,village_tract,,,unmatched,exact_township_name,Source township resolved but CoreMap township id not matched in admin pass
1002225,Ayeyarwady Region,ဧရာဝတီတိုင်းဒေသကြီး,Kangyidaunt Township,ကန်ကြီးထောင့် မြို့နယ်,Auk Ta Khun Taing Village Tract,အောက်တံခွန်တိုင် ကျေးရွာအုပ်စု,village_tract,,,unmatched,exact_township_name,Source township resolved but CoreMap township id not matched in admin pass
1002226,Ayeyarwady Region,ဧရာဝတီတိုင်းဒေသကြီး,Kangyidaunt Township,ကန်ကြီးထောင့် မြို့နယ်,Kyon Gyi Village Tract,ကျုံကြီး ကျေးရွာအုပ်စု,village_tract,,,unmatched,exact_township_name,Source township resolved but CoreMap township id not matched in admin pass
1002227,Ayeyarwady Region,ဧရာဝတီတိုင်းဒေသကြီး,Kangyidaunt Township,ကန်ကြီးထောင့် မြို့နယ်,Ku Lar Kwin Village Tract,ကုလားကွင်း ကျေးရွာအုပ်စု,village_tract,,,unmatched,exact_township_name,Source township resolved but CoreMap township id not matched in admin pass
1002228,Ayeyarwady Region,ဧရာဝတီတိုင်းဒေသကြီး,Kangyidaunt Township,ကန်ကြီးထောင့် မြို့နယ်,Nyaung Pin Thar Village Tract,ညောင်ပင်သာ ကျေးရွာအုပ်စု,village_tract,,,unmatched,exact_township_name,Source township resolved but CoreMap township id not matched in admin pass
1002229,Ayeyarwady Region,ဧရာဝတီတိုင်းဒေသကြီး,Kangyidaunt Township,ကန်ကြီးထောင့် မြို့နယ်,Khon Zin Kone Village Tract,ခုံဇင်ကုန်း ကျေးရွာအုပ်စု,village_tract,,,unmatched,exact_township_name,Source township resolved but CoreMap township id not matched in admin pass
1002230,Ayeyarwady Region,ဧရာဝတီတိုင်းဒေသကြီး,Kangyidaunt Township,ကန်ကြီးထောင့် မြို့နယ်,Pay Pin (Dei Kan) Village Tract,ပေပင် (ဒယ်ကန်) ကျေးရွာအုပ်စု,village_tract,,,unmatched,exact_township_name,Source township resolved but CoreMap township id not matched in admin pass
1002231,Ayeyarwady Region,ဧရာဝတီတိုင်းဒေသကြီး,Kangyidaunt Township,ကန်ကြီးထောင့် မြို့နယ်,Mi Chaung Gaung Village Tract,မိချောင်းဂေါင်း ကျေးရွာအုပ်စု,village_tract,,,unmatched,exact_township_name,Source township resolved but CoreMap township id not matched in admin pass
1002232,Ayeyarwady Region,ဧရာဝတီတိုင်းဒေသကြီး,Kangyidaunt Township,ကန်ကြီးထောင့် မြို့နယ်,Let Saung Kwin Village Tract,လက်ဆောင်ကွင်း ကျေးရွာအုပ်စု,village_tract,,,unmatched,exact_township_name,Source township resolved but CoreMap township id not matched in admin pass
1002233,Ayeyarwady Region,ဧရာဝတီတိုင်းဒေသကြီး,Kangyidaunt Township,ကန်ကြီးထောင့် မြို့နယ်,Kan Village Tract,ကန် ကျေးရွာအုပ်စု,village_tract,,,unmatched,exact_township_name,Source township resolved but CoreMap township id not matched in admin pass
1002234,Ayeyarwady Region,ဧရာဝတီတိုင်းဒေသကြီး,Kangyidaunt Township,ကန်ကြီးထောင့် မြို့နယ်,Htein Taw Gyi Village Tract,ထိန်တောကြီး ကျေးရွာအုပ်စု,village_tract,,,unmatched,exact_township_name,Source township resolved but CoreMap township id not matched in admin pass
1002235,Ayeyarwady Region,ဧရာဝတီတိုင်းဒေသကြီး,Kangyidaunt Township,ကန်ကြီးထောင့် မြို့နယ်,Mi Chaung Ta Yar Village Tract,မိချောင်းတစ်ရာ ကျေးရွာအုပ်စု,village_tract,,,unmatched,exact_township_name,Source township resolved but CoreMap township id not matched in admin pass
1002236,Ayeyarwady Region,ဧရာဝတီတိုင်းဒေသကြီး,Kangyidaunt Township,ကန်ကြီးထောင့် မြို့နယ်,Ah Pin Hnit Se Village Tract,အပင်နှစ်ဆယ် ကျေးရွာအုပ်စု,village_tract,,,unmatched,exact_township_name,Source township resolved but CoreMap township id not matched in admin pass
1002237,Ayeyarwady Region,ဧရာဝတီတိုင်းဒေသကြီး,Kangyidaunt Township,ကန်ကြီးထောင့် မြို့နယ်,Pi Tauk Pin Village Tract,ပိတောက်ပင် ကျေးရွာအုပ်စု,village_tract,,,unmatched,exact_township_name,Source township resolved but CoreMap township id not matched in admin pass
1002238,Ayeyarwady Region,ဧရာဝတီတိုင်းဒေသကြီး,Kangyidaunt Township,ကန်ကြီးထောင့် မြို့နယ်,Dar Ka Village Tract,ဒါးက ကျေးရွာအုပ်စု,village_tract,,,unmatched,exact_township_name,Source township resolved but CoreMap township id not matched in admin pass
1002239,Ayeyarwady Region,ဧရာဝတီတိုင်းဒေသကြီး,Kangyidaunt Township,ကန်ကြီးထောင့် မြို့နယ်,Leik Ka Bar Village Tract,လိပ်ကမ္ဘာ ကျေးရွာအုပ်စု,village_tract,,,unmatched,exact_township_name,Source township resolved but CoreMap township id not matched in admin pass
1002240,Ayeyarwady Region,ဧရာဝတီတိုင်းဒေသကြီး,Kangyidaunt Township,ကန်ကြီးထောင့် မြို့နယ်,Gon Hnyin Tan Village Tract,ဂုံညင်းတန်း ကျေးရွာအုပ်စု,village_tract,,,unmatched,exact_township_name,Source township resolved but CoreMap township id not matched in admin pass
1002241,Ayeyarwady Region,ဧရာဝတီတိုင်းဒေသကြီး,Kangyidaunt Township,ကန်ကြီးထောင့် မြို့နယ်,Ah Da Lauk Village Tract,အဓလောက် ကျေးရွာအုပ်စု,village_tract,,,unmatched,exact_township_name,Source township resolved but CoreMap township id not matched in admin pass
1002242,Ayeyarwady Region,ဧရာဝတီတိုင်းဒေသကြီး,Kangyidaunt Township,ကန်ကြီးထောင့် မြို့နယ်,Pein Chaung Village Tract,ပိန်းချောင် ကျေးရွာအုပ်စု,village_tract,,,unmatched,exact_township_name,Source township resolved but CoreMap township id not matched in admin pass
1002243,Ayeyarwady Region,ဧရာဝတီတိုင်းဒေသကြီး,Kangyidaunt Township,ကန်ကြီးထောင့် မြို့နယ်,Kyon Da Yei Village Tract,ကျုံဒရယ် ကျေးရွာအုပ်စု,village_tract,,,unmatched,exact_township_name,Source township resolved but CoreMap township id not matched in admin pass
1002244,Ayeyarwady Region,ဧရာဝတီတိုင်းဒေသကြီး,Kangyidaunt Township,ကန်ကြီးထောင့် မြို့နယ်,Myin Ka Seik Village Tract,မြင်းကဆိပ် ကျေးရွာအုပ်စု,village_tract,,,unmatched,exact_township_name,Source township resolved but CoreMap township id not matched in admin pass
1002245,Ayeyarwady Region,ဧရာဝတီတိုင်းဒေသကြီး,Kangyidaunt Township,ကန်ကြီးထောင့် မြို့နယ်,Pauk Kyun Village Tract,ပေါက်ကျွန်း ကျေးရွာအုပ်စု,village_tract,,,unmatched,exact_township_name,Source township resolved but CoreMap township id not matched in admin pass
1002246,Ayeyarwady Region,ဧရာဝတီတိုင်းဒေသကြီး,Kangyidaunt Township,ကန်ကြီးထောင့် မြို့နယ်,Tha Yet Kwin Village Tract,သရက်ကွင်း ကျေးရွာအုပ်စု,village_tract,,,unmatched,exact_township_name,Source township resolved but CoreMap township id not matched in admin pass
1002247,Ayeyarwady Region,ဧရာဝတီတိုင်းဒေသကြီး,Kangyidaunt Township,ကန်ကြီးထောင့် မြို့နယ်,Wea Gyi Village Tract,ဝဲကြီး ကျေးရွာအုပ်စု,village_tract,,,unmatched,exact_township_name,Source township resolved but CoreMap township id not matched in admin pass
1002248,Ayeyarwady Region,ဧရာဝတီတိုင်းဒေသကြီး,Kangyidaunt Township,ကန်ကြီးထောင့် မြို့နယ်,Shaw Kone Village Tract,လျှော်ကုန်း ကျေးရွာအုပ်စု,village_tract,,,unmatched,exact_township_name,Source township resolved but CoreMap township id not matched in admin pass
1002249,Ayeyarwady Region,ဧရာဝတီတိုင်းဒေသကြီး,Kangyidaunt Township,ကန်ကြီးထောင့် မြို့နယ်,War Du Village Tract,ဝါးဒူး ကျေးရွာအုပ်စု,village_tract,,,unmatched,exact_township_name,Source township resolved but CoreMap township id not matched in admin pass
1002250,Ayeyarwady Region,ဧရာဝတီတိုင်းဒေသကြီး,Kangyidaunt Township,ကန်ကြီးထောင့် မြို့နယ်,Let Pan Village Tract,လက်ပန် ကျေးရွာအုပ်စု,village_tract,,,unmatched,exact_township_name,Source township resolved but CoreMap township id not matched in admin pass
1002251,Ayeyarwady Region,ဧရာဝတီတိုင်းဒေသကြီး,Kangyidaunt Township,ကန်ကြီးထောင့် မြို့နယ်,Kyun Taw Kone Village Tract,ကျွန်းတောကုန်း ကျေးရွာအုပ်စု,village_tract,,,unmatched,exact_township_name,Source township resolved but CoreMap township id not matched in admin pass
1002252,Ayeyarwady Region,ဧရာဝတီတိုင်းဒေသကြီး,Kangyidaunt Township,ကန်ကြီးထောင့် မြို့နယ်,Nyaung Kone Village Tract,ညောင်ကုန်း ကျေးရွာအုပ်စု,village_tract,,,unmatched,exact_township_name,Source township resolved but CoreMap township id not matched in admin pass
1002253,Ayeyarwady Region,ဧရာဝတီတိုင်းဒေသကြီး,Kangyidaunt Township,ကန်ကြီးထောင့် မြို့နယ်,Ka Nyut Kone Village Tract,ကညွတ်ကုန်း ကျေးရွာအုပ်စု,village_tract,,,unmatched,exact_township_name,Source township resolved but CoreMap township id not matched in admin pass
1002254,Ayeyarwady Region,ဧရာဝတီတိုင်းဒေသကြီး,Kangyidaunt Township,ကန်ကြီးထောင့် မြို့နယ်,Shan Ngu Village Tract,ရှမ်းငူ ကျေးရွာအုပ်စု,village_tract,,,unmatched,exact_township_name,Source township resolved but CoreMap township id not matched in admin pass
1002255,Ayeyarwady Region,ဧရာဝတီတိုင်းဒေသကြီး,Kangyidaunt Township,ကန်ကြီးထောင့် မြို့နယ်,Htan Pin Village Tract,ထန်းပင် ကျေးရွာအုပ်စု,village_tract,,,unmatched,exact_township_name,Source township resolved but CoreMap township id not matched in admin pass
1002256,Ayeyarwady Region,ဧရာဝတီတိုင်းဒေသကြီး,Kangyidaunt Township,ကန်ကြီးထောင့် မြို့နယ်,Chaung Sauk Village Tract,ချောင်းစောက် ကျေးရွာအုပ်စု,village_tract,,,unmatched,exact_township_name,Source township resolved but CoreMap township id not matched in admin pass
1002257,Ayeyarwady Region,ဧရာဝတီတိုင်းဒေသကြီး,Kangyidaunt Township,ကန်ကြီးထောင့် မြို့နယ်,Yae Twin Seik Village Tract,ရေတွင်းဆိပ် ကျေးရွာအုပ်စု,village_tract,,,unmatched,exact_township_name,Source township resolved but CoreMap township id not matched in admin pass
1002258,Ayeyarwady Region,ဧရာဝတီတိုင်းဒေသကြီး,Kangyidaunt Township,ကန်ကြီးထောင့် မြို့နယ်,Ohn Pin Seik Village Tract,အုန်းပင်ဆိပ် ကျေးရွာအုပ်စု,village_tract,,,unmatched,exact_township_name,Source township resolved but CoreMap township id not matched in admin pass
1002259,Ayeyarwady Region,ဧရာဝတီတိုင်းဒေသကြီး,Kangyidaunt Township,ကန်ကြီးထောင့် မြို့နယ်,Ah Htet Ta Khun Taing Village Tract,အထက်တံခွန်တိုင် ကျေးရွာအုပ်စု,village_tract,,,unmatched,exact_township_name,Source township resolved but CoreMap township id not matched in admin pass
1002260,Ayeyarwady Region,ဧရာဝတီတိုင်းဒေသကြီး,Kangyidaunt Township,ကန်ကြီးထောင့် မြို့နယ်,Seik Thar Village Tract,ဆိပ်သာ ကျေးရွာအုပ်စု,village_tract,,,unmatched,exact_township_name,Source township resolved but CoreMap township id not matched in admin pass
1002261,Ayeyarwady Region,ဧရာဝတီတိုင်းဒေသကြီး,Kangyidaunt Township,ကန်ကြီးထောင့် မြို့နယ်,Lay Su Village Tract,လေးဆူ ကျေးရွာအုပ်စု,village_tract,,,unmatched,exact_township_name,Source township resolved but CoreMap township id not matched in admin pass
1002262,Ayeyarwady Region,ဧရာဝတီတိုင်းဒေသကြီး,Kangyidaunt Township,ကန်ကြီးထောင့် မြို့နယ်,Nyaung Chaung Village Tract,ညောင်ချောင်း ကျေးရွာအုပ်စု,village_tract,,,unmatched,exact_township_name,Source township resolved but CoreMap township id not matched in admin pass
1002263,Ayeyarwady Region,ဧရာဝတီတိုင်းဒေသကြီး,Kangyidaunt Township,ကန်ကြီးထောင့် မြို့နယ်,Kun Thee Pin Seik Village Tract,ကွမ်းသီးပင်ဆိပ် ကျေးရွာအုပ်စု,village_tract,,,unmatched,exact_township_name,Source township resolved but CoreMap township id not matched in admin pass
1002264,Ayeyarwady Region,ဧရာဝတီတိုင်းဒေသကြီး,Kangyidaunt Township,ကန်ကြီးထောင့် မြို့နယ်,Ma Tawt Kone Village Tract,မတော့ကုန်း ကျေးရွာအုပ်စု,village_tract,,,unmatched,exact_township_name,Source township resolved but CoreMap township id not matched in admin pass
1002265,Ayeyarwady Region,ဧရာဝတီတိုင်းဒေသကြီး,Kangyidaunt Township,ကန်ကြီးထောင့် မြို့နယ်,Kyon Pa Doke Village Tract,ကျုံပဒုတ် ကျေးရွာအုပ်စု,village_tract,,,unmatched,exact_township_name,Source township resolved but CoreMap township id not matched in admin pass
1002266,Ayeyarwady Region,ဧရာဝတီတိုင်းဒေသကြီး,Kangyidaunt Township,ကန်ကြီးထောင့် မြို့နယ်,Tha Bawt Ngu Village Tract,သဘော့ငူ ကျေးရွာအုပ်စု,village_tract,,,unmatched,exact_township_name,Source township resolved but CoreMap township id not matched in admin pass
1002267,Ayeyarwady Region,ဧရာဝတီတိုင်းဒေသကြီး,Kangyidaunt Township,ကန်ကြီးထောင့် မြို့နယ်,Ma Ka Kyun Village Tract,မဂကျွန်း ကျေးရွာအုပ်စု,village_tract,,,unmatched,exact_township_name,Source township resolved but CoreMap township id not matched in admin pass
1002268,Ayeyarwady Region,ဧရာဝတီတိုင်းဒေသကြီး,Kangyidaunt Township,ကန်ကြီးထောင့် မြို့နယ်,Nyaung Waing Village Tract,ညောင်ဝိုင်း ကျေးရွာအုပ်စု,village_tract,,,unmatched,exact_township_name,Source township resolved but CoreMap township id not matched in admin pass
1002269,Ayeyarwady Region,ဧရာဝတီတိုင်းဒေသကြီး,Kangyidaunt Township,ကန်ကြီးထောင့် မြို့နယ်,Kyu Tan Village Tract,ကျူတန်း ကျေးရွာအုပ်စု,village_tract,,,unmatched,exact_township_name,Source township resolved but CoreMap township id not matched in admin pass
1002270,Ayeyarwady Region,ဧရာဝတီတိုင်းဒေသကြီး,Kangyidaunt Township,ကန်ကြီးထောင့် မြို့နယ်,La Har Ka Lu Village Tract,လဟာကလူ ကျေးရွာအုပ်စု,village_tract,,,unmatched,exact_township_name,Source township resolved but CoreMap township id not matched in admin pass
1002271,Ayeyarwady Region,ဧရာဝတီတိုင်းဒေသကြီး,Kangyidaunt Township,ကန်ကြီးထောင့် မြို့နယ်,Kyun Gyi Village Tract,ကျွန်းကြီး ကျေးရွာအုပ်စု,village_tract,,,unmatched,exact_township_name,Source township resolved but CoreMap township id not matched in admin pass
1002272,Ayeyarwady Region,ဧရာဝတီတိုင်းဒေသကြီး,Kangyidaunt Township,ကန်ကြီးထောင့် မြို့နယ်,Dee Doke Village Tract,ဒီးဒုတ် ကျေးရွာအုပ်စု,village_tract,,,unmatched,exact_township_name,Source township resolved but CoreMap township id not matched in admin pass
1003001,Ayeyarwady Region,ဧရာဝတီတိုင်းဒေသကြီး,Kyangin Township,ကြံခင်း မြို့နယ်,Myo Ma Quarter,မြို့မ ရပ်ကွက်,ward,,,unmatched,exact_township_name,Source township resolved but CoreMap township id not matched in admin pass
1003002,Ayeyarwady Region,ဧရာဝတီတိုင်းဒေသကြီး,Kyangin Township,ကြံခင်း မြို့နယ်,Ywar Thit Quarter,ရွာသစ် ရပ်ကွက်,ward,,,unmatched,exact_township_name,Source township resolved but CoreMap township id not matched in admin pass
1003003,Ayeyarwady Region,ဧရာဝတီတိုင်းဒေသကြီး,Kyangin Township,ကြံခင်း မြို့နယ်,Shwe Taung Su Quarter,ရွှေတောင်စု ရပ်ကွက်,ward,,,unmatched,exact_township_name,Source township resolved but CoreMap township id not matched in admin pass
1003200,Ayeyarwady Region,ဧရာဝတီတိုင်းဒေသကြီး,Kyangin Township,ကြံခင်း မြို့နယ်,Ta Laing Kwin Village Tract,တလိုင်းကွင်း ကျေးရွာအုပ်စု,village_tract,,,unmatched,exact_township_name,Source township resolved but CoreMap township id not matched in admin pass
1003201,Ayeyarwady Region,ဧရာဝတီတိုင်းဒေသကြီး,Kyangin Township,ကြံခင်း မြို့နယ်,Kwayt Ma Village Tract,ကွေ့မ ကျေးရွာအုပ်စု,village_tract,,,unmatched,exact_township_name,Source township resolved but CoreMap township id not matched in admin pass
1003202,Ayeyarwady Region,ဧရာဝတီတိုင်းဒေသကြီး,Kyangin Township,ကြံခင်း မြို့နယ်,Ka Loet Kwin Village Tract,ကလို့ကွင်း ကျေးရွာအုပ်စု,village_tract,,,unmatched,exact_township_name,Source township resolved but CoreMap township id not matched in admin pass
1003203,Ayeyarwady Region,ဧရာဝတီတိုင်းဒေသကြီး,Kyangin Township,ကြံခင်း မြို့နယ်,Thea Hpyu Village Tract,သဲဖြူ ကျေးရွာအုပ်စု,village_tract,,,unmatched,exact_township_name,Source township resolved but CoreMap township id not matched in admin pass
1003204,Ayeyarwady Region,ဧရာဝတီတိုင်းဒေသကြီး,Kyangin Township,ကြံခင်း မြို့နယ်,Shwe Pan Taw Village Tract,ရွှေပန်းတော ကျေးရွာအုပ်စု,village_tract,,,unmatched,exact_township_name,Source township resolved but CoreMap township id not matched in admin pass
1003205,Ayeyarwady Region,ဧရာဝတီတိုင်းဒေသကြီး,Kyangin Township,ကြံခင်း မြို့နယ်,Chin Myaung Village Tract,ချင်းမြောင် ကျေးရွာအုပ်စု,village_tract,,,unmatched,exact_township_name,Source township resolved but CoreMap township id not matched in admin pass
1003206,Ayeyarwady Region,ဧရာဝတီတိုင်းဒေသကြီး,Kyangin Township,ကြံခင်း မြို့နယ်,Kyan Taw Village Tract,ကြံတော ကျေးရွာအုပ်စု,village_tract,,,unmatched,exact_township_name,Source township resolved but CoreMap township id not matched in admin pass
1003207,Ayeyarwady Region,ဧရာဝတီတိုင်းဒေသကြီး,Kyangin Township,ကြံခင်း မြို့နယ်,Pet Ma Khan Village Tract,ပက်မခမ်း ကျေးရွာအုပ်စု,village_tract,,,unmatched,exact_township_name,Source township resolved but CoreMap township id not matched in admin pass
1003208,Ayeyarwady Region,ဧရာဝတီတိုင်းဒေသကြီး,Kyangin Township,ကြံခင်း မြို့နယ်,Thauk Kyar Du Village Tract,သောကြာဒူး ကျေးရွာအုပ်စု,village_tract,,,unmatched,exact_township_name,Source township resolved but CoreMap township id not matched in admin pass
1003209,Ayeyarwady Region,ဧရာဝတီတိုင်းဒေသကြီး,Kyangin Township,ကြံခင်း မြို့နယ်,Yae Lel Kyun Village Tract,ရေလယ်ကျွန်း ကျေးရွာအုပ်စု,village_tract,,,unmatched,exact_township_name,Source township resolved but CoreMap township id not matched in admin pass
1003210,Ayeyarwady Region,ဧရာဝတီတိုင်းဒေသကြီး,Kyangin Township,ကြံခင်း မြို့နယ်,Htan Ta Pin Village Tract,ထန်းတပင် ကျေးရွာအုပ်စု,village_tract,,,unmatched,exact_township_name,Source township resolved but CoreMap township id not matched in admin pass
1003211,Ayeyarwady Region,ဧရာဝတီတိုင်းဒေသကြီး,Kyangin Township,ကြံခင်း မြို့နယ်,Son Le Village Tract,ဆုံလဲ ကျေးရွာအုပ်စု,village_tract,,,unmatched,exact_township_name,Source township resolved but CoreMap township id not matched in admin pass
1003212,Ayeyarwady Region,ဧရာဝတီတိုင်းဒေသကြီး,Kyangin Township,ကြံခင်း မြို့နယ်,Kyat Ka Lay Village Tract,ကြပ်ကလေး ကျေးရွာအုပ်စု,village_tract,,,unmatched,exact_township_name,Source township resolved but CoreMap township id not matched in admin pass
1003213,Ayeyarwady Region,ဧရာဝတီတိုင်းဒေသကြီး,Kyangin Township,ကြံခင်း မြို့နယ်,Me Kone Village Tract,မဲကုန်း ကျေးရွာအုပ်စု,village_tract,,,unmatched,exact_township_name,Source township resolved but CoreMap township id not matched in admin pass
1003214,Ayeyarwady Region,ဧရာဝတီတိုင်းဒေသကြီး,Kyangin Township,ကြံခင်း မြို့နယ်,Ka Zin Gyi Village Tract,ကဇင်းကြီး ကျေးရွာအုပ်စု,village_tract,,,unmatched,exact_township_name,Source township resolved but CoreMap township id not matched in admin pass
1003215,Ayeyarwady Region,ဧရာဝတီတိုင်းဒေသကြီး,Kyangin Township,ကြံခင်း မြို့နယ်,Oke Twin Village Tract,အုတ်တွင်း ကျေးရွာအုပ်စု,village_tract,,,unmatched,exact_township_name,Source township resolved but CoreMap township id not matched in admin pass
1003216,Ayeyarwady Region,ဧရာဝတီတိုင်းဒေသကြီး,Kyangin Township,ကြံခင်း မြို့နယ်,Koe Inn Village Tract,ကိုးအင်း ကျေးရွာအုပ်စု,village_tract,,,unmatched,exact_township_name,Source township resolved but CoreMap township id not matched in admin pass
1003217,Ayeyarwady Region,ဧရာဝတီတိုင်းဒေသကြီး,Kyangin Township,ကြံခင်း မြို့နယ်,Kyar Inn Village Tract,ကြာအင်း ကျေးရွာအုပ်စု,village_tract,,,unmatched,exact_township_name,Source township resolved but CoreMap township id not matched in admin pass
1003218,Ayeyarwady Region,ဧရာဝတီတိုင်းဒေသကြီး,Kyangin Township,ကြံခင်း မြို့နယ်,Ah Lon Village Tract,အလုံ ကျေးရွာအုပ်စု,village_tract,,,unmatched,exact_township_name,Source township resolved but CoreMap township id not matched in admin pass
1003219,Ayeyarwady Region,ဧရာဝတီတိုင်းဒေသကြီး,Kyangin Township,ကြံခင်း မြို့နယ်,Khon Gyi Village Tract,ခုံကြီး ကျေးရွာအုပ်စု,village_tract,,,unmatched,exact_township_name,Source township resolved but CoreMap township id not matched in admin pass
1003220,Ayeyarwady Region,ဧရာဝတီတိုင်းဒေသကြီး,Kyangin Township,ကြံခင်း မြို့နယ်,Pein Hne Kwin Village Tract,ပိန္နဲကွင်း ကျေးရွာအုပ်စု,village_tract,,,unmatched,exact_township_name,Source township resolved but CoreMap township id not matched in admin pass
1003221,Ayeyarwady Region,ဧရာဝတီတိုင်းဒေသကြီး,Kyangin Township,ကြံခင်း မြို့နယ်,Yae Nan Taung Village Tract,ရေနံတောင် ကျေးရွာအုပ်စု,village_tract,,,unmatched,exact_township_name,Source township resolved but CoreMap township id not matched in admin pass
1003222,Ayeyarwady Region,ဧရာဝတီတိုင်းဒေသကြီး,Kyangin Township,ကြံခင်း မြို့နယ်,Shauk Khon Village Tract,ရှောက်ခုံ ကျေးရွာအုပ်စု,village_tract,,,unmatched,exact_township_name,Source township resolved but CoreMap township id not matched in admin pass
1003223,Ayeyarwady Region,ဧရာဝတီတိုင်းဒေသကြီး,Kyangin Township,ကြံခင်း မြို့နယ်,Pauk Nwe San Village Tract,ပေါက်နွယ်စမ်း ကျေးရွာအုပ်စု,village_tract,,,unmatched,exact_township_name,Source township resolved but CoreMap township id not matched in admin pass
1003224,Ayeyarwady Region,ဧရာဝတီတိုင်းဒေသကြီး,Kyangin Township,ကြံခင်း မြို့နယ်,Thit Seint Kaing Village Tract,သစ်ဆိမ့်ကိုင်း ကျေးရွာအုပ်စု,village_tract,,,unmatched,exact_township_name,Source township resolved but CoreMap township id not matched in admin pass
1003225,Ayeyarwady Region,ဧရာဝတီတိုင်းဒေသကြီး,Kyangin Township,ကြံခင်း မြို့နယ်,Kun Ait Kone Village Tract,ကွမ်းအစ်ကုန်း ကျေးရွာအုပ်စု,village_tract,,,unmatched,exact_township_name,Source township resolved but CoreMap township id not matched in admin pass
1003226,Ayeyarwady Region,ဧရာဝတီတိုင်းဒေသကြီး,Kyangin Township,ကြံခင်း မြို့နယ်,Zee Pin Kwin Village Tract,ဇီးပင်ကွင်း ကျေးရွာအုပ်စု,village_tract,,,unmatched,exact_township_name,Source township resolved but CoreMap township id not matched in admin pass
1003227,Ayeyarwady Region,ဧရာဝတီတိုင်းဒေသကြီး,Kyangin Township,ကြံခင်း မြို့နယ်,Kwin Gyi Village Tract,ကွင်းကြီး ကျေးရွာအုပ်စု,village_tract,,,unmatched,exact_township_name,Source township resolved but CoreMap township id not matched in admin pass
1003228,Ayeyarwady Region,ဧရာဝတီတိုင်းဒေသကြီး,Kyangin Township,ကြံခင်း မြို့နယ်,Poe Su Gyi Village Tract,ပိုးစုကြီး ကျေးရွာအုပ်စု,village_tract,,,unmatched,exact_township_name,Source township resolved but CoreMap township id not matched in admin pass
1003229,Ayeyarwady Region,ဧရာဝတီတိုင်းဒေသကြီး,Kyangin Township,ကြံခင်း မြို့နယ်,Kyoet Pin Su Village Tract,ကြို့ပင်စု ကျေးရွာအုပ်စု,village_tract,,,unmatched,exact_township_name,Source township resolved but CoreMap township id not matched in admin pass
1004001,Ayeyarwady Region,ဧရာဝတီတိုင်းဒေသကြီး,Myanaung Township,မြန်အောင် မြို့နယ်,No (1) Quarter,အမှတ် (၁) ရပ်ကွက်,ward,,,unmatched,exact_township_name,Source township resolved but CoreMap township id not matched in admin pass
1004002,Ayeyarwady Region,ဧရာဝတီတိုင်းဒေသကြီး,Myanaung Township,မြန်အောင် မြို့နယ်,No (2) Quarter,အမှတ် (၂) ရပ်ကွက်,ward,,,unmatched,exact_township_name,Source township resolved but CoreMap township id not matched in admin pass
1004003,Ayeyarwady Region,ဧရာဝတီတိုင်းဒေသကြီး,Myanaung Township,မြန်အောင် မြို့နယ်,No (3) Quarter,အမှတ် (၃) ရပ်ကွက်,ward,,,unmatched,exact_township_name,Source township resolved but CoreMap township id not matched in admin pass
1004004,Ayeyarwady Region,ဧရာဝတီတိုင်းဒေသကြီး,Myanaung Township,မြန်အောင် မြို့နယ်,No (4) Quarter,အမှတ် (၄) ရပ်ကွက်,ward,,,unmatched,exact_township_name,Source township resolved but CoreMap township id not matched in admin pass
1004005,Ayeyarwady Region,ဧရာဝတီတိုင်းဒေသကြီး,Myanaung Township,မြန်အောင် မြို့နယ်,No (5) Quarter,အမှတ် (၅) ရပ်ကွက်,ward,,,unmatched,exact_township_name,Source township resolved but CoreMap township id not matched in admin pass
1004006,Ayeyarwady Region,ဧရာဝတီတိုင်းဒေသကြီး,Myanaung Township,မြန်အောင် မြို့နယ်,No (6) Quarter,အမှတ် (၆) ရပ်ကွက်,ward,,,unmatched,exact_township_name,Source township resolved but CoreMap township id not matched in admin pass
1004200,Ayeyarwady Region,ဧရာဝတီတိုင်းဒေသကြီး,Myanaung Township,မြန်အောင် မြို့နယ်,San Village Tract,စမ်း ကျေးရွာအုပ်စု,village_tract,,,unmatched,exact_township_name,Source township resolved but CoreMap township id not matched in admin pass
1004201,Ayeyarwady Region,ဧရာဝတီတိုင်းဒေသကြီး,Myanaung Township,မြန်အောင် မြို့နယ်,ha Pyay Kone Village Tract,သပြေကုန်း ကျေးရွာအုပ်စု,village_tract,,,unmatched,exact_township_name,Source township resolved but CoreMap township id not matched in admin pass
1004202,Ayeyarwady Region,ဧရာဝတီတိုင်းဒေသကြီး,Myanaung Township,မြန်အောင် မြို့နယ်,Kwin Gyi Daunt Village Tract,ကွင်းကြီးဒေါင့် ကျေးရွာအုပ်စု,village_tract,,,unmatched,exact_township_name,Source township resolved but CoreMap township id not matched in admin pass
1004203,Ayeyarwady Region,ဧရာဝတီတိုင်းဒေသကြီး,Myanaung Township,မြန်အောင် မြို့နယ်,Myit Kyoe Village Tract,မြစ်ကျိုး ကျေးရွာအုပ်စု,village_tract,,,unmatched,exact_township_name,Source township resolved but CoreMap township id not matched in admin pass
1004204,Ayeyarwady Region,ဧရာဝတီတိုင်းဒေသကြီး,Myanaung Township,မြန်အောင် မြို့နယ်,Nat Pa Tee Village Tract,နတ်ပတီး ကျေးရွာအုပ်စု,village_tract,,,unmatched,exact_township_name,Source township resolved but CoreMap township id not matched in admin pass
1004205,Ayeyarwady Region,ဧရာဝတီတိုင်းဒေသကြီး,Myanaung Township,မြန်အောင် မြို့နယ်,Myo Ma Te Gyi Kone Village Tract,မြို့မတဲကြီးကုန်း ကျေးရွာအုပ်စု,village_tract,,,unmatched,exact_township_name,Source township resolved but CoreMap township id not matched in admin pass
1004206,Ayeyarwady Region,ဧရာဝတီတိုင်းဒေသကြီး,Myanaung Township,မြန်အောင် မြို့နယ်,Nyaung Myit Swea Village Tract,ညောင်မြစ်ဆွဲ ကျေးရွာအုပ်စု,village_tract,,,unmatched,exact_township_name,Source township resolved but CoreMap township id not matched in admin pass
1004207,Ayeyarwady Region,ဧရာဝတီတိုင်းဒေသကြီး,Myanaung Township,မြန်အောင် မြို့နယ်,Se Village Tract,ဆယ် ကျေးရွာအုပ်စု,village_tract,,,unmatched,exact_township_name,Source township resolved but CoreMap township id not matched in admin pass
1004208,Ayeyarwady Region,ဧရာဝတီတိုင်းဒေသကြီး,Myanaung Township,မြန်အောင် မြို့နယ်,San Ni Chaung Village Tract,ဆန်နီချောင် ကျေးရွာအုပ်စု,village_tract,,,unmatched,exact_township_name,Source township resolved but CoreMap township id not matched in admin pass
1004209,Ayeyarwady Region,ဧရာဝတီတိုင်းဒေသကြီး,Myanaung Township,မြန်အောင် မြို့နယ်,Tar Gwa Te Gyi Kone Village Tract,တာဂွတဲကြီးကုန်း ကျေးရွာအုပ်စု,village_tract,,,unmatched,exact_township_name,Source township resolved but CoreMap township id not matched in admin pass
1004210,Ayeyarwady Region,ဧရာဝတီတိုင်းဒေသကြီး,Myanaung Township,မြန်အောင် မြို့နယ်,Kun Taw Village Tract,ကွမ်းတော ကျေးရွာအုပ်စု,village_tract,,,unmatched,exact_township_name,Source township resolved but CoreMap township id not matched in admin pass
1004211,Ayeyarwady Region,ဧရာဝတီတိုင်းဒေသကြီး,Myanaung Township,မြန်အောင် မြို့နယ်,Ka Zun Khon Village Tract,ကဇွန်းခုံ ကျေးရွာအုပ်စု,village_tract,,,unmatched,exact_township_name,Source township resolved but CoreMap township id not matched in admin pass
1004212,Ayeyarwady Region,ဧရာဝတီတိုင်းဒေသကြီး,Myanaung Township,မြန်အောင် မြို့နယ်,Shar Taw Village Tract,ရှားတော ကျေးရွာအုပ်စု,village_tract,,,unmatched,exact_township_name,Source township resolved but CoreMap township id not matched in admin pass
1004213,Ayeyarwady Region,ဧရာဝတီတိုင်းဒေသကြီး,Myanaung Township,မြန်အောင် မြို့နယ်,Lay Tu Gyi Village Tract,လေးတူးကြီး ကျေးရွာအုပ်စု,village_tract,,,unmatched,exact_township_name,Source township resolved but CoreMap township id not matched in admin pass
1004214,Ayeyarwady Region,ဧရာဝတီတိုင်းဒေသကြီး,Myanaung Township,မြန်အောင် မြို့နယ်,Kywe Te Kone Village Tract,ကျွဲတဲကုန်း ကျေးရွာအုပ်စု,village_tract,,,unmatched,exact_township_name,Source township resolved but CoreMap township id not matched in admin pass
1004215,Ayeyarwady Region,ဧရာဝတီတိုင်းဒေသကြီး,Myanaung Township,မြန်အောင် မြို့နယ်,Pauk Kone Sun Village Tract,ပေါက်ကုန်းစွန်း ကျေးရွာအုပ်စု,village_tract,,,unmatched,exact_township_name,Source township resolved but CoreMap township id not matched in admin pass
1004216,Ayeyarwady Region,ဧရာဝတီတိုင်းဒေသကြီး,Myanaung Township,မြန်အောင် မြို့နယ်,Oe Bo Village Tract,အိုးဘို ကျေးရွာအုပ်စု,village_tract,,,unmatched,exact_township_name,Source township resolved but CoreMap township id not matched in admin pass
1004217,Ayeyarwady Region,ဧရာဝတီတိုင်းဒေသကြီး,Myanaung Township,မြန်အောင် မြို့နယ်,Wet Toe Village Tract,ဝက်တိုး ကျေးရွာအုပ်စု,village_tract,,,unmatched,exact_township_name,Source township resolved but CoreMap township id not matched in admin pass
1004218,Ayeyarwady Region,ဧရာဝတီတိုင်းဒေသကြီး,Myanaung Township,မြန်အောင် မြို့နယ်,Thet Kei Kone Village Tract,သက္ကယ်ကုန်း ကျေးရွာအုပ်စု,village_tract,,,unmatched,exact_township_name,Source township resolved but CoreMap township id not matched in admin pass
1004219,Ayeyarwady Region,ဧရာဝတီတိုင်းဒေသကြီး,Myanaung Township,မြန်အောင် မြို့နယ်,Sin Thay Village Tract,ဆင်သေ ကျေးရွာအုပ်စု,village_tract,,,unmatched,exact_township_name,Source township resolved but CoreMap township id not matched in admin pass
1004220,Ayeyarwady Region,ဧရာဝတီတိုင်းဒေသကြီး,Myanaung Township,မြန်အောင် မြို့နယ်,Kat Kho Village Tract,ကပ်ခို ကျေးရွာအုပ်စု,village_tract,,,unmatched,exact_township_name,Source township resolved but CoreMap township id not matched in admin pass
1004221,Ayeyarwady Region,ဧရာဝတီတိုင်းဒေသကြီး,Myanaung Township,မြန်အောင် မြို့နယ်,Zee Hpyu Kone Village Tract,ဇီးဖြူကုန်း ကျေးရွာအုပ်စု,village_tract,,,unmatched,exact_township_name,Source township resolved but CoreMap township id not matched in admin pass
1004222,Ayeyarwady Region,ဧရာဝတီတိုင်းဒေသကြီး,Myanaung Township,မြန်အောင် မြို့နယ်,Htan Thone Pin Village Tract,ထန်းသုံးပင် ကျေးရွာအုပ်စု,village_tract,,,unmatched,exact_township_name,Source township resolved but CoreMap township id not matched in admin pass
1004223,Ayeyarwady Region,ဧရာဝတီတိုင်းဒေသကြီး,Myanaung Township,မြန်အောင် မြို့နယ်,La Har Pauk Village Tract,လဟာပေါက် ကျေးရွာအုပ်စု,village_tract,,,unmatched,exact_township_name,Source township resolved but CoreMap township id not matched in admin pass
1004224,Ayeyarwady Region,ဧရာဝတီတိုင်းဒေသကြီး,Myanaung Township,မြန်အောင် မြို့နယ်,Ka Nyin Ngu Village Tract,ကညင်ငူ ကျေးရွာအုပ်စု,village_tract,,,unmatched,exact_township_name,Source township resolved but CoreMap township id not matched in admin pass
1004225,Ayeyarwady Region,ဧရာဝတီတိုင်းဒေသကြီး,Myanaung Township,မြန်အောင် မြို့နယ်,Htu Village Tract,ထူ ကျေးရွာအုပ်စု,village_tract,,,unmatched,exact_township_name,Source township resolved but CoreMap township id not matched in admin pass
1004226,Ayeyarwady Region,ဧရာဝတီတိုင်းဒေသကြီး,Myanaung Township,မြန်အောင် မြို့နယ်,Kyet Thun Khin Village Tract,ကြက်သွန်ခင်း ကျေးရွာအုပ်စု,village_tract,,,unmatched,exact_township_name,Source township resolved but CoreMap township id not matched in admin pass
1004227,Ayeyarwady Region,ဧရာဝတီတိုင်းဒေသကြီး,Myanaung Township,မြန်အောင် မြို့နယ်,Tha Khut Kwin Village Tract,သခွပ်ကွင်း ကျေးရွာအုပ်စု,village_tract,,,unmatched,exact_township_name,Source township resolved but CoreMap township id not matched in admin pass
1004228,Ayeyarwady Region,ဧရာဝတီတိုင်းဒေသကြီး,Myanaung Township,မြန်အောင် မြို့နယ်,Pein Inn Village Tract,ပိန်းအင်း ကျေးရွာအုပ်စု,village_tract,,,unmatched,exact_township_name,Source township resolved but CoreMap township id not matched in admin pass
1004229,Ayeyarwady Region,ဧရာဝတီတိုင်းဒေသကြီး,Myanaung Township,မြန်အောင် မြို့နယ်,Taw Kywe Lu Village Tract,တောကျွဲလူး ကျေးရွာအုပ်စု,village_tract,,,unmatched,exact_township_name,Source township resolved but CoreMap township id not matched in admin pass
1004230,Ayeyarwady Region,ဧရာဝတီတိုင်းဒေသကြီး,Myanaung Township,မြန်အောင် မြို့နယ်,Nyaung Waing Village Tract,ညောင်ဝိုင်း ကျေးရွာအုပ်စု,village_tract,,,unmatched,exact_township_name,Source township resolved but CoreMap township id not matched in admin pass
1004231,Ayeyarwady Region,ဧရာဝတီတိုင်းဒေသကြီး,Myanaung Township,မြန်အောင် မြို့နယ်,Shwe Kyin Village Tract,ရွှေကျင် ကျေးရွာအုပ်စု,village_tract,,,unmatched,exact_township_name,Source township resolved but CoreMap township id not matched in admin pass
1004232,Ayeyarwady Region,ဧရာဝတီတိုင်းဒေသကြီး,Myanaung Township,မြန်အောင် မြို့နယ်,Nga Pi Seik Village Tract,ငါးပိဆိပ် ကျေးရွာအုပ်စု,village_tract,,,unmatched,exact_township_name,Source township resolved but CoreMap township id not matched in admin pass
1004233,Ayeyarwady Region,ဧရာဝတီတိုင်းဒေသကြီး,Myanaung Township,မြန်အောင် မြို့နယ်,Tha Yet Taw Village Tract,သရက်တော ကျေးရွာအုပ်စု,village_tract,,,unmatched,exact_township_name,Source township resolved but CoreMap township id not matched in admin pass
1004234,Ayeyarwady Region,ဧရာဝတီတိုင်းဒေသကြီး,Myanaung Township,မြန်အောင် မြို့နယ်,Kyu Taw Village Tract,ကြူတော ကျေးရွာအုပ်စု,village_tract,,,unmatched,exact_township_name,Source township resolved but CoreMap township id not matched in admin pass
1004235,Ayeyarwady Region,ဧရာဝတီတိုင်းဒေသကြီး,Myanaung Township,မြန်အောင် မြို့နယ်,Yaik Village Tract,ရိုက် ကျေးရွာအုပ်စု,village_tract,,,unmatched,exact_township_name,Source township resolved but CoreMap township id not matched in admin pass
1004236,Ayeyarwady Region,ဧရာဝတီတိုင်းဒေသကြီး,Myanaung Township,မြန်အောင် မြို့နယ်,Nyaung Tone Le Village Tract,ညောင်တုံးလဲ ကျေးရွာအုပ်စု,village_tract,,,unmatched,exact_township_name,Source township resolved but CoreMap township id not matched in admin pass
1004237,Ayeyarwady Region,ဧရာဝတီတိုင်းဒေသကြီး,Myanaung Township,မြန်အောင် မြို့နယ်,Daung Kya Village Tract,ဒေါင်းကျ ကျေးရွာအုပ်စု,village_tract,,,unmatched,exact_township_name,Source township resolved but CoreMap township id not matched in admin pass
1004238,Ayeyarwady Region,ဧရာဝတီတိုင်းဒေသကြီး,Myanaung Township,မြန်အောင် မြို့နယ်,Tha Pyay Kone (2)/ Tha Pyay Kone Village Tract,သပြေကုန်း ကျေးရွာအုပ်စု,village_tract,,,unmatched,exact_township_name,Source township resolved but CoreMap township id not matched in admin pass
1004239,Ayeyarwady Region,ဧရာဝတီတိုင်းဒေသကြီး,Myanaung Township,မြန်အောင် မြို့နယ်,Pe Ta Khwe Village Tract,ပဲတခွဲ ကျေးရွာအုပ်စု,village_tract,,,unmatched,exact_township_name,Source township resolved but CoreMap township id not matched in admin pass
1004240,Ayeyarwady Region,ဧရာဝတီတိုင်းဒေသကြီး,Myanaung Township,မြန်အောင် မြို့နယ်,Me Khin Chaung Village Tract,မဲခင်ချောင် ကျေးရွာအုပ်စု,village_tract,,,unmatched,exact_township_name,Source township resolved but CoreMap township id not matched in admin pass
1004241,Ayeyarwady Region,ဧရာဝတီတိုင်းဒေသကြီး,Myanaung Township,မြန်အောင် မြို့နယ်,Za Loke Gyi Village Tract,ဇလုပ်ကြီး ကျေးရွာအုပ်စု,village_tract,,,unmatched,exact_township_name,Source township resolved but CoreMap township id not matched in admin pass
1004242,Ayeyarwady Region,ဧရာဝတီတိုင်းဒေသကြီး,Myanaung Township,မြန်အောင် မြို့နယ်,Thea Hpyu Village Tract,သဲဖြူ ကျေးရွာအုပ်စု,village_tract,,,unmatched,exact_township_name,Source township resolved but CoreMap township id not matched in admin pass
1004243,Ayeyarwady Region,ဧရာဝတီတိုင်းဒေသကြီး,Myanaung Township,မြန်အောင် မြို့နယ်,Yin Taik Kone Village Tract,ရင်းတိုက်ကုန်း ကျေးရွာအုပ်စု,village_tract,,,unmatched,exact_township_name,Source township resolved but CoreMap township id not matched in admin pass
1004244,Ayeyarwady Region,ဧရာဝတီတိုင်းဒေသကြီး,Myanaung Township,မြန်အောင် မြို့နယ်,Htauk Kyant Village Tract,ထောက်ကျန့် ကျေးရွာအုပ်စု,village_tract,,,unmatched,exact_township_name,Source township resolved but CoreMap township id not matched in admin pass
1004245,Ayeyarwady Region,ဧရာဝတီတိုင်းဒေသကြီး,Myanaung Township,မြန်အောင် မြို့နယ်,Ka Nyut Kone Village Tract,ကညွတ်ကုန်း ကျေးရွာအုပ်စု,village_tract,,,unmatched,exact_township_name,Source township resolved but CoreMap township id not matched in admin pass
1004246,Ayeyarwady Region,ဧရာဝတီတိုင်းဒေသကြီး,Myanaung Township,မြန်အောင် မြို့နယ်,Ah Sei Village Tract,အစယ် ကျေးရွာအုပ်စု,village_tract,,,unmatched,exact_township_name,Source township resolved but CoreMap township id not matched in admin pass
1004247,Ayeyarwady Region,ဧရာဝတီတိုင်းဒေသကြီး,Myanaung Township,မြန်အောင် မြို့နယ်,Hnget Gyi Kwin Village Tract,ငှက်ကြီးကွင်း ကျေးရွာအုပ်စု,village_tract,,,unmatched,exact_township_name,Source township resolved but CoreMap township id not matched in admin pass
1004248,Ayeyarwady Region,ဧရာဝတီတိုင်းဒေသကြီး,Myanaung Township,မြန်အောင် မြို့နယ်,Ma Gyi Kone Village Tract,မကြီးကုန်း ကျေးရွာအုပ်စု,village_tract,,,unmatched,exact_township_name,Source township resolved but CoreMap township id not matched in admin pass
1004249,Ayeyarwady Region,ဧရာဝတီတိုင်းဒေသကြီး,Myanaung Township,မြန်အောင် မြို့နယ်,Let Pan Kwin Village Tract,လက်ပန်ကွင်း ကျေးရွာအုပ်စု,village_tract,,,unmatched,exact_township_name,Source township resolved but CoreMap township id not matched in admin pass
1004250,Ayeyarwady Region,ဧရာဝတီတိုင်းဒေသကြီး,Myanaung Township,မြန်အောင် မြို့နယ်,Thea Boet Village Tract,သဲဘို့ ကျေးရွာအုပ်စု,village_tract,,,unmatched,exact_township_name,Source township resolved but CoreMap township id not matched in admin pass
1004251,Ayeyarwady Region,ဧရာဝတီတိုင်းဒေသကြီး,Myanaung Township,မြန်အောင် မြို့နယ်,Nga Bat Kya Village Tract,ငါးဘတ်ကျ ကျေးရွာအုပ်စု,village_tract,,,unmatched,exact_township_name,Source township resolved but CoreMap township id not matched in admin pass
1004252,Ayeyarwady Region,ဧရာဝတီတိုင်းဒေသကြီး,Myanaung Township,မြန်အောင် မြို့နယ်,Nyaung Chin Village Tract,ညောင်ချင် ကျေးရွာအုပ်စု,village_tract,,,unmatched,exact_township_name,Source township resolved but CoreMap township id not matched in admin pass
1004253,Ayeyarwady Region,ဧရာဝတီတိုင်းဒေသကြီး,Myanaung Township,မြန်အောင် မြို့နယ်,Htein Thay Gyi Village Tract,ထိန်သေးကြီး ကျေးရွာအုပ်စု,village_tract,,,unmatched,exact_township_name,Source township resolved but CoreMap township id not matched in admin pass
1004254,Ayeyarwady Region,ဧရာဝတီတိုင်းဒေသကြီး,Myanaung Township,မြန်အောင် မြို့နယ်,Ma Yway Kone Village Tract,မရွေးကုန်း ကျေးရွာအုပ်စု,village_tract,,,unmatched,exact_township_name,Source township resolved but CoreMap township id not matched in admin pass
1004255,Ayeyarwady Region,ဧရာဝတီတိုင်းဒေသကြီး,Myanaung Township,မြန်အောင် မြို့နယ်,Bant Bway Kone Village Tract,ဘန့်ဘွေးကုန်း ကျေးရွာအုပ်စု,village_tract,,,unmatched,exact_township_name,Source township resolved but CoreMap township id not matched in admin pass
1004256,Ayeyarwady Region,ဧရာဝတီတိုင်းဒေသကြီး,Myanaung Township,မြန်အောင် မြို့နယ်,San Ywar Gyi Village Tract,စမ်းရွာကြီး ကျေးရွာအုပ်စု,village_tract,,,unmatched,exact_township_name,Source township resolved but CoreMap township id not matched in admin pass
1004257,Ayeyarwady Region,ဧရာဝတီတိုင်းဒေသကြီး,Myanaung Township,မြန်အောင် မြို့နယ်,Myin War Taung Village Tract,မြင်ဝါးတောင် ကျေးရွာအုပ်စု,village_tract,,,unmatched,exact_township_name,Source township resolved but CoreMap township id not matched in admin pass
1005001,Ayeyarwady Region,ဧရာဝတီတိုင်းဒေသကြီး,Ingapu Township,အင်္ဂပူ မြို့နယ်,No (1) Quarter,(၁) ရပ်ကွက်,ward,,,unmatched,exact_township_name,Source township resolved but CoreMap township id not matched in admin pass
1005002,Ayeyarwady Region,ဧရာဝတီတိုင်းဒေသကြီး,Ingapu Township,အင်္ဂပူ မြို့နယ်,No (2) Quarter,(၂) ရပ်ကွက်,ward,,,unmatched,exact_township_name,Source township resolved but CoreMap township id not matched in admin pass
1005003,Ayeyarwady Region,ဧရာဝတီတိုင်းဒေသကြီး,Ingapu Township,အင်္ဂပူ မြို့နယ်,No (3) Quarter,(၃) ရပ်ကွက်,ward,,,unmatched,exact_township_name,Source township resolved but CoreMap township id not matched in admin pass
1005200,Ayeyarwady Region,ဧရာဝတီတိုင်းဒေသကြီး,Ingapu Township,အင်္ဂပူ မြို့နယ်,Kan U Village Tract,ကံဦး ကျေးရွာအုပ်စု,village_tract,,,unmatched,exact_township_name,Source township resolved but CoreMap township id not matched in admin pass
1005201,Ayeyarwady Region,ဧရာဝတီတိုင်းဒေသကြီး,Ingapu Township,အင်္ဂပူ မြို့နယ်,Shan Gaung Bye Village Tract,ရှမ်းခေါင်းဗြဲ ကျေးရွာအုပ်စု,village_tract,,,unmatched,exact_township_name,Source township resolved but CoreMap township id not matched in admin pass
1005202,Ayeyarwady Region,ဧရာဝတီတိုင်းဒေသကြီး,Ingapu Township,အင်္ဂပူ မြို့နယ်,Auk Ywar Gyi Village Tract,အောက်ရွာကြီး ကျေးရွာအုပ်စု,village_tract,,,unmatched,exact_township_name,Source township resolved but CoreMap township id not matched in admin pass
1005203,Ayeyarwady Region,ဧရာဝတီတိုင်းဒေသကြီး,Ingapu Township,အင်္ဂပူ မြို့နယ်,Thet Kei Pyin Village Tract,သက္ကယ်ပြင် ကျေးရွာအုပ်စု,village_tract,,,unmatched,exact_township_name,Source township resolved but CoreMap township id not matched in admin pass
1005204,Ayeyarwady Region,ဧရာဝတီတိုင်းဒေသကြီး,Ingapu Township,အင်္ဂပူ မြို့နယ်,Nauk Mee Village Tract,နောက်မီး ကျေးရွာအုပ်စု,village_tract,,,unmatched,exact_township_name,Source township resolved but CoreMap township id not matched in admin pass
1005205,Ayeyarwady Region,ဧရာဝတီတိုင်းဒေသကြီး,Ingapu Township,အင်္ဂပူ မြို့နယ်,Wet Thay Village Tract,ဝက်သေ ကျေးရွာအုပ်စု,village_tract,,,unmatched,exact_township_name,Source township resolved but CoreMap township id not matched in admin pass
1005206,Ayeyarwady Region,ဧရာဝတီတိုင်းဒေသကြီး,Ingapu Township,အင်္ဂပူ မြို့နယ်,Myit Tar Kone Village Tract,မေတ္တာကုန်း ကျေးရွာအုပ်စု,village_tract,,,unmatched,exact_township_name,Source township resolved but CoreMap township id not matched in admin pass
1005207,Ayeyarwady Region,ဧရာဝတီတိုင်းဒေသကြီး,Ingapu Township,အင်္ဂပူ မြို့နယ်,Pan Tin Village Tract,ပန်းတင် ကျေးရွာအုပ်စု,village_tract,,,unmatched,exact_township_name,Source township resolved but CoreMap township id not matched in admin pass
1005208,Ayeyarwady Region,ဧရာဝတီတိုင်းဒေသကြီး,Ingapu Township,အင်္ဂပူ မြို့နယ်,Hpa Yar Kwin Village Tract,ဘုရားကွင်း ကျေးရွာအုပ်စု,village_tract,,,unmatched,exact_township_name,Source township resolved but CoreMap township id not matched in admin pass
1005209,Ayeyarwady Region,ဧရာဝတီတိုင်းဒေသကြီး,Ingapu Township,အင်္ဂပူ မြို့နယ်,Htan Taw Su Village Tract,ထန်းတောစု ကျေးရွာအုပ်စု,village_tract,,,unmatched,exact_township_name,Source township resolved but CoreMap township id not matched in admin pass
1005210,Ayeyarwady Region,ဧရာဝတီတိုင်းဒေသကြီး,Ingapu Township,အင်္ဂပူ မြို့နယ်,Me Za Li Kone Village Tract,မဲဇလီကုန်း ကျေးရွာအုပ်စု,village_tract,,,unmatched,exact_township_name,Source township resolved but CoreMap township id not matched in admin pass
1005211,Ayeyarwady Region,ဧရာဝတီတိုင်းဒေသကြီး,Ingapu Township,အင်္ဂပူ မြို့နယ်,Lel Gyi Kwin Village Tract,လယ်ကြီးကွင်း ကျေးရွာအုပ်စု,village_tract,,,unmatched,exact_township_name,Source township resolved but CoreMap township id not matched in admin pass
1005212,Ayeyarwady Region,ဧရာဝတီတိုင်းဒေသကြီး,Ingapu Township,အင်္ဂပူ မြို့နယ်,Thet Kei Pyin (Than Ba Yar Taing) Village Tract,သက္ကယ်ပြင် (သမ္ဘရာတိုင်း) ကျေးရွာအုပ်စု,village_tract,,,unmatched,exact_township_name,Source township resolved but CoreMap township id not matched in admin pass
1005213,Ayeyarwady Region,ဧရာဝတီတိုင်းဒေသကြီး,Ingapu Township,အင်္ဂပူ မြို့နယ်,Kayin Ku Village Tract,ကရင်ကူး ကျေးရွာအုပ်စု,village_tract,,,unmatched,exact_township_name,Source township resolved but CoreMap township id not matched in admin pass
1005214,Ayeyarwady Region,ဧရာဝတီတိုင်းဒေသကြီး,Ingapu Township,အင်္ဂပူ မြို့နယ်,In Pin Kone Village Tract,အင်ပင်ကုန်း ကျေးရွာအုပ်စု,village_tract,,,unmatched,exact_township_name,Source township resolved but CoreMap township id not matched in admin pass
1005215,Ayeyarwady Region,ဧရာဝတီတိုင်းဒေသကြီး,Ingapu Township,အင်္ဂပူ မြို့နယ်,Chin Chaung Village Tract,ချင်းချောင် ကျေးရွာအုပ်စု,village_tract,,,unmatched,exact_township_name,Source township resolved but CoreMap township id not matched in admin pass
1005216,Ayeyarwady Region,ဧရာဝတီတိုင်းဒေသကြီး,Ingapu Township,အင်္ဂပူ မြို့နယ်,Mee Laung Kone Village Tract,မီးလောင်ကုန်း ကျေးရွာအုပ်စု,village_tract,,,unmatched,exact_township_name,Source township resolved but CoreMap township id not matched in admin pass
1005217,Ayeyarwady Region,ဧရာဝတီတိုင်းဒေသကြီး,Ingapu Township,အင်္ဂပူ မြို့နယ်,Lay Gyi Village Tract,လေးကြီး ကျေးရွာအုပ်စု,village_tract,,,unmatched,exact_township_name,Source township resolved but CoreMap township id not matched in admin pass
1005218,Ayeyarwady Region,ဧရာဝတီတိုင်းဒေသကြီး,Ingapu Township,အင်္ဂပူ မြို့နယ်,Tha Bawt Village Tract,သဘော့ ကျေးရွာအုပ်စု,village_tract,,,unmatched,exact_township_name,Source township resolved but CoreMap township id not matched in admin pass
1005219,Ayeyarwady Region,ဧရာဝတီတိုင်းဒေသကြီး,Ingapu Township,အင်္ဂပူ မြို့နယ်,Ka Nyin Ngu Village Tract,ကညင်ငူ ကျေးရွာအုပ်စု,village_tract,,,unmatched,exact_township_name,Source township resolved but CoreMap township id not matched in admin pass
1005220,Ayeyarwady Region,ဧရာဝတီတိုင်းဒေသကြီး,Ingapu Township,အင်္ဂပူ မြို့နယ်,Put Kone Village Tract,ပွတ်ကုန်း ကျေးရွာအုပ်စု,village_tract,,,unmatched,exact_township_name,Source township resolved but CoreMap township id not matched in admin pass
1005221,Ayeyarwady Region,ဧရာဝတီတိုင်းဒေသကြီး,Ingapu Township,အင်္ဂပူ မြို့နယ်,Htu Gyi Village Tract,ထူးကြီး ကျေးရွာအုပ်စု,village_tract,,,unmatched,exact_township_name,Source township resolved but CoreMap township id not matched in admin pass
1005222,Ayeyarwady Region,ဧရာဝတီတိုင်းဒေသကြီး,Ingapu Township,အင်္ဂပူ မြို့နယ်,Oke Shit Kone Village Tract,အုပ်ရှစ်ကုန်း ကျေးရွာအုပ်စု,village_tract,,,unmatched,exact_township_name,Source township resolved but CoreMap township id not matched in admin pass
1005223,Ayeyarwady Region,ဧရာဝတီတိုင်းဒေသကြီး,Ingapu Township,အင်္ဂပူ မြို့နယ်,Kyaung Kone Village Tract,ကျောင်းကုန်း ကျေးရွာအုပ်စု,village_tract,,,unmatched,exact_township_name,Source township resolved but CoreMap township id not matched in admin pass
1005224,Ayeyarwady Region,ဧရာဝတီတိုင်းဒေသကြီး,Ingapu Township,အင်္ဂပူ မြို့နယ်,Oke Twin Village Tract,အုပ်တွင်း ကျေးရွာအုပ်စု,village_tract,,,unmatched,exact_township_name,Source township resolved but CoreMap township id not matched in admin pass
1005225,Ayeyarwady Region,ဧရာဝတီတိုင်းဒေသကြီး,Ingapu Township,အင်္ဂပူ မြို့နယ်,War Net Taw Village Tract,ဝါးနက်တော ကျေးရွာအုပ်စု,village_tract,,,unmatched,exact_township_name,Source township resolved but CoreMap township id not matched in admin pass
1005226,Ayeyarwady Region,ဧရာဝတီတိုင်းဒေသကြီး,Ingapu Township,အင်္ဂပူ မြို့နယ်,Ma Hpe Kwin Village Tract,မဖဲကွင်း ကျေးရွာအုပ်စု,village_tract,,,unmatched,exact_township_name,Source township resolved but CoreMap township id not matched in admin pass
1005227,Ayeyarwady Region,ဧရာဝတီတိုင်းဒေသကြီး,Ingapu Township,အင်္ဂပူ မြို့နယ်,Nyaung Pin Gyi Kwin Village Tract,ညောင်ပင်ကြီးကွင်း ကျေးရွာအုပ်စု,village_tract,,,unmatched,exact_township_name,Source township resolved but CoreMap township id not matched in admin pass
1005228,Ayeyarwady Region,ဧရာဝတီတိုင်းဒေသကြီး,Ingapu Township,အင်္ဂပူ မြို့နယ်,Chaung Gwa Village Tract,ချောင်းခွ ကျေးရွာအုပ်စု,village_tract,,,unmatched,exact_township_name,Source township resolved but CoreMap township id not matched in admin pass
1005229,Ayeyarwady Region,ဧရာဝတီတိုင်းဒေသကြီး,Ingapu Township,အင်္ဂပူ မြို့နယ်,Tit Ti Tu Kwin Village Tract,တစ်တီတူးကွင်း ကျေးရွာအုပ်စု,village_tract,,,unmatched,exact_township_name,Source township resolved but CoreMap township id not matched in admin pass
1005230,Ayeyarwady Region,ဧရာဝတီတိုင်းဒေသကြီး,Ingapu Township,အင်္ဂပူ မြို့နယ်,Hpa Yar Ngoke To Village Tract,ဘုရားငုတ္တို ကျေးရွာအုပ်စု,village_tract,,,unmatched,exact_township_name,Source township resolved but CoreMap township id not matched in admin pass
1005231,Ayeyarwady Region,ဧရာဝတီတိုင်းဒေသကြီး,Ingapu Township,အင်္ဂပူ မြို့နယ်,Htu Wa Village Tract,ထူးဝ ကျေးရွာအုပ်စု,village_tract,,,unmatched,exact_township_name,Source township resolved but CoreMap township id not matched in admin pass
1005232,Ayeyarwady Region,ဧရာဝတီတိုင်းဒေသကြီး,Ingapu Township,အင်္ဂပူ မြို့နယ်,Leik Paung Swea Village Tract,လိပ်ပေါင်ဆွဲ ကျေးရွာအုပ်စု,village_tract,,,unmatched,exact_township_name,Source township resolved but CoreMap township id not matched in admin pass
1005233,Ayeyarwady Region,ဧရာဝတီတိုင်းဒေသကြီး,Ingapu Township,အင်္ဂပူ မြို့နယ်,Tha Pyay Pin Village Tract,သပြေပင် ကျေးရွာအုပ်စု,village_tract,,,unmatched,exact_township_name,Source township resolved but CoreMap township id not matched in admin pass
1005234,Ayeyarwady Region,ဧရာဝတီတိုင်းဒေသကြီး,Ingapu Township,အင်္ဂပူ မြို့နယ်,Kywe Zin Village Tract,ကျွဲဇင်း ကျေးရွာအုပ်စု,village_tract,,,unmatched,exact_township_name,Source township resolved but CoreMap township id not matched in admin pass
1005235,Ayeyarwady Region,ဧရာဝတီတိုင်းဒေသကြီး,Ingapu Township,အင်္ဂပူ မြို့နယ်,Nyaung Kyoe Village Tract,ညောင်ကျိုး ကျေးရွာအုပ်စု,village_tract,,,unmatched,exact_township_name,Source township resolved but CoreMap township id not matched in admin pass
1005236,Ayeyarwady Region,ဧရာဝတီတိုင်းဒေသကြီး,Ingapu Township,အင်္ဂပူ မြို့နယ်,Lu Taw Su Village Tract,လူတော်စု ကျေးရွာအုပ်စု,village_tract,,,unmatched,exact_township_name,Source township resolved but CoreMap township id not matched in admin pass
1005237,Ayeyarwady Region,ဧရာဝတီတိုင်းဒေသကြီး,Ingapu Township,အင်္ဂပူ မြို့နယ်,Sit Kone Village Tract,စစ်ကုန်း ကျေးရွာအုပ်စု,village_tract,,,unmatched,exact_township_name,Source township resolved but CoreMap township id not matched in admin pass
1005238,Ayeyarwady Region,ဧရာဝတီတိုင်းဒေသကြီး,Ingapu Township,အင်္ဂပူ မြို့နယ်,Thet Kei Tan Village Tract,သက္ကယ်တန်း ကျေးရွာအုပ်စု,village_tract,,,unmatched,exact_township_name,Source township resolved but CoreMap township id not matched in admin pass
1005239,Ayeyarwady Region,ဧရာဝတီတိုင်းဒေသကြီး,Ingapu Township,အင်္ဂပူ မြို့နယ်,Gway Tauk Chaung Village Tract,ဂွေးတောက်ချောင်း ကျေးရွာအုပ်စု,village_tract,,,unmatched,exact_township_name,Source township resolved but CoreMap township id not matched in admin pass
1005240,Ayeyarwady Region,ဧရာဝတီတိုင်းဒေသကြီး,Ingapu Township,အင်္ဂပူ မြို့နယ်,Oe Kwe Village Tract,အိုးကွဲ ကျေးရွာအုပ်စု,village_tract,,,unmatched,exact_township_name,Source township resolved but CoreMap township id not matched in admin pass
1005241,Ayeyarwady Region,ဧရာဝတီတိုင်းဒေသကြီး,Ingapu Township,အင်္ဂပူ မြို့နယ်,Pa Toke Village Tract,ပတုပ် ကျေးရွာအုပ်စု,village_tract,,,unmatched,exact_township_name,Source township resolved but CoreMap township id not matched in admin pass
1005242,Ayeyarwady Region,ဧရာဝတီတိုင်းဒေသကြီး,Ingapu Township,အင်္ဂပူ မြို့နယ်,Wet La Har Village Tract,ဝက်လဟာ ကျေးရွာအုပ်စု,village_tract,,,unmatched,exact_township_name,Source township resolved but CoreMap township id not matched in admin pass
1005243,Ayeyarwady Region,ဧရာဝတီတိုင်းဒေသကြီး,Ingapu Township,အင်္ဂပူ မြို့နယ်,Kyoet Pin Village Tract,ကြို့ပင် ကျေးရွာအုပ်စု,village_tract,,,unmatched,exact_township_name,Source township resolved but CoreMap township id not matched in admin pass
1005244,Ayeyarwady Region,ဧရာဝတီတိုင်းဒေသကြီး,Ingapu Township,အင်္ဂပူ မြို့နယ်,Htan Pin Kan Village Tract,ထန်းပင်ကန် ကျေးရွာအုပ်စု,village_tract,,,unmatched,exact_township_name,Source township resolved but CoreMap township id not matched in admin pass
1005245,Ayeyarwady Region,ဧရာဝတီတိုင်းဒေသကြီး,Ingapu Township,အင်္ဂပူ မြို့နယ်,Son Kone Village Tract,ဆုံကုန်း ကျေးရွာအုပ်စု,village_tract,,,unmatched,exact_township_name,Source township resolved but CoreMap township id not matched in admin pass
1005246,Ayeyarwady Region,ဧရာဝတီတိုင်းဒေသကြီး,Ingapu Township,အင်္ဂပူ မြို့နယ်,Ma Gyi Kone Village Tract,မကျီးကုန်း ကျေးရွာအုပ်စု,village_tract,,,unmatched,exact_township_name,Source township resolved but CoreMap township id not matched in admin pass
1005247,Ayeyarwady Region,ဧရာဝတီတိုင်းဒေသကြီး,Ingapu Township,အင်္ဂပူ မြို့နယ်,Dei Poke Kwin Village Tract,ဒယ်ပုတ်ကွင်း ကျေးရွာအုပ်စု,village_tract,,,unmatched,exact_township_name,Source township resolved but CoreMap township id not matched in admin pass
1005248,Ayeyarwady Region,ဧရာဝတီတိုင်းဒေသကြီး,Ingapu Township,အင်္ဂပူ မြို့နယ်,Kan Bet Village Tract,ကန်ဘက် ကျေးရွာအုပ်စု,village_tract,,,unmatched,exact_township_name,Source township resolved but CoreMap township id not matched in admin pass
1005249,Ayeyarwady Region,ဧရာဝတီတိုင်းဒေသကြီး,Ingapu Township,အင်္ဂပူ မြို့နယ်,Chauk Kyay Village Tract,ခြောက်ကျေး ကျေးရွာအုပ်စု,village_tract,,,unmatched,exact_township_name,Source township resolved but CoreMap township id not matched in admin pass
1005250,Ayeyarwady Region,ဧရာဝတီတိုင်းဒေသကြီး,Ingapu Township,အင်္ဂပူ မြို့နယ်,Kywe Thaung Village Tract,ကျွဲသောင် ကျေးရွာအုပ်စု,village_tract,,,unmatched,exact_township_name,Source township resolved but CoreMap township id not matched in admin pass
1005251,Ayeyarwady Region,ဧရာဝတီတိုင်းဒေသကြီး,Ingapu Township,အင်္ဂပူ မြို့နယ်,Kyee Gyi Village Tract,ကျီးကြီး ကျေးရွာအုပ်စု,village_tract,,,unmatched,exact_township_name,Source township resolved but CoreMap township id not matched in admin pass
1005252,Ayeyarwady Region,ဧရာဝတီတိုင်းဒေသကြီး,Ingapu Township,အင်္ဂပူ မြို့နယ်,Hmat Taing Village Tract,မှတ်တိုင် ကျေးရွာအုပ်စု,village_tract,,,unmatched,exact_township_name,Source township resolved but CoreMap township id not matched in admin pass
1005253,Ayeyarwady Region,ဧရာဝတီတိုင်းဒေသကြီး,Ingapu Township,အင်္ဂပူ မြို့နယ်,Kya Khat Kwin Village Tract,ကြခတ်ကွင်း ကျေးရွာအုပ်စု,village_tract,,,unmatched,exact_township_name,Source township resolved but CoreMap township id not matched in admin pass
1005254,Ayeyarwady Region,ဧရာဝတီတိုင်းဒေသကြီး,Ingapu Township,အင်္ဂပူ မြို့နယ်,Kwin Kauk (South) Village Tract,ကွင်းကောက် (တောင်) ကျေးရွာအုပ်စု,village_tract,,,unmatched,exact_township_name,Source township resolved but CoreMap township id not matched in admin pass
1005255,Ayeyarwady Region,ဧရာဝတီတိုင်းဒေသကြီး,Ingapu Township,အင်္ဂပူ မြို့နယ်,Kwin Hla Village Tract,ကွင်းလှ ကျေးရွာအုပ်စု,village_tract,,,unmatched,exact_township_name,Source township resolved but CoreMap township id not matched in admin pass
1005256,Ayeyarwady Region,ဧရာဝတီတိုင်းဒေသကြီး,Ingapu Township,အင်္ဂပူ မြို့နယ်,Lin Lun Pin Village Tract,လင်းလွန်းပင် ကျေးရွာအုပ်စု,village_tract,,,unmatched,exact_township_name,Source township resolved but CoreMap township id not matched in admin pass
1005257,Ayeyarwady Region,ဧရာဝတီတိုင်းဒေသကြီး,Ingapu Township,အင်္ဂပူ မြို့နယ်,Pein Hne Kwin Village Tract,ပိန်းနှဲကွင်း ကျေးရွာအုပ်စု,village_tract,,,unmatched,exact_township_name,Source township resolved but CoreMap township id not matched in admin pass
1005258,Ayeyarwady Region,ဧရာဝတီတိုင်းဒေသကြီး,Ingapu Township,အင်္ဂပူ မြို့နယ်,Kone Pyin Village Tract,ကုန်းပြင် ကျေးရွာအုပ်စု,village_tract,,,unmatched,exact_township_name,Source township resolved but CoreMap township id not matched in admin pass
1005259,Ayeyarwady Region,ဧရာဝတီတိုင်းဒေသကြီး,Ingapu Township,အင်္ဂပူ မြို့နယ်,Tha Pyay Kone Village Tract,သပြေကုန်း ကျေးရွာအုပ်စု,village_tract,,,unmatched,exact_township_name,Source township resolved but CoreMap township id not matched in admin pass
1005260,Ayeyarwady Region,ဧရာဝတီတိုင်းဒေသကြီး,Ingapu Township,အင်္ဂပူ မြို့နယ်,Kwin Kauk (North) Village Tract,ကွင်းကောက် (မြောက်) ကျေးရွာအုပ်စု,village_tract,,,unmatched,exact_township_name,Source township resolved but CoreMap township id not matched in admin pass
1005261,Ayeyarwady Region,ဧရာဝတီတိုင်းဒေသကြီး,Ingapu Township,အင်္ဂပူ မြို့နယ်,Bwet (East) Village Tract,ဘွက် (အရှေ့) ကျေးရွာအုပ်စု,village_tract,,,unmatched,exact_township_name,Source township resolved but CoreMap township id not matched in admin pass
1005262,Ayeyarwady Region,ဧရာဝတီတိုင်းဒေသကြီး,Ingapu Township,အင်္ဂပူ မြို့နယ်,Ta Laing Kwin Village Tract,တလိုင်းကွင်း ကျေးရွာအုပ်စု,village_tract,,,unmatched,exact_township_name,Source township resolved but CoreMap township id not matched in admin pass
1005263,Ayeyarwady Region,ဧရာဝတီတိုင်းဒေသကြီး,Ingapu Township,အင်္ဂပူ မြို့နယ်,Nyaung Pin Te Village Tract,ညောင်ပင်တဲ ကျေးရွာအုပ်စု,village_tract,,,unmatched,exact_township_name,Source township resolved but CoreMap township id not matched in admin pass
1005264,Ayeyarwady Region,ဧရာဝတီတိုင်းဒေသကြီး,Ingapu Township,အင်္ဂပူ မြို့နယ်,Si Pin Village Tract,စီပင် ကျေးရွာအုပ်စု,village_tract,,,unmatched,exact_township_name,Source township resolved but CoreMap township id not matched in admin pass
1005265,Ayeyarwady Region,ဧရာဝတီတိုင်းဒေသကြီး,Ingapu Township,အင်္ဂပူ မြို့နယ်,Kyan Tan Kwin Village Tract,ကြမ်းတမ်းကွင်း ကျေးရွာအုပ်စု,village_tract,,,unmatched,exact_township_name,Source township resolved but CoreMap township id not matched in admin pass
1005266,Ayeyarwady Region,ဧရာဝတီတိုင်းဒေသကြီး,Ingapu Township,အင်္ဂပူ မြို့နယ်,Ka Nyut Kwin Village Tract,ကညွတ်ကွင်း ကျေးရွာအုပ်စု,village_tract,,,unmatched,exact_township_name,Source township resolved but CoreMap township id not matched in admin pass
1005267,Ayeyarwady Region,ဧရာဝတီတိုင်းဒေသကြီး,Ingapu Township,အင်္ဂပူ မြို့နယ်,Kyaung Kwin Village Tract,ကျောင်းကွင်း ကျေးရွာအုပ်စု,village_tract,,,unmatched,exact_township_name,Source township resolved but CoreMap township id not matched in admin pass
1005268,Ayeyarwady Region,ဧရာဝတီတိုင်းဒေသကြီး,Ingapu Township,အင်္ဂပူ မြို့နယ်,Khon Gyi Village Tract,ခုံကြီး ကျေးရွာအုပ်စု,village_tract,,,unmatched,exact_township_name,Source township resolved but CoreMap township id not matched in admin pass
1005269,Ayeyarwady Region,ဧရာဝတီတိုင်းဒေသကြီး,Ingapu Township,အင်္ဂပူ မြို့နယ်,Nwar Chan Village Tract,နွားခြံ ကျေးရွာအုပ်စု,village_tract,,,unmatched,exact_township_name,Source township resolved but CoreMap township id not matched in admin pass
1005270,Ayeyarwady Region,ဧရာဝတီတိုင်းဒေသကြီး,Ingapu Township,အင်္ဂပူ မြို့နယ်,Zay Di Khon Village Tract,စေတီခုံ ကျေးရွာအုပ်စု,village_tract,,,unmatched,exact_township_name,Source township resolved but CoreMap township id not matched in admin pass
1005271,Ayeyarwady Region,ဧရာဝတီတိုင်းဒေသကြီး,Ingapu Township,အင်္ဂပူ မြို့နယ်,Hle Hmauk Village Tract,လှည်းမှောက် ကျေးရွာအုပ်စု,village_tract,,,unmatched,exact_township_name,Source township resolved but CoreMap township id not matched in admin pass
1005272,Ayeyarwady Region,ဧရာဝတီတိုင်းဒေသကြီး,Ingapu Township,အင်္ဂပူ မြို့နယ်,Kan Kwin Village Tract,ကံကွင်း ကျေးရွာအုပ်စု,village_tract,,,unmatched,exact_township_name,Source township resolved but CoreMap township id not matched in admin pass
1005273,Ayeyarwady Region,ဧရာဝတီတိုင်းဒေသကြီး,Ingapu Township,အင်္ဂပူ မြို့နယ်,Ywar Thar Yar Village Tract,ရွာသာယာ ကျေးရွာအုပ်စု,village_tract,,,unmatched,exact_township_name,Source township resolved but CoreMap township id not matched in admin pass
1006001,Ayeyarwady Region,ဧရာဝတီတိုင်းဒေသကြီး,Hinthada Township,ဟင်္သာတ မြို့နယ်,Pyin Ma Chaung Quarter,ပျဉ်းမချောင်း ရပ်ကွက်,ward,,,unmatched,exact_township_name,Source township resolved but CoreMap township id not matched in admin pass
1006002,Ayeyarwady Region,ဧရာဝတီတိုင်းဒေသကြီး,Hinthada Township,ဟင်္သာတ မြို့နယ်,Nyaung Pin Quarter,ညောင်ပင် ရပ်ကွက်,ward,,,unmatched,exact_township_name,Source township resolved but CoreMap township id not matched in admin pass
1006003,Ayeyarwady Region,ဧရာဝတီတိုင်းဒေသကြီး,Hinthada Township,ဟင်္သာတ မြို့နယ်,Tar Ngar Se (North) Quarter,တာငါးဆယ်မြောက် ရပ်ကွက်,ward,,,unmatched,exact_township_name,Source township resolved but CoreMap township id not matched in admin pass
1006004,Ayeyarwady Region,ဧရာဝတီတိုင်းဒေသကြီး,Hinthada Township,ဟင်္သာတ မြို့နယ်,Tar Ngar Se (South) Quarter,တာငါးဆယ်တောင် ရပ်ကွက်,ward,,,unmatched,exact_township_name,Source township resolved but CoreMap township id not matched in admin pass
1006005,Ayeyarwady Region,ဧရာဝတီတိုင်းဒေသကြီး,Hinthada Township,ဟင်္သာတ မြို့နယ်,Let Tha Mar (North) Quarter,လက်သမားမြောက် ရပ်ကွက်,ward,,,unmatched,exact_township_name,Source township resolved but CoreMap township id not matched in admin pass
1006006,Ayeyarwady Region,ဧရာဝတီတိုင်းဒေသကြီး,Hinthada Township,ဟင်္သာတ မြို့နယ်,Yone Gyi Quarter,ရုံးကြီး ရပ်ကွက်,ward,,,unmatched,exact_township_name,Source township resolved but CoreMap township id not matched in admin pass
1006007,Ayeyarwady Region,ဧရာဝတီတိုင်းဒေသကြီး,Hinthada Township,ဟင်္သာတ မြို့နယ်,U Yin (North) Quarter,ဥယျာဉ်မြောက် ရပ်ကွက်,ward,,,unmatched,exact_township_name,Source township resolved but CoreMap township id not matched in admin pass
1006008,Ayeyarwady Region,ဧရာဝတီတိုင်းဒေသကြီး,Hinthada Township,ဟင်္သာတ မြို့နယ်,U Yin (South) Quarter,ဥယျာဉ်တောင် ရပ်ကွက်,ward,,,unmatched,exact_township_name,Source township resolved but CoreMap township id not matched in admin pass
1006009,Ayeyarwady Region,ဧရာဝတီတိုင်းဒေသကြီး,Hinthada Township,ဟင်္သာတ မြို့နယ်,Shwe Ku Quarter,ရွှေကူ ရပ်ကွက်,ward,,,unmatched,exact_township_name,Source township resolved but CoreMap township id not matched in admin pass
1006010,Ayeyarwady Region,ဧရာဝတီတိုင်းဒေသကြီး,Hinthada Township,ဟင်္သာတ မြို့နယ်,Za Kar Quarter,ဇကာ ရပ်ကွက်,ward,,,unmatched,exact_township_name,Source township resolved but CoreMap township id not matched in admin pass
1006011,Ayeyarwady Region,ဧရာဝတီတိုင်းဒေသကြီး,Hinthada Township,ဟင်္သာတ မြို့နယ်,Kin Quarter,ကင်း ရပ်ကွက်,ward,,,unmatched,exact_township_name,Source township resolved but CoreMap township id not matched in admin pass
1006012,Ayeyarwady Region,ဧရာဝတီတိုင်းဒေသကြီး,Hinthada Township,ဟင်္သာတ မြို့နယ်,Pa Khan Chaung Quarter,ပခန်းချောင်း ရပ်ကွက်,ward,,,unmatched,exact_township_name,Source township resolved but CoreMap township id not matched in admin pass
1006013,Ayeyarwady Region,ဧရာဝတီတိုင်းဒေသကြီး,Hinthada Township,ဟင်္သာတ မြို့နယ်,Tar Ka Lay Quarter,တာကလေး ရပ်ကွက်,ward,,,unmatched,exact_township_name,Source township resolved but CoreMap township id not matched in admin pass
1006014,Ayeyarwady Region,ဧရာဝတီတိုင်းဒေသကြီး,Hinthada Township,ဟင်္သာတ မြို့နယ်,Pan Be Dan Quarter,ပန်းဘဲတန်း ရပ်ကွက်,ward,,,unmatched,exact_township_name,Source township resolved but CoreMap township id not matched in admin pass
1006015,Ayeyarwady Region,ဧရာဝတီတိုင်းဒေသကြီး,Hinthada Township,ဟင်္သာတ မြို့နယ်,Hpa Yar Gyi Quarter,ဘုရားကြီး ရပ်ကွက်,ward,,,unmatched,exact_township_name,Source township resolved but CoreMap township id not matched in admin pass
1006016,Ayeyarwady Region,ဧရာဝတီတိုင်းဒေသကြီး,Hinthada Township,ဟင်္သာတ မြို့နယ်,Ka Naung Su Quarter,ကနောင်စု ရပ်ကွက်,ward,,,unmatched,exact_township_name,Source township resolved but CoreMap township id not matched in admin pass
1006017,Ayeyarwady Region,ဧရာဝတီတိုင်းဒေသကြီး,Hinthada Township,ဟင်္သာတ မြို့နယ်,Pa Da Myar Quarter,ပတ္တမြား ရပ်ကွက်,ward,,,unmatched,exact_township_name,Source township resolved but CoreMap township id not matched in admin pass
1006018,Ayeyarwady Region,ဧရာဝတီတိုင်းဒေသကြီး,Hinthada Township,ဟင်္သာတ မြို့နယ်,Thone Pin Kwin Quarter,သုံးပင်ကွင်း ရပ်ကွက်,ward,,,unmatched,exact_township_name,Source township resolved but CoreMap township id not matched in admin pass
1006019,Ayeyarwady Region,ဧရာဝတီတိုင်းဒေသကြီး,Hinthada Township,ဟင်္သာတ မြို့နယ်,Lel Ti Kwin Quarter,လယ်တီကွင်း ရပ်ကွက်,ward,,,unmatched,exact_township_name,Source township resolved but CoreMap township id not matched in admin pass
1006020,Ayeyarwady Region,ဧရာဝတီတိုင်းဒေသကြီး,Hinthada Township,ဟင်္သာတ မြို့နယ်,Mya Wa Di Quarter,မြဝတီ ရပ်ကွက်,ward,,,unmatched,exact_township_name,Source township resolved but CoreMap township id not matched in admin pass
1006021,Ayeyarwady Region,ဧရာဝတီတိုင်းဒေသကြီး,Hinthada Township,ဟင်္သာတ မြို့နယ်,Aye Mya Thar Yar Quarter,အေးမြသာယာ ရပ်ကွက်,ward,,,unmatched,exact_township_name,Source township resolved but CoreMap township id not matched in admin pass
1006200,Ayeyarwady Region,ဧရာဝတီတိုင်းဒေသကြီး,Hinthada Township,ဟင်္သာတ မြို့နယ်,Neik Ban Village Tract,နိဗ္ဗာန် ကျေးရွာအုပ်စု,village_tract,,,unmatched,exact_township_name,Source township resolved but CoreMap township id not matched in admin pass
1006201,Ayeyarwady Region,ဧရာဝတီတိုင်းဒေသကြီး,Hinthada Township,ဟင်္သာတ မြို့နယ်,Kaing Taw Kwin Village Tract,ကိုင်းတောကွင်း ကျေးရွာအုပ်စု,village_tract,,,unmatched,exact_township_name,Source township resolved but CoreMap township id not matched in admin pass
1006202,Ayeyarwady Region,ဧရာဝတီတိုင်းဒေသကြီး,Hinthada Township,ဟင်္သာတ မြို့နယ်,Zoke Ka Ni Village Tract,ဇုက္ကနီ ကျေးရွာအုပ်စု,village_tract,,,unmatched,exact_township_name,Source township resolved but CoreMap township id not matched in admin pass
1006203,Ayeyarwady Region,ဧရာဝတီတိုင်းဒေသကြီး,Hinthada Township,ဟင်္သာတ မြို့နယ်,Tha Yet Oke Village Tract,သရက်အုပ် ကျေးရွာအုပ်စု,village_tract,,,unmatched,exact_township_name,Source township resolved but CoreMap township id not matched in admin pass
1006204,Ayeyarwady Region,ဧရာဝတီတိုင်းဒေသကြီး,Hinthada Township,ဟင်္သာတ မြို့နယ်,Kyaung Kwin Village Tract,ကျောင်းကွင်း ကျေးရွာအုပ်စု,village_tract,,,unmatched,exact_township_name,Source township resolved but CoreMap township id not matched in admin pass
1006205,Ayeyarwady Region,ဧရာဝတီတိုင်းဒေသကြီး,Hinthada Township,ဟင်္သာတ မြို့နယ်,Thar Si Village Tract,သာစည် ကျေးရွာအုပ်စု,village_tract,,,unmatched,exact_township_name,Source township resolved but CoreMap township id not matched in admin pass
1006206,Ayeyarwady Region,ဧရာဝတီတိုင်းဒေသကြီး,Hinthada Township,ဟင်္သာတ မြို့နယ်,Pyar Ka Tat Village Tract,ပြာကတတ် ကျေးရွာအုပ်စု,village_tract,,,unmatched,exact_township_name,Source township resolved but CoreMap township id not matched in admin pass
1006207,Ayeyarwady Region,ဧရာဝတီတိုင်းဒေသကြီး,Hinthada Township,ဟင်္သာတ မြို့နယ်,Ta Dar U Village Tract,တံတားဦး ကျေးရွာအုပ်စု,village_tract,,,unmatched,exact_township_name,Source township resolved but CoreMap township id not matched in admin pass
1006208,Ayeyarwady Region,ဧရာဝတီတိုင်းဒေသကြီး,Hinthada Township,ဟင်္သာတ မြို့နယ်,Si Taw Kone Village Tract,စည်တော်ကုန်း ကျေးရွာအုပ်စု,village_tract,,,unmatched,exact_township_name,Source township resolved but CoreMap township id not matched in admin pass
1006209,Ayeyarwady Region,ဧရာဝတီတိုင်းဒေသကြီး,Hinthada Township,ဟင်္သာတ မြို့နယ်,Yoe Gyi Village Tract,ရိုးကြီး ကျေးရွာအုပ်စု,village_tract,,,unmatched,exact_township_name,Source township resolved but CoreMap township id not matched in admin pass
1006210,Ayeyarwady Region,ဧရာဝတီတိုင်းဒေသကြီး,Hinthada Township,ဟင်္သာတ မြို့နယ်,Dambi Village Tract,ဓမ္ဘီ ကျေးရွာအုပ်စု,village_tract,,,unmatched,exact_township_name,Source township resolved but CoreMap township id not matched in admin pass
1006211,Ayeyarwady Region,ဧရာဝတီတိုင်းဒေသကြီး,Hinthada Township,ဟင်္သာတ မြို့နယ်,Inn Ga Yan Village Tract,အင်းဂရမ်း ကျေးရွာအုပ်စု,village_tract,,,unmatched,exact_township_name,Source township resolved but CoreMap township id not matched in admin pass
1006212,Ayeyarwady Region,ဧရာဝတီတိုင်းဒေသကြီး,Hinthada Township,ဟင်္သာတ မြို့နယ်,Myo Kwin Village Tract,မြို့ကွင်း ကျေးရွာအုပ်စု,village_tract,,,unmatched,exact_township_name,Source township resolved but CoreMap township id not matched in admin pass
1006213,Ayeyarwady Region,ဧရာဝတီတိုင်းဒေသကြီး,Hinthada Township,ဟင်္သာတ မြို့နယ်,Kayin Inn Village Tract,ကရင်အင်း ကျေးရွာအုပ်စု,village_tract,,,unmatched,exact_township_name,Source township resolved but CoreMap township id not matched in admin pass
1006214,Ayeyarwady Region,ဧရာဝတီတိုင်းဒေသကြီး,Hinthada Township,ဟင်္သာတ မြို့နယ်,Pyar Thar Village Tract,ပြာသာ ကျေးရွာအုပ်စု,village_tract,,,unmatched,exact_township_name,Source township resolved but CoreMap township id not matched in admin pass
1006215,Ayeyarwady Region,ဧရာဝတီတိုင်းဒေသကြီး,Hinthada Township,ဟင်္သာတ မြို့နယ်,Ngar Hpar Village Tract,ငါးဖား ကျေးရွာအုပ်စု,village_tract,,,unmatched,exact_township_name,Source township resolved but CoreMap township id not matched in admin pass
1006216,Ayeyarwady Region,ဧရာဝတီတိုင်းဒေသကြီး,Hinthada Township,ဟင်္သာတ မြို့နယ်,Nwe Khway Village Tract,နွယ်ခွေ ကျေးရွာအုပ်စု,village_tract,,,unmatched,exact_township_name,Source township resolved but CoreMap township id not matched in admin pass
1006217,Ayeyarwady Region,ဧရာဝတီတိုင်းဒေသကြီး,Hinthada Township,ဟင်္သာတ မြို့နယ်,Thea Hpyu (Dambi) Village Tract,သဲဖြူ (ဓမ္ဘီ) ကျေးရွာအုပ်စု,village_tract,,,unmatched,exact_township_name,Source township resolved but CoreMap township id not matched in admin pass
1006218,Ayeyarwady Region,ဧရာဝတီတိုင်းဒေသကြီး,Hinthada Township,ဟင်္သာတ မြို့နယ်,Sin Ma Thay (Dambi) Village Tract,ဆင်မသေ (ဓမ္ဘီ) ကျေးရွာအုပ်စု,village_tract,,,unmatched,exact_township_name,Source township resolved but CoreMap township id not matched in admin pass
1006219,Ayeyarwady Region,ဧရာဝတီတိုင်းဒေသကြီး,Hinthada Township,ဟင်္သာတ မြို့နယ်,Thit Hpyu Kwin Village Tract,သစ်ဖြူကွင်း ကျေးရွာအုပ်စု,village_tract,,,unmatched,exact_township_name,Source township resolved but CoreMap township id not matched in admin pass
1006220,Ayeyarwady Region,ဧရာဝတီတိုင်းဒေသကြီး,Hinthada Township,ဟင်္သာတ မြို့နယ်,Let Khoke Pin Village Tract,လက်ခုတ်ပင် ကျေးရွာအုပ်စု,village_tract,,,unmatched,exact_township_name,Source township resolved but CoreMap township id not matched in admin pass
1006221,Ayeyarwady Region,ဧရာဝတီတိုင်းဒေသကြီး,Hinthada Township,ဟင်္သာတ မြို့နယ်,Kin Mun Chaung Village Tract,ကင်မွန်းချောင်း ကျေးရွာအုပ်စု,village_tract,,,unmatched,exact_township_name,Source township resolved but CoreMap township id not matched in admin pass
1006222,Ayeyarwady Region,ဧရာဝတီတိုင်းဒေသကြီး,Hinthada Township,ဟင်္သာတ မြို့နယ်,Nga Hpe Htu Village Tract,ငါးဖယ်ထူ ကျေးရွာအုပ်စု,village_tract,,,unmatched,exact_township_name,Source township resolved but CoreMap township id not matched in admin pass
1006223,Ayeyarwady Region,ဧရာဝတီတိုင်းဒေသကြီး,Hinthada Township,ဟင်္သာတ မြို့နယ်,Ka Nyin Kauk Village Tract,ကညင်ကောက် ကျေးရွာအုပ်စု,village_tract,,,unmatched,exact_township_name,Source township resolved but CoreMap township id not matched in admin pass
1006224,Ayeyarwady Region,ဧရာဝတီတိုင်းဒေသကြီး,Hinthada Township,ဟင်္သာတ မြို့နယ်,Thin Gan Taw (Leik Chaung) Village Tract,သင်္ဃန်းတော (လိပ်ချောင်း) ကျေးရွာအုပ်စု,village_tract,,,unmatched,exact_township_name,Source township resolved but CoreMap township id not matched in admin pass
1006225,Ayeyarwady Region,ဧရာဝတီတိုင်းဒေသကြီး,Hinthada Township,ဟင်္သာတ မြို့နယ်,Hpa Yar Kone Village Tract,ဘုရားကုန်း ကျေးရွာအုပ်စု,village_tract,,,unmatched,exact_township_name,Source township resolved but CoreMap township id not matched in admin pass
1006226,Ayeyarwady Region,ဧရာဝတီတိုင်းဒေသကြီး,Hinthada Township,ဟင်္သာတ မြို့နယ်,Shar Khe Village Tract,ရှားခဲ ကျေးရွာအုပ်စု,village_tract,,,unmatched,exact_township_name,Source township resolved but CoreMap township id not matched in admin pass
1006227,Ayeyarwady Region,ဧရာဝတီတိုင်းဒေသကြီး,Hinthada Township,ဟင်္သာတ မြို့နယ်,Thar Ti Kwin Village Tract,သာတီကွင်း ကျေးရွာအုပ်စု,village_tract,,,unmatched,exact_township_name,Source township resolved but CoreMap township id not matched in admin pass
1006228,Ayeyarwady Region,ဧရာဝတီတိုင်းဒေသကြီး,Hinthada Township,ဟင်္သာတ မြို့နယ်,Pi Tauk Kone Village Tract,ပိတောက်ကုန်း ကျေးရွာအုပ်စု,village_tract,,,unmatched,exact_township_name,Source township resolved but CoreMap township id not matched in admin pass
1006229,Ayeyarwady Region,ဧရာဝတီတိုင်းဒေသကြီး,Hinthada Township,ဟင်္သာတ မြို့နယ်,Pauk Tan Lay Village Tract,ပေါက်တန်းလေး ကျေးရွာအုပ်စု,village_tract,,,unmatched,exact_township_name,Source township resolved but CoreMap township id not matched in admin pass
1006230,Ayeyarwady Region,ဧရာဝတီတိုင်းဒေသကြီး,Hinthada Township,ဟင်္သာတ မြို့နယ်,Pauk Tan Gyi Village Tract,ပေါက်တန်းကြီး ကျေးရွာအုပ်စု,village_tract,,,unmatched,exact_township_name,Source township resolved but CoreMap township id not matched in admin pass
1006231,Ayeyarwady Region,ဧရာဝတီတိုင်းဒေသကြီး,Hinthada Township,ဟင်္သာတ မြို့နယ်,Lel Di Kone Village Tract,လယ်တီကုန်း ကျေးရွာအုပ်စု,village_tract,,,unmatched,exact_township_name,Source township resolved but CoreMap township id not matched in admin pass
1006232,Ayeyarwady Region,ဧရာဝတီတိုင်းဒေသကြီး,Hinthada Township,ဟင်္သာတ မြို့နယ်,Taung Ka Lon Village Tract,တောင်ကလုံ ကျေးရွာအုပ်စု,village_tract,,,unmatched,exact_township_name,Source township resolved but CoreMap township id not matched in admin pass
1006233,Ayeyarwady Region,ဧရာဝတီတိုင်းဒေသကြီး,Hinthada Township,ဟင်္သာတ မြို့နယ်,Inn Ta Lu Village Tract,အင်းတလူ ကျေးရွာအုပ်စု,village_tract,,,unmatched,exact_township_name,Source township resolved but CoreMap township id not matched in admin pass
1006234,Ayeyarwady Region,ဧရာဝတီတိုင်းဒေသကြီး,Hinthada Township,ဟင်္သာတ မြို့နယ်,Seik Gyi Village Tract,ဆိပ်ကြီး ကျေးရွာအုပ်စု,village_tract,,,unmatched,exact_township_name,Source township resolved but CoreMap township id not matched in admin pass
1006235,Ayeyarwady Region,ဧရာဝတီတိုင်းဒေသကြီး,Hinthada Township,ဟင်္သာတ မြို့နယ်,Sin Gaung (Shar Khe) Village Tract,ဆင်ခေါင်း (ရှားခဲ) ကျေးရွာအုပ်စု,village_tract,,,unmatched,exact_township_name,Source township resolved but CoreMap township id not matched in admin pass
1006236,Ayeyarwady Region,ဧရာဝတီတိုင်းဒေသကြီး,Hinthada Township,ဟင်္သာတ မြို့နယ်,Seik Thar (Chin Boet) Village Tract,ဆိပ်သာ (ချင်ဘို့) ကျေးရွာအုပ်စု,village_tract,,,unmatched,exact_township_name,Source township resolved but CoreMap township id not matched in admin pass
1006237,Ayeyarwady Region,ဧရာဝတီတိုင်းဒေသကြီး,Hinthada Township,ဟင်္သာတ မြို့နယ်,Pe Gyi Kyun Village Tract,ပဲကြီးကျွန်း ကျေးရွာအုပ်စု,village_tract,,,unmatched,exact_township_name,Source township resolved but CoreMap township id not matched in admin pass
1006238,Ayeyarwady Region,ဧရာဝတီတိုင်းဒေသကြီး,Hinthada Township,ဟင်္သာတ မြို့နယ်,Eik Pyet Village Tract,အိပ်ပျက် ကျေးရွာအုပ်စု,village_tract,,,unmatched,exact_township_name,Source township resolved but CoreMap township id not matched in admin pass
1006239,Ayeyarwady Region,ဧရာဝတီတိုင်းဒေသကြီး,Hinthada Township,ဟင်္သာတ မြို့နယ်,Thet Kei Pyin Village Tract,သက္ကယ်ပြင် ကျေးရွာအုပ်စု,village_tract,,,unmatched,exact_township_name,Source township resolved but CoreMap township id not matched in admin pass
1006240,Ayeyarwady Region,ဧရာဝတီတိုင်းဒေသကြီး,Hinthada Township,ဟင်္သာတ မြို့နယ်,Let Pan Hla Village Tract,လက်ပံလှ ကျေးရွာအုပ်စု,village_tract,,,unmatched,exact_township_name,Source township resolved but CoreMap township id not matched in admin pass
1006241,Ayeyarwady Region,ဧရာဝတီတိုင်းဒေသကြီး,Hinthada Township,ဟင်္သာတ မြို့နယ်,Than Ba Yar Taing Village Tract,သမ္ဘရာတိုင်း ကျေးရွာအုပ်စု,village_tract,,,unmatched,exact_township_name,Source township resolved but CoreMap township id not matched in admin pass
1006242,Ayeyarwady Region,ဧရာဝတီတိုင်းဒေသကြီး,Hinthada Township,ဟင်္သာတ မြို့နယ်,Kaing Chaung Village Tract,ကိုင်းချောင်း ကျေးရွာအုပ်စု,village_tract,,,unmatched,exact_township_name,Source township resolved but CoreMap township id not matched in admin pass
1006243,Ayeyarwady Region,ဧရာဝတီတိုင်းဒေသကြီး,Hinthada Township,ဟင်္သာတ မြို့နယ်,Ku Lar Khat Village Tract,ကုလားခတ် ကျေးရွာအုပ်စု,village_tract,,,unmatched,exact_township_name,Source township resolved but CoreMap township id not matched in admin pass
1006244,Ayeyarwady Region,ဧရာဝတီတိုင်းဒေသကြီး,Hinthada Township,ဟင်္သာတ မြို့နယ်,Lel Di Village Tract,လယ်တီ ကျေးရွာအုပ်စု,village_tract,,,unmatched,exact_township_name,Source township resolved but CoreMap township id not matched in admin pass
1006245,Ayeyarwady Region,ဧရာဝတီတိုင်းဒေသကြီး,Hinthada Township,ဟင်္သာတ မြို့နယ်,Chaung Hpyar Village Tract,ချောင်းဖျား ကျေးရွာအုပ်စု,village_tract,,,unmatched,exact_township_name,Source township resolved but CoreMap township id not matched in admin pass
1006246,Ayeyarwady Region,ဧရာဝတီတိုင်းဒေသကြီး,Hinthada Township,ဟင်္သာတ မြို့နယ်,Kyon Tone Village Tract,ကျုံတုံး ကျေးရွာအုပ်စု,village_tract,,,unmatched,exact_township_name,Source township resolved but CoreMap township id not matched in admin pass
1006247,Ayeyarwady Region,ဧရာဝတီတိုင်းဒေသကြီး,Hinthada Township,ဟင်္သာတ မြို့နယ်,Ywar Thit (North) Village Tract,ရွာသစ် (မြောက်) ကျေးရွာအုပ်စု,village_tract,,,unmatched,exact_township_name,Source township resolved but CoreMap township id not matched in admin pass
1006248,Ayeyarwady Region,ဧရာဝတီတိုင်းဒေသကြီး,Hinthada Township,ဟင်္သာတ မြို့နယ်,Htan Ta Pin (Du Yar) Village Tract,ထန်းတပင် (ဒူးယား) ကျေးရွာအုပ်စု,village_tract,,,unmatched,exact_township_name,Source township resolved but CoreMap township id not matched in admin pass
1006249,Ayeyarwady Region,ဧရာဝတီတိုင်းဒေသကြီး,Hinthada Township,ဟင်္သာတ မြို့နယ်,Kya Khat Kwin Village Tract,ကြခတ်ကွင်း ကျေးရွာအုပ်စု,village_tract,,,unmatched,exact_township_name,Source township resolved but CoreMap township id not matched in admin pass
1006250,Ayeyarwady Region,ဧရာဝတီတိုင်းဒေသကြီး,Hinthada Township,ဟင်္သာတ မြို့နယ်,Mway Lone Village Tract,မွေးလုံး ကျေးရွာအုပ်စု,village_tract,,,unmatched,exact_township_name,Source township resolved but CoreMap township id not matched in admin pass
1006251,Ayeyarwady Region,ဧရာဝတီတိုင်းဒေသကြီး,Hinthada Township,ဟင်္သာတ မြို့နယ်,Shar Hpyu Kone Village Tract,ရှားဖြူကုန်း ကျေးရွာအုပ်စု,village_tract,,,unmatched,exact_township_name,Source township resolved but CoreMap township id not matched in admin pass
1006252,Ayeyarwady Region,ဧရာဝတီတိုင်းဒေသကြီး,Hinthada Township,ဟင်္သာတ မြို့နယ်,Thea Hpyu (Du Yar) Village Tract,သဲဖြူ (ဒူးယား) ကျေးရွာအုပ်စု,village_tract,,,unmatched,exact_township_name,Source township resolved but CoreMap township id not matched in admin pass
1006253,Ayeyarwady Region,ဧရာဝတီတိုင်းဒေသကြီး,Hinthada Township,ဟင်္သာတ မြို့နယ်,Ah Dar Sin Gaung Village Tract,အဒါးဆင်ခေါင်း ကျေးရွာအုပ်စု,village_tract,,,unmatched,exact_township_name,Source township resolved but CoreMap township id not matched in admin pass
1006254,Ayeyarwady Region,ဧရာဝတီတိုင်းဒေသကြီး,Hinthada Township,ဟင်္သာတ မြို့နယ်,Shwe Taung Thar Ya Village Tract,ရွှေတောင်သာရ ကျေးရွာအုပ်စု,village_tract,,,unmatched,exact_township_name,Source township resolved but CoreMap township id not matched in admin pass
1006255,Ayeyarwady Region,ဧရာဝတီတိုင်းဒေသကြီး,Hinthada Township,ဟင်္သာတ မြို့နယ်,Ohn Pin Kwin Village Tract,အုန်းပင်ကွင်း ကျေးရွာအုပ်စု,village_tract,,,unmatched,exact_township_name,Source township resolved but CoreMap township id not matched in admin pass
1006256,Ayeyarwady Region,ဧရာဝတီတိုင်းဒေသကြီး,Hinthada Township,ဟင်္သာတ မြို့နယ်,Tha Nun Tha Nawt Village Tract,သနွံသနော့ ကျေးရွာအုပ်စု,village_tract,,,unmatched,exact_township_name,Source township resolved but CoreMap township id not matched in admin pass
1006257,Ayeyarwady Region,ဧရာဝတီတိုင်းဒေသကြီး,Hinthada Township,ဟင်္သာတ မြို့နယ်,Kyat Ka Lay Village Tract,ကြပ်ကလေး ကျေးရွာအုပ်စု,village_tract,,,unmatched,exact_township_name,Source township resolved but CoreMap township id not matched in admin pass
1006258,Ayeyarwady Region,ဧရာဝတီတိုင်းဒေသကြီး,Hinthada Township,ဟင်္သာတ မြို့နယ်,Sit Kone Village Tract,စစ်ကုန်း ကျေးရွာအုပ်စု,village_tract,,,unmatched,exact_township_name,Source township resolved but CoreMap township id not matched in admin pass
1006259,Ayeyarwady Region,ဧရာဝတီတိုင်းဒေသကြီး,Hinthada Township,ဟင်္သာတ မြို့နယ်,Taung Lone Su Village Tract,တောင်လုံးစု ကျေးရွာအုပ်စု,village_tract,,,unmatched,exact_township_name,Source township resolved but CoreMap township id not matched in admin pass
1006260,Ayeyarwady Region,ဧရာဝတီတိုင်းဒေသကြီး,Hinthada Township,ဟင်္သာတ မြို့နယ်,Gaung Say Kyun Village Tract,ခေါင်းဆေးကျွန်း ကျေးရွာအုပ်စု,village_tract,,,unmatched,exact_township_name,Source township resolved but CoreMap township id not matched in admin pass
1006261,Ayeyarwady Region,ဧရာဝတီတိုင်းဒေသကြီး,Hinthada Township,ဟင်္သာတ မြို့နယ်,Lel Taw Village Tract,လယ်တော် ကျေးရွာအုပ်စု,village_tract,,,unmatched,exact_township_name,Source township resolved but CoreMap township id not matched in admin pass
1006262,Ayeyarwady Region,ဧရာဝတီတိုင်းဒေသကြီး,Hinthada Township,ဟင်္သာတ မြို့နယ်,Inn Da Wei Village Tract,အင်းဓဝယ် ကျေးရွာအုပ်စု,village_tract,,,unmatched,exact_township_name,Source township resolved but CoreMap township id not matched in admin pass
1006263,Ayeyarwady Region,ဧရာဝတီတိုင်းဒေသကြီး,Hinthada Township,ဟင်္သာတ မြို့နယ်,Tha Pyu Pin (Ba Lein/Aing Gyi) Village Tract,သပြုပင် (ဘလိန်း/အိုင်ကြီး) ကျေးရွာအုပ်စု,village_tract,,,unmatched,exact_township_name,Source township resolved but CoreMap township id not matched in admin pass
1006264,Ayeyarwady Region,ဧရာဝတီတိုင်းဒေသကြီး,Hinthada Township,ဟင်္သာတ မြို့နယ်,Hle Lan Tet Village Tract,လှည်းလမ်းတက် ကျေးရွာအုပ်စု,village_tract,,,unmatched,exact_township_name,Source township resolved but CoreMap township id not matched in admin pass
1006265,Ayeyarwady Region,ဧရာဝတီတိုင်းဒေသကြီး,Hinthada Township,ဟင်္သာတ မြို့နယ်,Bay Chaung Village Tract,ဘေးချောင် ကျေးရွာအုပ်စု,village_tract,,,unmatched,exact_township_name,Source township resolved but CoreMap township id not matched in admin pass
1006266,Ayeyarwady Region,ဧရာဝတီတိုင်းဒေသကြီး,Hinthada Township,ဟင်္သာတ မြို့နယ်,Than Kyoe Tan Village Tract,သံကြိုးတန်း ကျေးရွာအုပ်စု,village_tract,,,unmatched,exact_township_name,Source township resolved but CoreMap township id not matched in admin pass
1006267,Ayeyarwady Region,ဧရာဝတီတိုင်းဒေသကြီး,Hinthada Township,ဟင်္သာတ မြို့နယ်,Nat Hmaw Village Tract,နတ်မော် ကျေးရွာအုပ်စု,village_tract,,,unmatched,exact_township_name,Source township resolved but CoreMap township id not matched in admin pass
1006268,Ayeyarwady Region,ဧရာဝတီတိုင်းဒေသကြီး,Hinthada Township,ဟင်္သာတ မြို့နယ်,Ywar Thar Kone Village Tract,ရွာသာကုန်း ကျေးရွာအုပ်စု,village_tract,,,unmatched,exact_township_name,Source township resolved but CoreMap township id not matched in admin pass
1006269,Ayeyarwady Region,ဧရာဝတီတိုင်းဒေသကြီး,Hinthada Township,ဟင်္သာတ မြို့နယ်,Kan Hla Village Tract,ကံလှ ကျေးရွာအုပ်စု,village_tract,,,unmatched,exact_township_name,Source township resolved but CoreMap township id not matched in admin pass
1006270,Ayeyarwady Region,ဧရာဝတီတိုင်းဒေသကြီး,Hinthada Township,ဟင်္သာတ မြို့နယ်,Kone Gyi Village Tract,ကုန်းကြီး ကျေးရွာအုပ်စု,village_tract,,,unmatched,exact_township_name,Source township resolved but CoreMap township id not matched in admin pass
1006271,Ayeyarwady Region,ဧရာဝတီတိုင်းဒေသကြီး,Hinthada Township,ဟင်္သာတ မြို့နယ်,Kyon Twan Village Tract,ကျုံတွမ် ကျေးရွာအုပ်စု,village_tract,,,unmatched,exact_township_name,Source township resolved but CoreMap township id not matched in admin pass
1006272,Ayeyarwady Region,ဧရာဝတီတိုင်းဒေသကြီး,Hinthada Township,ဟင်္သာတ မြို့နယ်,Lel Gyi Kwin Village Tract,လယ်ကြီးကွင်း ကျေးရွာအုပ်စု,village_tract,,,unmatched,exact_township_name,Source township resolved but CoreMap township id not matched in admin pass
1006273,Ayeyarwady Region,ဧရာဝတီတိုင်းဒေသကြီး,Hinthada Township,ဟင်္သာတ မြို့နယ်,La Har Kyaw Village Tract,လဟာကျော် ကျေးရွာအုပ်စု,village_tract,,,unmatched,exact_township_name,Source township resolved but CoreMap township id not matched in admin pass
1006274,Ayeyarwady Region,ဧရာဝတီတိုင်းဒေသကြီး,Hinthada Township,ဟင်္သာတ မြို့နယ်,Nyaung Waing Village Tract,ညောင်ဝိုင်း ကျေးရွာအုပ်စု,village_tract,,,unmatched,exact_township_name,Source township resolved but CoreMap township id not matched in admin pass
1006275,Ayeyarwady Region,ဧရာဝတီတိုင်းဒေသကြီး,Hinthada Township,ဟင်္သာတ မြို့နယ်,SaKhanGyi Village Tract,စခန်းကြီး ကျေးရွာအုပ်စု,village_tract,,,unmatched,exact_township_name,Source township resolved but CoreMap township id not matched in admin pass
1006276,Ayeyarwady Region,ဧရာဝတီတိုင်းဒေသကြီး,Hinthada Township,ဟင်္သာတ မြို့နယ်,Kyon Hpar Village Tract,ကျုံဖား ကျေးရွာအုပ်စု,village_tract,,,unmatched,exact_township_name,Source township resolved but CoreMap township id not matched in admin pass
1006277,Ayeyarwady Region,ဧရာဝတီတိုင်းဒေသကြီး,Hinthada Township,ဟင်္သာတ မြို့နယ်,Gant Gaw Taw Village Tract,ဂန့်ဂေါ်တော ကျေးရွာအုပ်စု,village_tract,,,unmatched,exact_township_name,Source township resolved but CoreMap township id not matched in admin pass
1006278,Ayeyarwady Region,ဧရာဝတီတိုင်းဒေသကြီး,Hinthada Township,ဟင်္သာတ မြို့နယ်,Ta Loke Htaw Village Tract,တလုတ္ထော် ကျေးရွာအုပ်စု,village_tract,,,unmatched,exact_township_name,Source township resolved but CoreMap township id not matched in admin pass
1006279,Ayeyarwady Region,ဧရာဝတီတိုင်းဒေသကြီး,Hinthada Township,ဟင်္သာတ မြို့နယ်,Ye Kwin Village Tract,ရဲကွင်း ကျေးရွာအုပ်စု,village_tract,,,unmatched,exact_township_name,Source township resolved but CoreMap township id not matched in admin pass
1006280,Ayeyarwady Region,ဧရာဝတီတိုင်းဒေသကြီး,Hinthada Township,ဟင်္သာတ မြို့နယ်,La Har Kyaw Village Tract,အင်္ဂပို ကျေးရွာအုပ်စု,village_tract,,,unmatched,exact_township_name,Source township resolved but CoreMap township id not matched in admin pass
1006281,Ayeyarwady Region,ဧရာဝတီတိုင်းဒေသကြီး,Hinthada Township,ဟင်္သာတ မြို့နယ်,Sin Ma Thay (Ta Loke Htaw) Village Tract,ဆင်မသေ (တလုတ္ထော်) ကျေးရွာအုပ်စု,village_tract,,,unmatched,exact_township_name,Source township resolved but CoreMap township id not matched in admin pass
1006282,Ayeyarwady Region,ဧရာဝတီတိုင်းဒေသကြီး,Hinthada Township,ဟင်္သာတ မြို့နယ်,Beik Yoe Village Tract,ဘိတ်ရိုး ကျေးရွာအုပ်စု,village_tract,,,unmatched,exact_township_name,Source township resolved but CoreMap township id not matched in admin pass
1006283,Ayeyarwady Region,ဧရာဝတီတိုင်းဒေသကြီး,Hinthada Township,ဟင်္သာတ မြို့နယ်,Gyo Gaung Village Tract,ဂျိုခေါင်း ကျေးရွာအုပ်စု,village_tract,,,unmatched,exact_township_name,Source township resolved but CoreMap township id not matched in admin pass
1006284,Ayeyarwady Region,ဧရာဝတီတိုင်းဒေသကြီး,Hinthada Township,ဟင်္သာတ မြို့နယ်,Thea Bwet Village Tract,သဲဘွက် ကျေးရွာအုပ်စု,village_tract,,,unmatched,exact_township_name,Source township resolved but CoreMap township id not matched in admin pass
1006285,Ayeyarwady Region,ဧရာဝတီတိုင်းဒေသကြီး,Hinthada Township,ဟင်္သာတ မြို့နယ်,La Har Pa Village Tract,လဟာပ ကျေးရွာအုပ်စု,village_tract,,,unmatched,exact_township_name,Source township resolved but CoreMap township id not matched in admin pass
1006286,Ayeyarwady Region,ဧရာဝတီတိုင်းဒေသကြီး,Hinthada Township,ဟင်္သာတ မြို့နယ်,Ka Nyin Ngu Village Tract,ကညင်ငူ ကျေးရွာအုပ်စု,village_tract,,,unmatched,exact_township_name,Source township resolved but CoreMap township id not matched in admin pass
1006287,Ayeyarwady Region,ဧရာဝတီတိုင်းဒေသကြီး,Hinthada Township,ဟင်္သာတ မြို့နယ်,Za Yat Kwin Village Tract,ဇရပ်ကွင်း ကျေးရွာအုပ်စု,village_tract,,,unmatched,exact_township_name,Source township resolved but CoreMap township id not matched in admin pass
1006288,Ayeyarwady Region,ဧရာဝတီတိုင်းဒေသကြီး,Hinthada Township,ဟင်္သာတ မြို့နယ်,Doke Yaik Village Tract,ဒုတ်ရိုက် ကျေးရွာအုပ်စု,village_tract,,,unmatched,exact_township_name,Source township resolved but CoreMap township id not matched in admin pass
1006289,Ayeyarwady Region,ဧရာဝတီတိုင်းဒေသကြီး,Hinthada Township,ဟင်္သာတ မြို့နယ်,Inn Win Village Tract,အင်းဝင်း ကျေးရွာအုပ်စု,village_tract,,,unmatched,exact_township_name,Source township resolved but CoreMap township id not matched in admin pass
1006290,Ayeyarwady Region,ဧရာဝတီတိုင်းဒေသကြီး,Hinthada Township,ဟင်္သာတ မြို့နယ်,Leik Khone Village Tract,လိပ်ခုံး ကျေးရွာအုပ်စု,village_tract,,,unmatched,exact_township_name,Source township resolved but CoreMap township id not matched in admin pass
1006291,Ayeyarwady Region,ဧရာဝတီတိုင်းဒေသကြီး,Hinthada Township,ဟင်္သာတ မြို့နယ်,Inn Gyi Village Tract,အင်းကြီး ကျေးရွာအုပ်စု,village_tract,,,unmatched,exact_township_name,Source township resolved but CoreMap township id not matched in admin pass
1006292,Ayeyarwady Region,ဧရာဝတီတိုင်းဒေသကြီး,Hinthada Township,ဟင်္သာတ မြို့နယ်,Yon Tha Lin Village Tract,ယုံသလင်း ကျေးရွာအုပ်စု,village_tract,,,unmatched,exact_township_name,Source township resolved but CoreMap township id not matched in admin pass
1006293,Ayeyarwady Region,ဧရာဝတီတိုင်းဒေသကြီး,Hinthada Township,ဟင်္သာတ မြို့နယ်,Ta Loke Kone Village Tract,တလုပ်ကုန်း ကျေးရွာအုပ်စု,village_tract,,,unmatched,exact_township_name,Source township resolved but CoreMap township id not matched in admin pass
1006294,Ayeyarwady Region,ဧရာဝတီတိုင်းဒေသကြီး,Hinthada Township,ဟင်္သာတ မြို့နယ်,Thea Hpyu (Yon Tha Lin) Village Tract,သဲဖြူ (ယုံသလင်း) ကျေးရွာအုပ်စု,village_tract,,,unmatched,exact_township_name,Source township resolved but CoreMap township id not matched in admin pass
1006295,Ayeyarwady Region,ဧရာဝတီတိုင်းဒေသကြီး,Hinthada Township,ဟင်္သာတ မြို့နယ်,Ah Waing Kyaung Su Village Tract,အဝိုင်းကျောင်းစု ကျေးရွာအုပ်စု,village_tract,,,unmatched,exact_township_name,Source township resolved but CoreMap township id not matched in admin pass
1006296,Ayeyarwady Region,ဧရာဝတီတိုင်းဒေသကြီး,Hinthada Township,ဟင်္သာတ မြို့နယ်,Aing Zauk Village Tract,အိုင်စောက် ကျေးရွာအုပ်စု,village_tract,,,unmatched,exact_township_name,Source township resolved but CoreMap township id not matched in admin pass
1006297,Ayeyarwady Region,ဧရာဝတီတိုင်းဒေသကြီး,Hinthada Township,ဟင်္သာတ မြို့နယ်,Tha Moke Da Yoe Village Tract,သမုတ်ဒရိုး ကျေးရွာအုပ်စု,village_tract,,,unmatched,exact_township_name,Source township resolved but CoreMap township id not matched in admin pass
1006298,Ayeyarwady Region,ဧရာဝတီတိုင်းဒေသကြီး,Hinthada Township,ဟင်္သာတ မြို့နယ်,Thin Ban Kone Village Tract,သင်္ဘန်းကုန်း ကျေးရွာအုပ်စု,village_tract,,,unmatched,exact_township_name,Source township resolved but CoreMap township id not matched in admin pass
1006299,Ayeyarwady Region,ဧရာဝတီတိုင်းဒေသကြီး,Hinthada Township,ဟင်္သာတ မြို့နယ်,Ma Yoe Thaung Village Tract,မရိုးသောင် ကျေးရွာအုပ်စု,village_tract,,,unmatched,exact_township_name,Source township resolved but CoreMap township id not matched in admin pass
1006300,Ayeyarwady Region,ဧရာဝတီတိုင်းဒေသကြီး,Hinthada Township,ဟင်္သာတ မြို့နယ်,Ma Yan Cho Village Tract,မရမ်းချို ကျေးရွာအုပ်စု,village_tract,,,unmatched,exact_township_name,Source township resolved but CoreMap township id not matched in admin pass
1006301,Ayeyarwady Region,ဧရာဝတီတိုင်းဒေသကြီး,Hinthada Township,ဟင်္သာတ မြို့နယ်,Sit Kwin Village Tract,စစ်ကွင်း ကျေးရွာအုပ်စု,village_tract,,,unmatched,exact_township_name,Source township resolved but CoreMap township id not matched in admin pass
1006302,Ayeyarwady Region,ဧရာဝတီတိုင်းဒေသကြီး,Hinthada Township,ဟင်္သာတ မြို့နယ်,Kaw Zan Village Tract,ကော်ဇံ ကျေးရွာအုပ်စု,village_tract,,,unmatched,exact_township_name,Source township resolved but CoreMap township id not matched in admin pass
1007001,Ayeyarwady Region,ဧရာဝတီတိုင်းဒေသကြီး,Lemyethna Township,လေးမျက်နှာ မြို့နယ်,No (1) Quarter,အမှတ် (၁) ရပ်ကွက်,ward,,,unmatched,exact_township_name,Source township resolved but CoreMap township id not matched in admin pass
1007002,Ayeyarwady Region,ဧရာဝတီတိုင်းဒေသကြီး,Lemyethna Township,လေးမျက်နှာ မြို့နယ်,No (2) Quarter,အမှတ် (၂) ရပ်ကွက်,ward,,,unmatched,exact_township_name,Source township resolved but CoreMap township id not matched in admin pass
1007003,Ayeyarwady Region,ဧရာဝတီတိုင်းဒေသကြီး,Lemyethna Township,လေးမျက်နှာ မြို့နယ်,No (3) Quarter,အမှတ် (၃) ရပ်ကွက်,ward,,,unmatched,exact_township_name,Source township resolved but CoreMap township id not matched in admin pass
1007004,Ayeyarwady Region,ဧရာဝတီတိုင်းဒေသကြီး,Lemyethna Township,လေးမျက်နှာ မြို့နယ်,No (4) Quarter,အမှတ် (၄) ရပ်ကွက်,ward,,,unmatched,exact_township_name,Source township resolved but CoreMap township id not matched in admin pass
1007005,Ayeyarwady Region,ဧရာဝတီတိုင်းဒေသကြီး,Lemyethna Township,လေးမျက်နှာ မြို့နယ်,No (5) Quarter,အမှတ် (၅) ရပ်ကွက်,ward,,,unmatched,exact_township_name,Source township resolved but CoreMap township id not matched in admin pass
1007200,Ayeyarwady Region,ဧရာဝတီတိုင်းဒေသကြီး,Lemyethna Township,လေးမျက်နှာ မြို့နယ်,Htein Ngu Village Tract,ထိန်ငူ ကျေးရွာအုပ်စု,village_tract,,,unmatched,exact_township_name,Source township resolved but CoreMap township id not matched in admin pass
1007201,Ayeyarwady Region,ဧရာဝတီတိုင်းဒေသကြီး,Lemyethna Township,လေးမျက်နှာ မြို့နယ်,Nyaung Pin Wea Village Tract,ညောင်ပင်ဝဲ ကျေးရွာအုပ်စု,village_tract,,,unmatched,exact_township_name,Source township resolved but CoreMap township id not matched in admin pass
1007202,Ayeyarwady Region,ဧရာဝတီတိုင်းဒေသကြီး,Lemyethna Township,လေးမျက်နှာ မြို့နယ်,Ka Tet Kone Village Tract,ကတက်ကုန်း ကျေးရွာအုပ်စု,village_tract,,,unmatched,exact_township_name,Source township resolved but CoreMap township id not matched in admin pass
1007203,Ayeyarwady Region,ဧရာဝတီတိုင်းဒေသကြီး,Lemyethna Township,လေးမျက်နှာ မြို့နယ်,Thone Set Village Tract,သုံးဆက် ကျေးရွာအုပ်စု,village_tract,,,unmatched,exact_township_name,Source township resolved but CoreMap township id not matched in admin pass
1007204,Ayeyarwady Region,ဧရာဝတီတိုင်းဒေသကြီး,Lemyethna Township,လေးမျက်နှာ မြို့နယ်,Tha Khut Chaung Village Tract,သခွတ်ချောင်း ကျေးရွာအုပ်စု,village_tract,,,unmatched,exact_township_name,Source township resolved but CoreMap township id not matched in admin pass
1007205,Ayeyarwady Region,ဧရာဝတီတိုင်းဒေသကြီး,Lemyethna Township,လေးမျက်နှာ မြို့နယ်,Sar Yay Kwin Village Tract,စာရေးကွင်း ကျေးရွာအုပ်စု,village_tract,,,unmatched,exact_township_name,Source township resolved but CoreMap township id not matched in admin pass
1007206,Ayeyarwady Region,ဧရာဝတီတိုင်းဒေသကြီး,Lemyethna Township,လေးမျက်နှာ မြို့နယ်,Daunt Gyi Village Tract,ဒေါင့်ကြီး ကျေးရွာအုပ်စု,village_tract,,,unmatched,exact_township_name,Source township resolved but CoreMap township id not matched in admin pass
1007207,Ayeyarwady Region,ဧရာဝတီတိုင်းဒေသကြီး,Lemyethna Township,လေးမျက်နှာ မြို့နယ်,Thein Kone Village Tract,သိမ်ကုန်း ကျေးရွာအုပ်စု,village_tract,,,unmatched,exact_township_name,Source township resolved but CoreMap township id not matched in admin pass
1007208,Ayeyarwady Region,ဧရာဝတီတိုင်းဒေသကြီး,Lemyethna Township,လေးမျက်နှာ မြို့နယ်,La Har Gyi Village Tract,လဟာကြီး ကျေးရွာအုပ်စု,village_tract,,,unmatched,exact_township_name,Source township resolved but CoreMap township id not matched in admin pass
1007209,Ayeyarwady Region,ဧရာဝတီတိုင်းဒေသကြီး,Lemyethna Township,လေးမျက်နှာ မြို့နယ်,War Yon Chaung Village Tract,ဝါးရုံချောင်း ကျေးရွာအုပ်စု,village_tract,,,unmatched,exact_township_name,Source township resolved but CoreMap township id not matched in admin pass
1007210,Ayeyarwady Region,ဧရာဝတီတိုင်းဒေသကြီး,Lemyethna Township,လေးမျက်နှာ မြို့နယ်,Pein Inn Village Tract,ပိန်းအင်း ကျေးရွာအုပ်စု,village_tract,,,unmatched,exact_township_name,Source township resolved but CoreMap township id not matched in admin pass
1007211,Ayeyarwady Region,ဧရာဝတီတိုင်းဒေသကြီး,Lemyethna Township,လေးမျက်နှာ မြို့နယ်,Shar Hpyu Kyin Village Tract,ရှားဖြူကျင်း ကျေးရွာအုပ်စု,village_tract,,,unmatched,exact_township_name,Source township resolved but CoreMap township id not matched in admin pass
1007212,Ayeyarwady Region,ဧရာဝတီတိုင်းဒေသကြီး,Lemyethna Township,လေးမျက်နှာ မြို့နယ်,Gyoe Gyar Kwin Village Tract,ကြိုးကြာကွင်း ကျေးရွာအုပ်စု,village_tract,,,unmatched,exact_township_name,Source township resolved but CoreMap township id not matched in admin pass
1007213,Ayeyarwady Region,ဧရာဝတီတိုင်းဒေသကြီး,Lemyethna Township,လေးမျက်နှာ မြို့နယ်,Htein Taw Gyi Village Tract,ထိန်တောကြီး ကျေးရွာအုပ်စု,village_tract,,,unmatched,exact_township_name,Source township resolved but CoreMap township id not matched in admin pass
1007214,Ayeyarwady Region,ဧရာဝတီတိုင်းဒေသကြီး,Lemyethna Township,လေးမျက်နှာ မြို့နယ်,Yae Nauk Village Tract,ရေနောက် ကျေးရွာအုပ်စု,village_tract,,,unmatched,exact_township_name,Source township resolved but CoreMap township id not matched in admin pass
1007215,Ayeyarwady Region,ဧရာဝတီတိုင်းဒေသကြီး,Lemyethna Township,လေးမျက်နှာ မြို့နယ်,Boke Chaung Village Tract,ဘုတ်ချောင်း ကျေးရွာအုပ်စု,village_tract,,,unmatched,exact_township_name,Source township resolved but CoreMap township id not matched in admin pass
1007216,Ayeyarwady Region,ဧရာဝတီတိုင်းဒေသကြီး,Lemyethna Township,လေးမျက်နှာ မြို့နယ်,Shan Village Tract,ရှမ်း ကျေးရွာအုပ်စု,village_tract,,,unmatched,exact_township_name,Source township resolved but CoreMap township id not matched in admin pass
1007217,Ayeyarwady Region,ဧရာဝတီတိုင်းဒေသကြီး,Lemyethna Township,လေးမျက်နှာ မြို့နယ်,Ka Nyin Thaung Village Tract,ကညင်သောင် ကျေးရွာအုပ်စု,village_tract,,,unmatched,exact_township_name,Source township resolved but CoreMap township id not matched in admin pass
1007218,Ayeyarwady Region,ဧရာဝတီတိုင်းဒေသကြီး,Lemyethna Township,လေးမျက်နှာ မြို့နယ်,Koe Te Village Tract,ကိုးတဲ ကျေးရွာအုပ်စု,village_tract,,,unmatched,exact_township_name,Source township resolved but CoreMap township id not matched in admin pass
1007219,Ayeyarwady Region,ဧရာဝတီတိုင်းဒေသကြီး,Lemyethna Township,လေးမျက်နှာ မြို့နယ်,Mei Za Li Village Tract,မယ်ဇလီ ကျေးရွာအုပ်စု,village_tract,,,unmatched,exact_township_name,Source township resolved but CoreMap township id not matched in admin pass
1007220,Ayeyarwady Region,ဧရာဝတီတိုင်းဒေသကြီး,Lemyethna Township,လေးမျက်နှာ မြို့နယ်,Yin Se Village Tract,ယင်းဆယ် ကျေးရွာအုပ်စု,village_tract,,,unmatched,exact_township_name,Source township resolved but CoreMap township id not matched in admin pass
1007221,Ayeyarwady Region,ဧရာဝတီတိုင်းဒေသကြီး,Lemyethna Township,လေးမျက်နှာ မြို့နယ်,Aing Tha Pyu Village Tract,အိုင်သပြု ကျေးရွာအုပ်စု,village_tract,,,unmatched,exact_township_name,Source township resolved but CoreMap township id not matched in admin pass
1007222,Ayeyarwady Region,ဧရာဝတီတိုင်းဒေသကြီး,Lemyethna Township,လေးမျက်နှာ မြို့နယ်,Let Tha Mar (Kayin) Village Tract,လက်သမား (ကရင်) ကျေးရွာအုပ်စု,village_tract,,,unmatched,exact_township_name,Source township resolved but CoreMap township id not matched in admin pass
1007223,Ayeyarwady Region,ဧရာဝတီတိုင်းဒေသကြီး,Lemyethna Township,လေးမျက်နှာ မြို့နယ်,Let Tha Mar (Myanmar) Village Tract,လက်သမား (မြန်မာ) ကျေးရွာအုပ်စု,village_tract,,,unmatched,exact_township_name,Source township resolved but CoreMap township id not matched in admin pass
1007224,Ayeyarwady Region,ဧရာဝတီတိုင်းဒေသကြီး,Lemyethna Township,လေးမျက်နှာ မြို့နယ်,Chauk Se Village Tract,ခြောက်ဆယ် ကျေးရွာအုပ်စု,village_tract,,,unmatched,exact_township_name,Source township resolved but CoreMap township id not matched in admin pass
1007225,Ayeyarwady Region,ဧရာဝတီတိုင်းဒေသကြီး,Lemyethna Township,လေးမျက်နှာ မြို့နယ်,Kyee Pauk Kone Village Tract,ကြီးပေါက်ကုန်း ကျေးရွာအုပ်စု,village_tract,,,unmatched,exact_township_name,Source township resolved but CoreMap township id not matched in admin pass
1007226,Ayeyarwady Region,ဧရာဝတီတိုင်းဒေသကြီး,Lemyethna Township,လေးမျက်နှာ မြို့နယ်,Bi Tha Lun Village Tract,ဘိသလွန် ကျေးရွာအုပ်စု,village_tract,,,unmatched,exact_township_name,Source township resolved but CoreMap township id not matched in admin pass
1007227,Ayeyarwady Region,ဧရာဝတီတိုင်းဒေသကြီး,Lemyethna Township,လေးမျက်နှာ မြို့နယ်,Pan Taw Gyi Village Tract,ပန်းတောကြီး ကျေးရွာအုပ်စု,village_tract,,,unmatched,exact_township_name,Source township resolved but CoreMap township id not matched in admin pass
1007228,Ayeyarwady Region,ဧရာဝတီတိုင်းဒေသကြီး,Lemyethna Township,လေးမျက်နှာ မြို့နယ်,Kun Chan Kone Village Tract,ကွမ်းခြံကုန်း ကျေးရွာအုပ်စု,village_tract,,,unmatched,exact_township_name,Source township resolved but CoreMap township id not matched in admin pass
1007229,Ayeyarwady Region,ဧရာဝတီတိုင်းဒေသကြီး,Lemyethna Township,လေးမျက်နှာ မြို့နယ်,Beit Pyar Kone Village Tract,ဘဲ့ပြားကုန်း ကျေးရွာအုပ်စု,village_tract,,,unmatched,exact_township_name,Source township resolved but CoreMap township id not matched in admin pass
1007230,Ayeyarwady Region,ဧရာဝတီတိုင်းဒေသကြီး,Lemyethna Township,လေးမျက်နှာ မြို့နယ်,War Taw Kwin Village Tract,ဝါးတောကွင်း ကျေးရွာအုပ်စု,village_tract,,,unmatched,exact_township_name,Source township resolved but CoreMap township id not matched in admin pass
1007231,Ayeyarwady Region,ဧရာဝတီတိုင်းဒေသကြီး,Lemyethna Township,လေးမျက်နှာ မြို့နယ်,Chin Kone Village Tract,ချင်းကုန်း ကျေးရွာအုပ်စု,village_tract,,,unmatched,exact_township_name,Source township resolved but CoreMap township id not matched in admin pass
1007232,Ayeyarwady Region,ဧရာဝတီတိုင်းဒေသကြီး,Lemyethna Township,လေးမျက်နှာ မြို့နယ်,Thea Nu Kone Village Tract,သဲနုကုန်း ကျေးရွာအုပ်စု,village_tract,,,unmatched,exact_township_name,Source township resolved but CoreMap township id not matched in admin pass
1007233,Ayeyarwady Region,ဧရာဝတီတိုင်းဒေသကြီး,Lemyethna Township,လေးမျက်နှာ မြို့နယ်,Moe Goke Village Tract,မိုးကုတ် ကျေးရွာအုပ်စု,village_tract,,,unmatched,exact_township_name,Source township resolved but CoreMap township id not matched in admin pass
1007234,Ayeyarwady Region,ဧရာဝတီတိုင်းဒေသကြီး,Lemyethna Township,လေးမျက်နှာ မြို့နယ်,Kha Mauk Su Village Tract,ခမောက်စု ကျေးရွာအုပ်စု,village_tract,,,unmatched,exact_township_name,Source township resolved but CoreMap township id not matched in admin pass
1007235,Ayeyarwady Region,ဧရာဝတီတိုင်းဒေသကြီး,Lemyethna Township,လေးမျက်နှာ မြို့နယ်,Hle Htauk Kwin Village Tract,လှည်းထောက်ကွင်း ကျေးရွာအုပ်စု,village_tract,,,unmatched,exact_township_name,Source township resolved but CoreMap township id not matched in admin pass
1007236,Ayeyarwady Region,ဧရာဝတီတိုင်းဒေသကြီး,Lemyethna Township,လေးမျက်နှာ မြို့နယ်,Hlaw Ka Htar Village Tract,လှော်ကထား ကျေးရွာအုပ်စု,village_tract,,,unmatched,exact_township_name,Source township resolved but CoreMap township id not matched in admin pass
1007237,Ayeyarwady Region,ဧရာဝတီတိုင်းဒေသကြီး,Lemyethna Township,လေးမျက်နှာ မြို့နယ်,Kwin Gyi Village Tract,ကွင်းကြီး ကျေးရွာအုပ်စု,village_tract,,,unmatched,exact_township_name,Source township resolved but CoreMap township id not matched in admin pass
1007238,Ayeyarwady Region,ဧရာဝတီတိုင်းဒေသကြီး,Lemyethna Township,လေးမျက်နှာ မြို့နယ်,Wut Kone Village Tract,ဝတ်ကုန်း ကျေးရွာအုပ်စု,village_tract,,,unmatched,exact_township_name,Source township resolved but CoreMap township id not matched in admin pass
1007239,Ayeyarwady Region,ဧရာဝတီတိုင်းဒေသကြီး,Lemyethna Township,လေးမျက်နှာ မြို့နယ်,Ka Nyin Taing Village Tract,ကညင်တိုင်း ကျေးရွာအုပ်စု,village_tract,,,unmatched,exact_township_name,Source township resolved but CoreMap township id not matched in admin pass
1007240,Ayeyarwady Region,ဧရာဝတီတိုင်းဒေသကြီး,Lemyethna Township,လေးမျက်နှာ မြို့နယ်,Chin Lel Village Tract,ချင်းလယ် ကျေးရွာအုပ်စု,village_tract,,,unmatched,exact_township_name,Source township resolved but CoreMap township id not matched in admin pass
1007241,Ayeyarwady Region,ဧရာဝတီတိုင်းဒေသကြီး,Lemyethna Township,လေးမျက်နှာ မြို့နယ်,Khat Tu Village Tract,ခတ္တူ ကျေးရွာအုပ်စု,village_tract,,,unmatched,exact_township_name,Source township resolved but CoreMap township id not matched in admin pass
1007242,Ayeyarwady Region,ဧရာဝတီတိုင်းဒေသကြီး,Lemyethna Township,လေးမျက်နှာ မြို့နယ်,Thaung Boke Village Tract,သောင်ဘုတ် ကျေးရွာအုပ်စု,village_tract,,,unmatched,exact_township_name,Source township resolved but CoreMap township id not matched in admin pass
1008001,Ayeyarwady Region,ဧရာဝတီတိုင်းဒေသကြီး,Yegyi Township,ရေကြည် မြို့နယ်,Nay Win Quarter,နေဝင်း ရပ်ကွက်,ward,,,unmatched,exact_township_name,Source township resolved but CoreMap township id not matched in admin pass
1008002,Ayeyarwady Region,ဧရာဝတီတိုင်းဒေသကြီး,Yegyi Township,ရေကြည် မြို့နယ်,Sa Yar San Quarter,ဆရာစံ ရပ်ကွက်,ward,,,unmatched,exact_township_name,Source township resolved but CoreMap township id not matched in admin pass
1008003,Ayeyarwady Region,ဧရာဝတီတိုင်းဒေသကြီး,Yegyi Township,ရေကြည် မြို့နယ်,Aung San Quarter,အောင်ဆန်း ရပ်ကွက်,ward,,,unmatched,exact_township_name,Source township resolved but CoreMap township id not matched in admin pass
1008004,Ayeyarwady Region,ဧရာဝတီတိုင်းဒေသကြီး,Yegyi Township,ရေကြည် မြို့နယ်,Ba Htu Quarter,ဗထူး ရပ်ကွက်,ward,,,unmatched,exact_township_name,Source township resolved but CoreMap township id not matched in admin pass
1008005,Ayeyarwady Region,ဧရာဝတီတိုင်းဒေသကြီး,Yegyi Township,ရေကြည် မြို့နယ်,Myo Ma Quarter,မြို့မ ရပ်ကွက်,ward,,,unmatched,exact_township_name,Source township resolved but CoreMap township id not matched in admin pass
1008200,Ayeyarwady Region,ဧရာဝတီတိုင်းဒေသကြီး,Yegyi Township,ရေကြည် မြို့နယ်,Si Son Kone Village Tract,ဆီဆုံကုန်း ကျေးရွာအုပ်စု,village_tract,,,unmatched,exact_township_name,Source township resolved but CoreMap township id not matched in admin pass
1008201,Ayeyarwady Region,ဧရာဝတီတိုင်းဒေသကြီး,Yegyi Township,ရေကြည် မြို့နယ်,Thin Gan Daunt Village Tract,သင်္ဃန်းဒေါင့် ကျေးရွာအုပ်စု,village_tract,,,unmatched,exact_township_name,Source township resolved but CoreMap township id not matched in admin pass
1008202,Ayeyarwady Region,ဧရာဝတီတိုင်းဒေသကြီး,Yegyi Township,ရေကြည် မြို့နယ်,Kyon Pa Doke Village Tract,ကျုံပဒုတ် ကျေးရွာအုပ်စု,village_tract,,,unmatched,exact_township_name,Source township resolved but CoreMap township id not matched in admin pass
1008203,Ayeyarwady Region,ဧရာဝတီတိုင်းဒေသကြီး,Yegyi Township,ရေကြည် မြို့နယ်,Ka Nyin Gwa Village Tract,ကညင်ဂွ ကျေးရွာအုပ်စု,village_tract,,,unmatched,exact_township_name,Source township resolved but CoreMap township id not matched in admin pass
1008204,Ayeyarwady Region,ဧရာဝတီတိုင်းဒေသကြီး,Yegyi Township,ရေကြည် မြို့နယ်,Pa Dauk Chaung Village Tract,ပဒေါက်ချောင် ကျေးရွာအုပ်စု,village_tract,,,unmatched,exact_township_name,Source township resolved but CoreMap township id not matched in admin pass
1008205,Ayeyarwady Region,ဧရာဝတီတိုင်းဒေသကြီး,Yegyi Township,ရေကြည် မြို့နယ်,Ma Yin Ku Village Tract,မရင်းကူး ကျေးရွာအုပ်စု,village_tract,,,unmatched,exact_township_name,Source township resolved but CoreMap township id not matched in admin pass
1008206,Ayeyarwady Region,ဧရာဝတီတိုင်းဒေသကြီး,Yegyi Township,ရေကြည် မြို့နယ်,Za Yat Hla Village Tract,ဇရပ်လှ ကျေးရွာအုပ်စု,village_tract,,,unmatched,exact_township_name,Source township resolved but CoreMap township id not matched in admin pass
1008207,Ayeyarwady Region,ဧရာဝတီတိုင်းဒေသကြီး,Yegyi Township,ရေကြည် မြို့နယ်,Kyon Ma Yan Village Tract,ကျုံမရမ်း ကျေးရွာအုပ်စု,village_tract,,,unmatched,exact_township_name,Source township resolved but CoreMap township id not matched in admin pass
1008208,Ayeyarwady Region,ဧရာဝတီတိုင်းဒေသကြီး,Yegyi Township,ရေကြည် မြို့နယ်,Taung La Har Village Tract,တောင်လဟာ ကျေးရွာအုပ်စု,village_tract,,,unmatched,exact_township_name,Source township resolved but CoreMap township id not matched in admin pass
1008209,Ayeyarwady Region,ဧရာဝတီတိုင်းဒေသကြီး,Yegyi Township,ရေကြည် မြို့နယ်,Nat Sin Ngu Village Tract,နတ်စင်ငူ ကျေးရွာအုပ်စု,village_tract,,,unmatched,exact_township_name,Source township resolved but CoreMap township id not matched in admin pass
1008210,Ayeyarwady Region,ဧရာဝတီတိုင်းဒေသကြီး,Yegyi Township,ရေကြည် မြို့နယ်,Nyaung Ngu Village Tract,ညောင်ငူ ကျေးရွာအုပ်စု,village_tract,,,unmatched,exact_township_name,Source township resolved but CoreMap township id not matched in admin pass
1008211,Ayeyarwady Region,ဧရာဝတီတိုင်းဒေသကြီး,Yegyi Township,ရေကြည် မြို့နယ်,Hnget Thaik Village Tract,ငှက်သိုက် ကျေးရွာအုပ်စု,village_tract,,,unmatched,exact_township_name,Source township resolved but CoreMap township id not matched in admin pass
1008212,Ayeyarwady Region,ဧရာဝတီတိုင်းဒေသကြီး,Yegyi Township,ရေကြည် မြို့နယ်,Inn Hlyar Kone Village Tract,အင်းလျှားကုန်း ကျေးရွာအုပ်စု,village_tract,,,unmatched,exact_township_name,Source township resolved but CoreMap township id not matched in admin pass
1008213,Ayeyarwady Region,ဧရာဝတီတိုင်းဒေသကြီး,Yegyi Township,ရေကြည် မြို့နယ်,Than Din Village Tract,သံဒင်း ကျေးရွာအုပ်စု,village_tract,,,unmatched,exact_township_name,Source township resolved but CoreMap township id not matched in admin pass
1008214,Ayeyarwady Region,ဧရာဝတီတိုင်းဒေသကြီး,Yegyi Township,ရေကြည် မြို့နယ်,Kyar Kan Village Tract,ကြာကန် ကျေးရွာအုပ်စု,village_tract,,,unmatched,exact_township_name,Source township resolved but CoreMap township id not matched in admin pass
1008215,Ayeyarwady Region,ဧရာဝတီတိုင်းဒေသကြီး,Yegyi Township,ရေကြည် မြို့နယ်,Yone Tone Village Tract,ရုံးတုံး ကျေးရွာအုပ်စု,village_tract,,,unmatched,exact_township_name,Source township resolved but CoreMap township id not matched in admin pass
1008216,Ayeyarwady Region,ဧရာဝတီတိုင်းဒေသကြီး,Yegyi Township,ရေကြည် မြို့နယ်,Kyar Chaung Village Tract,ကျားချောင် ကျေးရွာအုပ်စု,village_tract,,,unmatched,exact_township_name,Source township resolved but CoreMap township id not matched in admin pass
1008217,Ayeyarwady Region,ဧရာဝတီတိုင်းဒေသကြီး,Yegyi Township,ရေကြည် မြို့နယ်,Taung Lel Village Tract,တောင်လယ် ကျေးရွာအုပ်စု,village_tract,,,unmatched,exact_township_name,Source township resolved but CoreMap township id not matched in admin pass
1008218,Ayeyarwady Region,ဧရာဝတီတိုင်းဒေသကြီး,Yegyi Township,ရေကြည် မြို့နယ်,Tut Pa Lut Village Tract,တွတ်ပလွတ် ကျေးရွာအုပ်စု,village_tract,,,unmatched,exact_township_name,Source township resolved but CoreMap township id not matched in admin pass
1008219,Ayeyarwady Region,ဧရာဝတီတိုင်းဒေသကြီး,Yegyi Township,ရေကြည် မြို့နယ်,Hpa Yar Kone Village Tract,ဘုရားကုန်း ကျေးရွာအုပ်စု,village_tract,,,unmatched,exact_township_name,Source township resolved but CoreMap township id not matched in admin pass
1008220,Ayeyarwady Region,ဧရာဝတီတိုင်းဒေသကြီး,Yegyi Township,ရေကြည် မြို့နယ်,Kywe Ta Lin Village Tract,ကျွဲတလင်း ကျေးရွာအုပ်စု,village_tract,,,unmatched,exact_township_name,Source township resolved but CoreMap township id not matched in admin pass
1008221,Ayeyarwady Region,ဧရာဝတီတိုင်းဒေသကြီး,Yegyi Township,ရေကြည် မြို့နယ်,Hpa Yar Ngu Village Tract,ဘုရားငူ ကျေးရွာအုပ်စု,village_tract,,,unmatched,exact_township_name,Source township resolved but CoreMap township id not matched in admin pass
1008222,Ayeyarwady Region,ဧရာဝတီတိုင်းဒေသကြီး,Yegyi Township,ရေကြည် မြို့နယ်,Tha Khut Kone Village Tract,သခွတ်ကုန်း ကျေးရွာအုပ်စု,village_tract,,,unmatched,exact_township_name,Source township resolved but CoreMap township id not matched in admin pass
1008223,Ayeyarwady Region,ဧရာဝတီတိုင်းဒေသကြီး,Yegyi Township,ရေကြည် မြို့နယ်,Wet Yoke Village Tract,ဝက်ရုပ် ကျေးရွာအုပ်စု,village_tract,,,unmatched,exact_township_name,Source township resolved but CoreMap township id not matched in admin pass
1008224,Ayeyarwady Region,ဧရာဝတီတိုင်းဒေသကြီး,Yegyi Township,ရေကြည် မြို့နယ်,Yae Thoe Village Tract,ရေသိုး ကျေးရွာအုပ်စု,village_tract,,,unmatched,exact_township_name,Source township resolved but CoreMap township id not matched in admin pass
1008225,Ayeyarwady Region,ဧရာဝတီတိုင်းဒေသကြီး,Yegyi Township,ရေကြည် မြို့နယ်,Kan Chaung Village Tract,ကန်ချောင် ကျေးရွာအုပ်စု,village_tract,,,unmatched,exact_township_name,Source township resolved but CoreMap township id not matched in admin pass
1008226,Ayeyarwady Region,ဧရာဝတီတိုင်းဒေသကြီး,Yegyi Township,ရေကြည် မြို့နယ်,Kun Thee Chaung Village Tract,ကွမ်းသီးချောင်း ကျေးရွာအုပ်စု,village_tract,,,unmatched,exact_township_name,Source township resolved but CoreMap township id not matched in admin pass
1008227,Ayeyarwady Region,ဧရာဝတီတိုင်းဒေသကြီး,Yegyi Township,ရေကြည် မြို့နယ်,Chaung Hpyar Village Tract,ချောင်းဖျား ကျေးရွာအုပ်စု,village_tract,,,unmatched,exact_township_name,Source township resolved but CoreMap township id not matched in admin pass
1008228,Ayeyarwady Region,ဧရာဝတီတိုင်းဒေသကြီး,Yegyi Township,ရေကြည် မြို့နယ်,Hpet Tha Let Village Tract,ဖက်သလက် ကျေးရွာအုပ်စု,village_tract,,,unmatched,exact_township_name,Source township resolved but CoreMap township id not matched in admin pass
1008229,Ayeyarwady Region,ဧရာဝတီတိုင်းဒေသကြီး,Yegyi Township,ရေကြည် မြို့နယ်,War Yon La Har Village Tract,ဝါးရုံလဟာ ကျေးရွာအုပ်စု,village_tract,,,unmatched,exact_township_name,Source township resolved but CoreMap township id not matched in admin pass
1008230,Ayeyarwady Region,ဧရာဝတီတိုင်းဒေသကြီး,Yegyi Township,ရေကြည် မြို့နယ်,Doe Kone Village Tract,ဒိုးကုန်း ကျေးရွာအုပ်စု,village_tract,,,unmatched,exact_township_name,Source township resolved but CoreMap township id not matched in admin pass
1008231,Ayeyarwady Region,ဧရာဝတီတိုင်းဒေသကြီး,Yegyi Township,ရေကြည် မြို့နယ်,Nyaung Pin Thar Village Tract,ညောင်ပင်သာ ကျေးရွာအုပ်စု,village_tract,,,unmatched,exact_township_name,Source township resolved but CoreMap township id not matched in admin pass
1008232,Ayeyarwady Region,ဧရာဝတီတိုင်းဒေသကြီး,Yegyi Township,ရေကြည် မြို့နယ်,Kwin Thone Sint Village Tract,ကွင်းသုံးဆင့် ကျေးရွာအုပ်စု,village_tract,,,unmatched,exact_township_name,Source township resolved but CoreMap township id not matched in admin pass
1008233,Ayeyarwady Region,ဧရာဝတီတိုင်းဒေသကြီး,Yegyi Township,ရေကြည် မြို့နယ်,Daunt Gyi Yoe Ma Dawt Village Tract,ဒေါင့်ကြီးရိုးမဒေါ့ ကျေးရွာအုပ်စု,village_tract,,,unmatched,exact_township_name,Source township resolved but CoreMap township id not matched in admin pass
1008234,Ayeyarwady Region,ဧရာဝတီတိုင်းဒေသကြီး,Yegyi Township,ရေကြည် မြို့နယ်,Nat Sin Kwin Village Tract,နတ်စင်ကွင်း ကျေးရွာအုပ်စု,village_tract,,,unmatched,exact_township_name,Source township resolved but CoreMap township id not matched in admin pass
1008235,Ayeyarwady Region,ဧရာဝတီတိုင်းဒေသကြီး,Yegyi Township,ရေကြည် မြို့နယ်,Thit Koke Ta Taung Village Tract,သစ်ကုတ္တတောင် ကျေးရွာအုပ်စု,village_tract,,,unmatched,exact_township_name,Source township resolved but CoreMap township id not matched in admin pass
1008236,Ayeyarwady Region,ဧရာဝတီတိုင်းဒေသကြီး,Yegyi Township,ရေကြည် မြို့နယ်,Kyon Hpar Yoe Village Tract,ကျုံဖါးရိုး ကျေးရွာအုပ်စု,village_tract,,,unmatched,exact_township_name,Source township resolved but CoreMap township id not matched in admin pass
1008237,Ayeyarwady Region,ဧရာဝတီတိုင်းဒေသကြီး,Yegyi Township,ရေကြည် မြို့နယ်,Nyaung Ngu Let Khoke Village Tract,ညောင်ငူလက်ခုတ် ကျေးရွာအုပ်စု,village_tract,,,unmatched,exact_township_name,Source township resolved but CoreMap township id not matched in admin pass
1008238,Ayeyarwady Region,ဧရာဝတီတိုင်းဒေသကြီး,Yegyi Township,ရေကြည် မြို့နယ်,Taik Sun Auk Inn Village Tract,တိုက်စွန်းအောက်အင်း ကျေးရွာအုပ်စု,village_tract,,,unmatched,exact_township_name,Source township resolved but CoreMap township id not matched in admin pass
1008239,Ayeyarwady Region,ဧရာဝတီတိုင်းဒေသကြီး,Yegyi Township,ရေကြည် မြို့နယ်,Htan Kyun Seik Thar Village Tract,ထန်းကျွန်းဆိပ်သာ ကျေးရွာအုပ်စု,village_tract,,,unmatched,exact_township_name,Source township resolved but CoreMap township id not matched in admin pass
1008240,Ayeyarwady Region,ဧရာဝတီတိုင်းဒေသကြီး,Yegyi Township,ရေကြည် မြို့နယ်,Tha Yet Kone Village Tract,သရက်ကုန်း ကျေးရွာအုပ်စု,village_tract,,,unmatched,exact_township_name,Source township resolved but CoreMap township id not matched in admin pass
1008241,Ayeyarwady Region,ဧရာဝတီတိုင်းဒေသကြီး,Yegyi Township,ရေကြည် မြို့နယ်,Wet Lar Village Tract,ဝက်လာ ကျေးရွာအုပ်စု,village_tract,,,unmatched,exact_township_name,Source township resolved but CoreMap township id not matched in admin pass
1008242,Ayeyarwady Region,ဧရာဝတီတိုင်းဒေသကြီး,Yegyi Township,ရေကြည် မြို့နယ်,Yoe Da Yar Det Village Tract,ယိုးဒယားဒက် ကျေးရွာအုပ်စု,village_tract,,,unmatched,exact_township_name,Source township resolved but CoreMap township id not matched in admin pass
1008243,Ayeyarwady Region,ဧရာဝတီတိုင်းဒေသကြီး,Yegyi Township,ရေကြည် မြို့နယ်,Kaing Chaung Village Tract,ကိုင်းချောင်း ကျေးရွာအုပ်စု,village_tract,,,unmatched,exact_township_name,Source township resolved but CoreMap township id not matched in admin pass
1008244,Ayeyarwady Region,ဧရာဝတီတိုင်းဒေသကြီး,Yegyi Township,ရေကြည် မြို့နယ်,Sat Kwin Village Tract,ဆပ်ကွင်း ကျေးရွာအုပ်စု,village_tract,,,unmatched,exact_township_name,Source township resolved but CoreMap township id not matched in admin pass
1008245,Ayeyarwady Region,ဧရာဝတီတိုင်းဒေသကြီး,Yegyi Township,ရေကြည် မြို့နယ်,Nwar Yae Taik Village Tract,နွားရေတိုက် ကျေးရွာအုပ်စု,village_tract,,,unmatched,exact_township_name,Source township resolved but CoreMap township id not matched in admin pass
1008246,Ayeyarwady Region,ဧရာဝတီတိုင်းဒေသကြီး,Yegyi Township,ရေကြည် မြို့နယ်,Ah Kei Gyi Kyoet Kone Village Tract,အကယ်ကြီးကြို့ကုန်း ကျေးရွာအုပ်စု,village_tract,,,unmatched,exact_township_name,Source township resolved but CoreMap township id not matched in admin pass
1008247,Ayeyarwady Region,ဧရာဝတီတိုင်းဒေသကြီး,Yegyi Township,ရေကြည် မြို့နယ်,Hnaw Kone Village Tract,နှောကုန်း ကျေးရွာအုပ်စု,village_tract,,,unmatched,exact_township_name,Source township resolved but CoreMap township id not matched in admin pass
1008248,Ayeyarwady Region,ဧရာဝတီတိုင်းဒေသကြီး,Yegyi Township,ရေကြည် မြို့နယ်,Ma Gyi La Har Village Tract,မကြီးလဟာ ကျေးရွာအုပ်စု,village_tract,,,unmatched,exact_township_name,Source township resolved but CoreMap township id not matched in admin pass
1008249,Ayeyarwady Region,ဧရာဝတီတိုင်းဒေသကြီး,Yegyi Township,ရေကြည် မြို့နယ်,Kwin Gyi Village Tract,ကွင်းကြီး ကျေးရွာအုပ်စု,village_tract,,,unmatched,exact_township_name,Source township resolved but CoreMap township id not matched in admin pass
1008250,Ayeyarwady Region,ဧရာဝတီတိုင်းဒေသကြီး,Yegyi Township,ရေကြည် မြို့နယ်,Pan Zan Kwin Village Tract,ပန်းဇံကွင်း ကျေးရွာအုပ်စု,village_tract,,,unmatched,exact_township_name,Source township resolved but CoreMap township id not matched in admin pass
1008251,Ayeyarwady Region,ဧရာဝတီတိုင်းဒေသကြီး,Yegyi Township,ရေကြည် မြို့နယ်,Bweit Ngu Village Tract,ဘွဲ့ငူ ကျေးရွာအုပ်စု,village_tract,,,unmatched,exact_township_name,Source township resolved but CoreMap township id not matched in admin pass
1008252,Ayeyarwady Region,ဧရာဝတီတိုင်းဒေသကြီး,Yegyi Township,ရေကြည် မြို့နယ်,Ka Nyin Ngu Village Tract,ကညင်ငူ ကျေးရွာအုပ်စု,village_tract,,,unmatched,exact_township_name,Source township resolved but CoreMap township id not matched in admin pass
1008253,Ayeyarwady Region,ဧရာဝတီတိုင်းဒေသကြီး,Yegyi Township,ရေကြည် မြို့နယ်,Yin Shey Village Tract,ရင်းရှည် ကျေးရွာအုပ်စု,village_tract,,,unmatched,exact_township_name,Source township resolved but CoreMap township id not matched in admin pass
1008254,Ayeyarwady Region,ဧရာဝတီတိုင်းဒေသကြီး,Yegyi Township,ရေကြည် မြို့နယ်,Thit Hpyu Pin Village Tract,သစ်ဖြူပင် ကျေးရွာအုပ်စု,village_tract,,,unmatched,exact_township_name,Source township resolved but CoreMap township id not matched in admin pass
1008255,Ayeyarwady Region,ဧရာဝတီတိုင်းဒေသကြီး,Yegyi Township,ရေကြည် မြို့နယ်,Ah Thoke Village Tract,အသုတ် ကျေးရွာအုပ်စု,village_tract,,,unmatched,exact_township_name,Source township resolved but CoreMap township id not matched in admin pass
1008256,Ayeyarwady Region,ဧရာဝတီတိုင်းဒေသကြီး,Yegyi Township,ရေကြည် မြို့နယ်,Myet To Village Tract,မျက်တို ကျေးရွာအုပ်စု,village_tract,,,unmatched,exact_township_name,Source township resolved but CoreMap township id not matched in admin pass
1008257,Ayeyarwady Region,ဧရာဝတီတိုင်းဒေသကြီး,Yegyi Township,ရေကြည် မြို့နယ်,Kone Pyin Village Tract,ကုန်းပြင် ကျေးရွာအုပ်စု,village_tract,,,unmatched,exact_township_name,Source township resolved but CoreMap township id not matched in admin pass
1008258,Ayeyarwady Region,ဧရာဝတီတိုင်းဒေသကြီး,Yegyi Township,ရေကြည် မြို့နယ်,Meik Tha Lin Village Tract,မိဿလင် ကျေးရွာအုပ်စု,village_tract,,,unmatched,exact_township_name,Source township resolved but CoreMap township id not matched in admin pass
1008259,Ayeyarwady Region,ဧရာဝတီတိုင်းဒေသကြီး,Yegyi Township,ရေကြည် မြို့နယ်,Gway Tauk Village Tract,ဂွေးတောက် ကျေးရွာအုပ်စု,village_tract,,,unmatched,exact_township_name,Source township resolved but CoreMap township id not matched in admin pass
1008260,Ayeyarwady Region,ဧရာဝတီတိုင်းဒေသကြီး,Yegyi Township,ရေကြည် မြို့နယ်,Thaung Gyi Village Tract,သောင်ကြီး ကျေးရွာအုပ်စု,village_tract,,,unmatched,exact_township_name,Source township resolved but CoreMap township id not matched in admin pass
1008261,Ayeyarwady Region,ဧရာဝတီတိုင်းဒေသကြီး,Yegyi Township,ရေကြည် မြို့နယ်,Myit Se Village Tract,မြစ်ဆယ် ကျေးရွာအုပ်စု,village_tract,,,unmatched,exact_township_name,Source township resolved but CoreMap township id not matched in admin pass
1008262,Ayeyarwady Region,ဧရာဝတီတိုင်းဒေသကြီး,Yegyi Township,ရေကြည် မြို့နယ်,Ma Au Kone Village Tract,မအူကုန်း ကျေးရွာအုပ်စု,village_tract,,,unmatched,exact_township_name,Source township resolved but CoreMap township id not matched in admin pass
1008263,Ayeyarwady Region,ဧရာဝတီတိုင်းဒေသကြီး,Yegyi Township,ရေကြည် မြို့နယ်,Daunt Gyi Bet Village Tract,ဒေါင့်ကြီးဘက် ကျေးရွာအုပ်စု,village_tract,,,unmatched,exact_township_name,Source township resolved but CoreMap township id not matched in admin pass
1008264,Ayeyarwady Region,ဧရာဝတီတိုင်းဒေသကြီး,Yegyi Township,ရေကြည် မြို့နယ်,Tha Yet Chaung Village Tract,သရက်ချောင်း ကျေးရွာအုပ်စု,village_tract,,,unmatched,exact_township_name,Source township resolved but CoreMap township id not matched in admin pass
1008265,Ayeyarwady Region,ဧရာဝတီတိုင်းဒေသကြီး,Yegyi Township,ရေကြည် မြို့နယ်,Kwin Chaung Village Tract,ကွင်းချောင်း ကျေးရွာအုပ်စု,village_tract,,,unmatched,exact_township_name,Source township resolved but CoreMap township id not matched in admin pass
1008266,Ayeyarwady Region,ဧရာဝတီတိုင်းဒေသကြီး,Yegyi Township,ရေကြည် မြို့နယ်,Hpan Khar Pin Village Tract,ဖန်ခါးပင် ကျေးရွာအုပ်စု,village_tract,,,unmatched,exact_township_name,Source township resolved but CoreMap township id not matched in admin pass
1008267,Ayeyarwady Region,ဧရာဝတီတိုင်းဒေသကြီး,Yegyi Township,ရေကြည် မြို့နယ်,Nyaung Pin Thar Village Tract,ညောင်ပင်သာ ကျေးရွာအုပ်စု,village_tract,,,unmatched,exact_township_name,Source township resolved but CoreMap township id not matched in admin pass
1008268,Ayeyarwady Region,ဧရာဝတီတိုင်းဒေသကြီး,Yegyi Township,ရေကြည် မြို့နယ်,Kwin Gyi Tha Bawt Village Tract,ကွင်းကြီးသဘော့ ကျေးရွာအုပ်စု,village_tract,,,unmatched,exact_township_name,Source township resolved but CoreMap township id not matched in admin pass
1008269,Ayeyarwady Region,ဧရာဝတီတိုင်းဒေသကြီး,Yegyi Township,ရေကြည် မြို့နယ်,Kwin Hlyar Village Tract,ကွင်းလျှား ကျေးရွာအုပ်စု,village_tract,,,unmatched,exact_township_name,Source township resolved but CoreMap township id not matched in admin pass
1008270,Ayeyarwady Region,ဧရာဝတီတိုင်းဒေသကြီး,Yegyi Township,ရေကြည် မြို့နယ်,Hpa Yar Kone Village Tract,ဘုရားကုန်း ကျေးရွာအုပ်စု,village_tract,,,unmatched,exact_township_name,Source township resolved but CoreMap township id not matched in admin pass
1008271,Ayeyarwady Region,ဧရာဝတီတိုင်းဒေသကြီး,Yegyi Township,ရေကြည် မြို့နယ်,Kan Ni Village Tract,ကမ်းနီ ကျေးရွာအုပ်စု,village_tract,,,unmatched,exact_township_name,Source township resolved but CoreMap township id not matched in admin pass
1008272,Ayeyarwady Region,ဧရာဝတီတိုင်းဒေသကြီး,Yegyi Township,ရေကြည် မြို့နယ်,Ah Phan Yae Yin Village Tract,အဖန်ရေယာဉ် ကျေးရွာအုပ်စု,village_tract,,,unmatched,exact_township_name,Source township resolved but CoreMap township id not matched in admin pass
1008273,Ayeyarwady Region,ဧရာဝတီတိုင်းဒေသကြီး,Yegyi Township,ရေကြည် မြို့နယ်,Kwin Pauk Village Tract,ကွင်းပေါက် ကျေးရွာအုပ်စု,village_tract,,,unmatched,exact_township_name,Source township resolved but CoreMap township id not matched in admin pass
1008274,Ayeyarwady Region,ဧရာဝတီတိုင်းဒေသကြီး,Yegyi Township,ရေကြည် မြို့နယ်,Kyoet Kone Village Tract,ကြို့ကုန်း ကျေးရွာအုပ်စု,village_tract,,,unmatched,exact_township_name,Source township resolved but CoreMap township id not matched in admin pass
1008275,Ayeyarwady Region,ဧရာဝတီတိုင်းဒေသကြီး,Yegyi Township,ရေကြည် မြို့နယ်,Chin Kwin Village Tract,ချင်းကွင်း ကျေးရွာအုပ်စု,village_tract,,,unmatched,exact_township_name,Source township resolved but CoreMap township id not matched in admin pass
1008276,Ayeyarwady Region,ဧရာဝတီတိုင်းဒေသကြီး,Yegyi Township,ရေကြည် မြို့နယ်,Nyaung Hmaw Village Tract,ညောင်မှော် ကျေးရွာအုပ်စု,village_tract,,,unmatched,exact_township_name,Source township resolved but CoreMap township id not matched in admin pass
1008277,Ayeyarwady Region,ဧရာဝတီတိုင်းဒေသကြီး,Yegyi Township,ရေကြည် မြို့နယ်,Kat Ku Gyi Village Tract,ကက္ကူကြီး ကျေးရွာအုပ်စု,village_tract,,,unmatched,exact_township_name,Source township resolved but CoreMap township id not matched in admin pass
1008278,Ayeyarwady Region,ဧရာဝတီတိုင်းဒေသကြီး,Yegyi Township,ရေကြည် မြို့နယ်,Kat Ku Lay Village Tract,ကက္ကူလေး ကျေးရွာအုပ်စု,village_tract,,,unmatched,exact_township_name,Source township resolved but CoreMap township id not matched in admin pass
1008279,Ayeyarwady Region,ဧရာဝတီတိုင်းဒေသကြီး,Yegyi Township,ရေကြည် မြို့နယ်,Let Pan Pin Village Tract,လက်ပံပင် ကျေးရွာအုပ်စု,village_tract,,,unmatched,exact_township_name,Source township resolved but CoreMap township id not matched in admin pass
1008280,Ayeyarwady Region,ဧရာဝတီတိုင်းဒေသကြီး,Yegyi Township,ရေကြည် မြို့နယ်,Kyauk Chaung Village Tract,ကျောက်ချောင်း ကျေးရွာအုပ်စု,village_tract,,,unmatched,exact_township_name,Source township resolved but CoreMap township id not matched in admin pass
1008281,Ayeyarwady Region,ဧရာဝတီတိုင်းဒေသကြီး,Yegyi Township,ရေကြည် မြို့နယ်,Thet Kei Pyin Village Tract,သက္ကယ်ပြင် ကျေးရွာအုပ်စု,village_tract,,,unmatched,exact_township_name,Source township resolved but CoreMap township id not matched in admin pass
1008282,Ayeyarwady Region,ဧရာဝတီတိုင်းဒေသကြီး,Yegyi Township,ရေကြည် မြို့နယ်,Ywar Thit Gyi Village Tract,ရွာသစ်ကြီး ကျေးရွာအုပ်စု,village_tract,,,unmatched,exact_township_name,Source township resolved but CoreMap township id not matched in admin pass
1008283,Ayeyarwady Region,ဧရာဝတီတိုင်းဒေသကြီး,Yegyi Township,ရေကြည် မြို့နယ်,Pan Pu Kwin Village Tract,ပန်းပုကွင်း ကျေးရွာအုပ်စု,village_tract,,,unmatched,exact_township_name,Source township resolved but CoreMap township id not matched in admin pass
1008284,Ayeyarwady Region,ဧရာဝတီတိုင်းဒေသကြီး,Yegyi Township,ရေကြည် မြို့နယ်,Daunt Gyi Village Tract,ဒေါင့်ကြီး ကျေးရွာအုပ်စု,village_tract,,,unmatched,exact_township_name,Source township resolved but CoreMap township id not matched in admin pass
1008285,Ayeyarwady Region,ဧရာဝတီတိုင်းဒေသကြီး,Yegyi Township,ရေကြည် မြို့နယ်,Yae Nant Thar Village Tract,ရေနံ့သာ ကျေးရွာအုပ်စု,village_tract,,,unmatched,exact_township_name,Source township resolved but CoreMap township id not matched in admin pass
1008286,Ayeyarwady Region,ဧရာဝတီတိုင်းဒေသကြီး,Yegyi Township,ရေကြည် မြို့နယ်,Boke Chaung Village Tract,ဘုတ်ချောင်း ကျေးရွာအုပ်စု,village_tract,,,unmatched,exact_township_name,Source township resolved but CoreMap township id not matched in admin pass
1008287,Ayeyarwady Region,ဧရာဝတီတိုင်းဒေသကြီး,Yegyi Township,ရေကြည် မြို့နယ်,Kyat Kwin Village Tract,ကျပ်ကွင်း ကျေးရွာအုပ်စု,village_tract,,,unmatched,exact_township_name,Source township resolved but CoreMap township id not matched in admin pass
1009001,Ayeyarwady Region,ဧရာဝတီတိုင်းဒေသကြီး,Kyonpyaw Town Township,ကျုံပျော် မြို့နယ်,Tay Za Quarter,တေဇ ရပ်ကွက်,ward,,,unmatched,exact_township_name,Source township resolved but CoreMap township id not matched in admin pass
1009002,Ayeyarwady Region,ဧရာဝတီတိုင်းဒေသကြီး,Kyonpyaw Town Township,ကျုံပျော် မြို့နယ်,Mya Wa Di Quarter,မြဝတီ ရပ်ကွက်,ward,,,unmatched,exact_township_name,Source township resolved but CoreMap township id not matched in admin pass
1009003,Ayeyarwady Region,ဧရာဝတီတိုင်းဒေသကြီး,Kyonpyaw Town Township,ကျုံပျော် မြို့နယ်,Pin Lon Quarter,ပင်လုံ ရပ်ကွက်,ward,,,unmatched,exact_township_name,Source township resolved but CoreMap township id not matched in admin pass
1009004,Ayeyarwady Region,ဧရာဝတီတိုင်းဒေသကြီး,Kyonpyaw Town Township,ကျုံပျော် မြို့နယ်,Aung San Quarter,အောင်ဆန်း ရပ်ကွက်,ward,,,unmatched,exact_township_name,Source township resolved but CoreMap township id not matched in admin pass
1009200,Ayeyarwady Region,ဧရာဝတီတိုင်းဒေသကြီး,Kyonpyaw Town Township,ကျုံပျော် မြို့နယ်,Thaung Village Tract,သောင် ကျေးရွာအုပ်စု,village_tract,,,unmatched,exact_township_name,Source township resolved but CoreMap township id not matched in admin pass
1009201,Ayeyarwady Region,ဧရာဝတီတိုင်းဒေသကြီး,Kyonpyaw Town Township,ကျုံပျော် မြို့နယ်,Pyin Cha Seik Village Tract,ပျဉ်ချဆိပ် ကျေးရွာအုပ်စု,village_tract,,,unmatched,exact_township_name,Source township resolved but CoreMap township id not matched in admin pass
1009202,Ayeyarwady Region,ဧရာဝတီတိုင်းဒေသကြီး,Kyonpyaw Town Township,ကျုံပျော် မြို့နယ်,Than Hlyet Sun Village Tract,သံလျှက်စွန်း ကျေးရွာအုပ်စု,village_tract,,,unmatched,exact_township_name,Source township resolved but CoreMap township id not matched in admin pass
1009203,Ayeyarwady Region,ဧရာဝတီတိုင်းဒေသကြီး,Kyonpyaw Town Township,ကျုံပျော် မြို့နယ်,La Har Paing Village Tract,လဟာပိုင်း ကျေးရွာအုပ်စု,village_tract,,,unmatched,exact_township_name,Source township resolved but CoreMap township id not matched in admin pass
1009204,Ayeyarwady Region,ဧရာဝတီတိုင်းဒေသကြီး,Kyonpyaw Town Township,ကျုံပျော် မြို့နယ်,Htein Ngu Gyi Village Tract,ထိန်ငူကြီး ကျေးရွာအုပ်စု,village_tract,,,unmatched,exact_township_name,Source township resolved but CoreMap township id not matched in admin pass
1009205,Ayeyarwady Region,ဧရာဝတီတိုင်းဒေသကြီး,Kyonpyaw Town Township,ကျုံပျော် မြို့နယ်,Kwin Thar Village Tract,ကွင်းသာ ကျေးရွာအုပ်စု,village_tract,,,unmatched,exact_township_name,Source township resolved but CoreMap township id not matched in admin pass
1009206,Ayeyarwady Region,ဧရာဝတီတိုင်းဒေသကြီး,Kyonpyaw Town Township,ကျုံပျော် မြို့နယ်,Nyaung Pin Seik Village Tract,ညောင်ပင်ဆိပ် ကျေးရွာအုပ်စု,village_tract,,,unmatched,exact_township_name,Source township resolved but CoreMap township id not matched in admin pass
1009207,Ayeyarwady Region,ဧရာဝတီတိုင်းဒေသကြီး,Kyonpyaw Town Township,ကျုံပျော် မြို့နယ်,Za Yit Yoe Village Tract,ဇရစ်ရိုး ကျေးရွာအုပ်စု,village_tract,,,unmatched,exact_township_name,Source township resolved but CoreMap township id not matched in admin pass
1009208,Ayeyarwady Region,ဧရာဝတီတိုင်းဒေသကြီး,Kyonpyaw Town Township,ကျုံပျော် မြို့နယ်,Taw Chaung Village Tract,တောချောင်း ကျေးရွာအုပ်စု,village_tract,,,unmatched,exact_township_name,Source township resolved but CoreMap township id not matched in admin pass
1009209,Ayeyarwady Region,ဧရာဝတီတိုင်းဒေသကြီး,Kyonpyaw Town Township,ကျုံပျော် မြို့နယ်,Kyee Aing Village Tract,ကျီးအိုင် ကျေးရွာအုပ်စု,village_tract,,,unmatched,exact_township_name,Source township resolved but CoreMap township id not matched in admin pass
1009210,Ayeyarwady Region,ဧရာဝတီတိုင်းဒေသကြီး,Kyonpyaw Town Township,ကျုံပျော် မြို့နယ်,Kone Thar Gyi Village Tract,ကုန်းသာကြီး ကျေးရွာအုပ်စု,village_tract,,,unmatched,exact_township_name,Source township resolved but CoreMap township id not matched in admin pass
1009211,Ayeyarwady Region,ဧရာဝတီတိုင်းဒေသကြီး,Kyonpyaw Town Township,ကျုံပျော် မြို့နယ်,Inn Hpyar Village Tract,အင်းဖျား ကျေးရွာအုပ်စု,village_tract,,,unmatched,exact_township_name,Source township resolved but CoreMap township id not matched in admin pass
1009212,Ayeyarwady Region,ဧရာဝတီတိုင်းဒေသကြီး,Kyonpyaw Town Township,ကျုံပျော် မြို့နယ်,Kan Thone Sint Village Tract,ကံသုံးဆင့် ကျေးရွာအုပ်စု,village_tract,,,unmatched,exact_township_name,Source township resolved but CoreMap township id not matched in admin pass
1009213,Ayeyarwady Region,ဧရာဝတီတိုင်းဒေသကြီး,Kyonpyaw Town Township,ကျုံပျော် မြို့နယ်,Paik Taw Village Tract,ပိုက်တော် ကျေးရွာအုပ်စု,village_tract,,,unmatched,exact_township_name,Source township resolved but CoreMap township id not matched in admin pass
1009214,Ayeyarwady Region,ဧရာဝတီတိုင်းဒေသကြီး,Kyonpyaw Town Township,ကျုံပျော် မြို့နယ်,Tha Yet Chaung Village Tract,သရက်ချောင်း ကျေးရွာအုပ်စု,village_tract,,,unmatched,exact_township_name,Source township resolved but CoreMap township id not matched in admin pass
1009215,Ayeyarwady Region,ဧရာဝတီတိုင်းဒေသကြီး,Kyonpyaw Town Township,ကျုံပျော် မြို့နယ်,Daik Pyet Village Tract,ဒိုက်ပျက် ကျေးရွာအုပ်စု,village_tract,,,unmatched,exact_township_name,Source township resolved but CoreMap township id not matched in admin pass
1009216,Ayeyarwady Region,ဧရာဝတီတိုင်းဒေသကြီး,Kyonpyaw Town Township,ကျုံပျော် မြို့နယ်,Sauk Waing Village Tract,ဆောက်ဝိုင်း ကျေးရွာအုပ်စု,village_tract,,,unmatched,exact_township_name,Source township resolved but CoreMap township id not matched in admin pass
1009217,Ayeyarwady Region,ဧရာဝတီတိုင်းဒေသကြီး,Kyonpyaw Town Township,ကျုံပျော် မြို့နယ်,Kyon Ma Yan Village Tract,ကျုံမရမ်း ကျေးရွာအုပ်စု,village_tract,,,unmatched,exact_township_name,Source township resolved but CoreMap township id not matched in admin pass
1009218,Ayeyarwady Region,ဧရာဝတီတိုင်းဒေသကြီး,Kyonpyaw Town Township,ကျုံပျော် မြို့နယ်,Hpa Lan Kone Village Tract,ဖလံကုန်း ကျေးရွာအုပ်စု,village_tract,,,unmatched,exact_township_name,Source township resolved but CoreMap township id not matched in admin pass
1009219,Ayeyarwady Region,ဧရာဝတီတိုင်းဒေသကြီး,Kyonpyaw Town Township,ကျုံပျော် မြို့နယ်,vInn Par Village Tract,အင်းပါ ကျေးရွာအုပ်စု,village_tract,,,unmatched,exact_township_name,Source township resolved but CoreMap township id not matched in admin pass
1009220,Ayeyarwady Region,ဧရာဝတီတိုင်းဒေသကြီး,Kyonpyaw Town Township,ကျုံပျော် မြို့နယ်,Chin Hlar Village Tract,ချင်းလျား ကျေးရွာအုပ်စု,village_tract,,,unmatched,exact_township_name,Source township resolved but CoreMap township id not matched in admin pass
1009221,Ayeyarwady Region,ဧရာဝတီတိုင်းဒေသကြီး,Kyonpyaw Town Township,ကျုံပျော် မြို့နယ်,Wea Gyi Village Tract,ဝဲကြီး ကျေးရွာအုပ်စု,village_tract,,,unmatched,exact_township_name,Source township resolved but CoreMap township id not matched in admin pass
1009222,Ayeyarwady Region,ဧရာဝတီတိုင်းဒေသကြီး,Kyonpyaw Town Township,ကျုံပျော် မြို့နယ်,Kyu Taw Village Tract,ကျူတော ကျေးရွာအုပ်စု,village_tract,,,unmatched,exact_township_name,Source township resolved but CoreMap township id not matched in admin pass
1009223,Ayeyarwady Region,ဧရာဝတီတိုင်းဒေသကြီး,Kyonpyaw Town Township,ကျုံပျော် မြို့နယ်,Tha Pyay Hla Village Tract,သပြေလှ ကျေးရွာအုပ်စု,village_tract,,,unmatched,exact_township_name,Source township resolved but CoreMap township id not matched in admin pass
1009224,Ayeyarwady Region,ဧရာဝတီတိုင်းဒေသကြီး,Kyonpyaw Town Township,ကျုံပျော် မြို့နယ်,Taw Gyi Village Tract,တောကြီး ကျေးရွာအုပ်စု,village_tract,,,unmatched,exact_township_name,Source township resolved but CoreMap township id not matched in admin pass
1009225,Ayeyarwady Region,ဧရာဝတီတိုင်းဒေသကြီး,Kyonpyaw Town Township,ကျုံပျော် မြို့နယ်,Za Yat Seik Village Tract,ဇရပ်ဆိပ် ကျေးရွာအုပ်စု,village_tract,,,unmatched,exact_township_name,Source township resolved but CoreMap township id not matched in admin pass
1009226,Ayeyarwady Region,ဧရာဝတီတိုင်းဒေသကြီး,Kyonpyaw Town Township,ကျုံပျော် မြို့နယ်,Kwin Baw Village Tract,ကွင်းဘော ကျေးရွာအုပ်စု,village_tract,,,unmatched,exact_township_name,Source township resolved but CoreMap township id not matched in admin pass
1009227,Ayeyarwady Region,ဧရာဝတီတိုင်းဒေသကြီး,Kyonpyaw Town Township,ကျုံပျော် မြို့နယ်,Ah Htaung Village Tract,အထောင် ကျေးရွာအုပ်စု,village_tract,,,unmatched,exact_township_name,Source township resolved but CoreMap township id not matched in admin pass
1009228,Ayeyarwady Region,ဧရာဝတီတိုင်းဒေသကြီး,Kyonpyaw Town Township,ကျုံပျော် မြို့နယ်,Ka Nyin Saing Village Tract,ကညင်ဆိုင် ကျေးရွာအုပ်စု,village_tract,,,unmatched,exact_township_name,Source township resolved but CoreMap township id not matched in admin pass
1009229,Ayeyarwady Region,ဧရာဝတီတိုင်းဒေသကြီး,Kyonpyaw Town Township,ကျုံပျော် မြို့နယ်,Inn Ta Yaw Village Tract,အင်းတရော် ကျေးရွာအုပ်စု,village_tract,,,unmatched,exact_township_name,Source township resolved but CoreMap township id not matched in admin pass
1009230,Ayeyarwady Region,ဧရာဝတီတိုင်းဒေသကြီး,Kyonpyaw Town Township,ကျုံပျော် မြို့နယ်,Shar Khe Village Tract,ရှားခဲ ကျေးရွာအုပ်စု,village_tract,,,unmatched,exact_township_name,Source township resolved but CoreMap township id not matched in admin pass
1009231,Ayeyarwady Region,ဧရာဝတီတိုင်းဒေသကြီး,Kyonpyaw Town Township,ကျုံပျော် မြို့နယ်,Kyaung Su Village Tract,ကျောင်းစု ကျေးရွာအုပ်စု,village_tract,,,unmatched,exact_township_name,Source township resolved but CoreMap township id not matched in admin pass
1009232,Ayeyarwady Region,ဧရာဝတီတိုင်းဒေသကြီး,Kyonpyaw Town Township,ကျုံပျော် မြို့နယ်,Kywe Chan Daunt Village Tract,ကျွဲခြံဒေါင့် ကျေးရွာအုပ်စု,village_tract,,,unmatched,exact_township_name,Source township resolved but CoreMap township id not matched in admin pass
1009233,Ayeyarwady Region,ဧရာဝတီတိုင်းဒေသကြီး,Kyonpyaw Town Township,ကျုံပျော် မြို့နယ်,Thein Kone Village Tract,သိန်ကုန်း ကျေးရွာအုပ်စု,village_tract,,,unmatched,exact_township_name,Source township resolved but CoreMap township id not matched in admin pass
1009234,Ayeyarwady Region,ဧရာဝတီတိုင်းဒေသကြီး,Kyonpyaw Town Township,ကျုံပျော် မြို့နယ်,Kyet Ta Nyin Village Tract,ကြက်တညင် ကျေးရွာအုပ်စု,village_tract,,,unmatched,exact_township_name,Source township resolved but CoreMap township id not matched in admin pass
1009235,Ayeyarwady Region,ဧရာဝတီတိုင်းဒေသကြီး,Kyonpyaw Town Township,ကျုံပျော် မြို့နယ်,Man Kyar Village Tract,မန်းကြာ ကျေးရွာအုပ်စု,village_tract,,,unmatched,exact_township_name,Source township resolved but CoreMap township id not matched in admin pass
1009236,Ayeyarwady Region,ဧရာဝတီတိုင်းဒေသကြီး,Kyonpyaw Town Township,ကျုံပျော် မြို့နယ်,Thit Ma Thi Village Tract,သစ်မသိ ကျေးရွာအုပ်စု,village_tract,,,unmatched,exact_township_name,Source township resolved but CoreMap township id not matched in admin pass
1009237,Ayeyarwady Region,ဧရာဝတီတိုင်းဒေသကြီး,Kyonpyaw Town Township,ကျုံပျော် မြို့နယ်,Thar Yar Kone Village Tract,သာယာကုန်း ကျေးရွာအုပ်စု,village_tract,,,unmatched,exact_township_name,Source township resolved but CoreMap township id not matched in admin pass
1009238,Ayeyarwady Region,ဧရာဝတီတိုင်းဒေသကြီး,Kyonpyaw Town Township,ကျုံပျော် မြို့နယ်,Kwin Hlar Village Tract,ကွင်းလျား ကျေးရွာအုပ်စု,village_tract,,,unmatched,exact_township_name,Source township resolved but CoreMap township id not matched in admin pass
1009239,Ayeyarwady Region,ဧရာဝတီတိုင်းဒေသကြီး,Kyonpyaw Town Township,ကျုံပျော် မြို့နယ်,Aing Gyi Village Tract,အိုင်ကြီး ကျေးရွာအုပ်စု,village_tract,,,unmatched,exact_township_name,Source township resolved but CoreMap township id not matched in admin pass
1009240,Ayeyarwady Region,ဧရာဝတီတိုင်းဒေသကြီး,Kyonpyaw Town Township,ကျုံပျော် မြို့နယ်,Kwin Chauk Village Tract,ကွင်းခြောက် ကျေးရွာအုပ်စု,village_tract,,,unmatched,exact_township_name,Source township resolved but CoreMap township id not matched in admin pass
1009241,Ayeyarwady Region,ဧရာဝတီတိုင်းဒေသကြီး,Kyonpyaw Town Township,ကျုံပျော် မြို့နယ်,Yae Sa Khan Village Tract,ရေစခန်း ကျေးရွာအုပ်စု,village_tract,,,unmatched,exact_township_name,Source township resolved but CoreMap township id not matched in admin pass
1009242,Ayeyarwady Region,ဧရာဝတီတိုင်းဒေသကြီး,Kyonpyaw Town Township,ကျုံပျော် မြို့နယ်,Man Set Ku Village Tract,မန်းစက္ကူ ကျေးရွာအုပ်စု,village_tract,,,unmatched,exact_township_name,Source township resolved but CoreMap township id not matched in admin pass
1009243,Ayeyarwady Region,ဧရာဝတီတိုင်းဒေသကြီး,Kyonpyaw Town Township,ကျုံပျော် မြို့နယ်,Kyon Ta Nee Village Tract,ကျုံတနီး ကျေးရွာအုပ်စု,village_tract,,,unmatched,exact_township_name,Source township resolved but CoreMap township id not matched in admin pass
1009244,Ayeyarwady Region,ဧရာဝတီတိုင်းဒေသကြီး,Kyonpyaw Town Township,ကျုံပျော် မြို့နယ်,Eik Ka Duk Village Tract,အိက္ကဒွတ် ကျေးရွာအုပ်စု,village_tract,,,unmatched,exact_township_name,Source township resolved but CoreMap township id not matched in admin pass
1009245,Ayeyarwady Region,ဧရာဝတီတိုင်းဒေသကြီး,Kyonpyaw Town Township,ကျုံပျော် မြို့နယ်,Kywe Ta Lin Village Tract,ကျွဲတလင်း ကျေးရွာအုပ်စု,village_tract,,,unmatched,exact_township_name,Source township resolved but CoreMap township id not matched in admin pass
1009246,Ayeyarwady Region,ဧရာဝတီတိုင်းဒေသကြီး,Kyonpyaw Town Township,ကျုံပျော် မြို့နယ်,Thaung Gyi Village Tract,သောင်ကြီး ကျေးရွာအုပ်စု,village_tract,,,unmatched,exact_township_name,Source township resolved but CoreMap township id not matched in admin pass
1009247,Ayeyarwady Region,ဧရာဝတီတိုင်းဒေသကြီး,Kyonpyaw Town Township,ကျုံပျော် မြို့နယ်,Kwin Gyi Village Tract,ကွင်းကြီး ကျေးရွာအုပ်စု,village_tract,,,unmatched,exact_township_name,Source township resolved but CoreMap township id not matched in admin pass
1009248,Ayeyarwady Region,ဧရာဝတီတိုင်းဒေသကြီး,Kyonpyaw Town Township,ကျုံပျော် မြို့နယ်,Thin Taw Gyi Village Tract,သင်တောကြီး ကျေးရွာအုပ်စု,village_tract,,,unmatched,exact_township_name,Source township resolved but CoreMap township id not matched in admin pass
1009249,Ayeyarwady Region,ဧရာဝတီတိုင်းဒေသကြီး,Kyonpyaw Town Township,ကျုံပျော် မြို့နယ်,Tha Yet Thone Pin Village Tract,သရက်သုံးပင် ကျေးရွာအုပ်စု,village_tract,,,unmatched,exact_township_name,Source township resolved but CoreMap township id not matched in admin pass
1009250,Ayeyarwady Region,ဧရာဝတီတိုင်းဒေသကြီး,Kyonpyaw Town Township,ကျုံပျော် မြို့နယ်,Za Yat Kwin Village Tract,ဇရပ်ကွင်း ကျေးရွာအုပ်စု,village_tract,,,unmatched,exact_township_name,Source township resolved but CoreMap township id not matched in admin pass
1009251,Ayeyarwady Region,ဧရာဝတီတိုင်းဒေသကြီး,Kyonpyaw Town Township,ကျုံပျော် မြို့နယ်,Kyaik Par Village Tract,ကျိုက်ပါ ကျေးရွာအုပ်စု,village_tract,,,unmatched,exact_township_name,Source township resolved but CoreMap township id not matched in admin pass
1009252,Ayeyarwady Region,ဧရာဝတီတိုင်းဒေသကြီး,Kyonpyaw Town Township,ကျုံပျော် မြို့နယ်,Nga Gyi Htu Village Tract,ငါးကျီးထူ ကျေးရွာအုပ်စု,village_tract,,,unmatched,exact_township_name,Source township resolved but CoreMap township id not matched in admin pass
1009253,Ayeyarwady Region,ဧရာဝတီတိုင်းဒေသကြီး,Kyonpyaw Town Township,ကျုံပျော် မြို့နယ်,Ah Su Gyi Village Tract,အစုကြီး ကျေးရွာအုပ်စု,village_tract,,,unmatched,exact_township_name,Source township resolved but CoreMap township id not matched in admin pass
1009254,Ayeyarwady Region,ဧရာဝတီတိုင်းဒေသကြီး,Kyonpyaw Town Township,ကျုံပျော် မြို့နယ်,Hle Seik Village Tract,လှည်းဆိပ် ကျေးရွာအုပ်စု,village_tract,,,unmatched,exact_township_name,Source township resolved but CoreMap township id not matched in admin pass
1009255,Ayeyarwady Region,ဧရာဝတီတိုင်းဒေသကြီး,Kyonpyaw Town Township,ကျုံပျော် မြို့နယ်,Ngar Aik Kwin Village Tract,ငါးအိုက်ကွင်း ကျေးရွာအုပ်စု,village_tract,,,unmatched,exact_township_name,Source township resolved but CoreMap township id not matched in admin pass
1009256,Ayeyarwady Region,ဧရာဝတီတိုင်းဒေသကြီး,Kyonpyaw Town Township,ကျုံပျော် မြို့နယ်,Myo Chaung Village Tract,မြို့ချောင်း ကျေးရွာအုပ်စု,village_tract,,,unmatched,exact_township_name,Source township resolved but CoreMap township id not matched in admin pass
1009257,Ayeyarwady Region,ဧရာဝတီတိုင်းဒေသကြီး,Kyonpyaw Town Township,ကျုံပျော် မြို့နယ်,Zin Pyun Village Tract,ဇင်ပြွန်း ကျေးရွာအုပ်စု,village_tract,,,unmatched,exact_township_name,Source township resolved but CoreMap township id not matched in admin pass
1009258,Ayeyarwady Region,ဧရာဝတီတိုင်းဒေသကြီး,Kyonpyaw Town Township,ကျုံပျော် မြို့နယ်,Htein Ta Pin Village Tract,ထိန်တပင် ကျေးရွာအုပ်စု,village_tract,,,unmatched,exact_township_name,Source township resolved but CoreMap township id not matched in admin pass
1009259,Ayeyarwady Region,ဧရာဝတီတိုင်းဒေသကြီး,Kyonpyaw Town Township,ကျုံပျော် မြို့နယ်,Kha Yu Yoe Village Tract,ခရုရိုး ကျေးရွာအုပ်စု,village_tract,,,unmatched,exact_township_name,Source township resolved but CoreMap township id not matched in admin pass
1009260,Ayeyarwady Region,ဧရာဝတီတိုင်းဒေသကြီး,Kyonpyaw Town Township,ကျုံပျော် မြို့နယ်,Thea Kone Village Tract,သဲကုန်း ကျေးရွာအုပ်စု,village_tract,,,unmatched,exact_township_name,Source township resolved but CoreMap township id not matched in admin pass
1009261,Ayeyarwady Region,ဧရာဝတီတိုင်းဒေသကြီး,Kyonpyaw Town Township,ကျုံပျော် မြို့နယ်,Kywe Gaung Village Tract,ကျွဲခေါင်း ကျေးရွာအုပ်စု,village_tract,,,unmatched,exact_township_name,Source township resolved but CoreMap township id not matched in admin pass
1009262,Ayeyarwady Region,ဧရာဝတီတိုင်းဒေသကြီး,Kyonpyaw Town Township,ကျုံပျော် မြို့နယ်,Pyin Ka Doe Kone Village Tract,ပျဉ်းကတိုးကုန်း ကျေးရွာအုပ်စု,village_tract,,,unmatched,exact_township_name,Source township resolved but CoreMap township id not matched in admin pass
1009263,Ayeyarwady Region,ဧရာဝတီတိုင်းဒေသကြီး,Kyonpyaw Town Township,ကျုံပျော် မြို့နယ်,Kan Su Village Tract,ကံစု ကျေးရွာအုပ်စု,village_tract,,,unmatched,exact_township_name,Source township resolved but CoreMap township id not matched in admin pass
1009264,Ayeyarwady Region,ဧရာဝတီတိုင်းဒေသကြီး,Kyonpyaw Town Township,ကျုံပျော် မြို့နယ်,Inn Ye Village Tract,အင်းရဲ ကျေးရွာအုပ်စု,village_tract,,,unmatched,exact_township_name,Source township resolved but CoreMap township id not matched in admin pass
1009265,Ayeyarwady Region,ဧရာဝတီတိုင်းဒေသကြီး,Kyonpyaw Town Township,ကျုံပျော် မြို့နယ်,Inn Ma Village Tract,အင်းမ ကျေးရွာအုပ်စု,village_tract,,,unmatched,exact_township_name,Source township resolved but CoreMap township id not matched in admin pass
1009266,Ayeyarwady Region,ဧရာဝတီတိုင်းဒေသကြီး,Kyonpyaw Town Township,ကျုံပျော် မြို့နယ်,Ma Gyi Kone Village Tract,မကျီးကုန်း ကျေးရွာအုပ်စု,village_tract,,,unmatched,exact_township_name,Source township resolved but CoreMap township id not matched in admin pass
1009267,Ayeyarwady Region,ဧရာဝတီတိုင်းဒေသကြီး,Kyonpyaw Town Township,ကျုံပျော် မြို့နယ်,Mi Chaung Aing Village Tract,မိချောင်းအိုင် ကျေးရွာအုပ်စု,village_tract,,,unmatched,exact_township_name,Source township resolved but CoreMap township id not matched in admin pass
1009268,Ayeyarwady Region,ဧရာဝတီတိုင်းဒေသကြီး,Kyonpyaw Town Township,ကျုံပျော် မြို့နယ်,Tha Yet Cho Village Tract,သရက်ချို ကျေးရွာအုပ်စု,village_tract,,,unmatched,exact_township_name,Source township resolved but CoreMap township id not matched in admin pass
1009269,Ayeyarwady Region,ဧရာဝတီတိုင်းဒေသကြီး,Kyonpyaw Town Township,ကျုံပျော် မြို့နယ်,Inn Ye Kyun Village Tract,အင်းရဲကျွန်း ကျေးရွာအုပ်စု,village_tract,,,unmatched,exact_township_name,Source township resolved but CoreMap township id not matched in admin pass
1009270,Ayeyarwady Region,ဧရာဝတီတိုင်းဒေသကြီး,Kyonpyaw Town Township,ကျုံပျော် မြို့နယ်,Tha Hpan Chaung Village Tract,သဖန်းချောင်း ကျေးရွာအုပ်စု,village_tract,,,unmatched,exact_township_name,Source township resolved but CoreMap township id not matched in admin pass
1009271,Ayeyarwady Region,ဧရာဝတီတိုင်းဒေသကြီး,Kyonpyaw Town Township,ကျုံပျော် မြို့နယ်,Ma Hla Pan Village Tract,မလှပန်း ကျေးရွာအုပ်စု,village_tract,,,unmatched,exact_township_name,Source township resolved but CoreMap township id not matched in admin pass
1009272,Ayeyarwady Region,ဧရာဝတီတိုင်းဒေသကြီး,Kyonpyaw Town Township,ကျုံပျော် မြို့နယ်,Taik Village Tract,တိုက် ကျေးရွာအုပ်စု,village_tract,,,unmatched,exact_township_name,Source township resolved but CoreMap township id not matched in admin pass
1009273,Ayeyarwady Region,ဧရာဝတီတိုင်းဒေသကြီး,Kyonpyaw Town Township,ကျုံပျော် မြို့နယ်,Shwe Ka Nyin Pin Village Tract,ရွှေကညင်ပင် ကျေးရွာအုပ်စု,village_tract,,,unmatched,exact_township_name,Source township resolved but CoreMap township id not matched in admin pass
1009274,Ayeyarwady Region,ဧရာဝတီတိုင်းဒေသကြီး,Kyonpyaw Town Township,ကျုံပျော် မြို့နယ်,Wet Chaung Village Tract,ဝက်ချောင်း ကျေးရွာအုပ်စု,village_tract,,,unmatched,exact_township_name,Source township resolved but CoreMap township id not matched in admin pass
1009275,Ayeyarwady Region,ဧရာဝတီတိုင်းဒေသကြီး,Kyonpyaw Town Township,ကျုံပျော် မြို့နယ်,Aing Ma Village Tract,အိုင်မ ကျေးရွာအုပ်စု,village_tract,,,unmatched,exact_township_name,Source township resolved but CoreMap township id not matched in admin pass
1009276,Ayeyarwady Region,ဧရာဝတီတိုင်းဒေသကြီး,Kyonpyaw Town Township,ကျုံပျော် မြို့နယ်,Sin Kaung Village Tract,ဆင်ကောင်း ကျေးရွာအုပ်စု,village_tract,,,unmatched,exact_township_name,Source township resolved but CoreMap township id not matched in admin pass
1009277,Ayeyarwady Region,ဧရာဝတီတိုင်းဒေသကြီး,Kyonpyaw Town Township,ကျုံပျော် မြို့နယ်,Ga Nein Village Tract,ဂနိမ်း ကျေးရွာအုပ်စု,village_tract,,,unmatched,exact_township_name,Source township resolved but CoreMap township id not matched in admin pass
1009278,Ayeyarwady Region,ဧရာဝတီတိုင်းဒေသကြီး,Kyonpyaw Town Township,ကျုံပျော် မြို့နယ်,Da Naw Village Tract,ဓနော် ကျေးရွာအုပ်စု,village_tract,,,unmatched,exact_township_name,Source township resolved but CoreMap township id not matched in admin pass
1009279,Ayeyarwady Region,ဧရာဝတီတိုင်းဒေသကြီး,Kyonpyaw Town Township,ကျုံပျော် မြို့နယ်,Ah Kway Tan Village Tract,အကွေတန်း ကျေးရွာအုပ်စု,village_tract,,,unmatched,exact_township_name,Source township resolved but CoreMap township id not matched in admin pass
1009280,Ayeyarwady Region,ဧရာဝတီတိုင်းဒေသကြီး,Kyonpyaw Town Township,ကျုံပျော် မြို့နယ်,Za Yat Hla Village Tract,ဇရပ်လှ ကျေးရွာအုပ်စု,village_tract,,,unmatched,exact_township_name,Source township resolved but CoreMap township id not matched in admin pass
1009281,Ayeyarwady Region,ဧရာဝတီတိုင်းဒေသကြီး,Kyonpyaw Town Township,ကျုံပျော် မြို့နယ်,Thet Kei Pyin Village Tract,သက္ကယ်ပြင် ကျေးရွာအုပ်စု,village_tract,,,unmatched,exact_township_name,Source township resolved but CoreMap township id not matched in admin pass
1009282,Ayeyarwady Region,ဧရာဝတီတိုင်းဒေသကြီး,Kyonpyaw Town Township,ကျုံပျော် မြို့နယ်,Myet Ni Kwin Village Tract,မျက်နီကွင်း ကျေးရွာအုပ်စု,village_tract,,,unmatched,exact_township_name,Source township resolved but CoreMap township id not matched in admin pass
1009283,Ayeyarwady Region,ဧရာဝတီတိုင်းဒေသကြီး,Kyonpyaw Town Township,ကျုံပျော် မြို့နယ်,Pyin Ma Pin Hla Village Tract,ပျဉ်းမပင်လှ ကျေးရွာအုပ်စု,village_tract,,,unmatched,exact_township_name,Source township resolved but CoreMap township id not matched in admin pass
1009284,Ayeyarwady Region,ဧရာဝတီတိုင်းဒေသကြီး,Kyonpyaw Town Township,ကျုံပျော် မြို့နယ်,Thin Taw Ga Yet Village Tract,သင်တောဂရက် ကျေးရွာအုပ်စု,village_tract,,,unmatched,exact_township_name,Source township resolved but CoreMap township id not matched in admin pass
1009285,Ayeyarwady Region,ဧရာဝတီတိုင်းဒေသကြီး,Kyonpyaw Town Township,ကျုံပျော် မြို့နယ်,Ah Waing Nin Gyan Village Tract,အဝိုင်းနင်းဂျမ်း ကျေးရွာအုပ်စု,village_tract,,,unmatched,exact_township_name,Source township resolved but CoreMap township id not matched in admin pass
1009286,Ayeyarwady Region,ဧရာဝတီတိုင်းဒေသကြီး,Kyonpyaw Town Township,ကျုံပျော် မြို့နယ်,Me Ga Yet Village Tract,မဲဂရက် ကျေးရွာအုပ်စု,village_tract,,,unmatched,exact_township_name,Source township resolved but CoreMap township id not matched in admin pass
1009287,Ayeyarwady Region,ဧရာဝတီတိုင်းဒေသကြီး,Kyonpyaw Town Township,ကျုံပျော် မြို့နယ်,Baw Zoke Village Tract,ဘောဇုတ် ကျေးရွာအုပ်စု,village_tract,,,unmatched,exact_township_name,Source township resolved but CoreMap township id not matched in admin pass
1009288,Ayeyarwady Region,ဧရာဝတီတိုင်းဒေသကြီး,Kyonpyaw Town Township,ကျုံပျော် မြို့နယ်,Kone Me Za Li Village Tract,ကုန်းမဲဇလီ ကျေးရွာအုပ်စု,village_tract,,,unmatched,exact_township_name,Source township resolved but CoreMap township id not matched in admin pass
1009289,Ayeyarwady Region,ဧရာဝတီတိုင်းဒေသကြီး,Kyonpyaw Town Township,ကျုံပျော် မြို့နယ်,Thea Hpyu Ah Lel Village Tract,သဲဖြူအလယ် ကျေးရွာအုပ်စု,village_tract,,,unmatched,exact_township_name,Source township resolved but CoreMap township id not matched in admin pass
1010001,Ayeyarwady Region,ဧရာဝတီတိုင်းဒေသကြီး,Kyaunggon Township,ကျောင်းကုန်း မြို့နယ်,No (1) Quarter,အမှတ် (၁) ရပ်ကွက်,ward,,,unmatched,exact_township_name,Source township resolved but CoreMap township id not matched in admin pass
1010002,Ayeyarwady Region,ဧရာဝတီတိုင်းဒေသကြီး,Kyaunggon Township,ကျောင်းကုန်း မြို့နယ်,No (2) Quarter,အမှတ် (၂) ရပ်ကွက်,ward,,,unmatched,exact_township_name,Source township resolved but CoreMap township id not matched in admin pass
1010003,Ayeyarwady Region,ဧရာဝတီတိုင်းဒေသကြီး,Kyaunggon Township,ကျောင်းကုန်း မြို့နယ်,No (3) Quarter,အမှတ် (၃) ရပ်ကွက်,ward,,,unmatched,exact_township_name,Source township resolved but CoreMap township id not matched in admin pass
1010200,Ayeyarwady Region,ဧရာဝတီတိုင်းဒေသကြီး,Kyaunggon Township,ကျောင်းကုန်း မြို့နယ်,Ka Nyin Thone Sint Village Tract,ကညင်သုံးဆင့် ကျေးရွာအုပ်စု,village_tract,,,unmatched,exact_township_name,Source township resolved but CoreMap township id not matched in admin pass
1010201,Ayeyarwady Region,ဧရာဝတီတိုင်းဒေသကြီး,Kyaunggon Township,ကျောင်းကုန်း မြို့နယ်,Kwin Gyi Village Tract,ကွင်းကြီး ကျေးရွာအုပ်စု,village_tract,,,unmatched,exact_township_name,Source township resolved but CoreMap township id not matched in admin pass
1010202,Ayeyarwady Region,ဧရာဝတီတိုင်းဒေသကြီး,Kyaunggon Township,ကျောင်းကုန်း မြို့နယ်,Ah Su Gyi Village Tract,အစုကြီး ကျေးရွာအုပ်စု,village_tract,,,unmatched,exact_township_name,Source township resolved but CoreMap township id not matched in admin pass
1010203,Ayeyarwady Region,ဧရာဝတီတိုင်းဒေသကြီး,Kyaunggon Township,ကျောင်းကုန်း မြို့နယ်,Wet Chaung Village Tract,ဝက်ချောင်း ကျေးရွာအုပ်စု,village_tract,,,unmatched,exact_township_name,Source township resolved but CoreMap township id not matched in admin pass
1010204,Ayeyarwady Region,ဧရာဝတီတိုင်းဒေသကြီး,Kyaunggon Township,ကျောင်းကုန်း မြို့နယ်,Kyaung Aing Village Tract,ကျောင်းအိုင် ကျေးရွာအုပ်စု,village_tract,,,unmatched,exact_township_name,Source township resolved but CoreMap township id not matched in admin pass
1010205,Ayeyarwady Region,ဧရာဝတီတိုင်းဒေသကြီး,Kyaunggon Township,ကျောင်းကုန်း မြို့နယ်,Moe Ma Kha Village Tract,မိုးမခ ကျေးရွာအုပ်စု,village_tract,,,unmatched,exact_township_name,Source township resolved but CoreMap township id not matched in admin pass
1010206,Ayeyarwady Region,ဧရာဝတီတိုင်းဒေသကြီး,Kyaunggon Township,ကျောင်းကုန်း မြို့နယ်,Ywar Thar Kone Village Tract,ရွာသာကုန်း ကျေးရွာအုပ်စု,village_tract,,,unmatched,exact_township_name,Source township resolved but CoreMap township id not matched in admin pass
1010207,Ayeyarwady Region,ဧရာဝတီတိုင်းဒေသကြီး,Kyaunggon Township,ကျောင်းကုန်း မြို့နယ်,Thit Seint Kone Village Tract,သစ်ဆိမ့်ကုန်း ကျေးရွာအုပ်စု,village_tract,,,unmatched,exact_township_name,Source township resolved but CoreMap township id not matched in admin pass
1010208,Ayeyarwady Region,ဧရာဝတီတိုင်းဒေသကြီး,Kyaunggon Township,ကျောင်းကုန်း မြို့နယ်,Kaing Tar Village Tract,ကိုင်းတာ ကျေးရွာအုပ်စု,village_tract,,,unmatched,exact_township_name,Source township resolved but CoreMap township id not matched in admin pass
1010209,Ayeyarwady Region,ဧရာဝတီတိုင်းဒေသကြီး,Kyaunggon Township,ကျောင်းကုန်း မြို့နယ်,Ta Khun Taing Village Tract,တံခွန်တိုင် ကျေးရွာအုပ်စု,village_tract,,,unmatched,exact_township_name,Source township resolved but CoreMap township id not matched in admin pass
1010210,Ayeyarwady Region,ဧရာဝတီတိုင်းဒေသကြီး,Kyaunggon Township,ကျောင်းကုန်း မြို့နယ်,Za Yat Kwin Village Tract,ဇရပ်ကွင်း ကျေးရွာအုပ်စု,village_tract,,,unmatched,exact_township_name,Source township resolved but CoreMap township id not matched in admin pass
1010211,Ayeyarwady Region,ဧရာဝတီတိုင်းဒေသကြီး,Kyaunggon Township,ကျောင်းကုန်း မြို့နယ်,Byaik Village Tract,ဗြိုက် ကျေးရွာအုပ်စု,village_tract,,,unmatched,exact_township_name,Source township resolved but CoreMap township id not matched in admin pass
1010212,Ayeyarwady Region,ဧရာဝတီတိုင်းဒေသကြီး,Kyaunggon Township,ကျောင်းကုန်း မြို့နယ်,Moe Pyar Ah Shey Village Tract,မိုးပြာအရှေ့ ကျေးရွာအုပ်စု,village_tract,,,unmatched,exact_township_name,Source township resolved but CoreMap township id not matched in admin pass
1010213,Ayeyarwady Region,ဧရာဝတီတိုင်းဒေသကြီး,Kyaunggon Township,ကျောင်းကုန်း မြို့နယ်,Min Ma Naing Village Tract,မင်းမနိုင် ကျေးရွာအုပ်စု,village_tract,,,unmatched,exact_township_name,Source township resolved but CoreMap township id not matched in admin pass
1010214,Ayeyarwady Region,ဧရာဝတီတိုင်းဒေသကြီး,Kyaunggon Township,ကျောင်းကုန်း မြို့နယ်,Kauk Gyi Kone Village Tract,ကောက်ကြီးကုန်း ကျေးရွာအုပ်စု,village_tract,,,unmatched,exact_township_name,Source township resolved but CoreMap township id not matched in admin pass
1010215,Ayeyarwady Region,ဧရာဝတီတိုင်းဒေသကြီး,Kyaunggon Township,ကျောင်းကုန်း မြို့နယ်,Hpone Soe Village Tract,ဖုန်းဆိုး ကျေးရွာအုပ်စု,village_tract,,,unmatched,exact_township_name,Source township resolved but CoreMap township id not matched in admin pass
1010216,Ayeyarwady Region,ဧရာဝတီတိုင်းဒေသကြီး,Kyaunggon Township,ကျောင်းကုန်း မြို့နယ်,Htauk Shar Village Tract,ထောက်ရှာ ကျေးရွာအုပ်စု,village_tract,,,unmatched,exact_township_name,Source township resolved but CoreMap township id not matched in admin pass
1010217,Ayeyarwady Region,ဧရာဝတီတိုင်းဒေသကြီး,Kyaunggon Township,ကျောင်းကုန်း မြို့နယ်,Shan Village Tract,ရှမ်း ကျေးရွာအုပ်စု,village_tract,,,unmatched,exact_township_name,Source township resolved but CoreMap township id not matched in admin pass
1010218,Ayeyarwady Region,ဧရာဝတီတိုင်းဒေသကြီး,Kyaunggon Township,ကျောင်းကုန်း မြို့နယ်,Chaung Gyi Village Tract,ချောင်ကြီး ကျေးရွာအုပ်စု,village_tract,,,unmatched,exact_township_name,Source township resolved but CoreMap township id not matched in admin pass
1010219,Ayeyarwady Region,ဧရာဝတီတိုင်းဒေသကြီး,Kyaunggon Township,ကျောင်းကုန်း မြို့နယ်,Kyar Kaik Village Tract,ကျားကိုက် ကျေးရွာအုပ်စု,village_tract,,,unmatched,exact_township_name,Source township resolved but CoreMap township id not matched in admin pass
1010220,Ayeyarwady Region,ဧရာဝတီတိုင်းဒေသကြီး,Kyaunggon Township,ကျောင်းကုန်း မြို့နယ်,Yae Ga Loke Village Tract,ရေဂလုတ် ကျေးရွာအုပ်စု,village_tract,,,unmatched,exact_township_name,Source township resolved but CoreMap township id not matched in admin pass
1010221,Ayeyarwady Region,ဧရာဝတီတိုင်းဒေသကြီး,Kyaunggon Township,ကျောင်းကုန်း မြို့နယ်,Ba Li Daunt Village Tract,ဗလီဒေါင့် ကျေးရွာအုပ်စု,village_tract,,,unmatched,exact_township_name,Source township resolved but CoreMap township id not matched in admin pass
1010222,Ayeyarwady Region,ဧရာဝတီတိုင်းဒေသကြီး,Kyaunggon Township,ကျောင်းကုန်း မြို့နယ်,Tet Seik Village Tract,တက်ဆိပ် ကျေးရွာအုပ်စု,village_tract,,,unmatched,exact_township_name,Source township resolved but CoreMap township id not matched in admin pass
1010223,Ayeyarwady Region,ဧရာဝတီတိုင်းဒေသကြီး,Kyaunggon Township,ကျောင်းကုန်း မြို့နယ်,Doe Tan Village Tract,ဒိုးတန်း ကျေးရွာအုပ်စု,village_tract,,,unmatched,exact_township_name,Source township resolved but CoreMap township id not matched in admin pass
1010224,Ayeyarwady Region,ဧရာဝတီတိုင်းဒေသကြီး,Kyaunggon Township,ကျောင်းကုန်း မြို့နယ်,Thaung Gyi Village Tract,သောင်ကြီး ကျေးရွာအုပ်စု,village_tract,,,unmatched,exact_township_name,Source township resolved but CoreMap township id not matched in admin pass
1010225,Ayeyarwady Region,ဧရာဝတီတိုင်းဒေသကြီး,Kyaunggon Township,ကျောင်းကုန်း မြို့နယ်,Hpa Yar Gyi Kone Village Tract,ဘုရားကြီးကုန်း ကျေးရွာအုပ်စု,village_tract,,,unmatched,exact_township_name,Source township resolved but CoreMap township id not matched in admin pass
1010226,Ayeyarwady Region,ဧရာဝတီတိုင်းဒေသကြီး,Kyaunggon Township,ကျောင်းကုန်း မြို့နယ်,Sin Ku Village Tract,ဆင်ကူး ကျေးရွာအုပ်စု,village_tract,,,unmatched,exact_township_name,Source township resolved but CoreMap township id not matched in admin pass
1010227,Ayeyarwady Region,ဧရာဝတီတိုင်းဒေသကြီး,Kyaunggon Township,ကျောင်းကုန်း မြို့နယ်,Ma Gyi Chaung Village Tract,မကျီးချောင် ကျေးရွာအုပ်စု,village_tract,,,unmatched,exact_township_name,Source township resolved but CoreMap township id not matched in admin pass
1010228,Ayeyarwady Region,ဧရာဝတီတိုင်းဒေသကြီး,Kyaunggon Township,ကျောင်းကုန်း မြို့နယ်,Pauk Ngu Village Tract,ပေါက်ငူ ကျေးရွာအုပ်စု,village_tract,,,unmatched,exact_township_name,Source township resolved but CoreMap township id not matched in admin pass
1010229,Ayeyarwady Region,ဧရာဝတီတိုင်းဒေသကြီး,Kyaunggon Township,ကျောင်းကုန်း မြို့နယ်,Daunt Kway Village Tract,ဒေါင့်ကွေး ကျေးရွာအုပ်စု,village_tract,,,unmatched,exact_township_name,Source township resolved but CoreMap township id not matched in admin pass
1010230,Ayeyarwady Region,ဧရာဝတီတိုင်းဒေသကြီး,Kyaunggon Township,ကျောင်းကုန်း မြို့နယ်,Sauk Aing Village Tract,ဆောက်အိုင် ကျေးရွာအုပ်စု,village_tract,,,unmatched,exact_township_name,Source township resolved but CoreMap township id not matched in admin pass
1010231,Ayeyarwady Region,ဧရာဝတီတိုင်းဒေသကြီး,Kyaunggon Township,ကျောင်းကုန်း မြို့နယ်,Za Yat Seik Village Tract,ဇရပ်ဆိပ် ကျေးရွာအုပ်စု,village_tract,,,unmatched,exact_township_name,Source township resolved but CoreMap township id not matched in admin pass
1010232,Ayeyarwady Region,ဧရာဝတီတိုင်းဒေသကြီး,Kyaunggon Township,ကျောင်းကုန်း မြို့နယ်,Kyar Ga Yet Village Tract,ကြာဂရက် ကျေးရွာအုပ်စု,village_tract,,,unmatched,exact_township_name,Source township resolved but CoreMap township id not matched in admin pass
1010233,Ayeyarwady Region,ဧရာဝတီတိုင်းဒေသကြီး,Kyaunggon Township,ကျောင်းကုန်း မြို့နယ်,Kaing Waing Village Tract,ကိုင်းဝိုင်း ကျေးရွာအုပ်စု,village_tract,,,unmatched,exact_township_name,Source township resolved but CoreMap township id not matched in admin pass
1010234,Ayeyarwady Region,ဧရာဝတီတိုင်းဒေသကြီး,Kyaunggon Township,ကျောင်းကုန်း မြို့နယ်,Leik Poke Village Tract,လိပ်ပုတ် ကျေးရွာအုပ်စု,village_tract,,,unmatched,exact_township_name,Source township resolved but CoreMap township id not matched in admin pass
1010235,Ayeyarwady Region,ဧရာဝတီတိုင်းဒေသကြီး,Kyaunggon Township,ကျောင်းကုန်း မြို့နယ်,Kyon Tar Village Tract,ကျုံတာ ကျေးရွာအုပ်စု,village_tract,,,unmatched,exact_township_name,Source township resolved but CoreMap township id not matched in admin pass
1010236,Ayeyarwady Region,ဧရာဝတီတိုင်းဒေသကြီး,Kyaunggon Township,ကျောင်းကုန်း မြို့နယ်,Seik Thar Village Tract,ဆိပ်သာ ကျေးရွာအုပ်စု,village_tract,,,unmatched,exact_township_name,Source township resolved but CoreMap township id not matched in admin pass
1010237,Ayeyarwady Region,ဧရာဝတီတိုင်းဒေသကြီး,Kyaunggon Township,ကျောင်းကုန်း မြို့နယ်,Ah Shey Chaung Village Tract,အရှေ့ချောင်း ကျေးရွာအုပ်စု,village_tract,,,unmatched,exact_township_name,Source township resolved but CoreMap township id not matched in admin pass
1010238,Ayeyarwady Region,ဧရာဝတီတိုင်းဒေသကြီး,Kyaunggon Township,ကျောင်းကုန်း မြို့နယ်,Yone Taw Village Tract,ရုံးတော ကျေးရွာအုပ်စု,village_tract,,,unmatched,exact_township_name,Source township resolved but CoreMap township id not matched in admin pass
1010239,Ayeyarwady Region,ဧရာဝတီတိုင်းဒေသကြီး,Kyaunggon Township,ကျောင်းကုန်း မြို့နယ်,Daunt Gyi Village Tract,ဒေါင့်ကြီး ကျေးရွာအုပ်စု,village_tract,,,unmatched,exact_township_name,Source township resolved but CoreMap township id not matched in admin pass
1010240,Ayeyarwady Region,ဧရာဝတီတိုင်းဒေသကြီး,Kyaunggon Township,ကျောင်းကုန်း မြို့နယ်,Yone Pin Village Tract,ရုံးပင် ကျေးရွာအုပ်စု,village_tract,,,unmatched,exact_township_name,Source township resolved but CoreMap township id not matched in admin pass
1010241,Ayeyarwady Region,ဧရာဝတီတိုင်းဒေသကြီး,Kyaunggon Township,ကျောင်းကုန်း မြို့နယ်,Zee Chaung Village Tract,ဇီးချောင် ကျေးရွာအုပ်စု,village_tract,,,unmatched,exact_township_name,Source township resolved but CoreMap township id not matched in admin pass
1010242,Ayeyarwady Region,ဧရာဝတီတိုင်းဒေသကြီး,Kyaunggon Township,ကျောင်းကုန်း မြို့နယ်,Byaik Gyi Village Tract,ဗျိုက်ကြီး ကျေးရွာအုပ်စု,village_tract,,,unmatched,exact_township_name,Source township resolved but CoreMap township id not matched in admin pass
1010243,Ayeyarwady Region,ဧရာဝတီတိုင်းဒေသကြီး,Kyaunggon Township,ကျောင်းကုန်း မြို့နယ်,Gon Min Village Tract,ဂုံမင်း ကျေးရွာအုပ်စု,village_tract,,,unmatched,exact_township_name,Source township resolved but CoreMap township id not matched in admin pass
1010244,Ayeyarwady Region,ဧရာဝတီတိုင်းဒေသကြီး,Kyaunggon Township,ကျောင်းကုန်း မြို့နယ်,Yae Tar Gyi Village Tract,ရေတာကြီး ကျေးရွာအုပ်စု,village_tract,,,unmatched,exact_township_name,Source township resolved but CoreMap township id not matched in admin pass
1010245,Ayeyarwady Region,ဧရာဝတီတိုင်းဒေသကြီး,Kyaunggon Township,ကျောင်းကုန်း မြို့နယ်,Htan Ta Pin Village Tract,ထန်းတပင် ကျေးရွာအုပ်စု,village_tract,,,unmatched,exact_township_name,Source township resolved but CoreMap township id not matched in admin pass
1010246,Ayeyarwady Region,ဧရာဝတီတိုင်းဒေသကြီး,Kyaunggon Township,ကျောင်းကုန်း မြို့နယ်,Ma Gyi Pin Kwin Village Tract,မကျီးပင်ကွင်း ကျေးရွာအုပ်စု,village_tract,,,unmatched,exact_township_name,Source township resolved but CoreMap township id not matched in admin pass
1010247,Ayeyarwady Region,ဧရာဝတီတိုင်းဒေသကြီး,Kyaunggon Township,ကျောင်းကုန်း မြို့နယ်,Hlay Kwe La Har Village Tract,လှေကွဲလဟာ ကျေးရွာအုပ်စု,village_tract,,,unmatched,exact_township_name,Source township resolved but CoreMap township id not matched in admin pass
1010248,Ayeyarwady Region,ဧရာဝတီတိုင်းဒေသကြီး,Kyaunggon Township,ကျောင်းကုန်း မြို့နယ်,Pauk Sein Peit Village Tract,ပေါက်ဆိန်ပဲ့ ကျေးရွာအုပ်စု,village_tract,,,unmatched,exact_township_name,Source township resolved but CoreMap township id not matched in admin pass
1010249,Ayeyarwady Region,ဧရာဝတီတိုင်းဒေသကြီး,Kyaunggon Township,ကျောင်းကုန်း မြို့နယ်,Sa Bai Yon Village Tract,စပါယ်ရုံ ကျေးရွာအုပ်စု,village_tract,,,unmatched,exact_township_name,Source township resolved but CoreMap township id not matched in admin pass
1010250,Ayeyarwady Region,ဧရာဝတီတိုင်းဒေသကြီး,Kyaunggon Township,ကျောင်းကုန်း မြို့နယ်,Thea Kon Village Tract,သဲကုန် ကျေးရွာအုပ်စု,village_tract,,,unmatched,exact_township_name,Source township resolved but CoreMap township id not matched in admin pass
1010251,Ayeyarwady Region,ဧရာဝတီတိုင်းဒေသကြီး,Kyaunggon Township,ကျောင်းကုန်း မြို့နယ်,Yin Saing Village Tract,ရင်ဆိုင် ကျေးရွာအုပ်စု,village_tract,,,unmatched,exact_township_name,Source township resolved but CoreMap township id not matched in admin pass
1010252,Ayeyarwady Region,ဧရာဝတီတိုင်းဒေသကြီး,Kyaunggon Township,ကျောင်းကုန်း မြို့နယ်,Oe Bo Village Tract,အိုးဘို ကျေးရွာအုပ်စု,village_tract,,,unmatched,exact_township_name,Source township resolved but CoreMap township id not matched in admin pass
1010253,Ayeyarwady Region,ဧရာဝတီတိုင်းဒေသကြီး,Kyaunggon Township,ကျောင်းကုန်း မြို့နယ်,Kun Chan Kone Village Tract,ကွမ်းခြံကုန်း ကျေးရွာအုပ်စု,village_tract,,,unmatched,exact_township_name,Source township resolved but CoreMap township id not matched in admin pass
1010254,Ayeyarwady Region,ဧရာဝတီတိုင်းဒေသကြီး,Kyaunggon Township,ကျောင်းကုန်း မြို့နယ်,Zee Ngu Village Tract,ဇီးငူ ကျေးရွာအုပ်စု,village_tract,,,unmatched,exact_township_name,Source township resolved but CoreMap township id not matched in admin pass
1010255,Ayeyarwady Region,ဧရာဝတီတိုင်းဒေသကြီး,Kyaunggon Township,ကျောင်းကုန်း မြို့နယ်,Wet Chan Ga Yet Village Tract,ဝက်ခြံဂရက် ကျေးရွာအုပ်စု,village_tract,,,unmatched,exact_township_name,Source township resolved but CoreMap township id not matched in admin pass
1010256,Ayeyarwady Region,ဧရာဝတီတိုင်းဒေသကြီး,Kyaunggon Township,ကျောင်းကုန်း မြို့နယ်,Lu Thant Chaung Village Tract,လူသန့်ချောင် ကျေးရွာအုပ်စု,village_tract,,,unmatched,exact_township_name,Source township resolved but CoreMap township id not matched in admin pass
1010257,Ayeyarwady Region,ဧရာဝတီတိုင်းဒေသကြီး,Kyaunggon Township,ကျောင်းကုန်း မြို့နယ်,Yaung Pyit Kwin Village Tract,ရောင်ပြစ်ကွင်း ကျေးရွာအုပ်စု,village_tract,,,unmatched,exact_township_name,Source township resolved but CoreMap township id not matched in admin pass
1010258,Ayeyarwady Region,ဧရာဝတီတိုင်းဒေသကြီး,Kyaunggon Township,ကျောင်းကုန်း မြို့နယ်,Pan Taw Yoe Village Tract,ပန်းတောရိုး ကျေးရွာအုပ်စု,village_tract,,,unmatched,exact_township_name,Source township resolved but CoreMap township id not matched in admin pass
1010259,Ayeyarwady Region,ဧရာဝတီတိုင်းဒေသကြီး,Kyaunggon Township,ကျောင်းကုန်း မြို့နယ်,Let Pan Chaung Village Tract,လက်ပံချောင် ကျေးရွာအုပ်စု,village_tract,,,unmatched,exact_township_name,Source township resolved but CoreMap township id not matched in admin pass
1010260,Ayeyarwady Region,ဧရာဝတီတိုင်းဒေသကြီး,Kyaunggon Township,ကျောင်းကုန်း မြို့နယ်,Seik Hpu Ni Village Tract,ဆိပ်ဖူးနီ ကျေးရွာအုပ်စု,village_tract,,,unmatched,exact_township_name,Source township resolved but CoreMap township id not matched in admin pass
1010261,Ayeyarwady Region,ဧရာဝတီတိုင်းဒေသကြီး,Kyaunggon Township,ကျောင်းကုန်း မြို့နယ်,Kyon Hpar Yoe Village Tract,ကျုံဖါးရိုး ကျေးရွာအုပ်စု,village_tract,,,unmatched,exact_township_name,Source township resolved but CoreMap township id not matched in admin pass
1010262,Ayeyarwady Region,ဧရာဝတီတိုင်းဒေသကြီး,Kyaunggon Township,ကျောင်းကုန်း မြို့နယ်,Shwe Pan Ngu Village Tract,ရွှေပန်းငူ ကျေးရွာအုပ်စု,village_tract,,,unmatched,exact_township_name,Source township resolved but CoreMap township id not matched in admin pass
1010263,Ayeyarwady Region,ဧရာဝတီတိုင်းဒေသကြီး,Kyaunggon Township,ကျောင်းကုန်း မြို့နယ်,Kan Ka Lay Village Tract,ကံကလေး ကျေးရွာအုပ်စု,village_tract,,,unmatched,exact_township_name,Source township resolved but CoreMap township id not matched in admin pass
1010264,Ayeyarwady Region,ဧရာဝတီတိုင်းဒေသကြီး,Kyaunggon Township,ကျောင်းကုန်း မြို့နယ်,Hle Seik Village Tract,လှည်းဆိပ် ကျေးရွာအုပ်စု,village_tract,,,unmatched,exact_township_name,Source township resolved but CoreMap township id not matched in admin pass
1011001,Ayeyarwady Region,ဧရာဝတီတိုင်းဒေသကြီး,Thabaung Township,သာပေါင်း မြို့နယ်,No (1) Quarter,အမှတ် (၁) ရပ်ကွက်,ward,,,unmatched,exact_township_name,Source township resolved but CoreMap township id not matched in admin pass
1011002,Ayeyarwady Region,ဧရာဝတီတိုင်းဒေသကြီး,Thabaung Township,သာပေါင်း မြို့နယ်,No (2) Quarter,အမှတ် (၂) ရပ်ကွက်,ward,,,unmatched,exact_township_name,Source township resolved but CoreMap township id not matched in admin pass
1011003,Ayeyarwady Region,ဧရာဝတီတိုင်းဒေသကြီး,Thabaung Township,သာပေါင်း မြို့နယ်,No (3) Quarter,အမှတ် (၃) ရပ်ကွက်,ward,,,unmatched,exact_township_name,Source township resolved but CoreMap township id not matched in admin pass
1011200,Ayeyarwady Region,ဧရာဝတီတိုင်းဒေသကြီး,Thabaung Township,သာပေါင်း မြို့နယ်,Kwet Pyin Village Tract,ကွက်ပြင် ကျေးရွာအုပ်စု,village_tract,,,unmatched,exact_township_name,Source township resolved but CoreMap township id not matched in admin pass
1011201,Ayeyarwady Region,ဧရာဝတီတိုင်းဒေသကြီး,Thabaung Township,သာပေါင်း မြို့နယ်,Kin Tat Village Tract,ကင်းတပ် ကျေးရွာအုပ်စု,village_tract,,,unmatched,exact_township_name,Source township resolved but CoreMap township id not matched in admin pass
1011202,Ayeyarwady Region,ဧရာဝတီတိုင်းဒေသကြီး,Thabaung Township,သာပေါင်း မြို့နယ်,Khat Ti Ya Village Tract,ခတ္တိယ ကျေးရွာအုပ်စု,village_tract,,,unmatched,exact_township_name,Source township resolved but CoreMap township id not matched in admin pass
1011203,Ayeyarwady Region,ဧရာဝတီတိုင်းဒေသကြီး,Thabaung Township,သာပေါင်း မြို့နယ်,Shwe Taung Kyun Village Tract,ရွှေတောင်ကျွန်း ကျေးရွာအုပ်စု,village_tract,,,unmatched,exact_township_name,Source township resolved but CoreMap township id not matched in admin pass
1011204,Ayeyarwady Region,ဧရာဝတီတိုင်းဒေသကြီး,Thabaung Township,သာပေါင်း မြို့နယ်,Nga Wun Daunt Gyi Village Tract,ငဝန်ဒေါင့်ကြီး ကျေးရွာအုပ်စု,village_tract,,,unmatched,exact_township_name,Source township resolved but CoreMap township id not matched in admin pass
1011205,Ayeyarwady Region,ဧရာဝတီတိုင်းဒေသကြီး,Thabaung Township,သာပေါင်း မြို့နယ်,Dar Ka Nyaung Kone Village Tract,ဒါးကညောင်ကုန်း ကျေးရွာအုပ်စု,village_tract,,,unmatched,exact_township_name,Source township resolved but CoreMap township id not matched in admin pass
1011206,Ayeyarwady Region,ဧရာဝတီတိုင်းဒေသကြီး,Thabaung Township,သာပေါင်း မြို့နယ်,Shwe Nyaung Pin Village Tract,ရွှေညောင်ပင် ကျေးရွာအုပ်စု,village_tract,,,unmatched,exact_township_name,Source township resolved but CoreMap township id not matched in admin pass
1011207,Ayeyarwady Region,ဧရာဝတီတိုင်းဒေသကြီး,Thabaung Township,သာပေါင်း မြို့နယ်,Tha Min Kone Village Tract,သမင်ကုန်း ကျေးရွာအုပ်စု,village_tract,,,unmatched,exact_township_name,Source township resolved but CoreMap township id not matched in admin pass
1011208,Ayeyarwady Region,ဧရာဝတီတိုင်းဒေသကြီး,Thabaung Township,သာပေါင်း မြို့နယ်,Ein Soe Chaung Village Tract,အိမ်ဆိုးချောင်း ကျေးရွာအုပ်စု,village_tract,,,unmatched,exact_township_name,Source township resolved but CoreMap township id not matched in admin pass
1011209,Ayeyarwady Region,ဧရာဝတီတိုင်းဒေသကြီး,Thabaung Township,သာပေါင်း မြို့နယ်,Ka Nyin Pin Village Tract,ကညင်ပင် ကျေးရွာအုပ်စု,village_tract,,,unmatched,exact_township_name,Source township resolved but CoreMap township id not matched in admin pass
1011210,Ayeyarwady Region,ဧရာဝတီတိုင်းဒေသကြီး,Thabaung Township,သာပေါင်း မြို့နယ်,Htan Zin Hla Kyoet Kone Village Tract,ထန်းဇင်လှကြို့ကုန်း ကျေးရွာအုပ်စု,village_tract,,,unmatched,exact_township_name,Source township resolved but CoreMap township id not matched in admin pass
1011211,Ayeyarwady Region,ဧရာဝတီတိုင်းဒေသကြီး,Thabaung Township,သာပေါင်း မြို့နယ်,Dei Kone Village Tract,ဒည်ကုန်း ကျေးရွာအုပ်စု,village_tract,,,unmatched,exact_township_name,Source township resolved but CoreMap township id not matched in admin pass
1011212,Ayeyarwady Region,ဧရာဝတီတိုင်းဒေသကြီး,Thabaung Township,သာပေါင်း မြို့နယ်,Ma Gyi Kone Village Tract,မကျီးကုန်း ကျေးရွာအုပ်စု,village_tract,,,unmatched,exact_township_name,Source township resolved but CoreMap township id not matched in admin pass
1011213,Ayeyarwady Region,ဧရာဝတီတိုင်းဒေသကြီး,Thabaung Township,သာပေါင်း မြို့နယ်,Tha Yet Taw Village Tract,သရက်တော ကျေးရွာအုပ်စု,village_tract,,,unmatched,exact_township_name,Source township resolved but CoreMap township id not matched in admin pass
1011214,Ayeyarwady Region,ဧရာဝတီတိုင်းဒေသကြီး,Thabaung Township,သာပေါင်း မြို့နယ်,Kyar Ye Village Tract,ကျားရဲ ကျေးရွာအုပ်စု,village_tract,,,unmatched,exact_township_name,Source township resolved but CoreMap township id not matched in admin pass
1011215,Ayeyarwady Region,ဧရာဝတီတိုင်းဒေသကြီး,Thabaung Township,သာပေါင်း မြို့နယ်,Gon Min Village Tract,ဂုံမင်း ကျေးရွာအုပ်စု,village_tract,,,unmatched,exact_township_name,Source township resolved but CoreMap township id not matched in admin pass
1011216,Ayeyarwady Region,ဧရာဝတီတိုင်းဒေသကြီး,Thabaung Township,သာပေါင်း မြို့နယ်,Sit Pin Gyi Village Tract,စစ်ပင်ကြီး ကျေးရွာအုပ်စု,village_tract,,,unmatched,exact_township_name,Source township resolved but CoreMap township id not matched in admin pass
1011217,Ayeyarwady Region,ဧရာဝတီတိုင်းဒေသကြီး,Thabaung Township,သာပေါင်း မြို့နယ်,Hpa Yar Ni Village Tract,ဘုရားနီ ကျေးရွာအုပ်စု,village_tract,,,unmatched,exact_township_name,Source township resolved but CoreMap township id not matched in admin pass
1011218,Ayeyarwady Region,ဧရာဝတီတိုင်းဒေသကြီး,Thabaung Township,သာပေါင်း မြို့နယ်,Tha Pyay Kyun Village Tract,သပြေကျွန်း ကျေးရွာအုပ်စု,village_tract,,,unmatched,exact_township_name,Source township resolved but CoreMap township id not matched in admin pass
1011219,Ayeyarwady Region,ဧရာဝတီတိုင်းဒေသကြီး,Thabaung Township,သာပေါင်း မြို့နယ်,Kyun Kone Village Tract,ကျွန်းကုန်း ကျေးရွာအုပ်စု,village_tract,,,unmatched,exact_township_name,Source township resolved but CoreMap township id not matched in admin pass
1011220,Ayeyarwady Region,ဧရာဝတီတိုင်းဒေသကြီး,Thabaung Township,သာပေါင်း မြို့နယ်,Kwin Kauk Village Tract,ကွင်းကောက် ကျေးရွာအုပ်စု,village_tract,,,unmatched,exact_township_name,Source township resolved but CoreMap township id not matched in admin pass
1011221,Ayeyarwady Region,ဧရာဝတီတိုင်းဒေသကြီး,Thabaung Township,သာပေါင်း မြို့နယ်,Shwe Zan Oe Village Tract,ရွှေဇံအိုး ကျေးရွာအုပ်စု,village_tract,,,unmatched,exact_township_name,Source township resolved but CoreMap township id not matched in admin pass
1011222,Ayeyarwady Region,ဧရာဝတီတိုင်းဒေသကြီး,Thabaung Township,သာပေါင်း မြို့နယ်,Thea Phyu Village Tract,သဲဖြူ ကျေးရွာအုပ်စု,village_tract,,,unmatched,exact_township_name,Source township resolved but CoreMap township id not matched in admin pass
1011223,Ayeyarwady Region,ဧရာဝတီတိုင်းဒေသကြီး,Thabaung Township,သာပေါင်း မြို့နယ်,Aung Tat Village Tract,အောင်တပ် ကျေးရွာအုပ်စု,village_tract,,,unmatched,exact_township_name,Source township resolved but CoreMap township id not matched in admin pass
1011224,Ayeyarwady Region,ဧရာဝတီတိုင်းဒေသကြီး,Thabaung Township,သာပေါင်း မြို့နယ်,Zee Hpyu Kwin Village Tract,ဇီးဖြူကွင်း ကျေးရွာအုပ်စု,village_tract,,,unmatched,exact_township_name,Source township resolved but CoreMap township id not matched in admin pass
1011225,Ayeyarwady Region,ဧရာဝတီတိုင်းဒေသကြီး,Thabaung Township,သာပေါင်း မြို့နယ်,Nga Wun Kyo Kone Village Tract,ငဝန်ကြိုကုန်း ကျေးရွာအုပ်စု,village_tract,,,unmatched,exact_township_name,Source township resolved but CoreMap township id not matched in admin pass
1011226,Ayeyarwady Region,ဧရာဝတီတိုင်းဒေသကြီး,Thabaung Township,သာပေါင်း မြို့နယ်,Khway Koke Village Tract,ခွေးကုတ် ကျေးရွာအုပ်စု,village_tract,,,unmatched,exact_township_name,Source township resolved but CoreMap township id not matched in admin pass
1011227,Ayeyarwady Region,ဧရာဝတီတိုင်းဒေသကြီး,Thabaung Township,သာပေါင်း မြို့နယ်,Hpa Yar Kone Village Tract,ဘုရားကုန်း ကျေးရွာအုပ်စု,village_tract,,,unmatched,exact_township_name,Source township resolved but CoreMap township id not matched in admin pass
1011228,Ayeyarwady Region,ဧရာဝတီတိုင်းဒေသကြီး,Thabaung Township,သာပေါင်း မြို့နယ်,La Har Ga Mon Village Tract,လဟာဂမုံ ကျေးရွာအုပ်စု,village_tract,,,unmatched,exact_township_name,Source township resolved but CoreMap township id not matched in admin pass
1011229,Ayeyarwady Region,ဧရာဝတီတိုင်းဒေသကြီး,Thabaung Township,သာပေါင်း မြို့နယ်,Gon Hnyin Tan Village Tract,ဂုံညင်းတန်း ကျေးရွာအုပ်စု,village_tract,,,unmatched,exact_township_name,Source township resolved but CoreMap township id not matched in admin pass
1011230,Ayeyarwady Region,ဧရာဝတီတိုင်းဒေသကြီး,Thabaung Township,သာပေါင်း မြို့နယ်,Hnget Pyaw Taw Village Tract,ငှက်ပျောတော ကျေးရွာအုပ်စု,village_tract,,,unmatched,exact_township_name,Source township resolved but CoreMap township id not matched in admin pass
1011231,Ayeyarwady Region,ဧရာဝတီတိုင်းဒေသကြီး,Thabaung Township,သာပေါင်း မြို့နယ်,Zee Pin Kwin Village Tract,ဇီးပင်ကွင်း ကျေးရွာအုပ်စု,village_tract,,,unmatched,exact_township_name,Source township resolved but CoreMap township id not matched in admin pass
1011232,Ayeyarwady Region,ဧရာဝတီတိုင်းဒေသကြီး,Thabaung Township,သာပေါင်း မြို့နယ်,Nwe Ni Chaung Village Tract,နွယ်နီချောင်း ကျေးရွာအုပ်စု,village_tract,,,unmatched,exact_township_name,Source township resolved but CoreMap township id not matched in admin pass
1011233,Ayeyarwady Region,ဧရာဝတီတိုင်းဒေသကြီး,Thabaung Township,သာပေါင်း မြို့နယ်,Mee Thway Taik Village Tract,မီးသွေးတိုက် ကျေးရွာအုပ်စု,village_tract,,,unmatched,exact_township_name,Source township resolved but CoreMap township id not matched in admin pass
1011234,Ayeyarwady Region,ဧရာဝတီတိုင်းဒေသကြီး,Thabaung Township,သာပေါင်း မြို့နယ်,Sin Lan Village Tract,ဆင်လမ်း ကျေးရွာအုပ်စု,village_tract,,,unmatched,exact_township_name,Source township resolved but CoreMap township id not matched in admin pass
1011235,Ayeyarwady Region,ဧရာဝတီတိုင်းဒေသကြီး,Thabaung Township,သာပေါင်း မြို့နယ်,Oke Shit Village Tract,အုပ်ရှစ် ကျေးရွာအုပ်စု,village_tract,,,unmatched,exact_township_name,Source township resolved but CoreMap township id not matched in admin pass
1011236,Ayeyarwady Region,ဧရာဝတီတိုင်းဒေသကြီး,Thabaung Township,သာပေါင်း မြို့နယ်,Me Za Li Kwin Pauk Village Tract,မဲဇလီကွင်းပေါက် ကျေးရွာအုပ်စု,village_tract,,,unmatched,exact_township_name,Source township resolved but CoreMap township id not matched in admin pass
1011237,Ayeyarwady Region,ဧရာဝတီတိုင်းဒေသကြီး,Thabaung Township,သာပေါင်း မြို့နယ်,Lin Tar Kya Village Tract,လင်းတာကျ ကျေးရွာအုပ်စု,village_tract,,,unmatched,exact_township_name,Source township resolved but CoreMap township id not matched in admin pass
1011238,Ayeyarwady Region,ဧရာဝတီတိုင်းဒေသကြီး,Thabaung Township,သာပေါင်း မြို့နယ်,Si Son Village Tract,ဆီဆုံ ကျေးရွာအုပ်စု,village_tract,,,unmatched,exact_township_name,Source township resolved but CoreMap township id not matched in admin pass
1011239,Ayeyarwady Region,ဧရာဝတီတိုင်းဒေသကြီး,Thabaung Township,သာပေါင်း မြို့နယ်,Shin Gyi Pyauk Village Tract,ရှင်ကြီးပျောက် ကျေးရွာအုပ်စု,village_tract,,,unmatched,exact_township_name,Source township resolved but CoreMap township id not matched in admin pass
1011240,Ayeyarwady Region,ဧရာဝတီတိုင်းဒေသကြီး,Thabaung Township,သာပေါင်း မြို့နယ်,Hlay Gyi Tet Village Tract,လှေကြီးတက် ကျေးရွာအုပ်စု,village_tract,,,unmatched,exact_township_name,Source township resolved but CoreMap township id not matched in admin pass
1011241,Ayeyarwady Region,ဧရာဝတီတိုင်းဒေသကြီး,Thabaung Township,သာပေါင်း မြို့နယ်,Pyin Ma Htone Village Tract,ပျဉ်းမထုံး ကျေးရွာအုပ်စု,village_tract,,,unmatched,exact_township_name,Source township resolved but CoreMap township id not matched in admin pass
1011242,Ayeyarwady Region,ဧရာဝတီတိုင်းဒေသကြီး,Thabaung Township,သာပေါင်း မြို့နယ်,Taung Ka Lay Village Tract,တောင်ကလေး ကျေးရွာအုပ်စု,village_tract,,,unmatched,exact_township_name,Source township resolved but CoreMap township id not matched in admin pass
1011243,Ayeyarwady Region,ဧရာဝတီတိုင်းဒေသကြီး,Thabaung Township,သာပေါင်း မြို့နယ်,Shan Ma Myaung Village Tract,ရှမ်းမမြောင် ကျေးရွာအုပ်စု,village_tract,,,unmatched,exact_township_name,Source township resolved but CoreMap township id not matched in admin pass
1011244,Ayeyarwady Region,ဧရာဝတီတိုင်းဒေသကြီး,Thabaung Township,သာပေါင်း မြို့နယ်,Taung Kwin Village Tract,တောင်ကွင်း ကျေးရွာအုပ်စု,village_tract,,,unmatched,exact_township_name,Source township resolved but CoreMap township id not matched in admin pass
1011245,Ayeyarwady Region,ဧရာဝတီတိုင်းဒေသကြီး,Thabaung Township,သာပေါင်း မြို့နယ်,Kwin Chauk Village Tract,ကွင်းခြောက် ကျေးရွာအုပ်စု,village_tract,,,unmatched,exact_township_name,Source township resolved but CoreMap township id not matched in admin pass
1011246,Ayeyarwady Region,ဧရာဝတီတိုင်းဒေသကြီး,Thabaung Township,သာပေါင်း မြို့နယ်,Saung Bon Village Tract,ဆောင်ဘုံ ကျေးရွာအုပ်စု,village_tract,,,unmatched,exact_township_name,Source township resolved but CoreMap township id not matched in admin pass
1011247,Ayeyarwady Region,ဧရာဝတီတိုင်းဒေသကြီး,Thabaung Township,သာပေါင်း မြို့နယ်,Ta Loke Kone Village Tract,တလုပ်ကုန်း ကျေးရွာအုပ်စု,village_tract,,,unmatched,exact_township_name,Source township resolved but CoreMap township id not matched in admin pass
1011248,Ayeyarwady Region,ဧရာဝတီတိုင်းဒေသကြီး,Thabaung Township,သာပေါင်း မြို့နယ်,Sat Thwar Village Tract,ဆပ်သွား ကျေးရွာအုပ်စု,village_tract,,,unmatched,exact_township_name,Source township resolved but CoreMap township id not matched in admin pass
1011249,Ayeyarwady Region,ဧရာဝတီတိုင်းဒေသကြီး,Thabaung Township,သာပေါင်း မြို့နယ်,Htan Ta Pin Village Tract,ထန်းတပင် ကျေးရွာအုပ်စု,village_tract,,,unmatched,exact_township_name,Source township resolved but CoreMap township id not matched in admin pass
1011250,Ayeyarwady Region,ဧရာဝတီတိုင်းဒေသကြီး,Thabaung Township,သာပေါင်း မြို့နယ်,Shan Kwin Village Tract,ရှမ်းကွင်း ကျေးရွာအုပ်စု,village_tract,,,unmatched,exact_township_name,Source township resolved but CoreMap township id not matched in admin pass
1011251,Ayeyarwady Region,ဧရာဝတီတိုင်းဒေသကြီး,Thabaung Township,သာပေါင်း မြို့နယ်,Thin Gan Pin Seik Village Tract,သင်္ဃန်းပင်ဆိပ် ကျေးရွာအုပ်စု,village_tract,,,unmatched,exact_township_name,Source township resolved but CoreMap township id not matched in admin pass
1011252,Ayeyarwady Region,ဧရာဝတီတိုင်းဒေသကြီး,Thabaung Township,သာပေါင်း မြို့နယ်,Thit Poke Kone Village Tract,သစ်ပုတ်ကုန်း ကျေးရွာအုပ်စု,village_tract,,,unmatched,exact_township_name,Source township resolved but CoreMap township id not matched in admin pass
1011253,Ayeyarwady Region,ဧရာဝတီတိုင်းဒေသကြီး,Thabaung Township,သာပေါင်း မြို့နယ်,Kan Beit Nyaung Kone Village Tract,ကမ္ဘဲ့ညောင်ကုန်း ကျေးရွာအုပ်စု,village_tract,,,unmatched,exact_township_name,Source township resolved but CoreMap township id not matched in admin pass
1011254,Ayeyarwady Region,ဧရာဝတီတိုင်းဒေသကြီး,Thabaung Township,သာပေါင်း မြို့နယ်,Kwin Pauk Village Tract,ကွင်းပေါက် ကျေးရွာအုပ်စု,village_tract,,,unmatched,exact_township_name,Source township resolved but CoreMap township id not matched in admin pass
1011255,Ayeyarwady Region,ဧရာဝတီတိုင်းဒေသကြီး,Thabaung Township,သာပေါင်း မြို့နယ်,Khay Nan Village Tract,ခေနန် ကျေးရွာအုပ်စု,village_tract,,,unmatched,exact_township_name,Source township resolved but CoreMap township id not matched in admin pass
1011256,Ayeyarwady Region,ဧရာဝတီတိုင်းဒေသကြီး,Thabaung Township,သာပေါင်း မြို့နယ်,Tha Yet Kone Village Tract,သရက်ကုန်း ကျေးရွာအုပ်စု,village_tract,,,unmatched,exact_township_name,Source township resolved but CoreMap township id not matched in admin pass
1011257,Ayeyarwady Region,ဧရာဝတီတိုင်းဒေသကြီး,Thabaung Township,သာပေါင်း မြို့နယ်,Ma Yan Cho Village Tract,မရမ်းချို ကျေးရွာအုပ်စု,village_tract,,,unmatched,exact_township_name,Source township resolved but CoreMap township id not matched in admin pass
1011258,Ayeyarwady Region,ဧရာဝတီတိုင်းဒေသကြီး,Thabaung Township,သာပေါင်း မြို့နယ်,Yone Pin Village Tract,ရုံးပင် ကျေးရွာအုပ်စု,village_tract,,,unmatched,exact_township_name,Source township resolved but CoreMap township id not matched in admin pass
1011259,Ayeyarwady Region,ဧရာဝတီတိုင်းဒေသကြီး,Thabaung Township,သာပေါင်း မြို့နယ်,Shwe Yaung Cha Village Tract,ရွှေရောင်ချ ကျေးရွာအုပ်စု,village_tract,,,unmatched,exact_township_name,Source township resolved but CoreMap township id not matched in admin pass
1011260,Ayeyarwady Region,ဧရာဝတီတိုင်းဒေသကြီး,Thabaung Township,သာပေါင်း မြို့နယ်,Kyee Pin Village Tract,ကျီးပင် ကျေးရွာအုပ်စု,village_tract,,,unmatched,exact_township_name,Source township resolved but CoreMap township id not matched in admin pass
1011261,Ayeyarwady Region,ဧရာဝတီတိုင်းဒေသကြီး,Thabaung Township,သာပေါင်း မြို့နယ်,Kyon Ta Dun Village Tract,ကျုံတဒွန်း ကျေးရွာအုပ်စု,village_tract,,,unmatched,exact_township_name,Source township resolved but CoreMap township id not matched in admin pass
1011262,Ayeyarwady Region,ဧရာဝတီတိုင်းဒေသကြီး,Thabaung Township,သာပေါင်း မြို့နယ်,Nga Bat Chaung Village Tract,ငါးဘတ်ချောင်း ကျေးရွာအုပ်စု,village_tract,,,unmatched,exact_township_name,Source township resolved but CoreMap township id not matched in admin pass
1011263,Ayeyarwady Region,ဧရာဝတီတိုင်းဒေသကြီး,Thabaung Township,သာပေါင်း မြို့နယ်,Shaw Pyar Kone Village Tract,ရှောပြာကုန်း ကျေးရွာအုပ်စု,village_tract,,,unmatched,exact_township_name,Source township resolved but CoreMap township id not matched in admin pass
1011264,Ayeyarwady Region,ဧရာဝတီတိုင်းဒေသကြီး,Thabaung Township,သာပေါင်း မြို့နယ်,Htan Zin Hla Village Tract,ထန်းဇင်လှ ကျေးရွာအုပ်စု,village_tract,,,unmatched,exact_township_name,Source township resolved but CoreMap township id not matched in admin pass
1011265,Ayeyarwady Region,ဧရာဝတီတိုင်းဒေသကြီး,Thabaung Township,သာပေါင်း မြို့နယ်,Kyun Hlyar Gyi Village Tract,ကျွန်းလျှားကြီး ကျေးရွာအုပ်စု,village_tract,,,unmatched,exact_township_name,Source township resolved but CoreMap township id not matched in admin pass
1011266,Ayeyarwady Region,ဧရာဝတီတိုင်းဒေသကြီး,Thabaung Township,သာပေါင်း မြို့နယ်,Thit Hpyu Village Tract,သစ်ဖြူ ကျေးရွာအုပ်စု,village_tract,,,unmatched,exact_township_name,Source township resolved but CoreMap township id not matched in admin pass
1012001,Ayeyarwady Region,ဧရာဝတီတိုင်းဒေသကြီး,Labutta Township,လပွတ္တာ မြို့နယ်,No (1) Quarter,အမှတ် (၁) ရပ်ကွက်,ward,,,unmatched,exact_township_name,Source township resolved but CoreMap township id not matched in admin pass
1012002,Ayeyarwady Region,ဧရာဝတီတိုင်းဒေသကြီး,Labutta Township,လပွတ္တာ မြို့နယ်,No (2) Quarter,အမှတ် (၂) ရပ်ကွက်,ward,,,unmatched,exact_township_name,Source township resolved but CoreMap township id not matched in admin pass
1012003,Ayeyarwady Region,ဧရာဝတီတိုင်းဒေသကြီး,Labutta Township,လပွတ္တာ မြို့နယ်,No (3) Quarter,အမှတ် (၃) ရပ်ကွက်,ward,,,unmatched,exact_township_name,Source township resolved but CoreMap township id not matched in admin pass
1012004,Ayeyarwady Region,ဧရာဝတီတိုင်းဒေသကြီး,Labutta Township,လပွတ္တာ မြို့နယ်,No (4) Quarter,အမှတ် (၄) ရပ်ကွက်,ward,,,unmatched,exact_township_name,Source township resolved but CoreMap township id not matched in admin pass
1012005,Ayeyarwady Region,ဧရာဝတီတိုင်းဒေသကြီး,Labutta Township,လပွတ္တာ မြို့နယ်,No (5) Quarter,အမှတ် (၅) ရပ်ကွက်,ward,,,unmatched,exact_township_name,Source township resolved but CoreMap township id not matched in admin pass
1012006,Ayeyarwady Region,ဧရာဝတီတိုင်းဒေသကြီး,Labutta Township,လပွတ္တာ မြို့နယ်,No (6) Quarter,အမှတ် (၆) ရပ်ကွက်,ward,,,unmatched,exact_township_name,Source township resolved but CoreMap township id not matched in admin pass
1012007,Ayeyarwady Region,ဧရာဝတီတိုင်းဒေသကြီး,Labutta Township,လပွတ္တာ မြို့နယ်,No (7) Quarter,အမှတ် (၇) ရပ်ကွက်,ward,,,unmatched,exact_township_name,Source township resolved but CoreMap township id not matched in admin pass
1012008,Ayeyarwady Region,ဧရာဝတီတိုင်းဒေသကြီး,Labutta Township,လပွတ္တာ မြို့နယ်,No (8) Quarter,အမှတ် (၈) ရပ်ကွက်,ward,,,unmatched,exact_township_name,Source township resolved but CoreMap township id not matched in admin pass
1012009,Ayeyarwady Region,ဧရာဝတီတိုင်းဒေသကြီး,Labutta Township,လပွတ္တာ မြို့နယ်,No (9) Quarter,အမှတ် (၉) ရပ်ကွက်,ward,,,unmatched,exact_township_name,Source township resolved but CoreMap township id not matched in admin pass
1012010,Ayeyarwady Region,ဧရာဝတီတိုင်းဒေသကြီး,Labutta Township,လပွတ္တာ မြို့နယ်,No (10) Quarter,အမှတ် (၁၀) ရပ်ကွက်,ward,,,unmatched,exact_township_name,Source township resolved but CoreMap township id not matched in admin pass
1012200,Ayeyarwady Region,ဧရာဝတီတိုင်းဒေသကြီး,Labutta Township,လပွတ္တာ မြို့နယ်,Kyauk Hmaw Village Tract,ကျောက်မှော် ကျေးရွာအုပ်စု,village_tract,,,unmatched,exact_township_name,Source township resolved but CoreMap township id not matched in admin pass
1012201,Ayeyarwady Region,ဧရာဝတီတိုင်းဒေသကြီး,Labutta Township,လပွတ္တာ မြို့နယ်,Nyaung Lein Village Tract,ညောင်လိန် ကျေးရွာအုပ်စု,village_tract,,,unmatched,exact_township_name,Source township resolved but CoreMap township id not matched in admin pass
1012202,Ayeyarwady Region,ဧရာဝတီတိုင်းဒေသကြီး,Labutta Township,လပွတ္တာ မြို့နယ်,La Put Ta Loke (North) Village Tract,လပွတ္တလုပ် (မြောက်) ကျေးရွာအုပ်စု,village_tract,,,unmatched,exact_township_name,Source township resolved but CoreMap township id not matched in admin pass
1012203,Ayeyarwady Region,ဧရာဝတီတိုင်းဒေသကြီး,Labutta Township,လပွတ္တာ မြို့နယ်,La Put Ta Loke (South) Village Tract,လပွတ္တလုပ် (တောင်) ကျေးရွာအုပ်စု,village_tract,,,unmatched,exact_township_name,Source township resolved but CoreMap township id not matched in admin pass
1012204,Ayeyarwady Region,ဧရာဝတီတိုင်းဒေသကြီး,Labutta Township,လပွတ္တာ မြို့နယ်,Sar Kyin Village Tract,ဆားကျင်း ကျေးရွာအုပ်စု,village_tract,,,unmatched,exact_township_name,Source township resolved but CoreMap township id not matched in admin pass
1012205,Ayeyarwady Region,ဧရာဝတီတိုင်းဒေသကြီး,Labutta Township,လပွတ္တာ မြို့နယ်,Ka Nyin Kone Village Tract,ကညင်ကုန်း ကျေးရွာအုပ်စု,village_tract,,,unmatched,exact_township_name,Source township resolved but CoreMap township id not matched in admin pass
1012206,Ayeyarwady Region,ဧရာဝတီတိုင်းဒေသကြီး,Labutta Township,လပွတ္တာ မြို့နယ်,Ah Mat Village Tract,အမတ် ကျေးရွာအုပ်စု,village_tract,,,unmatched,exact_township_name,Source township resolved but CoreMap township id not matched in admin pass
1012207,Ayeyarwady Region,ဧရာဝတီတိုင်းဒေသကြီး,Labutta Township,လပွတ္တာ မြို့နယ်,Tha Nat Hpet Village Tract,သနပ်ဖက် ကျေးရွာအုပ်စု,village_tract,,,unmatched,exact_township_name,Source township resolved but CoreMap township id not matched in admin pass
1012208,Ayeyarwady Region,ဧရာဝတီတိုင်းဒေသကြီး,Labutta Township,လပွတ္တာ မြို့နယ်,Ohn Ta Pin Village Tract,အုံးတပင် ကျေးရွာအုပ်စု,village_tract,,,unmatched,exact_township_name,Source township resolved but CoreMap township id not matched in admin pass
1012209,Ayeyarwady Region,ဧရာဝတီတိုင်းဒေသကြီး,Labutta Township,လပွတ္တာ မြို့နယ်,Htin Pon Kwin Village Tract,ထင်းပုံကွင်း ကျေးရွာအုပ်စု,village_tract,,,unmatched,exact_township_name,Source township resolved but CoreMap township id not matched in admin pass
1012210,Ayeyarwady Region,ဧရာဝတီတိုင်းဒေသကြီး,Labutta Township,လပွတ္တာ မြို့နယ်,Kan Bet Village Tract,ကန်ဘက် ကျေးရွာအုပ်စု,village_tract,,,unmatched,exact_township_name,Source township resolved but CoreMap township id not matched in admin pass
1012211,Ayeyarwady Region,ဧရာဝတီတိုင်းဒေသကြီး,Labutta Township,လပွတ္တာ မြို့နယ်,Kyein Kwin Village Tract,ကြိမ်ကွင်း ကျေးရွာအုပ်စု,village_tract,,,unmatched,exact_township_name,Source township resolved but CoreMap township id not matched in admin pass
1012212,Ayeyarwady Region,ဧရာဝတီတိုင်းဒေသကြီး,Labutta Township,လပွတ္တာ မြို့နယ်,Kyein Kone Gyi Village Tract,ကြိမ်ကုန်းကြီး ကျေးရွာအုပ်စု,village_tract,,,unmatched,exact_township_name,Source township resolved but CoreMap township id not matched in admin pass
1012213,Ayeyarwady Region,ဧရာဝတီတိုင်းဒေသကြီး,Labutta Township,လပွတ္တာ မြို့နယ်,Bay Pauk Village Tract,ဘေးပေါက် ကျေးရွာအုပ်စု,village_tract,,,unmatched,exact_township_name,Source township resolved but CoreMap township id not matched in admin pass
1012214,Ayeyarwady Region,ဧရာဝတီတိုင်းဒေသကြီး,Labutta Township,လပွတ္တာ မြို့နယ်,Nyaung Lan Village Tract,ညောင်လန်း ကျေးရွာအုပ်စု,village_tract,,,unmatched,exact_township_name,Source township resolved but CoreMap township id not matched in admin pass
1012215,Ayeyarwady Region,ဧရာဝတီတိုင်းဒေသကြီး,Labutta Township,လပွတ္တာ မြို့နယ်,Boe Pyayt Village Tract,ဘိုးပြေ့ ကျေးရွာအုပ်စု,village_tract,,,unmatched,exact_township_name,Source township resolved but CoreMap township id not matched in admin pass
1012216,Ayeyarwady Region,ဧရာဝတီတိုင်းဒေသကြီး,Labutta Township,လပွတ္တာ မြို့နယ်,Kyu Taw Village Tract,ကြူတော ကျေးရွာအုပ်စု,village_tract,,,unmatched,exact_township_name,Source township resolved but CoreMap township id not matched in admin pass
1012217,Ayeyarwady Region,ဧရာဝတီတိုင်းဒေသကြီး,Labutta Township,လပွတ္တာ မြို့နယ်,Gon Hnyin Tan Village Tract,ဂုံညှင်းတန်း ကျေးရွာအုပ်စု,village_tract,,,unmatched,exact_township_name,Source township resolved but CoreMap township id not matched in admin pass
1012218,Ayeyarwady Region,ဧရာဝတီတိုင်းဒေသကြီး,Labutta Township,လပွတ္တာ မြို့နယ်,Bi Tut Village Tract,ဘီတွတ် ကျေးရွာအုပ်စု,village_tract,,,unmatched,exact_township_name,Source township resolved but CoreMap township id not matched in admin pass
1012219,Ayeyarwady Region,ဧရာဝတီတိုင်းဒေသကြီး,Labutta Township,လပွတ္တာ မြို့နယ်,Maung Nge Village Tract,မောင်ငယ် ကျေးရွာအုပ်စု,village_tract,,,unmatched,exact_township_name,Source township resolved but CoreMap township id not matched in admin pass
1012220,Ayeyarwady Region,ဧရာဝတီတိုင်းဒေသကြီး,Labutta Township,လပွတ္တာ မြို့နယ်,Myit Pauk Village Tract,မြစ်ပေါက် ကျေးရွာအုပ်စု,village_tract,,,unmatched,exact_township_name,Source township resolved but CoreMap township id not matched in admin pass
1012221,Ayeyarwady Region,ဧရာဝတီတိုင်းဒေသကြီး,Labutta Township,လပွတ္တာ မြို့နယ်,Shaw Chaung Village Tract,ရှော်ချောင်း ကျေးရွာအုပ်စု,village_tract,,,unmatched,exact_township_name,Source township resolved but CoreMap township id not matched in admin pass
1012222,Ayeyarwady Region,ဧရာဝတီတိုင်းဒေသကြီး,Labutta Township,လပွတ္တာ မြို့နယ်,Nyaung Chaung Village Tract,ညောင်ချောင်း ကျေးရွာအုပ်စု,village_tract,,,unmatched,exact_township_name,Source township resolved but CoreMap township id not matched in admin pass
1012223,Ayeyarwady Region,ဧရာဝတီတိုင်းဒေသကြီး,Labutta Township,လပွတ္တာ မြို့နယ်,Ka Ka Yan Village Tract,ကကရန် ကျေးရွာအုပ်စု,village_tract,,,unmatched,exact_township_name,Source township resolved but CoreMap township id not matched in admin pass
1012224,Ayeyarwady Region,ဧရာဝတီတိုင်းဒေသကြီး,Labutta Township,လပွတ္တာ မြို့နယ်,Kyee Chaung Village Tract,ကြီးချောင်း ကျေးရွာအုပ်စု,village_tract,,,unmatched,exact_township_name,Source township resolved but CoreMap township id not matched in admin pass
1012225,Ayeyarwady Region,ဧရာဝတီတိုင်းဒေသကြီး,Labutta Township,လပွတ္တာ မြို့နယ်,Kyun Chaung Village Tract,ကျွန်းချောင်း ကျေးရွာအုပ်စု,village_tract,,,unmatched,exact_township_name,Source township resolved but CoreMap township id not matched in admin pass
1012226,Ayeyarwady Region,ဧရာဝတီတိုင်းဒေသကြီး,Labutta Township,လပွတ္တာ မြို့နယ်,Tat Kwin Village Tract,တပ်ကွင်း ကျေးရွာအုပ်စု,village_tract,,,unmatched,exact_township_name,Source township resolved but CoreMap township id not matched in admin pass
1012227,Ayeyarwady Region,ဧရာဝတီတိုင်းဒေသကြီး,Labutta Township,လပွတ္တာ မြို့နယ်,Gant Eik Village Tract,ဂန့်အိပ် ကျေးရွာအုပ်စု,village_tract,,,unmatched,exact_township_name,Source township resolved but CoreMap township id not matched in admin pass
1012228,Ayeyarwady Region,ဧရာဝတီတိုင်းဒေသကြီး,Labutta Township,လပွတ္တာ မြို့နယ်,Kant Ba Lar Village Tract,ကန့်ဘလာ ကျေးရွာအုပ်စု,village_tract,,,unmatched,exact_township_name,Source township resolved but CoreMap township id not matched in admin pass
1012229,Ayeyarwady Region,ဧရာဝတီတိုင်းဒေသကြီး,Labutta Township,လပွတ္တာ မြို့နယ်,Sin Chay Yar Village Tract,ဆင်ခြေယာ ကျေးရွာအုပ်စု,village_tract,,,unmatched,exact_township_name,Source township resolved but CoreMap township id not matched in admin pass
1012230,Ayeyarwady Region,ဧရာဝတီတိုင်းဒေသကြီး,Labutta Township,လပွတ္တာ မြို့နယ်,Tha Pyu Kone Village Tract,သပြုကုန်း ကျေးရွာအုပ်စု,village_tract,,,unmatched,exact_township_name,Source township resolved but CoreMap township id not matched in admin pass
1012231,Ayeyarwady Region,ဧရာဝတီတိုင်းဒေသကြီး,Labutta Township,လပွတ္တာ မြို့နယ်,Thin Gan Gyi Village Tract,သင်္ဃန်းကြီး ကျေးရွာအုပ်စု,village_tract,,,unmatched,exact_township_name,Source township resolved but CoreMap township id not matched in admin pass
1012232,Ayeyarwady Region,ဧရာဝတီတိုင်းဒေသကြီး,Labutta Township,လပွတ္တာ မြို့နယ်,Yway Village Tract,ရွေး ကျေးရွာအုပ်စု,village_tract,,,unmatched,exact_township_name,Source township resolved but CoreMap township id not matched in admin pass
1012233,Ayeyarwady Region,ဧရာဝတီတိုင်းဒေသကြီး,Labutta Township,လပွတ္တာ မြို့နယ်,Sa Lu Seik Village Tract,စလူဆိပ် ကျေးရွာအုပ်စု,village_tract,,,unmatched,exact_township_name,Source township resolved but CoreMap township id not matched in admin pass
1012234,Ayeyarwady Region,ဧရာဝတီတိုင်းဒေသကြီး,Labutta Township,လပွတ္တာ မြို့နယ်,Kone Gyi Village Tract,ကုန်းကြီး ကျေးရွာအုပ်စု,village_tract,,,unmatched,exact_township_name,Source township resolved but CoreMap township id not matched in admin pass
1012235,Ayeyarwady Region,ဧရာဝတီတိုင်းဒေသကြီး,Labutta Township,လပွတ္တာ မြို့နယ်,Tei Pin Taing Village Tract,တယ်ပင်တိုင်း ကျေးရွာအုပ်စု,village_tract,,,unmatched,exact_township_name,Source township resolved but CoreMap township id not matched in admin pass
1012236,Ayeyarwady Region,ဧရာဝတီတိုင်းဒေသကြီး,Labutta Township,လပွတ္တာ မြို့နယ်,Hlwa Zar Village Tract,လွှဇာ ကျေးရွာအုပ်စု,village_tract,,,unmatched,exact_township_name,Source township resolved but CoreMap township id not matched in admin pass
1012237,Ayeyarwady Region,ဧရာဝတီတိုင်းဒေသကြီး,Labutta Township,လပွတ္တာ မြို့နယ်,Koke Ko Village Tract,ကုက္ကို ကျေးရွာအုပ်စု,village_tract,,,unmatched,exact_township_name,Source township resolved but CoreMap township id not matched in admin pass
1012238,Ayeyarwady Region,ဧရာဝတီတိုင်းဒေသကြီး,Labutta Township,လပွတ္တာ မြို့နယ်,Baing Daunt Chaung Village Tract,ဘိုင်းဒေါင့်ချောင်း ကျေးရွာအုပ်စု,village_tract,,,unmatched,exact_township_name,Source township resolved but CoreMap township id not matched in admin pass
1012239,Ayeyarwady Region,ဧရာဝတီတိုင်းဒေသကြီး,Labutta Township,လပွတ္တာ မြို့နယ်,Sar Chet Village Tract,ဆားချက် ကျေးရွာအုပ်စု,village_tract,,,unmatched,exact_township_name,Source township resolved but CoreMap township id not matched in admin pass
1012240,Ayeyarwady Region,ဧရာဝတီတိုင်းဒေသကြီး,Labutta Township,လပွတ္တာ မြို့နယ်,Yae Twin Seik Village Tract,ရေတွင်းဆိပ် ကျေးရွာအုပ်စု,village_tract,,,unmatched,exact_township_name,Source township resolved but CoreMap township id not matched in admin pass
1012241,Ayeyarwady Region,ဧရာဝတီတိုင်းဒေသကြီး,Labutta Township,လပွတ္တာ မြို့နယ်,Da Ni Seik Village Tract,ဓနိဆိပ် ကျေးရွာအုပ်စု,village_tract,,,unmatched,exact_township_name,Source township resolved but CoreMap township id not matched in admin pass
1012242,Ayeyarwady Region,ဧရာဝတီတိုင်းဒေသကြီး,Labutta Township,လပွတ္တာ မြို့နယ်,Poe Laung Village Tract,ပိုးလောင်း ကျေးရွာအုပ်စု,village_tract,,,unmatched,exact_township_name,Source township resolved but CoreMap township id not matched in admin pass
1012243,Ayeyarwady Region,ဧရာဝတီတိုင်းဒေသကြီး,Labutta Township,လပွတ္တာ မြို့နယ်,Kyar Kan Village Tract,ကြာကန် ကျေးရွာအုပ်စု,village_tract,,,unmatched,exact_township_name,Source township resolved but CoreMap township id not matched in admin pass
1012244,Ayeyarwady Region,ဧရာဝတီတိုင်းဒေသကြီး,Labutta Township,လပွတ္တာ မြို့နယ်,Tu Myaung Village Tract,တူးမြောင်း ကျေးရွာအုပ်စု,village_tract,,,unmatched,exact_township_name,Source township resolved but CoreMap township id not matched in admin pass
1012245,Ayeyarwady Region,ဧရာဝတီတိုင်းဒေသကြီး,Labutta Township,လပွတ္တာ မြို့နယ်,Yae Saing Village Tract,ရေဆိုင် ကျေးရွာအုပ်စု,village_tract,,,unmatched,exact_township_name,Source township resolved but CoreMap township id not matched in admin pass
1012246,Ayeyarwady Region,ဧရာဝတီတိုင်းဒေသကြီး,Labutta Township,လပွတ္တာ မြို့နယ်,Kyauk Hpyu Pein Hne Taung Village Tract,ကျောက်ဖြူ/ပိန္နဲတောင် ကျေးရွာအုပ်စု,village_tract,,,unmatched,exact_township_name,Source township resolved but CoreMap township id not matched in admin pass
1012247,Ayeyarwady Region,ဧရာဝတီတိုင်းဒေသကြီး,Labutta Township,လပွတ္တာ မြို့နယ်,Ka Tha Paung Village Tract,ကသပေါင်း ကျေးရွာအုပ်စု,village_tract,,,unmatched,exact_township_name,Source township resolved but CoreMap township id not matched in admin pass
1012248,Ayeyarwady Region,ဧရာဝတီတိုင်းဒေသကြီး,Labutta Township,လပွတ္တာ မြို့နယ်,Kyauk Tan Gyi Village Tract,ကျောက်တန်းကြီး ကျေးရွာအုပ်စု,village_tract,,,unmatched,exact_township_name,Source township resolved but CoreMap township id not matched in admin pass
1012249,Ayeyarwady Region,ဧရာဝတီတိုင်းဒေသကြီး,Labutta Township,လပွတ္တာ မြို့နယ်,Kyauk Tan Ka Lay Village Tract,ကျောက်တန်းကလေး ကျေးရွာအုပ်စု,village_tract,,,unmatched,exact_township_name,Source township resolved but CoreMap township id not matched in admin pass
1012250,Ayeyarwady Region,ဧရာဝတီတိုင်းဒေသကြီး,Labutta Township,လပွတ္တာ မြို့နယ်,Nyan Kwin Village Tract,ညံကွင်း ကျေးရွာအုပ်စု,village_tract,,,unmatched,exact_township_name,Source township resolved but CoreMap township id not matched in admin pass
1012251,Ayeyarwady Region,ဧရာဝတီတိုင်းဒေသကြီး,Labutta Township,လပွတ္တာ မြို့နယ်,Pan Tone Kwin Village Tract,ပန်းတုံးကွင်း ကျေးရွာအုပ်စု,village_tract,,,unmatched,exact_township_name,Source township resolved but CoreMap township id not matched in admin pass
1012252,Ayeyarwady Region,ဧရာဝတီတိုင်းဒေသကြီး,Labutta Township,လပွတ္တာ မြို့နယ်,Bar Thar Kone Village Tract,ဘာသာကုန်း ကျေးရွာအုပ်စု,village_tract,,,unmatched,exact_township_name,Source township resolved but CoreMap township id not matched in admin pass
1012253,Ayeyarwady Region,ဧရာဝတီတိုင်းဒေသကြီး,Labutta Township,လပွတ္တာ မြို့နယ်,Min Bu Su Village Tract,မင်းဘူးစု ကျေးရွာအုပ်စု,village_tract,,,unmatched,exact_township_name,Source township resolved but CoreMap township id not matched in admin pass
1012254,Ayeyarwady Region,ဧရာဝတီတိုင်းဒေသကြီး,Labutta Township,လပွတ္တာ မြို့နယ်,Maung De Village Tract,မောင်ဒီ ကျေးရွာအုပ်စု,village_tract,,,unmatched,exact_township_name,Source township resolved but CoreMap township id not matched in admin pass
1012255,Ayeyarwady Region,ဧရာဝတီတိုင်းဒေသကြီး,Labutta Township,လပွတ္တာ မြို့နယ်,Mway Hauk Village Tract,မြွေဟောက် ကျေးရွာအုပ်စု,village_tract,,,unmatched,exact_township_name,Source township resolved but CoreMap township id not matched in admin pass
1012256,Ayeyarwady Region,ဧရာဝတီတိုင်းဒေသကြီး,Labutta Township,လပွတ္တာ မြို့နယ်,La Put Pyay Le Pyauk Village Tract,လပွတ်ပြေးလဲပြောက် ကျေးရွာအုပ်စု,village_tract,,,unmatched,exact_township_name,Source township resolved but CoreMap township id not matched in admin pass
1012257,Ayeyarwady Region,ဧရာဝတီတိုင်းဒေသကြီး,Labutta Township,လပွတ္တာ မြို့နယ်,Hlaing Bone Village Tract,လှိုင်းဘုန်း ကျေးရွာအုပ်စု,village_tract,,,unmatched,exact_township_name,Source township resolved but CoreMap township id not matched in admin pass
1012258,Ayeyarwady Region,ဧရာဝတီတိုင်းဒေသကြီး,Labutta Township,လပွတ္တာ မြို့နယ်,Tha Yet Kone Le Pyauk Village Tract,သရက်ကုန်းလဲပြောက် ကျေးရွာအုပ်စု,village_tract,,,unmatched,exact_township_name,Source township resolved but CoreMap township id not matched in admin pass
1012259,Ayeyarwady Region,ဧရာဝတီတိုင်းဒေသကြီး,Labutta Township,လပွတ္တာ မြို့နယ်,Thar Li Kar Kone Village Tract,သာလိကာကုန်း ကျေးရွာအုပ်စု,village_tract,,,unmatched,exact_township_name,Source township resolved but CoreMap township id not matched in admin pass
1012260,Ayeyarwady Region,ဧရာဝတီတိုင်းဒေသကြီး,Labutta Township,လပွတ္တာ မြို့နယ်,Bone Gyi Kone Village Tract,ဘုန်းကြီးကုန်း ကျေးရွာအုပ်စု,village_tract,,,unmatched,exact_township_name,Source township resolved but CoreMap township id not matched in admin pass
1012261,Ayeyarwady Region,ဧရာဝတီတိုင်းဒေသကြီး,Labutta Township,လပွတ္တာ မြို့နယ်,Ka Nyin Kaing Village Tract,ကညင်ကိုင်း ကျေးရွာအုပ်စု,village_tract,,,unmatched,exact_township_name,Source township resolved but CoreMap township id not matched in admin pass
1012262,Ayeyarwady Region,ဧရာဝတီတိုင်းဒေသကြီး,Labutta Township,လပွတ္တာ မြို့နယ်,Tha Pyay Chaung Village Tract,သပြေချောင်း ကျေးရွာအုပ်စု,village_tract,,,unmatched,exact_township_name,Source township resolved but CoreMap township id not matched in admin pass
1012263,Ayeyarwady Region,ဧရာဝတီတိုင်းဒေသကြီး,Labutta Township,လပွတ္တာ မြို့နယ်,Thit Poke Village Tract,သစ်ပုတ် ကျေးရွာအုပ်စု,village_tract,,,unmatched,exact_township_name,Source township resolved but CoreMap township id not matched in admin pass
1012264,Ayeyarwady Region,ဧရာဝတီတိုင်းဒေသကြီး,Labutta Township,လပွတ္တာ မြို့နယ်,Kaing Thaung Village Tract,ကိုင်းသောင် ကျေးရွာအုပ်စု,village_tract,,,unmatched,exact_township_name,Source township resolved but CoreMap township id not matched in admin pass
1013001,Ayeyarwady Region,ဧရာဝတီတိုင်းဒေသကြီး,Ngapudaw Township,ငပုတော မြို့နယ်,Myauk Paing Quarter,မြောက်ပိုင်း ရပ်ကွက်,ward,,,unmatched,exact_township_name,Source township resolved but CoreMap township id not matched in admin pass
1013002,Ayeyarwady Region,ဧရာဝတီတိုင်းဒေသကြီး,Ngapudaw Township,ငပုတော မြို့နယ်,Taung Paing Quarter,တောင်ပိုင်း ရပ်ကွက်,ward,,,unmatched,exact_township_name,Source township resolved but CoreMap township id not matched in admin pass
1013003,Ayeyarwady Region,ဧရာဝတီတိုင်းဒေသကြီး,Ngapudaw Township,ငပုတော မြို့နယ်,Ah Shey Paing Quarter,အရှေ့ပိုင်း ရပ်ကွက်,ward,,,unmatched,exact_township_name,Source township resolved but CoreMap township id not matched in admin pass
1013004,Ayeyarwady Region,ဧရာဝတီတိုင်းဒေသကြီး,Ngapudaw Township,ငပုတော မြို့နယ်,Ah Nauk Paing Quarter,အနောက်ပိုင်း ရပ်ကွက်,ward,,,unmatched,exact_township_name,Source township resolved but CoreMap township id not matched in admin pass
1013200,Ayeyarwady Region,ဧရာဝတီတိုင်းဒေသကြီး,Ngapudaw Township,ငပုတော မြို့နယ်,Ohn Pin Su Village Tract,အုံးပင်စု ကျေးရွာအုပ်စု,village_tract,,,unmatched,exact_township_name,Source township resolved but CoreMap township id not matched in admin pass
1013201,Ayeyarwady Region,ဧရာဝတီတိုင်းဒေသကြီး,Ngapudaw Township,ငပုတော မြို့နယ်,Kan Kwin Village Tract,ကံကွင်း ကျေးရွာအုပ်စု,village_tract,,,unmatched,exact_township_name,Source township resolved but CoreMap township id not matched in admin pass
1013202,Ayeyarwady Region,ဧရာဝတီတိုင်းဒေသကြီး,Ngapudaw Township,ငပုတော မြို့နယ်,Thet Kei Chaung Village Tract,သက္ကယ်ချောင်း ကျေးရွာအုပ်စု,village_tract,,,unmatched,exact_township_name,Source township resolved but CoreMap township id not matched in admin pass
1013203,Ayeyarwady Region,ဧရာဝတီတိုင်းဒေသကြီး,Ngapudaw Township,ငပုတော မြို့နယ်,Wet Su Village Tract,ဝက်ဆူ ကျေးရွာအုပ်စု,village_tract,,,unmatched,exact_township_name,Source township resolved but CoreMap township id not matched in admin pass
1013204,Ayeyarwady Region,ဧရာဝတီတိုင်းဒေသကြီး,Ngapudaw Township,ငပုတော မြို့နယ်,Hpyan Yae Kyaw Village Tract,ဖျံရေကျော် ကျေးရွာအုပ်စု,village_tract,,,unmatched,exact_township_name,Source township resolved but CoreMap township id not matched in admin pass
1013205,Ayeyarwady Region,ဧရာဝတီတိုင်းဒေသကြီး,Ngapudaw Township,ငပုတော မြို့နယ်,Leik Chaung Village Tract,လိပ်ချောင်း ကျေးရွာအုပ်စု,village_tract,,,unmatched,exact_township_name,Source township resolved but CoreMap township id not matched in admin pass
1013206,Ayeyarwady Region,ဧရာဝတီတိုင်းဒေသကြီး,Ngapudaw Township,ငပုတော မြို့နယ်,Ok Pon Yae Kyaw Village Tract,အုပ်ပုံရေကျော် ကျေးရွာအုပ်စု,village_tract,,,unmatched,exact_township_name,Source township resolved but CoreMap township id not matched in admin pass
1013207,Ayeyarwady Region,ဧရာဝတီတိုင်းဒေသကြီး,Ngapudaw Township,ငပုတော မြို့နယ်,Ah Wa Beik Village Tract,အဝဘိတ် ကျေးရွာအုပ်စု,village_tract,,,unmatched,exact_township_name,Source township resolved but CoreMap township id not matched in admin pass
1013208,Ayeyarwady Region,ဧရာဝတီတိုင်းဒေသကြီး,Ngapudaw Township,ငပုတော မြို့နယ်,Hin Oe Chaung Village Tract,ဟင်းအိုးချောင်း ကျေးရွာအုပ်စု,village_tract,,,unmatched,exact_township_name,Source township resolved but CoreMap township id not matched in admin pass
1013209,Ayeyarwady Region,ဧရာဝတီတိုင်းဒေသကြီး,Ngapudaw Township,ငပုတော မြို့နယ်,Ahr Kar Village Tract,အာကာ ကျေးရွာအုပ်စု,village_tract,,,unmatched,exact_township_name,Source township resolved but CoreMap township id not matched in admin pass
1013210,Ayeyarwady Region,ဧရာဝတီတိုင်းဒေသကြီး,Ngapudaw Township,ငပုတော မြို့နယ်,Sin Ku Gyi Village Tract,ဆင်ကူးကြီး ကျေးရွာအုပ်စု,village_tract,,,unmatched,exact_township_name,Source township resolved but CoreMap township id not matched in admin pass
1013211,Ayeyarwady Region,ဧရာဝတီတိုင်းဒေသကြီး,Ngapudaw Township,ငပုတော မြို့နယ်,Gon Nyin Tan Village Tract,ဂုံညင်းတန်း ကျေးရွာအုပ်စု,village_tract,,,unmatched,exact_township_name,Source township resolved but CoreMap township id not matched in admin pass
1013212,Ayeyarwady Region,ဧရာဝတီတိုင်းဒေသကြီး,Ngapudaw Township,ငပုတော မြို့နယ်,Ah Yoe Dar Village Tract,အရိုးဒါး ကျေးရွာအုပ်စု,village_tract,,,unmatched,exact_township_name,Source township resolved but CoreMap township id not matched in admin pass
1013213,Ayeyarwady Region,ဧရာဝတီတိုင်းဒေသကြီး,Ngapudaw Township,ငပုတော မြို့နယ်,Nga Yant Chaung Taung Chaung Village Tract,ငရန့်ချောင်းတောင်ချောင်း ကျေးရွာအုပ်စု,village_tract,,,unmatched,exact_township_name,Source township resolved but CoreMap township id not matched in admin pass
1013214,Ayeyarwady Region,ဧရာဝတီတိုင်းဒေသကြီး,Ngapudaw Township,ငပုတော မြို့နယ်,Kyauk Tan Village Tract,ကျောက်တန်း ကျေးရွာအုပ်စု,village_tract,,,unmatched,exact_township_name,Source township resolved but CoreMap township id not matched in admin pass
1013215,Ayeyarwady Region,ဧရာဝတီတိုင်းဒေသကြီး,Ngapudaw Township,ငပုတော မြို့နယ်,Na Gone Village Tract,နဂုံး ကျေးရွာအုပ်စု,village_tract,,,unmatched,exact_township_name,Source township resolved but CoreMap township id not matched in admin pass
1013216,Ayeyarwady Region,ဧရာဝတီတိုင်းဒေသကြီး,Ngapudaw Township,ငပုတော မြို့နယ်,Koe Htaung Village Tract,ကိုးထောင် ကျေးရွာအုပ်စု,village_tract,,,unmatched,exact_township_name,Source township resolved but CoreMap township id not matched in admin pass
1013217,Ayeyarwady Region,ဧရာဝတီတိုင်းဒေသကြီး,Ngapudaw Township,ငပုတော မြို့နယ်,Ka Nyin Ngu Village Tract,ကညင်ငူ ကျေးရွာအုပ်စု,village_tract,,,unmatched,exact_township_name,Source township resolved but CoreMap township id not matched in admin pass
1013218,Ayeyarwady Region,ဧရာဝတီတိုင်းဒေသကြီး,Ngapudaw Township,ငပုတော မြို့နယ်,Ah Htet Pyun Village Tract,အထက်ပြွန် ကျေးရွာအုပ်စု,village_tract,,,unmatched,exact_township_name,Source township resolved but CoreMap township id not matched in admin pass
1013219,Ayeyarwady Region,ဧရာဝတီတိုင်းဒေသကြီး,Ngapudaw Township,ငပုတော မြို့နယ်,Kyar Kan Village Tract,ကြာကန် ကျေးရွာအုပ်စု,village_tract,,,unmatched,exact_township_name,Source township resolved but CoreMap township id not matched in admin pass
1013220,Ayeyarwady Region,ဧရာဝတီတိုင်းဒေသကြီး,Ngapudaw Township,ငပုတော မြို့နယ်,Kyauk Ta Gar Village Tract,ကျောက်တံခါး ကျေးရွာအုပ်စု,village_tract,,,unmatched,exact_township_name,Source township resolved but CoreMap township id not matched in admin pass
1013221,Ayeyarwady Region,ဧရာဝတီတိုင်းဒေသကြီး,Ngapudaw Township,ငပုတော မြို့နယ်,Kone Tan Village Tract,ကုန်းတန်း ကျေးရွာအုပ်စု,village_tract,,,unmatched,exact_township_name,Source township resolved but CoreMap township id not matched in admin pass
1013222,Ayeyarwady Region,ဧရာဝတီတိုင်းဒေသကြီး,Ngapudaw Township,ငပုတော မြို့နယ်,Daunt Gyi Village Tract,ဒေါင့်ကြီး ကျေးရွာအုပ်စု,village_tract,,,unmatched,exact_township_name,Source township resolved but CoreMap township id not matched in admin pass
1013223,Ayeyarwady Region,ဧရာဝတီတိုင်းဒေသကြီး,Ngapudaw Township,ငပုတော မြို့နယ်,Kha Yin War Chaung Village Tract,ခရင်ဝါးချောင်း ကျေးရွာအုပ်စု,village_tract,,,unmatched,exact_township_name,Source township resolved but CoreMap township id not matched in admin pass
1013224,Ayeyarwady Region,ဧရာဝတီတိုင်းဒေသကြီး,Ngapudaw Township,ငပုတော မြို့နယ်,Yae Kyaw Gyi Village Tract,ရေကျော်ကြီး ကျေးရွာအုပ်စု,village_tract,,,unmatched,exact_township_name,Source township resolved but CoreMap township id not matched in admin pass
1013225,Ayeyarwady Region,ဧရာဝတီတိုင်းဒေသကြီး,Ngapudaw Township,ငပုတော မြို့နယ်,Than Mar Day Wa Village Tract,သမ္မာဒေဝ ကျေးရွာအုပ်စု,village_tract,,,unmatched,exact_township_name,Source township resolved but CoreMap township id not matched in admin pass
1013226,Ayeyarwady Region,ဧရာဝတီတိုင်းဒေသကြီး,Ngapudaw Township,ငပုတော မြို့နယ်,San Chaung Sin Oe Bo Village Tract,စမ်းချောင်းစဉ်းအိုးဘို ကျေးရွာအုပ်စု,village_tract,,,unmatched,exact_township_name,Source township resolved but CoreMap township id not matched in admin pass
1013227,Ayeyarwady Region,ဧရာဝတီတိုင်းဒေသကြီး,Ngapudaw Township,ငပုတော မြို့နယ်,Thone Gwa Village Tract,သုံးခွ ကျေးရွာအုပ်စု,village_tract,,,unmatched,exact_township_name,Source township resolved but CoreMap township id not matched in admin pass
1013228,Ayeyarwady Region,ဧရာဝတီတိုင်းဒေသကြီး,Ngapudaw Township,ငပုတော မြို့နယ်,Kyauk Pon Village Tract,ကျောက်ပုံ ကျေးရွာအုပ်စု,village_tract,,,unmatched,exact_township_name,Source township resolved but CoreMap township id not matched in admin pass
1013229,Ayeyarwady Region,ဧရာဝတီတိုင်းဒေသကြီး,Ngapudaw Township,ငပုတော မြို့နယ်,Oke Shit Kwin Village Tract,အုတ်ရှစ်ကွင်း ကျေးရွာအုပ်စု,village_tract,,,unmatched,exact_township_name,Source township resolved but CoreMap township id not matched in admin pass
1013230,Ayeyarwady Region,ဧရာဝတီတိုင်းဒေသကြီး,Ngapudaw Township,ငပုတော မြို့နယ်,Poe Laung Village Tract,ပိုးလောင်း ကျေးရွာအုပ်စု,village_tract,,,unmatched,exact_township_name,Source township resolved but CoreMap township id not matched in admin pass
1013231,Ayeyarwady Region,ဧရာဝတီတိုင်းဒေသကြီး,Ngapudaw Township,ငပုတော မြို့နယ်,Taung Ka Lay Village Tract,တောင်ကလေး ကျေးရွာအုပ်စု,village_tract,,,unmatched,exact_township_name,Source township resolved but CoreMap township id not matched in admin pass
1013232,Ayeyarwady Region,ဧရာဝတီတိုင်းဒေသကြီး,Ngapudaw Township,ငပုတော မြို့နယ်,Kone Ka Lay Village Tract,ကုန်းကလေး ကျေးရွာအုပ်စု,village_tract,,,unmatched,exact_township_name,Source township resolved but CoreMap township id not matched in admin pass
1013233,Ayeyarwady Region,ဧရာဝတီတိုင်းဒေသကြီး,Ngapudaw Township,ငပုတော မြို့နယ်,Oke Thin Baw Village Tract,အုပ်သင်္ဘော ကျေးရွာအုပ်စု,village_tract,,,unmatched,exact_township_name,Source township resolved but CoreMap township id not matched in admin pass
1013234,Ayeyarwady Region,ဧရာဝတီတိုင်းဒေသကြီး,Ngapudaw Township,ငပုတော မြို့နယ်,Gway Chaung Village Tract,ဂွေးချောင်း ကျေးရွာအုပ်စု,village_tract,,,unmatched,exact_township_name,Source township resolved but CoreMap township id not matched in admin pass
1013235,Ayeyarwady Region,ဧရာဝတီတိုင်းဒေသကြီး,Ngapudaw Township,ငပုတော မြို့နယ်,Tha Zin Kyun Village Tract,သဇင်ကျွန်း ကျေးရွာအုပ်စု,village_tract,,,unmatched,exact_township_name,Source township resolved but CoreMap township id not matched in admin pass
1013236,Ayeyarwady Region,ဧရာဝတီတိုင်းဒေသကြီး,Ngapudaw Township,ငပုတော မြို့နယ်,Ta Man Chaung Village Tract,တမံချောင်း ကျေးရွာအုပ်စု,village_tract,,,unmatched,exact_township_name,Source township resolved but CoreMap township id not matched in admin pass
1013237,Ayeyarwady Region,ဧရာဝတီတိုင်းဒေသကြီး,Ngapudaw Township,ငပုတော မြို့နယ်,Kan Ni Village Tract,ကမ်းနီ ကျေးရွာအုပ်စု,village_tract,,,unmatched,exact_township_name,Source township resolved but CoreMap township id not matched in admin pass
1013238,Ayeyarwady Region,ဧရာဝတီတိုင်းဒေသကြီး,Ngapudaw Township,ငပုတော မြို့နယ်,Ku Lar Chaung Village Tract,ကုလားချောင်း ကျေးရွာအုပ်စု,village_tract,,,unmatched,exact_township_name,Source township resolved but CoreMap township id not matched in admin pass
1013239,Ayeyarwady Region,ဧရာဝတီတိုင်းဒေသကြီး,Ngapudaw Township,ငပုတော မြို့နယ်,Thin Gan Kone Village Tract,သင်္ကန်းကုန်း ကျေးရွာအုပ်စု,village_tract,,,unmatched,exact_township_name,Source township resolved but CoreMap township id not matched in admin pass
1013240,Ayeyarwady Region,ဧရာဝတီတိုင်းဒေသကြီး,Ngapudaw Township,ငပုတော မြို့နယ်,Hnget Pauk Village Tract,ငှက်ပေါက် ကျေးရွာအုပ်စု,village_tract,,,unmatched,exact_township_name,Source township resolved but CoreMap township id not matched in admin pass
1013241,Ayeyarwady Region,ဧရာဝတီတိုင်းဒေသကြီး,Ngapudaw Township,ငပုတော မြို့နယ်,Kwin Chaung Village Tract,ကွင်းချောင်း ကျေးရွာအုပ်စု,village_tract,,,unmatched,exact_township_name,Source township resolved but CoreMap township id not matched in admin pass
1013242,Ayeyarwady Region,ဧရာဝတီတိုင်းဒေသကြီး,Ngapudaw Township,ငပုတော မြို့နယ်,Kant Ba Lar (Htein Tan) Village Tract,ကန့်ဘလာ (ထိန်တန်း) ကျေးရွာအုပ်စု,village_tract,,,unmatched,exact_township_name,Source township resolved but CoreMap township id not matched in admin pass
1013243,Ayeyarwady Region,ဧရာဝတီတိုင်းဒေသကြီး,Ngapudaw Township,ငပုတော မြို့နယ်,Kan Chaung Village Tract,ကန်ချောင်း ကျေးရွာအုပ်စု,village_tract,,,unmatched,exact_township_name,Source township resolved but CoreMap township id not matched in admin pass
1013244,Ayeyarwady Region,ဧရာဝတီတိုင်းဒေသကြီး,Ngapudaw Township,ငပုတော မြို့နယ်,Shwe Taung Village Tract,ရွှေတောင် ကျေးရွာအုပ်စု,village_tract,,,unmatched,exact_township_name,Source township resolved but CoreMap township id not matched in admin pass
1013245,Ayeyarwady Region,ဧရာဝတီတိုင်းဒေသကြီး,Ngapudaw Township,ငပုတော မြို့နယ်,Kant Ba Lar Kyun Nyo Village Tract,ကန့်ဘာလာကျွန်းညို ကျေးရွာအုပ်စု,village_tract,,,unmatched,exact_township_name,Source township resolved but CoreMap township id not matched in admin pass
1013246,Ayeyarwady Region,ဧရာဝတီတိုင်းဒေသကြီး,Ngapudaw Township,ငပုတော မြို့နယ်,Zee Hpyu Seik Village Tract,ဇီးဖြူဆိပ် ကျေးရွာအုပ်စု,village_tract,,,unmatched,exact_township_name,Source township resolved but CoreMap township id not matched in admin pass
1013247,Ayeyarwady Region,ဧရာဝတီတိုင်းဒေသကြီး,Ngapudaw Township,ငပုတော မြို့နယ်,Thit Poke Teik Village Tract,သစ်ပုတ္တိပ် ကျေးရွာအုပ်စု,village_tract,,,unmatched,exact_township_name,Source township resolved but CoreMap township id not matched in admin pass
1013248,Ayeyarwady Region,ဧရာဝတီတိုင်းဒေသကြီး,Ngapudaw Township,ငပုတော မြို့နယ်,Taw Gyi Village Tract,တောကြီး ကျေးရွာအုပ်စု,village_tract,,,unmatched,exact_township_name,Source township resolved but CoreMap township id not matched in admin pass
1013249,Ayeyarwady Region,ဧရာဝတီတိုင်းဒေသကြီး,Ngapudaw Township,ငပုတော မြို့နယ်,Kyar Kwin Village Tract,ကြာကွင်း ကျေးရွာအုပ်စု,village_tract,,,unmatched,exact_township_name,Source township resolved but CoreMap township id not matched in admin pass
1013250,Ayeyarwady Region,ဧရာဝတီတိုင်းဒေသကြီး,Ngapudaw Township,ငပုတော မြို့နယ်,Thea Kone Gyi Village Tract,သဲကုန်းကြီး ကျေးရွာအုပ်စု,village_tract,,,unmatched,exact_township_name,Source township resolved but CoreMap township id not matched in admin pass
1013251,Ayeyarwady Region,ဧရာဝတီတိုင်းဒေသကြီး,Ngapudaw Township,ငပုတော မြို့နယ်,Nga Pyay Ma Village Tract,ငပြေမ ကျေးရွာအုပ်စု,village_tract,,,unmatched,exact_township_name,Source township resolved but CoreMap township id not matched in admin pass
1013252,Ayeyarwady Region,ဧရာဝတီတိုင်းဒေသကြီး,Ngapudaw Township,ငပုတော မြို့နယ်,Me Kha Ye Village Tract,မဲခရဲ ကျေးရွာအုပ်စု,village_tract,,,unmatched,exact_township_name,Source township resolved but CoreMap township id not matched in admin pass
1013253,Ayeyarwady Region,ဧရာဝတီတိုင်းဒေသကြီး,Ngapudaw Township,ငပုတော မြို့နယ်,Myo Thit Village Tract,မြို့သစ် ကျေးရွာအုပ်စု,village_tract,,,unmatched,exact_township_name,Source township resolved but CoreMap township id not matched in admin pass
1013254,Ayeyarwady Region,ဧရာဝတီတိုင်းဒေသကြီး,Ngapudaw Township,ငပုတော မြို့နယ်,Dee Du Kone Village Tract,ဒီးဒူးကုန်း ကျေးရွာအုပ်စု,village_tract,,,unmatched,exact_township_name,Source township resolved but CoreMap township id not matched in admin pass
1013255,Ayeyarwady Region,ဧရာဝတီတိုင်းဒေသကြီး,Ngapudaw Township,ငပုတော မြို့နယ်,Kyon Ku Village Tract,ကျုံကူး ကျေးရွာအုပ်စု,village_tract,,,unmatched,exact_township_name,Source township resolved but CoreMap township id not matched in admin pass
1013256,Ayeyarwady Region,ဧရာဝတီတိုင်းဒေသကြီး,Ngapudaw Township,ငပုတော မြို့နယ်,Hpa Yar Hla Village Tract,ဘုရားလှ ကျေးရွာအုပ်စု,village_tract,,,unmatched,exact_township_name,Source township resolved but CoreMap township id not matched in admin pass
1013257,Ayeyarwady Region,ဧရာဝတီတိုင်းဒေသကြီး,Ngapudaw Township,ငပုတော မြို့နယ်,Nyaung Waing Village Tract,ညောင်ဝိုင်း ကျေးရွာအုပ်စု,village_tract,,,unmatched,exact_township_name,Source township resolved but CoreMap township id not matched in admin pass
1013258,Ayeyarwady Region,ဧရာဝတီတိုင်းဒေသကြီး,Ngapudaw Township,ငပုတော မြို့နယ်,Ye Khaung Gyi Village Tract,ရဲခေါင်ကြီး ကျေးရွာအုပ်စု,village_tract,,,unmatched,exact_township_name,Source township resolved but CoreMap township id not matched in admin pass
1013259,Ayeyarwady Region,ဧရာဝတီတိုင်းဒေသကြီး,Ngapudaw Township,ငပုတော မြို့နယ်,Yae Kyaw Auk Village Tract,ရေကျော်အောက် ကျေးရွာအုပ်စု,village_tract,,,unmatched,exact_township_name,Source township resolved but CoreMap township id not matched in admin pass
1013260,Ayeyarwady Region,ဧရာဝတီတိုင်းဒေသကြီး,Ngapudaw Township,ငပုတော မြို့နယ်,War Kone Village Tract,ဝါးကုန်း ကျေးရွာအုပ်စု,village_tract,,,unmatched,exact_township_name,Source township resolved but CoreMap township id not matched in admin pass
1013261,Ayeyarwady Region,ဧရာဝတီတိုင်းဒေသကြီး,Ngapudaw Township,ငပုတော မြို့နယ်,Pyin Kha Yaing Village Tract,ပြင်ခရိုင် ကျေးရွာအုပ်စု,village_tract,,,unmatched,exact_township_name,Source township resolved but CoreMap township id not matched in admin pass
1013262,Ayeyarwady Region,ဧရာဝတီတိုင်းဒေသကြီး,Ngapudaw Township,ငပုတော မြို့နယ်,Thet Kei Thaung Village Tract,သက္ကာယ်သောင် ကျေးရွာအုပ်စု,village_tract,,,unmatched,exact_township_name,Source township resolved but CoreMap township id not matched in admin pass
1013263,Ayeyarwady Region,ဧရာဝတီတိုင်းဒေသကြီး,Ngapudaw Township,ငပုတော မြို့နယ်,Kan Chaing Village Tract,ကံချိုင် ကျေးရွာအုပ်စု,village_tract,,,unmatched,exact_township_name,Source township resolved but CoreMap township id not matched in admin pass
1013264,Ayeyarwady Region,ဧရာဝတီတိုင်းဒေသကြီး,Ngapudaw Township,ငပုတော မြို့နယ်,Oke Twin Village Tract,အုတ်တွင်း ကျေးရွာအုပ်စု,village_tract,,,unmatched,exact_township_name,Source township resolved but CoreMap township id not matched in admin pass
1013265,Ayeyarwady Region,ဧရာဝတီတိုင်းဒေသကြီး,Ngapudaw Township,ငပုတော မြို့နယ်,Zee Chaing Village Tract,ဇီးချိုင် ကျေးရွာအုပ်စု,village_tract,,,unmatched,exact_township_name,Source township resolved but CoreMap township id not matched in admin pass
1013266,Ayeyarwady Region,ဧရာဝတီတိုင်းဒေသကြီး,Ngapudaw Township,ငပုတော မြို့နယ်,Kyauk Chaung Village Tract,ကျောက်ချောင်း ကျေးရွာအုပ်စု,village_tract,,,unmatched,exact_township_name,Source township resolved but CoreMap township id not matched in admin pass
1013267,Ayeyarwady Region,ဧရာဝတီတိုင်းဒေသကြီး,Ngapudaw Township,ငပုတော မြို့နယ်,Ka Nyin Chaung Village Tract,ကညင်ချောင်း ကျေးရွာအုပ်စု,village_tract,,,unmatched,exact_township_name,Source township resolved but CoreMap township id not matched in admin pass
1013268,Ayeyarwady Region,ဧရာဝတီတိုင်းဒေသကြီး,Ngapudaw Township,ငပုတော မြို့နယ်,Ma Yan Kwin Village Tract,မရမ်းကွင်း ကျေးရွာအုပ်စု,village_tract,,,unmatched,exact_township_name,Source township resolved but CoreMap township id not matched in admin pass
1013269,Ayeyarwady Region,ဧရာဝတီတိုင်းဒေသကြီး,Ngapudaw Township,ငပုတော မြို့နယ်,San Gyi Village Tract,စမ်းကြီး ကျေးရွာအုပ်စု,village_tract,,,unmatched,exact_township_name,Source township resolved but CoreMap township id not matched in admin pass
1013270,Ayeyarwady Region,ဧရာဝတီတိုင်းဒေသကြီး,Ngapudaw Township,ငပုတော မြို့နယ်,Hpaung Doe Village Tract,ဖေါင်ဒိုး ကျေးရွာအုပ်စု,village_tract,,,unmatched,exact_township_name,Source township resolved but CoreMap township id not matched in admin pass
1013271,Ayeyarwady Region,ဧရာဝတီတိုင်းဒေသကြီး,Ngapudaw Township,ငပုတော မြို့နယ်,Chaung Wa Village Tract,ချောင်းဝ ကျေးရွာအုပ်စု,village_tract,,,unmatched,exact_township_name,Source township resolved but CoreMap township id not matched in admin pass
1013272,Ayeyarwady Region,ဧရာဝတီတိုင်းဒေသကြီး,Ngapudaw Township,ငပုတော မြို့နယ်,Tin Chaung Village Tract,တင်းချောင်း ကျေးရွာအုပ်စု,village_tract,,,unmatched,exact_township_name,Source township resolved but CoreMap township id not matched in admin pass
1013273,Ayeyarwady Region,ဧရာဝတီတိုင်းဒေသကြီး,Ngapudaw Township,ငပုတော မြို့နယ်,Nan Thar Pu Village Tract,နံသာပု ကျေးရွာအုပ်စု,village_tract,,,unmatched,exact_township_name,Source township resolved but CoreMap township id not matched in admin pass
1013274,Ayeyarwady Region,ဧရာဝတီတိုင်းဒေသကြီး,Ngapudaw Township,ငပုတော မြို့နယ်,Nat Hmaw Village Tract,နတ်မှော် ကျေးရွာအုပ်စု,village_tract,,,unmatched,exact_township_name,Source township resolved but CoreMap township id not matched in admin pass
1013275,Ayeyarwady Region,ဧရာဝတီတိုင်းဒေသကြီး,Ngapudaw Township,ငပုတော မြို့နယ်,Thit Yaung Village Tract,သစ်ရောင်း ကျေးရွာအုပ်စု,village_tract,,,unmatched,exact_township_name,Source township resolved but CoreMap township id not matched in admin pass
1013276,Ayeyarwady Region,ဧရာဝတီတိုင်းဒေသကြီး,Ngapudaw Township,ငပုတော မြို့နယ်,Yae Kyaw Village Tract,ရေကျော် ကျေးရွာအုပ်စု,village_tract,,,unmatched,exact_township_name,Source township resolved but CoreMap township id not matched in admin pass
1013277,Ayeyarwady Region,ဧရာဝတီတိုင်းဒေသကြီး,Ngapudaw Township,ငပုတော မြို့နယ်,Pan Hmaw Village Tract,ပန်းမှော် ကျေးရွာအုပ်စု,village_tract,,,unmatched,exact_township_name,Source township resolved but CoreMap township id not matched in admin pass
1013278,Ayeyarwady Region,ဧရာဝတီတိုင်းဒေသကြီး,Ngapudaw Township,ငပုတော မြို့နယ်,Sa Par Gyi Village Tract,စပါးကြီး ကျေးရွာအုပ်စု,village_tract,,,unmatched,exact_township_name,Source township resolved but CoreMap township id not matched in admin pass
1013279,Ayeyarwady Region,ဧရာဝတီတိုင်းဒေသကြီး,Ngapudaw Township,ငပုတော မြို့နယ်,Kwin Bet Village Tract,ကွင်းဘက် ကျေးရွာအုပ်စု,village_tract,,,unmatched,exact_township_name,Source township resolved but CoreMap township id not matched in admin pass
1013280,Ayeyarwady Region,ဧရာဝတီတိုင်းဒေသကြီး,Ngapudaw Township,ငပုတော မြို့နယ်,Kyway Chaing Village Tract,ကြွေချိုင် ကျေးရွာအုပ်စု,village_tract,,,unmatched,exact_township_name,Source township resolved but CoreMap township id not matched in admin pass
1013281,Ayeyarwady Region,ဧရာဝတီတိုင်းဒေသကြီး,Ngapudaw Township,ငပုတော မြို့နယ်,Thea Hpyu Village Tract,သဲဖြူ ကျေးရွာအုပ်စု,village_tract,,,unmatched,exact_township_name,Source township resolved but CoreMap township id not matched in admin pass
1013282,Ayeyarwady Region,ဧရာဝတီတိုင်းဒေသကြီး,Ngapudaw Township,ငပုတော မြို့နယ်,Moe Tein Pyin Village Tract,မိုးတိမ်ပြင် ကျေးရွာအုပ်စု,village_tract,,,unmatched,exact_township_name,Source township resolved but CoreMap township id not matched in admin pass
1014001,Ayeyarwady Region,ဧရာဝတီတိုင်းဒေသကြီး,Zalun Township,ဇလွန် မြို့နယ်,Kan Nar Quarter,ကမ်းနား ရပ်ကွက်,ward,,,unmatched,exact_township_name,Source township resolved but CoreMap township id not matched in admin pass
1014002,Ayeyarwady Region,ဧရာဝတီတိုင်းဒေသကြီး,Zalun Township,ဇလွန် မြို့နယ်,Lan Ma Taw (North) Quarter,လမ္မတော်မြောက် ရပ်ကွက်,ward,,,unmatched,exact_township_name,Source township resolved but CoreMap township id not matched in admin pass
1014003,Ayeyarwady Region,ဧရာဝတီတိုင်းဒေသကြီး,Zalun Township,ဇလွန် မြို့နယ်,Lan Ma Taw (South) Quarter,လမ္မတော်တောင် ရပ်ကွက်,ward,,,unmatched,exact_township_name,Source township resolved but CoreMap township id not matched in admin pass
1014004,Ayeyarwady Region,ဧရာဝတီတိုင်းဒေသကြီး,Zalun Township,ဇလွန် မြို့နယ်,San Tan Quarter,ဆန်တန်း ရပ်ကွက်,ward,,,unmatched,exact_township_name,Source township resolved but CoreMap township id not matched in admin pass
1014005,Ayeyarwady Region,ဧရာဝတီတိုင်းဒေသကြီး,Zalun Township,ဇလွန် မြို့နယ်,Nyaung Pin Zay Quarter,ညောင်ပင်ဈေး ရပ်ကွက်,ward,,,unmatched,exact_township_name,Source township resolved but CoreMap township id not matched in admin pass
1014200,Ayeyarwady Region,ဧရာဝတီတိုင်းဒေသကြီး,Zalun Township,ဇလွန် မြို့နယ်,La Maing Village Tract,လမိုင်း ကျေးရွာအုပ်စု,village_tract,,,unmatched,exact_township_name,Source township resolved but CoreMap township id not matched in admin pass
1014201,Ayeyarwady Region,ဧရာဝတီတိုင်းဒေသကြီး,Zalun Township,ဇလွန် မြို့နယ်,Tha Hpan Kone Village Tract,သဖန်းကုန်း ကျေးရွာအုပ်စု,village_tract,,,unmatched,exact_township_name,Source township resolved but CoreMap township id not matched in admin pass
1014202,Ayeyarwady Region,ဧရာဝတီတိုင်းဒေသကြီး,Zalun Township,ဇလွန် မြို့နယ်,Ma Yoe Kha Village Tract,မရိုးခ ကျေးရွာအုပ်စု,village_tract,,,unmatched,exact_township_name,Source township resolved but CoreMap township id not matched in admin pass
1014203,Ayeyarwady Region,ဧရာဝတီတိုင်းဒေသကြီး,Zalun Township,ဇလွန် မြို့နယ်,Nyaung Pin Thar Village Tract,ညောင်ပင်သာ ကျေးရွာအုပ်စု,village_tract,,,unmatched,exact_township_name,Source township resolved but CoreMap township id not matched in admin pass
1014204,Ayeyarwady Region,ဧရာဝတီတိုင်းဒေသကြီး,Zalun Township,ဇလွန် မြို့နယ်,Pa Kwe Village Tract,ပကွဲ ကျေးရွာအုပ်စု,village_tract,,,unmatched,exact_township_name,Source township resolved but CoreMap township id not matched in admin pass
1014205,Ayeyarwady Region,ဧရာဝတီတိုင်းဒေသကြီး,Zalun Township,ဇလွန် မြို့နယ်,Pa Kwe Yae Le Village Tract,ပကွဲရေလဲ ကျေးရွာအုပ်စု,village_tract,,,unmatched,exact_township_name,Source township resolved but CoreMap township id not matched in admin pass
1014206,Ayeyarwady Region,ဧရာဝတီတိုင်းဒေသကြီး,Zalun Township,ဇလွန် မြို့နယ်,Yae Le Village Tract,ရေလဲ ကျေးရွာအုပ်စု,village_tract,,,unmatched,exact_township_name,Source township resolved but CoreMap township id not matched in admin pass
1014207,Ayeyarwady Region,ဧရာဝတီတိုင်းဒေသကြီး,Zalun Township,ဇလွန် မြို့နယ်,Kywa Man Village Tract,ကြွမန်း ကျေးရွာအုပ်စု,village_tract,,,unmatched,exact_township_name,Source township resolved but CoreMap township id not matched in admin pass
1014208,Ayeyarwady Region,ဧရာဝတီတိုင်းဒေသကြီး,Zalun Township,ဇလွန် မြို့နယ်,Myit Wa Village Tract,မြစ်ဝ ကျေးရွာအုပ်စု,village_tract,,,unmatched,exact_township_name,Source township resolved but CoreMap township id not matched in admin pass
1014209,Ayeyarwady Region,ဧရာဝတီတိုင်းဒေသကြီး,Zalun Township,ဇလွန် မြို့နယ်,Nan Taw Kyun Village Tract,နန်းတော်ကျွန်း ကျေးရွာအုပ်စု,village_tract,,,unmatched,exact_township_name,Source township resolved but CoreMap township id not matched in admin pass
1014210,Ayeyarwady Region,ဧရာဝတီတိုင်းဒေသကြီး,Zalun Township,ဇလွန် မြို့နယ်,Yae Twin Kone Village Tract,ရေတွင်းကုန်း ကျေးရွာအုပ်စု,village_tract,,,unmatched,exact_township_name,Source township resolved but CoreMap township id not matched in admin pass
1014211,Ayeyarwady Region,ဧရာဝတီတိုင်းဒေသကြီး,Zalun Township,ဇလွန် မြို့နယ်,Lay Tu (East) Village Tract,လေးတူး (အရှေ့) ကျေးရွာအုပ်စု,village_tract,,,unmatched,exact_township_name,Source township resolved but CoreMap township id not matched in admin pass
1014212,Ayeyarwady Region,ဧရာဝတီတိုင်းဒေသကြီး,Zalun Township,ဇလွန် မြို့နယ်,Htone Ta Po Village Tract,ထုံးတပို ကျေးရွာအုပ်စု,village_tract,,,unmatched,exact_township_name,Source township resolved but CoreMap township id not matched in admin pass
1014213,Ayeyarwady Region,ဧရာဝတီတိုင်းဒေသကြီး,Zalun Township,ဇလွန် မြို့နယ်,Oke Shit Kwin Village Tract,အုပ်ရှစ်ကွင်း ကျေးရွာအုပ်စု,village_tract,,,unmatched,exact_township_name,Source township resolved but CoreMap township id not matched in admin pass
1014214,Ayeyarwady Region,ဧရာဝတီတိုင်းဒေသကြီး,Zalun Township,ဇလွန် မြို့နယ်,Tha Yet Ta Pin (North) Village Tract,သရက်တပင် (မြောက်) ကျေးရွာအုပ်စု,village_tract,,,unmatched,exact_township_name,Source township resolved but CoreMap township id not matched in admin pass
1014215,Ayeyarwady Region,ဧရာဝတီတိုင်းဒေသကြီး,Zalun Township,ဇလွန် မြို့နယ်,Tha Yet Ta Pin (South) Village Tract,သရက်တပင် (တောင်) ကျေးရွာအုပ်စု,village_tract,,,unmatched,exact_township_name,Source township resolved but CoreMap township id not matched in admin pass
1014216,Ayeyarwady Region,ဧရာဝတီတိုင်းဒေသကြီး,Zalun Township,ဇလွန် မြို့နယ်,Lein Kone Village Tract,လိန်ကုန်း ကျေးရွာအုပ်စု,village_tract,,,unmatched,exact_township_name,Source township resolved but CoreMap township id not matched in admin pass
1014217,Ayeyarwady Region,ဧရာဝတီတိုင်းဒေသကြီး,Zalun Township,ဇလွန် မြို့နယ်,Ah Shoke Kwin Village Tract,အရှုပ်ကွင်း ကျေးရွာအုပ်စု,village_tract,,,unmatched,exact_township_name,Source township resolved but CoreMap township id not matched in admin pass
1014218,Ayeyarwady Region,ဧရာဝတီတိုင်းဒေသကြီး,Zalun Township,ဇလွန် မြို့နယ်,Yin Ma Lut Village Tract,ယင်းမလွတ် ကျေးရွာအုပ်စု,village_tract,,,unmatched,exact_township_name,Source township resolved but CoreMap township id not matched in admin pass
1014219,Ayeyarwady Region,ဧရာဝတီတိုင်းဒေသကြီး,Zalun Township,ဇလွန် မြို့နယ်,Byin Nyar Village Tract,ဗျင်းညား ကျေးရွာအုပ်စု,village_tract,,,unmatched,exact_township_name,Source township resolved but CoreMap township id not matched in admin pass
1014220,Ayeyarwady Region,ဧရာဝတီတိုင်းဒေသကြီး,Zalun Township,ဇလွန် မြို့နယ်,GyanTaik Village Tract,ဂျမ်းတိုက် ကျေးရွာအုပ်စု,village_tract,,,unmatched,exact_township_name,Source township resolved but CoreMap township id not matched in admin pass
1014221,Ayeyarwady Region,ဧရာဝတီတိုင်းဒေသကြီး,Zalun Township,ဇလွန် မြို့နယ်,Kawt Sein Village Tract,ကော့စိန် ကျေးရွာအုပ်စု,village_tract,,,unmatched,exact_township_name,Source township resolved but CoreMap township id not matched in admin pass
1014222,Ayeyarwady Region,ဧရာဝတီတိုင်းဒေသကြီး,Zalun Township,ဇလွန် မြို့နယ်,Kawt Kat Gyi Village Tract,ကော့ကပ်ကြီး ကျေးရွာအုပ်စု,village_tract,,,unmatched,exact_township_name,Source township resolved but CoreMap township id not matched in admin pass
1014223,Ayeyarwady Region,ဧရာဝတီတိုင်းဒေသကြီး,Zalun Township,ဇလွန် မြို့နယ်,Kawt Kat Kha Lay Village Tract,ကော့ကပ်ခလေး ကျေးရွာအုပ်စု,village_tract,,,unmatched,exact_township_name,Source township resolved but CoreMap township id not matched in admin pass
1014224,Ayeyarwady Region,ဧရာဝတီတိုင်းဒေသကြီး,Zalun Township,ဇလွန် မြို့နယ်,Kyon Kawt Village Tract,ကျုံကော့ ကျေးရွာအုပ်စု,village_tract,,,unmatched,exact_township_name,Source township resolved but CoreMap township id not matched in admin pass
1014225,Ayeyarwady Region,ဧရာဝတီတိုင်းဒေသကြီး,Zalun Township,ဇလွန် မြို့နယ်,Pet Tan Village Tract,ပက်တန်း ကျေးရွာအုပ်စု,village_tract,,,unmatched,exact_township_name,Source township resolved but CoreMap township id not matched in admin pass
1014226,Ayeyarwady Region,ဧရာဝတီတိုင်းဒေသကြီး,Zalun Township,ဇလွန် မြို့နယ်,Ma Har Thar Village Tract,မဟာသာ ကျေးရွာအုပ်စု,village_tract,,,unmatched,exact_township_name,Source township resolved but CoreMap township id not matched in admin pass
1014227,Ayeyarwady Region,ဧရာဝတီတိုင်းဒေသကြီး,Zalun Township,ဇလွန် မြို့နယ်,Pyin Ywar Village Tract,ပြင်ရွာ ကျေးရွာအုပ်စု,village_tract,,,unmatched,exact_township_name,Source township resolved but CoreMap township id not matched in admin pass
1014228,Ayeyarwady Region,ဧရာဝတီတိုင်းဒေသကြီး,Zalun Township,ဇလွန် မြို့နယ်,Ta Khun Taing Village Tract,တံခွန်တိုင် ကျေးရွာအုပ်စု,village_tract,,,unmatched,exact_township_name,Source township resolved but CoreMap township id not matched in admin pass
1014229,Ayeyarwady Region,ဧရာဝတီတိုင်းဒေသကြီး,Zalun Township,ဇလွန် မြို့နယ်,Sin Myay Sar Village Tract,ဆင်မြေစား ကျေးရွာအုပ်စု,village_tract,,,unmatched,exact_township_name,Source township resolved but CoreMap township id not matched in admin pass
1014230,Ayeyarwady Region,ဧရာဝတီတိုင်းဒေသကြီး,Zalun Township,ဇလွန် မြို့နယ်,War Pa Taw Village Tract,ဝါးပတော ကျေးရွာအုပ်စု,village_tract,,,unmatched,exact_township_name,Source township resolved but CoreMap township id not matched in admin pass
1014231,Ayeyarwady Region,ဧရာဝတီတိုင်းဒေသကြီး,Zalun Township,ဇလွန် မြို့နယ်,Min Da Yei Village Tract,မင်းဒရယ် ကျေးရွာအုပ်စု,village_tract,,,unmatched,exact_township_name,Source township resolved but CoreMap township id not matched in admin pass
1014232,Ayeyarwady Region,ဧရာဝတီတိုင်းဒေသကြီး,Zalun Township,ဇလွန် မြို့နယ်,Thar Du Chaung Village Tract,သာဒုချောင်း ကျေးရွာအုပ်စု,village_tract,,,unmatched,exact_township_name,Source township resolved but CoreMap township id not matched in admin pass
1014233,Ayeyarwady Region,ဧရာဝတီတိုင်းဒေသကြီး,Zalun Township,ဇလွန် မြို့နယ်,Ku Toet Seik Village Tract,ကူးတို့ဆိပ် ကျေးရွာအုပ်စု,village_tract,,,unmatched,exact_township_name,Source township resolved but CoreMap township id not matched in admin pass
1014234,Ayeyarwady Region,ဧရာဝတီတိုင်းဒေသကြီး,Zalun Township,ဇလွန် မြို့နယ်,Nyein Aye Village Tract,ငြိမ်းအေး ကျေးရွာအုပ်စု,village_tract,,,unmatched,exact_township_name,Source township resolved but CoreMap township id not matched in admin pass
1014235,Ayeyarwady Region,ဧရာဝတီတိုင်းဒေသကြီး,Zalun Township,ဇလွန် မြို့နယ်,Son Kone Village Tract,ဆုံကုန်း ကျေးရွာအုပ်စု,village_tract,,,unmatched,exact_township_name,Source township resolved but CoreMap township id not matched in admin pass
1014236,Ayeyarwady Region,ဧရာဝတီတိုင်းဒေသကြီး,Zalun Township,ဇလွန် မြို့နယ်,Ah Htut Village Tract,အထွတ် ကျေးရွာအုပ်စု,village_tract,,,unmatched,exact_township_name,Source township resolved but CoreMap township id not matched in admin pass
1014237,Ayeyarwady Region,ဧရာဝတီတိုင်းဒေသကြီး,Zalun Township,ဇလွန် မြို့နယ်,Hpar Let Kho Village Tract,ဖားလက်ခို ကျေးရွာအုပ်စု,village_tract,,,unmatched,exact_township_name,Source township resolved but CoreMap township id not matched in admin pass
1014238,Ayeyarwady Region,ဧရာဝတီတိုင်းဒေသကြီး,Zalun Township,ဇလွန် မြို့နယ်,Kyon Sha Village Tract,ကျုံရှ ကျေးရွာအုပ်စု,village_tract,,,unmatched,exact_township_name,Source township resolved but CoreMap township id not matched in admin pass
1014239,Ayeyarwady Region,ဧရာဝတီတိုင်းဒေသကြီး,Zalun Township,ဇလွန် မြို့နယ်,Zaw Gyi Kwin Village Tract,ဇော်ဂျီကွင်း ကျေးရွာအုပ်စု,village_tract,,,unmatched,exact_township_name,Source township resolved but CoreMap township id not matched in admin pass
1014240,Ayeyarwady Region,ဧရာဝတီတိုင်းဒေသကြီး,Zalun Township,ဇလွန် မြို့နယ်,Hpet Thaung Village Tract,ဖက်သောင် ကျေးရွာအုပ်စု,village_tract,,,unmatched,exact_township_name,Source township resolved but CoreMap township id not matched in admin pass
1014241,Ayeyarwady Region,ဧရာဝတီတိုင်းဒေသကြီး,Zalun Township,ဇလွန် မြို့နယ်,Da Nu Bay Village Tract,ဓနုဘေး ကျေးရွာအုပ်စု,village_tract,,,unmatched,exact_township_name,Source township resolved but CoreMap township id not matched in admin pass
1014242,Ayeyarwady Region,ဧရာဝတီတိုင်းဒေသကြီး,Zalun Township,ဇလွန် မြို့နယ်,Ah Byin Village Tract,အဗျင်း ကျေးရွာအုပ်စု,village_tract,,,unmatched,exact_township_name,Source township resolved but CoreMap township id not matched in admin pass
1014243,Ayeyarwady Region,ဧရာဝတီတိုင်းဒေသကြီး,Zalun Township,ဇလွန် မြို့နယ်,May Yi Lan Village Tract,မေရီလမ်း ကျေးရွာအုပ်စု,village_tract,,,unmatched,exact_township_name,Source township resolved but CoreMap township id not matched in admin pass
1014244,Ayeyarwady Region,ဧရာဝတီတိုင်းဒေသကြီး,Zalun Township,ဇလွန် မြို့နယ်,Kyar Inn Village Tract,ကြာအင်း ကျေးရွာအုပ်စု,village_tract,,,unmatched,exact_township_name,Source township resolved but CoreMap township id not matched in admin pass
1014245,Ayeyarwady Region,ဧရာဝတီတိုင်းဒေသကြီး,Zalun Township,ဇလွန် မြို့နယ်,Auk Ywar Village Tract,အောက်ရွာ ကျေးရွာအုပ်စု,village_tract,,,unmatched,exact_township_name,Source township resolved but CoreMap township id not matched in admin pass
1014246,Ayeyarwady Region,ဧရာဝတီတိုင်းဒေသကြီး,Zalun Township,ဇလွန် မြို့နယ်,Thet Kei Kyun Village Tract,သက္ကယ်ကျွန်း ကျေးရွာအုပ်စု,village_tract,,,unmatched,exact_township_name,Source township resolved but CoreMap township id not matched in admin pass
1014247,Ayeyarwady Region,ဧရာဝတီတိုင်းဒေသကြီး,Zalun Township,ဇလွန် မြို့နယ်,Kyon Ei Village Tract,ကျုံအီ ကျေးရွာအုပ်စု,village_tract,,,unmatched,exact_township_name,Source township resolved but CoreMap township id not matched in admin pass
1014248,Ayeyarwady Region,ဧရာဝတီတိုင်းဒေသကြီး,Zalun Township,ဇလွန် မြို့နယ်,Kyon Mat Village Tract,ကျုံမတ် ကျေးရွာအုပ်စု,village_tract,,,unmatched,exact_township_name,Source township resolved but CoreMap township id not matched in admin pass
1014249,Ayeyarwady Region,ဧရာဝတီတိုင်းဒေသကြီး,Zalun Township,ဇလွန် မြို့နယ်,Kyon Kyaik Village Tract,ကျုံကြိုက် ကျေးရွာအုပ်စု,village_tract,,,unmatched,exact_township_name,Source township resolved but CoreMap township id not matched in admin pass
1014250,Ayeyarwady Region,ဧရာဝတီတိုင်းဒေသကြီး,Zalun Township,ဇလွန် မြို့နယ်,Inn Ta Yaw Village Tract,အင်းတရော် ကျေးရွာအုပ်စု,village_tract,,,unmatched,exact_township_name,Source township resolved but CoreMap township id not matched in admin pass
1014251,Ayeyarwady Region,ဧရာဝတီတိုင်းဒေသကြီး,Zalun Township,ဇလွန် မြို့နယ်,Pyin Ma Kone (West) Village Tract,ပျဉ်းမကုန်း (အနောက်) ကျေးရွာအုပ်စု,village_tract,,,unmatched,exact_township_name,Source township resolved but CoreMap township id not matched in admin pass
1014252,Ayeyarwady Region,ဧရာဝတီတိုင်းဒေသကြီး,Zalun Township,ဇလွန် မြို့နယ်,Hne Mauk Tan Village Tract,နှဲမောက်တန်း ကျေးရွာအုပ်စု,village_tract,,,unmatched,exact_township_name,Source township resolved but CoreMap township id not matched in admin pass
1014253,Ayeyarwady Region,ဧရာဝတီတိုင်းဒေသကြီး,Zalun Township,ဇလွန် မြို့နယ်,Pyin Ma Kone (East) Village Tract,ပျဉ်းမကုန်း (အရှေ့) ကျေးရွာအုပ်စု,village_tract,,,unmatched,exact_township_name,Source township resolved but CoreMap township id not matched in admin pass
1014254,Ayeyarwady Region,ဧရာဝတီတိုင်းဒေသကြီး,Zalun Township,ဇလွန် မြို့နယ်,Sun Pi Village Tract,စွန်ပိ ကျေးရွာအုပ်စု,village_tract,,,unmatched,exact_township_name,Source township resolved but CoreMap township id not matched in admin pass
1014255,Ayeyarwady Region,ဧရာဝတီတိုင်းဒေသကြီး,Zalun Township,ဇလွန် မြို့နယ်,Ka Tawt Ka Yat Village Tract,ကတော့ကရက် ကျေးရွာအုပ်စု,village_tract,,,unmatched,exact_township_name,Source township resolved but CoreMap township id not matched in admin pass
1014256,Ayeyarwady Region,ဧရာဝတီတိုင်းဒေသကြီး,Zalun Township,ဇလွန် မြို့နယ်,Lay Tu (West) Village Tract,လေးတူး (အနောက်) ကျေးရွာအုပ်စု,village_tract,,,unmatched,exact_township_name,Source township resolved but CoreMap township id not matched in admin pass
1014257,Ayeyarwady Region,ဧရာဝတီတိုင်းဒေသကြီး,Zalun Township,ဇလွန် မြို့နယ်,Yin Taik Kone Village Tract,ရင်းတိုက်ကုန်း ကျေးရွာအုပ်စု,village_tract,,,unmatched,exact_township_name,Source township resolved but CoreMap township id not matched in admin pass
1014258,Ayeyarwady Region,ဧရာဝတီတိုင်းဒေသကြီး,Zalun Township,ဇလွန် မြို့နယ်,Thea Kone Village Tract,သဲကုန်း ကျေးရွာအုပ်စု,village_tract,,,unmatched,exact_township_name,Source township resolved but CoreMap township id not matched in admin pass
1014259,Ayeyarwady Region,ဧရာဝတီတိုင်းဒေသကြီး,Zalun Township,ဇလွန် မြို့နယ်,Kyon Ta Naw (South) Village Tract,ကျုံတနော် (တောင်) ကျေးရွာအုပ်စု,village_tract,,,unmatched,exact_township_name,Source township resolved but CoreMap township id not matched in admin pass
1014260,Ayeyarwady Region,ဧရာဝတီတိုင်းဒေသကြီး,Zalun Township,ဇလွန် မြို့နယ်,Kyon Kha Mun Village Tract,ကျုံခမွန် ကျေးရွာအုပ်စု,village_tract,,,unmatched,exact_township_name,Source township resolved but CoreMap township id not matched in admin pass
1014261,Ayeyarwady Region,ဧရာဝတီတိုင်းဒေသကြီး,Zalun Township,ဇလွန် မြို့နယ်,Kyon Ta Naw (North) Village Tract,ကျုံတနော် (မြောက်) ကျေးရွာအုပ်စု,village_tract,,,unmatched,exact_township_name,Source township resolved but CoreMap township id not matched in admin pass
1014262,Ayeyarwady Region,ဧရာဝတီတိုင်းဒေသကြီး,Zalun Township,ဇလွန် မြို့နယ်,Oe Bo Village Tract,အိုးဘို ကျေးရွာအုပ်စု,village_tract,,,unmatched,exact_township_name,Source township resolved but CoreMap township id not matched in admin pass
1014263,Ayeyarwady Region,ဧရာဝတီတိုင်းဒေသကြီး,Zalun Township,ဇလွန် မြို့နယ်,Daunt Gyi Village Tract,ဒေါင့်ကြီး ကျေးရွာအုပ်စု,village_tract,,,unmatched,exact_township_name,Source township resolved but CoreMap township id not matched in admin pass
1014264,Ayeyarwady Region,ဧရာဝတီတိုင်းဒေသကြီး,Zalun Township,ဇလွန် မြို့နယ်,Tha Yet Chaung Village Tract,သရက်ချောင်း ကျေးရွာအုပ်စု,village_tract,,,unmatched,exact_township_name,Source township resolved but CoreMap township id not matched in admin pass
1014265,Ayeyarwady Region,ဧရာဝတီတိုင်းဒေသကြီး,Zalun Township,ဇလွန် မြို့နယ်,Taung Boet Ta Yar Village Tract,တောင်ဘို့တရာ ကျေးရွာအုပ်စု,village_tract,,,unmatched,exact_township_name,Source township resolved but CoreMap township id not matched in admin pass
1015001,Ayeyarwady Region,ဧရာဝတီတိုင်းဒေသကြီး,Danubyu Township,ဓနုဖြူ မြို့နယ်,No (1) Quarter,အမှတ် (၁) ရပ်ကွက်,ward,,,unmatched,exact_township_name,Source township resolved but CoreMap township id not matched in admin pass
1015002,Ayeyarwady Region,ဧရာဝတီတိုင်းဒေသကြီး,Danubyu Township,ဓနုဖြူ မြို့နယ်,No (2) Quarter,အမှတ် (၂) ရပ်ကွက်,ward,,,unmatched,exact_township_name,Source township resolved but CoreMap township id not matched in admin pass
1015003,Ayeyarwady Region,ဧရာဝတီတိုင်းဒေသကြီး,Danubyu Township,ဓနုဖြူ မြို့နယ်,No (3) Quarter,အမှတ် (၃) ရပ်ကွက်,ward,,,unmatched,exact_township_name,Source township resolved but CoreMap township id not matched in admin pass
1015004,Ayeyarwady Region,ဧရာဝတီတိုင်းဒေသကြီး,Danubyu Township,ဓနုဖြူ မြို့နယ်,No (4) Quarter,အမှတ် (၄) ရပ်ကွက်,ward,,,unmatched,exact_township_name,Source township resolved but CoreMap township id not matched in admin pass
1015005,Ayeyarwady Region,ဧရာဝတီတိုင်းဒေသကြီး,Danubyu Township,ဓနုဖြူ မြို့နယ်,No (5) Quarter,အမှတ် (၅) ရပ်ကွက်,ward,,,unmatched,exact_township_name,Source township resolved but CoreMap township id not matched in admin pass
1015006,Ayeyarwady Region,ဧရာဝတီတိုင်းဒေသကြီး,Danubyu Township,ဓနုဖြူ မြို့နယ်,No (6) Quarter,အမှတ် (၆) ရပ်ကွက်,ward,,,unmatched,exact_township_name,Source township resolved but CoreMap township id not matched in admin pass
1015007,Ayeyarwady Region,ဧရာဝတီတိုင်းဒေသကြီး,Danubyu Township,ဓနုဖြူ မြို့နယ်,No (7) Quarter,အမှတ် (၇) ရပ်ကွက်,ward,,,unmatched,exact_township_name,Source township resolved but CoreMap township id not matched in admin pass
1015008,Ayeyarwady Region,ဧရာဝတီတိုင်းဒေသကြီး,Danubyu Township,ဓနုဖြူ မြို့နယ်,No (8) Quarter,အမှတ် (၈) ရပ်ကွက်,ward,,,unmatched,exact_township_name,Source township resolved but CoreMap township id not matched in admin pass
1015009,Ayeyarwady Region,ဧရာဝတီတိုင်းဒေသကြီး,Danubyu Township,ဓနုဖြူ မြို့နယ်,No (9) Quarter,အမှတ် (၉) ရပ်ကွက်,ward,,,unmatched,exact_township_name,Source township resolved but CoreMap township id not matched in admin pass
1015010,Ayeyarwady Region,ဧရာဝတီတိုင်းဒေသကြီး,Danubyu Township,ဓနုဖြူ မြို့နယ်,No (10) Quarter,အမှတ် (၁၀) ရပ်ကွက်,ward,,,unmatched,exact_township_name,Source township resolved but CoreMap township id not matched in admin pass
1015011,Ayeyarwady Region,ဧရာဝတီတိုင်းဒေသကြီး,Danubyu Township,ဓနုဖြူ မြို့နယ်,No (11) Quarter,အမှတ် (၁၁) ရပ်ကွက်,ward,,,unmatched,exact_township_name,Source township resolved but CoreMap township id not matched in admin pass
1015012,Ayeyarwady Region,ဧရာဝတီတိုင်းဒေသကြီး,Danubyu Township,ဓနုဖြူ မြို့နယ်,No (12) Quarter,အမှတ် (၁၂) ရပ်ကွက်,ward,,,unmatched,exact_township_name,Source township resolved but CoreMap township id not matched in admin pass
1015013,Ayeyarwady Region,ဧရာဝတီတိုင်းဒေသကြီး,Danubyu Township,ဓနုဖြူ မြို့နယ်,No (13) Quarter,အမှတ် (၁၃) ရပ်ကွက်,ward,,,unmatched,exact_township_name,Source township resolved but CoreMap township id not matched in admin pass
1015014,Ayeyarwady Region,ဧရာဝတီတိုင်းဒေသကြီး,Danubyu Township,ဓနုဖြူ မြို့နယ်,No (14) Quarter,အမှတ် (၁၄) ရပ်ကွက်,ward,,,unmatched,exact_township_name,Source township resolved but CoreMap township id not matched in admin pass
1015015,Ayeyarwady Region,ဧရာဝတီတိုင်းဒေသကြီး,Danubyu Township,ဓနုဖြူ မြို့နယ်,No (15) Quarter,အမှတ် (၁၅) ရပ်ကွက်,ward,,,unmatched,exact_township_name,Source township resolved but CoreMap township id not matched in admin pass
1015016,Ayeyarwady Region,ဧရာဝတီတိုင်းဒေသကြီး,Danubyu Township,ဓနုဖြူ မြို့နယ်,No (16) Quarter,အမှတ် (၁၆) ရပ်ကွက်,ward,,,unmatched,exact_township_name,Source township resolved but CoreMap township id not matched in admin pass
1015017,Ayeyarwady Region,ဧရာဝတီတိုင်းဒေသကြီး,Danubyu Township,ဓနုဖြူ မြို့နယ်,No (17) Quarter,အမှတ် (၁၇) ရပ်ကွက်,ward,,,unmatched,exact_township_name,Source township resolved but CoreMap township id not matched in admin pass
1015018,Ayeyarwady Region,ဧရာဝတီတိုင်းဒေသကြီး,Danubyu Township,ဓနုဖြူ မြို့နယ်,No (18) Quarter,အမှတ် (၁၈) ရပ်ကွက်,ward,,,unmatched,exact_township_name,Source township resolved but CoreMap township id not matched in admin pass
1015200,Ayeyarwady Region,ဧရာဝတီတိုင်းဒေသကြီး,Danubyu Township,ဓနုဖြူ မြို့နယ်,Ah Kyaw Village Tract,အကျော် ကျေးရွာအုပ်စု,village_tract,,,unmatched,exact_township_name,Source township resolved but CoreMap township id not matched in admin pass
1015201,Ayeyarwady Region,ဧရာဝတီတိုင်းဒေသကြီး,Danubyu Township,ဓနုဖြူ မြို့နယ်,Ah La Myo Village Tract,အလမျိုး ကျေးရွာအုပ်စု,village_tract,,,unmatched,exact_township_name,Source township resolved but CoreMap township id not matched in admin pass
1015202,Ayeyarwady Region,ဧရာဝတီတိုင်းဒေသကြီး,Danubyu Township,ဓနုဖြူ မြို့နယ်,Byin Bwe Village Tract,ဗျင်းဘွဲ ကျေးရွာအုပ်စု,village_tract,,,unmatched,exact_township_name,Source township resolved but CoreMap township id not matched in admin pass
1015203,Ayeyarwady Region,ဧရာဝတီတိုင်းဒေသကြီး,Danubyu Township,ဓနုဖြူ မြို့နယ်,Byin Nyar (Middle) Village Tract,ဗျင်းညား (အလယ်) ကျေးရွာအုပ်စု,village_tract,,,unmatched,exact_township_name,Source township resolved but CoreMap township id not matched in admin pass
1015204,Ayeyarwady Region,ဧရာဝတီတိုင်းဒေသကြီး,Danubyu Township,ဓနုဖြူ မြို့နယ်,Byin Nyar (West) Village Tract,ဗျင်းညား (အနောက်) ကျေးရွာအုပ်စု,village_tract,,,unmatched,exact_township_name,Source township resolved but CoreMap township id not matched in admin pass
1015205,Ayeyarwady Region,ဧရာဝတီတိုင်းဒေသကြီး,Danubyu Township,ဓနုဖြူ မြို့နယ်,Kyaung Su Village Tract,ကျောင်းစု ကျေးရွာအုပ်စု,village_tract,,,unmatched,exact_township_name,Source township resolved but CoreMap township id not matched in admin pass
1015206,Ayeyarwady Region,ဧရာဝတီတိုင်းဒေသကြီး,Danubyu Township,ဓနုဖြူ မြို့နယ်,Set Tu Chaung Ka Lay Village Tract,စက်တုချောင်းကလေး ကျေးရွာအုပ်စု,village_tract,,,unmatched,exact_township_name,Source township resolved but CoreMap township id not matched in admin pass
1015207,Ayeyarwady Region,ဧရာဝတီတိုင်းဒေသကြီး,Danubyu Township,ဓနုဖြူ မြို့နယ်,Chaung Zauk Village Tract,ချောင်းစောက် ကျေးရွာအုပ်စု,village_tract,,,unmatched,exact_township_name,Source township resolved but CoreMap township id not matched in admin pass
1015208,Ayeyarwady Region,ဧရာဝတီတိုင်းဒေသကြီး,Danubyu Township,ဓနုဖြူ မြို့နယ်,Hne Kyoe Village Tract,နှဲကြိုး ကျေးရွာအုပ်စု,village_tract,,,unmatched,exact_township_name,Source township resolved but CoreMap township id not matched in admin pass
1015209,Ayeyarwady Region,ဧရာဝတီတိုင်းဒေသကြီး,Danubyu Township,ဓနုဖြူ မြို့နယ်,Inn Yat Village Tract,အင်းရပ် ကျေးရွာအုပ်စု,village_tract,,,unmatched,exact_township_name,Source township resolved but CoreMap township id not matched in admin pass
1015210,Ayeyarwady Region,ဧရာဝတီတိုင်းဒေသကြီး,Danubyu Township,ဓနုဖြူ မြို့နယ်,Ka Zun Kwin Village Tract,ကဇွန်းကွင်း ကျေးရွာအုပ်စု,village_tract,,,unmatched,exact_township_name,Source township resolved but CoreMap township id not matched in admin pass
1015211,Ayeyarwady Region,ဧရာဝတီတိုင်းဒေသကြီး,Danubyu Township,ဓနုဖြူ မြို့နယ်,Ka Nu Ka Lay Village Tract,ကနူကလေး ကျေးရွာအုပ်စု,village_tract,,,unmatched,exact_township_name,Source township resolved but CoreMap township id not matched in admin pass
1015212,Ayeyarwady Region,ဧရာဝတီတိုင်းဒေသကြီး,Danubyu Township,ဓနုဖြူ မြို့နယ်,Ka Nu Gyi Village Tract,ကနုကြီး ကျေးရွာအုပ်စု,village_tract,,,unmatched,exact_township_name,Source township resolved but CoreMap township id not matched in admin pass
1015213,Ayeyarwady Region,ဧရာဝတီတိုင်းဒေသကြီး,Danubyu Township,ဓနုဖြူ မြို့နယ်,Kat Kho Village Tract,ကပ်ခို ကျေးရွာအုပ်စု,village_tract,,,unmatched,exact_township_name,Source township resolved but CoreMap township id not matched in admin pass
1015214,Ayeyarwady Region,ဧရာဝတီတိုင်းဒေသကြီး,Danubyu Township,ဓနုဖြူ မြို့နယ်,Nga Bat Aing Village Tract,ငါးဘတ်အိုင် ကျေးရွာအုပ်စု,village_tract,,,unmatched,exact_township_name,Source township resolved but CoreMap township id not matched in admin pass
1015215,Ayeyarwady Region,ဧရာဝတီတိုင်းဒေသကြီး,Danubyu Township,ဓနုဖြူ မြို့နယ်,Kone Tan (South) Village Tract,ကုန်းတန်း (တောင်) ကျေးရွာအုပ်စု,village_tract,,,unmatched,exact_township_name,Source township resolved but CoreMap township id not matched in admin pass
1015216,Ayeyarwady Region,ဧရာဝတီတိုင်းဒေသကြီး,Danubyu Township,ဓနုဖြူ မြို့နယ်,Kone Tan (North) Village Tract,ကုန်းတန်း (မြောက်) ကျေးရွာအုပ်စု,village_tract,,,unmatched,exact_township_name,Source township resolved but CoreMap township id not matched in admin pass
1015217,Ayeyarwady Region,ဧရာဝတီတိုင်းဒေသကြီး,Danubyu Township,ဓနုဖြူ မြို့နယ်,Kyauk Taing Village Tract,ကျောက်တိုင် ကျေးရွာအုပ်စု,village_tract,,,unmatched,exact_township_name,Source township resolved but CoreMap township id not matched in admin pass
1015218,Ayeyarwady Region,ဧရာဝတီတိုင်းဒေသကြီး,Danubyu Township,ဓနုဖြူ မြို့နယ်,Kyaung Kone Village Tract,ကျောင်းကုန်း ကျေးရွာအုပ်စု,village_tract,,,unmatched,exact_township_name,Source township resolved but CoreMap township id not matched in admin pass
1015219,Ayeyarwady Region,ဧရာဝတီတိုင်းဒေသကြီး,Danubyu Township,ဓနုဖြူ မြို့နယ်,Kyon Ta Naw (East) Village Tract,ကျုံတနော် (အရှေ့) ကျေးရွာအုပ်စု,village_tract,,,unmatched,exact_township_name,Source township resolved but CoreMap township id not matched in admin pass
1015220,Ayeyarwady Region,ဧရာဝတီတိုင်းဒေသကြီး,Danubyu Township,ဓနုဖြူ မြို့နယ်,Kyon Ta Naw (West) Village Tract,ကျုံတနော် (အနောက်) ကျေးရွာအုပ်စု,village_tract,,,unmatched,exact_township_name,Source township resolved but CoreMap township id not matched in admin pass
1015221,Ayeyarwady Region,ဧရာဝတီတိုင်းဒေသကြီး,Danubyu Township,ဓနုဖြူ မြို့နယ်,Kyon Ta Nee Village Tract,ကျုံတနီး ကျေးရွာအုပ်စု,village_tract,,,unmatched,exact_township_name,Source township resolved but CoreMap township id not matched in admin pass
1015222,Ayeyarwady Region,ဧရာဝတီတိုင်းဒေသကြီး,Danubyu Township,ဓနုဖြူ မြို့နယ်,La Man Village Tract,လမန်း ကျေးရွာအုပ်စု,village_tract,,,unmatched,exact_township_name,Source township resolved but CoreMap township id not matched in admin pass
1015223,Ayeyarwady Region,ဧရာဝတီတိုင်းဒေသကြီး,Danubyu Township,ဓနုဖြူ မြို့နယ်,Let Pan Zin Kone Village Tract,လက်ပန်ဇင်ကုန်း ကျေးရွာအုပ်စု,village_tract,,,unmatched,exact_township_name,Source township resolved but CoreMap township id not matched in admin pass
1015224,Ayeyarwady Region,ဧရာဝတီတိုင်းဒေသကြီး,Danubyu Township,ဓနုဖြူ မြို့နယ်,Let Swea Chaung Village Tract,လက်ဆွဲချောင်း ကျေးရွာအုပ်စု,village_tract,,,unmatched,exact_township_name,Source township resolved but CoreMap township id not matched in admin pass
1015225,Ayeyarwady Region,ဧရာဝတီတိုင်းဒေသကြီး,Danubyu Township,ဓနုဖြူ မြို့နယ်,Lin Lun Pin Village Tract,လင်းလွန်းပင် ကျေးရွာအုပ်စု,village_tract,,,unmatched,exact_township_name,Source township resolved but CoreMap township id not matched in admin pass
1015226,Ayeyarwady Region,ဧရာဝတီတိုင်းဒေသကြီး,Danubyu Township,ဓနုဖြူ မြို့နယ်,Nan Taw Kone Village Tract,နန်းတော်ကုန်း ကျေးရွာအုပ်စု,village_tract,,,unmatched,exact_township_name,Source township resolved but CoreMap township id not matched in admin pass
1015227,Ayeyarwady Region,ဧရာဝတီတိုင်းဒေသကြီး,Danubyu Township,ဓနုဖြူ မြို့နယ်,Nga Ni (South) Village Tract,ငနီ (တောင်) ကျေးရွာအုပ်စု,village_tract,,,unmatched,exact_township_name,Source township resolved but CoreMap township id not matched in admin pass
1015228,Ayeyarwady Region,ဧရာဝတီတိုင်းဒေသကြီး,Danubyu Township,ဓနုဖြူ မြို့နယ်,Nga Pyin Chaung Village Tract,ငပျင်းချောင်း ကျေးရွာအုပ်စု,village_tract,,,unmatched,exact_township_name,Source township resolved but CoreMap township id not matched in admin pass
1015229,Ayeyarwady Region,ဧရာဝတီတိုင်းဒေသကြီး,Danubyu Township,ဓနုဖြူ မြို့နယ်,Nyaung Chaung Village Tract,ညောင်ချောင်း ကျေးရွာအုပ်စု,village_tract,,,unmatched,exact_township_name,Source township resolved but CoreMap township id not matched in admin pass
1015230,Ayeyarwady Region,ဧရာဝတီတိုင်းဒေသကြီး,Danubyu Township,ဓနုဖြူ မြို့နယ်,Ohn Pin Kwin Village Tract,အုန်းပင်ကွင်း ကျေးရွာအုပ်စု,village_tract,,,unmatched,exact_township_name,Source township resolved but CoreMap township id not matched in admin pass
1015231,Ayeyarwady Region,ဧရာဝတီတိုင်းဒေသကြီး,Danubyu Township,ဓနုဖြူ မြို့နယ်,Hpan Khar Kwin Village Tract,ဖန်ခါးကွင်း ကျေးရွာအုပ်စု,village_tract,,,unmatched,exact_township_name,Source township resolved but CoreMap township id not matched in admin pass
1015232,Ayeyarwady Region,ဧရာဝတီတိုင်းဒေသကြီး,Danubyu Township,ဓနုဖြူ မြို့နယ်,Paing Sun Nan Village Tract,ပိုင်စွန်နန် ကျေးရွာအုပ်စု,village_tract,,,unmatched,exact_township_name,Source township resolved but CoreMap township id not matched in admin pass
1015233,Ayeyarwady Region,ဧရာဝတီတိုင်းဒေသကြီး,Danubyu Township,ဓနုဖြူ မြို့နယ်,Pet Tan (Htaik Ka Lay) Village Tract,ပက်တန်း (ထိုက္ကလေး) ကျေးရွာအုပ်စု,village_tract,,,unmatched,exact_township_name,Source township resolved but CoreMap township id not matched in admin pass
1015234,Ayeyarwady Region,ဧရာဝတီတိုင်းဒေသကြီး,Danubyu Township,ဓနုဖြူ မြို့နယ်,Pa Kun Village Tract,ပကွန် ကျေးရွာအုပ်စု,village_tract,,,unmatched,exact_township_name,Source township resolved but CoreMap township id not matched in admin pass
1015235,Ayeyarwady Region,ဧရာဝတီတိုင်းဒေသကြီး,Danubyu Township,ဓနုဖြူ မြို့နယ်,Hpone Soe (South) Village Tract,ဖုန်းဆိုး (တောင်) ကျေးရွာအုပ်စု,village_tract,,,unmatched,exact_township_name,Source township resolved but CoreMap township id not matched in admin pass
1015236,Ayeyarwady Region,ဧရာဝတီတိုင်းဒေသကြီး,Danubyu Township,ဓနုဖြူ မြို့နယ်,Pyin Ka Thar Village Tract,ပြင်ကသာ ကျေးရွာအုပ်စု,village_tract,,,unmatched,exact_township_name,Source township resolved but CoreMap township id not matched in admin pass
1015237,Ayeyarwady Region,ဧရာဝတီတိုင်းဒေသကြီး,Danubyu Township,ဓနုဖြူ မြို့နယ်,Sa Khan Gyi Village Tract,စခန်းကြီး ကျေးရွာအုပ်စု,village_tract,,,unmatched,exact_township_name,Source township resolved but CoreMap township id not matched in admin pass
1015238,Ayeyarwady Region,ဧရာဝတီတိုင်းဒေသကြီး,Danubyu Township,ဓနုဖြူ မြို့နယ်,Shan Su Village Tract,ရှမ်းစု ကျေးရွာအုပ်စု,village_tract,,,unmatched,exact_township_name,Source township resolved but CoreMap township id not matched in admin pass
1015239,Ayeyarwady Region,ဧရာဝတီတိုင်းဒေသကြီး,Danubyu Township,ဓနုဖြူ မြို့နယ်,Sa Kar Gyi Village Tract,ဆကာကြီး ကျေးရွာအုပ်စု,village_tract,,,unmatched,exact_township_name,Source township resolved but CoreMap township id not matched in admin pass
1015240,Ayeyarwady Region,ဧရာဝတီတိုင်းဒေသကြီး,Danubyu Township,ဓနုဖြူ မြို့နယ်,Sit Kwin (South) Village Tract,စစ်ကွင်း (တောင်) ကျေးရွာအုပ်စု,village_tract,,,unmatched,exact_township_name,Source township resolved but CoreMap township id not matched in admin pass
1015241,Ayeyarwady Region,ဧရာဝတီတိုင်းဒေသကြီး,Danubyu Township,ဓနုဖြူ မြို့နယ်,Sin Lan Gyi Village Tract,ဆင်လမ်းကြီး ကျေးရွာအုပ်စု,village_tract,,,unmatched,exact_township_name,Source township resolved but CoreMap township id not matched in admin pass
1015242,Ayeyarwady Region,ဧရာဝတီတိုင်းဒေသကြီး,Danubyu Township,ဓနုဖြူ မြို့နယ်,Sin Lan Ka Lay Village Tract,ဆင်လမ်းကလေး ကျေးရွာအုပ်စု,village_tract,,,unmatched,exact_township_name,Source township resolved but CoreMap township id not matched in admin pass
1015243,Ayeyarwady Region,ဧရာဝတီတိုင်းဒေသကြီး,Danubyu Township,ဓနုဖြူ မြို့နယ်,San Kin Village Tract,စံကင်း ကျေးရွာအုပ်စု,village_tract,,,unmatched,exact_township_name,Source township resolved but CoreMap township id not matched in admin pass
1015244,Ayeyarwady Region,ဧရာဝတီတိုင်းဒေသကြီး,Danubyu Township,ဓနုဖြူ မြို့နယ်,Tha Pyay Yoe Village Tract,သပြေရိုး ကျေးရွာအုပ်စု,village_tract,,,unmatched,exact_township_name,Source township resolved but CoreMap township id not matched in admin pass
1015245,Ayeyarwady Region,ဧရာဝတီတိုင်းဒေသကြီး,Danubyu Township,ဓနုဖြူ မြို့နယ်,Taw Kwe Village Tract,တော်ကွဲ ကျေးရွာအုပ်စု,village_tract,,,unmatched,exact_township_name,Source township resolved but CoreMap township id not matched in admin pass
1015246,Ayeyarwady Region,ဧရာဝတီတိုင်းဒေသကြီး,Danubyu Township,ဓနုဖြူ မြို့နယ်,Tha Byu Pin Village Tract,သပြုပင် ကျေးရွာအုပ်စု,village_tract,,,unmatched,exact_township_name,Source township resolved but CoreMap township id not matched in admin pass
1015247,Ayeyarwady Region,ဧရာဝတီတိုင်းဒေသကြီး,Danubyu Township,ဓနုဖြူ မြို့နယ်,Thar Aye Daunt Village Tract,သာအေးဒေါင့် ကျေးရွာအုပ်စု,village_tract,,,unmatched,exact_township_name,Source township resolved but CoreMap township id not matched in admin pass
1015248,Ayeyarwady Region,ဧရာဝတီတိုင်းဒေသကြီး,Danubyu Township,ဓနုဖြူ မြို့နယ်,Taw Gyi (Zee Hpyu Kone) Village Tract,တော်ကြီး (ဇီးဖြူကုန်း) ကျေးရွာအုပ်စု,village_tract,,,unmatched,exact_township_name,Source township resolved but CoreMap township id not matched in admin pass
1015249,Ayeyarwady Region,ဧရာဝတီတိုင်းဒေသကြီး,Danubyu Township,ဓနုဖြူ မြို့နယ်,Ta Myar Village Tract,တမြာ ကျေးရွာအုပ်စု,village_tract,,,unmatched,exact_township_name,Source township resolved but CoreMap township id not matched in admin pass
1015250,Ayeyarwady Region,ဧရာဝတီတိုင်းဒေသကြီး,Danubyu Township,ဓနုဖြူ မြို့နယ်,Hti Kwayt Village Tract,ထီကွေ့ ကျေးရွာအုပ်စု,village_tract,,,unmatched,exact_township_name,Source township resolved but CoreMap township id not matched in admin pass
1015251,Ayeyarwady Region,ဧရာဝတီတိုင်းဒေသကြီး,Danubyu Township,ဓနုဖြူ မြို့နယ်,Htone Pon Village Tract,ထုံးပုံ ကျေးရွာအုပ်စု,village_tract,,,unmatched,exact_township_name,Source township resolved but CoreMap township id not matched in admin pass
1015252,Ayeyarwady Region,ဧရာဝတီတိုင်းဒေသကြီး,Danubyu Township,ဓနုဖြူ မြို့နယ်,Thea Hpyu (North) Village Tract,သဲဖြူ (မြောက်) ကျေးရွာအုပ်စု,village_tract,,,unmatched,exact_township_name,Source township resolved but CoreMap township id not matched in admin pass
1015253,Ayeyarwady Region,ဧရာဝတီတိုင်းဒေသကြီး,Danubyu Township,ဓနုဖြူ မြို့နယ်,Tha Byu Village Tract,သပြု ကျေးရွာအုပ်စု,village_tract,,,unmatched,exact_township_name,Source township resolved but CoreMap township id not matched in admin pass
1015254,Ayeyarwady Region,ဧရာဝတီတိုင်းဒေသကြီး,Danubyu Township,ဓနုဖြူ မြို့နယ်,Taw Gyi (North) Village Tract,တောကြီး (မြောက်) ကျေးရွာအုပ်စု,village_tract,,,unmatched,exact_township_name,Source township resolved but CoreMap township id not matched in admin pass
1015255,Ayeyarwady Region,ဧရာဝတီတိုင်းဒေသကြီး,Danubyu Township,ဓနုဖြူ မြို့နယ်,Yae Twin Kone Village Tract,ရေတွင်းကုန်း ကျေးရွာအုပ်စု,village_tract,,,unmatched,exact_township_name,Source township resolved but CoreMap township id not matched in admin pass
1015256,Ayeyarwady Region,ဧရာဝတီတိုင်းဒေသကြီး,Danubyu Township,ဓနုဖြူ မြို့နယ်,Yone Chaung Village Tract,ရုံးချောင်း ကျေးရွာအုပ်စု,village_tract,,,unmatched,exact_township_name,Source township resolved but CoreMap township id not matched in admin pass
1015257,Ayeyarwady Region,ဧရာဝတီတိုင်းဒေသကြီး,Danubyu Township,ဓနုဖြူ မြို့နယ်,Yae Kyi Village Tract,ရေကြည် ကျေးရွာအုပ်စု,village_tract,,,unmatched,exact_township_name,Source township resolved but CoreMap township id not matched in admin pass
1015258,Ayeyarwady Region,ဧရာဝတီတိုင်းဒေသကြီး,Danubyu Township,ဓနုဖြူ မြို့နယ်,Yae Le Village Tract,ရေလဲ ကျေးရွာအုပ်စု,village_tract,,,unmatched,exact_township_name,Source township resolved but CoreMap township id not matched in admin pass
1015259,Ayeyarwady Region,ဧရာဝတီတိုင်းဒေသကြီး,Danubyu Township,ဓနုဖြူ မြို့နယ်,Yae Pauk Village Tract,ရေပေါက် ကျေးရွာအုပ်စု,village_tract,,,unmatched,exact_township_name,Source township resolved but CoreMap township id not matched in admin pass
1015260,Ayeyarwady Region,ဧရာဝတီတိုင်းဒေသကြီး,Danubyu Township,ဓနုဖြူ မြို့နယ်,Za Loke Gyi Village Tract,ဇလုပ်ကြီး ကျေးရွာအုပ်စု,village_tract,,,unmatched,exact_township_name,Source township resolved but CoreMap township id not matched in admin pass
1015261,Ayeyarwady Region,ဧရာဝတီတိုင်းဒေသကြီး,Danubyu Township,ဓနုဖြူ မြို့နယ်,Tha Baw Tha Byu Village Tract,သဘောသပြု ကျေးရွာအုပ်စု,village_tract,,,unmatched,exact_township_name,Source township resolved but CoreMap township id not matched in admin pass
1015262,Ayeyarwady Region,ဧရာဝတီတိုင်းဒေသကြီး,Danubyu Township,ဓနုဖြူ မြို့နယ်,Inn Ga Lar Village Tract,အင်းဂလာ ကျေးရွာအုပ်စု,village_tract,,,unmatched,exact_township_name,Source township resolved but CoreMap township id not matched in admin pass
1016001,Ayeyarwady Region,ဧရာဝတီတိုင်းဒေသကြီး,Nyaungdon Township,ညောင်တုန်း မြို့နယ်,No (1) Quarter,အမှတ် (၁) ရပ်ကွက်,ward,,,unmatched,exact_township_name,Source township resolved but CoreMap township id not matched in admin pass
1016002,Ayeyarwady Region,ဧရာဝတီတိုင်းဒေသကြီး,Nyaungdon Township,ညောင်တုန်း မြို့နယ်,No (2) Quarter,အမှတ် (၂) ရပ်ကွက်,ward,,,unmatched,exact_township_name,Source township resolved but CoreMap township id not matched in admin pass
1016003,Ayeyarwady Region,ဧရာဝတီတိုင်းဒေသကြီး,Nyaungdon Township,ညောင်တုန်း မြို့နယ်,No (3) Quarter,အမှတ် (၃) ရပ်ကွက်,ward,,,unmatched,exact_township_name,Source township resolved but CoreMap township id not matched in admin pass
1016004,Ayeyarwady Region,ဧရာဝတီတိုင်းဒေသကြီး,Nyaungdon Township,ညောင်တုန်း မြို့နယ်,No (4) Quarter,အမှတ် (၄) ရပ်ကွက်,ward,,,unmatched,exact_township_name,Source township resolved but CoreMap township id not matched in admin pass
1016005,Ayeyarwady Region,ဧရာဝတီတိုင်းဒေသကြီး,Nyaungdon Township,ညောင်တုန်း မြို့နယ်,No (5) Quarter,အမှတ် (၅) ရပ်ကွက်,ward,,,unmatched,exact_township_name,Source township resolved but CoreMap township id not matched in admin pass
1016006,Ayeyarwady Region,ဧရာဝတီတိုင်းဒေသကြီး,Nyaungdon Township,ညောင်တုန်း မြို့နယ်,No (6) Quarter,အမှတ် (၆) ရပ်ကွက်,ward,,,unmatched,exact_township_name,Source township resolved but CoreMap township id not matched in admin pass
1016007,Ayeyarwady Region,ဧရာဝတီတိုင်းဒေသကြီး,Nyaungdon Township,ညောင်တုန်း မြို့နယ်,No (7) Quarter,အမှတ် (၇) ရပ်ကွက်,ward,,,unmatched,exact_township_name,Source township resolved but CoreMap township id not matched in admin pass
1016008,Ayeyarwady Region,ဧရာဝတီတိုင်းဒေသကြီး,Nyaungdon Township,ညောင်တုန်း မြို့နယ်,No (8) Quarter,အမှတ် (၈) ရပ်ကွက်,ward,,,unmatched,exact_township_name,Source township resolved but CoreMap township id not matched in admin pass
1016009,Ayeyarwady Region,ဧရာဝတီတိုင်းဒေသကြီး,Nyaungdon Township,ညောင်တုန်း မြို့နယ်,No (9) Quarter,အမှတ် (၉) ရပ်ကွက်,ward,,,unmatched,exact_township_name,Source township resolved but CoreMap township id not matched in admin pass
1016010,Ayeyarwady Region,ဧရာဝတီတိုင်းဒေသကြီး,Nyaungdon Township,ညောင်တုန်း မြို့နယ်,No (10) Quarter,အမှတ် (၁၀) ရပ်ကွက်,ward,,,unmatched,exact_township_name,Source township resolved but CoreMap township id not matched in admin pass
1016200,Ayeyarwady Region,ဧရာဝတီတိုင်းဒေသကြီး,Nyaungdon Township,ညောင်တုန်း မြို့နယ်,Ah Lel Chaung Village Tract,အလယ်ချောင်း ကျေးရွာအုပ်စု,village_tract,,,unmatched,exact_township_name,Source township resolved but CoreMap township id not matched in admin pass
1016201,Ayeyarwady Region,ဧရာဝတီတိုင်းဒေသကြီး,Nyaungdon Township,ညောင်တုန်း မြို့နယ်,Auk Se Village Tract,အောက်ဆယ် ကျေးရွာအုပ်စု,village_tract,,,unmatched,exact_township_name,Source township resolved but CoreMap township id not matched in admin pass
1016202,Ayeyarwady Region,ဧရာဝတီတိုင်းဒေသကြီး,Nyaungdon Township,ညောင်တုန်း မြို့နယ်,Ah Ywea Village Tract,အရွဲ ကျေးရွာအုပ်စု,village_tract,,,unmatched,exact_township_name,Source township resolved but CoreMap township id not matched in admin pass
1016203,Ayeyarwady Region,ဧရာဝတီတိုင်းဒေသကြီး,Nyaungdon Township,ညောင်တုန်း မြို့နယ်,Byaw Tha Lan Village Tract,ဗျောသလန်း ကျေးရွာအုပ်စု,village_tract,,,unmatched,exact_township_name,Source township resolved but CoreMap township id not matched in admin pass
1016204,Ayeyarwady Region,ဧရာဝတီတိုင်းဒေသကြီး,Nyaungdon Township,ညောင်တုန်း မြို့နယ်,Chaung Gyi Village Tract,ချောင်းကြီး ကျေးရွာအုပ်စု,village_tract,,,unmatched,exact_township_name,Source township resolved but CoreMap township id not matched in admin pass
1016205,Ayeyarwady Region,ဧရာဝတီတိုင်းဒေသကြီး,Nyaungdon Township,ညောင်တုန်း မြို့နယ်,Gon Min Seik Village Tract,ဂုံမင်းဆိပ် ကျေးရွာအုပ်စု,village_tract,,,unmatched,exact_township_name,Source township resolved but CoreMap township id not matched in admin pass
1016206,Ayeyarwady Region,ဧရာဝတီတိုင်းဒေသကြီး,Nyaungdon Township,ညောင်တုန်း မြို့နယ်,Gan Chaung Village Tract,ဂန်ချောင်း ကျေးရွာအုပ်စု,village_tract,,,unmatched,exact_township_name,Source township resolved but CoreMap township id not matched in admin pass
1016207,Ayeyarwady Region,ဧရာဝတီတိုင်းဒေသကြီး,Nyaungdon Township,ညောင်တုန်း မြို့နယ်,Hnget Pyaw Kyun Village Tract,ငှက်ပျောကျွန်း ကျေးရွာအုပ်စု,village_tract,,,unmatched,exact_township_name,Source township resolved but CoreMap township id not matched in admin pass
1016208,Ayeyarwady Region,ဧရာဝတီတိုင်းဒေသကြီး,Nyaungdon Township,ညောင်တုန်း မြို့နယ်,Inn Ma Village Tract,အင်းမ ကျေးရွာအုပ်စု,village_tract,,,unmatched,exact_township_name,Source township resolved but CoreMap township id not matched in admin pass
1016209,Ayeyarwady Region,ဧရာဝတီတိုင်းဒေသကြီး,Nyaungdon Township,ညောင်တုန်း မြို့နယ်,Ka Toke Ka Ma Village Tract,ကတုက္ကမ ကျေးရွာအုပ်စု,village_tract,,,unmatched,exact_township_name,Source township resolved but CoreMap township id not matched in admin pass
1016210,Ayeyarwady Region,ဧရာဝတီတိုင်းဒေသကြီး,Nyaungdon Township,ညောင်တုန်း မြို့နယ်,Kun Thee Pin Village Tract,ကွမ်းသီးပင် ကျေးရွာအုပ်စု,village_tract,,,unmatched,exact_township_name,Source township resolved but CoreMap township id not matched in admin pass
1016211,Ayeyarwady Region,ဧရာဝတီတိုင်းဒေသကြီး,Nyaungdon Township,ညောင်တုန်း မြို့နယ်,Kyaung Su Village Tract,ကျောင်းစု ကျေးရွာအုပ်စု,village_tract,,,unmatched,exact_township_name,Source township resolved but CoreMap township id not matched in admin pass
1016212,Ayeyarwady Region,ဧရာဝတီတိုင်းဒေသကြီး,Nyaungdon Township,ညောင်တုန်း မြို့နယ်,Koke Ko Wa Village Tract,ကုက္ကိုဝ ကျေးရွာအုပ်စု,village_tract,,,unmatched,exact_township_name,Source township resolved but CoreMap township id not matched in admin pass
1016213,Ayeyarwady Region,ဧရာဝတီတိုင်းဒေသကြီး,Nyaungdon Township,ညောင်တုန်း မြို့နယ်,Kyun U Village Tract,ကျွန်းဦး ကျေးရွာအုပ်စု,village_tract,,,unmatched,exact_township_name,Source township resolved but CoreMap township id not matched in admin pass
1016214,Ayeyarwady Region,ဧရာဝတီတိုင်းဒေသကြီး,Nyaungdon Township,ညောင်တုန်း မြို့နယ်,Ka Nyin Kauk Gyi Village Tract,ကညင်ကောက်ကြီး ကျေးရွာအုပ်စု,village_tract,,,unmatched,exact_township_name,Source township resolved but CoreMap township id not matched in admin pass
1016215,Ayeyarwady Region,ဧရာဝတီတိုင်းဒေသကြီး,Nyaungdon Township,ညောင်တုန်း မြို့နယ်,Kyon Ta Mar Village Tract,ကျုံတမာ ကျေးရွာအုပ်စု,village_tract,,,unmatched,exact_township_name,Source township resolved but CoreMap township id not matched in admin pass
1016216,Ayeyarwady Region,ဧရာဝတီတိုင်းဒေသကြီး,Nyaungdon Township,ညောင်တုန်း မြို့နယ်,Kyon Yit Village Tract,ကျုံရစ် ကျေးရွာအုပ်စု,village_tract,,,unmatched,exact_township_name,Source township resolved but CoreMap township id not matched in admin pass
1016217,Ayeyarwady Region,ဧရာဝတီတိုင်းဒေသကြီး,Nyaungdon Township,ညောင်တုန်း မြို့နယ်,Kyein Chaung Village Tract,ကျိန်ချောင်း ကျေးရွာအုပ်စု,village_tract,,,unmatched,exact_township_name,Source township resolved but CoreMap township id not matched in admin pass
1016218,Ayeyarwady Region,ဧရာဝတီတိုင်းဒေသကြီး,Nyaungdon Township,ညောင်တုန်း မြို့နယ်,Me Za Li Da La Village Tract,မဲဇလီဒလ ကျေးရွာအုပ်စု,village_tract,,,unmatched,exact_township_name,Source township resolved but CoreMap township id not matched in admin pass
1016219,Ayeyarwady Region,ဧရာဝတီတိုင်းဒေသကြီး,Nyaungdon Township,ညောင်တုန်း မြို့နယ်,Me Za Li Ywar Haung Village Tract,မဲဇလီရွာဟောင်း ကျေးရွာအုပ်စု,village_tract,,,unmatched,exact_township_name,Source township resolved but CoreMap township id not matched in admin pass
1016220,Ayeyarwady Region,ဧရာဝတီတိုင်းဒေသကြီး,Nyaungdon Township,ညောင်တုန်း မြို့နယ်,Moe Hoke Village Tract,မိုးဟုတ် ကျေးရွာအုပ်စု,village_tract,,,unmatched,exact_township_name,Source township resolved but CoreMap township id not matched in admin pass
1016221,Ayeyarwady Region,ဧရာဝတီတိုင်းဒေသကြီး,Nyaungdon Township,ညောင်တုန်း မြို့နယ်,Myanmar Pyar Thar Village Tract,မြမ္မာပြာသာ ကျေးရွာအုပ်စု,village_tract,,,unmatched,exact_township_name,Source township resolved but CoreMap township id not matched in admin pass
1016222,Ayeyarwady Region,ဧရာဝတီတိုင်းဒေသကြီး,Nyaungdon Township,ညောင်တုန်း မြို့နယ်,Nyaung Waing Village Tract,ညောင်ဝိုင်း ကျေးရွာအုပ်စု,village_tract,,,unmatched,exact_township_name,Source township resolved but CoreMap township id not matched in admin pass
1016223,Ayeyarwady Region,ဧရာဝတီတိုင်းဒေသကြီး,Nyaungdon Township,ညောင်တုန်း မြို့နယ်,Nyaung Village Tract,ညောင် ကျေးရွာအုပ်စု,village_tract,,,unmatched,exact_township_name,Source township resolved but CoreMap township id not matched in admin pass
1016224,Ayeyarwady Region,ဧရာဝတီတိုင်းဒေသကြီး,Nyaungdon Township,ညောင်တုန်း မြို့နယ်,Nat Pay Village Tract,နတ်ပေး ကျေးရွာအုပ်စု,village_tract,,,unmatched,exact_township_name,Source township resolved but CoreMap township id not matched in admin pass
1016225,Ayeyarwady Region,ဧရာဝတီတိုင်းဒေသကြီး,Nyaungdon Township,ညောင်တုန်း မြို့နယ်,Hpa Yar Kone Village Tract,ဘုရားကုန်း ကျေးရွာအုပ်စု,village_tract,,,unmatched,exact_township_name,Source township resolved but CoreMap township id not matched in admin pass
1016226,Ayeyarwady Region,ဧရာဝတီတိုင်းဒေသကြီး,Nyaungdon Township,ညောင်တုန်း မြို့နယ်,Pay Si Kyun Village Tract,ပေစိကျွန်း ကျေးရွာအုပ်စု,village_tract,,,unmatched,exact_township_name,Source township resolved but CoreMap township id not matched in admin pass
1016227,Ayeyarwady Region,ဧရာဝတီတိုင်းဒေသကြီး,Nyaungdon Township,ညောင်တုန်း မြို့နယ်,Sin Tone Village Tract,ဆင်တုံး ကျေးရွာအုပ်စု,village_tract,,,unmatched,exact_township_name,Source township resolved but CoreMap township id not matched in admin pass
1016228,Ayeyarwady Region,ဧရာဝတီတိုင်းဒေသကြီး,Nyaungdon Township,ညောင်တုန်း မြို့နယ်,Sar Ma Lauk Village Tract,ဆားမလောက် ကျေးရွာအုပ်စု,village_tract,,,unmatched,exact_township_name,Source township resolved but CoreMap township id not matched in admin pass
1016229,Ayeyarwady Region,ဧရာဝတီတိုင်းဒေသကြီး,Nyaungdon Township,ညောင်တုန်း မြို့နယ်,Sun Ta Nee Village Tract,စွန်တနီး ကျေးရွာအုပ်စု,village_tract,,,unmatched,exact_township_name,Source township resolved but CoreMap township id not matched in admin pass
1016230,Ayeyarwady Region,ဧရာဝတီတိုင်းဒေသကြီး,Nyaungdon Township,ညောင်တုန်း မြို့နယ်,Set Kawt Yae Lel Kyun Village Tract,စက္ကော့ရေလယ်ကျွန်း ကျေးရွာအုပ်စု,village_tract,,,unmatched,exact_township_name,Source township resolved but CoreMap township id not matched in admin pass
1016231,Ayeyarwady Region,ဧရာဝတီတိုင်းဒေသကြီး,Nyaungdon Township,ညောင်တုန်း မြို့နယ်,Set Kawt Taung Village Tract,စက္ကော့တောင် ကျေးရွာအုပ်စု,village_tract,,,unmatched,exact_township_name,Source township resolved but CoreMap township id not matched in admin pass
1016232,Ayeyarwady Region,ဧရာဝတီတိုင်းဒေသကြီး,Nyaungdon Township,ညောင်တုန်း မြို့နယ်,Than Kyoe Village Tract,သံကြိုး ကျေးရွာအုပ်စု,village_tract,,,unmatched,exact_township_name,Source township resolved but CoreMap township id not matched in admin pass
1016233,Ayeyarwady Region,ဧရာဝတီတိုင်းဒေသကြီး,Nyaungdon Township,ညောင်တုန်း မြို့နယ်,Tha Pyay Chaung Village Tract,သပြေချောင်း ကျေးရွာအုပ်စု,village_tract,,,unmatched,exact_township_name,Source township resolved but CoreMap township id not matched in admin pass
1016234,Ayeyarwady Region,ဧရာဝတီတိုင်းဒေသကြီး,Nyaungdon Township,ညောင်တုန်း မြို့နယ်,Ta Zin Yae Kyaw Village Tract,တဇင်ရေကျော် ကျေးရွာအုပ်စု,village_tract,,,unmatched,exact_township_name,Source township resolved but CoreMap township id not matched in admin pass
1016235,Ayeyarwady Region,ဧရာဝတီတိုင်းဒေသကြီး,Nyaungdon Township,ညောင်တုန်း မြို့နယ်,Tu Chaung Village Tract,တူးချောင်း ကျေးရွာအုပ်စု,village_tract,,,unmatched,exact_township_name,Source township resolved but CoreMap township id not matched in admin pass
1016236,Ayeyarwady Region,ဧရာဝတီတိုင်းဒေသကြီး,Nyaungdon Township,ညောင်တုန်း မြို့နယ်,Hteik Wa Gyi Village Tract,ထိပ်ဝကြီး ကျေးရွာအုပ်စု,village_tract,,,unmatched,exact_township_name,Source township resolved but CoreMap township id not matched in admin pass
1016237,Ayeyarwady Region,ဧရာဝတီတိုင်းဒေသကြီး,Nyaungdon Township,ညောင်တုန်း မြို့နယ်,Wea Daunt-Ah Twin Village Tract,ဝဲဒေါင့်-အတွင်း ကျေးရွာအုပ်စု,village_tract,,,unmatched,exact_township_name,Source township resolved but CoreMap township id not matched in admin pass
1016238,Ayeyarwady Region,ဧရာဝတီတိုင်းဒေသကြီး,Nyaungdon Township,ညောင်တုန်း မြို့နယ်,War Taw Sun Village Tract,ဝါးတောစွန်း ကျေးရွာအုပ်စု,village_tract,,,unmatched,exact_township_name,Source township resolved but CoreMap township id not matched in admin pass
1016239,Ayeyarwady Region,ဧရာဝတီတိုင်းဒေသကြီး,Nyaungdon Township,ညောင်တုန်း မြို့နယ်,Yan Kin San Yar Village Tract,ရန်ကင်းစံရာ ကျေးရွာအုပ်စု,village_tract,,,unmatched,exact_township_name,Source township resolved but CoreMap township id not matched in admin pass
1016240,Ayeyarwady Region,ဧရာဝတီတိုင်းဒေသကြီး,Nyaungdon Township,ညောင်တုန်း မြို့နယ်,Ywar Thit Village Tract,ရွာသစ် ကျေးရွာအုပ်စု,village_tract,,,unmatched,exact_township_name,Source township resolved but CoreMap township id not matched in admin pass
1016241,Ayeyarwady Region,ဧရာဝတီတိုင်းဒေသကြီး,Nyaungdon Township,ညောင်တုန်း မြို့နယ်,Zee Hpyu Kyun Village Tract,ဇီးဖြူကျွန်း ကျေးရွာအုပ်စု,village_tract,,,unmatched,exact_township_name,Source township resolved but CoreMap township id not matched in admin pass
1016242,Ayeyarwady Region,ဧရာဝတီတိုင်းဒေသကြီး,Nyaungdon Township,ညောင်တုန်း မြို့နယ်,Tha Byu Yae Lel Kyun Village Tract,သပြုရေလယ်ကျွန်း ကျေးရွာအုပ်စု,village_tract,,,unmatched,exact_township_name,Source township resolved but CoreMap township id not matched in admin pass
1016243,Ayeyarwady Region,ဧရာဝတီတိုင်းဒေသကြီး,Nyaungdon Township,ညောင်တုန်း မြို့နယ်,Par Hleit (Upper) Village Tract,ပါလှဲ့ (အထက်) ကျေးရွာအုပ်စု,village_tract,,,unmatched,exact_township_name,Source township resolved but CoreMap township id not matched in admin pass
1017001,Ayeyarwady Region,ဧရာဝတီတိုင်းဒေသကြီး,Pantanaw Township,ပန်းတနော် မြို့နယ်,Ah Shey Paing Quarter,အရှေ့ပိုင်း ရပ်ကွက်,ward,,,unmatched,exact_township_name,Source township resolved but CoreMap township id not matched in admin pass
1017002,Ayeyarwady Region,ဧရာဝတီတိုင်းဒေသကြီး,Pantanaw Township,ပန်းတနော် မြို့နယ်,Ah Lel Paing Quarter,အလယ်ပိုင်း ရပ်ကွက်,ward,,,unmatched,exact_township_name,Source township resolved but CoreMap township id not matched in admin pass
1017003,Ayeyarwady Region,ဧရာဝတီတိုင်းဒေသကြီး,Pantanaw Township,ပန်းတနော် မြို့နယ်,Ah Nauk Paing Quarter,အနောက်ပိုင်း ရပ်ကွက်,ward,,,unmatched,exact_township_name,Source township resolved but CoreMap township id not matched in admin pass
1017004,Ayeyarwady Region,ဧရာဝတီတိုင်းဒေသကြီး,Pantanaw Township,ပန်းတနော် မြို့နယ်,Myo Kwet Thit Quarter,မြို့ကွက်သစ် ရပ်ကွက်,ward,,,unmatched,exact_township_name,Source township resolved but CoreMap township id not matched in admin pass
1017200,Ayeyarwady Region,ဧရာဝတီတိုင်းဒေသကြီး,Pantanaw Township,ပန်းတနော် မြို့နယ်,Ka Nyin Ngu Village Tract,ကညင်ငူ ကျေးရွာအုပ်စု,village_tract,,,unmatched,exact_township_name,Source township resolved but CoreMap township id not matched in admin pass
1017201,Ayeyarwady Region,ဧရာဝတီတိုင်းဒေသကြီး,Pantanaw Township,ပန်းတနော် မြို့နယ်,Ba Waing Village Tract,ဘဝိုင်း ကျေးရွာအုပ်စု,village_tract,,,unmatched,exact_township_name,Source township resolved but CoreMap township id not matched in admin pass
1017202,Ayeyarwady Region,ဧရာဝတီတိုင်းဒေသကြီး,Pantanaw Township,ပန်းတနော် မြို့နယ်,Chaung Ka Lay Village Tract,ချောင်းကလေး ကျေးရွာအုပ်စု,village_tract,,,unmatched,exact_township_name,Source township resolved but CoreMap township id not matched in admin pass
1017203,Ayeyarwady Region,ဧရာဝတီတိုင်းဒေသကြီး,Pantanaw Township,ပန်းတနော် မြို့နယ်,Daw War Village Tract,ဒေါဝါး ကျေးရွာအုပ်စု,village_tract,,,unmatched,exact_township_name,Source township resolved but CoreMap township id not matched in admin pass
1017204,Ayeyarwady Region,ဧရာဝတီတိုင်းဒေသကြီး,Pantanaw Township,ပန်းတနော် မြို့နယ်,Da Naw Village Tract,ဓနော် ကျေးရွာအုပ်စု,village_tract,,,unmatched,exact_township_name,Source township resolved but CoreMap township id not matched in admin pass
1017205,Ayeyarwady Region,ဧရာဝတီတိုင်းဒေသကြီး,Pantanaw Township,ပန်းတနော် မြို့နယ်,Inn Ma Village Tract,အင်းမ ကျေးရွာအုပ်စု,village_tract,,,unmatched,exact_township_name,Source township resolved but CoreMap township id not matched in admin pass
1017206,Ayeyarwady Region,ဧရာဝတီတိုင်းဒေသကြီး,Pantanaw Township,ပန်းတနော် မြို့နယ်,Inn Ta Kaw Village Tract,အင်းတကော ကျေးရွာအုပ်စု,village_tract,,,unmatched,exact_township_name,Source township resolved but CoreMap township id not matched in admin pass
1017207,Ayeyarwady Region,ဧရာဝတီတိုင်းဒေသကြီး,Pantanaw Township,ပန်းတနော် မြို့နယ်,Ka Paing Village Tract,ကပိုင် ကျေးရွာအုပ်စု,village_tract,,,unmatched,exact_township_name,Source township resolved but CoreMap township id not matched in admin pass
1017208,Ayeyarwady Region,ဧရာဝတီတိုင်းဒေသကြီး,Pantanaw Township,ပန်းတနော် မြို့နယ်,Ka Tauk Sat Village Tract,ကတောက်ဆပ် ကျေးရွာအုပ်စု,village_tract,,,unmatched,exact_township_name,Source township resolved but CoreMap township id not matched in admin pass
1017209,Ayeyarwady Region,ဧရာဝတီတိုင်းဒေသကြီး,Pantanaw Township,ပန်းတနော် မြို့နယ်,Kha Nwet Ka Bo Village Tract,ခနွဲ့ကဘို ကျေးရွာအုပ်စု,village_tract,,,unmatched,exact_township_name,Source township resolved but CoreMap township id not matched in admin pass
1017210,Ayeyarwady Region,ဧရာဝတီတိုင်းဒေသကြီး,Pantanaw Township,ပန်းတနော် မြို့နယ်,Ka Nyin Kone Village Tract,ကညင်ကုန်း ကျေးရွာအုပ်စု,village_tract,,,unmatched,exact_township_name,Source township resolved but CoreMap township id not matched in admin pass
1017211,Ayeyarwady Region,ဧရာဝတီတိုင်းဒေသကြီး,Pantanaw Township,ပန်းတနော် မြို့နယ်,Kat Tha Win Village Tract,ကဿဝင် ကျေးရွာအုပ်စု,village_tract,,,unmatched,exact_township_name,Source township resolved but CoreMap township id not matched in admin pass
1017212,Ayeyarwady Region,ဧရာဝတီတိုင်းဒေသကြီး,Pantanaw Township,ပန်းတနော် မြို့နယ်,Khat Ti Ya (Upper) Village Tract,ခတ္တိယ (အထက်) ကျေးရွာအုပ်စု,village_tract,,,unmatched,exact_township_name,Source township resolved but CoreMap township id not matched in admin pass
1017213,Ayeyarwady Region,ဧရာဝတီတိုင်းဒေသကြီး,Pantanaw Township,ပန်းတနော် မြို့နယ်,Kha Yae Gan Village Tract,ခရေဂန် ကျေးရွာအုပ်စု,village_tract,,,unmatched,exact_township_name,Source township resolved but CoreMap township id not matched in admin pass
1017214,Ayeyarwady Region,ဧရာဝတီတိုင်းဒေသကြီး,Pantanaw Township,ပန်းတနော် မြို့နယ်,Ka Zin Ngu Village Tract,ကဇင်းငူ ကျေးရွာအုပ်စု,village_tract,,,unmatched,exact_township_name,Source township resolved but CoreMap township id not matched in admin pass
1017215,Ayeyarwady Region,ဧရာဝတီတိုင်းဒေသကြီး,Pantanaw Township,ပန်းတနော် မြို့နယ်,Kyon Taing Gyi Village Tract,ကျုံတိုင်းကြီး ကျေးရွာအုပ်စု,village_tract,,,unmatched,exact_township_name,Source township resolved but CoreMap township id not matched in admin pass
1017216,Ayeyarwady Region,ဧရာဝတီတိုင်းဒေသကြီး,Pantanaw Township,ပန်းတနော် မြို့နယ်,Kyon Taing Ka Lay Village Tract,ကျုံတိုင်းကလေး ကျေးရွာအုပ်စု,village_tract,,,unmatched,exact_township_name,Source township resolved but CoreMap township id not matched in admin pass
1017217,Ayeyarwady Region,ဧရာဝတီတိုင်းဒေသကြီး,Pantanaw Township,ပန်းတနော် မြို့နယ်,Kyon Lan Village Tract,ကျုံလမ်း ကျေးရွာအုပ်စု,village_tract,,,unmatched,exact_township_name,Source township resolved but CoreMap township id not matched in admin pass
1017218,Ayeyarwady Region,ဧရာဝတီတိုင်းဒေသကြီး,Pantanaw Township,ပန်းတနော် မြို့နယ်,Kyon Tone Gyi Village Tract,ကျုံတုံးကြီး ကျေးရွာအုပ်စု,village_tract,,,unmatched,exact_township_name,Source township resolved but CoreMap township id not matched in admin pass
1017219,Ayeyarwady Region,ဧရာဝတီတိုင်းဒေသကြီး,Pantanaw Township,ပန်းတနော် မြို့နယ်,Kyon Tone Ka Lay Village Tract,ကျုံတုံးကလေး ကျေးရွာအုပ်စု,village_tract,,,unmatched,exact_township_name,Source township resolved but CoreMap township id not matched in admin pass
1017220,Ayeyarwady Region,ဧရာဝတီတိုင်းဒေသကြီး,Pantanaw Township,ပန်းတနော် မြို့နယ်,Let Pan Kone Village Tract,လက်ပန်ကုန်း ကျေးရွာအုပ်စု,village_tract,,,unmatched,exact_township_name,Source township resolved but CoreMap township id not matched in admin pass
1017221,Ayeyarwady Region,ဧရာဝတီတိုင်းဒေသကြီး,Pantanaw Township,ပန်းတနော် မြို့နယ်,Ma Yan Village Tract,မရမ်း ကျေးရွာအုပ်စု,village_tract,,,unmatched,exact_township_name,Source township resolved but CoreMap township id not matched in admin pass
1017222,Ayeyarwady Region,ဧရာဝတီတိုင်းဒေသကြီး,Pantanaw Township,ပန်းတနော် မြို့နယ်,Mein Ma Pyay Village Tract,မိမ္မပြေး ကျေးရွာအုပ်စု,village_tract,,,unmatched,exact_township_name,Source township resolved but CoreMap township id not matched in admin pass
1017223,Ayeyarwady Region,ဧရာဝတီတိုင်းဒေသကြီး,Pantanaw Township,ပန်းတနော် မြို့နယ်,Min Ga Yu Village Tract,မင်းဂရု ကျေးရွာအုပ်စု,village_tract,,,unmatched,exact_township_name,Source township resolved but CoreMap township id not matched in admin pass
1017224,Ayeyarwady Region,ဧရာဝတီတိုင်းဒေသကြီး,Pantanaw Township,ပန်းတနော် မြို့နယ်,Min Se Village Tract,မင်းဆယ် ကျေးရွာအုပ်စု,village_tract,,,unmatched,exact_township_name,Source township resolved but CoreMap township id not matched in admin pass
1017225,Ayeyarwady Region,ဧရာဝတီတိုင်းဒေသကြီး,Pantanaw Township,ပန်းတနော် မြို့နယ်,Moe Goke Village Tract,မိုးကုတ် ကျေးရွာအုပ်စု,village_tract,,,unmatched,exact_township_name,Source township resolved but CoreMap township id not matched in admin pass
1017226,Ayeyarwady Region,ဧရာဝတီတိုင်းဒေသကြီး,Pantanaw Township,ပန်းတနော် မြို့နယ်,Myay Nu Village Tract,မြေနု ကျေးရွာအုပ်စု,village_tract,,,unmatched,exact_township_name,Source township resolved but CoreMap township id not matched in admin pass
1017227,Ayeyarwady Region,ဧရာဝတီတိုင်းဒေသကြီး,Pantanaw Township,ပန်းတနော် မြို့နယ်,Myit Wa Village Tract,မြစ်ဝ ကျေးရွာအုပ်စု,village_tract,,,unmatched,exact_township_name,Source township resolved but CoreMap township id not matched in admin pass
1017228,Ayeyarwady Region,ဧရာဝတီတိုင်းဒေသကြီး,Pantanaw Township,ပန်းတနော် မြို့နယ်,Pa Thwei Village Tract,ပသွယ် ကျေးရွာအုပ်စု,village_tract,,,unmatched,exact_township_name,Source township resolved but CoreMap township id not matched in admin pass
1017229,Ayeyarwady Region,ဧရာဝတီတိုင်းဒေသကြီး,Pantanaw Township,ပန်းတနော် မြို့နယ်,Pay Pin Taung Village Tract,ပေပင်တောင် ကျေးရွာအုပ်စု,village_tract,,,unmatched,exact_township_name,Source township resolved but CoreMap township id not matched in admin pass
1017230,Ayeyarwady Region,ဧရာဝတီတိုင်းဒေသကြီး,Pantanaw Township,ပန်းတနော် မြို့နယ်,Pya Lin Village Tract,ပြလင်း ကျေးရွာအုပ်စု,village_tract,,,unmatched,exact_township_name,Source township resolved but CoreMap township id not matched in admin pass
1017231,Ayeyarwady Region,ဧရာဝတီတိုင်းဒေသကြီး,Pantanaw Township,ပန်းတနော် မြို့နယ်,Hpa Yar Chaung Village Tract,ဘုရားချောင်း ကျေးရွာအုပ်စု,village_tract,,,unmatched,exact_township_name,Source township resolved but CoreMap township id not matched in admin pass
1017232,Ayeyarwady Region,ဧရာဝတီတိုင်းဒေသကြီး,Pantanaw Township,ပန်းတနော် မြို့နယ်,Sat Thay Village Tract,ဆပ်သေ ကျေးရွာအုပ်စု,village_tract,,,unmatched,exact_township_name,Source township resolved but CoreMap township id not matched in admin pass
1017233,Ayeyarwady Region,ဧရာဝတီတိုင်းဒေသကြီး,Pantanaw Township,ပန်းတနော် မြို့နယ်,Shwe Kyaung Myauk Village Tract,ရွှေကျောင်းမြောက် ကျေးရွာအုပ်စု,village_tract,,,unmatched,exact_township_name,Source township resolved but CoreMap township id not matched in admin pass
1017234,Ayeyarwady Region,ဧရာဝတီတိုင်းဒေသကြီး,Pantanaw Township,ပန်းတနော် မြို့နယ်,Shwe Hlay Village Tract,ရွှေလှေ ကျေးရွာအုပ်စု,village_tract,,,unmatched,exact_township_name,Source township resolved but CoreMap township id not matched in admin pass
1017235,Ayeyarwady Region,ဧရာဝတီတိုင်းဒေသကြီး,Pantanaw Township,ပန်းတနော် မြို့နယ်,Sin Lan Gyi Village Tract,ဆင်လမ်းကြီး ကျေးရွာအုပ်စု,village_tract,,,unmatched,exact_township_name,Source township resolved but CoreMap township id not matched in admin pass
1017236,Ayeyarwady Region,ဧရာဝတီတိုင်းဒေသကြီး,Pantanaw Township,ပန်းတနော် မြို့နယ်,Sagaing Village Tract,စစ်ကိုင်း ကျေးရွာအုပ်စု,village_tract,,,unmatched,exact_township_name,Source township resolved but CoreMap township id not matched in admin pass
1017237,Ayeyarwady Region,ဧရာဝတီတိုင်းဒေသကြီး,Pantanaw Township,ပန်းတနော် မြို့နယ်,Su Taung Pyayt Village Tract,ဆုတောင်းပြည့် ကျေးရွာအုပ်စု,village_tract,,,unmatched,exact_township_name,Source township resolved but CoreMap township id not matched in admin pass
1017238,Ayeyarwady Region,ဧရာဝတီတိုင်းဒေသကြီး,Pantanaw Township,ပန်းတနော် မြို့နယ်,Taw Kyaung Village Tract,တောကျောင်း ကျေးရွာအုပ်စု,village_tract,,,unmatched,exact_township_name,Source township resolved but CoreMap township id not matched in admin pass
1017239,Ayeyarwady Region,ဧရာဝတီတိုင်းဒေသကြီး,Pantanaw Township,ပန်းတနော် မြို့နယ်,Htein Ku Lar Kone Village Tract,ထိန်ကုလားကုန်း ကျေးရွာအုပ်စု,village_tract,,,unmatched,exact_township_name,Source township resolved but CoreMap township id not matched in admin pass
1017240,Ayeyarwady Region,ဧရာဝတီတိုင်းဒေသကြီး,Pantanaw Township,ပန်းတနော် မြို့နယ်,Tha Yet Ngu Village Tract,သရက်ငူ ကျေးရွာအုပ်စု,village_tract,,,unmatched,exact_township_name,Source township resolved but CoreMap township id not matched in admin pass
1017241,Ayeyarwady Region,ဧရာဝတီတိုင်းဒေသကြီး,Pantanaw Township,ပန်းတနော် မြို့နယ်,Thone Gwa Village Tract,သုံးခွ ကျေးရွာအုပ်စု,village_tract,,,unmatched,exact_township_name,Source township resolved but CoreMap township id not matched in admin pass
1017242,Ayeyarwady Region,ဧရာဝတီတိုင်းဒေသကြီး,Pantanaw Township,ပန်းတနော် မြို့နယ်,Tu Chaung Village Tract,တူးချောင်း ကျေးရွာအုပ်စု,village_tract,,,unmatched,exact_township_name,Source township resolved but CoreMap township id not matched in admin pass
1017243,Ayeyarwady Region,ဧရာဝတီတိုင်းဒေသကြီး,Pantanaw Township,ပန်းတနော် မြို့နယ်,Wea Daunt Village Tract,ဝဲဒေါင့် ကျေးရွာအုပ်စု,village_tract,,,unmatched,exact_township_name,Source township resolved but CoreMap township id not matched in admin pass
1017244,Ayeyarwady Region,ဧရာဝတီတိုင်းဒေသကြီး,Pantanaw Township,ပန်းတနော် မြို့နယ်,Yae Paw Yae Le Village Tract,ရေပေါ်ရေလဲ ကျေးရွာအုပ်စု,village_tract,,,unmatched,exact_township_name,Source township resolved but CoreMap township id not matched in admin pass
1017245,Ayeyarwady Region,ဧရာဝတီတိုင်းဒေသကြီး,Pantanaw Township,ပန်းတနော် မြို့နယ်,Yae Paw Gyi Village Tract,ရေပေါ်ကြီး ကျေးရွာအုပ်စု,village_tract,,,unmatched,exact_township_name,Source township resolved but CoreMap township id not matched in admin pass
1017246,Ayeyarwady Region,ဧရာဝတီတိုင်းဒေသကြီး,Pantanaw Township,ပန်းတနော် မြို့နယ်,Yae Le Hne Kaw Village Tract,ရေလဲနှဲကော ကျေးရွာအုပ်စု,village_tract,,,unmatched,exact_township_name,Source township resolved but CoreMap township id not matched in admin pass
1017247,Ayeyarwady Region,ဧရာဝတီတိုင်းဒေသကြီး,Pantanaw Township,ပန်းတနော် မြို့နယ်,Yin Yo Village Tract,ယင်းယို ကျေးရွာအုပ်စု,village_tract,,,unmatched,exact_township_name,Source township resolved but CoreMap township id not matched in admin pass
1017248,Ayeyarwady Region,ဧရာဝတီတိုင်းဒေသကြီး,Pantanaw Township,ပန်းတနော် မြို့နယ်,Yone Taw Village Tract,ရုံးတော ကျေးရွာအုပ်စု,village_tract,,,unmatched,exact_township_name,Source township resolved but CoreMap township id not matched in admin pass
1017249,Ayeyarwady Region,ဧရာဝတီတိုင်းဒေသကြီး,Pantanaw Township,ပန်းတနော် မြို့နယ်,Za Yat Hla Gyi Village Tract,ဇရပ်လှကြီး ကျေးရွာအုပ်စု,village_tract,,,unmatched,exact_township_name,Source township resolved but CoreMap township id not matched in admin pass
1017250,Ayeyarwady Region,ဧရာဝတီတိုင်းဒေသကြီး,Pantanaw Township,ပန်းတနော် မြို့နယ်,Oe Bo Village Tract,အိုးဘို ကျေးရွာအုပ်စု,village_tract,,,unmatched,exact_township_name,Source township resolved but CoreMap township id not matched in admin pass
1017251,Ayeyarwady Region,ဧရာဝတီတိုင်းဒေသကြီး,Pantanaw Township,ပန်းတနော် မြို့နယ်,Pay Pin Myauk Village Tract,ပေပင်မြောက် ကျေးရွာအုပ်စု,village_tract,,,unmatched,exact_township_name,Source township resolved but CoreMap township id not matched in admin pass
1018001,Ayeyarwady Region,ဧရာဝတီတိုင်းဒေသကြီး,Maubin Township,မအူပင် မြို့နယ်,Sar Yay Kone Quarter,စာရေးကုန်း ရပ်ကွက်,ward,,,unmatched,exact_township_name,Source township resolved but CoreMap township id not matched in admin pass
1018002,Ayeyarwady Region,ဧရာဝတီတိုင်းဒေသကြီး,Maubin Township,မအူပင် မြို့နယ်,Baw Lone Kwin Quarter,ဘောလုံးကွင်း ရပ်ကွက်,ward,,,unmatched,exact_township_name,Source township resolved but CoreMap township id not matched in admin pass
1018003,Ayeyarwady Region,ဧရာဝတီတိုင်းဒေသကြီး,Maubin Township,မအူပင် မြို့နယ်,Zay Quarter,ဈေး ရပ်ကွက်,ward,,,unmatched,exact_township_name,Source township resolved but CoreMap township id not matched in admin pass
1018004,Ayeyarwady Region,ဧရာဝတီတိုင်းဒေသကြီး,Maubin Township,မအူပင် မြို့နယ်,Myo Lel Kyaung Quarter,မြို့လယ်ကျောင်း ရပ်ကွက်,ward,,,unmatched,exact_township_name,Source township resolved but CoreMap township id not matched in admin pass
1018005,Ayeyarwady Region,ဧရာဝတီတိုင်းဒေသကြီး,Maubin Township,မအူပင် မြို့နယ်,Say Yon Quarter,ဆေးရုံ ရပ်ကွက်,ward,,,unmatched,exact_township_name,Source township resolved but CoreMap township id not matched in admin pass
1018006,Ayeyarwady Region,ဧရာဝတီတိုင်းဒေသကြီး,Maubin Township,မအူပင် မြို့နယ်,Ah Hta Ka (1) Kyaung Quarter,အထက (၁) ကျောင်း ရပ်ကွက်,ward,,,unmatched,exact_township_name,Source township resolved but CoreMap township id not matched in admin pass
1018007,Ayeyarwady Region,ဧရာဝတီတိုင်းဒေသကြီး,Maubin Township,မအူပင် မြို့နယ်,Hlay Seik Myauk Paing Quarter,လှေဆိပ်မြောက်ပိုင်း ရပ်ကွက်,ward,,,unmatched,exact_township_name,Source township resolved but CoreMap township id not matched in admin pass
1018008,Ayeyarwady Region,ဧရာဝတီတိုင်းဒေသကြီး,Maubin Township,မအူပင် မြို့နယ်,Hlay Seik Taung Paing Quarter,လှေဆိပ်တောင်ပိုင်း ရပ်ကွက်,ward,,,unmatched,exact_township_name,Source township resolved but CoreMap township id not matched in admin pass
1018009,Ayeyarwady Region,ဧရာဝတီတိုင်းဒေသကြီး,Maubin Township,မအူပင် မြို့နယ်,Aung Myay Thar Zi Quarter,အောင်မြေသာဇီ ရပ်ကွက်,ward,,,unmatched,exact_township_name,Source township resolved but CoreMap township id not matched in admin pass
1018010,Ayeyarwady Region,ဧရာဝတီတိုင်းဒေသကြီး,Maubin Township,မအူပင် မြို့နယ်,Ma Har Baw Di Quarter,မဟာဗောဓိ ရပ်ကွက်,ward,,,unmatched,exact_township_name,Source township resolved but CoreMap township id not matched in admin pass
1018011,Ayeyarwady Region,ဧရာဝတီတိုင်းဒေသကြီး,Maubin Township,မအူပင် မြို့နယ်,Ah Hta Ka (2) Kyaung Quarter,အထက (၂) ကျောင်း ရပ်ကွက်,ward,,,unmatched,exact_township_name,Source township resolved but CoreMap township id not matched in admin pass
1018012,Ayeyarwady Region,ဧရာဝတီတိုင်းဒေသကြီး,Maubin Township,မအူပင် မြို့နယ်,Paw Taw Mu Quarter,ပေါ်တော်မူ ရပ်ကွက်,ward,,,unmatched,exact_township_name,Source township resolved but CoreMap township id not matched in admin pass
1018200,Ayeyarwady Region,ဧရာဝတီတိုင်းဒေသကြီး,Maubin Township,မအူပင် မြို့နယ်,Auk Htone Village Tract,အောက်ထုံး ကျေးရွာအုပ်စု,village_tract,,,unmatched,exact_township_name,Source township resolved but CoreMap township id not matched in admin pass
1018201,Ayeyarwady Region,ဧရာဝတီတိုင်းဒေသကြီး,Maubin Township,မအူပင် မြို့နယ်,Aung Bon Village Tract,အောင်ဘုံ ကျေးရွာအုပ်စု,village_tract,,,unmatched,exact_township_name,Source township resolved but CoreMap township id not matched in admin pass
1018202,Ayeyarwady Region,ဧရာဝတီတိုင်းဒေသကြီး,Maubin Township,မအူပင် မြို့နယ်,Ah Lan Village Tract,အလန်း ကျေးရွာအုပ်စု,village_tract,,,unmatched,exact_township_name,Source township resolved but CoreMap township id not matched in admin pass
1018203,Ayeyarwady Region,ဧရာဝတီတိုင်းဒေသကြီး,Maubin Township,မအူပင် မြို့နယ်,Aung Heik Village Tract,အောင်ဟိတ် ကျေးရွာအုပ်စု,village_tract,,,unmatched,exact_township_name,Source township resolved but CoreMap township id not matched in admin pass
1018204,Ayeyarwady Region,ဧရာဝတီတိုင်းဒေသကြီး,Maubin Township,မအူပင် မြို့နယ်,Aing Waing Village Tract,အိုင်ဝိုင်း ကျေးရွာအုပ်စု,village_tract,,,unmatched,exact_township_name,Source township resolved but CoreMap township id not matched in admin pass
1018205,Ayeyarwady Region,ဧရာဝတီတိုင်းဒေသကြီး,Maubin Township,မအူပင် မြို့နယ်,Ah Lan Gyi Village Tract,အလန်းကြီး ကျေးရွာအုပ်စု,village_tract,,,unmatched,exact_township_name,Source township resolved but CoreMap township id not matched in admin pass
1018206,Ayeyarwady Region,ဧရာဝတီတိုင်းဒေသကြီး,Maubin Township,မအူပင် မြို့နယ်,Ah Chan Village Tract,အချန် ကျေးရွာအုပ်စု,village_tract,,,unmatched,exact_township_name,Source township resolved but CoreMap township id not matched in admin pass
1018207,Ayeyarwady Region,ဧရာဝတီတိုင်းဒေသကြီး,Maubin Township,မအူပင် မြို့နယ်,Ah Gar Village Tract,အဂါး ကျေးရွာအုပ်စု,village_tract,,,unmatched,exact_township_name,Source township resolved but CoreMap township id not matched in admin pass
1018208,Ayeyarwady Region,ဧရာဝတီတိုင်းဒေသကြီး,Maubin Township,မအူပင် မြို့နယ်,Bee Lin Village Tract,ဘီးလင်း ကျေးရွာအုပ်စု,village_tract,,,unmatched,exact_township_name,Source township resolved but CoreMap township id not matched in admin pass
1018209,Ayeyarwady Region,ဧရာဝတီတိုင်းဒေသကြီး,Maubin Township,မအူပင် မြို့နယ်,Chauk Village Tract,ခြောက် ကျေးရွာအုပ်စု,village_tract,,,unmatched,exact_township_name,Source township resolved but CoreMap township id not matched in admin pass
1018210,Ayeyarwady Region,ဧရာဝတီတိုင်းဒေသကြီး,Maubin Township,မအူပင် မြို့နယ်,Ein Yar Gyi Village Tract,အိမ်ယာကြီး ကျေးရွာအုပ်စု,village_tract,,,unmatched,exact_township_name,Source township resolved but CoreMap township id not matched in admin pass
1018211,Ayeyarwady Region,ဧရာဝတီတိုင်းဒေသကြီး,Maubin Township,မအူပင် မြို့နယ်,Hman Pin Village Tract,မှန်ပင် ကျေးရွာအုပ်စု,village_tract,,,unmatched,exact_township_name,Source township resolved but CoreMap township id not matched in admin pass
1018212,Ayeyarwady Region,ဧရာဝတီတိုင်းဒေသကြီး,Maubin Township,မအူပင် မြို့နယ်,Inn Ma Village Tract,အင်းမ ကျေးရွာအုပ်စု,village_tract,,,unmatched,exact_township_name,Source township resolved but CoreMap township id not matched in admin pass
1018213,Ayeyarwady Region,ဧရာဝတီတိုင်းဒေသကြီး,Maubin Township,မအူပင် မြို့နယ်,Inn Tay Village Tract,အင်းတေး ကျေးရွာအုပ်စု,village_tract,,,unmatched,exact_township_name,Source township resolved but CoreMap township id not matched in admin pass
1018214,Ayeyarwady Region,ဧရာဝတီတိုင်းဒေသကြီး,Maubin Township,မအူပင် မြို့နယ်,Kyon Nat Taw Village Tract,ကျုံနတ္တော် ကျေးရွာအုပ်စု,village_tract,,,unmatched,exact_township_name,Source township resolved but CoreMap township id not matched in admin pass
1018215,Ayeyarwady Region,ဧရာဝတီတိုင်းဒေသကြီး,Maubin Township,မအူပင် မြို့နယ်,Kywe Done Village Tract,ကျွဲဒုံး ကျေးရွာအုပ်စု,village_tract,,,unmatched,exact_township_name,Source township resolved but CoreMap township id not matched in admin pass
1018216,Ayeyarwady Region,ဧရာဝတီတိုင်းဒေသကြီး,Maubin Township,မအူပင် မြို့နယ်,Kyon War Village Tract,ကျုံဝါး ကျေးရွာအုပ်စု,village_tract,,,unmatched,exact_township_name,Source township resolved but CoreMap township id not matched in admin pass
1018217,Ayeyarwady Region,ဧရာဝတီတိုင်းဒေသကြီး,Maubin Township,မအူပင် မြို့နယ်,Kywe Gat Village Tract,ကျွဲဂါတ် ကျေးရွာအုပ်စု,village_tract,,,unmatched,exact_township_name,Source township resolved but CoreMap township id not matched in admin pass
1018218,Ayeyarwady Region,ဧရာဝတီတိုင်းဒေသကြီး,Maubin Township,မအူပင် မြို့နယ်,Kan Kone Village Tract,ကံကုန်း ကျေးရွာအုပ်စု,village_tract,,,unmatched,exact_township_name,Source township resolved but CoreMap township id not matched in admin pass
1018219,Ayeyarwady Region,ဧရာဝတီတိုင်းဒေသကြီး,Maubin Township,မအူပင် မြို့နယ်,Kun Su Village Tract,ကွန်စု ကျေးရွာအုပ်စု,village_tract,,,unmatched,exact_township_name,Source township resolved but CoreMap township id not matched in admin pass
1018220,Ayeyarwady Region,ဧရာဝတီတိုင်းဒေသကြီး,Maubin Township,မအူပင် မြို့နယ်,Ka Nu Village Tract,ကနူး ကျေးရွာအုပ်စု,village_tract,,,unmatched,exact_township_name,Source township resolved but CoreMap township id not matched in admin pass
1018221,Ayeyarwady Region,ဧရာဝတီတိုင်းဒေသကြီး,Maubin Township,မအူပင် မြို့နယ်,Ka Nin Wa Village Tract,ကနင်ဝ ကျေးရွာအုပ်စု,village_tract,,,unmatched,exact_township_name,Source township resolved but CoreMap township id not matched in admin pass
1018222,Ayeyarwady Region,ဧရာဝတီတိုင်းဒေသကြီး,Maubin Township,မအူပင် မြို့နယ်,Kyee Chaung Village Tract,ကျီးချောင်း ကျေးရွာအုပ်စု,village_tract,,,unmatched,exact_township_name,Source township resolved but CoreMap township id not matched in admin pass
1018223,Ayeyarwady Region,ဧရာဝတီတိုင်းဒေသကြီး,Maubin Township,မအူပင် မြို့နယ်,Kha Naung Htaw Village Tract,ခနောင်ထော် ကျေးရွာအုပ်စု,village_tract,,,unmatched,exact_township_name,Source township resolved but CoreMap township id not matched in admin pass
1018224,Ayeyarwady Region,ဧရာဝတီတိုင်းဒေသကြီး,Maubin Township,မအူပင် မြို့နယ်,Kyon Soke Village Tract,ကျုံစုတ် ကျေးရွာအုပ်စု,village_tract,,,unmatched,exact_township_name,Source township resolved but CoreMap township id not matched in admin pass
1018225,Ayeyarwady Region,ဧရာဝတီတိုင်းဒေသကြီး,Maubin Township,မအူပင် မြို့နယ်,Kyaung Village Tract,ကျောင်း ကျေးရွာအုပ်စု,village_tract,,,unmatched,exact_township_name,Source township resolved but CoreMap township id not matched in admin pass
1018226,Ayeyarwady Region,ဧရာဝတီတိုင်းဒေသကြီး,Maubin Township,မအူပင် မြို့နယ်,Ka Wet Kin Village Tract,ကဝက္ကင်း ကျေးရွာအုပ်စု,village_tract,,,unmatched,exact_township_name,Source township resolved but CoreMap township id not matched in admin pass
1018227,Ayeyarwady Region,ဧရာဝတီတိုင်းဒေသကြီး,Maubin Township,မအူပင် မြို့နယ်,Kyon Thin Village Tract,ကျုံသင် ကျေးရွာအုပ်စု,village_tract,,,unmatched,exact_township_name,Source township resolved but CoreMap township id not matched in admin pass
1018228,Ayeyarwady Region,ဧရာဝတီတိုင်းဒေသကြီး,Maubin Township,မအူပင် မြို့နယ်,Kyon Tar Ka Lay Village Tract,ကျုံတာကလေး ကျေးရွာအုပ်စု,village_tract,,,unmatched,exact_township_name,Source township resolved but CoreMap township id not matched in admin pass
1018229,Ayeyarwady Region,ဧရာဝတီတိုင်းဒေသကြီး,Maubin Township,မအူပင် မြို့နယ်,Kha Naung Village Tract,ခနောင် ကျေးရွာအုပ်စု,village_tract,,,unmatched,exact_township_name,Source township resolved but CoreMap township id not matched in admin pass
1018230,Ayeyarwady Region,ဧရာဝတီတိုင်းဒေသကြီး,Maubin Township,မအူပင် မြို့နယ်,Let Pan Kone Village Tract,လက်ပံကုန်း ကျေးရွာအုပ်စု,village_tract,,,unmatched,exact_township_name,Source township resolved but CoreMap township id not matched in admin pass
1018231,Ayeyarwady Region,ဧရာဝတီတိုင်းဒေသကြီး,Maubin Township,မအူပင် မြို့နယ်,Lay Ein Su Village Tract,လေးအိမ်စု ကျေးရွာအုပ်စု,village_tract,,,unmatched,exact_township_name,Source township resolved but CoreMap township id not matched in admin pass
1018232,Ayeyarwady Region,ဧရာဝတီတိုင်းဒေသကြီး,Maubin Township,မအူပင် မြို့နယ်,Let Kyar Gyi Village Tract,လက်ျားကြီး ကျေးရွာအုပ်စု,village_tract,,,unmatched,exact_township_name,Source township resolved but CoreMap township id not matched in admin pass
1018233,Ayeyarwady Region,ဧရာဝတီတိုင်းဒေသကြီး,Maubin Township,မအူပင် မြို့နယ်,Mee Thway Chaung Village Tract,မီးသွေးချောင်း ကျေးရွာအုပ်စု,village_tract,,,unmatched,exact_township_name,Source township resolved but CoreMap township id not matched in admin pass
1018234,Ayeyarwady Region,ဧရာဝတီတိုင်းဒေသကြီး,Maubin Township,မအူပင် မြို့နယ်,Ma Let To Village Tract,မလက်တို ကျေးရွာအုပ်စု,village_tract,,,unmatched,exact_township_name,Source township resolved but CoreMap township id not matched in admin pass
1018235,Ayeyarwady Region,ဧရာဝတီတိုင်းဒေသကြီး,Maubin Township,မအူပင် မြို့နယ်,Min Baw Village Tract,မင်းဘော ကျေးရွာအုပ်စု,village_tract,,,unmatched,exact_township_name,Source township resolved but CoreMap township id not matched in admin pass
1018236,Ayeyarwady Region,ဧရာဝတီတိုင်းဒေသကြီး,Maubin Township,မအူပင် မြို့နယ်,Nat Sin Village Tract,နတ်စဉ် ကျေးရွာအုပ်စု,village_tract,,,unmatched,exact_township_name,Source township resolved but CoreMap township id not matched in admin pass
1018237,Ayeyarwady Region,ဧရာဝတီတိုင်းဒေသကြီး,Maubin Township,မအူပင် မြို့နယ်,Nga Gyi Ga Yet Village Tract,ငါးကျီးဂရက် ကျေးရွာအုပ်စု,village_tract,,,unmatched,exact_township_name,Source township resolved but CoreMap township id not matched in admin pass
1018238,Ayeyarwady Region,ဧရာဝတီတိုင်းဒေသကြီး,Maubin Township,မအူပင် မြို့နယ်,Nga Hpei Oh Village Tract,ငါးဖယ်အို ကျေးရွာအုပ်စု,village_tract,,,unmatched,exact_township_name,Source township resolved but CoreMap township id not matched in admin pass
1018239,Ayeyarwady Region,ဧရာဝတီတိုင်းဒေသကြီး,Maubin Township,မအူပင် မြို့နယ်,Ngar Hpar Aing Village Tract,ငါးဖားအိုင် ကျေးရွာအုပ်စု,village_tract,,,unmatched,exact_township_name,Source township resolved but CoreMap township id not matched in admin pass
1018240,Ayeyarwady Region,ဧရာဝတီတိုင်းဒေသကြီး,Maubin Township,မအူပင် မြို့နယ်,Nyaung Pin Ga Yet Village Tract,ညောင်ပင်ဂရက် ကျေးရွာအုပ်စု,village_tract,,,unmatched,exact_township_name,Source township resolved but CoreMap township id not matched in admin pass
1018241,Ayeyarwady Region,ဧရာဝတီတိုင်းဒေသကြီး,Maubin Township,မအူပင် မြို့နယ်,Nyaung Waing Village Tract,ညောင်ဝိုင်း ကျေးရွာအုပ်စု,village_tract,,,unmatched,exact_township_name,Source township resolved but CoreMap township id not matched in admin pass
1018242,Ayeyarwady Region,ဧရာဝတီတိုင်းဒေသကြီး,Maubin Township,မအူပင် မြို့နယ်,Hta Yaw Nyaung Waing Village Tract,ထရော်ညောင်ဝိုင်း ကျေးရွာအုပ်စု,village_tract,,,unmatched,exact_township_name,Source township resolved but CoreMap township id not matched in admin pass
1018243,Ayeyarwady Region,ဧရာဝတီတိုင်းဒေသကြီး,Maubin Township,မအူပင် မြို့နယ်,Pay Kone Village Tract,ပေကုန်း ကျေးရွာအုပ်စု,village_tract,,,unmatched,exact_township_name,Source township resolved but CoreMap township id not matched in admin pass
1018244,Ayeyarwady Region,ဧရာဝတီတိုင်းဒေသကြီး,Maubin Township,မအူပင် မြို့နယ်,Pan Pin Su Village Tract,ပန်းပင်စု ကျေးရွာအုပ်စု,village_tract,,,unmatched,exact_township_name,Source township resolved but CoreMap township id not matched in admin pass
1018245,Ayeyarwady Region,ဧရာဝတီတိုင်းဒေသကြီး,Maubin Township,မအူပင် မြို့နယ်,Pe Kho Su Village Tract,ပဲခိုးစု ကျေးရွာအုပ်စု,village_tract,,,unmatched,exact_township_name,Source township resolved but CoreMap township id not matched in admin pass
1018246,Ayeyarwady Region,ဧရာဝတီတိုင်းဒေသကြီး,Maubin Township,မအူပင် မြို့နယ်,Pauk Kone Village Tract,ပေါက်ကုန်း ကျေးရွာအုပ်စု,village_tract,,,unmatched,exact_township_name,Source township resolved but CoreMap township id not matched in admin pass
1018247,Ayeyarwady Region,ဧရာဝတီတိုင်းဒေသကြီး,Maubin Township,မအူပင် မြို့နယ်,Pein Chaung Village Tract,ပိန်းချောင်း ကျေးရွာအုပ်စု,village_tract,,,unmatched,exact_township_name,Source township resolved but CoreMap township id not matched in admin pass
1018248,Ayeyarwady Region,ဧရာဝတီတိုင်းဒေသကြီး,Maubin Township,မအူပင် မြို့နယ်,Pan Ta Put Village Tract,ပံတပွတ် ကျေးရွာအုပ်စု,village_tract,,,unmatched,exact_township_name,Source township resolved but CoreMap township id not matched in admin pass
1018249,Ayeyarwady Region,ဧရာဝတီတိုင်းဒေသကြီး,Maubin Township,မအူပင် မြို့နယ်,Hta Yaw Pay Kone Village Tract,ထရော်ပေကုန်း ကျေးရွာအုပ်စု,village_tract,,,unmatched,exact_township_name,Source township resolved but CoreMap township id not matched in admin pass
1018250,Ayeyarwady Region,ဧရာဝတီတိုင်းဒေသကြီး,Maubin Township,မအူပင် မြို့နယ်,Shwe Hlay Thaung Village Tract,ရွှေလှေသောင် ကျေးရွာအုပ်စု,village_tract,,,unmatched,exact_township_name,Source township resolved but CoreMap township id not matched in admin pass
1018251,Ayeyarwady Region,ဧရာဝတီတိုင်းဒေသကြီး,Maubin Township,မအူပင် မြို့နယ်,Sit Chaung Village Tract,စစ်ချောင်း ကျေးရွာအုပ်စု,village_tract,,,unmatched,exact_township_name,Source township resolved but CoreMap township id not matched in admin pass
1018252,Ayeyarwady Region,ဧရာဝတီတိုင်းဒေသကြီး,Maubin Township,မအူပင် မြို့နယ်,Seik Thar Village Tract,ဆိပ်သာ ကျေးရွာအုပ်စု,village_tract,,,unmatched,exact_township_name,Source township resolved but CoreMap township id not matched in admin pass
1018253,Ayeyarwady Region,ဧရာဝတီတိုင်းဒေသကြီး,Maubin Township,မအူပင် မြို့နယ်,Sun Thaik Village Tract,စွန်သိုက် ကျေးရွာအုပ်စု,village_tract,,,unmatched,exact_township_name,Source township resolved but CoreMap township id not matched in admin pass
1018254,Ayeyarwady Region,ဧရာဝတီတိုင်းဒေသကြီး,Maubin Township,မအူပင် မြို့နယ်,Sagaing Village Tract,စစ်ကိုင်း ကျေးရွာအုပ်စု,village_tract,,,unmatched,exact_township_name,Source township resolved but CoreMap township id not matched in admin pass
1018255,Ayeyarwady Region,ဧရာဝတီတိုင်းဒေသကြီး,Maubin Township,မအူပင် မြို့နယ်,Hta Yaw Sa Khan Gyi Village Tract,ထရော်စခမ်းကြီး ကျေးရွာအုပ်စု,village_tract,,,unmatched,exact_township_name,Source township resolved but CoreMap township id not matched in admin pass
1018256,Ayeyarwady Region,ဧရာဝတီတိုင်းဒေသကြီး,Maubin Township,မအူပင် မြို့နယ်,Thu Htay Kone Village Tract,သူဌေးကုန်း ကျေးရွာအုပ်စု,village_tract,,,unmatched,exact_township_name,Source township resolved but CoreMap township id not matched in admin pass
1018257,Ayeyarwady Region,ဧရာဝတီတိုင်းဒေသကြီး,Maubin Township,မအူပင် မြို့နယ်,Thea Hpyu Village Tract,သဲဖြူ ကျေးရွာအုပ်စု,village_tract,,,unmatched,exact_township_name,Source township resolved but CoreMap township id not matched in admin pass
1018258,Ayeyarwady Region,ဧရာဝတီတိုင်းဒေသကြီး,Maubin Township,မအူပင် မြို့နယ်,Taw Ta Loke Village Tract,တော်တလုပ် ကျေးရွာအုပ်စု,village_tract,,,unmatched,exact_township_name,Source township resolved but CoreMap township id not matched in admin pass
1018259,Ayeyarwady Region,ဧရာဝတီတိုင်းဒေသကြီး,Maubin Township,မအူပင် မြို့နယ်,Thaik Kone Village Tract,သိုက်ကုန်း ကျေးရွာအုပ်စု,village_tract,,,unmatched,exact_township_name,Source township resolved but CoreMap township id not matched in admin pass
1018260,Ayeyarwady Region,ဧရာဝတီတိုင်းဒေသကြီး,Maubin Township,မအူပင် မြို့နယ်,Ta Loke Lat (East) Village Tract,တလုပ်လပ် (အရှေ့) ကျေးရွာအုပ်စု,village_tract,,,unmatched,exact_township_name,Source township resolved but CoreMap township id not matched in admin pass
1018261,Ayeyarwady Region,ဧရာဝတီတိုင်းဒေသကြီး,Maubin Township,မအူပင် မြို့နယ်,Ta Loke Lat (West) Village Tract,တလုပ်လပ် (အနောက်) ကျေးရွာအုပ်စု,village_tract,,,unmatched,exact_township_name,Source township resolved but CoreMap township id not matched in admin pass
1018262,Ayeyarwady Region,ဧရာဝတီတိုင်းဒေသကြီး,Maubin Township,မအူပင် မြို့နယ်,Thar Yar Kone Village Tract,သာယာကုန်း ကျေးရွာအုပ်စု,village_tract,,,unmatched,exact_township_name,Source township resolved but CoreMap township id not matched in admin pass
1018263,Ayeyarwady Region,ဧရာဝတီတိုင်းဒေသကြီး,Maubin Township,မအူပင် မြို့နယ်,Htan Pin Kwayt (East) Village Tract,ထန်းပင်ကွေ့ (အရှေ့) ကျေးရွာအုပ်စု,village_tract,,,unmatched,exact_township_name,Source township resolved but CoreMap township id not matched in admin pass
1018264,Ayeyarwady Region,ဧရာဝတီတိုင်းဒေသကြီး,Maubin Township,မအူပင် မြို့နယ်,Tar Pat (West) Village Tract,တာပါတ် (အနောက်) ကျေးရွာအုပ်စု,village_tract,,,unmatched,exact_township_name,Source township resolved but CoreMap township id not matched in admin pass
1018265,Ayeyarwady Region,ဧရာဝတီတိုင်းဒေသကြီး,Maubin Township,မအူပင် မြို့နယ်,Tar Pat (East) Village Tract,တာပါတ် (အရှေ့) ကျေးရွာအုပ်စု,village_tract,,,unmatched,exact_township_name,Source township resolved but CoreMap township id not matched in admin pass
1018266,Ayeyarwady Region,ဧရာဝတီတိုင်းဒေသကြီး,Maubin Township,မအူပင် မြို့နယ်,Thon Kyaing Village Tract,သုံကြိုင် ကျေးရွာအုပ်စု,village_tract,,,unmatched,exact_township_name,Source township resolved but CoreMap township id not matched in admin pass
1018267,Ayeyarwady Region,ဧရာဝတီတိုင်းဒေသကြီး,Maubin Township,မအူပင် မြို့နယ်,Thone Gwa Village Tract,သုံးခွ ကျေးရွာအုပ်စု,village_tract,,,unmatched,exact_township_name,Source township resolved but CoreMap township id not matched in admin pass
1018268,Ayeyarwady Region,ဧရာဝတီတိုင်းဒေသကြီး,Maubin Township,မအူပင် မြို့နယ်,Hta Nee Village Tract,ထနီး ကျေးရွာအုပ်စု,village_tract,,,unmatched,exact_township_name,Source township resolved but CoreMap township id not matched in admin pass
1018269,Ayeyarwady Region,ဧရာဝတီတိုင်းဒေသကြီး,Maubin Township,မအူပင် မြို့နယ်,Thaung Zar Village Tract,သောင်ဇား ကျေးရွာအုပ်စု,village_tract,,,unmatched,exact_township_name,Source township resolved but CoreMap township id not matched in admin pass
1018270,Ayeyarwady Region,ဧရာဝတီတိုင်းဒေသကြီး,Maubin Township,မအူပင် မြို့နယ်,Hta Yaw Wa Village Tract,ထရော်ဝ ကျေးရွာအုပ်စု,village_tract,,,unmatched,exact_township_name,Source township resolved but CoreMap township id not matched in admin pass
1018271,Ayeyarwady Region,ဧရာဝတီတိုင်းဒေသကြီး,Maubin Township,မအူပင် မြို့နယ်,War Taw Village Tract,ဝါးတော ကျေးရွာအုပ်စု,village_tract,,,unmatched,exact_township_name,Source township resolved but CoreMap township id not matched in admin pass
1018272,Ayeyarwady Region,ဧရာဝတီတိုင်းဒေသကြီး,Maubin Township,မအူပင် မြို့နယ်,Wea Daunt Village Tract,ဝဲဒေါင့် ကျေးရွာအုပ်စု,village_tract,,,unmatched,exact_township_name,Source township resolved but CoreMap township id not matched in admin pass
1018273,Ayeyarwady Region,ဧရာဝတီတိုင်းဒေသကြီး,Maubin Township,မအူပင် မြို့နယ်,Yae Le Gyi Village Tract,ရေလဲကြီး ကျေးရွာအုပ်စု,village_tract,,,unmatched,exact_township_name,Source township resolved but CoreMap township id not matched in admin pass
1018274,Ayeyarwady Region,ဧရာဝတီတိုင်းဒေသကြီး,Maubin Township,မအူပင် မြို့နယ်,Yae Le Ka Lay Village Tract,ရေလဲကလေး ကျေးရွာအုပ်စု,village_tract,,,unmatched,exact_township_name,Source township resolved but CoreMap township id not matched in admin pass
1018275,Ayeyarwady Region,ဧရာဝတီတိုင်းဒေသကြီး,Maubin Township,မအူပင် မြို့နယ်,Shwe Taung Hmaw Village Tract,ရွှေတောင်မှော် ကျေးရွာအုပ်စု,village_tract,,,unmatched,exact_township_name,Source township resolved but CoreMap township id not matched in admin pass
1019001,Ayeyarwady Region,ဧရာဝတီတိုင်းဒေသကြီး,Einme Township,အိမ်မဲ မြို့နယ်,Chaung Wa Paing Quarter,ချောင်းဝပိုင်း ရပ်ကွက်,ward,,,unmatched,exact_township_name,Source township resolved but CoreMap township id not matched in admin pass
1019002,Ayeyarwady Region,ဧရာဝတီတိုင်းဒေသကြီး,Einme Township,အိမ်မဲ မြို့နယ်,Ah Htet Paing Quarter,အထက်ပိုင်း ရပ်ကွက်,ward,,,unmatched,exact_township_name,Source township resolved but CoreMap township id not matched in admin pass
1019003,Ayeyarwady Region,ဧရာဝတီတိုင်းဒေသကြီး,Einme Township,အိမ်မဲ မြို့နယ်,Ein Me Gyi Paing Quarter,အိမ်မဲကြီးပိုင်း ရပ်ကွက်,ward,,,unmatched,exact_township_name,Source township resolved but CoreMap township id not matched in admin pass
1019004,Ayeyarwady Region,ဧရာဝတီတိုင်းဒေသကြီး,Einme Township,အိမ်မဲ မြို့နယ်,Lel Paw Paing Quarter,လယ်ပေါ်ပိုင်း ရပ်ကွက်,ward,,,unmatched,exact_township_name,Source township resolved but CoreMap township id not matched in admin pass
1019005,Ayeyarwady Region,ဧရာဝတီတိုင်းဒေသကြီး,Einme Township,အိမ်မဲ မြို့နယ်,Sar Chun Khan Paing Quarter,စာချွန်ခံပိုင်း ရပ်ကွက်,ward,,,unmatched,exact_township_name,Source township resolved but CoreMap township id not matched in admin pass
1019200,Ayeyarwady Region,ဧရာဝတီတိုင်းဒေသကြီး,Einme Township,အိမ်မဲ မြို့နယ်,Tha Yut Gyi Village Tract,သရွတ်ကြီး ကျေးရွာအုပ်စု,village_tract,,,unmatched,exact_township_name,Source township resolved but CoreMap township id not matched in admin pass
1019201,Ayeyarwady Region,ဧရာဝတီတိုင်းဒေသကြီး,Einme Township,အိမ်မဲ မြို့နယ်,Thone Se Village Tract,သုံးဆယ် ကျေးရွာအုပ်စု,village_tract,,,unmatched,exact_township_name,Source township resolved but CoreMap township id not matched in admin pass
1019202,Ayeyarwady Region,ဧရာဝတီတိုင်းဒေသကြီး,Einme Township,အိမ်မဲ မြို့နယ်,Tha Yet Kone Village Tract,သရက်ကုန်း ကျေးရွာအုပ်စု,village_tract,,,unmatched,exact_township_name,Source township resolved but CoreMap township id not matched in admin pass
1019203,Ayeyarwady Region,ဧရာဝတီတိုင်းဒေသကြီး,Einme Township,အိမ်မဲ မြို့နယ်,Kyaung Su Village Tract,ကျောင်းစု ကျေးရွာအုပ်စု,village_tract,,,unmatched,exact_township_name,Source township resolved but CoreMap township id not matched in admin pass
1019204,Ayeyarwady Region,ဧရာဝတီတိုင်းဒေသကြီး,Einme Township,အိမ်မဲ မြို့နယ်,Ni Sat Gyi Village Tract,နီစပ်ကြီး ကျေးရွာအုပ်စု,village_tract,,,unmatched,exact_township_name,Source township resolved but CoreMap township id not matched in admin pass
1019205,Ayeyarwady Region,ဧရာဝတီတိုင်းဒေသကြီး,Einme Township,အိမ်မဲ မြို့နယ်,Kun Sa Khan Village Tract,ကွန်စခမ်း ကျေးရွာအုပ်စု,village_tract,,,unmatched,exact_township_name,Source township resolved but CoreMap township id not matched in admin pass
1019206,Ayeyarwady Region,ဧရာဝတီတိုင်းဒေသကြီး,Einme Township,အိမ်မဲ မြို့နယ်,Yae Ngan Kwin Village Tract,ရေငံကွင်း ကျေးရွာအုပ်စု,village_tract,,,unmatched,exact_township_name,Source township resolved but CoreMap township id not matched in admin pass
1019207,Ayeyarwady Region,ဧရာဝတီတိုင်းဒေသကြီး,Einme Township,အိမ်မဲ မြို့နယ်,Kyon La Har Village Tract,ကျုံလဟာ ကျေးရွာအုပ်စု,village_tract,,,unmatched,exact_township_name,Source township resolved but CoreMap township id not matched in admin pass
1019208,Ayeyarwady Region,ဧရာဝတီတိုင်းဒေသကြီး,Einme Township,အိမ်မဲ မြို့နယ်,Hle Seik Village Tract,လှည်းဆိပ် ကျေးရွာအုပ်စု,village_tract,,,unmatched,exact_township_name,Source township resolved but CoreMap township id not matched in admin pass
1019209,Ayeyarwady Region,ဧရာဝတီတိုင်းဒေသကြီး,Einme Township,အိမ်မဲ မြို့နယ်,Za Yat Seik Village Tract,ဇရပ်ဆိပ် ကျေးရွာအုပ်စု,village_tract,,,unmatched,exact_township_name,Source township resolved but CoreMap township id not matched in admin pass
1019210,Ayeyarwady Region,ဧရာဝတီတိုင်းဒေသကြီး,Einme Township,အိမ်မဲ မြို့နယ်,Boe Hlaw Yoe Village Tract,ဘိုးလှော်ရိုး ကျေးရွာအုပ်စု,village_tract,,,unmatched,exact_township_name,Source township resolved but CoreMap township id not matched in admin pass
1019211,Ayeyarwady Region,ဧရာဝတီတိုင်းဒေသကြီး,Einme Township,အိမ်မဲ မြို့နယ်,Inn Ma Village Tract,အင်းမ ကျေးရွာအုပ်စု,village_tract,,,unmatched,exact_township_name,Source township resolved but CoreMap township id not matched in admin pass
1019212,Ayeyarwady Region,ဧရာဝတီတိုင်းဒေသကြီး,Einme Township,အိမ်မဲ မြို့နယ်,Sar Hpyu Seik Village Tract,စာဖြူဆိပ် ကျေးရွာအုပ်စု,village_tract,,,unmatched,exact_township_name,Source township resolved but CoreMap township id not matched in admin pass
1019213,Ayeyarwady Region,ဧရာဝတီတိုင်းဒေသကြီး,Einme Township,အိမ်မဲ မြို့နယ်,Yar Zu Yoe Village Tract,ရာဇူရိုး ကျေးရွာအုပ်စု,village_tract,,,unmatched,exact_township_name,Source township resolved but CoreMap township id not matched in admin pass
1019214,Ayeyarwady Region,ဧရာဝတီတိုင်းဒေသကြီး,Einme Township,အိမ်မဲ မြို့နယ်,Kyon Kha Yi Village Tract,ကျုံခရီ ကျေးရွာအုပ်စု,village_tract,,,unmatched,exact_township_name,Source township resolved but CoreMap township id not matched in admin pass
1019215,Ayeyarwady Region,ဧရာဝတီတိုင်းဒေသကြီး,Einme Township,အိမ်မဲ မြို့နယ်,Nyaung Ngu Village Tract,ညောင်ငူ ကျေးရွာအုပ်စု,village_tract,,,unmatched,exact_township_name,Source township resolved but CoreMap township id not matched in admin pass
1019216,Ayeyarwady Region,ဧရာဝတီတိုင်းဒေသကြီး,Einme Township,အိမ်မဲ မြို့နယ်,Ga Yet Gyi Village Tract,ဂယက်ကြီး ကျေးရွာအုပ်စု,village_tract,,,unmatched,exact_township_name,Source township resolved but CoreMap township id not matched in admin pass
1019217,Ayeyarwady Region,ဧရာဝတီတိုင်းဒေသကြီး,Einme Township,အိမ်မဲ မြို့နယ်,Ta Kaw Village Tract,တကော ကျေးရွာအုပ်စု,village_tract,,,unmatched,exact_township_name,Source township resolved but CoreMap township id not matched in admin pass
1019218,Ayeyarwady Region,ဧရာဝတီတိုင်းဒေသကြီး,Einme Township,အိမ်မဲ မြို့နယ်,Yone Taw Village Tract,ရုံးတော ကျေးရွာအုပ်စု,village_tract,,,unmatched,exact_township_name,Source township resolved but CoreMap township id not matched in admin pass
1019219,Ayeyarwady Region,ဧရာဝတီတိုင်းဒေသကြီး,Einme Township,အိမ်မဲ မြို့နယ်,Nyaung Kone Village Tract,ညောင်ကုန်း ကျေးရွာအုပ်စု,village_tract,,,unmatched,exact_township_name,Source township resolved but CoreMap township id not matched in admin pass
1019220,Ayeyarwady Region,ဧရာဝတီတိုင်းဒေသကြီး,Einme Township,အိမ်မဲ မြို့နယ်,Hpa Yar Gyi Kone Village Tract,ဘုရားကြီးကုန်း ကျေးရွာအုပ်စု,village_tract,,,unmatched,exact_township_name,Source township resolved but CoreMap township id not matched in admin pass
1019221,Ayeyarwady Region,ဧရာဝတီတိုင်းဒေသကြီး,Einme Township,အိမ်မဲ မြို့နယ်,Yae Thoe Village Tract,ရေသိုး ကျေးရွာအုပ်စု,village_tract,,,unmatched,exact_township_name,Source township resolved but CoreMap township id not matched in admin pass
1019222,Ayeyarwady Region,ဧရာဝတီတိုင်းဒေသကြီး,Einme Township,အိမ်မဲ မြို့နယ်,Par Ra Mi Daunt Village Tract,ပါရမီဒေါင့် ကျေးရွာအုပ်စု,village_tract,,,unmatched,exact_township_name,Source township resolved but CoreMap township id not matched in admin pass
1019223,Ayeyarwady Region,ဧရာဝတီတိုင်းဒေသကြီး,Einme Township,အိမ်မဲ မြို့နယ်,Htein Ngu Village Tract,ထိန်ငူ ကျေးရွာအုပ်စု,village_tract,,,unmatched,exact_township_name,Source township resolved but CoreMap township id not matched in admin pass
1019224,Ayeyarwady Region,ဧရာဝတီတိုင်းဒေသကြီး,Einme Township,အိမ်မဲ မြို့နယ်,Kan Gyi Daunt Kone Village Tract,ကံကြီးဒေါင့်ကုန်း ကျေးရွာအုပ်စု,village_tract,,,unmatched,exact_township_name,Source township resolved but CoreMap township id not matched in admin pass
1019225,Ayeyarwady Region,ဧရာဝတီတိုင်းဒေသကြီး,Einme Township,အိမ်မဲ မြို့နယ်,Kan Gyi Daunt Village Tract,ကံကြီးဒေါင့် ကျေးရွာအုပ်စု,village_tract,,,unmatched,exact_township_name,Source township resolved but CoreMap township id not matched in admin pass
1019226,Ayeyarwady Region,ဧရာဝတီတိုင်းဒေသကြီး,Einme Township,အိမ်မဲ မြို့နယ်,Htan Ta Pin Village Tract,ထန်းတပင် ကျေးရွာအုပ်စု,village_tract,,,unmatched,exact_township_name,Source township resolved but CoreMap township id not matched in admin pass
1019227,Ayeyarwady Region,ဧရာဝတီတိုင်းဒေသကြီး,Einme Township,အိမ်မဲ မြို့နယ်,Inn Ta Mi Village Tract,အင်းတမိ ကျေးရွာအုပ်စု,village_tract,,,unmatched,exact_township_name,Source township resolved but CoreMap township id not matched in admin pass
1019228,Ayeyarwady Region,ဧရာဝတီတိုင်းဒေသကြီး,Einme Township,အိမ်မဲ မြို့နယ်,Tha Yet Pin Kwin Village Tract,သရက်ပင်ကွင်း ကျေးရွာအုပ်စု,village_tract,,,unmatched,exact_township_name,Source township resolved but CoreMap township id not matched in admin pass
1019229,Ayeyarwady Region,ဧရာဝတီတိုင်းဒေသကြီး,Einme Township,အိမ်မဲ မြို့နယ်,Aing Gyi Village Tract,အိုင်ကြီး ကျေးရွာအုပ်စု,village_tract,,,unmatched,exact_township_name,Source township resolved but CoreMap township id not matched in admin pass
1019230,Ayeyarwady Region,ဧရာဝတီတိုင်းဒေသကြီး,Einme Township,အိမ်မဲ မြို့နယ်,Tha Pyay Kwin Village Tract,သပြေကွင်း ကျေးရွာအုပ်စု,village_tract,,,unmatched,exact_township_name,Source township resolved but CoreMap township id not matched in admin pass
1019231,Ayeyarwady Region,ဧရာဝတီတိုင်းဒေသကြီး,Einme Township,အိမ်မဲ မြို့နယ်,Ohn Pin Su Village Tract,အုံးပင်စု ကျေးရွာအုပ်စု,village_tract,,,unmatched,exact_township_name,Source township resolved but CoreMap township id not matched in admin pass
1019232,Ayeyarwady Region,ဧရာဝတီတိုင်းဒေသကြီး,Einme Township,အိမ်မဲ မြို့နယ်,Ku Village Tract,ကူ ကျေးရွာအုပ်စု,village_tract,,,unmatched,exact_township_name,Source township resolved but CoreMap township id not matched in admin pass
1019233,Ayeyarwady Region,ဧရာဝတီတိုင်းဒေသကြီး,Einme Township,အိမ်မဲ မြို့နယ်,Ka Man Ta Khun Taing Village Tract,ကမန်းတခွန်တိုင် ကျေးရွာအုပ်စု,village_tract,,,unmatched,exact_township_name,Source township resolved but CoreMap township id not matched in admin pass
1019234,Ayeyarwady Region,ဧရာဝတီတိုင်းဒေသကြီး,Einme Township,အိမ်မဲ မြို့နယ်,Ka Man Taung Village Tract,ကမန်းတောင် ကျေးရွာအုပ်စု,village_tract,,,unmatched,exact_township_name,Source township resolved but CoreMap township id not matched in admin pass
1019235,Ayeyarwady Region,ဧရာဝတီတိုင်းဒေသကြီး,Einme Township,အိမ်မဲ မြို့နယ်,Kyoet Kone Village Tract,ကြို့ကုန်း ကျေးရွာအုပ်စု,village_tract,,,unmatched,exact_township_name,Source township resolved but CoreMap township id not matched in admin pass
1019236,Ayeyarwady Region,ဧရာဝတီတိုင်းဒေသကြီး,Einme Township,အိမ်မဲ မြို့နယ်,Ta Loke Kone Village Tract,တလုပ်ကုန်း ကျေးရွာအုပ်စု,village_tract,,,unmatched,exact_township_name,Source township resolved but CoreMap township id not matched in admin pass
1019237,Ayeyarwady Region,ဧရာဝတီတိုင်းဒေသကြီး,Einme Township,အိမ်မဲ မြို့နယ်,Inn Ta Mi Thet Kei Village Tract,အင်းတမိသက္ကယ် ကျေးရွာအုပ်စု,village_tract,,,unmatched,exact_township_name,Source township resolved but CoreMap township id not matched in admin pass
1019238,Ayeyarwady Region,ဧရာဝတီတိုင်းဒေသကြီး,Einme Township,အိမ်မဲ မြို့နယ်,Tha Hpan Pin Seik Village Tract,သဖန်းပင်ဆိပ် ကျေးရွာအုပ်စု,village_tract,,,unmatched,exact_township_name,Source township resolved but CoreMap township id not matched in admin pass
1019239,Ayeyarwady Region,ဧရာဝတီတိုင်းဒေသကြီး,Einme Township,အိမ်မဲ မြို့နယ်,Khat Ti Ya Village Tract,ခတ္တိယ ကျေးရွာအုပ်စု,village_tract,,,unmatched,exact_township_name,Source township resolved but CoreMap township id not matched in admin pass
1019240,Ayeyarwady Region,ဧရာဝတီတိုင်းဒေသကြီး,Einme Township,အိမ်မဲ မြို့နယ်,Kyaik Pi Village Tract,ကျိုက်ပိ ကျေးရွာအုပ်စု,village_tract,,,unmatched,exact_township_name,Source township resolved but CoreMap township id not matched in admin pass
1019241,Ayeyarwady Region,ဧရာဝတီတိုင်းဒေသကြီး,Einme Township,အိမ်မဲ မြို့နယ်,Kwin Ka Lay Village Tract,ကွင်းကလေး ကျေးရွာအုပ်စု,village_tract,,,unmatched,exact_township_name,Source township resolved but CoreMap township id not matched in admin pass
1019242,Ayeyarwady Region,ဧရာဝတီတိုင်းဒေသကြီး,Einme Township,အိမ်မဲ မြို့နယ်,Za Yat Kwin Village Tract,ဇရပ်ကွင်း ကျေးရွာအုပ်စု,village_tract,,,unmatched,exact_township_name,Source township resolved but CoreMap township id not matched in admin pass
1019243,Ayeyarwady Region,ဧရာဝတီတိုင်းဒေသကြီး,Einme Township,အိမ်မဲ မြို့နယ်,Kun Taing Village Tract,ကွန်တိုင်း ကျေးရွာအုပ်စု,village_tract,,,unmatched,exact_township_name,Source township resolved but CoreMap township id not matched in admin pass
1019244,Ayeyarwady Region,ဧရာဝတီတိုင်းဒေသကြီး,Einme Township,အိမ်မဲ မြို့နယ်,Kwin Yar Ta Khun Taing Village Tract,ကွင်းယားတခွန်တိုင် ကျေးရွာအုပ်စု,village_tract,,,unmatched,exact_township_name,Source township resolved but CoreMap township id not matched in admin pass
1019245,Ayeyarwady Region,ဧရာဝတီတိုင်းဒေသကြီး,Einme Township,အိမ်မဲ မြို့နယ်,Ta Man Gyi Village Tract,တမံကြီး ကျေးရွာအုပ်စု,village_tract,,,unmatched,exact_township_name,Source township resolved but CoreMap township id not matched in admin pass
1019246,Ayeyarwady Region,ဧရာဝတီတိုင်းဒေသကြီး,Einme Township,အိမ်မဲ မြို့နယ်,Tha Paung Village Tract,သပေါင်း ကျေးရွာအုပ်စု,village_tract,,,unmatched,exact_township_name,Source township resolved but CoreMap township id not matched in admin pass
1019247,Ayeyarwady Region,ဧရာဝတီတိုင်းဒေသကြီး,Einme Township,အိမ်မဲ မြို့နယ်,Ah Su Gyi Village Tract,အစုကြီး ကျေးရွာအုပ်စု,village_tract,,,unmatched,exact_township_name,Source township resolved but CoreMap township id not matched in admin pass
1019248,Ayeyarwady Region,ဧရာဝတီတိုင်းဒေသကြီး,Einme Township,အိမ်မဲ မြို့နယ်,Ku Lar Kone Village Tract,ကုလားကုန်း ကျေးရွာအုပ်စု,village_tract,,,unmatched,exact_township_name,Source township resolved but CoreMap township id not matched in admin pass
1019249,Ayeyarwady Region,ဧရာဝတီတိုင်းဒေသကြီး,Einme Township,အိမ်မဲ မြို့နယ်,Thee Kwin Village Tract,သီးကွင်း ကျေးရွာအုပ်စု,village_tract,,,unmatched,exact_township_name,Source township resolved but CoreMap township id not matched in admin pass
1019250,Ayeyarwady Region,ဧရာဝတီတိုင်းဒေသကြီး,Einme Township,အိမ်မဲ မြို့နယ်,Pyin Ma Kone Village Tract,ပျဉ်းမကုန်း (အရှေ့) ကျေးရွာအုပ်စု,village_tract,,,unmatched,exact_township_name,Source township resolved but CoreMap township id not matched in admin pass
1019251,Ayeyarwady Region,ဧရာဝတီတိုင်းဒေသကြီး,Einme Township,အိမ်မဲ မြို့နယ်,Kyon Ta Loke Village Tract,ကျုံတလုပ် ကျေးရွာအုပ်စု,village_tract,,,unmatched,exact_township_name,Source township resolved but CoreMap township id not matched in admin pass
1019252,Ayeyarwady Region,ဧရာဝတီတိုင်းဒေသကြီး,Einme Township,အိမ်မဲ မြို့နယ်,Khaung Lan Kone Gyi Village Tract,ခေါင်လံကုန်းကြီး ကျေးရွာအုပ်စု,village_tract,,,unmatched,exact_township_name,Source township resolved but CoreMap township id not matched in admin pass
1019253,Ayeyarwady Region,ဧရာဝတီတိုင်းဒေသကြီး,Einme Township,အိမ်မဲ မြို့နယ်,Nyaung Waing Gyi Village Tract,ညောင်ဝိုင်းကြီး ကျေးရွာအုပ်စု,village_tract,,,unmatched,exact_township_name,Source township resolved but CoreMap township id not matched in admin pass
1019254,Ayeyarwady Region,ဧရာဝတီတိုင်းဒေသကြီး,Einme Township,အိမ်မဲ မြို့နယ်,Ta Khun Taing Ah Nyar Su Village Tract,တခွန်တိုင်အညာစု ကျေးရွာအုပ်စု,village_tract,,,unmatched,exact_township_name,Source township resolved but CoreMap township id not matched in admin pass
1019255,Ayeyarwady Region,ဧရာဝတီတိုင်းဒေသကြီး,Einme Township,အိမ်မဲ မြို့နယ်,Ka Nyin Kone Gyi Village Tract,ကညင်ကုန်းကြီး ကျေးရွာအုပ်စု,village_tract,,,unmatched,exact_township_name,Source township resolved but CoreMap township id not matched in admin pass
1019256,Ayeyarwady Region,ဧရာဝတီတိုင်းဒေသကြီး,Einme Township,အိမ်မဲ မြို့နယ်,Pwe Sar Gon Nyin Tan Village Tract,ပွဲစားဂုံညင်းတန်း ကျေးရွာအုပ်စု,village_tract,,,unmatched,exact_township_name,Source township resolved but CoreMap township id not matched in admin pass
1019257,Ayeyarwady Region,ဧရာဝတီတိုင်းဒေသကြီး,Einme Township,အိမ်မဲ မြို့နယ်,Pa Det Village Tract,ပဒက် ကျေးရွာအုပ်စု,village_tract,,,unmatched,exact_township_name,Source township resolved but CoreMap township id not matched in admin pass
1019258,Ayeyarwady Region,ဧရာဝတီတိုင်းဒေသကြီး,Einme Township,အိမ်မဲ မြို့နယ်,Me Za Li Sar Hpyu Su Village Tract,မဲဇလီစာဖြူစု ကျေးရွာအုပ်စု,village_tract,,,unmatched,exact_township_name,Source township resolved but CoreMap township id not matched in admin pass
1019259,Ayeyarwady Region,ဧရာဝတီတိုင်းဒေသကြီး,Einme Township,အိမ်မဲ မြို့နယ်,War Kha Yei Village Tract,ဝါးခရယ် ကျေးရွာအုပ်စု,village_tract,,,unmatched,exact_township_name,Source township resolved but CoreMap township id not matched in admin pass
1019260,Ayeyarwady Region,ဧရာဝတီတိုင်းဒေသကြီး,Einme Township,အိမ်မဲ မြို့နယ်,Kya Khat Kwayt Village Tract,ကြခတ်ကွေ့ ကျေးရွာအုပ်စု,village_tract,,,unmatched,exact_township_name,Source township resolved but CoreMap township id not matched in admin pass
1019261,Ayeyarwady Region,ဧရာဝတီတိုင်းဒေသကြီး,Einme Township,အိမ်မဲ မြို့နယ်,Htan Lay Pin Village Tract,ထန်းလေးပင် ကျေးရွာအုပ်စု,village_tract,,,unmatched,exact_township_name,Source township resolved but CoreMap township id not matched in admin pass
1019262,Ayeyarwady Region,ဧရာဝတီတိုင်းဒေသကြီး,Einme Township,အိမ်မဲ မြို့နယ်,Kan Su Gyi Kyon Ma Yan Village Tract,ကံစုကြီးကျုံမရမ်း ကျေးရွာအုပ်စု,village_tract,,,unmatched,exact_township_name,Source township resolved but CoreMap township id not matched in admin pass
1019263,Ayeyarwady Region,ဧရာဝတီတိုင်းဒေသကြီး,Einme Township,အိမ်မဲ မြို့နယ်,Kyar Htaw Village Tract,ကြာထော် ကျေးရွာအုပ်စု,village_tract,,,unmatched,exact_township_name,Source township resolved but CoreMap township id not matched in admin pass
1019264,Ayeyarwady Region,ဧရာဝတီတိုင်းဒေသကြီး,Einme Township,အိမ်မဲ မြို့နယ်,Pu Lu Nyaung Waing Village Tract,ပုလုညောင်ဝိုင်း ကျေးရွာအုပ်စု,village_tract,,,unmatched,exact_township_name,Source township resolved but CoreMap township id not matched in admin pass
1019265,Ayeyarwady Region,ဧရာဝတီတိုင်းဒေသကြီး,Einme Township,အိမ်မဲ မြို့နယ်,Me Za Li Village Tract,မဲဇလီ ကျေးရွာအုပ်စု,village_tract,,,unmatched,exact_township_name,Source township resolved but CoreMap township id not matched in admin pass
1019266,Ayeyarwady Region,ဧရာဝတီတိုင်းဒေသကြီး,Einme Township,အိမ်မဲ မြို့နယ်,Gon Nyin Tan Village Tract,ဂုံညင်းတန်း ကျေးရွာအုပ်စု,village_tract,,,unmatched,exact_township_name,Source township resolved but CoreMap township id not matched in admin pass
1019267,Ayeyarwady Region,ဧရာဝတီတိုင်းဒေသကြီး,Einme Township,အိမ်မဲ မြို့နယ်,Shan Su Village Tract,ရှမ်းစု ကျေးရွာအုပ်စု,village_tract,,,unmatched,exact_township_name,Source township resolved but CoreMap township id not matched in admin pass
1019268,Ayeyarwady Region,ဧရာဝတီတိုင်းဒေသကြီး,Einme Township,အိမ်မဲ မြို့နယ်,Ma Yan Pin Village Tract,မရမ်းပင် ကျေးရွာအုပ်စု,village_tract,,,unmatched,exact_township_name,Source township resolved but CoreMap township id not matched in admin pass
1019269,Ayeyarwady Region,ဧရာဝတီတိုင်းဒေသကြီး,Einme Township,အိမ်မဲ မြို့နယ်,Kun Chan Village Tract,ကွမ်းခြံ ကျေးရွာအုပ်စု,village_tract,,,unmatched,exact_township_name,Source township resolved but CoreMap township id not matched in admin pass
1019270,Ayeyarwady Region,ဧရာဝတီတိုင်းဒေသကြီး,Einme Township,အိမ်မဲ မြို့နယ်,Chaung Thar Gyi Village Tract,ချောင်းသာကြီး ကျေးရွာအုပ်စု,village_tract,,,unmatched,exact_township_name,Source township resolved but CoreMap township id not matched in admin pass
1019271,Ayeyarwady Region,ဧရာဝတီတိုင်းဒေသကြီး,Einme Township,အိမ်မဲ မြို့နယ်,Lu Kaung Kyun Village Tract,လူကောင်းကျွန်း ကျေးရွာအုပ်စု,village_tract,,,unmatched,exact_township_name,Source township resolved but CoreMap township id not matched in admin pass
1019272,Ayeyarwady Region,ဧရာဝတီတိုင်းဒေသကြီး,Einme Township,အိမ်မဲ မြို့နယ်,Chauk Ein Tan Village Tract,ခြောက်အိမ်တန်း ကျေးရွာအုပ်စု,village_tract,,,unmatched,exact_township_name,Source township resolved but CoreMap township id not matched in admin pass
1019273,Ayeyarwady Region,ဧရာဝတီတိုင်းဒေသကြီး,Einme Township,အိမ်မဲ မြို့နယ်,Pyin Ma Ngu Village Tract,ပျဉ်းမငူ ကျေးရွာအုပ်စု,village_tract,,,unmatched,exact_township_name,Source township resolved but CoreMap township id not matched in admin pass
1019274,Ayeyarwady Region,ဧရာဝတီတိုင်းဒေသကြီး,Einme Township,အိမ်မဲ မြို့နယ်,Kyon Sein Gyi Village Tract,ကျုံစိန်ကြီး ကျေးရွာအုပ်စု,village_tract,,,unmatched,exact_township_name,Source township resolved but CoreMap township id not matched in admin pass
1019275,Ayeyarwady Region,ဧရာဝတီတိုင်းဒေသကြီး,Einme Township,အိမ်မဲ မြို့နယ်,Kan Pyo Village Tract,ကမ်းပျို ကျေးရွာအုပ်စု,village_tract,,,unmatched,exact_township_name,Source township resolved but CoreMap township id not matched in admin pass
1019276,Ayeyarwady Region,ဧရာဝတီတိုင်းဒေသကြီး,Einme Township,အိမ်မဲ မြို့နယ်,Kha Lauk Thaik Village Tract,ခလောက်သိုက် ကျေးရွာအုပ်စု,village_tract,,,unmatched,exact_township_name,Source township resolved but CoreMap township id not matched in admin pass
1019277,Ayeyarwady Region,ဧရာဝတီတိုင်းဒေသကြီး,Einme Township,အိမ်မဲ မြို့နယ်,Let Pan Kone Village Tract,လက်ပံကုန်း ကျေးရွာအုပ်စု,village_tract,,,unmatched,exact_township_name,Source township resolved but CoreMap township id not matched in admin pass
1019278,Ayeyarwady Region,ဧရာဝတီတိုင်းဒေသကြီး,Einme Township,အိမ်မဲ မြို့နယ်,Ka Nyin Kwin Village Tract,ကညင်ကွင်း ကျေးရွာအုပ်စု,village_tract,,,unmatched,exact_township_name,Source township resolved but CoreMap township id not matched in admin pass
1019279,Ayeyarwady Region,ဧရာဝတီတိုင်းဒေသကြီး,Einme Township,အိမ်မဲ မြို့နယ်,Thea Chaung Village Tract,သဲချောင် ကျေးရွာအုပ်စု,village_tract,,,unmatched,exact_township_name,Source township resolved but CoreMap township id not matched in admin pass
1019280,Ayeyarwady Region,ဧရာဝတီတိုင်းဒေသကြီး,Einme Township,အိမ်မဲ မြို့နယ်,Kyar Na Hpu Village Tract,ကျားနဖူး ကျေးရွာအုပ်စု,village_tract,,,unmatched,exact_township_name,Source township resolved but CoreMap township id not matched in admin pass
1019281,Ayeyarwady Region,ဧရာဝတီတိုင်းဒေသကြီး,Einme Township,အိမ်မဲ မြို့နယ်,Thar Kwin Village Tract,သာကွင်း ကျေးရွာအုပ်စု,village_tract,,,unmatched,exact_township_name,Source township resolved but CoreMap township id not matched in admin pass
1019282,Ayeyarwady Region,ဧရာဝတီတိုင်းဒေသကြီး,Einme Township,အိမ်မဲ မြို့နယ်,Ywar Thit Village Tract,ရွာသစ် ကျေးရွာအုပ်စု,village_tract,,,unmatched,exact_township_name,Source township resolved but CoreMap township id not matched in admin pass
1019283,Ayeyarwady Region,ဧရာဝတီတိုင်းဒေသကြီး,Einme Township,အိမ်မဲ မြို့နယ်,Wea Gyi Wa Village Tract,ဝဲကြီးဝ ကျေးရွာအုပ်စု,village_tract,,,unmatched,exact_township_name,Source township resolved but CoreMap township id not matched in admin pass
1019284,Ayeyarwady Region,ဧရာဝတီတိုင်းဒေသကြီး,Einme Township,အိမ်မဲ မြို့နယ်,Shan Kwin Village Tract,ရှမ်းကွင်း ကျေးရွာအုပ်စု,village_tract,,,unmatched,exact_township_name,Source township resolved but CoreMap township id not matched in admin pass
1019285,Ayeyarwady Region,ဧရာဝတီတိုင်းဒေသကြီး,Einme Township,အိမ်မဲ မြို့နယ်,Tu Myaung Hle Seik Village Tract,တူးမြောင်းလှည်းဆိပ် ကျေးရွာအုပ်စု,village_tract,,,unmatched,exact_township_name,Source township resolved but CoreMap township id not matched in admin pass
1019286,Ayeyarwady Region,ဧရာဝတီတိုင်းဒေသကြီး,Einme Township,အိမ်မဲ မြို့နယ်,Pale Chaung Village Tract,ပုလဲချောင် ကျေးရွာအုပ်စု,village_tract,,,unmatched,exact_township_name,Source township resolved but CoreMap township id not matched in admin pass
1019287,Ayeyarwady Region,ဧရာဝတီတိုင်းဒေသကြီး,Einme Township,အိမ်မဲ မြို့နယ်,Ma Gyi Chaung Village Tract,မကျီးချောင်း ကျေးရွာအုပ်စု,village_tract,,,unmatched,exact_township_name,Source township resolved but CoreMap township id not matched in admin pass
1019288,Ayeyarwady Region,ဧရာဝတီတိုင်းဒေသကြီး,Einme Township,အိမ်မဲ မြို့နယ်,Kyon Ka Ni Village Tract,ကျုံကနိ ကျေးရွာအုပ်စု,village_tract,,,unmatched,exact_township_name,Source township resolved but CoreMap township id not matched in admin pass
1019289,Ayeyarwady Region,ဧရာဝတီတိုင်းဒေသကြီး,Einme Township,အိမ်မဲ မြို့နယ်,Kyon La Mu Nyaung Waing Village Tract,ကျုံလမုညောင်ဝိုင်း ကျေးရွာအုပ်စု,village_tract,,,unmatched,exact_township_name,Source township resolved but CoreMap township id not matched in admin pass
1019290,Ayeyarwady Region,ဧရာဝတီတိုင်းဒေသကြီး,Einme Township,အိမ်မဲ မြို့နယ်,Ah Su Gyi Kyaung Su Village Tract,အစုကြီးကျောင်းစု ကျေးရွာအုပ်စု,village_tract,,,unmatched,exact_township_name,Source township resolved but CoreMap township id not matched in admin pass
1019291,Ayeyarwady Region,ဧရာဝတီတိုင်းဒေသကြီး,Einme Township,အိမ်မဲ မြို့နယ်,Kwin Gyi Village Tract,ကွင်းကြီး ကျေးရွာအုပ်စု,village_tract,,,unmatched,exact_township_name,Source township resolved but CoreMap township id not matched in admin pass
1019292,Ayeyarwady Region,ဧရာဝတီတိုင်းဒေသကြီး,Einme Township,အိမ်မဲ မြို့နယ်,Sat Tu Village Tract,ဆတ္တူ ကျေးရွာအုပ်စု,village_tract,,,unmatched,exact_township_name,Source township resolved but CoreMap township id not matched in admin pass
1019293,Ayeyarwady Region,ဧရာဝတီတိုင်းဒေသကြီး,Einme Township,အိမ်မဲ မြို့နယ်,Shwe Bo Su Village Tract,ရွှေဘိုစု ကျေးရွာအုပ်စု,village_tract,,,unmatched,exact_township_name,Source township resolved but CoreMap township id not matched in admin pass
1019294,Ayeyarwady Region,ဧရာဝတီတိုင်းဒေသကြီး,Einme Township,အိမ်မဲ မြို့နယ်,Ngu Chaung Village Tract,ငုချောင်း ကျေးရွာအုပ်စု,village_tract,,,unmatched,exact_township_name,Source township resolved but CoreMap township id not matched in admin pass
1019295,Ayeyarwady Region,ဧရာဝတီတိုင်းဒေသကြီး,Einme Township,အိမ်မဲ မြို့နယ်,War Ta Loke Village Tract,ဝါးတလုပ် ကျေးရွာအုပ်စု,village_tract,,,unmatched,exact_township_name,Source township resolved but CoreMap township id not matched in admin pass
1019296,Ayeyarwady Region,ဧရာဝတီတိုင်းဒေသကြီး,Einme Township,အိမ်မဲ မြို့နယ်,Kyar Tan Village Tract,ကြာတန်း ကျေးရွာအုပ်စု,village_tract,,,unmatched,exact_township_name,Source township resolved but CoreMap township id not matched in admin pass
1019297,Ayeyarwady Region,ဧရာဝတီတိုင်းဒေသကြီး,Einme Township,အိမ်မဲ မြို့နယ်,Neik Ban Village Tract,နိဗ္ဗန် ကျေးရွာအုပ်စု,village_tract,,,unmatched,exact_township_name,Source township resolved but CoreMap township id not matched in admin pass
1020001,Ayeyarwady Region,ဧရာဝတီတိုင်းဒေသကြီး,Wakema Township,ဝါးခယ်မ မြို့နယ်,Thaw Ka Quarter,သော်က ရပ်ကွက်,ward,,,unmatched,exact_township_name,Source township resolved but CoreMap township id not matched in admin pass
1020002,Ayeyarwady Region,ဧရာဝတီတိုင်းဒေသကြီး,Wakema Township,ဝါးခယ်မ မြို့နယ်,Ta Yoke Tan Quarter,တရုပ်တန်း ရပ်ကွက်,ward,,,unmatched,exact_township_name,Source township resolved but CoreMap township id not matched in admin pass
1020003,Ayeyarwady Region,ဧရာဝတီတိုင်းဒေသကြီး,Wakema Township,ဝါးခယ်မ မြို့နယ်,Hlay Kyin Kone (Hlay Kyin ) Quarter,လှေကျင်းကုန်း ရပ်ကွက်,ward,,,unmatched,exact_township_name,Source township resolved but CoreMap township id not matched in admin pass
1020004,Ayeyarwady Region,ဧရာဝတီတိုင်းဒေသကြီး,Wakema Township,ဝါးခယ်မ မြို့နယ်,Ywar Lel Quarter,ရွာလည် ရပ်ကွက်,ward,,,unmatched,exact_township_name,Source township resolved but CoreMap township id not matched in admin pass
1020005,Ayeyarwady Region,ဧရာဝတီတိုင်းဒေသကြီး,Wakema Township,ဝါးခယ်မ မြို့နယ်,Yae Kyaw Quarter,ရေကျော် ရပ်ကွက်,ward,,,unmatched,exact_township_name,Source township resolved but CoreMap township id not matched in admin pass
1020006,Ayeyarwady Region,ဧရာဝတီတိုင်းဒေသကြီး,Wakema Township,ဝါးခယ်မ မြို့နယ်,Pa Da Myar Quarter,ပတ္တမြား ရပ်ကွက်,ward,,,unmatched,exact_township_name,Source township resolved but CoreMap township id not matched in admin pass
1020007,Ayeyarwady Region,ဧရာဝတီတိုင်းဒေသကြီး,Wakema Township,ဝါးခယ်မ မြို့နယ်,Sar Yay Kone Quarter,စာရေးကုန်း ရပ်ကွက်,ward,,,unmatched,exact_township_name,Source township resolved but CoreMap township id not matched in admin pass
1020008,Ayeyarwady Region,ဧရာဝတီတိုင်းဒေသကြီး,Wakema Township,ဝါးခယ်မ မြို့နယ်,Ywar Thit Quarter,ရွာသစ် ရပ်ကွက်,ward,,,unmatched,exact_township_name,Source township resolved but CoreMap township id not matched in admin pass
1020009,Ayeyarwady Region,ဧရာဝတီတိုင်းဒေသကြီး,Wakema Township,ဝါးခယ်မ မြို့နယ်,Htaw Ka Nwut Quarter,ထော်ကနွတ် ရပ်ကွက်,ward,,,unmatched,exact_township_name,Source township resolved but CoreMap township id not matched in admin pass
1020010,Ayeyarwady Region,ဧရာဝတီတိုင်းဒေသကြီး,Wakema Township,ဝါးခယ်မ မြို့နယ်,Mya Thein Tan Quarter,မြသိန်းတန် ရပ်ကွက်,ward,,,unmatched,exact_township_name,Source township resolved but CoreMap township id not matched in admin pass
1020011,Ayeyarwady Region,ဧရာဝတီတိုင်းဒေသကြီး,Wakema Township,ဝါးခယ်မ မြို့နယ်,Say Yon Quarter,ဆေးရုံ ရပ်ကွက်,ward,,,unmatched,exact_township_name,Source township resolved but CoreMap township id not matched in admin pass
1020012,Ayeyarwady Region,ဧရာဝတီတိုင်းဒေသကြီး,Wakema Township,ဝါးခယ်မ မြို့နယ်,Zay Quarter,ဈေး ရပ်ကွက်,ward,,,unmatched,exact_township_name,Source township resolved but CoreMap township id not matched in admin pass
1020013,Ayeyarwady Region,ဧရာဝတီတိုင်းဒေသကြီး,Wakema Township,ဝါးခယ်မ မြို့နယ်,Min Paing Quarter,မင်းပိုင်း ရပ်ကွက်,ward,,,unmatched,exact_township_name,Source township resolved but CoreMap township id not matched in admin pass
1020014,Ayeyarwady Region,ဧရာဝတီတိုင်းဒေသကြီး,Wakema Township,ဝါးခယ်မ မြို့နယ်,Than Kyoe Taing Quarter,သံကြိုးတိုင် ရပ်ကွက်,ward,,,unmatched,exact_township_name,Source township resolved but CoreMap township id not matched in admin pass
1020200,Ayeyarwady Region,ဧရာဝတီတိုင်းဒေသကြီး,Wakema Township,ဝါးခယ်မ မြို့နယ်,Kyon Hta Yeik Village Tract,ကျုံထရိတ် ကျေးရွာအုပ်စု,village_tract,,,unmatched,exact_township_name,Source township resolved but CoreMap township id not matched in admin pass
1020201,Ayeyarwady Region,ဧရာဝတီတိုင်းဒေသကြီး,Wakema Township,ဝါးခယ်မ မြို့နယ်,Pauk Tein Village Tract,ပေါက်တိန်း ကျေးရွာအုပ်စု,village_tract,,,unmatched,exact_township_name,Source township resolved but CoreMap township id not matched in admin pass
1020202,Ayeyarwady Region,ဧရာဝတီတိုင်းဒေသကြီး,Wakema Township,ဝါးခယ်မ မြို့နယ်,Kyon Ka Pyin Village Tract,ကျုံကပြင် ကျေးရွာအုပ်စု,village_tract,,,unmatched,exact_township_name,Source township resolved but CoreMap township id not matched in admin pass
1020203,Ayeyarwady Region,ဧရာဝတီတိုင်းဒေသကြီး,Wakema Township,ဝါးခယ်မ မြို့နယ်,Wea Gyi Village Tract,ဝဲကြီး ကျေးရွာအုပ်စု,village_tract,,,unmatched,exact_township_name,Source township resolved but CoreMap township id not matched in admin pass
1020204,Ayeyarwady Region,ဧရာဝတီတိုင်းဒေသကြီး,Wakema Township,ဝါးခယ်မ မြို့နယ်,Moe Ma Kha Kone Village Tract,မိုးမခကုန်း ကျေးရွာအုပ်စု,village_tract,,,unmatched,exact_township_name,Source township resolved but CoreMap township id not matched in admin pass
1020205,Ayeyarwady Region,ဧရာဝတီတိုင်းဒေသကြီး,Wakema Township,ဝါးခယ်မ မြို့နယ်,Thet Kei Village Tract,သက္ကယ် ကျေးရွာအုပ်စု,village_tract,,,unmatched,exact_township_name,Source township resolved but CoreMap township id not matched in admin pass
1020206,Ayeyarwady Region,ဧရာဝတီတိုင်းဒေသကြီး,Wakema Township,ဝါးခယ်မ မြို့နယ်,Kan Kwin Village Tract,ကံကွင်း ကျေးရွာအုပ်စု,village_tract,,,unmatched,exact_township_name,Source township resolved but CoreMap township id not matched in admin pass
1020207,Ayeyarwady Region,ဧရာဝတီတိုင်းဒေသကြီး,Wakema Township,ဝါးခယ်မ မြို့နယ်,Au Kyun Village Tract,အူကျွန်း ကျေးရွာအုပ်စု,village_tract,,,unmatched,exact_township_name,Source township resolved but CoreMap township id not matched in admin pass
1020208,Ayeyarwady Region,ဧရာဝတီတိုင်းဒေသကြီး,Wakema Township,ဝါးခယ်မ မြို့နယ်,Ka La Village Tract,ကလ ကျေးရွာအုပ်စု,village_tract,,,unmatched,exact_township_name,Source township resolved but CoreMap township id not matched in admin pass
1020209,Ayeyarwady Region,ဧရာဝတီတိုင်းဒေသကြီး,Wakema Township,ဝါးခယ်မ မြို့နယ်,Kyar Hpyu Village Tract,ကြာဖြူ ကျေးရွာအုပ်စု,village_tract,,,unmatched,exact_township_name,Source township resolved but CoreMap township id not matched in admin pass
1020210,Ayeyarwady Region,ဧရာဝတီတိုင်းဒေသကြီး,Wakema Township,ဝါးခယ်မ မြို့နယ်,Ah La Man Kyaung Su Village Tract,အလမန်းကျောင်းစု ကျေးရွာအုပ်စု,village_tract,,,unmatched,exact_township_name,Source township resolved but CoreMap township id not matched in admin pass
1020211,Ayeyarwady Region,ဧရာဝတီတိုင်းဒေသကြီး,Wakema Township,ဝါးခယ်မ မြို့နယ်,Tu Chaung Village Tract,တူးချောင်း ကျေးရွာအုပ်စု,village_tract,,,unmatched,exact_township_name,Source township resolved but CoreMap township id not matched in admin pass
1020212,Ayeyarwady Region,ဧရာဝတီတိုင်းဒေသကြီး,Wakema Township,ဝါးခယ်မ မြို့နယ်,Kyon Pa Toke Wa Kyon Oe Village Tract,ကျုံပတုပ်ဝကျုံအိုး ကျေးရွာအုပ်စု,village_tract,,,unmatched,exact_township_name,Source township resolved but CoreMap township id not matched in admin pass
1020213,Ayeyarwady Region,ဧရာဝတီတိုင်းဒေသကြီး,Wakema Township,ဝါးခယ်မ မြို့နယ်,Min Lan Ka Sa Ke Village Tract,မင်းလံကစကဲ ကျေးရွာအုပ်စု,village_tract,,,unmatched,exact_township_name,Source township resolved but CoreMap township id not matched in admin pass
1020214,Ayeyarwady Region,ဧရာဝတီတိုင်းဒေသကြီး,Wakema Township,ဝါးခယ်မ မြို့နယ်,Ka Leik Kyon Pa Toke Village Tract,ကလိပ်ကျုံပတုပ် ကျေးရွာအုပ်စု,village_tract,,,unmatched,exact_township_name,Source township resolved but CoreMap township id not matched in admin pass
1020215,Ayeyarwady Region,ဧရာဝတီတိုင်းဒေသကြီး,Wakema Township,ဝါးခယ်မ မြို့နယ်,Let Pan Su Village Tract,လက်ပန်စု ကျေးရွာအုပ်စု,village_tract,,,unmatched,exact_township_name,Source township resolved but CoreMap township id not matched in admin pass
1020216,Ayeyarwady Region,ဧရာဝတီတိုင်းဒေသကြီး,Wakema Township,ဝါးခယ်မ မြို့နယ်,Pay Taw Village Tract,ပေတော ကျေးရွာအုပ်စု,village_tract,,,unmatched,exact_township_name,Source township resolved but CoreMap township id not matched in admin pass
1020217,Ayeyarwady Region,ဧရာဝတီတိုင်းဒေသကြီး,Wakema Township,ဝါးခယ်မ မြို့နယ်,Taik Ku Lar Village Tract,တိုက်ကလား ကျေးရွာအုပ်စု,village_tract,,,unmatched,exact_township_name,Source township resolved but CoreMap township id not matched in admin pass
1020218,Ayeyarwady Region,ဧရာဝတီတိုင်းဒေသကြီး,Wakema Township,ဝါးခယ်မ မြို့နယ်,Ka Ka Taik Village Tract,ကကတိုက် ကျေးရွာအုပ်စု,village_tract,,,unmatched,exact_township_name,Source township resolved but CoreMap township id not matched in admin pass
1020219,Ayeyarwady Region,ဧရာဝတီတိုင်းဒေသကြီး,Wakema Township,ဝါးခယ်မ မြို့နယ်,Shwe Laung Village Tract,ရွှေလောင်း ကျေးရွာအုပ်စု,village_tract,,,unmatched,exact_township_name,Source township resolved but CoreMap township id not matched in admin pass
1020220,Ayeyarwady Region,ဧရာဝတီတိုင်းဒေသကြီး,Wakema Township,ဝါးခယ်မ မြို့နယ်,Kin Wa Gyi Village Tract,ကင်းဝကြီး ကျေးရွာအုပ်စု,village_tract,,,unmatched,exact_township_name,Source township resolved but CoreMap township id not matched in admin pass
1020221,Ayeyarwady Region,ဧရာဝတီတိုင်းဒေသကြီး,Wakema Township,ဝါးခယ်မ မြို့နယ်,Tha Yet Ngu Village Tract,သရက်ငူ ကျေးရွာအုပ်စု,village_tract,,,unmatched,exact_township_name,Source township resolved but CoreMap township id not matched in admin pass
1020222,Ayeyarwady Region,ဧရာဝတီတိုင်းဒေသကြီး,Wakema Township,ဝါးခယ်မ မြို့နယ်,Ah Htet Pay Kone Village Tract,အထက်ပေကုန်း ကျေးရွာအုပ်စု,village_tract,,,unmatched,exact_township_name,Source township resolved but CoreMap township id not matched in admin pass
1020223,Ayeyarwady Region,ဧရာဝတီတိုင်းဒေသကြီး,Wakema Township,ဝါးခယ်မ မြို့နယ်,Tyein Kyun Village Tract,တြိန်းကျွန်း ကျေးရွာအုပ်စု,village_tract,,,unmatched,exact_township_name,Source township resolved but CoreMap township id not matched in admin pass
1020224,Ayeyarwady Region,ဧရာဝတီတိုင်းဒေသကြီး,Wakema Township,ဝါးခယ်မ မြို့နယ်,Kan Pyo Village Tract,ကမ်းပြို ကျေးရွာအုပ်စု,village_tract,,,unmatched,exact_township_name,Source township resolved but CoreMap township id not matched in admin pass
1020225,Ayeyarwady Region,ဧရာဝတီတိုင်းဒေသကြီး,Wakema Township,ဝါးခယ်မ မြို့နယ်,Hin Thar Htone Village Tract,ဟင်္သာထုံး ကျေးရွာအုပ်စု,village_tract,,,unmatched,exact_township_name,Source township resolved but CoreMap township id not matched in admin pass
1020226,Ayeyarwady Region,ဧရာဝတီတိုင်းဒေသကြီး,Wakema Township,ဝါးခယ်မ မြို့နယ်,Ta Khun Taing Sit Tan Village Tract,တံခွန်တိုင်စစ်တန်း ကျေးရွာအုပ်စု,village_tract,,,unmatched,exact_township_name,Source township resolved but CoreMap township id not matched in admin pass
1020227,Ayeyarwady Region,ဧရာဝတီတိုင်းဒေသကြီး,Wakema Township,ဝါးခယ်မ မြို့နယ်,Sat Htone Village Tract,စပ်ထုံး ကျေးရွာအုပ်စု,village_tract,,,unmatched,exact_township_name,Source township resolved but CoreMap township id not matched in admin pass
1020228,Ayeyarwady Region,ဧရာဝတီတိုင်းဒေသကြီး,Wakema Township,ဝါးခယ်မ မြို့နယ်,Sa Par Yoe Village Tract,စပါးရို ကျေးရွာအုပ်စု,village_tract,,,unmatched,exact_township_name,Source township resolved but CoreMap township id not matched in admin pass
1020229,Ayeyarwady Region,ဧရာဝတီတိုင်းဒေသကြီး,Wakema Township,ဝါးခယ်မ မြို့နယ်,Nyaung Ngu Village Tract,ညောင်ငူ ကျေးရွာအုပ်စု,village_tract,,,unmatched,exact_township_name,Source township resolved but CoreMap township id not matched in admin pass
1020230,Ayeyarwady Region,ဧရာဝတီတိုင်းဒေသကြီး,Wakema Township,ဝါးခယ်မ မြို့နယ်,Myauk Khon Village Tract,မြောက်ခုန် ကျေးရွာအုပ်စု,village_tract,,,unmatched,exact_township_name,Source township resolved but CoreMap township id not matched in admin pass
1020231,Ayeyarwady Region,ဧရာဝတီတိုင်းဒေသကြီး,Wakema Township,ဝါးခယ်မ မြို့နယ်,Hti Tan Village Tract,ထိတန် ကျေးရွာအုပ်စု,village_tract,,,unmatched,exact_township_name,Source township resolved but CoreMap township id not matched in admin pass
1020232,Ayeyarwady Region,ဧရာဝတီတိုင်းဒေသကြီး,Wakema Township,ဝါးခယ်မ မြို့နယ်,Ga Yan Village Tract,ဂရမ်း ကျေးရွာအုပ်စု,village_tract,,,unmatched,exact_township_name,Source township resolved but CoreMap township id not matched in admin pass
1020233,Ayeyarwady Region,ဧရာဝတီတိုင်းဒေသကြီး,Wakema Township,ဝါးခယ်မ မြို့နယ်,Mya Goe Lay Village Tract,မြဂိုးလေး ကျေးရွာအုပ်စု,village_tract,,,unmatched,exact_township_name,Source township resolved but CoreMap township id not matched in admin pass
1020234,Ayeyarwady Region,ဧရာဝတီတိုင်းဒေသကြီး,Wakema Township,ဝါးခယ်မ မြို့နယ်,Mya Goe Gyi Village Tract,မြဂိုးကြီး ကျေးရွာအုပ်စု,village_tract,,,unmatched,exact_township_name,Source township resolved but CoreMap township id not matched in admin pass
1020235,Ayeyarwady Region,ဧရာဝတီတိုင်းဒေသကြီး,Wakema Township,ဝါးခယ်မ မြို့နယ်,Hnget Pyaw Chaung Village Tract,ငှက်ပျောချောင်း ကျေးရွာအုပ်စု,village_tract,,,unmatched,exact_township_name,Source township resolved but CoreMap township id not matched in admin pass
1020236,Ayeyarwady Region,ဧရာဝတီတိုင်းဒေသကြီး,Wakema Township,ဝါးခယ်မ မြို့နယ်,Kyar Kwin Kyun Kyar Village Tract,ကြာကွင်းကျွန်းကြား ကျေးရွာအုပ်စု,village_tract,,,unmatched,exact_township_name,Source township resolved but CoreMap township id not matched in admin pass
1020237,Ayeyarwady Region,ဧရာဝတီတိုင်းဒေသကြီး,Wakema Township,ဝါးခယ်မ မြို့နယ်,Htan Lay Pin Village Tract,ထန်းလေးပင် ကျေးရွာအုပ်စု,village_tract,,,unmatched,exact_township_name,Source township resolved but CoreMap township id not matched in admin pass
1020238,Ayeyarwady Region,ဧရာဝတီတိုင်းဒေသကြီး,Wakema Township,ဝါးခယ်မ မြို့နယ်,Hpoet Kha Mi Daunt Village Tract,ဖို့ခမီဒေါင့် ကျေးရွာအုပ်စု,village_tract,,,unmatched,exact_township_name,Source township resolved but CoreMap township id not matched in admin pass
1020239,Ayeyarwady Region,ဧရာဝတီတိုင်းဒေသကြီး,Wakema Township,ဝါးခယ်မ မြို့နယ်,Myit Ka Lay Village Tract,မြစ်ကလေး ကျေးရွာအုပ်စု,village_tract,,,unmatched,exact_township_name,Source township resolved but CoreMap township id not matched in admin pass
1020240,Ayeyarwady Region,ဧရာဝတီတိုင်းဒေသကြီး,Wakema Township,ဝါးခယ်မ မြို့နယ်,Thi Hla Chaung Village Tract,သီလှချောင်း ကျေးရွာအုပ်စု,village_tract,,,unmatched,exact_township_name,Source township resolved but CoreMap township id not matched in admin pass
1020241,Ayeyarwady Region,ဧရာဝတီတိုင်းဒေသကြီး,Wakema Township,ဝါးခယ်မ မြို့နယ်,Ba Lay Village Tract,ဘလေး ကျေးရွာအုပ်စု,village_tract,,,unmatched,exact_township_name,Source township resolved but CoreMap township id not matched in admin pass
1020242,Ayeyarwady Region,ဧရာဝတီတိုင်းဒေသကြီး,Wakema Township,ဝါးခယ်မ မြို့နယ်,Kyon La Tar Village Tract,ကျုံလတာ ကျေးရွာအုပ်စု,village_tract,,,unmatched,exact_township_name,Source township resolved but CoreMap township id not matched in admin pass
1020243,Ayeyarwady Region,ဧရာဝတီတိုင်းဒေသကြီး,Wakema Township,ဝါးခယ်မ မြို့နယ်,Kyon Kha Yar Village Tract,ကျုံခရာ ကျေးရွာအုပ်စု,village_tract,,,unmatched,exact_township_name,Source township resolved but CoreMap township id not matched in admin pass
1020244,Ayeyarwady Region,ဧရာဝတီတိုင်းဒေသကြီး,Wakema Township,ဝါးခယ်မ မြို့နယ်,Tha Ywet Myaik Village Tract,သရွက်မြိုက် ကျေးရွာအုပ်စု,village_tract,,,unmatched,exact_township_name,Source township resolved but CoreMap township id not matched in admin pass
1020245,Ayeyarwady Region,ဧရာဝတီတိုင်းဒေသကြီး,Wakema Township,ဝါးခယ်မ မြို့နယ်,Sit Chaung Village Tract,စစ်ချောင်း ကျေးရွာအုပ်စု,village_tract,,,unmatched,exact_township_name,Source township resolved but CoreMap township id not matched in admin pass
1020246,Ayeyarwady Region,ဧရာဝတီတိုင်းဒေသကြီး,Wakema Township,ဝါးခယ်မ မြို့နယ်,Maung Dee Village Tract,မောင်းဒီး ကျေးရွာအုပ်စု,village_tract,,,unmatched,exact_township_name,Source township resolved but CoreMap township id not matched in admin pass
1020247,Ayeyarwady Region,ဧရာဝတီတိုင်းဒေသကြီး,Wakema Township,ဝါးခယ်မ မြို့နယ်,Pyin Ma Kwin Village Tract,ပျဉ်းမကွင်း ကျေးရွာအုပ်စု,village_tract,,,unmatched,exact_township_name,Source township resolved but CoreMap township id not matched in admin pass
1020248,Ayeyarwady Region,ဧရာဝတီတိုင်းဒေသကြီး,Wakema Township,ဝါးခယ်မ မြို့နယ်,Ka Wea Kywe Ta Lin Village Tract,ကဝဲကျွဲတလင်း ကျေးရွာအုပ်စု,village_tract,,,unmatched,exact_township_name,Source township resolved but CoreMap township id not matched in admin pass
1020249,Ayeyarwady Region,ဧရာဝတီတိုင်းဒေသကြီး,Wakema Township,ဝါးခယ်မ မြို့နယ်,U Peik Htoke Ywar Ma Village Tract,ဦးပိတ္ထုတ်ရွာမ ကျေးရွာအုပ်စု,village_tract,,,unmatched,exact_township_name,Source township resolved but CoreMap township id not matched in admin pass
1020250,Ayeyarwady Region,ဧရာဝတီတိုင်းဒေသကြီး,Wakema Township,ဝါးခယ်မ မြို့နယ်,Ka Ka La Village Tract,ကကလ ကျေးရွာအုပ်စု,village_tract,,,unmatched,exact_township_name,Source township resolved but CoreMap township id not matched in admin pass
1020251,Ayeyarwady Region,ဧရာဝတီတိုင်းဒေသကြီး,Wakema Township,ဝါးခယ်မ မြို့နယ်,Let Pan (Let Pan Taung) Village Tract,လက်ပန် ကျေးရွာအုပ်စု,village_tract,,,unmatched,exact_township_name,Source township resolved but CoreMap township id not matched in admin pass
1020252,Ayeyarwady Region,ဧရာဝတီတိုင်းဒေသကြီး,Wakema Township,ဝါးခယ်မ မြို့နယ်,Lan Tha Maing Ywar Gyi Village Tract,လမ်းသမိုင်းရွာကြီး ကျေးရွာအုပ်စု,village_tract,,,unmatched,exact_township_name,Source township resolved but CoreMap township id not matched in admin pass
1020253,Ayeyarwady Region,ဧရာဝတီတိုင်းဒေသကြီး,Wakema Township,ဝါးခယ်မ မြို့နယ်,Kyon Pauk Village Tract,ကျုံပေါက် ကျေးရွာအုပ်စု,village_tract,,,unmatched,exact_township_name,Source township resolved but CoreMap township id not matched in admin pass
1020254,Ayeyarwady Region,ဧရာဝတီတိုင်းဒေသကြီး,Wakema Township,ဝါးခယ်မ မြို့နယ်,Ka Wea Nyaung Chaung Village Tract,ကဝဲညောင်ချောင်း ကျေးရွာအုပ်စု,village_tract,,,unmatched,exact_township_name,Source township resolved but CoreMap township id not matched in admin pass
1020255,Ayeyarwady Region,ဧရာဝတီတိုင်းဒေသကြီး,Wakema Township,ဝါးခယ်မ မြို့နယ်,Kyon Ka Naung Village Tract,ကျုံကနောင် ကျေးရွာအုပ်စု,village_tract,,,unmatched,exact_township_name,Source township resolved but CoreMap township id not matched in admin pass
1020256,Ayeyarwady Region,ဧရာဝတီတိုင်းဒေသကြီး,Wakema Township,ဝါးခယ်မ မြို့နယ်,Ka Wea Inn Chaung Village Tract,ကဝဲအင်းချောင်း ကျေးရွာအုပ်စု,village_tract,,,unmatched,exact_township_name,Source township resolved but CoreMap township id not matched in admin pass
1020257,Ayeyarwady Region,ဧရာဝတီတိုင်းဒေသကြီး,Wakema Township,ဝါးခယ်မ မြို့နယ်,Kyon Da Yan Than Din Village Tract,ကျုံဒရံသံဒင်း ကျေးရွာအုပ်စု,village_tract,,,unmatched,exact_township_name,Source township resolved but CoreMap township id not matched in admin pass
1020258,Ayeyarwady Region,ဧရာဝတီတိုင်းဒေသကြီး,Wakema Township,ဝါးခယ်မ မြို့နယ်,Htaw Ka Nut Village Tract,ထော်ကနွတ် ကျေးရွာအုပ်စု,village_tract,,,unmatched,exact_township_name,Source township resolved but CoreMap township id not matched in admin pass
1020259,Ayeyarwady Region,ဧရာဝတီတိုင်းဒေသကြီး,Wakema Township,ဝါးခယ်မ မြို့နယ်,U Gyi Taw Village Tract,ဦးကြီးတော် ကျေးရွာအုပ်စု,village_tract,,,unmatched,exact_township_name,Source township resolved but CoreMap township id not matched in admin pass
1020260,Ayeyarwady Region,ဧရာဝတီတိုင်းဒေသကြီး,Wakema Township,ဝါးခယ်မ မြို့နယ်,Taung Au Tha Byu Village Tract,တောင်အူသဗြု ကျေးရွာအုပ်စု,village_tract,,,unmatched,exact_township_name,Source township resolved but CoreMap township id not matched in admin pass
1020261,Ayeyarwady Region,ဧရာဝတီတိုင်းဒေသကြီး,Wakema Township,ဝါးခယ်မ မြို့နယ်,Ah Lan Village Tract,အလန်း ကျေးရွာအုပ်စု,village_tract,,,unmatched,exact_township_name,Source township resolved but CoreMap township id not matched in admin pass
1020262,Ayeyarwady Region,ဧရာဝတီတိုင်းဒေသကြီး,Wakema Township,ဝါးခယ်မ မြို့နယ်,Taung Au Chaung Hpyar Village Tract,တောင်အူချောင်းဖျား ကျေးရွာအုပ်စု,village_tract,,,unmatched,exact_township_name,Source township resolved but CoreMap township id not matched in admin pass
1020263,Ayeyarwady Region,ဧရာဝတီတိုင်းဒေသကြီး,Wakema Township,ဝါးခယ်မ မြို့နယ်,Thea Kone Village Tract,သဲကုန်း ကျေးရွာအုပ်စု,village_tract,,,unmatched,exact_township_name,Source township resolved but CoreMap township id not matched in admin pass
1020264,Ayeyarwady Region,ဧရာဝတီတိုင်းဒေသကြီး,Wakema Township,ဝါးခယ်မ မြို့နယ်,Ba Maw Village Tract,ဗမော် ကျေးရွာအုပ်စု,village_tract,,,unmatched,exact_township_name,Source township resolved but CoreMap township id not matched in admin pass
1020265,Ayeyarwady Region,ဧရာဝတီတိုင်းဒေသကြီး,Wakema Township,ဝါးခယ်မ မြို့နယ်,Yae Lein Village Tract,ရေလိန် ကျေးရွာအုပ်စု,village_tract,,,unmatched,exact_township_name,Source township resolved but CoreMap township id not matched in admin pass
1020266,Ayeyarwady Region,ဧရာဝတီတိုင်းဒေသကြီး,Wakema Township,ဝါးခယ်မ မြို့နယ်,Kyun Kone Village Tract,ကျွန်းကုန်း ကျေးရွာအုပ်စု,village_tract,,,unmatched,exact_township_name,Source township resolved but CoreMap township id not matched in admin pass
1020267,Ayeyarwady Region,ဧရာဝတီတိုင်းဒေသကြီး,Wakema Township,ဝါးခယ်မ မြို့နယ်,Me Za Li Village Tract,မဲဇလီ ကျေးရွာအုပ်စု,village_tract,,,unmatched,exact_township_name,Source township resolved but CoreMap township id not matched in admin pass
1020268,Ayeyarwady Region,ဧရာဝတီတိုင်းဒေသကြီး,Wakema Township,ဝါးခယ်မ မြို့နယ်,Ah Nauk Da Yin Village Tract,အနောက်ဒရင်း ကျေးရွာအုပ်စု,village_tract,,,unmatched,exact_township_name,Source township resolved but CoreMap township id not matched in admin pass
1020269,Ayeyarwady Region,ဧရာဝတီတိုင်းဒေသကြီး,Wakema Township,ဝါးခယ်မ မြို့နယ်,Ah Shey Da Yin Village Tract,အရှေ့ဒရင်း ကျေးရွာအုပ်စု,village_tract,,,unmatched,exact_township_name,Source township resolved but CoreMap township id not matched in admin pass
1020270,Ayeyarwady Region,ဧရာဝတီတိုင်းဒေသကြီး,Wakema Township,ဝါးခယ်မ မြို့နယ်,Zoke Ka Ni Village Tract,ဇုက္ကနိ ကျေးရွာအုပ်စု,village_tract,,,unmatched,exact_township_name,Source township resolved but CoreMap township id not matched in admin pass
1020271,Ayeyarwady Region,ဧရာဝတီတိုင်းဒေသကြီး,Wakema Township,ဝါးခယ်မ မြို့နယ်,Ah Htet Thet Kei Village Tract,အထက်သက္ကယ် ကျေးရွာအုပ်စု,village_tract,,,unmatched,exact_township_name,Source township resolved but CoreMap township id not matched in admin pass
1020272,Ayeyarwady Region,ဧရာဝတီတိုင်းဒေသကြီး,Wakema Township,ဝါးခယ်မ မြို့နယ်,Auk Thet Kei Village Tract,အောက်သက္ကယ် ကျေးရွာအုပ်စု,village_tract,,,unmatched,exact_township_name,Source township resolved but CoreMap township id not matched in admin pass
1020273,Ayeyarwady Region,ဧရာဝတီတိုင်းဒေသကြီး,Wakema Township,ဝါးခယ်မ မြို့နယ်,San Pya Village Tract,စံပြ ကျေးရွာအုပ်စု,village_tract,,,unmatched,exact_township_name,Source township resolved but CoreMap township id not matched in admin pass
1020274,Ayeyarwady Region,ဧရာဝတီတိုင်းဒေသကြီး,Wakema Township,ဝါးခယ်မ မြို့နယ်,Wea Ywar Kyon Sein Village Tract,ဝဲရွာကျုံစိန် ကျေးရွာအုပ်စု,village_tract,,,unmatched,exact_township_name,Source township resolved but CoreMap township id not matched in admin pass
1020275,Ayeyarwady Region,ဧရာဝတီတိုင်းဒေသကြီး,Wakema Township,ဝါးခယ်မ မြို့နယ်,Tha Yet Chaung Village Tract,သရက်ချောင်း ကျေးရွာအုပ်စု,village_tract,,,unmatched,exact_township_name,Source township resolved but CoreMap township id not matched in admin pass
1020276,Ayeyarwady Region,ဧရာဝတီတိုင်းဒေသကြီး,Wakema Township,ဝါးခယ်မ မြို့နယ်,Ta Laing Su Village Tract,တလိုင်းစု ကျေးရွာအုပ်စု,village_tract,,,unmatched,exact_township_name,Source township resolved but CoreMap township id not matched in admin pass
1020277,Ayeyarwady Region,ဧရာဝတီတိုင်းဒေသကြီး,Wakema Township,ဝါးခယ်မ မြို့နယ်,Htee Pa Nan Village Tract,ထီးပနန်း ကျေးရွာအုပ်စု,village_tract,,,unmatched,exact_township_name,Source township resolved but CoreMap township id not matched in admin pass
1020278,Ayeyarwady Region,ဧရာဝတီတိုင်းဒေသကြီး,Wakema Township,ဝါးခယ်မ မြို့နယ်,Kun Chaung Thar Yar Kone Village Tract,ကွမ်းချောင်းသာယာကုန်း ကျေးရွာအုပ်စု,village_tract,,,unmatched,exact_township_name,Source township resolved but CoreMap township id not matched in admin pass
1020279,Ayeyarwady Region,ဧရာဝတီတိုင်းဒေသကြီး,Wakema Township,ဝါးခယ်မ မြို့နယ်,Lan Tha Maing Ywar Lay Village Tract,လမ်းသမိုင်ရွာလေး ကျေးရွာအုပ်စု,village_tract,,,unmatched,exact_township_name,Source township resolved but CoreMap township id not matched in admin pass
1020280,Ayeyarwady Region,ဧရာဝတီတိုင်းဒေသကြီး,Wakema Township,ဝါးခယ်မ မြို့နယ်,Myo Chaung Gyi Village Tract,မြို့ချောင်းကြီး ကျေးရွာအုပ်စု,village_tract,,,unmatched,exact_township_name,Source township resolved but CoreMap township id not matched in admin pass
1020281,Ayeyarwady Region,ဧရာဝတီတိုင်းဒေသကြီး,Wakema Township,ဝါးခယ်မ မြို့နယ်,Myo Chaung Lay Village Tract,မြို့ချောင်းလေး ကျေးရွာအုပ်စု,village_tract,,,unmatched,exact_township_name,Source township resolved but CoreMap township id not matched in admin pass
1020282,Ayeyarwady Region,ဧရာဝတီတိုင်းဒေသကြီး,Wakema Township,ဝါးခယ်မ မြို့နယ်,Hpoe Thar Khway Village Tract,ဖိုးသာခွေး ကျေးရွာအုပ်စု,village_tract,,,unmatched,exact_township_name,Source township resolved but CoreMap township id not matched in admin pass
1020283,Ayeyarwady Region,ဧရာဝတီတိုင်းဒေသကြီး,Wakema Township,ဝါးခယ်မ မြို့နယ်,Ka Na Soe Kone Village Tract,ကနစိုးကုန်း ကျေးရွာအုပ်စု,village_tract,,,unmatched,exact_township_name,Source township resolved but CoreMap township id not matched in admin pass
1020284,Ayeyarwady Region,ဧရာဝတီတိုင်းဒေသကြီး,Wakema Township,ဝါးခယ်မ မြို့နယ်,Gaw Thu Thaung Village Tract,ဂေါ်သူသောင် ကျေးရွာအုပ်စု,village_tract,,,unmatched,exact_township_name,Source township resolved but CoreMap township id not matched in admin pass
1020285,Ayeyarwady Region,ဧရာဝတီတိုင်းဒေသကြီး,Wakema Township,ဝါးခယ်မ မြို့နယ်,Khway Lay Village Tract,ခွေးလေး ကျေးရွာအုပ်စု,village_tract,,,unmatched,exact_township_name,Source township resolved but CoreMap township id not matched in admin pass
1020286,Ayeyarwady Region,ဧရာဝတီတိုင်းဒေသကြီး,Wakema Township,ဝါးခယ်မ မြို့နယ်,Kan Thar Kone Village Tract,ကံသာကုန်း ကျေးရွာအုပ်စု,village_tract,,,unmatched,exact_township_name,Source township resolved but CoreMap township id not matched in admin pass
1020287,Ayeyarwady Region,ဧရာဝတီတိုင်းဒေသကြီး,Wakema Township,ဝါးခယ်မ မြို့နယ်,Nyaung Pin Thar Village Tract,ညောင်ပင်သာ ကျေးရွာအုပ်စု,village_tract,,,unmatched,exact_township_name,Source township resolved but CoreMap township id not matched in admin pass
1020288,Ayeyarwady Region,ဧရာဝတီတိုင်းဒေသကြီး,Wakema Township,ဝါးခယ်မ မြို့နယ်,Sa Lu Chaung Village Tract,စလူချောင်း ကျေးရွာအုပ်စု,village_tract,,,unmatched,exact_township_name,Source township resolved but CoreMap township id not matched in admin pass
1020289,Ayeyarwady Region,ဧရာဝတီတိုင်းဒေသကြီး,Wakema Township,ဝါးခယ်မ မြို့နယ်,Kyon Taing Village Tract,ကျုံတိုင် ကျေးရွာအုပ်စု,village_tract,,,unmatched,exact_township_name,Source township resolved but CoreMap township id not matched in admin pass
1020290,Ayeyarwady Region,ဧရာဝတီတိုင်းဒေသကြီး,Wakema Township,ဝါးခယ်မ မြို့နယ်,Sin Ku Village Tract,ဆင်ကူး ကျေးရွာအုပ်စု,village_tract,,,unmatched,exact_township_name,Source township resolved but CoreMap township id not matched in admin pass
1020291,Ayeyarwady Region,ဧရာဝတီတိုင်းဒေသကြီး,Wakema Township,ဝါးခယ်မ မြို့နယ်,Let Khoke Village Tract,လက်ခုပ် ကျေးရွာအုပ်စု,village_tract,,,unmatched,exact_township_name,Source township resolved but CoreMap township id not matched in admin pass
1020292,Ayeyarwady Region,ဧရာဝတီတိုင်းဒေသကြီး,Wakema Township,ဝါးခယ်မ မြို့နယ်,Ta Dar Gyi Village Tract,တံတားကြီး ကျေးရွာအုပ်စု,village_tract,,,unmatched,exact_township_name,Source township resolved but CoreMap township id not matched in admin pass
1020293,Ayeyarwady Region,ဧရာဝတီတိုင်းဒေသကြီး,Wakema Township,ဝါးခယ်မ မြို့နယ်,Shauk Chaung Village Tract,ရှောက်ချောင်း ကျေးရွာအုပ်စု,village_tract,,,unmatched,exact_township_name,Source township resolved but CoreMap township id not matched in admin pass
1020294,Ayeyarwady Region,ဧရာဝတီတိုင်းဒေသကြီး,Wakema Township,ဝါးခယ်မ မြို့နယ်,Paik Tan Village Tract,ပိုက်တန်း ကျေးရွာအုပ်စု,village_tract,,,unmatched,exact_township_name,Source township resolved but CoreMap township id not matched in admin pass
1020295,Ayeyarwady Region,ဧရာဝတီတိုင်းဒေသကြီး,Wakema Township,ဝါးခယ်မ မြို့နယ်,Be Chaung Village Tract,ဘဲချောင်း ကျေးရွာအုပ်စု,village_tract,,,unmatched,exact_township_name,Source township resolved but CoreMap township id not matched in admin pass
1020296,Ayeyarwady Region,ဧရာဝတီတိုင်းဒေသကြီး,Wakema Township,ဝါးခယ်မ မြို့နယ်,Boe Bay Ah Nyar Su Village Tract,ဘိုးဘေးအညာစု ကျေးရွာအုပ်စု,village_tract,,,unmatched,exact_township_name,Source township resolved but CoreMap township id not matched in admin pass
1020297,Ayeyarwady Region,ဧရာဝတီတိုင်းဒေသကြီး,Wakema Township,ဝါးခယ်မ မြို့နယ်,Kyun Deik Village Tract,ကျွန်းဒိပ် ကျေးရွာအုပ်စု,village_tract,,,unmatched,exact_township_name,Source township resolved but CoreMap township id not matched in admin pass
1020298,Ayeyarwady Region,ဧရာဝတီတိုင်းဒေသကြီး,Wakema Township,ဝါးခယ်မ မြို့နယ်,Aye Chaung Village Tract,အေးချောင်း ကျေးရွာအုပ်စု,village_tract,,,unmatched,exact_township_name,Source township resolved but CoreMap township id not matched in admin pass
1020299,Ayeyarwady Region,ဧရာဝတီတိုင်းဒေသကြီး,Wakema Township,ဝါးခယ်မ မြို့နယ်,Tha Yet Taw Village Tract,သရက်တော ကျေးရွာအုပ်စု,village_tract,,,unmatched,exact_township_name,Source township resolved but CoreMap township id not matched in admin pass
1020300,Ayeyarwady Region,ဧရာဝတီတိုင်းဒေသကြီး,Wakema Township,ဝါးခယ်မ မြို့နယ်,Nant Ae Laung Village Tract,နန့်အဲလောင် ကျေးရွာအုပ်စု,village_tract,,,unmatched,exact_township_name,Source township resolved but CoreMap township id not matched in admin pass
1020301,Ayeyarwady Region,ဧရာဝတီတိုင်းဒေသကြီး,Wakema Township,ဝါးခယ်မ မြို့နယ်,Tha Pyay Chaung Village Tract,သပြေချောင်း ကျေးရွာအုပ်စု,village_tract,,,unmatched,exact_township_name,Source township resolved but CoreMap township id not matched in admin pass
1020302,Ayeyarwady Region,ဧရာဝတီတိုင်းဒေသကြီး,Wakema Township,ဝါးခယ်မ မြို့နယ်,Thit Chaint Village Tract,သစ်ချိုင့် ကျေးရွာအုပ်စု,village_tract,,,unmatched,exact_township_name,Source township resolved but CoreMap township id not matched in admin pass
1020303,Ayeyarwady Region,ဧရာဝတီတိုင်းဒေသကြီး,Wakema Township,ဝါးခယ်မ မြို့နယ်,Ma Yan Chaung Village Tract,မရမ်းချောင်း ကျေးရွာအုပ်စု,village_tract,,,unmatched,exact_township_name,Source township resolved but CoreMap township id not matched in admin pass
1020304,Ayeyarwady Region,ဧရာဝတီတိုင်းဒေသကြီး,Wakema Township,ဝါးခယ်မ မြို့နယ်,Kwin Chaung Village Tract,ကွင်းချောင်း ကျေးရွာအုပ်စု,village_tract,,,unmatched,exact_township_name,Source township resolved but CoreMap township id not matched in admin pass
1020305,Ayeyarwady Region,ဧရာဝတီတိုင်းဒေသကြီး,Wakema Township,ဝါးခယ်မ မြို့နယ်,Kun Thee Chaung Lay Village Tract,ကွမ်းသီးချောင်းလေး ကျေးရွာအုပ်စု,village_tract,,,unmatched,exact_township_name,Source township resolved but CoreMap township id not matched in admin pass
1020306,Ayeyarwady Region,ဧရာဝတီတိုင်းဒေသကြီး,Wakema Township,ဝါးခယ်မ မြို့နယ်,Kyon La Tar Wa Village Tract,ကျုံလတာဝ ကျေးရွာအုပ်စု,village_tract,,,unmatched,exact_township_name,Source township resolved but CoreMap township id not matched in admin pass
1020307,Ayeyarwady Region,ဧရာဝတီတိုင်းဒေသကြီး,Wakema Township,ဝါးခယ်မ မြို့နယ်,Kyun Pyat That Village Tract,ကျွန်းပြသာဒ် ကျေးရွာအုပ်စု,village_tract,,,unmatched,exact_township_name,Source township resolved but CoreMap township id not matched in admin pass
1020308,Ayeyarwady Region,ဧရာဝတီတိုင်းဒေသကြီး,Wakema Township,ဝါးခယ်မ မြို့နယ်,Hnget Kya Village Tract,ငှက်ကျ ကျေးရွာအုပ်စု,village_tract,,,unmatched,exact_township_name,Source township resolved but CoreMap township id not matched in admin pass
1020309,Ayeyarwady Region,ဧရာဝတီတိုင်းဒေသကြီး,Wakema Township,ဝါးခယ်မ မြို့နယ်,Kyon Ma Ngay Village Tract,ကျုံမငေး ကျေးရွာအုပ်စု,village_tract,,,unmatched,exact_township_name,Source township resolved but CoreMap township id not matched in admin pass
1020310,Ayeyarwady Region,ဧရာဝတီတိုင်းဒေသကြီး,Wakema Township,ဝါးခယ်မ မြို့နယ်,Ohn Pin Village Tract,အုံးပင် ကျေးရွာအုပ်စု,village_tract,,,unmatched,exact_township_name,Source township resolved but CoreMap township id not matched in admin pass
1020311,Ayeyarwady Region,ဧရာဝတီတိုင်းဒေသကြီး,Wakema Township,ဝါးခယ်မ မြို့နယ်,Auk Pay Kone Village Tract,အောက်ပေကုန်း ကျေးရွာအုပ်စု,village_tract,,,unmatched,exact_township_name,Source township resolved but CoreMap township id not matched in admin pass
1020312,Ayeyarwady Region,ဧရာဝတီတိုင်းဒေသကြီး,Wakema Township,ဝါးခယ်မ မြို့နယ်,Man Ka Leit Ngu Taw Village Tract,မန်းကလဲ့ငုတော ကျေးရွာအုပ်စု,village_tract,,,unmatched,exact_township_name,Source township resolved but CoreMap township id not matched in admin pass
1020313,Ayeyarwady Region,ဧရာဝတီတိုင်းဒေသကြီး,Wakema Township,ဝါးခယ်မ မြို့နယ်,Tone Le Chaung Village Tract,တုံးလဲချောင်း ကျေးရွာအုပ်စု,village_tract,,,unmatched,exact_township_name,Source township resolved but CoreMap township id not matched in admin pass
1020314,Ayeyarwady Region,ဧရာဝတီတိုင်းဒေသကြီး,Wakema Township,ဝါးခယ်မ မြို့နယ်,Shwe Kone Village Tract,ရွှေကုန်း ကျေးရွာအုပ်စု,village_tract,,,unmatched,exact_township_name,Source township resolved but CoreMap township id not matched in admin pass
1020315,Ayeyarwady Region,ဧရာဝတီတိုင်းဒေသကြီး,Wakema Township,ဝါးခယ်မ မြို့နယ်,Gan Chaung Village Tract,ဂန်ချောင်း ကျေးရွာအုပ်စု,village_tract,,,unmatched,exact_township_name,Source township resolved but CoreMap township id not matched in admin pass
1020316,Ayeyarwady Region,ဧရာဝတီတိုင်းဒေသကြီး,Wakema Township,ဝါးခယ်မ မြို့နယ်,Gway Chaung Village Tract,ဂွေးချောင်း ကျေးရွာအုပ်စု,village_tract,,,unmatched,exact_township_name,Source township resolved but CoreMap township id not matched in admin pass
1020317,Ayeyarwady Region,ဧရာဝတီတိုင်းဒေသကြီး,Wakema Township,ဝါးခယ်မ မြို့နယ်,Peik Tar Lay Village Tract,ပိတ္တာလေး ကျေးရွာအုပ်စု,village_tract,,,unmatched,exact_township_name,Source township resolved but CoreMap township id not matched in admin pass
1020318,Ayeyarwady Region,ဧရာဝတီတိုင်းဒေသကြီး,Wakema Township,ဝါးခယ်မ မြို့နယ်,Tei Pin Village Tract,တယ်ပင် ကျေးရွာအုပ်စု,village_tract,,,unmatched,exact_township_name,Source township resolved but CoreMap township id not matched in admin pass
1020319,Ayeyarwady Region,ဧရာဝတီတိုင်းဒေသကြီး,Wakema Township,ဝါးခယ်မ မြို့နယ်,Saw Ke Village Tract,စော်ကဲ ကျေးရွာအုပ်စု,village_tract,,,unmatched,exact_township_name,Source township resolved but CoreMap township id not matched in admin pass
1020320,Ayeyarwady Region,ဧရာဝတီတိုင်းဒေသကြီး,Wakema Township,ဝါးခယ်မ မြို့နယ်,San Eik Village Tract,စံအိပ် ကျေးရွာအုပ်စု,village_tract,,,unmatched,exact_township_name,Source township resolved but CoreMap township id not matched in admin pass
1020321,Ayeyarwady Region,ဧရာဝတီတိုင်းဒေသကြီး,Wakema Township,ဝါးခယ်မ မြို့နယ်,Myin Ka Kone Village Tract,မြင်းကကုန်း ကျေးရွာအုပ်စု,village_tract,,,unmatched,exact_township_name,Source township resolved but CoreMap township id not matched in admin pass
1020322,Ayeyarwady Region,ဧရာဝတီတိုင်းဒေသကြီး,Wakema Township,ဝါးခယ်မ မြို့နယ်,Thit Hpyu Chaung Village Tract,သစ်ဖြူချောင်း ကျေးရွာအုပ်စု,village_tract,,,unmatched,exact_township_name,Source township resolved but CoreMap township id not matched in admin pass
1020323,Ayeyarwady Region,ဧရာဝတီတိုင်းဒေသကြီး,Wakema Township,ဝါးခယ်မ မြို့နယ်,Pa Day Tha Kone Village Tract,ပဒေသကုန်း ကျေးရွာအုပ်စု,village_tract,,,unmatched,exact_township_name,Source township resolved but CoreMap township id not matched in admin pass
1020324,Ayeyarwady Region,ဧရာဝတီတိုင်းဒေသကြီး,Wakema Township,ဝါးခယ်မ မြို့နယ်,Kya Khat Kone Village Tract,ကြခတ်ကုန်း ကျေးရွာအုပ်စု,village_tract,,,unmatched,exact_township_name,Source township resolved but CoreMap township id not matched in admin pass
1020325,Ayeyarwady Region,ဧရာဝတီတိုင်းဒေသကြီး,Wakema Township,ဝါးခယ်မ မြို့နယ်,Kyon Pa Di Kyon Pa Taw Village Tract,ကျုံပဒီကျုံပတော ကျေးရွာအုပ်စု,village_tract,,,unmatched,exact_township_name,Source township resolved but CoreMap township id not matched in admin pass
1020326,Ayeyarwady Region,ဧရာဝတီတိုင်းဒေသကြီး,Wakema Township,ဝါးခယ်မ မြို့နယ်,Yae Lel Kyun Village Tract,ရေလယ်ကျွန်း ကျေးရွာအုပ်စု,village_tract,,,unmatched,exact_township_name,Source township resolved but CoreMap township id not matched in admin pass
1020327,Ayeyarwady Region,ဧရာဝတီတိုင်းဒေသကြီး,Wakema Township,ဝါးခယ်မ မြို့နယ်,Pan Ku Village Tract,ပန်းကူး ကျေးရွာအုပ်စု,village_tract,,,unmatched,exact_township_name,Source township resolved but CoreMap township id not matched in admin pass
1021001,Ayeyarwady Region,ဧရာဝတီတိုင်းဒေသကြီး,Myaungmya Township,မြောင်းမြ မြို့နယ်,No (1) Quarter,အမှတ် (၁) ရပ်ကွက်,ward,,,unmatched,exact_township_name,Source township resolved but CoreMap township id not matched in admin pass
1021002,Ayeyarwady Region,ဧရာဝတီတိုင်းဒေသကြီး,Myaungmya Township,မြောင်းမြ မြို့နယ်,No (2) Quarter,အမှတ် (၂) ရပ်ကွက်,ward,,,unmatched,exact_township_name,Source township resolved but CoreMap township id not matched in admin pass
1021003,Ayeyarwady Region,ဧရာဝတီတိုင်းဒေသကြီး,Myaungmya Township,မြောင်းမြ မြို့နယ်,No (3) Quarter,အမှတ် (၃) ရပ်ကွက်,ward,,,unmatched,exact_township_name,Source township resolved but CoreMap township id not matched in admin pass
1021004,Ayeyarwady Region,ဧရာဝတီတိုင်းဒေသကြီး,Myaungmya Township,မြောင်းမြ မြို့နယ်,No (4) Quarter,အမှတ် (၄) ရပ်ကွက်,ward,,,unmatched,exact_township_name,Source township resolved but CoreMap township id not matched in admin pass
1021005,Ayeyarwady Region,ဧရာဝတီတိုင်းဒေသကြီး,Myaungmya Township,မြောင်းမြ မြို့နယ်,No (5) Quarter,အမှတ် (၅) ရပ်ကွက်,ward,,,unmatched,exact_township_name,Source township resolved but CoreMap township id not matched in admin pass
1021006,Ayeyarwady Region,ဧရာဝတီတိုင်းဒေသကြီး,Myaungmya Township,မြောင်းမြ မြို့နယ်,No (6) Quarter,အမှတ် (၆) ရပ်ကွက်,ward,,,unmatched,exact_township_name,Source township resolved but CoreMap township id not matched in admin pass
1021007,Ayeyarwady Region,ဧရာဝတီတိုင်းဒေသကြီး,Myaungmya Township,မြောင်းမြ မြို့နယ်,No (7) Quarter,အမှတ် (၇) ရပ်ကွက်,ward,,,unmatched,exact_township_name,Source township resolved but CoreMap township id not matched in admin pass
1021008,Ayeyarwady Region,ဧရာဝတီတိုင်းဒေသကြီး,Myaungmya Township,မြောင်းမြ မြို့နယ်,No (8) Quarter,အမှတ် (၈) ရပ်ကွက်,ward,,,unmatched,exact_township_name,Source township resolved but CoreMap township id not matched in admin pass
1021009,Ayeyarwady Region,ဧရာဝတီတိုင်းဒေသကြီး,Myaungmya Township,မြောင်းမြ မြို့နယ်,No (9) Quarter,အမှတ် (၉) ရပ်ကွက်,ward,,,unmatched,exact_township_name,Source township resolved but CoreMap township id not matched in admin pass
1021010,Ayeyarwady Region,ဧရာဝတီတိုင်းဒေသကြီး,Myaungmya Township,မြောင်းမြ မြို့နယ်,No (10) Quarter,အမှတ် (၁၀) ရပ်ကွက်,ward,,,unmatched,exact_township_name,Source township resolved but CoreMap township id not matched in admin pass
1021011,Ayeyarwady Region,ဧရာဝတီတိုင်းဒေသကြီး,Myaungmya Township,မြောင်းမြ မြို့နယ်,Ma Yan Kone Quarter,မရမ်းကုန်း ရပ်ကွက်,ward,,,unmatched,exact_township_name,Source township resolved but CoreMap township id not matched in admin pass
1021012,Ayeyarwady Region,ဧရာဝတီတိုင်းဒေသကြီး,Myaungmya Township,မြောင်းမြ မြို့နယ်,Kant Kaw Myaing Quarter,ကံ့ကော်မြိုင် ရပ်ကွက်,ward,,,unmatched,exact_township_name,Source township resolved but CoreMap township id not matched in admin pass
1021013,Ayeyarwady Region,ဧရာဝတီတိုင်းဒေသကြီး,Myaungmya Township,မြောင်းမြ မြို့နယ်,Mya Kan Thar Quarter,မြကန်သာ ရပ်ကွက်,ward,,,unmatched,exact_township_name,Source township resolved but CoreMap township id not matched in admin pass
1021014,Ayeyarwady Region,ဧရာဝတီတိုင်းဒေသကြီး,Myaungmya Township,မြောင်းမြ မြို့နယ်,Mya Ya Da Nar Quarter,မြရတနာ ရပ်ကွက်,ward,,,unmatched,exact_township_name,Source township resolved but CoreMap township id not matched in admin pass
1021015,Ayeyarwady Region,ဧရာဝတီတိုင်းဒေသကြီး,Myaungmya Township,မြောင်းမြ မြို့နယ်,Mya Sandar Quarter,မြစန္ဒာ ရပ်ကွက်,ward,,,unmatched,exact_township_name,Source township resolved but CoreMap township id not matched in admin pass
1021016,Ayeyarwady Region,ဧရာဝတီတိုင်းဒေသကြီး,Myaungmya Township,မြောင်းမြ မြို့နယ်,Mya Hay Mar Quarter,မြဟေမာ ရပ်ကွက်,ward,,,unmatched,exact_township_name,Source township resolved but CoreMap township id not matched in admin pass
1021200,Ayeyarwady Region,ဧရာဝတီတိုင်းဒေသကြီး,Myaungmya Township,မြောင်းမြ မြို့နယ်,Kwei Lwei Village Tract,ကွယ်လွယ် ကျေးရွာအုပ်စု,village_tract,,,unmatched,exact_township_name,Source township resolved but CoreMap township id not matched in admin pass
1021201,Ayeyarwady Region,ဧရာဝတီတိုင်းဒေသကြီး,Myaungmya Township,မြောင်းမြ မြို့နယ်,Kone Thar Village Tract,ကုန်းသာကြီး ကျေးရွာအုပ်စု,village_tract,,,unmatched,exact_township_name,Source township resolved but CoreMap township id not matched in admin pass
1021202,Ayeyarwady Region,ဧရာဝတီတိုင်းဒေသကြီး,Myaungmya Township,မြောင်းမြ မြို့နယ်,Kan Gyi Village Tract,ကံကြီး ကျေးရွာအုပ်စု,village_tract,,,unmatched,exact_township_name,Source township resolved but CoreMap township id not matched in admin pass
1021203,Ayeyarwady Region,ဧရာဝတီတိုင်းဒေသကြီး,Myaungmya Township,မြောင်းမြ မြို့နယ်,Taung Ka Lay Village Tract,တောင်ကလေး ကျေးရွာအုပ်စု,village_tract,,,unmatched,exact_township_name,Source township resolved but CoreMap township id not matched in admin pass
1021204,Ayeyarwady Region,ဧရာဝတီတိုင်းဒေသကြီး,Myaungmya Township,မြောင်းမြ မြို့နယ်,Hpa Yar Chaung Village Tract,ဘုရားချောင်း ကျေးရွာအုပ်စု,village_tract,,,unmatched,exact_township_name,Source township resolved but CoreMap township id not matched in admin pass
1021205,Ayeyarwady Region,ဧရာဝတီတိုင်းဒေသကြီး,Myaungmya Township,မြောင်းမြ မြို့နယ်,Kan Chaung (Tha Yaw Bone) Village Tract,ကံချောင် (သရောဘုန်း) ကျေးရွာအုပ်စု,village_tract,,,unmatched,exact_township_name,Source township resolved but CoreMap township id not matched in admin pass
1021206,Ayeyarwady Region,ဧရာဝတီတိုင်းဒေသကြီး,Myaungmya Township,မြောင်းမြ မြို့နယ်,Hnget Pyaw Taw Village Tract,ငှက်ပျောတော ကျေးရွာအုပ်စု,village_tract,,,unmatched,exact_township_name,Source township resolved but CoreMap township id not matched in admin pass
1021207,Ayeyarwady Region,ဧရာဝတီတိုင်းဒေသကြီး,Myaungmya Township,မြောင်းမြ မြို့နယ်,Htaw Ka Loet Village Tract,ထော်ကလို့ ကျေးရွာအုပ်စု,village_tract,,,unmatched,exact_township_name,Source township resolved but CoreMap township id not matched in admin pass
1021208,Ayeyarwady Region,ဧရာဝတီတိုင်းဒေသကြီး,Myaungmya Township,မြောင်းမြ မြို့နယ်,Ta Zin Kone Gyi Village Tract,တဇင်ကုန်းကြီး ကျေးရွာအုပ်စု,village_tract,,,unmatched,exact_township_name,Source township resolved but CoreMap township id not matched in admin pass
1021209,Ayeyarwady Region,ဧရာဝတီတိုင်းဒေသကြီး,Myaungmya Township,မြောင်းမြ မြို့နယ်,Ka Nyin Ge Village Tract,ကညင်ဂဲ ကျေးရွာအုပ်စု,village_tract,,,unmatched,exact_township_name,Source township resolved but CoreMap township id not matched in admin pass
1021210,Ayeyarwady Region,ဧရာဝတီတိုင်းဒေသကြီး,Myaungmya Township,မြောင်းမြ မြို့နယ်,Ka Nyut Kwin Village Tract,ကညွတ်ကွင်း ကျေးရွာအုပ်စု,village_tract,,,unmatched,exact_township_name,Source township resolved but CoreMap township id not matched in admin pass
1021211,Ayeyarwady Region,ဧရာဝတီတိုင်းဒေသကြီး,Myaungmya Township,မြောင်းမြ မြို့နယ်,Htone Bo (Byaing Hpyu) Village Tract,ထုံးဘို (ဗျိုင်းဖြူ) ကျေးရွာအုပ်စု,village_tract,,,unmatched,exact_township_name,Source township resolved but CoreMap township id not matched in admin pass
1021212,Ayeyarwady Region,ဧရာဝတီတိုင်းဒေသကြီး,Myaungmya Township,မြောင်းမြ မြို့နယ်,Moke Soe Kwin Village Tract,မုဆိုးကွင်း ကျေးရွာအုပ်စု,village_tract,,,unmatched,exact_township_name,Source township resolved but CoreMap township id not matched in admin pass
1021213,Ayeyarwady Region,ဧရာဝတီတိုင်းဒေသကြီး,Myaungmya Township,မြောင်းမြ မြို့နယ်,Shan Su Village Tract,ရှမ်းစု ကျေးရွာအုပ်စု,village_tract,,,unmatched,exact_township_name,Source township resolved but CoreMap township id not matched in admin pass
1021214,Ayeyarwady Region,ဧရာဝတီတိုင်းဒေသကြီး,Myaungmya Township,မြောင်းမြ မြို့နယ်,Teit Teit Ku Village Tract,တဲ့တဲ့ကူး ကျေးရွာအုပ်စု,village_tract,,,unmatched,exact_township_name,Source township resolved but CoreMap township id not matched in admin pass
1021215,Ayeyarwady Region,ဧရာဝတီတိုင်းဒေသကြီး,Myaungmya Township,မြောင်းမြ မြို့နယ်,Tha Yaw Bone Village Tract,သရောဘုန်း ကျေးရွာအုပ်စု,village_tract,,,unmatched,exact_township_name,Source township resolved but CoreMap township id not matched in admin pass
1021216,Ayeyarwady Region,ဧရာဝတီတိုင်းဒေသကြီး,Myaungmya Township,မြောင်းမြ မြို့နယ်,Hpa Yar Chaung Ah Su Gyi Village Tract,ဘုရားချောင်းအစုကြီး ကျေးရွာအုပ်စု,village_tract,,,unmatched,exact_township_name,Source township resolved but CoreMap township id not matched in admin pass
1021217,Ayeyarwady Region,ဧရာဝတီတိုင်းဒေသကြီး,Myaungmya Township,မြောင်းမြ မြို့နယ်,Ka Det Kwin Village Tract,ကဒက်ကွင်း ကျေးရွာအုပ်စု,village_tract,,,unmatched,exact_township_name,Source township resolved but CoreMap township id not matched in admin pass
1021218,Ayeyarwady Region,ဧရာဝတီတိုင်းဒေသကြီး,Myaungmya Township,မြောင်းမြ မြို့နယ်,Kan Thar Kone Village Tract,ကံသာကုန်း ကျေးရွာအုပ်စု,village_tract,,,unmatched,exact_township_name,Source township resolved but CoreMap township id not matched in admin pass
1021219,Ayeyarwady Region,ဧရာဝတီတိုင်းဒေသကြီး,Myaungmya Township,မြောင်းမြ မြို့နယ်,Kan Chaung Village Tract,ကံချောင် ကျေးရွာအုပ်စု,village_tract,,,unmatched,exact_township_name,Source township resolved but CoreMap township id not matched in admin pass
1021220,Ayeyarwady Region,ဧရာဝတီတိုင်းဒေသကြီး,Myaungmya Township,မြောင်းမြ မြို့နယ်,Wea Ka Lay Village Tract,ဝဲကလေး ကျေးရွာအုပ်စု,village_tract,,,unmatched,exact_township_name,Source township resolved but CoreMap township id not matched in admin pass
1021221,Ayeyarwady Region,ဧရာဝတီတိုင်းဒေသကြီး,Myaungmya Township,မြောင်းမြ မြို့နယ်,Kyon War Village Tract,ကျုံဝါး ကျေးရွာအုပ်စု,village_tract,,,unmatched,exact_township_name,Source township resolved but CoreMap township id not matched in admin pass
1021222,Ayeyarwady Region,ဧရာဝတီတိုင်းဒေသကြီး,Myaungmya Township,မြောင်းမြ မြို့နယ်,Myin Ka Kwin Village Tract,မြင်းကကွင်း ကျေးရွာအုပ်စု,village_tract,,,unmatched,exact_township_name,Source township resolved but CoreMap township id not matched in admin pass
1021223,Ayeyarwady Region,ဧရာဝတီတိုင်းဒေသကြီး,Myaungmya Township,မြောင်းမြ မြို့နယ်,Bu Din Kwin Village Tract,ဘူဒင်းကွင်း ကျေးရွာအုပ်စု,village_tract,,,unmatched,exact_township_name,Source township resolved but CoreMap township id not matched in admin pass
1021224,Ayeyarwady Region,ဧရာဝတီတိုင်းဒေသကြီး,Myaungmya Township,မြောင်းမြ မြို့နယ်,Tei Chaung Village Tract,တယ်ချောင်း ကျေးရွာအုပ်စု,village_tract,,,unmatched,exact_township_name,Source township resolved but CoreMap township id not matched in admin pass
1021225,Ayeyarwady Region,ဧရာဝတီတိုင်းဒေသကြီး,Myaungmya Township,မြောင်းမြ မြို့နယ်,Mway Taw Shan Su Village Tract,မွေတော်ရှမ်းစု ကျေးရွာအုပ်စု,village_tract,,,unmatched,exact_township_name,Source township resolved but CoreMap township id not matched in admin pass
1021226,Ayeyarwady Region,ဧရာဝတီတိုင်းဒေသကြီး,Myaungmya Township,မြောင်းမြ မြို့နယ်,Kyon Thut Village Tract,ကျုံသွတ် ကျေးရွာအုပ်စု,village_tract,,,unmatched,exact_township_name,Source township resolved but CoreMap township id not matched in admin pass
1021227,Ayeyarwady Region,ဧရာဝတီတိုင်းဒေသကြီး,Myaungmya Township,မြောင်းမြ မြို့နယ်,Kyar Kwin Village Tract,ကျားကွင်း ကျေးရွာအုပ်စု,village_tract,,,unmatched,exact_township_name,Source township resolved but CoreMap township id not matched in admin pass
1021228,Ayeyarwady Region,ဧရာဝတီတိုင်းဒေသကြီး,Myaungmya Township,မြောင်းမြ မြို့နယ်,Ka Nyin Kaing Village Tract,ကညင်ကိုင်း ကျေးရွာအုပ်စု,village_tract,,,unmatched,exact_township_name,Source township resolved but CoreMap township id not matched in admin pass
1021229,Ayeyarwady Region,ဧရာဝတီတိုင်းဒေသကြီး,Myaungmya Township,မြောင်းမြ မြို့နယ်,Ka Nyin Chaung Village Tract,ကညင်ချောင်း ကျေးရွာအုပ်စု,village_tract,,,unmatched,exact_township_name,Source township resolved but CoreMap township id not matched in admin pass
1021230,Ayeyarwady Region,ဧရာဝတီတိုင်းဒေသကြီး,Myaungmya Township,မြောင်းမြ မြို့နယ်,Khway Lay Gyi Village Tract,ခွေးလေးကြီး ကျေးရွာအုပ်စု,village_tract,,,unmatched,exact_township_name,Source township resolved but CoreMap township id not matched in admin pass
1021231,Ayeyarwady Region,ဧရာဝတီတိုင်းဒေသကြီး,Myaungmya Township,မြောင်းမြ မြို့နယ်,Nga Myin Chaung Village Tract,ငါးမြင်းချောင်း ကျေးရွာအုပ်စု,village_tract,,,unmatched,exact_township_name,Source township resolved but CoreMap township id not matched in admin pass
1021232,Ayeyarwady Region,ဧရာဝတီတိုင်းဒေသကြီး,Myaungmya Township,မြောင်းမြ မြို့နယ်,Sin Kwin Village Tract,ဆင်ကွင်း ကျေးရွာအုပ်စု,village_tract,,,unmatched,exact_township_name,Source township resolved but CoreMap township id not matched in admin pass
1021233,Ayeyarwady Region,ဧရာဝတီတိုင်းဒေသကြီး,Myaungmya Township,မြောင်းမြ မြို့နယ်,Sin Ku Kone Hteik Pyaung Village Tract,ဆင်ကူးကုန်းထိပ်ပြောင် ကျေးရွာအုပ်စု,village_tract,,,unmatched,exact_township_name,Source township resolved but CoreMap township id not matched in admin pass
1021234,Ayeyarwady Region,ဧရာဝတီတိုင်းဒေသကြီး,Myaungmya Township,မြောင်းမြ မြို့နယ်,Taung Dee Village Tract,တောင်ဒီး ကျေးရွာအုပ်စု,village_tract,,,unmatched,exact_township_name,Source township resolved but CoreMap township id not matched in admin pass
1021235,Ayeyarwady Region,ဧရာဝတီတိုင်းဒေသကြီး,Myaungmya Township,မြောင်းမြ မြို့နယ်,Htone Bo Mi Chaung Aing Village Tract,ထုံးဘိုမိချောင်းအိုင် ကျေးရွာအုပ်စု,village_tract,,,unmatched,exact_township_name,Source township resolved but CoreMap township id not matched in admin pass
1021236,Ayeyarwady Region,ဧရာဝတီတိုင်းဒေသကြီး,Myaungmya Township,မြောင်းမြ မြို့နယ်,Htan Kone Village Tract,ထန်းကုန်း ကျေးရွာအုပ်စု,village_tract,,,unmatched,exact_township_name,Source township resolved but CoreMap township id not matched in admin pass
1021237,Ayeyarwady Region,ဧရာဝတီတိုင်းဒေသကြီး,Myaungmya Township,မြောင်းမြ မြို့နယ်,Da None Chaung Village Tract,ဓနုံးချောင်း ကျေးရွာအုပ်စု,village_tract,,,unmatched,exact_township_name,Source township resolved but CoreMap township id not matched in admin pass
1021238,Ayeyarwady Region,ဧရာဝတီတိုင်းဒေသကြီး,Myaungmya Township,မြောင်းမြ မြို့နယ်,Pyin Pon Village Tract,ပြင်ပုံ ကျေးရွာအုပ်စု,village_tract,,,unmatched,exact_township_name,Source township resolved but CoreMap township id not matched in admin pass
1021239,Ayeyarwady Region,ဧရာဝတီတိုင်းဒေသကြီး,Myaungmya Township,မြောင်းမြ မြို့နယ်,Poe Laung Village Tract,ပိုးလောင်း ကျေးရွာအုပ်စု,village_tract,,,unmatched,exact_township_name,Source township resolved but CoreMap township id not matched in admin pass
1021240,Ayeyarwady Region,ဧရာဝတီတိုင်းဒေသကြီး,Myaungmya Township,မြောင်းမြ မြို့နယ်,Pyin Ma Kwin Village Tract,ပြင်းမကွင်း ကျေးရွာအုပ်စု,village_tract,,,unmatched,exact_township_name,Source township resolved but CoreMap township id not matched in admin pass
1021241,Ayeyarwady Region,ဧရာဝတီတိုင်းဒေသကြီး,Myaungmya Township,မြောင်းမြ မြို့နယ်,Ba Maw Kun Thee Pin Village Tract,ဗမော်ကွမ်းသီးပင် ကျေးရွာအုပ်စု,village_tract,,,unmatched,exact_township_name,Source township resolved but CoreMap township id not matched in admin pass
1021242,Ayeyarwady Region,ဧရာဝတီတိုင်းဒေသကြီး,Myaungmya Township,မြောင်းမြ မြို့နယ်,Ba Maw Thone Gwa Village Tract,ဗမော်သုံးခွ ကျေးရွာအုပ်စု,village_tract,,,unmatched,exact_township_name,Source township resolved but CoreMap township id not matched in admin pass
1021243,Ayeyarwady Region,ဧရာဝတီတိုင်းဒေသကြီး,Myaungmya Township,မြောင်းမြ မြို့နယ်,Kywet Nwe Chaung Village Tract,ကျွက်နွယ်ချောင်း ကျေးရွာအုပ်စု,village_tract,,,unmatched,exact_township_name,Source township resolved but CoreMap township id not matched in admin pass
1021244,Ayeyarwady Region,ဧရာဝတီတိုင်းဒေသကြီး,Myaungmya Township,မြောင်းမြ မြို့နယ်,Ma Dawt Pin Village Tract,မဒေါ့ပင် ကျေးရွာအုပ်စု,village_tract,,,unmatched,exact_township_name,Source township resolved but CoreMap township id not matched in admin pass
1021245,Ayeyarwady Region,ဧရာဝတီတိုင်းဒေသကြီး,Myaungmya Township,မြောင်းမြ မြို့နယ်,Me Kyaw Village Tract,မဲကျော် ကျေးရွာအုပ်စု,village_tract,,,unmatched,exact_township_name,Source township resolved but CoreMap township id not matched in admin pass
1021246,Ayeyarwady Region,ဧရာဝတီတိုင်းဒေသကြီး,Myaungmya Township,မြောင်းမြ မြို့နယ်,Shan Yae Kyaw Village Tract,ရှမ်းရေကျော် ကျေးရွာအုပ်စု,village_tract,,,unmatched,exact_township_name,Source township resolved but CoreMap township id not matched in admin pass
1021247,Ayeyarwady Region,ဧရာဝတီတိုင်းဒေသကြီး,Myaungmya Township,မြောင်းမြ မြို့နယ်,Kyar Hpu Ngon Village Tract,ကြာဖူးငုံ ကျေးရွာအုပ်စု,village_tract,,,unmatched,exact_township_name,Source township resolved but CoreMap township id not matched in admin pass
1021248,Ayeyarwady Region,ဧရာဝတီတိုင်းဒေသကြီး,Myaungmya Township,မြောင်းမြ မြို့နယ်,Lay Ein Tan Village Tract,လေးအိမ်တန်း ကျေးရွာအုပ်စု,village_tract,,,unmatched,exact_township_name,Source township resolved but CoreMap township id not matched in admin pass
1021249,Ayeyarwady Region,ဧရာဝတီတိုင်းဒေသကြီး,Myaungmya Township,မြောင်းမြ မြို့နယ်,Yae Ngan Village Tract,ရေငန်း ကျေးရွာအုပ်စု,village_tract,,,unmatched,exact_township_name,Source township resolved but CoreMap township id not matched in admin pass
1021250,Ayeyarwady Region,ဧရာဝတီတိုင်းဒေသကြီး,Myaungmya Township,မြောင်းမြ မြို့နယ်,Thein Lar Gat Su Village Tract,သိလ္လာဂါတ်စု ကျေးရွာအုပ်စု,village_tract,,,unmatched,exact_township_name,Source township resolved but CoreMap township id not matched in admin pass
1021251,Ayeyarwady Region,ဧရာဝတီတိုင်းဒေသကြီး,Myaungmya Township,မြောင်းမြ မြို့နယ်,Thein Lar Chaung Hpyar Village Tract,သိလ္လာချောင်းဖျား ကျေးရွာအုပ်စု,village_tract,,,unmatched,exact_township_name,Source township resolved but CoreMap township id not matched in admin pass
1021252,Ayeyarwady Region,ဧရာဝတီတိုင်းဒေသကြီး,Myaungmya Township,မြောင်းမြ မြို့နယ်,Tha Pyay Chaung Village Tract,သပြေချောင် ကျေးရွာအုပ်စု,village_tract,,,unmatched,exact_township_name,Source township resolved but CoreMap township id not matched in admin pass
1021253,Ayeyarwady Region,ဧရာဝတီတိုင်းဒေသကြီး,Myaungmya Township,မြောင်းမြ မြို့နယ်,Ein Ta Lone Village Tract,အိမ်တလုံး ကျေးရွာအုပ်စု,village_tract,,,unmatched,exact_township_name,Source township resolved but CoreMap township id not matched in admin pass
1021254,Ayeyarwady Region,ဧရာဝတီတိုင်းဒေသကြီး,Myaungmya Township,မြောင်းမြ မြို့နယ်,Ohn Pin Village Tract,အုန်းပင်း ကျေးရွာအုပ်စု,village_tract,,,unmatched,exact_township_name,Source township resolved but CoreMap township id not matched in admin pass
1021255,Ayeyarwady Region,ဧရာဝတီတိုင်းဒေသကြီး,Myaungmya Township,မြောင်းမြ မြို့နယ်,Ah Pyin Lay Bet Twar Village Tract,အပြင်လေးဘက်တွား ကျေးရွာအုပ်စု,village_tract,,,unmatched,exact_township_name,Source township resolved but CoreMap township id not matched in admin pass
1021256,Ayeyarwady Region,ဧရာဝတီတိုင်းဒေသကြီး,Myaungmya Township,မြောင်းမြ မြို့နယ်,Ah Twin Lay Bet Twar Village Tract,အတွင်းလေးဘက်တွား ကျေးရွာအုပ်စု,village_tract,,,unmatched,exact_township_name,Source township resolved but CoreMap township id not matched in admin pass
1021257,Ayeyarwady Region,ဧရာဝတီတိုင်းဒေသကြီး,Myaungmya Township,မြောင်းမြ မြို့နယ်,Ka Nyin Kone Village Tract,ကညင်ကုန်း ကျေးရွာအုပ်စု,village_tract,,,unmatched,exact_township_name,Source township resolved but CoreMap township id not matched in admin pass
1021258,Ayeyarwady Region,ဧရာဝတီတိုင်းဒေသကြီး,Myaungmya Township,မြောင်းမြ မြို့နယ်,Kywe Chan Pay Kone Village Tract,ကျွဲခြံပေကုန်း ကျေးရွာအုပ်စု,village_tract,,,unmatched,exact_township_name,Source township resolved but CoreMap township id not matched in admin pass
1021259,Ayeyarwady Region,ဧရာဝတီတိုင်းဒေသကြီး,Myaungmya Township,မြောင်းမြ မြို့နယ်,Ka Ma Kaing Village Tract,ကမကိုင် ကျေးရွာအုပ်စု,village_tract,,,unmatched,exact_township_name,Source township resolved but CoreMap township id not matched in admin pass
1021260,Ayeyarwady Region,ဧရာဝတီတိုင်းဒေသကြီး,Myaungmya Township,မြောင်းမြ မြို့နယ်,Yan Ma Naing Village Tract,ရန်မနိုင် ကျေးရွာအုပ်စု,village_tract,,,unmatched,exact_township_name,Source township resolved but CoreMap township id not matched in admin pass
1021261,Ayeyarwady Region,ဧရာဝတီတိုင်းဒေသကြီး,Myaungmya Township,မြောင်းမြ မြို့နယ်,Sa Ka Myar Village Tract,စကားမြား ကျေးရွာအုပ်စု,village_tract,,,unmatched,exact_township_name,Source township resolved but CoreMap township id not matched in admin pass
1021262,Ayeyarwady Region,ဧရာဝတီတိုင်းဒေသကြီး,Myaungmya Township,မြောင်းမြ မြို့နယ်,Pyin Village Tract,ပြင် ကျေးရွာအုပ်စု,village_tract,,,unmatched,exact_township_name,Source township resolved but CoreMap township id not matched in admin pass
1021263,Ayeyarwady Region,ဧရာဝတီတိုင်းဒေသကြီး,Myaungmya Township,မြောင်းမြ မြို့နယ်,Mee Thway Chaung Village Tract,မီသွေးချောင်း ကျေးရွာအုပ်စု,village_tract,,,unmatched,exact_township_name,Source township resolved but CoreMap township id not matched in admin pass
1021264,Ayeyarwady Region,ဧရာဝတီတိုင်းဒေသကြီး,Myaungmya Township,မြောင်းမြ မြို့နယ်,Lin Daing Kan Ba Lar Village Tract,လင်းဒိုင်းကမ္ဘလာ ကျေးရွာအုပ်စု,village_tract,,,unmatched,exact_township_name,Source township resolved but CoreMap township id not matched in admin pass
1021265,Ayeyarwady Region,ဧရာဝတီတိုင်းဒေသကြီး,Myaungmya Township,မြောင်းမြ မြို့နယ်,La Put Ku Lar Village Tract,လပွတ်ကုလား ကျေးရွာအုပ်စု,village_tract,,,unmatched,exact_township_name,Source township resolved but CoreMap township id not matched in admin pass
1021266,Ayeyarwady Region,ဧရာဝတီတိုင်းဒေသကြီး,Myaungmya Township,မြောင်းမြ မြို့နယ်,Tha Yet Kone Village Tract,သရက်ကုန်း ကျေးရွာအုပ်စု,village_tract,,,unmatched,exact_township_name,Source township resolved but CoreMap township id not matched in admin pass
1021267,Ayeyarwady Region,ဧရာဝတီတိုင်းဒေသကြီး,Myaungmya Township,မြောင်းမြ မြို့နယ်,Kwin Pauk Gyi Village Tract,ကွင်းပေါက်ကြီး ကျေးရွာအုပ်စု,village_tract,,,unmatched,exact_township_name,Source township resolved but CoreMap township id not matched in admin pass
1021268,Ayeyarwady Region,ဧရာဝတီတိုင်းဒေသကြီး,Myaungmya Township,မြောင်းမြ မြို့နယ်,Thone Gwa Kun Chan Village Tract,သုံးခွကွမ်းခြံ ကျေးရွာအုပ်စု,village_tract,,,unmatched,exact_township_name,Source township resolved but CoreMap township id not matched in admin pass
1021269,Ayeyarwady Region,ဧရာဝတီတိုင်းဒေသကြီး,Myaungmya Township,မြောင်းမြ မြို့နယ်,Kyun Ka Lay Village Tract,ကျွန်းကလေး ကျေးရွာအုပ်စု,village_tract,,,unmatched,exact_township_name,Source township resolved but CoreMap township id not matched in admin pass
1021270,Ayeyarwady Region,ဧရာဝတီတိုင်းဒေသကြီး,Myaungmya Township,မြောင်းမြ မြို့နယ်,Nyaung Taw Su Village Tract,ညောင်တောစု ကျေးရွာအုပ်စု,village_tract,,,unmatched,exact_township_name,Source township resolved but CoreMap township id not matched in admin pass
1021271,Ayeyarwady Region,ဧရာဝတီတိုင်းဒေသကြီး,Myaungmya Township,မြောင်းမြ မြို့နယ်,Daunt Gyi Village Tract,ဒေါင့်ကြီး ကျေးရွာအုပ်စု,village_tract,,,unmatched,exact_township_name,Source township resolved but CoreMap township id not matched in admin pass
1021272,Ayeyarwady Region,ဧရာဝတီတိုင်းဒေသကြီး,Myaungmya Township,မြောင်းမြ မြို့နယ်,Ta Pin Chaung Village Tract,တပင်ချောင်း ကျေးရွာအုပ်စု,village_tract,,,unmatched,exact_township_name,Source township resolved but CoreMap township id not matched in admin pass
1021273,Ayeyarwady Region,ဧရာဝတီတိုင်းဒေသကြီး,Myaungmya Township,မြောင်းမြ မြို့နယ်,Ywar Thar Gyi Village Tract,ရွာသာကြီး ကျေးရွာအုပ်စု,village_tract,,,unmatched,exact_township_name,Source township resolved but CoreMap township id not matched in admin pass
1021274,Ayeyarwady Region,ဧရာဝတီတိုင်းဒေသကြီး,Myaungmya Township,မြောင်းမြ မြို့နယ်,Sit Kwin Kun Chan Village Tract,စစ်ကွင်းကွမ်းခြံ ကျေးရွာအုပ်စု,village_tract,,,unmatched,exact_township_name,Source township resolved but CoreMap township id not matched in admin pass
1021275,Ayeyarwady Region,ဧရာဝတီတိုင်းဒေသကြီး,Myaungmya Township,မြောင်းမြ မြို့နယ်,Kyun Deik Village Tract,ကျွန်းဒိပ် ကျေးရွာအုပ်စု,village_tract,,,unmatched,exact_township_name,Source township resolved but CoreMap township id not matched in admin pass
1021276,Ayeyarwady Region,ဧရာဝတီတိုင်းဒေသကြီး,Myaungmya Township,မြောင်းမြ မြို့နယ်,Da Yei Pauk Village Tract,ဒရယ်ပေါက် ကျေးရွာအုပ်စု,village_tract,,,unmatched,exact_township_name,Source township resolved but CoreMap township id not matched in admin pass
1021277,Ayeyarwady Region,ဧရာဝတီတိုင်းဒေသကြီး,Myaungmya Township,မြောင်းမြ မြို့နယ်,Ka Wet Village Tract,ကဝက် ကျေးရွာအုပ်စု,village_tract,,,unmatched,exact_township_name,Source township resolved but CoreMap township id not matched in admin pass
1021278,Ayeyarwady Region,ဧရာဝတီတိုင်းဒေသကြီး,Myaungmya Township,မြောင်းမြ မြို့နယ်,Kyon Tar Moke Soe Ma Village Tract,ကျုံတာမုဆိုးမ ကျေးရွာအုပ်စု,village_tract,,,unmatched,exact_township_name,Source township resolved but CoreMap township id not matched in admin pass
1021279,Ayeyarwady Region,ဧရာဝတီတိုင်းဒေသကြီး,Myaungmya Township,မြောင်းမြ မြို့နယ်,Kyat Khoe Su Village Tract,ကြပ်ခိုးစု ကျေးရွာအုပ်စု,village_tract,,,unmatched,exact_township_name,Source township resolved but CoreMap township id not matched in admin pass
1021280,Ayeyarwady Region,ဧရာဝတီတိုင်းဒေသကြီး,Myaungmya Township,မြောင်းမြ မြို့နယ်,Kan Beit Ka Lay Village Tract,ကံဘဲ့ကလေး ကျေးရွာအုပ်စု,village_tract,,,unmatched,exact_township_name,Source township resolved but CoreMap township id not matched in admin pass
1021281,Ayeyarwady Region,ဧရာဝတီတိုင်းဒေသကြီး,Myaungmya Township,မြောင်းမြ မြို့နယ်,Nga Tan Ta Yar Village Tract,ငါးတန်တရာ ကျေးရွာအုပ်စု,village_tract,,,unmatched,exact_township_name,Source township resolved but CoreMap township id not matched in admin pass
1021282,Ayeyarwady Region,ဧရာဝတီတိုင်းဒေသကြီး,Myaungmya Township,မြောင်းမြ မြို့နယ်,Dar Mya Chaung Village Tract,ဓားမြချောင်း ကျေးရွာအုပ်စု,village_tract,,,unmatched,exact_township_name,Source township resolved but CoreMap township id not matched in admin pass
1021283,Ayeyarwady Region,ဧရာဝတီတိုင်းဒေသကြီး,Myaungmya Township,မြောင်းမြ မြို့နယ်,Lin Daing Let Pan Village Tract,လင်းဒိုင်းလက်ပံ ကျေးရွာအုပ်စု,village_tract,,,unmatched,exact_township_name,Source township resolved but CoreMap township id not matched in admin pass
1021284,Ayeyarwady Region,ဧရာဝတီတိုင်းဒေသကြီး,Myaungmya Township,မြောင်းမြ မြို့နယ်,Tha Yaw Kwayt Village Tract,သရော်ကွေ့ ကျေးရွာအုပ်စု,village_tract,,,unmatched,exact_township_name,Source township resolved but CoreMap township id not matched in admin pass
1021285,Ayeyarwady Region,ဧရာဝတီတိုင်းဒေသကြီး,Myaungmya Township,မြောင်းမြ မြို့နယ်,U Nu Chaung Village Tract,ဦးနုချောင်း ကျေးရွာအုပ်စု,village_tract,,,unmatched,exact_township_name,Source township resolved but CoreMap township id not matched in admin pass
1021286,Ayeyarwady Region,ဧရာဝတီတိုင်းဒေသကြီး,Myaungmya Township,မြောင်းမြ မြို့နယ်,Nyaung Chaung Pway Su Village Tract,ညောင်ချောင်းပွေးစု ကျေးရွာအုပ်စု,village_tract,,,unmatched,exact_township_name,Source township resolved but CoreMap township id not matched in admin pass
1021287,Ayeyarwady Region,ဧရာဝတီတိုင်းဒေသကြီး,Myaungmya Township,မြောင်းမြ မြို့နယ်,Tu Chaung Kyaung Su Village Tract,တူးချောင်းကျောင်းစု ကျေးရွာအုပ်စု,village_tract,,,unmatched,exact_township_name,Source township resolved but CoreMap township id not matched in admin pass
1021288,Ayeyarwady Region,ဧရာဝတီတိုင်းဒေသကြီး,Myaungmya Township,မြောင်းမြ မြို့နယ်,Ta Khun Taing Village Tract,တံခွန်တိုင် ကျေးရွာအုပ်စု,village_tract,,,unmatched,exact_township_name,Source township resolved but CoreMap township id not matched in admin pass
1021289,Ayeyarwady Region,ဧရာဝတီတိုင်းဒေသကြီး,Myaungmya Township,မြောင်းမြ မြို့နယ်,Kwin Pauk Ka Lay Village Tract,ကွင်းပေါက်ကလေး ကျေးရွာအုပ်စု,village_tract,,,unmatched,exact_township_name,Source township resolved but CoreMap township id not matched in admin pass
1021290,Ayeyarwady Region,ဧရာဝတီတိုင်းဒေသကြီး,Myaungmya Township,မြောင်းမြ မြို့နယ်,Ah Su Gyi Village Tract,အစုကြီး ကျေးရွာအုပ်စု,village_tract,,,unmatched,exact_township_name,Source township resolved but CoreMap township id not matched in admin pass
1021291,Ayeyarwady Region,ဧရာဝတီတိုင်းဒေသကြီး,Myaungmya Township,မြောင်းမြ မြို့နယ်,vKun Chan Village Tract,ကွမ်းခြံ ကျေးရွာအုပ်စု,village_tract,,,unmatched,exact_township_name,Source township resolved but CoreMap township id not matched in admin pass
1021292,Ayeyarwady Region,ဧရာဝတီတိုင်းဒေသကြီး,Myaungmya Township,မြောင်းမြ မြို့နယ်,Pa Keik Village Tract,ပကိတ် ကျေးရွာအုပ်စု,village_tract,,,unmatched,exact_township_name,Source township resolved but CoreMap township id not matched in admin pass
1021293,Ayeyarwady Region,ဧရာဝတီတိုင်းဒေသကြီး,Myaungmya Township,မြောင်းမြ မြို့နယ်,Lu Taw Village Tract,လူတော် ကျေးရွာအုပ်စု,village_tract,,,unmatched,exact_township_name,Source township resolved but CoreMap township id not matched in admin pass
1021294,Ayeyarwady Region,ဧရာဝတီတိုင်းဒေသကြီး,Myaungmya Township,မြောင်းမြ မြို့နယ်,Kan Kwin Village Tract,ကံကွင်း ကျေးရွာအုပ်စု,village_tract,,,unmatched,exact_township_name,Source township resolved but CoreMap township id not matched in admin pass
1021295,Ayeyarwady Region,ဧရာဝတီတိုင်းဒေသကြီး,Myaungmya Township,မြောင်းမြ မြို့နယ်,Chaung Kwe Gyi Village Tract,ချောင်းကွဲကြီး ကျေးရွာအုပ်စု,village_tract,,,unmatched,exact_township_name,Source township resolved but CoreMap township id not matched in admin pass
1021296,Ayeyarwady Region,ဧရာဝတီတိုင်းဒေသကြီး,Myaungmya Township,မြောင်းမြ မြို့နယ်,Ngar Yar Bo Village Tract,ငါးရာဘို ကျေးရွာအုပ်စု,village_tract,,,unmatched,exact_township_name,Source township resolved but CoreMap township id not matched in admin pass
1021297,Ayeyarwady Region,ဧရာဝတီတိုင်းဒေသကြီး,Myaungmya Township,မြောင်းမြ မြို့နယ်,Put Kha Yaing Village Tract,ပွတ်ခရိုင် ကျေးရွာအုပ်စု,village_tract,,,unmatched,exact_township_name,Source township resolved but CoreMap township id not matched in admin pass
1022001,Ayeyarwady Region,ဧရာဝတီတိုင်းဒေသကြီး,Mawlamyinegyun Township,မော်လမြိုင်ကျွန်း မြို့နယ်,No (1) Quarter,အမှတ် (၁) ရပ်ကွက်,ward,,,unmatched,exact_township_name,Source township resolved but CoreMap township id not matched in admin pass
1022002,Ayeyarwady Region,ဧရာဝတီတိုင်းဒေသကြီး,Mawlamyinegyun Township,မော်လမြိုင်ကျွန်း မြို့နယ်,No (2) Quarter,အမှတ် (၂) ရပ်ကွက်,ward,,,unmatched,exact_township_name,Source township resolved but CoreMap township id not matched in admin pass
1022003,Ayeyarwady Region,ဧရာဝတီတိုင်းဒေသကြီး,Mawlamyinegyun Township,မော်လမြိုင်ကျွန်း မြို့နယ်,No (3) Quarter,အမှတ် (၃) ရပ်ကွက်,ward,,,unmatched,exact_township_name,Source township resolved but CoreMap township id not matched in admin pass
1022004,Ayeyarwady Region,ဧရာဝတီတိုင်းဒေသကြီး,Mawlamyinegyun Township,မော်လမြိုင်ကျွန်း မြို့နယ်,No (4) Quarter,အမှတ် (၄) ရပ်ကွက်,ward,,,unmatched,exact_township_name,Source township resolved but CoreMap township id not matched in admin pass
1022005,Ayeyarwady Region,ဧရာဝတီတိုင်းဒေသကြီး,Mawlamyinegyun Township,မော်လမြိုင်ကျွန်း မြို့နယ်,No (5) Quarter,အမှတ် (၅) ရပ်ကွက်,ward,,,unmatched,exact_township_name,Source township resolved but CoreMap township id not matched in admin pass
1022006,Ayeyarwady Region,ဧရာဝတီတိုင်းဒေသကြီး,Mawlamyinegyun Township,မော်လမြိုင်ကျွန်း မြို့နယ်,No (6) Quarter,အမှတ် (၆) ရပ်ကွက်,ward,,,unmatched,exact_township_name,Source township resolved but CoreMap township id not matched in admin pass
1022007,Ayeyarwady Region,ဧရာဝတီတိုင်းဒေသကြီး,Mawlamyinegyun Township,မော်လမြိုင်ကျွန်း မြို့နယ်,No (7) Quarter,အမှတ် (၇) ရပ်ကွက်,ward,,,unmatched,exact_township_name,Source township resolved but CoreMap township id not matched in admin pass
1022008,Ayeyarwady Region,ဧရာဝတီတိုင်းဒေသကြီး,Mawlamyinegyun Township,မော်လမြိုင်ကျွန်း မြို့နယ်,No (8) Quarter,အမှတ် (၈) ရပ်ကွက်,ward,,,unmatched,exact_township_name,Source township resolved but CoreMap township id not matched in admin pass
1022009,Ayeyarwady Region,ဧရာဝတီတိုင်းဒေသကြီး,Mawlamyinegyun Township,မော်လမြိုင်ကျွန်း မြို့နယ်,No (9) Quarter,အမှတ် (၉) ရပ်ကွက်,ward,,,unmatched,exact_township_name,Source township resolved but CoreMap township id not matched in admin pass
1022010,Ayeyarwady Region,ဧရာဝတီတိုင်းဒေသကြီး,Mawlamyinegyun Township,မော်လမြိုင်ကျွန်း မြို့နယ်,No (10) Quarter,အမှတ် (၁၀) ရပ်ကွက်,ward,,,unmatched,exact_township_name,Source township resolved but CoreMap township id not matched in admin pass
1022011,Ayeyarwady Region,ဧရာဝတီတိုင်းဒေသကြီး,Mawlamyinegyun Township,မော်လမြိုင်ကျွန်း မြို့နယ်,No (11) Quarter,အမှတ် (၁၁) ရပ်ကွက်,ward,,,unmatched,exact_township_name,Source township resolved but CoreMap township id not matched in admin pass
1022012,Ayeyarwady Region,ဧရာဝတီတိုင်းဒေသကြီး,Mawlamyinegyun Township,မော်လမြိုင်ကျွန်း မြို့နယ်,No (12) Quarter,အမှတ် (၁၂) ရပ်ကွက်,ward,,,unmatched,exact_township_name,Source township resolved but CoreMap township id not matched in admin pass
1022013,Ayeyarwady Region,ဧရာဝတီတိုင်းဒေသကြီး,Mawlamyinegyun Township,မော်လမြိုင်ကျွန်း မြို့နယ်,Chan Myayt Thar Yar Quarter,ချမ်းမြေ့သာယာ ရပ်ကွက်,ward,,,unmatched,exact_township_name,Source township resolved but CoreMap township id not matched in admin pass
1022200,Ayeyarwady Region,ဧရာဝတီတိုင်းဒေသကြီး,Mawlamyinegyun Township,မော်လမြိုင်ကျွန်း မြို့နယ်,Kyun Ka Lay Village Tract,ကျွန်းကလေး ကျေးရွာအုပ်စု,village_tract,,,unmatched,exact_township_name,Source township resolved but CoreMap township id not matched in admin pass
1022201,Ayeyarwady Region,ဧရာဝတီတိုင်းဒေသကြီး,Mawlamyinegyun Township,မော်လမြိုင်ကျွန်း မြို့နယ်,Hti To Lo Village Tract,ထီတိုလို ကျေးရွာအုပ်စု,village_tract,,,unmatched,exact_township_name,Source township resolved but CoreMap township id not matched in admin pass
1022202,Ayeyarwady Region,ဧရာဝတီတိုင်းဒေသကြီး,Mawlamyinegyun Township,မော်လမြိုင်ကျွန်း မြို့နယ်,Sin Chaung Village Tract,ဆင်ချောင်း ကျေးရွာအုပ်စု,village_tract,,,unmatched,exact_township_name,Source township resolved but CoreMap township id not matched in admin pass
1022203,Ayeyarwady Region,ဧရာဝတီတိုင်းဒေသကြီး,Mawlamyinegyun Township,မော်လမြိုင်ကျွန်း မြို့နယ်,Thone Gwa Village Tract,သုံးခွ ကျေးရွာအုပ်စု,village_tract,,,unmatched,exact_township_name,Source township resolved but CoreMap township id not matched in admin pass
1022204,Ayeyarwady Region,ဧရာဝတီတိုင်းဒေသကြီး,Mawlamyinegyun Township,မော်လမြိုင်ကျွန်း မြို့နယ်,Hti Seik Ywar Ma Village Tract,ထီဆိပ်ရွာမ ကျေးရွာအုပ်စု,village_tract,,,unmatched,exact_township_name,Source township resolved but CoreMap township id not matched in admin pass
1022205,Ayeyarwady Region,ဧရာဝတီတိုင်းဒေသကြီး,Mawlamyinegyun Township,မော်လမြိုင်ကျွန်း မြို့နယ်,Hti Seik Hpa Yar Su Village Tract,ထီဆိပ်ဘုရားစု ကျေးရွာအုပ်စု,village_tract,,,unmatched,exact_township_name,Source township resolved but CoreMap township id not matched in admin pass
1022206,Ayeyarwady Region,ဧရာဝတီတိုင်းဒေသကြီး,Mawlamyinegyun Township,မော်လမြိုင်ကျွန်း မြို့နယ်,Lat Put Ta Loke Ka Lay Village Tract,လပွတ္တလုပ်ကလေး ကျေးရွာအုပ်စု,village_tract,,,unmatched,exact_township_name,Source township resolved but CoreMap township id not matched in admin pass
1022207,Ayeyarwady Region,ဧရာဝတီတိုင်းဒေသကြီး,Mawlamyinegyun Township,မော်လမြိုင်ကျွန်း မြို့နယ်,Bagan Pon Village Tract,ပုဂံပုံ ကျေးရွာအုပ်စု,village_tract,,,unmatched,exact_township_name,Source township resolved but CoreMap township id not matched in admin pass
1022208,Ayeyarwady Region,ဧရာဝတီတိုင်းဒေသကြီး,Mawlamyinegyun Township,မော်လမြိုင်ကျွန်း မြို့နယ်,Kat Kho Village Tract,ကပ်ခို ကျေးရွာအုပ်စု,village_tract,,,unmatched,exact_township_name,Source township resolved but CoreMap township id not matched in admin pass
1022209,Ayeyarwady Region,ဧရာဝတီတိုင်းဒေသကြီး,Mawlamyinegyun Township,မော်လမြိုင်ကျွန်း မြို့နယ်,Lat Put Ta Loke Gyi Village Tract,လပွတ္တလုပ်ကြီး ကျေးရွာအုပ်စု,village_tract,,,unmatched,exact_township_name,Source township resolved but CoreMap township id not matched in admin pass
1022210,Ayeyarwady Region,ဧရာဝတီတိုင်းဒေသကြီး,Mawlamyinegyun Township,မော်လမြိုင်ကျွန်း မြို့နယ်,Kat Tha Hmyin Hti Seik Yae Kyaw Village Tract,ကဿမျှင်ထီဆိပ်ရေကျော် ကျေးရွာအုပ်စု,village_tract,,,unmatched,exact_township_name,Source township resolved but CoreMap township id not matched in admin pass
1022211,Ayeyarwady Region,ဧရာဝတီတိုင်းဒေသကြီး,Mawlamyinegyun Township,မော်လမြိုင်ကျွန်း မြို့နယ်,Hti Par Lel Village Tract,ထီပါလယ် ကျေးရွာအုပ်စု,village_tract,,,unmatched,exact_township_name,Source township resolved but CoreMap township id not matched in admin pass
1022212,Ayeyarwady Region,ဧရာဝတီတိုင်းဒေသကြီး,Mawlamyinegyun Township,မော်လမြိုင်ကျွန်း မြို့နယ်,Saw Ke Chaung Village Tract,စော်ကဲချောင်း ကျေးရွာအုပ်စု,village_tract,,,unmatched,exact_township_name,Source township resolved but CoreMap township id not matched in admin pass
1022213,Ayeyarwady Region,ဧရာဝတီတိုင်းဒေသကြီး,Mawlamyinegyun Township,မော်လမြိုင်ကျွန်း မြို့နယ်,Kyun Khei Ma Village Tract,ကျွန်းခယ်မ ကျေးရွာအုပ်စု,village_tract,,,unmatched,exact_township_name,Source township resolved but CoreMap township id not matched in admin pass
1022214,Ayeyarwady Region,ဧရာဝတီတိုင်းဒေသကြီး,Mawlamyinegyun Township,မော်လမြိုင်ကျွန်း မြို့နယ်,Ma Hmway Kyun Village Tract,မမွှေးကျွန်း ကျေးရွာအုပ်စု,village_tract,,,unmatched,exact_township_name,Source township resolved but CoreMap township id not matched in admin pass
1022215,Ayeyarwady Region,ဧရာဝတီတိုင်းဒေသကြီး,Mawlamyinegyun Township,မော်လမြိုင်ကျွန်း မြို့နယ်,Tat Ngu Village Tract,တပ်ငူ ကျေးရွာအုပ်စု,village_tract,,,unmatched,exact_township_name,Source township resolved but CoreMap township id not matched in admin pass
1022216,Ayeyarwady Region,ဧရာဝတီတိုင်းဒေသကြီး,Mawlamyinegyun Township,မော်လမြိုင်ကျွန်း မြို့နယ်,Yae Lein Village Tract,ရေလိမ် ကျေးရွာအုပ်စု,village_tract,,,unmatched,exact_township_name,Source township resolved but CoreMap township id not matched in admin pass
1022217,Ayeyarwady Region,ဧရာဝတီတိုင်းဒေသကြီး,Mawlamyinegyun Township,မော်လမြိုင်ကျွန်း မြို့နယ်,Kyat Sin Chaung Village Tract,ကြပ်စင်ချောင်း ကျေးရွာအုပ်စု,village_tract,,,unmatched,exact_township_name,Source township resolved but CoreMap township id not matched in admin pass
1022218,Ayeyarwady Region,ဧရာဝတီတိုင်းဒေသကြီး,Mawlamyinegyun Township,မော်လမြိုင်ကျွန်း မြို့နယ်,Tei Chaung Village Tract,တယ်ချောင်း ကျေးရွာအုပ်စု,village_tract,,,unmatched,exact_township_name,Source township resolved but CoreMap township id not matched in admin pass
1022219,Ayeyarwady Region,ဧရာဝတီတိုင်းဒေသကြီး,Mawlamyinegyun Township,မော်လမြိုင်ကျွန်း မြို့နယ်,Tha Pyay Chaung Village Tract,သပြေချောင်း ကျေးရွာအုပ်စု,village_tract,,,unmatched,exact_township_name,Source township resolved but CoreMap township id not matched in admin pass
1022220,Ayeyarwady Region,ဧရာဝတီတိုင်းဒေသကြီး,Mawlamyinegyun Township,မော်လမြိုင်ကျွန်း မြို့နယ်,Me Za Li Pathein Su Village Tract,မဲဇလီပုသိမ်စု ကျေးရွာအုပ်စု,village_tract,,,unmatched,exact_township_name,Source township resolved but CoreMap township id not matched in admin pass
1022221,Ayeyarwady Region,ဧရာဝတီတိုင်းဒေသကြီး,Mawlamyinegyun Township,မော်လမြိုင်ကျွန်း မြို့နယ်,Peik Tar Village Tract,ပိတ္တာလေး ကျေးရွာအုပ်စု,village_tract,,,unmatched,exact_township_name,Source township resolved but CoreMap township id not matched in admin pass
1022222,Ayeyarwady Region,ဧရာဝတီတိုင်းဒေသကြီး,Mawlamyinegyun Township,မော်လမြိုင်ကျွန်း မြို့နယ်,Kan Zauk Village Tract,ကန်းဇောက် ကျေးရွာအုပ်စု,village_tract,,,unmatched,exact_township_name,Source township resolved but CoreMap township id not matched in admin pass
1022223,Ayeyarwady Region,ဧရာဝတီတိုင်းဒေသကြီး,Mawlamyinegyun Township,မော်လမြိုင်ကျွန်း မြို့နယ်,Hman Ku Village Tract,မှန်ကူ ကျေးရွာအုပ်စု,village_tract,,,unmatched,exact_township_name,Source township resolved but CoreMap township id not matched in admin pass
1022224,Ayeyarwady Region,ဧရာဝတီတိုင်းဒေသကြီး,Mawlamyinegyun Township,မော်လမြိုင်ကျွန်း မြို့နယ်,Hpa Yar Chaung Ta Khun Taing Village Tract,ဘုရားချောင်းတံခွန်တိုင် ကျေးရွာအုပ်စု,village_tract,,,unmatched,exact_township_name,Source township resolved but CoreMap township id not matched in admin pass
1022225,Ayeyarwady Region,ဧရာဝတီတိုင်းဒေသကြီး,Mawlamyinegyun Township,မော်လမြိုင်ကျွန်း မြို့နယ်,War Net Chaung Village Tract,ဝါးနက်ချောင်း ကျေးရွာအုပ်စု,village_tract,,,unmatched,exact_township_name,Source township resolved but CoreMap township id not matched in admin pass
1022226,Ayeyarwady Region,ဧရာဝတီတိုင်းဒေသကြီး,Mawlamyinegyun Township,မော်လမြိုင်ကျွန်း မြို့နယ်,Aung Hlaing Village Tract,အောင်လှိုင် ကျေးရွာအုပ်စု,village_tract,,,unmatched,exact_township_name,Source township resolved but CoreMap township id not matched in admin pass
1022227,Ayeyarwady Region,ဧရာဝတီတိုင်းဒေသကြီး,Mawlamyinegyun Township,မော်လမြိုင်ကျွန်း မြို့နယ်,None Kyun Village Tract,နုံးကျွန် ကျေးရွာအုပ်စု,village_tract,,,unmatched,exact_township_name,Source township resolved but CoreMap township id not matched in admin pass
1022228,Ayeyarwady Region,ဧရာဝတီတိုင်းဒေသကြီး,Mawlamyinegyun Township,မော်လမြိုင်ကျွန်း မြို့နယ်,Thu Ye Chaung Village Tract,သူရဲချောင်း ကျေးရွာအုပ်စု,village_tract,,,unmatched,exact_township_name,Source township resolved but CoreMap township id not matched in admin pass
1022229,Ayeyarwady Region,ဧရာဝတီတိုင်းဒေသကြီး,Mawlamyinegyun Township,မော်လမြိုင်ကျွန်း မြို့နယ်,Shauk Chaung Village Tract,ရှောက်ချောင်း ကျေးရွာအုပ်စု,village_tract,,,unmatched,exact_township_name,Source township resolved but CoreMap township id not matched in admin pass
1022230,Ayeyarwady Region,ဧရာဝတီတိုင်းဒေသကြီး,Mawlamyinegyun Township,မော်လမြိုင်ကျွန်း မြို့နယ်,Kan Kone Village Tract,ကန်ကုန်း ကျေးရွာအုပ်စု,village_tract,,,unmatched,exact_township_name,Source township resolved but CoreMap township id not matched in admin pass
1022231,Ayeyarwady Region,ဧရာဝတီတိုင်းဒေသကြီး,Mawlamyinegyun Township,မော်လမြိုင်ကျွန်း မြို့နယ်,La Put Kwe None Tan Village Tract,လပွတ်ကွဲနုံးတန်း ကျေးရွာအုပ်စု,village_tract,,,unmatched,exact_township_name,Source township resolved but CoreMap township id not matched in admin pass
1022232,Ayeyarwady Region,ဧရာဝတီတိုင်းဒေသကြီး,Mawlamyinegyun Township,မော်လမြိုင်ကျွန်း မြို့နယ်,Kun Chan Kone Village Tract,ကွမ်းခြံကုန်း ကျေးရွာအုပ်စု,village_tract,,,unmatched,exact_township_name,Source township resolved but CoreMap township id not matched in admin pass
1022233,Ayeyarwady Region,ဧရာဝတီတိုင်းဒေသကြီး,Mawlamyinegyun Township,မော်လမြိုင်ကျွန်း မြို့နယ်,Thone Gwa Chun Village Tract,သုံးခွချွန်း ကျေးရွာအုပ်စု,village_tract,,,unmatched,exact_township_name,Source township resolved but CoreMap township id not matched in admin pass
1022234,Ayeyarwady Region,ဧရာဝတီတိုင်းဒေသကြီး,Mawlamyinegyun Township,မော်လမြိုင်ကျွန်း မြို့နယ်,Me Za Li U To Village Tract,မဲဇလီဥတို ကျေးရွာအုပ်စု,village_tract,,,unmatched,exact_township_name,Source township resolved but CoreMap township id not matched in admin pass
1022235,Ayeyarwady Region,ဧရာဝတီတိုင်းဒေသကြီး,Mawlamyinegyun Township,မော်လမြိုင်ကျွန်း မြို့နယ်,Lay Ein Tan Village Tract,လေးအိမ်တန်း ကျေးရွာအုပ်စု,village_tract,,,unmatched,exact_township_name,Source township resolved but CoreMap township id not matched in admin pass
1022236,Ayeyarwady Region,ဧရာဝတီတိုင်းဒေသကြီး,Mawlamyinegyun Township,မော်လမြိုင်ကျွန်း မြို့နယ်,Kyon La Mu Village Tract,ကျုံလမု ကျေးရွာအုပ်စု,village_tract,,,unmatched,exact_township_name,Source township resolved but CoreMap township id not matched in admin pass
1022237,Ayeyarwady Region,ဧရာဝတီတိုင်းဒေသကြီး,Mawlamyinegyun Township,မော်လမြိုင်ကျွန်း မြို့နယ်,Kyun Chaung Village Tract,ကျွန်းချောင်း ကျေးရွာအုပ်စု,village_tract,,,unmatched,exact_township_name,Source township resolved but CoreMap township id not matched in admin pass
1022238,Ayeyarwady Region,ဧရာဝတီတိုင်းဒေသကြီး,Mawlamyinegyun Township,မော်လမြိုင်ကျွန်း မြို့နယ်,Ma Bay Village Tract,မဘေ ကျေးရွာအုပ်စု,village_tract,,,unmatched,exact_township_name,Source township resolved but CoreMap township id not matched in admin pass
1022239,Ayeyarwady Region,ဧရာဝတီတိုင်းဒေသကြီး,Mawlamyinegyun Township,မော်လမြိုင်ကျွန်း မြို့နယ်,Kyet Shar Village Tract,ကြက်ရှာ ကျေးရွာအုပ်စု,village_tract,,,unmatched,exact_township_name,Source township resolved but CoreMap township id not matched in admin pass
1022240,Ayeyarwady Region,ဧရာဝတီတိုင်းဒေသကြီး,Mawlamyinegyun Township,မော်လမြိုင်ကျွန်း မြို့နယ်,Kyar Hone Village Tract,ကျားဟုန်း ကျေးရွာအုပ်စု,village_tract,,,unmatched,exact_township_name,Source township resolved but CoreMap township id not matched in admin pass
1022241,Ayeyarwady Region,ဧရာဝတီတိုင်းဒေသကြီး,Mawlamyinegyun Township,မော်လမြိုင်ကျွန်း မြို့နယ်,Boe Ti Lut Village Tract,ဘိုးတီလွတ် ကျေးရွာအုပ်စု,village_tract,,,unmatched,exact_township_name,Source township resolved but CoreMap township id not matched in admin pass
1022242,Ayeyarwady Region,ဧရာဝတီတိုင်းဒေသကြီး,Mawlamyinegyun Township,မော်လမြိုင်ကျွန်း မြို့နယ်,Nat Hmu Village Tract,နတ်မှူး ကျေးရွာအုပ်စု,village_tract,,,unmatched,exact_township_name,Source township resolved but CoreMap township id not matched in admin pass
1022243,Ayeyarwady Region,ဧရာဝတီတိုင်းဒေသကြီး,Mawlamyinegyun Township,မော်လမြိုင်ကျွန်း မြို့နယ်,Gon Hnyin Tan Village Tract,ဂုံညှင်းတန်း ကျေးရွာအုပ်စု,village_tract,,,unmatched,exact_township_name,Source township resolved but CoreMap township id not matched in admin pass
1022244,Ayeyarwady Region,ဧရာဝတီတိုင်းဒေသကြီး,Mawlamyinegyun Township,မော်လမြိုင်ကျွန်း မြို့နယ်,Lin Zwe Me Za Li Village Tract,လင်းဇွဲမဲဇလီ ကျေးရွာအုပ်စု,village_tract,,,unmatched,exact_township_name,Source township resolved but CoreMap township id not matched in admin pass
1022245,Ayeyarwady Region,ဧရာဝတီတိုင်းဒေသကြီး,Mawlamyinegyun Township,မော်လမြိုင်ကျွန်း မြို့နယ်,Kyar Chaung Village Tract,ကျားချောင်း ကျေးရွာအုပ်စု,village_tract,,,unmatched,exact_township_name,Source township resolved but CoreMap township id not matched in admin pass
1022246,Ayeyarwady Region,ဧရာဝတီတိုင်းဒေသကြီး,Mawlamyinegyun Township,မော်လမြိုင်ကျွန်း မြို့နယ်,Myat Thar Zee Hpyu Village Tract,မြတ်သာဇီးဖြူ ကျေးရွာအုပ်စု,village_tract,,,unmatched,exact_township_name,Source township resolved but CoreMap township id not matched in admin pass
1022247,Ayeyarwady Region,ဧရာဝတီတိုင်းဒေသကြီး,Mawlamyinegyun Township,မော်လမြိုင်ကျွန်း မြို့နယ်,Myat Thar Wa Village Tract,မြတ်သာဝ ကျေးရွာအုပ်စု,village_tract,,,unmatched,exact_township_name,Source township resolved but CoreMap township id not matched in admin pass
1022248,Ayeyarwady Region,ဧရာဝတီတိုင်းဒေသကြီး,Mawlamyinegyun Township,မော်လမြိုင်ကျွန်း မြို့နယ်,Myat Thar Ywar Ma Village Tract,မြတ်သာရွာမ ကျေးရွာအုပ်စု,village_tract,,,unmatched,exact_township_name,Source township resolved but CoreMap township id not matched in admin pass
1022249,Ayeyarwady Region,ဧရာဝတီတိုင်းဒေသကြီး,Mawlamyinegyun Township,မော်လမြိုင်ကျွန်း မြို့နယ်,Meik Tha Lin Kone Village Tract,မိဿလင်ကုန်း ကျေးရွာအုပ်စု,village_tract,,,unmatched,exact_township_name,Source township resolved but CoreMap township id not matched in admin pass
1022250,Ayeyarwady Region,ဧရာဝတီတိုင်းဒေသကြီး,Mawlamyinegyun Township,မော်လမြိုင်ကျွန်း မြို့နယ်,Myat Thar U To Village Tract,မြတ်သာဥတို ကျေးရွာအုပ်စု,village_tract,,,unmatched,exact_township_name,Source township resolved but CoreMap township id not matched in admin pass
1022251,Ayeyarwady Region,ဧရာဝတီတိုင်းဒေသကြီး,Mawlamyinegyun Township,မော်လမြိုင်ကျွန်း မြို့နယ်,Kywe Chan Kyon La Mu Village Tract,ကျွဲခြံကျုံလမု ကျေးရွာအုပ်စု,village_tract,,,unmatched,exact_township_name,Source township resolved but CoreMap township id not matched in admin pass
1022252,Ayeyarwady Region,ဧရာဝတီတိုင်းဒေသကြီး,Mawlamyinegyun Township,မော်လမြိုင်ကျွန်း မြို့နယ်,Myin Ka Kone Ka Lay/ Daung Yae Kyaw Village Tract,မြင်းကကုန်းကလေး / ဒေါင်းရေကျော် ကျေးရွာအုပ်စု,village_tract,,,unmatched,exact_township_name,Source township resolved but CoreMap township id not matched in admin pass
1022253,Ayeyarwady Region,ဧရာဝတီတိုင်းဒေသကြီး,Mawlamyinegyun Township,မော်လမြိုင်ကျွန်း မြို့နယ်,Kywe Chan Yae Kyaw Village Tract,ကျွဲခြံရေကျော် ကျေးရွာအုပ်စု,village_tract,,,unmatched,exact_township_name,Source township resolved but CoreMap township id not matched in admin pass
1022254,Ayeyarwady Region,ဧရာဝတီတိုင်းဒေသကြီး,Mawlamyinegyun Township,မော်လမြိုင်ကျွန်း မြို့နယ်,Hti Yar Li Village Tract,ထိယာလီ ကျေးရွာအုပ်စု,village_tract,,,unmatched,exact_township_name,Source township resolved but CoreMap township id not matched in admin pass
1022255,Ayeyarwady Region,ဧရာဝတီတိုင်းဒေသကြီး,Mawlamyinegyun Township,မော်လမြိုင်ကျွန်း မြို့နယ်,Me Za Li Ka Zan Chaung Village Tract,မဲဇလီကဇန်းချောင်း ကျေးရွာအုပ်စု,village_tract,,,unmatched,exact_township_name,Source township resolved but CoreMap township id not matched in admin pass
1022256,Ayeyarwady Region,ဧရာဝတီတိုင်းဒေသကြီး,Mawlamyinegyun Township,မော်လမြိုင်ကျွန်း မြို့နယ်,Kywe Chan Chaung Hpyar Village Tract,ကျွဲခြံချောင်းဖျား ကျေးရွာအုပ်စု,village_tract,,,unmatched,exact_township_name,Source township resolved but CoreMap township id not matched in admin pass
1022257,Ayeyarwady Region,ဧရာဝတီတိုင်းဒေသကြီး,Mawlamyinegyun Township,မော်လမြိုင်ကျွန်း မြို့နယ်,Kywe Chan Wa Village Tract,ကျွဲခြံဝ ကျေးရွာအုပ်စု,village_tract,,,unmatched,exact_township_name,Source township resolved but CoreMap township id not matched in admin pass
1022258,Ayeyarwady Region,ဧရာဝတီတိုင်းဒေသကြီး,Mawlamyinegyun Township,မော်လမြိုင်ကျွန်း မြို့နယ်,Nwar Yae Kyaw Nyaung Lan Village Tract,နွားရေကျော်ညောင်လန်း ကျေးရွာအုပ်စု,village_tract,,,unmatched,exact_township_name,Source township resolved but CoreMap township id not matched in admin pass
1022259,Ayeyarwady Region,ဧရာဝတီတိုင်းဒေသကြီး,Mawlamyinegyun Township,မော်လမြိုင်ကျွန်း မြို့နယ်,Nwar Yae Kyaw Kyaung Su Village Tract,နွားရေကျော်ကျောင်းစု ကျေးရွာအုပ်စု,village_tract,,,unmatched,exact_township_name,Source township resolved but CoreMap township id not matched in admin pass
1022260,Ayeyarwady Region,ဧရာဝတီတိုင်းဒေသကြီး,Mawlamyinegyun Township,မော်လမြိုင်ကျွန်း မြို့နယ်,Hpu Hti Village Tract,ဖူထီ ကျေးရွာအုပ်စု,village_tract,,,unmatched,exact_township_name,Source township resolved but CoreMap township id not matched in admin pass
1022261,Ayeyarwady Region,ဧရာဝတီတိုင်းဒေသကြီး,Mawlamyinegyun Township,မော်လမြိုင်ကျွန်း မြို့နယ်,Kyon La Tar Kyaung Su Village Tract,ကျုံလတာကျောင်းစု ကျေးရွာအုပ်စု,village_tract,,,unmatched,exact_township_name,Source township resolved but CoreMap township id not matched in admin pass
1022262,Ayeyarwady Region,ဧရာဝတီတိုင်းဒေသကြီး,Mawlamyinegyun Township,မော်လမြိုင်ကျွန်း မြို့နယ်,Wet Kwin Village Tract,ဝက်ကွင်း ကျေးရွာအုပ်စု,village_tract,,,unmatched,exact_township_name,Source township resolved but CoreMap township id not matched in admin pass
1022263,Ayeyarwady Region,ဧရာဝတီတိုင်းဒေသကြီး,Mawlamyinegyun Township,မော်လမြိုင်ကျွန်း မြို့နယ်,Gway Kone Village Tract,ဂွေးကုန်း ကျေးရွာအုပ်စု,village_tract,,,unmatched,exact_township_name,Source township resolved but CoreMap township id not matched in admin pass
1022264,Ayeyarwady Region,ဧရာဝတီတိုင်းဒေသကြီး,Mawlamyinegyun Township,မော်လမြိုင်ကျွန်း မြို့နယ်,Byant Gyi Myit Kyoe Village Tract,ဗြန့်ကြီးမြစ်ကျိုး ကျေးရွာအုပ်စု,village_tract,,,unmatched,exact_township_name,Source township resolved but CoreMap township id not matched in admin pass
1022265,Ayeyarwady Region,ဧရာဝတီတိုင်းဒေသကြီး,Mawlamyinegyun Township,မော်လမြိုင်ကျွန်း မြို့နယ်,Byant Gyi Ohn Pin Su Village Tract,ဗြန့်ကြီးအုန်းပင်စု ကျေးရွာအုပ်စု,village_tract,,,unmatched,exact_township_name,Source township resolved but CoreMap township id not matched in admin pass
1022266,Ayeyarwady Region,ဧရာဝတီတိုင်းဒေသကြီး,Mawlamyinegyun Township,မော်လမြိုင်ကျွန်း မြို့နယ်,Hpa Yar Gyi Kone Village Tract,ဘုရားကြီးကုန်း ကျေးရွာအုပ်စု,village_tract,,,unmatched,exact_township_name,Source township resolved but CoreMap township id not matched in admin pass
1022267,Ayeyarwady Region,ဧရာဝတီတိုင်းဒေသကြီး,Mawlamyinegyun Township,မော်လမြိုင်ကျွန်း မြို့နယ်,Yar Zu Taing Ka Nyin Chaung Village Tract,ရာဇူတိုင်ကညင်ချောင်း ကျေးရွာအုပ်စု,village_tract,,,unmatched,exact_township_name,Source township resolved but CoreMap township id not matched in admin pass
1022268,Ayeyarwady Region,ဧရာဝတီတိုင်းဒေသကြီး,Mawlamyinegyun Township,မော်လမြိုင်ကျွန်း မြို့နယ်,Dun Ta Peit Village Tract,ဒွန်းတပဲ့ ကျေးရွာအုပ်စု,village_tract,,,unmatched,exact_township_name,Source township resolved but CoreMap township id not matched in admin pass
1022269,Ayeyarwady Region,ဧရာဝတီတိုင်းဒေသကြီး,Mawlamyinegyun Township,မော်လမြိုင်ကျွန်း မြို့နယ်,Htu Taw Ka Mya Village Tract,ထူတောကမြ ကျေးရွာအုပ်စု,village_tract,,,unmatched,exact_township_name,Source township resolved but CoreMap township id not matched in admin pass
1022270,Ayeyarwady Region,ဧရာဝတီတိုင်းဒေသကြီး,Mawlamyinegyun Township,မော်လမြိုင်ကျွန်း မြို့နယ်,Kyun Gyi Village Tract,ကျွန်းကြီး ကျေးရွာအုပ်စု,village_tract,,,unmatched,exact_township_name,Source township resolved but CoreMap township id not matched in admin pass
1022271,Ayeyarwady Region,ဧရာဝတီတိုင်းဒေသကြီး,Mawlamyinegyun Township,မော်လမြိုင်ကျွန်း မြို့နယ်,Hpoe Kha Hmi Daunt Village Tract,ဖိုးခမှီဒေါင့် ကျေးရွာအုပ်စု,village_tract,,,unmatched,exact_township_name,Source township resolved but CoreMap township id not matched in admin pass
1022272,Ayeyarwady Region,ဧရာဝတီတိုင်းဒေသကြီး,Mawlamyinegyun Township,မော်လမြိုင်ကျွန်း မြို့နယ်,Kyun Deik Village Tract,ကျွန်းဒိပ် ကျေးရွာအုပ်စု,village_tract,,,unmatched,exact_township_name,Source township resolved but CoreMap township id not matched in admin pass
1022273,Ayeyarwady Region,ဧရာဝတီတိုင်းဒေသကြီး,Mawlamyinegyun Township,မော်လမြိုင်ကျွန်း မြို့နယ်,Ta Khun Taing Kyon War Village Tract,တံခွန်တိုင်ကျုံဝါး ကျေးရွာအုပ်စု,village_tract,,,unmatched,exact_township_name,Source township resolved but CoreMap township id not matched in admin pass
1022274,Ayeyarwady Region,ဧရာဝတီတိုင်းဒေသကြီး,Mawlamyinegyun Township,မော်လမြိုင်ကျွန်း မြို့နယ်,Ah Htet Ma Au Htone Village Tract,အထက်မအူထုံး ကျေးရွာအုပ်စု,village_tract,,,unmatched,exact_township_name,Source township resolved but CoreMap township id not matched in admin pass
1022275,Ayeyarwady Region,ဧရာဝတီတိုင်းဒေသကြီး,Mawlamyinegyun Township,မော်လမြိုင်ကျွန်း မြို့နယ်,Auk Ma Au Htone Village Tract,အောက်မအူထုံး ကျေးရွာအုပ်စု,village_tract,,,unmatched,exact_township_name,Source township resolved but CoreMap township id not matched in admin pass
1022276,Ayeyarwady Region,ဧရာဝတီတိုင်းဒေသကြီး,Mawlamyinegyun Township,မော်လမြိုင်ကျွန်း မြို့နယ်,Wea Daunt Village Tract,ဝဲဒေါင့် ကျေးရွာအုပ်စု,village_tract,,,unmatched,exact_township_name,Source township resolved but CoreMap township id not matched in admin pass
1022277,Ayeyarwady Region,ဧရာဝတီတိုင်းဒေသကြီး,Mawlamyinegyun Township,မော်လမြိုင်ကျွန်း မြို့နယ်,Sit Sa Li Htone Village Tract,စစ္စလီထုံး ကျေးရွာအုပ်စု,village_tract,,,unmatched,exact_township_name,Source township resolved but CoreMap township id not matched in admin pass
1022278,Ayeyarwady Region,ဧရာဝတီတိုင်းဒေသကြီး,Mawlamyinegyun Township,မော်လမြိုင်ကျွန်း မြို့နယ်,Tha Khut Kone War Yon Daunt Village Tract,သခွတ်ကုန်းဝါးရုံဒေါင့် ကျေးရွာအုပ်စု,village_tract,,,unmatched,exact_township_name,Source township resolved but CoreMap township id not matched in admin pass
1022279,Ayeyarwady Region,ဧရာဝတီတိုင်းဒေသကြီး,Mawlamyinegyun Township,မော်လမြိုင်ကျွန်း မြို့နယ်,Thit To Seik Village Tract,သစ်တိုဆိပ် ကျေးရွာအုပ်စု,village_tract,,,unmatched,exact_township_name,Source township resolved but CoreMap township id not matched in admin pass
1022280,Ayeyarwady Region,ဧရာဝတီတိုင်းဒေသကြီး,Mawlamyinegyun Township,မော်လမြိုင်ကျွန်း မြို့နယ်,Hpa Yar Daunt Village Tract,ဘုရားဒေါင့် ကျေးရွာအုပ်စု,village_tract,,,unmatched,exact_township_name,Source township resolved but CoreMap township id not matched in admin pass
1022281,Ayeyarwady Region,ဧရာဝတီတိုင်းဒေသကြီး,Mawlamyinegyun Township,မော်လမြိုင်ကျွန်း မြို့နယ်,War Rakhine Village Tract,ဝါးရခိုင် ကျေးရွာအုပ်စု,village_tract,,,unmatched,exact_township_name,Source township resolved but CoreMap township id not matched in admin pass
1022282,Ayeyarwady Region,ဧရာဝတီတိုင်းဒေသကြီး,Mawlamyinegyun Township,မော်လမြိုင်ကျွန်း မြို့နယ်,Kywe Da Lin Village Tract,ကျွဲဒလင်း ကျေးရွာအုပ်စု,village_tract,,,unmatched,exact_township_name,Source township resolved but CoreMap township id not matched in admin pass
1022283,Ayeyarwady Region,ဧရာဝတီတိုင်းဒေသကြီး,Mawlamyinegyun Township,မော်လမြိုင်ကျွန်း မြို့နယ်,Htein Ku Lar Village Tract,ထိန်ကုလား ကျေးရွာအုပ်စု,village_tract,,,unmatched,exact_township_name,Source township resolved but CoreMap township id not matched in admin pass
1022284,Ayeyarwady Region,ဧရာဝတီတိုင်းဒေသကြီး,Mawlamyinegyun Township,မော်လမြိုင်ကျွန်း မြို့နယ်,Kyaw Zan Village Tract,ကျော်ဇံ ကျေးရွာအုပ်စု,village_tract,,,unmatched,exact_township_name,Source township resolved but CoreMap township id not matched in admin pass
1022285,Ayeyarwady Region,ဧရာဝတီတိုင်းဒေသကြီး,Mawlamyinegyun Township,မော်လမြိုင်ကျွန်း မြို့နယ်,Da Lin Hle Seik Village Tract,ဓလင်းလှဲဆိပ် ကျေးရွာအုပ်စု,village_tract,,,unmatched,exact_township_name,Source township resolved but CoreMap township id not matched in admin pass
1022286,Ayeyarwady Region,ဧရာဝတီတိုင်းဒေသကြီး,Mawlamyinegyun Township,မော်လမြိုင်ကျွန်း မြို့နယ်,Ga Yan Village Tract,ဂရမ်း ကျေးရွာအုပ်စု,village_tract,,,unmatched,exact_township_name,Source township resolved but CoreMap township id not matched in admin pass
1022287,Ayeyarwady Region,ဧရာဝတီတိုင်းဒေသကြီး,Mawlamyinegyun Township,မော်လမြိုင်ကျွန်း မြို့နယ်,See Pwar Chaung Village Tract,စီးပွားချောင် ကျေးရွာအုပ်စု,village_tract,,,unmatched,exact_township_name,Source township resolved but CoreMap township id not matched in admin pass
1022288,Ayeyarwady Region,ဧရာဝတီတိုင်းဒေသကြီး,Mawlamyinegyun Township,မော်လမြိုင်ကျွန်း မြို့နယ်,Ma Ye Ohn Pin Su Village Tract,မရဲအုံးပင်စု ကျေးရွာအုပ်စု,village_tract,,,unmatched,exact_township_name,Source township resolved but CoreMap township id not matched in admin pass
1022289,Ayeyarwady Region,ဧရာဝတီတိုင်းဒေသကြီး,Mawlamyinegyun Township,မော်လမြိုင်ကျွန်း မြို့နယ်,Kyaik Pi Village Tract,ကျိုက်ပိ ကျေးရွာအုပ်စု,village_tract,,,unmatched,exact_township_name,Source township resolved but CoreMap township id not matched in admin pass
1022290,Ayeyarwady Region,ဧရာဝတီတိုင်းဒေသကြီး,Mawlamyinegyun Township,မော်လမြိုင်ကျွန်း မြို့နယ်,Sa Khan Gyi Village Tract,စခမ်းကြီး ကျေးရွာအုပ်စု,village_tract,,,unmatched,exact_township_name,Source township resolved but CoreMap township id not matched in admin pass
1022291,Ayeyarwady Region,ဧရာဝတီတိုင်းဒေသကြီး,Mawlamyinegyun Township,မော်လမြိုင်ကျွန်း မြို့နယ်,Nyaungdon Su Village Tract,ညောင်တုံးစု ကျေးရွာအုပ်စု,village_tract,,,unmatched,exact_township_name,Source township resolved but CoreMap township id not matched in admin pass
1022292,Ayeyarwady Region,ဧရာဝတီတိုင်းဒေသကြီး,Mawlamyinegyun Township,မော်လမြိုင်ကျွန်း မြို့နယ်,Hti Par Lel Thaung Tan Village Tract,ထီပါလယ်သောင်တန်း ကျေးရွာအုပ်စု,village_tract,,,unmatched,exact_township_name,Source township resolved but CoreMap township id not matched in admin pass
1022293,Ayeyarwady Region,ဧရာဝတီတိုင်းဒေသကြီး,Mawlamyinegyun Township,မော်လမြိုင်ကျွန်း မြို့နယ်,Mei Ta Laing Village Tract,မယ်တလိုင်း ကျေးရွာအုပ်စု,village_tract,,,unmatched,exact_township_name,Source township resolved but CoreMap township id not matched in admin pass
1022294,Ayeyarwady Region,ဧရာဝတီတိုင်းဒေသကြီး,Mawlamyinegyun Township,မော်လမြိုင်ကျွန်း မြို့နယ်,Ba Maw Village Tract,ဗမော် ကျေးရွာအုပ်စု,village_tract,,,unmatched,exact_township_name,Source township resolved but CoreMap township id not matched in admin pass
1022295,Ayeyarwady Region,ဧရာဝတီတိုင်းဒေသကြီး,Mawlamyinegyun Township,မော်လမြိုင်ကျွန်း မြို့နယ်,Pu Lun Sar Village Tract,ပုလွန်စာ ကျေးရွာအုပ်စု,village_tract,,,unmatched,exact_township_name,Source township resolved but CoreMap township id not matched in admin pass
1022296,Ayeyarwady Region,ဧရာဝတီတိုင်းဒေသကြီး,Mawlamyinegyun Township,မော်လမြိုင်ကျွန်း မြို့နယ်,Pyar Mut Shaw Chaung Village Tract,ပျားမွတ်ရှော်ချောင်း ကျေးရွာအုပ်စု,village_tract,,,unmatched,exact_township_name,Source township resolved but CoreMap township id not matched in admin pass
1022297,Ayeyarwady Region,ဧရာဝတီတိုင်းဒေသကြီး,Mawlamyinegyun Township,မော်လမြိုင်ကျွန်း မြို့နယ်,Hpoe Thar Aye Ah Su Village Tract,ဖိုးသာအေးအစု ကျေးရွာအုပ်စု,village_tract,,,unmatched,exact_township_name,Source township resolved but CoreMap township id not matched in admin pass
1022298,Ayeyarwady Region,ဧရာဝတီတိုင်းဒေသကြီး,Mawlamyinegyun Township,မော်လမြိုင်ကျွန်း မြို့နယ်,Da None Seik Village Tract,ဓနုံးဆိပ် ကျေးရွာအုပ်စု,village_tract,,,unmatched,exact_township_name,Source township resolved but CoreMap township id not matched in admin pass
1022299,Ayeyarwady Region,ဧရာဝတီတိုင်းဒေသကြီး,Mawlamyinegyun Township,မော်လမြိုင်ကျွန်း မြို့နယ်,Ma Yan Village Tract,မရမ်း ကျေးရွာအုပ်စု,village_tract,,,unmatched,exact_township_name,Source township resolved but CoreMap township id not matched in admin pass
1022300,Ayeyarwady Region,ဧရာဝတီတိုင်းဒေသကြီး,Mawlamyinegyun Township,မော်လမြိုင်ကျွန်း မြို့နယ်,La Put Kwe Te Chaung Village Tract,လပွတ်ကွဲတဲချောင်း ကျေးရွာအုပ်စု,village_tract,,,unmatched,exact_township_name,Source township resolved but CoreMap township id not matched in admin pass
1022301,Ayeyarwady Region,ဧရာဝတီတိုင်းဒေသကြီး,Mawlamyinegyun Township,မော်လမြိုင်ကျွန်း မြို့နယ်,Hpyar Leik Village Tract,ဖျာလိပ် ကျေးရွာအုပ်စု,village_tract,,,unmatched,exact_township_name,Source township resolved but CoreMap township id not matched in admin pass
1022302,Ayeyarwady Region,ဧရာဝတီတိုင်းဒေသကြီး,Mawlamyinegyun Township,မော်လမြိုင်ကျွန်း မြို့နယ်,Myit Gyi Boe Village Tract,မြစ်ကြီးဘိုး ကျေးရွာအုပ်စု,village_tract,,,unmatched,exact_township_name,Source township resolved but CoreMap township id not matched in admin pass
1022303,Ayeyarwady Region,ဧရာဝတီတိုင်းဒေသကြီး,Mawlamyinegyun Township,မော်လမြိုင်ကျွန်း မြို့နယ်,Ka Zaung Village Tract,ကဇောင်း ကျေးရွာအုပ်စု,village_tract,,,unmatched,exact_township_name,Source township resolved but CoreMap township id not matched in admin pass
1022304,Ayeyarwady Region,ဧရာဝတီတိုင်းဒေသကြီး,Mawlamyinegyun Township,မော်လမြိုင်ကျွန်း မြို့နယ်,Pet Pye Village Tract,ပက်ပြဲ ကျေးရွာအုပ်စု,village_tract,,,unmatched,exact_township_name,Source township resolved but CoreMap township id not matched in admin pass
1022305,Ayeyarwady Region,ဧရာဝတီတိုင်းဒေသကြီး,Mawlamyinegyun Township,မော်လမြိုင်ကျွန်း မြို့နယ်,Ah Lel Yae Kyaw Village Tract,အလယ်ရေကျော် ကျေးရွာအုပ်စု,village_tract,,,unmatched,exact_township_name,Source township resolved but CoreMap township id not matched in admin pass
1022306,Ayeyarwady Region,ဧရာဝတီတိုင်းဒေသကြီး,Mawlamyinegyun Township,မော်လမြိုင်ကျွန်း မြို့နယ်,Yae Twin Kone Village Tract,ရေတွင်းကုန်း ကျေးရွာအုပ်စု,village_tract,,,unmatched,exact_township_name,Source township resolved but CoreMap township id not matched in admin pass
1022307,Ayeyarwady Region,ဧရာဝတီတိုင်းဒေသကြီး,Mawlamyinegyun Township,မော်လမြိုင်ကျွန်း မြို့နယ်,Hlaing Bone Village Tract,လှိုင်းဘုန်း ကျေးရွာအုပ်စု,village_tract,,,unmatched,exact_township_name,Source township resolved but CoreMap township id not matched in admin pass
1023001,Ayeyarwady Region,ဧရာဝတီတိုင်းဒေသကြီး,Bogale Township,ဘိုကလေး မြို့နယ်,No (1) Quarter,အမှတ် (၁) ရပ်ကွက်,ward,,,unmatched,exact_township_name,Source township resolved but CoreMap township id not matched in admin pass
1023002,Ayeyarwady Region,ဧရာဝတီတိုင်းဒေသကြီး,Bogale Township,ဘိုကလေး မြို့နယ်,No (2) Quarter,အမှတ် (၂) ရပ်ကွက်,ward,,,unmatched,exact_township_name,Source township resolved but CoreMap township id not matched in admin pass
1023003,Ayeyarwady Region,ဧရာဝတီတိုင်းဒေသကြီး,Bogale Township,ဘိုကလေး မြို့နယ်,No (3) Quarter,အမှတ် (၃) ရပ်ကွက်,ward,,,unmatched,exact_township_name,Source township resolved but CoreMap township id not matched in admin pass
1023004,Ayeyarwady Region,ဧရာဝတီတိုင်းဒေသကြီး,Bogale Township,ဘိုကလေး မြို့နယ်,No (4) Quarter,အမှတ် (၄) ရပ်ကွက်,ward,,,unmatched,exact_township_name,Source township resolved but CoreMap township id not matched in admin pass
1023005,Ayeyarwady Region,ဧရာဝတီတိုင်းဒေသကြီး,Bogale Township,ဘိုကလေး မြို့နယ်,No (5) Quarter,အမှတ် (၅) ရပ်ကွက်,ward,,,unmatched,exact_township_name,Source township resolved but CoreMap township id not matched in admin pass
1023006,Ayeyarwady Region,ဧရာဝတီတိုင်းဒေသကြီး,Bogale Township,ဘိုကလေး မြို့နယ်,No (6) Quarter,အမှတ် (၆) ရပ်ကွက်,ward,,,unmatched,exact_township_name,Source township resolved but CoreMap township id not matched in admin pass
1023007,Ayeyarwady Region,ဧရာဝတီတိုင်းဒေသကြီး,Bogale Township,ဘိုကလေး မြို့နယ်,No (7) Quarter,အမှတ် (၇) ရပ်ကွက်,ward,,,unmatched,exact_township_name,Source township resolved but CoreMap township id not matched in admin pass
1023008,Ayeyarwady Region,ဧရာဝတီတိုင်းဒေသကြီး,Bogale Township,ဘိုကလေး မြို့နယ်,No (8) Quarter,အမှတ် (၈) ရပ်ကွက်,ward,,,unmatched,exact_township_name,Source township resolved but CoreMap township id not matched in admin pass
1023009,Ayeyarwady Region,ဧရာဝတီတိုင်းဒေသကြီး,Bogale Township,ဘိုကလေး မြို့နယ်,No (9) Quarter,အမှတ် (၉) ရပ်ကွက်,ward,,,unmatched,exact_township_name,Source township resolved but CoreMap township id not matched in admin pass
1023010,Ayeyarwady Region,ဧရာဝတီတိုင်းဒေသကြီး,Bogale Township,ဘိုကလေး မြို့နယ်,No (10) Quarter,အမှတ် (၁၀) ရပ်ကွက်,ward,,,unmatched,exact_township_name,Source township resolved but CoreMap township id not matched in admin pass
1023200,Ayeyarwady Region,ဧရာဝတီတိုင်းဒေသကြီး,Bogale Township,ဘိုကလေး မြို့နယ်,Lin Taing Village Tract,လင်းတိုင်း ကျေးရွာအုပ်စု,village_tract,,,unmatched,exact_township_name,Source township resolved but CoreMap township id not matched in admin pass
1023201,Ayeyarwady Region,ဧရာဝတီတိုင်းဒေသကြီး,Bogale Township,ဘိုကလေး မြို့နယ်,Kan Su (East) Village Tract,ကံစုအရှေ့ ကျေးရွာအုပ်စု,village_tract,,,unmatched,exact_township_name,Source township resolved but CoreMap township id not matched in admin pass
1023202,Ayeyarwady Region,ဧရာဝတီတိုင်းဒေသကြီး,Bogale Township,ဘိုကလေး မြို့နယ်,Yoke Saing Village Tract,ရုပ်ဆိုင် ကျေးရွာအုပ်စု,village_tract,,,unmatched,exact_township_name,Source township resolved but CoreMap township id not matched in admin pass
1023203,Ayeyarwady Region,ဧရာဝတီတိုင်းဒေသကြီး,Bogale Township,ဘိုကလေး မြို့နယ်,Kan Gyi Village Tract,ကမ်းကြီး ကျေးရွာအုပ်စု,village_tract,,,unmatched,exact_township_name,Source township resolved but CoreMap township id not matched in admin pass
1023204,Ayeyarwady Region,ဧရာဝတီတိုင်းဒေသကြီး,Bogale Township,ဘိုကလေး မြို့နယ်,Ma Yeit Ywar Thit Village Tract,မရဲ့ရွာသစ် ကျေးရွာအုပ်စု,village_tract,,,unmatched,exact_township_name,Source township resolved but CoreMap township id not matched in admin pass
1023205,Ayeyarwady Region,ဧရာဝတီတိုင်းဒေသကြီး,Bogale Township,ဘိုကလေး မြို့နယ်,Kun Pin Village Tract,ကွန်ပင် ကျေးရွာအုပ်စု,village_tract,,,unmatched,exact_township_name,Source township resolved but CoreMap township id not matched in admin pass
1023206,Ayeyarwady Region,ဧရာဝတီတိုင်းဒေသကြီး,Bogale Township,ဘိုကလေး မြို့နယ်,Hlwa Htaung Su Village Tract,လွှထောင်စု ကျေးရွာအုပ်စု,village_tract,,,unmatched,exact_township_name,Source township resolved but CoreMap township id not matched in admin pass
1023207,Ayeyarwady Region,ဧရာဝတီတိုင်းဒေသကြီး,Bogale Township,ဘိုကလေး မြို့နယ်,Pan Be Su Village Tract,ပန်းဘဲစု ကျေးရွာအုပ်စု,village_tract,,,unmatched,exact_township_name,Source township resolved but CoreMap township id not matched in admin pass
1023208,Ayeyarwady Region,ဧရာဝတီတိုင်းဒေသကြီး,Bogale Township,ဘိုကလေး မြို့နယ်,Pyin Ma Kone Village Tract,ပျဉ်းမကုန်း ကျေးရွာအုပ်စု,village_tract,,,unmatched,exact_township_name,Source township resolved but CoreMap township id not matched in admin pass
1023209,Ayeyarwady Region,ဧရာဝတီတိုင်းဒေသကြီး,Bogale Township,ဘိုကလေး မြို့နယ်,Kyon Sa Lu Village Tract,ကျုံစလူ ကျေးရွာအုပ်စု,village_tract,,,unmatched,exact_township_name,Source township resolved but CoreMap township id not matched in admin pass
1023210,Ayeyarwady Region,ဧရာဝတီတိုင်းဒေသကြီး,Bogale Township,ဘိုကလေး မြို့နယ်,Auk Hle Seik Village Tract,အောက်လှည်းဆိပ် ကျေးရွာအုပ်စု,village_tract,,,unmatched,exact_township_name,Source township resolved but CoreMap township id not matched in admin pass
1023211,Ayeyarwady Region,ဧရာဝတီတိုင်းဒေသကြီး,Bogale Township,ဘိုကလေး မြို့နယ်,Sein Haing Village Tract,စိန်ဟိုင်း ကျေးရွာအုပ်စု,village_tract,,,unmatched,exact_township_name,Source township resolved but CoreMap township id not matched in admin pass
1023212,Ayeyarwady Region,ဧရာဝတီတိုင်းဒေသကြီး,Bogale Township,ဘိုကလေး မြို့နယ်,Thu Zar Wa Village Tract,သူဇာဝ ကျေးရွာအုပ်စု,village_tract,,,unmatched,exact_township_name,Source township resolved but CoreMap township id not matched in admin pass
1023213,Ayeyarwady Region,ဧရာဝတီတိုင်းဒေသကြီး,Bogale Township,ဘိုကလေး မြို့နယ်,Kyon Hpar Village Tract,ကျုံဖါး ကျေးရွာအုပ်စု,village_tract,,,unmatched,exact_township_name,Source township resolved but CoreMap township id not matched in admin pass
1023214,Ayeyarwady Region,ဧရာဝတီတိုင်းဒေသကြီး,Bogale Township,ဘိုကလေး မြို့နယ်,Kwin Pone Gyi Village Tract,ကွင်းပုံးကြီး ကျေးရွာအုပ်စု,village_tract,,,unmatched,exact_township_name,Source township resolved but CoreMap township id not matched in admin pass
1023215,Ayeyarwady Region,ဧရာဝတီတိုင်းဒေသကြီး,Bogale Township,ဘိုကလေး မြို့နယ်,Tone Le Village Tract,တုံးလဲ ကျေးရွာအုပ်စု,village_tract,,,unmatched,exact_township_name,Source township resolved but CoreMap township id not matched in admin pass
1023216,Ayeyarwady Region,ဧရာဝတီတိုင်းဒေသကြီး,Bogale Township,ဘိုကလေး မြို့နယ်,Ku Lar Ohn Pin Su Village Tract,ကုလားအုံးပင်စု ကျေးရွာအုပ်စု,village_tract,,,unmatched,exact_township_name,Source township resolved but CoreMap township id not matched in admin pass
1023217,Ayeyarwady Region,ဧရာဝတီတိုင်းဒေသကြီး,Bogale Township,ဘိုကလေး မြို့နယ်,Kan Su (West) Village Tract,ကံစု (အနောက်) ကျေးရွာအုပ်စု,village_tract,,,unmatched,exact_township_name,Source township resolved but CoreMap township id not matched in admin pass
1023218,Ayeyarwady Region,ဧရာဝတီတိုင်းဒေသကြီး,Bogale Township,ဘိုကလေး မြို့နယ်,Myin Ka Kone Village Tract,မြင်းကကုန်း ကျေးရွာအုပ်စု,village_tract,,,unmatched,exact_township_name,Source township resolved but CoreMap township id not matched in admin pass
1023219,Ayeyarwady Region,ဧရာဝတီတိုင်းဒေသကြီး,Bogale Township,ဘိုကလေး မြို့နယ်,Min Gan Village Tract,မင်းဂံ ကျေးရွာအုပ်စု,village_tract,,,unmatched,exact_township_name,Source township resolved but CoreMap township id not matched in admin pass
1023220,Ayeyarwady Region,ဧရာဝတီတိုင်းဒေသကြီး,Bogale Township,ဘိုကလေး မြို့နယ်,Than Laik Village Tract,သံလိုက် ကျေးရွာအုပ်စု,village_tract,,,unmatched,exact_township_name,Source township resolved but CoreMap township id not matched in admin pass
1023221,Ayeyarwady Region,ဧရာဝတီတိုင်းဒေသကြီး,Bogale Township,ဘိုကလေး မြို့နယ်,Haing Si Village Tract,ဟိုင်းစီ ကျေးရွာအုပ်စု,village_tract,,,unmatched,exact_township_name,Source township resolved but CoreMap township id not matched in admin pass
1023222,Ayeyarwady Region,ဧရာဝတီတိုင်းဒေသကြီး,Bogale Township,ဘိုကလေး မြို့နယ်,Tha Kan Wa Village Tract,သကန်ဝ ကျေးရွာအုပ်စု,village_tract,,,unmatched,exact_township_name,Source township resolved but CoreMap township id not matched in admin pass
1023223,Ayeyarwady Region,ဧရာဝတီတိုင်းဒေသကြီး,Bogale Township,ဘိုကလေး မြို့နယ်,Sa Bai Kone Village Tract,စပါယ်ကုန်း ကျေးရွာအုပ်စု,village_tract,,,unmatched,exact_township_name,Source township resolved but CoreMap township id not matched in admin pass
1023224,Ayeyarwady Region,ဧရာဝတီတိုင်းဒေသကြီး,Bogale Township,ဘိုကလေး မြို့နယ်,Wea Gyi Village Tract,ဝဲကြီး ကျေးရွာအုပ်စု,village_tract,,,unmatched,exact_township_name,Source township resolved but CoreMap township id not matched in admin pass
1023225,Ayeyarwady Region,ဧရာဝတီတိုင်းဒေသကြီး,Bogale Township,ဘိုကလေး မြို့နယ်,Kwin Gyi Village Tract,ကွင်းကြီး ကျေးရွာအုပ်စု,village_tract,,,unmatched,exact_township_name,Source township resolved but CoreMap township id not matched in admin pass
1023226,Ayeyarwady Region,ဧရာဝတီတိုင်းဒေသကြီး,Bogale Township,ဘိုကလေး မြို့နယ်,Su Pa Daung Kone Village Tract,ဆူးပဒေါင်းကုန်း ကျေးရွာအုပ်စု,village_tract,,,unmatched,exact_township_name,Source township resolved but CoreMap township id not matched in admin pass
1023227,Ayeyarwady Region,ဧရာဝတီတိုင်းဒေသကြီး,Bogale Township,ဘိုကလေး မြို့နယ်,Boe Yaung Village Tract,ဘိုးရောင် ကျေးရွာအုပ်စု,village_tract,,,unmatched,exact_township_name,Source township resolved but CoreMap township id not matched in admin pass
1023228,Ayeyarwady Region,ဧရာဝတီတိုင်းဒေသကြီး,Bogale Township,ဘိုကလေး မြို့နယ်,Ywar Thit Village Tract,ရွာသစ် ကျေးရွာအုပ်စု,village_tract,,,unmatched,exact_township_name,Source township resolved but CoreMap township id not matched in admin pass
1023229,Ayeyarwady Region,ဧရာဝတီတိုင်းဒေသကြီး,Bogale Township,ဘိုကလေး မြို့နယ်,Pa Wein Village Tract,ပဝိန် ကျေးရွာအုပ်စု,village_tract,,,unmatched,exact_township_name,Source township resolved but CoreMap township id not matched in admin pass
1023230,Ayeyarwady Region,ဧရာဝတီတိုင်းဒေသကြီး,Bogale Township,ဘိုကလေး မြို့နယ်,Tha Zin Ngu Village Tract,သဇင်ငူ ကျေးရွာအုပ်စု,village_tract,,,unmatched,exact_township_name,Source township resolved but CoreMap township id not matched in admin pass
1023231,Ayeyarwady Region,ဧရာဝတီတိုင်းဒေသကြီး,Bogale Township,ဘိုကလေး မြို့နယ်,Tha Byu Kone Village Tract,သဗြုကုန်း ကျေးရွာအုပ်စု,village_tract,,,unmatched,exact_township_name,Source township resolved but CoreMap township id not matched in admin pass
1023232,Ayeyarwady Region,ဧရာဝတီတိုင်းဒေသကြီး,Bogale Township,ဘိုကလေး မြို့နယ်,Paik Sa Lat Village Tract,ပိုက်စလပ် ကျေးရွာအုပ်စု,village_tract,,,unmatched,exact_township_name,Source township resolved but CoreMap township id not matched in admin pass
1023233,Ayeyarwady Region,ဧရာဝတီတိုင်းဒေသကြီး,Bogale Township,ဘိုကလေး မြို့နယ်,Chaung Hpyar (Nyi Naung) Village Tract,ချောင်းဖျား (ညီနောင်) ကျေးရွာအုပ်စု,village_tract,,,unmatched,exact_township_name,Source township resolved but CoreMap township id not matched in admin pass
1023234,Ayeyarwady Region,ဧရာဝတီတိုင်းဒေသကြီး,Bogale Township,ဘိုကလေး မြို့နယ်,Thar Paung Village Tract,သာပေါင်း ကျေးရွာအုပ်စု,village_tract,,,unmatched,exact_township_name,Source township resolved but CoreMap township id not matched in admin pass
1023235,Ayeyarwady Region,ဧရာဝတီတိုင်းဒေသကြီး,Bogale Township,ဘိုကလေး မြို့နယ်,Nyi Naung Wa Village Tract,ညီနောင်ဝ ကျေးရွာအုပ်စု,village_tract,,,unmatched,exact_township_name,Source township resolved but CoreMap township id not matched in admin pass
1023236,Ayeyarwady Region,ဧရာဝတီတိုင်းဒေသကြီး,Bogale Township,ဘိုကလေး မြို့နယ်,Ma Lawt Village Tract,မလော့ ကျေးရွာအုပ်စု,village_tract,,,unmatched,exact_township_name,Source township resolved but CoreMap township id not matched in admin pass
1023237,Ayeyarwady Region,ဧရာဝတီတိုင်းဒေသကြီး,Bogale Township,ဘိုကလေး မြို့နယ်,Aye Village Tract,အေး ကျေးရွာအုပ်စု,village_tract,,,unmatched,exact_township_name,Source township resolved but CoreMap township id not matched in admin pass
1023238,Ayeyarwady Region,ဧရာဝတီတိုင်းဒေသကြီး,Bogale Township,ဘိုကလေး မြို့နယ်,Ma Gu Village Tract,မဂူ ကျေးရွာအုပ်စု,village_tract,,,unmatched,exact_township_name,Source township resolved but CoreMap township id not matched in admin pass
1023239,Ayeyarwady Region,ဧရာဝတီတိုင်းဒေသကြီး,Bogale Township,ဘိုကလေး မြို့နယ်,(Kyun Nyo Gyi) Kyun Hteik Village Tract,(ကျွန်းညိုကြီး) ကျွန်းထိပ် ကျေးရွာအုပ်စု,village_tract,,,unmatched,exact_township_name,Source township resolved but CoreMap township id not matched in admin pass
1023240,Ayeyarwady Region,ဧရာဝတီတိုင်းဒေသကြီး,Bogale Township,ဘိုကလေး မြို့နယ်,Pa Da Myar Kone Village Tract,ပတ္တမြားကုန်း ကျေးရွာအုပ်စု,village_tract,,,unmatched,exact_township_name,Source township resolved but CoreMap township id not matched in admin pass
1023241,Ayeyarwady Region,ဧရာဝတီတိုင်းဒေသကြီး,Bogale Township,ဘိုကလေး မြို့နယ်,Mya Thein Tan Village Tract,မြသိန်းတန် ကျေးရွာအုပ်စု,village_tract,,,unmatched,exact_township_name,Source township resolved but CoreMap township id not matched in admin pass
1023242,Ayeyarwady Region,ဧရာဝတီတိုင်းဒေသကြီး,Bogale Township,ဘိုကလေး မြို့နယ်,Thit To Chaung Village Tract,သစ်တိုချောင်း ကျေးရွာအုပ်စု,village_tract,,,unmatched,exact_township_name,Source township resolved but CoreMap township id not matched in admin pass
1023243,Ayeyarwady Region,ဧရာဝတီတိုင်းဒေသကြီး,Bogale Township,ဘိုကလေး မြို့နယ်,Hay Man Village Tract,ဟေမန် ကျေးရွာအုပ်စု,village_tract,,,unmatched,exact_township_name,Source township resolved but CoreMap township id not matched in admin pass
1023244,Ayeyarwady Region,ဧရာဝတီတိုင်းဒေသကြီး,Bogale Township,ဘိုကလေး မြို့နယ်,Boe Di Kwe Village Tract,ဘိုဒီကွဲ ကျေးရွာအုပ်စု,village_tract,,,unmatched,exact_township_name,Source township resolved but CoreMap township id not matched in admin pass
1023245,Ayeyarwady Region,ဧရာဝတီတိုင်းဒေသကြီး,Bogale Township,ဘိုကလေး မြို့နယ်,Thit Hpyu Chaung (Kan Su) Village Tract,သစ်ဖြူချောင်း (ကံစု) ကျေးရွာအုပ်စု,village_tract,,,unmatched,exact_township_name,Source township resolved but CoreMap township id not matched in admin pass
1023246,Ayeyarwady Region,ဧရာဝတီတိုင်းဒေသကြီး,Bogale Township,ဘိုကလေး မြို့နယ်,Nyi Naung (Hay Man) Village Tract,ညီနောင် (ဟေမန်) ကျေးရွာအုပ်စု,village_tract,,,unmatched,exact_township_name,Source township resolved but CoreMap township id not matched in admin pass
1023247,Ayeyarwady Region,ဧရာဝတီတိုင်းဒေသကြီး,Bogale Township,ဘိုကလေး မြို့နယ်,Hpa Yar Thone Su Village Tract,ဘုရားသုံးဆူ ကျေးရွာအုပ်စု,village_tract,,,unmatched,exact_township_name,Source township resolved but CoreMap township id not matched in admin pass
1023248,Ayeyarwady Region,ဧရာဝတီတိုင်းဒေသကြီး,Bogale Township,ဘိုကလေး မြို့နယ်,Nga Pi Chaung Village Tract,ငပိချောင်း ကျေးရွာအုပ်စု,village_tract,,,unmatched,exact_township_name,Source township resolved but CoreMap township id not matched in admin pass
1023249,Ayeyarwady Region,ဧရာဝတီတိုင်းဒေသကြီး,Bogale Township,ဘိုကလေး မြို့နယ်,Hpoe Lay Village Tract,ဖိုးလေး ကျေးရွာအုပ်စု,village_tract,,,unmatched,exact_township_name,Source township resolved but CoreMap township id not matched in admin pass
1023250,Ayeyarwady Region,ဧရာဝတီတိုင်းဒေသကြီး,Bogale Township,ဘိုကလေး မြို့နယ်,Thet Kei Seik Village Tract,သက္ကယ်ဆိပ် ကျေးရွာအုပ်စု,village_tract,,,unmatched,exact_township_name,Source township resolved but CoreMap township id not matched in admin pass
1023251,Ayeyarwady Region,ဧရာဝတီတိုင်းဒေသကြီး,Bogale Township,ဘိုကလေး မြို့နယ်,Thone Htat Village Tract,သုံးထပ် ကျေးရွာအုပ်စု,village_tract,,,unmatched,exact_township_name,Source township resolved but CoreMap township id not matched in admin pass
1023252,Ayeyarwady Region,ဧရာဝတီတိုင်းဒေသကြီး,Bogale Township,ဘိုကလေး မြို့နယ်,Tha Zin Kone Village Tract,သဇင်ကုန်း ကျေးရွာအုပ်စု,village_tract,,,unmatched,exact_township_name,Source township resolved but CoreMap township id not matched in admin pass
1023253,Ayeyarwady Region,ဧရာဝတီတိုင်းဒေသကြီး,Bogale Township,ဘိုကလေး မြို့နယ်,Ga Yan Village Tract,ဂရမ်း ကျေးရွာအုပ်စု,village_tract,,,unmatched,exact_township_name,Source township resolved but CoreMap township id not matched in admin pass
1023254,Ayeyarwady Region,ဧရာဝတီတိုင်းဒေသကြီး,Bogale Township,ဘိုကလေး မြို့နယ်,Pyin Boe Gyi Village Tract,ပြင်ဘိုးကြီး ကျေးရွာအုပ်စု,village_tract,,,unmatched,exact_township_name,Source township resolved but CoreMap township id not matched in admin pass
1023255,Ayeyarwady Region,ဧရာဝတီတိုင်းဒေသကြီး,Bogale Township,ဘိုကလေး မြို့နယ်,Pet Pye Village Tract,ပက်ပြဲ ကျေးရွာအုပ်စု,village_tract,,,unmatched,exact_township_name,Source township resolved but CoreMap township id not matched in admin pass
1023256,Ayeyarwady Region,ဧရာဝတီတိုင်းဒေသကြီး,Bogale Township,ဘိုကလေး မြို့နယ်,Set San Village Tract,စက်ဆန်း ကျေးရွာအုပ်စု,village_tract,,,unmatched,exact_township_name,Source township resolved but CoreMap township id not matched in admin pass
1023257,Ayeyarwady Region,ဧရာဝတီတိုင်းဒေသကြီး,Bogale Township,ဘိုကလေး မြို့နယ်,Byu Sa Khan Village Tract,ဗြူးစခန်း ကျေးရွာအုပ်စု,village_tract,,,unmatched,exact_township_name,Source township resolved but CoreMap township id not matched in admin pass
1023258,Ayeyarwady Region,ဧရာဝတီတိုင်းဒေသကြီး,Bogale Township,ဘိုကလေး မြို့နယ်,Ka Ma Ka Lu Village Tract,ကမကလူ ကျေးရွာအုပ်စု,village_tract,,,unmatched,exact_township_name,Source township resolved but CoreMap township id not matched in admin pass
1023259,Ayeyarwady Region,ဧရာဝတီတိုင်းဒေသကြီး,Bogale Township,ဘိုကလေး မြို့နယ်,Sa Khan Gyi Village Tract,စခန်းကြီး ကျေးရွာအုပ်စု,village_tract,,,unmatched,exact_township_name,Source township resolved but CoreMap township id not matched in admin pass
1023260,Ayeyarwady Region,ဧရာဝတီတိုင်းဒေသကြီး,Bogale Township,ဘိုကလေး မြို့နယ်,Tha Pyay Kan Village Tract,သပြေကန် ကျေးရွာအုပ်စု,village_tract,,,unmatched,exact_township_name,Source township resolved but CoreMap township id not matched in admin pass
1023261,Ayeyarwady Region,ဧရာဝတီတိုင်းဒေသကြီး,Bogale Township,ဘိုကလေး မြို့နယ်,Paung Htei Village Tract,ပေါင်းထယ် ကျေးရွာအုပ်စု,village_tract,,,unmatched,exact_township_name,Source township resolved but CoreMap township id not matched in admin pass
1023262,Ayeyarwady Region,ဧရာဝတီတိုင်းဒေသကြီး,Bogale Township,ဘိုကလေး မြို့နယ်,Nga Pyay Ma Village Tract,ငပြေမ ကျေးရွာအုပ်စု,village_tract,,,unmatched,exact_township_name,Source township resolved but CoreMap township id not matched in admin pass
1023263,Ayeyarwady Region,ဧရာဝတီတိုင်းဒေသကြီး,Bogale Township,ဘိုကလေး မြို့နယ်,Daunt Gyi Village Tract,ဒေါင့်ကြီး ကျေးရွာအုပ်စု,village_tract,,,unmatched,exact_township_name,Source township resolved but CoreMap township id not matched in admin pass
1023264,Ayeyarwady Region,ဧရာဝတီတိုင်းဒေသကြီး,Bogale Township,ဘိုကလေး မြို့နယ်,Kha Naung Village Tract,ခနောင် ကျေးရွာအုပ်စု,village_tract,,,unmatched,exact_township_name,Source township resolved but CoreMap township id not matched in admin pass
1023265,Ayeyarwady Region,ဧရာဝတီတိုင်းဒေသကြီး,Bogale Township,ဘိုကလေး မြို့နယ်,Chaung Gyi Wa Village Tract,ချောင်းကြီးဝ ကျေးရွာအုပ်စု,village_tract,,,unmatched,exact_township_name,Source township resolved but CoreMap township id not matched in admin pass
1023266,Ayeyarwady Region,ဧရာဝတီတိုင်းဒေသကြီး,Bogale Township,ဘိုကလေး မြို့နယ်,Hpa Yar Chaung Village Tract,ဘုရားချောင်း ကျေးရွာအုပ်စု,village_tract,,,unmatched,exact_township_name,Source township resolved but CoreMap township id not matched in admin pass
1023267,Ayeyarwady Region,ဧရာဝတီတိုင်းဒေသကြီး,Bogale Township,ဘိုကလေး မြို့နယ်,Kyein Chaung Gyi Village Tract,ကြိမ်ချောင်းကြီး ကျေးရွာအုပ်စု,village_tract,,,unmatched,exact_township_name,Source township resolved but CoreMap township id not matched in admin pass
1023268,Ayeyarwady Region,ဧရာဝတီတိုင်းဒေသကြီး,Bogale Township,ဘိုကလေး မြို့နယ်,Kyun Thar Yar Village Tract,ကျွန်းသာယာ ကျေးရွာအုပ်စု,village_tract,,,unmatched,exact_township_name,Source township resolved but CoreMap township id not matched in admin pass
1023269,Ayeyarwady Region,ဧရာဝတီတိုင်းဒေသကြီး,Bogale Township,ဘိုကလေး မြို့နယ်,Aye Yar Village Tract,အေရာ ကျေးရွာအုပ်စု,village_tract,,,unmatched,exact_township_name,Source township resolved but CoreMap township id not matched in admin pass
1023270,Ayeyarwady Region,ဧရာဝတီတိုင်းဒေသကြီး,Bogale Township,ဘိုကလေး မြို့နယ်,Ka Don Ka Ni Village Tract,ကဒုံကနိ ကျေးရွာအုပ်စု,village_tract,,,unmatched,exact_township_name,Source township resolved but CoreMap township id not matched in admin pass
1023271,Ayeyarwady Region,ဧရာဝတီတိုင်းဒေသကြီး,Bogale Township,ဘိုကလေး မြို့နယ်,Htaw Paing Village Tract,ထော်ပိုင် ကျေးရွာအုပ်စု,village_tract,,,unmatched,exact_township_name,Source township resolved but CoreMap township id not matched in admin pass
1023272,Ayeyarwady Region,ဧရာဝတီတိုင်းဒေသကြီး,Bogale Township,ဘိုကလေး မြို့နယ်,Yae Kyaw Toe Village Tract,ရေကျော်တိုး ကျေးရွာအုပ်စု,village_tract,,,unmatched,exact_township_name,Source township resolved but CoreMap township id not matched in admin pass
1023273,Ayeyarwady Region,ဧရာဝတီတိုင်းဒေသကြီး,Bogale Township,ဘိုကလေး မြို့နယ်,Chaung Bye Gyi Village Tract,ချောင်းဗြဲကြီး ကျေးရွာအုပ်စု,village_tract,,,unmatched,exact_township_name,Source township resolved but CoreMap township id not matched in admin pass
1023274,Ayeyarwady Region,ဧရာဝတီတိုင်းဒေသကြီး,Bogale Township,ဘိုကလေး မြို့နယ်,Sat Kyun Village Tract,ဆတ်ကျွန်း ကျေးရွာအုပ်စု,village_tract,,,unmatched,exact_township_name,Source township resolved but CoreMap township id not matched in admin pass
1023275,Ayeyarwady Region,ဧရာဝတီတိုင်းဒေသကြီး,Bogale Township,ဘိုကလေး မြို့နယ်,Tha Yaw Chaung Village Tract,သရော်ချောင်း ကျေးရွာအုပ်စု,village_tract,,,unmatched,exact_township_name,Source township resolved but CoreMap township id not matched in admin pass
1024001,Ayeyarwady Region,ဧရာဝတီတိုင်းဒေသကြီး,Kyaiklat Township,ကျိုက်လတ် မြို့နယ်,No (1) Quarter,အမှတ် (၁) ရပ်ကွက်,ward,,,unmatched,exact_township_name,Source township resolved but CoreMap township id not matched in admin pass
1024002,Ayeyarwady Region,ဧရာဝတီတိုင်းဒေသကြီး,Kyaiklat Township,ကျိုက်လတ် မြို့နယ်,No (2) Quarter,အမှတ် (၂) ရပ်ကွက်,ward,,,unmatched,exact_township_name,Source township resolved but CoreMap township id not matched in admin pass
1024003,Ayeyarwady Region,ဧရာဝတီတိုင်းဒေသကြီး,Kyaiklat Township,ကျိုက်လတ် မြို့နယ်,No (3) Quarter,အမှတ် (၃) ရပ်ကွက်,ward,,,unmatched,exact_township_name,Source township resolved but CoreMap township id not matched in admin pass
1024004,Ayeyarwady Region,ဧရာဝတီတိုင်းဒေသကြီး,Kyaiklat Township,ကျိုက်လတ် မြို့နယ်,No (4) Quarter,အမှတ် (၄) ရပ်ကွက်,ward,,,unmatched,exact_township_name,Source township resolved but CoreMap township id not matched in admin pass
1024005,Ayeyarwady Region,ဧရာဝတီတိုင်းဒေသကြီး,Kyaiklat Township,ကျိုက်လတ် မြို့နယ်,No (5) Quarter,အမှတ် (၅) ရပ်ကွက်,ward,,,unmatched,exact_township_name,Source township resolved but CoreMap township id not matched in admin pass
1024006,Ayeyarwady Region,ဧရာဝတီတိုင်းဒေသကြီး,Kyaiklat Township,ကျိုက်လတ် မြို့နယ်,No (6) Quarter,အမှတ် (၆) ရပ်ကွက်,ward,,,unmatched,exact_township_name,Source township resolved but CoreMap township id not matched in admin pass
1024200,Ayeyarwady Region,ဧရာဝတီတိုင်းဒေသကြီး,Kyaiklat Township,ကျိုက်လတ် မြို့နယ်,Kywe Ku Kha Yar Yoe Village Tract,ကျွဲကူးခရားရိုး ကျေးရွာအုပ်စု,village_tract,,,unmatched,exact_township_name,Source township resolved but CoreMap township id not matched in admin pass
1024201,Ayeyarwady Region,ဧရာဝတီတိုင်းဒေသကြီး,Kyaiklat Township,ကျိုက်လတ် မြို့နယ်,Hlaing Tar Village Tract,လှိုင်းတာ ကျေးရွာအုပ်စု,village_tract,,,unmatched,exact_township_name,Source township resolved but CoreMap township id not matched in admin pass
1024202,Ayeyarwady Region,ဧရာဝတီတိုင်းဒေသကြီး,Kyaiklat Township,ကျိုက်လတ် မြို့နယ်,Hpaung Yoe Chaung Village Tract,ဖောင်ရိုးချောင်း ကျေးရွာအုပ်စု,village_tract,,,unmatched,exact_township_name,Source township resolved but CoreMap township id not matched in admin pass
1024203,Ayeyarwady Region,ဧရာဝတီတိုင်းဒေသကြီး,Kyaiklat Township,ကျိုက်လတ် မြို့နယ်,Lay Ein Tan Village Tract,လေးအိမ်တန်း ကျေးရွာအုပ်စု,village_tract,,,unmatched,exact_township_name,Source township resolved but CoreMap township id not matched in admin pass
1024204,Ayeyarwady Region,ဧရာဝတီတိုင်းဒေသကြီး,Kyaiklat Township,ကျိုက်လတ် မြို့နယ်,Ka Taik Village Tract,ကတိုက် ကျေးရွာအုပ်စု,village_tract,,,unmatched,exact_township_name,Source township resolved but CoreMap township id not matched in admin pass
1024205,Ayeyarwady Region,ဧရာဝတီတိုင်းဒေသကြီး,Kyaiklat Township,ကျိုက်လတ် မြို့နယ်,Sin Tar Village Tract,ဆင်တာ ကျေးရွာအုပ်စု,village_tract,,,unmatched,exact_township_name,Source township resolved but CoreMap township id not matched in admin pass
1024206,Ayeyarwady Region,ဧရာဝတီတိုင်းဒေသကြီး,Kyaiklat Township,ကျိုက်လတ် မြို့နယ်,Yone Daunt Village Tract,ရုံးဒေါင့် ကျေးရွာအုပ်စု,village_tract,,,unmatched,exact_township_name,Source township resolved but CoreMap township id not matched in admin pass
1024207,Ayeyarwady Region,ဧရာဝတီတိုင်းဒေသကြီး,Kyaiklat Township,ကျိုက်လတ် မြို့နယ်,Taung Boet Gyi Village Tract,တောင်ဘို့ကြီး ကျေးရွာအုပ်စု,village_tract,,,unmatched,exact_township_name,Source township resolved but CoreMap township id not matched in admin pass
1024208,Ayeyarwady Region,ဧရာဝတီတိုင်းဒေသကြီး,Kyaiklat Township,ကျိုက်လတ် မြို့နယ်,Kyaung Su Village Tract,ကျောင်းစု ကျေးရွာအုပ်စု,village_tract,,,unmatched,exact_township_name,Source township resolved but CoreMap township id not matched in admin pass
1024209,Ayeyarwady Region,ဧရာဝတီတိုင်းဒေသကြီး,Kyaiklat Township,ကျိုက်လတ် မြို့နယ်,Kyon Kyaik Village Tract,ကျုံကျိုက် ကျေးရွာအုပ်စု,village_tract,,,unmatched,exact_township_name,Source township resolved but CoreMap township id not matched in admin pass
1024210,Ayeyarwady Region,ဧရာဝတီတိုင်းဒေသကြီး,Kyaiklat Township,ကျိုက်လတ် မြို့နယ်,Ein Yar Gyi Village Tract,အိမ်ယာကြီး ကျေးရွာအုပ်စု,village_tract,,,unmatched,exact_township_name,Source township resolved but CoreMap township id not matched in admin pass
1024211,Ayeyarwady Region,ဧရာဝတီတိုင်းဒေသကြီး,Kyaiklat Township,ကျိုက်လတ် မြို့နယ်,Ta Nyi Village Tract,တညီ ကျေးရွာအုပ်စု,village_tract,,,unmatched,exact_township_name,Source township resolved but CoreMap township id not matched in admin pass
1024212,Ayeyarwady Region,ဧရာဝတီတိုင်းဒေသကြီး,Kyaiklat Township,ကျိုက်လတ် မြို့နယ်,Kun Pa Laing Ywar Thit Village Tract,ကွန်ပလိုင်းရွာသစ် ကျေးရွာအုပ်စု,village_tract,,,unmatched,exact_township_name,Source township resolved but CoreMap township id not matched in admin pass
1024213,Ayeyarwady Region,ဧရာဝတီတိုင်းဒေသကြီး,Kyaiklat Township,ကျိုက်လတ် မြို့နယ်,Kyon La Mu Village Tract,ကျုံလမု ကျေးရွာအုပ်စု,village_tract,,,unmatched,exact_township_name,Source township resolved but CoreMap township id not matched in admin pass
1024214,Ayeyarwady Region,ဧရာဝတီတိုင်းဒေသကြီး,Kyaiklat Township,ကျိုက်လတ် မြို့နယ်,Ka Nyin Chaung Kyon Hpar Village Tract,ကညင်ချောင်းကျုံဖား ကျေးရွာအုပ်စု,village_tract,,,unmatched,exact_township_name,Source township resolved but CoreMap township id not matched in admin pass
1024215,Ayeyarwady Region,ဧရာဝတီတိုင်းဒေသကြီး,Kyaiklat Township,ကျိုက်လတ် မြို့နယ်,Ngwe Inn Su Village Tract,ငွေအင်းစု ကျေးရွာအုပ်စု,village_tract,,,unmatched,exact_township_name,Source township resolved but CoreMap township id not matched in admin pass
1024216,Ayeyarwady Region,ဧရာဝတီတိုင်းဒေသကြီး,Kyaiklat Township,ကျိုက်လတ် မြို့နယ်,Kyon Hpar Yae Kyaw Village Tract,ကျုံဖားရေကျော် ကျေးရွာအုပ်စု,village_tract,,,unmatched,exact_township_name,Source township resolved but CoreMap township id not matched in admin pass
1024217,Ayeyarwady Region,ဧရာဝတီတိုင်းဒေသကြီး,Kyaiklat Township,ကျိုက်လတ် မြို့နယ်,Dawei Hmaing Village Tract,ထားဝယ်မှိုင်း ကျေးရွာအုပ်စု,village_tract,,,unmatched,exact_township_name,Source township resolved but CoreMap township id not matched in admin pass
1024218,Ayeyarwady Region,ဧရာဝတီတိုင်းဒေသကြီး,Kyaiklat Township,ကျိုက်လတ် မြို့နယ်,Bon Da Yeik Village Tract,ဘုံဒရိတ် ကျေးရွာအုပ်စု,village_tract,,,unmatched,exact_township_name,Source township resolved but CoreMap township id not matched in admin pass
1024219,Ayeyarwady Region,ဧရာဝတီတိုင်းဒေသကြီး,Kyaiklat Township,ကျိုက်လတ် မြို့နယ်,Tha Pyay Tan Village Tract,သပြေတန်း ကျေးရွာအုပ်စု,village_tract,,,unmatched,exact_township_name,Source township resolved but CoreMap township id not matched in admin pass
1024220,Ayeyarwady Region,ဧရာဝတီတိုင်းဒေသကြီး,Kyaiklat Township,ကျိုက်လတ် မြို့နယ်,Kyee Chaung Village Tract,ကျီးချောင်း ကျေးရွာအုပ်စု,village_tract,,,unmatched,exact_township_name,Source township resolved but CoreMap township id not matched in admin pass
1024221,Ayeyarwady Region,ဧရာဝတီတိုင်းဒေသကြီး,Kyaiklat Township,ကျိုက်လတ် မြို့နယ်,Ba Li Chan Village Tract,ဗလီခြံ ကျေးရွာအုပ်စု,village_tract,,,unmatched,exact_township_name,Source township resolved but CoreMap township id not matched in admin pass
1024222,Ayeyarwady Region,ဧရာဝတီတိုင်းဒေသကြီး,Kyaiklat Township,ကျိုက်လတ် မြို့နယ်,Kywe Ta Lin Village Tract,ကျွဲတလင်း ကျေးရွာအုပ်စု,village_tract,,,unmatched,exact_township_name,Source township resolved but CoreMap township id not matched in admin pass
1024223,Ayeyarwady Region,ဧရာဝတီတိုင်းဒေသကြီး,Kyaiklat Township,ကျိုက်လတ် မြို့နယ်,Kyar Kaik (Let Khoke) Village Tract,ကျားကိုက် (လက်ခုတ်) ကျေးရွာအုပ်စု,village_tract,,,unmatched,exact_township_name,Source township resolved but CoreMap township id not matched in admin pass
1024224,Ayeyarwady Region,ဧရာဝတီတိုင်းဒေသကြီး,Kyaiklat Township,ကျိုက်လတ် မြို့နယ်,Tone Hle Ah Hta Nee Village Tract,တုံးလှဲအထနီး ကျေးရွာအုပ်စု,village_tract,,,unmatched,exact_township_name,Source township resolved but CoreMap township id not matched in admin pass
1024225,Ayeyarwady Region,ဧရာဝတီတိုင်းဒေသကြီး,Kyaiklat Township,ကျိုက်လတ် မြို့နယ်,Pay Chaung Village Tract,ပေချောင် ကျေးရွာအုပ်စု,village_tract,,,unmatched,exact_township_name,Source township resolved but CoreMap township id not matched in admin pass
1024226,Ayeyarwady Region,ဧရာဝတီတိုင်းဒေသကြီး,Kyaiklat Township,ကျိုက်လတ် မြို့နယ်,Da Yin Kauk Village Tract,ဒရင်ကောက် ကျေးရွာအုပ်စု,village_tract,,,unmatched,exact_township_name,Source township resolved but CoreMap township id not matched in admin pass
1024227,Ayeyarwady Region,ဧရာဝတီတိုင်းဒေသကြီး,Kyaiklat Township,ကျိုက်လတ် မြို့နယ်,Tha Pyay Chaung Village Tract,သပြေချောင်း ကျေးရွာအုပ်စု,village_tract,,,unmatched,exact_township_name,Source township resolved but CoreMap township id not matched in admin pass
1024228,Ayeyarwady Region,ဧရာဝတီတိုင်းဒေသကြီး,Kyaiklat Township,ကျိုက်လတ် မြို့နယ်,Pe Kho Su Village Tract,ပဲခိုးစု ကျေးရွာအုပ်စု,village_tract,,,unmatched,exact_township_name,Source township resolved but CoreMap township id not matched in admin pass
1024229,Ayeyarwady Region,ဧရာဝတီတိုင်းဒေသကြီး,Kyaiklat Township,ကျိုက်လတ် မြို့နယ်,War Kauk Village Tract,ဝါးကောက် ကျေးရွာအုပ်စု,village_tract,,,unmatched,exact_township_name,Source township resolved but CoreMap township id not matched in admin pass
1024230,Ayeyarwady Region,ဧရာဝတီတိုင်းဒေသကြီး,Kyaiklat Township,ကျိုက်လတ် မြို့နယ်,Hpaung Yoe Seik Village Tract,ဖောင်ရိုးဆိပ် ကျေးရွာအုပ်စု,village_tract,,,unmatched,exact_township_name,Source township resolved but CoreMap township id not matched in admin pass
1024231,Ayeyarwady Region,ဧရာဝတီတိုင်းဒေသကြီး,Kyaiklat Township,ကျိုက်လတ် မြို့နယ်,Tar Pat Village Tract,တာပါတ် ကျေးရွာအုပ်စု,village_tract,,,unmatched,exact_township_name,Source township resolved but CoreMap township id not matched in admin pass
1024232,Ayeyarwady Region,ဧရာဝတီတိုင်းဒေသကြီး,Kyaiklat Township,ကျိုက်လတ် မြို့နယ်,Kya Khat Kone Village Tract,ကျခတ်ကုန်း ကျေးရွာအုပ်စု,village_tract,,,unmatched,exact_township_name,Source township resolved but CoreMap township id not matched in admin pass
1024233,Ayeyarwady Region,ဧရာဝတီတိုင်းဒေသကြီး,Kyaiklat Township,ကျိုက်လတ် မြို့နယ်,La Tar Gyi Village Tract,လတာကြီး ကျေးရွာအုပ်စု,village_tract,,,unmatched,exact_township_name,Source township resolved but CoreMap township id not matched in admin pass
1024234,Ayeyarwady Region,ဧရာဝတီတိုင်းဒေသကြီး,Kyaiklat Township,ကျိုက်လတ် မြို့နယ်,Ah Shey Sin Ku Village Tract,အရှေ့ဆင်ကူး ကျေးရွာအုပ်စု,village_tract,,,unmatched,exact_township_name,Source township resolved but CoreMap township id not matched in admin pass
1024235,Ayeyarwady Region,ဧရာဝတီတိုင်းဒေသကြီး,Kyaiklat Township,ကျိုက်လတ် မြို့နယ်,Ah Htet Sin Ku Village Tract,အထက်ဆင်ကူး ကျေးရွာအုပ်စု,village_tract,,,unmatched,exact_township_name,Source township resolved but CoreMap township id not matched in admin pass
1024236,Ayeyarwady Region,ဧရာဝတီတိုင်းဒေသကြီး,Kyaiklat Township,ကျိုက်လတ် မြို့နယ်,Kyon Tone Ta Man Village Tract,ကျုံတုံးတမံ ကျေးရွာအုပ်စု,village_tract,,,unmatched,exact_township_name,Source township resolved but CoreMap township id not matched in admin pass
1024237,Ayeyarwady Region,ဧရာဝတီတိုင်းဒေသကြီး,Kyaiklat Township,ကျိုက်လတ် မြို့နယ်,Kyon Tone Let Pan Village Tract,ကျုံးတုံးလက်ပန် ကျေးရွာအုပ်စု,village_tract,,,unmatched,exact_township_name,Source township resolved but CoreMap township id not matched in admin pass
1024238,Ayeyarwady Region,ဧရာဝတီတိုင်းဒေသကြီး,Kyaiklat Township,ကျိုက်လတ် မြို့နယ်,Kyan Khin Pa Be Su Village Tract,ကြံခင်းပဘဲစု ကျေးရွာအုပ်စု,village_tract,,,unmatched,exact_township_name,Source township resolved but CoreMap township id not matched in admin pass
1024239,Ayeyarwady Region,ဧရာဝတီတိုင်းဒေသကြီး,Kyaiklat Township,ကျိုက်လတ် မြို့နယ်,Kyan Khin Su Village Tract,ကြံခင်းစု ကျေးရွာအုပ်စု,village_tract,,,unmatched,exact_township_name,Source township resolved but CoreMap township id not matched in admin pass
1024240,Ayeyarwady Region,ဧရာဝတီတိုင်းဒေသကြီး,Kyaiklat Township,ကျိုက်လတ် မြို့နယ်,Dawbon Village Tract,ဒေါပုံ ကျေးရွာအုပ်စု,village_tract,,,unmatched,exact_township_name,Source township resolved but CoreMap township id not matched in admin pass
1024241,Ayeyarwady Region,ဧရာဝတီတိုင်းဒေသကြီး,Kyaiklat Township,ကျိုက်လတ် မြို့နယ်,Nat Sin Wa Village Tract,နတ်စင်ဝ ကျေးရွာအုပ်စု,village_tract,,,unmatched,exact_township_name,Source township resolved but CoreMap township id not matched in admin pass
1024242,Ayeyarwady Region,ဧရာဝတီတိုင်းဒေသကြီး,Kyaiklat Township,ကျိုက်လတ် မြို့နယ်,Auk Sin Ku Village Tract,အောက်ဆင်ကူး ကျေးရွာအုပ်စု,village_tract,,,unmatched,exact_township_name,Source township resolved but CoreMap township id not matched in admin pass
1024243,Ayeyarwady Region,ဧရာဝတီတိုင်းဒေသကြီး,Kyaiklat Township,ကျိုက်လတ် မြို့နယ်,Htein Kyun Village Tract,ထိန်ကျွန်း ကျေးရွာအုပ်စု,village_tract,,,unmatched,exact_township_name,Source township resolved but CoreMap township id not matched in admin pass
1024244,Ayeyarwady Region,ဧရာဝတီတိုင်းဒေသကြီး,Kyaiklat Township,ကျိုက်လတ် မြို့နယ်,Thar Yar Wea Village Tract,သာယာဝဲ ကျေးရွာအုပ်စု,village_tract,,,unmatched,exact_township_name,Source township resolved but CoreMap township id not matched in admin pass
1024245,Ayeyarwady Region,ဧရာဝတီတိုင်းဒေသကြီး,Kyaiklat Township,ကျိုက်လတ် မြို့နယ်,Su Ga Nan Village Tract,ဆူးဂဏန်း ကျေးရွာအုပ်စု,village_tract,,,unmatched,exact_township_name,Source township resolved but CoreMap township id not matched in admin pass
1024246,Ayeyarwady Region,ဧရာဝတီတိုင်းဒေသကြီး,Kyaiklat Township,ကျိုက်လတ် မြို့နယ်,Bon Lon Chaung Village Tract,ဘုံလုံချောင်း ကျေးရွာအုပ်စု,village_tract,,,unmatched,exact_township_name,Source township resolved but CoreMap township id not matched in admin pass
1024247,Ayeyarwady Region,ဧရာဝတီတိုင်းဒေသကြီး,Kyaiklat Township,ကျိုက်လတ် မြို့နယ်,Kyon Ka Lut Village Tract,ကျုံကလွတ် ကျေးရွာအုပ်စု,village_tract,,,unmatched,exact_township_name,Source township resolved but CoreMap township id not matched in admin pass
1024248,Ayeyarwady Region,ဧရာဝတီတိုင်းဒေသကြီး,Kyaiklat Township,ကျိုက်လတ် မြို့နယ်,Nat Sin Kyaung Su Village Tract,နတ်စင်ကျောင်းစု ကျေးရွာအုပ်စု,village_tract,,,unmatched,exact_township_name,Source township resolved but CoreMap township id not matched in admin pass
1024249,Ayeyarwady Region,ဧရာဝတီတိုင်းဒေသကြီး,Kyaiklat Township,ကျိုက်လတ် မြို့နယ်,Pa Yaik Kyan Khin Village Tract,ပရိုက်ကြံခင်း ကျေးရွာအုပ်စု,village_tract,,,unmatched,exact_township_name,Source township resolved but CoreMap township id not matched in admin pass
1024250,Ayeyarwady Region,ဧရာဝတီတိုင်းဒေသကြီး,Kyaiklat Township,ကျိုက်လတ် မြို့နယ်,Kwin Chaung Gyi Village Tract,ကွင်းချောင်းကြီး ကျေးရွာအုပ်စု,village_tract,,,unmatched,exact_township_name,Source township resolved but CoreMap township id not matched in admin pass
1024251,Ayeyarwady Region,ဧရာဝတီတိုင်းဒေသကြီး,Kyaiklat Township,ကျိုက်လတ် မြို့နယ်,Ka Nyin Kaing Village Tract,ကညင်ကိုင်း ကျေးရွာအုပ်စု,village_tract,,,unmatched,exact_township_name,Source township resolved but CoreMap township id not matched in admin pass
1024252,Ayeyarwady Region,ဧရာဝတီတိုင်းဒေသကြီး,Kyaiklat Township,ကျိုက်လတ် မြို့နယ်,Kun Pa Laing Village Tract,ကွန်ပလိုင်း ကျေးရွာအုပ်စု,village_tract,,,unmatched,exact_township_name,Source township resolved but CoreMap township id not matched in admin pass
1024253,Ayeyarwady Region,ဧရာဝတီတိုင်းဒေသကြီး,Kyaiklat Township,ကျိုက်လတ် မြို့နယ်,Pa Yaik Wa Village Tract,ပရိုက်ဝ ကျေးရွာအုပ်စု,village_tract,,,unmatched,exact_township_name,Source township resolved but CoreMap township id not matched in admin pass
1024254,Ayeyarwady Region,ဧရာဝတီတိုင်းဒေသကြီး,Kyaiklat Township,ကျိုက်လတ် မြို့နယ်,Boe Lu Wa Village Tract,ဘိုးလူဝ ကျေးရွာအုပ်စု,village_tract,,,unmatched,exact_township_name,Source township resolved but CoreMap township id not matched in admin pass
1024255,Ayeyarwady Region,ဧရာဝတီတိုင်းဒေသကြီး,Kyaiklat Township,ကျိုက်လတ် မြို့နယ်,Nga Pway Tan Sar Hpyu Village Tract,ငပွေးတန်းစာဖြူ ကျေးရွာအုပ်စု,village_tract,,,unmatched,exact_township_name,Source township resolved but CoreMap township id not matched in admin pass
1024256,Ayeyarwady Region,ဧရာဝတီတိုင်းဒေသကြီး,Kyaiklat Township,ကျိုက်လတ် မြို့နယ်,Kyon Thi Wa Village Tract,ကျုံသိဝ ကျေးရွာအုပ်စု,village_tract,,,unmatched,exact_township_name,Source township resolved but CoreMap township id not matched in admin pass
1024257,Ayeyarwady Region,ဧရာဝတီတိုင်းဒေသကြီး,Kyaiklat Township,ကျိုက်လတ် မြို့နယ်,Ma Yan Ka Lay Village Tract,မရမ်းကလေး ကျေးရွာအုပ်စု,village_tract,,,unmatched,exact_township_name,Source township resolved but CoreMap township id not matched in admin pass
1024258,Ayeyarwady Region,ဧရာဝတီတိုင်းဒေသကြီး,Kyaiklat Township,ကျိုက်လတ် မြို့နယ်,Ka Lat Yat Village Tract,ကလပ်ရပ် ကျေးရွာအုပ်စု,village_tract,,,unmatched,exact_township_name,Source township resolved but CoreMap township id not matched in admin pass
1024259,Ayeyarwady Region,ဧရာဝတီတိုင်းဒေသကြီး,Kyaiklat Township,ကျိုက်လတ် မြို့နယ်,Daunt Gyi Village Tract,ဒေါင့်ကြီး ကျေးရွာအုပ်စု,village_tract,,,unmatched,exact_township_name,Source township resolved but CoreMap township id not matched in admin pass
1024260,Ayeyarwady Region,ဧရာဝတီတိုင်းဒေသကြီး,Kyaiklat Township,ကျိုက်လတ် မြို့နယ်,Teit Teit Ku Village Tract,တဲ့တဲ့ကူး ကျေးရွာအုပ်စု,village_tract,,,unmatched,exact_township_name,Source township resolved but CoreMap township id not matched in admin pass
1024261,Ayeyarwady Region,ဧရာဝတီတိုင်းဒေသကြီး,Kyaiklat Township,ကျိုက်လတ် မြို့နယ်,Hle Seik Village Tract,လှည်းဆိပ် ကျေးရွာအုပ်စု,village_tract,,,unmatched,exact_township_name,Source township resolved but CoreMap township id not matched in admin pass
1024262,Ayeyarwady Region,ဧရာဝတီတိုင်းဒေသကြီး,Kyaiklat Township,ကျိုက်လတ် မြို့နယ်,Kha Naung Village Tract,ခနောင် ကျေးရွာအုပ်စု,village_tract,,,unmatched,exact_township_name,Source township resolved but CoreMap township id not matched in admin pass
1024263,Ayeyarwady Region,ဧရာဝတီတိုင်းဒေသကြီး,Kyaiklat Township,ကျိုက်လတ် မြို့နယ်,Ka Nyin Kone Village Tract,ကညင်ကုန်း ကျေးရွာအုပ်စု,village_tract,,,unmatched,exact_township_name,Source township resolved but CoreMap township id not matched in admin pass
1024264,Ayeyarwady Region,ဧရာဝတီတိုင်းဒေသကြီး,Kyaiklat Township,ကျိုက်လတ် မြို့နယ်,Ta Boe Kone Village Tract,တဘိုးကုန်း ကျေးရွာအုပ်စု,village_tract,,,unmatched,exact_township_name,Source township resolved but CoreMap township id not matched in admin pass
1024265,Ayeyarwady Region,ဧရာဝတီတိုင်းဒေသကြီး,Kyaiklat Township,ကျိုက်လတ် မြို့နယ်,Ta Pay Ta Mawt Village Tract,တပေတမော့ ကျေးရွာအုပ်စု,village_tract,,,unmatched,exact_township_name,Source township resolved but CoreMap township id not matched in admin pass
1024266,Ayeyarwady Region,ဧရာဝတီတိုင်းဒေသကြီး,Kyaiklat Township,ကျိုက်လတ် မြို့နယ်,Pan Be Su Village Tract,ပန်းဘဲစု ကျေးရွာအုပ်စု,village_tract,,,unmatched,exact_township_name,Source township resolved but CoreMap township id not matched in admin pass
1024267,Ayeyarwady Region,ဧရာဝတီတိုင်းဒေသကြီး,Kyaiklat Township,ကျိုက်လတ် မြို့နယ်,Nga Pi Chaung Village Tract,ငပိချောင်း ကျေးရွာအုပ်စု,village_tract,,,unmatched,exact_township_name,Source township resolved but CoreMap township id not matched in admin pass
1024268,Ayeyarwady Region,ဧရာဝတီတိုင်းဒေသကြီး,Kyaiklat Township,ကျိုက်လတ် မြို့နယ်,Tha Byu Seik Village Tract,သဗြုဆိပ် ကျေးရွာအုပ်စု,village_tract,,,unmatched,exact_township_name,Source township resolved but CoreMap township id not matched in admin pass
1024269,Ayeyarwady Region,ဧရာဝတီတိုင်းဒေသကြီး,Kyaiklat Township,ကျိုက်လတ် မြို့နယ်,Me Za Li Kone Village Tract,မဲဇလီကုန်း ကျေးရွာအုပ်စု,village_tract,,,unmatched,exact_township_name,Source township resolved but CoreMap township id not matched in admin pass
1024270,Ayeyarwady Region,ဧရာဝတီတိုင်းဒေသကြီး,Kyaiklat Township,ကျိုက်လတ် မြို့နယ်,Kyon Ma Ngay Ah Su Gyi Village Tract,ကျုံမငေးအစုကြီး ကျေးရွာအုပ်စု,village_tract,,,unmatched,exact_township_name,Source township resolved but CoreMap township id not matched in admin pass
1024271,Ayeyarwady Region,ဧရာဝတီတိုင်းဒေသကြီး,Kyaiklat Township,ကျိုက်လတ် မြို့နယ်,Ta Man Gyi Village Tract,တမံကြီး ကျေးရွာအုပ်စု,village_tract,,,unmatched,exact_township_name,Source township resolved but CoreMap township id not matched in admin pass
1024272,Ayeyarwady Region,ဧရာဝတီတိုင်းဒေသကြီး,Kyaiklat Township,ကျိုက်လတ် မြို့နယ်,Ma Yan Gyi Village Tract,မရမ်းကြီး ကျေးရွာအုပ်စု,village_tract,,,unmatched,exact_township_name,Source township resolved but CoreMap township id not matched in admin pass
1024273,Ayeyarwady Region,ဧရာဝတီတိုင်းဒေသကြီး,Kyaiklat Township,ကျိုက်လတ် မြို့နယ်,Lay Lan Pin Village Tract,လေလံပင် ကျေးရွာအုပ်စု,village_tract,,,unmatched,exact_township_name,Source township resolved but CoreMap township id not matched in admin pass
1024274,Ayeyarwady Region,ဧရာဝတီတိုင်းဒေသကြီး,Kyaiklat Township,ကျိုက်လတ် မြို့နယ်,Myanmar Kayin Su Village Tract,မြန်မာကရင်စု ကျေးရွာအုပ်စု,village_tract,,,unmatched,exact_township_name,Source township resolved but CoreMap township id not matched in admin pass
1024275,Ayeyarwady Region,ဧရာဝတီတိုင်းဒေသကြီး,Kyaiklat Township,ကျိုက်လတ် မြို့နယ်,Ohn Pin Su Village Tract,အုံးပင်စု ကျေးရွာအုပ်စု,village_tract,,,unmatched,exact_township_name,Source township resolved but CoreMap township id not matched in admin pass
1024276,Ayeyarwady Region,ဧရာဝတီတိုင်းဒေသကြီး,Kyaiklat Township,ကျိုက်လတ် မြို့နယ်,Thar Yar Kone Village Tract,သာယာကုန်း ကျေးရွာအုပ်စု,village_tract,,,unmatched,exact_township_name,Source township resolved but CoreMap township id not matched in admin pass
1024277,Ayeyarwady Region,ဧရာဝတီတိုင်းဒေသကြီး,Kyaiklat Township,ကျိုက်လတ် မြို့နယ်,Hta Yaw Ywar Thit Village Tract,ထရော်ရွာသစ် ကျေးရွာအုပ်စု,village_tract,,,unmatched,exact_township_name,Source township resolved but CoreMap township id not matched in admin pass
1024278,Ayeyarwady Region,ဧရာဝတီတိုင်းဒေသကြီး,Kyaiklat Township,ကျိုက်လတ် မြို့နယ်,Kyon Ma Ngeit Village Tract,ကျုံမငဲ့ ကျေးရွာအုပ်စု,village_tract,,,unmatched,exact_township_name,Source township resolved but CoreMap township id not matched in admin pass
1024279,Ayeyarwady Region,ဧရာဝတီတိုင်းဒေသကြီး,Kyaiklat Township,ကျိုက်လတ် မြို့နယ်,Lin Tun Village Tract,လင်းတွန် ကျေးရွာအုပ်စု,village_tract,,,unmatched,exact_township_name,Source township resolved but CoreMap township id not matched in admin pass
1024280,Ayeyarwady Region,ဧရာဝတီတိုင်းဒေသကြီး,Kyaiklat Township,ကျိုက်လတ် မြို့နယ်,Dar Na Chaung Village Tract,ဒါနချောင်း ကျေးရွာအုပ်စု,village_tract,,,unmatched,exact_township_name,Source township resolved but CoreMap township id not matched in admin pass
1024281,Ayeyarwady Region,ဧရာဝတီတိုင်းဒေသကြီး,Kyaiklat Township,ကျိုက်လတ် မြို့နယ်,Sar Hpo Thaing Chaung Village Tract,ဆားဖိုသိုင်းချောင်း ကျေးရွာအုပ်စု,village_tract,,,unmatched,exact_township_name,Source township resolved but CoreMap township id not matched in admin pass
1024282,Ayeyarwady Region,ဧရာဝတီတိုင်းဒေသကြီး,Kyaiklat Township,ကျိုက်လတ် မြို့နယ်,Tha Met Pyay Wa Village Tract,သမက်ပြေဝ ကျေးရွာအုပ်စု,village_tract,,,unmatched,exact_township_name,Source township resolved but CoreMap township id not matched in admin pass
1024283,Ayeyarwady Region,ဧရာဝတီတိုင်းဒေသကြီး,Kyaiklat Township,ကျိုက်လတ် မြို့နယ်,Sit Kone Village Tract,စစ်ကုန်း ကျေးရွာအုပ်စု,village_tract,,,unmatched,exact_township_name,Source township resolved but CoreMap township id not matched in admin pass
1024284,Ayeyarwady Region,ဧရာဝတီတိုင်းဒေသကြီး,Kyaiklat Township,ကျိုက်လတ် မြို့နယ်,Ah Hu Village Tract,အဟူး ကျေးရွာအုပ်စု,village_tract,,,unmatched,exact_township_name,Source township resolved but CoreMap township id not matched in admin pass
1024285,Ayeyarwady Region,ဧရာဝတီတိုင်းဒေသကြီး,Kyaiklat Township,ကျိုက်လတ် မြို့နယ်,Meik Tha Lin Village Tract,မိဿလင် ကျေးရွာအုပ်စု,village_tract,,,unmatched,exact_township_name,Source township resolved but CoreMap township id not matched in admin pass
1024286,Ayeyarwady Region,ဧရာဝတီတိုင်းဒေသကြီး,Kyaiklat Township,ကျိုက်လတ် မြို့နယ်,Kaing Chaung Village Tract,ကိုင်းချောင်း ကျေးရွာအုပ်စု,village_tract,,,unmatched,exact_township_name,Source township resolved but CoreMap township id not matched in admin pass
1025001,Ayeyarwady Region,ဧရာဝတီတိုင်းဒေသကြီး,Pyapon Township,ဖျာပုံ မြို့နယ်,No (1) (Da Ni Taw ) Quarter,(၁) ဓနိတော ရပ်ကွက်,ward,,,unmatched,exact_township_name,Source township resolved but CoreMap township id not matched in admin pass
1025002,Ayeyarwady Region,ဧရာဝတီတိုင်းဒေသကြီး,Pyapon Township,ဖျာပုံ မြို့နယ်,No (2)  (Zay Paing ) Quarter,(၂) ဈေးပိုင်း ရပ်ကွက်,ward,,,unmatched,exact_township_name,Source township resolved but CoreMap township id not matched in admin pass
1025003,Ayeyarwady Region,ဧရာဝတီတိုင်းဒေသကြီး,Pyapon Township,ဖျာပုံ မြို့နယ်,No (3)  (Myo U ) Quarter,(၃) မြို့ဦး ရပ်ကွက်,ward,,,unmatched,exact_township_name,Source township resolved but CoreMap township id not matched in admin pass
1025004,Ayeyarwady Region,ဧရာဝတီတိုင်းဒေသကြီး,Pyapon Township,ဖျာပုံ မြို့နယ်,No (4) (Ma Gyi Tan) Quarter,(၄) မကျီးတန်း ရပ်ကွက်,ward,,,unmatched,exact_township_name,Source township resolved but CoreMap township id not matched in admin pass
1025005,Ayeyarwady Region,ဧရာဝတီတိုင်းဒေသကြီး,Pyapon Township,ဖျာပုံ မြို့နယ်,No (5) (Ywa Lel Hpa Yar ) Quarter,(၅) ရွာလည်ဘုရား ရပ်ကွက်,ward,,,unmatched,exact_township_name,Source township resolved but CoreMap township id not matched in admin pass
1025006,Ayeyarwady Region,ဧရာဝတီတိုင်းဒေသကြီး,Pyapon Township,ဖျာပုံ မြို့နယ်,No (6) (Thin Baw Seik ) Quarter,(၆) သင်္ဘောဆိပ် ရပ်ကွက်,ward,,,unmatched,exact_township_name,Source township resolved but CoreMap township id not matched in admin pass
1025007,Ayeyarwady Region,ဧရာဝတီတိုင်းဒေသကြီး,Pyapon Township,ဖျာပုံ မြို့နယ်,No (7) (Shwe Gu Chaung ) Quarter,(၇) ရွှေဂူချောင် ရပ်ကွက်,ward,,,unmatched,exact_township_name,Source township resolved but CoreMap township id not matched in admin pass
1025008,Ayeyarwady Region,ဧရာဝတီတိုင်းဒေသကြီး,Pyapon Township,ဖျာပုံ မြို့နယ်,No (8)(Ah Pyaung) Quarter,(၈) အပြောင် ရပ်ကွက်,ward,,,unmatched,exact_township_name,Source township resolved but CoreMap township id not matched in admin pass
1025009,Ayeyarwady Region,ဧရာဝတီတိုင်းဒေသကြီး,Pyapon Township,ဖျာပုံ မြို့နယ်,No (9) (Kwet Thit (North) ) Quarter,(၉) ကွက်သစ်မြောက် ရပ်ကွက်,ward,,,unmatched,exact_township_name,Source township resolved but CoreMap township id not matched in admin pass
1025010,Ayeyarwady Region,ဧရာဝတီတိုင်းဒေသကြီး,Pyapon Township,ဖျာပုံ မြို့နယ်,No (10)Kwet Thit (Middle)) Quarter,(၁၀) ကွက်သစ်အလယ် ရပ်ကွက်,ward,,,unmatched,exact_township_name,Source township resolved but CoreMap township id not matched in admin pass
1025011,Ayeyarwady Region,ဧရာဝတီတိုင်းဒေသကြီး,Pyapon Township,ဖျာပုံ မြို့နယ်,No (11)  (Kwet Thit (South) ) Quarter,(၁၁) ကွက်သစ်တောင် ရပ်ကွက်,ward,,,unmatched,exact_township_name,Source township resolved but CoreMap township id not matched in admin pass
1025012,Ayeyarwady Region,ဧရာဝတီတိုင်းဒေသကြီး,Pyapon Township,ဖျာပုံ မြို့နယ်,No (12)  (Sit Tan ) Quarter,(၁၂) စစ်တန်း ရပ်ကွက်,ward,,,unmatched,exact_township_name,Source township resolved but CoreMap township id not matched in admin pass
1025013,Ayeyarwady Region,ဧရာဝတီတိုင်းဒေသကြီး,Pyapon Township,ဖျာပုံ မြို့နယ်,No (13)  (Thein Hpa Yar ) Quarter,(၁၃) သိမ်ဘုရား ရပ်ကွက်,ward,,,unmatched,exact_township_name,Source township resolved but CoreMap township id not matched in admin pass
1025014,Ayeyarwady Region,ဧရာဝတီတိုင်းဒေသကြီး,Pyapon Township,ဖျာပုံ မြို့နယ်,No (14) (Sit Kwet Thit ) Quarter,(၁၄) စစ်ကွက်သစ် ရပ်ကွက်,ward,,,unmatched,exact_township_name,Source township resolved but CoreMap township id not matched in admin pass
1025015,Ayeyarwady Region,ဧရာဝတီတိုင်းဒေသကြီး,Pyapon Township,ဖျာပုံ မြို့နယ်,No (15)  (Bo Chyoke Kwet Thit ) Quarter,(၁၅) ဗိုလ်ချုပ်ကွက်သစ် ရပ်ကွက်,ward,,,unmatched,exact_township_name,Source township resolved but CoreMap township id not matched in admin pass
1025016,Ayeyarwady Region,ဧရာဝတီတိုင်းဒေသကြီး,Pyapon Township,ဖျာပုံ မြို့နယ်,No (16)  (Ah Gyi Kwet Thit ) Quarter,(၁၆) အကြီးကွက်သစ် ရပ်ကွက်,ward,,,unmatched,exact_township_name,Source township resolved but CoreMap township id not matched in admin pass
1025017,Ayeyarwady Region,ဧရာဝတီတိုင်းဒေသကြီး,Pyapon Township,ဖျာပုံ မြို့နယ်,No (17)  (Leik U Kone Kwet Thit ) Quarter,(၁၇) လိပ်ဥကုန်းကွက်သစ် ရပ်ကွက်,ward,,,unmatched,exact_township_name,Source township resolved but CoreMap township id not matched in admin pass
1025018,Ayeyarwady Region,ဧရာဝတီတိုင်းဒေသကြီး,Pyapon Township,ဖျာပုံ မြို့နယ်,No (18) (Kan Taw Min Ga Lar ) Quarter,(၁၈) ကန်တော်မင်္ဂလာ ရပ်ကွက်,ward,,,unmatched,exact_township_name,Source township resolved but CoreMap township id not matched in admin pass
1025019,Ayeyarwady Region,ဧရာဝတီတိုင်းဒေသကြီး,Pyapon Township,ဖျာပုံ မြို့နယ်,No (19)  (Tu Myaung) Quarter,(၁၉) တူးမြောင်း ရပ်ကွက်,ward,,,unmatched,exact_township_name,Source township resolved but CoreMap township id not matched in admin pass
1025200,Ayeyarwady Region,ဧရာဝတီတိုင်းဒေသကြီး,Pyapon Township,ဖျာပုံ မြို့နယ်,Kyon Tar Shan Kwin Village Tract,ကျုံတာရှမ်းကွင်း ကျေးရွာအုပ်စု,village_tract,,,unmatched,exact_township_name,Source township resolved but CoreMap township id not matched in admin pass
1025201,Ayeyarwady Region,ဧရာဝတီတိုင်းဒေသကြီး,Pyapon Township,ဖျာပုံ မြို့နယ်,Tha Leik Gyi Village Tract,သလိပ်ကြီး ကျေးရွာအုပ်စု,village_tract,,,unmatched,exact_township_name,Source township resolved but CoreMap township id not matched in admin pass
1025202,Ayeyarwady Region,ဧရာဝတီတိုင်းဒေသကြီး,Pyapon Township,ဖျာပုံ မြို့နယ်,Gyo War Kyauk Ye Su Village Tract,ဂျိုဝါကျောက်ရဲစု ကျေးရွာအုပ်စု,village_tract,,,unmatched,exact_township_name,Source township resolved but CoreMap township id not matched in admin pass
1025203,Ayeyarwady Region,ဧရာဝတီတိုင်းဒေသကြီး,Pyapon Township,ဖျာပုံ မြို့နယ်,Kyon Soke Gon Hnyin Tan Village Tract,ကျုံစုတ်ဂုံညင်းတန်း ကျေးရွာအုပ်စု,village_tract,,,unmatched,exact_township_name,Source township resolved but CoreMap township id not matched in admin pass
1025204,Ayeyarwady Region,ဧရာဝတီတိုင်းဒေသကြီး,Pyapon Township,ဖျာပုံ မြို့နယ်,Min Hla Su Village Tract,မင်းလှစု ကျေးရွာအုပ်စု,village_tract,,,unmatched,exact_township_name,Source township resolved but CoreMap township id not matched in admin pass
1025205,Ayeyarwady Region,ဧရာဝတီတိုင်းဒေသကြီး,Pyapon Township,ဖျာပုံ မြို့နယ်,Gyo War Kyan Khin Su Village Tract,ဂျိုဝါကြံခင်းစု ကျေးရွာအုပ်စု,village_tract,,,unmatched,exact_township_name,Source township resolved but CoreMap township id not matched in admin pass
1025206,Ayeyarwady Region,ဧရာဝတီတိုင်းဒေသကြီး,Pyapon Township,ဖျာပုံ မြို့နယ်,Chaung Twin Village Tract,ချောင်းတွင်း ကျေးရွာအုပ်စု,village_tract,,,unmatched,exact_township_name,Source township resolved but CoreMap township id not matched in admin pass
1025207,Ayeyarwady Region,ဧရာဝတီတိုင်းဒေသကြီး,Pyapon Township,ဖျာပုံ မြို့နယ်,Kyon Ku Village Tract,ကျုံကူ ကျေးရွာအုပ်စု,village_tract,,,unmatched,exact_township_name,Source township resolved but CoreMap township id not matched in admin pass
1025208,Ayeyarwady Region,ဧရာဝတီတိုင်းဒေသကြီး,Pyapon Township,ဖျာပုံ မြို့နယ်,Ah Pyaung Village Tract,အပြောင် ကျေးရွာအုပ်စု,village_tract,,,unmatched,exact_township_name,Source township resolved but CoreMap township id not matched in admin pass
1025209,Ayeyarwady Region,ဧရာဝတီတိုင်းဒေသကြီး,Pyapon Township,ဖျာပုံ မြို့နယ်,Auk Kwin Gyi Village Tract,အောက်ကွင်းကြီး ကျေးရွာအုပ်စု,village_tract,,,unmatched,exact_township_name,Source township resolved but CoreMap township id not matched in admin pass
1025210,Ayeyarwady Region,ဧရာဝတီတိုင်းဒေသကြီး,Pyapon Township,ဖျာပုံ မြို့နယ်,Hmaw Bi Village Tract,မှော်ဘီ ကျေးရွာအုပ်စု,village_tract,,,unmatched,exact_township_name,Source township resolved but CoreMap township id not matched in admin pass
1025211,Ayeyarwady Region,ဧရာဝတီတိုင်းဒေသကြီး,Pyapon Township,ဖျာပုံ မြို့နယ်,Aung Thar Yar Village Tract,အောင်သာယာ ကျေးရွာအုပ်စု,village_tract,,,unmatched,exact_township_name,Source township resolved but CoreMap township id not matched in admin pass
1025212,Ayeyarwady Region,ဧရာဝတီတိုင်းဒေသကြီး,Pyapon Township,ဖျာပုံ မြို့နယ်,Kha Yaing Baw Village Tract,ခရိုင်ဘော် ကျေးရွာအုပ်စု,village_tract,,,unmatched,exact_township_name,Source township resolved but CoreMap township id not matched in admin pass
1025213,Ayeyarwady Region,ဧရာဝတီတိုင်းဒေသကြီး,Pyapon Township,ဖျာပုံ မြို့နယ်,Kyee Hnit Pin Village Tract,ကျီးနှစ်ပင် ကျေးရွာအုပ်စု,village_tract,,,unmatched,exact_township_name,Source township resolved but CoreMap township id not matched in admin pass
1025214,Ayeyarwady Region,ဧရာဝတီတိုင်းဒေသကြီး,Pyapon Township,ဖျာပုံ မြို့နယ်,Tha Mein Htaw Kone Tan Village Tract,သမိန်ထောကုန်းတန်း ကျေးရွာအုပ်စု,village_tract,,,unmatched,exact_township_name,Source township resolved but CoreMap township id not matched in admin pass
1025215,Ayeyarwady Region,ဧရာဝတီတိုင်းဒေသကြီး,Pyapon Township,ဖျာပုံ မြို့နယ်,Ah Char Ka Lay Village Tract,အခြားကလေး ကျေးရွာအုပ်စု,village_tract,,,unmatched,exact_township_name,Source township resolved but CoreMap township id not matched in admin pass
1025216,Ayeyarwady Region,ဧရာဝတီတိုင်းဒေသကြီး,Pyapon Township,ဖျာပုံ မြို့နယ်,Ka Ni Village Tract,ကနိ ကျေးရွာအုပ်စု,village_tract,,,unmatched,exact_township_name,Source township resolved but CoreMap township id not matched in admin pass
1025217,Ayeyarwady Region,ဧရာဝတီတိုင်းဒေသကြီး,Pyapon Township,ဖျာပုံ မြို့နယ်,Tha Mein Htaw Thein Kone Village Tract,သမိန်ထောသိမ်ကုန်း ကျေးရွာအုပ်စု,village_tract,,,unmatched,exact_township_name,Source township resolved but CoreMap township id not matched in admin pass
1025218,Ayeyarwady Region,ဧရာဝတီတိုင်းဒေသကြီး,Pyapon Township,ဖျာပုံ မြို့နယ်,Ah Lan Hpa Lut Village Tract,အလန်းဖလွတ် ကျေးရွာအုပ်စု,village_tract,,,unmatched,exact_township_name,Source township resolved but CoreMap township id not matched in admin pass
1025219,Ayeyarwady Region,ဧရာဝတီတိုင်းဒေသကြီး,Pyapon Township,ဖျာပုံ မြို့နယ်,Zin Baung Village Tract,ဇင်းဘောင် ကျေးရွာအုပ်စု,village_tract,,,unmatched,exact_township_name,Source township resolved but CoreMap township id not matched in admin pass
1025220,Ayeyarwady Region,ဧရာဝတီတိုင်းဒေသကြီး,Pyapon Township,ဖျာပုံ မြို့နယ်,Kun Daing Village Tract,ကွန်ဒိုင်း ကျေးရွာအုပ်စု,village_tract,,,unmatched,exact_township_name,Source township resolved but CoreMap township id not matched in admin pass
1025221,Ayeyarwady Region,ဧရာဝတီတိုင်းဒေသကြီး,Pyapon Township,ဖျာပုံ မြို့နယ်,Tin Pu Lwe Village Tract,တင်ပုလွဲ ကျေးရွာအုပ်စု,village_tract,,,unmatched,exact_township_name,Source township resolved but CoreMap township id not matched in admin pass
1025222,Ayeyarwady Region,ဧရာဝတီတိုင်းဒေသကြီး,Pyapon Township,ဖျာပုံ မြို့နယ်,Let Pan Pin Village Tract,လက်ပန်ပင် ကျေးရွာအုပ်စု,village_tract,,,unmatched,exact_township_name,Source township resolved but CoreMap township id not matched in admin pass
1025223,Ayeyarwady Region,ဧရာဝတီတိုင်းဒေသကြီး,Pyapon Township,ဖျာပုံ မြို့နယ်,Kyon Ka Dun Village Tract,ကျုံကဒွန်း ကျေးရွာအုပ်စု,village_tract,,,unmatched,exact_township_name,Source township resolved but CoreMap township id not matched in admin pass
1025224,Ayeyarwady Region,ဧရာဝတီတိုင်းဒေသကြီး,Pyapon Township,ဖျာပုံ မြို့နယ်,Auk Ka Bar Village Tract,အောက္ကဘာ ကျေးရွာအုပ်စု,village_tract,,,unmatched,exact_township_name,Source township resolved but CoreMap township id not matched in admin pass
1025225,Ayeyarwady Region,ဧရာဝတီတိုင်းဒေသကြီး,Pyapon Township,ဖျာပုံ မြို့နယ်,Byaing Ka Hpee Village Tract,ဗျိုင်းကဖီး ကျေးရွာအုပ်စု,village_tract,,,unmatched,exact_township_name,Source township resolved but CoreMap township id not matched in admin pass
1025226,Ayeyarwady Region,ဧရာဝတီတိုင်းဒေသကြီး,Pyapon Township,ဖျာပုံ မြို့နယ်,Kyet Hpa Mway Zaung Village Tract,ကြက်ဖမွေးဇောင်း ကျေးရွာအုပ်စု,village_tract,,,unmatched,exact_township_name,Source township resolved but CoreMap township id not matched in admin pass
1025227,Ayeyarwady Region,ဧရာဝတီတိုင်းဒေသကြီး,Pyapon Township,ဖျာပုံ မြို့နယ်,Gay Gu Village Tract,ဂေးဂု ကျေးရွာအုပ်စု,village_tract,,,unmatched,exact_township_name,Source township resolved but CoreMap township id not matched in admin pass
1025228,Ayeyarwady Region,ဧရာဝတီတိုင်းဒေသကြီး,Pyapon Township,ဖျာပုံ မြို့နယ်,Thone Htat Village Tract,သုံးထပ် ကျေးရွာအုပ်စု,village_tract,,,unmatched,exact_township_name,Source township resolved but CoreMap township id not matched in admin pass
1025229,Ayeyarwady Region,ဧရာဝတီတိုင်းဒေသကြီး,Pyapon Township,ဖျာပုံ မြို့နယ်,Kyaik Ka Bar Village Tract,ကျိုက္ကဘာ ကျေးရွာအုပ်စု,village_tract,,,unmatched,exact_township_name,Source township resolved but CoreMap township id not matched in admin pass
1025230,Ayeyarwady Region,ဧရာဝတီတိုင်းဒေသကြီး,Pyapon Township,ဖျာပုံ မြို့နယ်,Ka Zaung Village Tract,ကဇောင်း ကျေးရွာအုပ်စု,village_tract,,,unmatched,exact_township_name,Source township resolved but CoreMap township id not matched in admin pass
1025231,Ayeyarwady Region,ဧရာဝတီတိုင်းဒေသကြီး,Pyapon Township,ဖျာပုံ မြို့နယ်,Tha Pyay Kan Village Tract,သပြေကန် ကျေးရွာအုပ်စု,village_tract,,,unmatched,exact_township_name,Source township resolved but CoreMap township id not matched in admin pass
1025232,Ayeyarwady Region,ဧရာဝတီတိုင်းဒေသကြီး,Pyapon Township,ဖျာပုံ မြို့နယ်,Pyapon Ta Man Village Tract,ဖျာပုံတမန် ကျေးရွာအုပ်စု,village_tract,,,unmatched,exact_township_name,Source township resolved but CoreMap township id not matched in admin pass
1025233,Ayeyarwady Region,ဧရာဝတီတိုင်းဒေသကြီး,Pyapon Township,ဖျာပုံ မြို့နယ်,Gyon War Hta Lun Village Tract,ဂျုံဝါထလွန် ကျေးရွာအုပ်စု,village_tract,,,unmatched,exact_township_name,Source township resolved but CoreMap township id not matched in admin pass
1025234,Ayeyarwady Region,ဧရာဝတီတိုင်းဒေသကြီး,Pyapon Township,ဖျာပုံ မြို့နယ်,Kyon Kyaik Village Tract,ကျုံကျိုက် ကျေးရွာအုပ်စု,village_tract,,,unmatched,exact_township_name,Source township resolved but CoreMap township id not matched in admin pass
1025235,Ayeyarwady Region,ဧရာဝတီတိုင်းဒေသကြီး,Pyapon Township,ဖျာပုံ မြို့နယ်,Ma Ye Pyar Mut Village Tract,မရဲပျားမွတ် ကျေးရွာအုပ်စု,village_tract,,,unmatched,exact_township_name,Source township resolved but CoreMap township id not matched in admin pass
1025236,Ayeyarwady Region,ဧရာဝတီတိုင်းဒေသကြီး,Pyapon Township,ဖျာပုံ မြို့နယ်,Kha Naung Shan Kwin Village Tract,ခနောင်ရှမ်းကွင်း ကျေးရွာအုပ်စု,village_tract,,,unmatched,exact_township_name,Source township resolved but CoreMap township id not matched in admin pass
1025237,Ayeyarwady Region,ဧရာဝတီတိုင်းဒေသကြီး,Pyapon Township,ဖျာပုံ မြို့နယ်,Bant Bway Su Village Tract,ဘန့်ဘွေးစု ကျေးရွာအုပ်စု,village_tract,,,unmatched,exact_township_name,Source township resolved but CoreMap township id not matched in admin pass
1025238,Ayeyarwady Region,ဧရာဝတီတိုင်းဒေသကြီး,Pyapon Township,ဖျာပုံ မြို့နယ်,Thea Ein Ta Man Village Tract,သဲအိမ်တမန် ကျေးရွာအုပ်စု,village_tract,,,unmatched,exact_township_name,Source township resolved but CoreMap township id not matched in admin pass
1025239,Ayeyarwady Region,ဧရာဝတီတိုင်းဒေသကြီး,Pyapon Township,ဖျာပုံ မြို့နယ်,Koe Ein Tan Village Tract,ကိုးအိမ်တန်း ကျေးရွာအုပ်စု,village_tract,,,unmatched,exact_township_name,Source township resolved but CoreMap township id not matched in admin pass
1025240,Ayeyarwady Region,ဧရာဝတီတိုင်းဒေသကြီး,Pyapon Township,ဖျာပုံ မြို့နယ်,Thea Ein Kyaung Su Village Tract,သဲအိမ်ကျောင်းစု ကျေးရွာအုပ်စု,village_tract,,,unmatched,exact_township_name,Source township resolved but CoreMap township id not matched in admin pass
1025241,Ayeyarwady Region,ဧရာဝတီတိုင်းဒေသကြီး,Pyapon Township,ဖျာပုံ မြို့နယ်,Kyon Thut Ta Nyi Village Tract,ကျုံသွတ်တညီ ကျေးရွာအုပ်စု,village_tract,,,unmatched,exact_township_name,Source township resolved but CoreMap township id not matched in admin pass
1025242,Ayeyarwady Region,ဧရာဝတီတိုင်းဒေသကြီး,Pyapon Township,ဖျာပုံ မြို့နယ်,Ah See Ka Lay Village Tract,အစီးကလေး ကျေးရွာအုပ်စု,village_tract,,,unmatched,exact_township_name,Source township resolved but CoreMap township id not matched in admin pass
1025243,Ayeyarwady Region,ဧရာဝတီတိုင်းဒေသကြီး,Pyapon Township,ဖျာပုံ မြို့နယ်,Day Da Lu Village Tract,ဒေးဒလူ ကျေးရွာအုပ်စု,village_tract,,,unmatched,exact_township_name,Source township resolved but CoreMap township id not matched in admin pass
1025244,Ayeyarwady Region,ဧရာဝတီတိုင်းဒေသကြီး,Pyapon Township,ဖျာပုံ မြို့နယ်,Daw Nyein Village Tract,ဒေါ်ညိမ်း ကျေးရွာအုပ်စု,village_tract,,,unmatched,exact_township_name,Source township resolved but CoreMap township id not matched in admin pass
1025245,Ayeyarwady Region,ဧရာဝတီတိုင်းဒေသကြီး,Pyapon Township,ဖျာပုံ မြို့နယ်,Myo Kone Village Tract,မြို့ကုန်း ကျေးရွာအုပ်စု,village_tract,,,unmatched,exact_township_name,Source township resolved but CoreMap township id not matched in admin pass
1025246,Ayeyarwady Region,ဧရာဝတီတိုင်းဒေသကြီး,Pyapon Township,ဖျာပုံ မြို့နယ်,Ba Wa Thit Village Tract,ဘဝသစ် ကျေးရွာအုပ်စု,village_tract,,,unmatched,exact_township_name,Source township resolved but CoreMap township id not matched in admin pass
1025247,Ayeyarwady Region,ဧရာဝတီတိုင်းဒေသကြီး,Pyapon Township,ဖျာပုံ မြို့နယ်,Tei Pin Seik Village Tract,တယ်ပင်ဆိပ် ကျေးရွာအုပ်စု,village_tract,,,unmatched,exact_township_name,Source township resolved but CoreMap township id not matched in admin pass
1025248,Ayeyarwady Region,ဧရာဝတီတိုင်းဒေသကြီး,Pyapon Township,ဖျာပုံ မြို့နယ်,Boe Ba Kone Village Tract,ဘိုးဘကုန်း ကျေးရွာအုပ်စု,village_tract,,,unmatched,exact_township_name,Source township resolved but CoreMap township id not matched in admin pass
1025249,Ayeyarwady Region,ဧရာဝတီတိုင်းဒေသကြီး,Pyapon Township,ဖျာပုံ မြို့နယ်,Kyaung Kone Village Tract,ကျောင်းကုန်း ကျေးရွာအုပ်စု,village_tract,,,unmatched,exact_township_name,Source township resolved but CoreMap township id not matched in admin pass
1025250,Ayeyarwady Region,ဧရာဝတီတိုင်းဒေသကြီး,Pyapon Township,ဖျာပုံ မြို့နယ်,Seik Ma Village Tract,ဆိပ်မ ကျေးရွာအုပ်စု,village_tract,,,unmatched,exact_township_name,Source township resolved but CoreMap township id not matched in admin pass
1025251,Ayeyarwady Region,ဧရာဝတီတိုင်းဒေသကြီး,Pyapon Township,ဖျာပုံ မြို့နယ်,Nauk Mee Village Tract,နောက်မီး ကျေးရွာအုပ်စု,village_tract,,,unmatched,exact_township_name,Source township resolved but CoreMap township id not matched in admin pass
1026001,Ayeyarwady Region,ဧရာဝတီတိုင်းဒေသကြီး,Dedaye Township,ဒေးဒရဲ မြို့နယ်,No (1) Quarter,အမှတ် (၁) ရပ်ကွက်,ward,,,unmatched,exact_township_name,Source township resolved but CoreMap township id not matched in admin pass
1026002,Ayeyarwady Region,ဧရာဝတီတိုင်းဒေသကြီး,Dedaye Township,ဒေးဒရဲ မြို့နယ်,No (2) Quarter,အမှတ် (၂) ရပ်ကွက်,ward,,,unmatched,exact_township_name,Source township resolved but CoreMap township id not matched in admin pass
1026003,Ayeyarwady Region,ဧရာဝတီတိုင်းဒေသကြီး,Dedaye Township,ဒေးဒရဲ မြို့နယ်,No (3) Quarter,အမှတ် (၃) ရပ်ကွက်,ward,,,unmatched,exact_township_name,Source township resolved but CoreMap township id not matched in admin pass
1026200,Ayeyarwady Region,ဧရာဝတီတိုင်းဒေသကြီး,Dedaye Township,ဒေးဒရဲ မြို့နယ်,Hpa Yar Ka Lay Village Tract,ဘုရားကလေး ကျေးရွာအုပ်စု,village_tract,,,unmatched,exact_township_name,Source township resolved but CoreMap township id not matched in admin pass
1026201,Ayeyarwady Region,ဧရာဝတီတိုင်းဒေသကြီး,Dedaye Township,ဒေးဒရဲ မြို့နယ်,Da None Chaung Village Tract,ဓနုံးချောင်း ကျေးရွာအုပ်စု,village_tract,,,unmatched,exact_township_name,Source township resolved but CoreMap township id not matched in admin pass
1026202,Ayeyarwady Region,ဧရာဝတီတိုင်းဒေသကြီး,Dedaye Township,ဒေးဒရဲ မြို့နယ်,Dar Ma Thein Village Tract,ဒါးမသိမ်း ကျေးရွာအုပ်စု,village_tract,,,unmatched,exact_township_name,Source township resolved but CoreMap township id not matched in admin pass
1026203,Ayeyarwady Region,ဧရာဝတီတိုင်းဒေသကြီး,Dedaye Township,ဒေးဒရဲ မြို့နယ်,Gon Min Kwin Village Tract,ဂုံမင်းကွင်း ကျေးရွာအုပ်စု,village_tract,,,unmatched,exact_township_name,Source township resolved but CoreMap township id not matched in admin pass
1026204,Ayeyarwady Region,ဧရာဝတီတိုင်းဒေသကြီး,Dedaye Township,ဒေးဒရဲ မြို့နယ်,Hpa Yar Chaung Village Tract,ဘုရားချောင်း ကျေးရွာအုပ်စု,village_tract,,,unmatched,exact_township_name,Source township resolved but CoreMap township id not matched in admin pass
1026205,Ayeyarwady Region,ဧရာဝတီတိုင်းဒေသကြီး,Dedaye Township,ဒေးဒရဲ မြို့နယ်,Thet Kei Chaung Village Tract,သက္ကယ်ချောင် ကျေးရွာအုပ်စု,village_tract,,,unmatched,exact_township_name,Source township resolved but CoreMap township id not matched in admin pass
1026206,Ayeyarwady Region,ဧရာဝတီတိုင်းဒေသကြီး,Dedaye Township,ဒေးဒရဲ မြို့နယ်,Kyon Thin Village Tract,ကျုံသင် ကျေးရွာအုပ်စု,village_tract,,,unmatched,exact_township_name,Source township resolved but CoreMap township id not matched in admin pass
1026207,Ayeyarwady Region,ဧရာဝတီတိုင်းဒေသကြီး,Dedaye Township,ဒေးဒရဲ မြို့နယ်,Boe Toke Village Tract,ဘိုးတုပ် ကျေးရွာအုပ်စု,village_tract,,,unmatched,exact_township_name,Source township resolved but CoreMap township id not matched in admin pass
1026208,Ayeyarwady Region,ဧရာဝတီတိုင်းဒေသကြီး,Dedaye Township,ဒေးဒရဲ မြို့နယ်,Yae Pu Wa Village Tract,ရေပူဝ ကျေးရွာအုပ်စု,village_tract,,,unmatched,exact_township_name,Source township resolved but CoreMap township id not matched in admin pass
1026209,Ayeyarwady Region,ဧရာဝတီတိုင်းဒေသကြီး,Dedaye Township,ဒေးဒရဲ မြို့နယ်,War Ka Mei Village Tract,ဝါးကမယ် ကျေးရွာအုပ်စု,village_tract,,,unmatched,exact_township_name,Source township resolved but CoreMap township id not matched in admin pass
1026210,Ayeyarwady Region,ဧရာဝတီတိုင်းဒေသကြီး,Dedaye Township,ဒေးဒရဲ မြို့နယ်,Kyon Boke Village Tract,ကျုံဘုတ် ကျေးရွာအုပ်စု,village_tract,,,unmatched,exact_township_name,Source township resolved but CoreMap township id not matched in admin pass
1026211,Ayeyarwady Region,ဧရာဝတီတိုင်းဒေသကြီး,Dedaye Township,ဒေးဒရဲ မြို့နယ်,Chaung Hpyar Village Tract,ချောင်းဖျား ကျေးရွာအုပ်စု,village_tract,,,unmatched,exact_township_name,Source township resolved but CoreMap township id not matched in admin pass
1026212,Ayeyarwady Region,ဧရာဝတီတိုင်းဒေသကြီး,Dedaye Township,ဒေးဒရဲ မြို့နယ်,Sin Ku Village Tract,ဆင်ကူး ကျေးရွာအုပ်စု,village_tract,,,unmatched,exact_township_name,Source township resolved but CoreMap township id not matched in admin pass
1026213,Ayeyarwady Region,ဧရာဝတီတိုင်းဒေသကြီး,Dedaye Township,ဒေးဒရဲ မြို့နယ်,Kun Pa Laing Village Tract,ကွန်ပလိုင်း ကျေးရွာအုပ်စု,village_tract,,,unmatched,exact_township_name,Source township resolved but CoreMap township id not matched in admin pass
1026214,Ayeyarwady Region,ဧရာဝတီတိုင်းဒေသကြီး,Dedaye Township,ဒေးဒရဲ မြို့နယ်,Htaung Hmu Chaung Village Tract,ထောင်မှူးချောင် ကျေးရွာအုပ်စု,village_tract,,,unmatched,exact_township_name,Source township resolved but CoreMap township id not matched in admin pass
1026215,Ayeyarwady Region,ဧရာဝတီတိုင်းဒေသကြီး,Dedaye Township,ဒေးဒရဲ မြို့နယ်,Than Din Village Tract,သံဒင်း ကျေးရွာအုပ်စု,village_tract,,,unmatched,exact_township_name,Source township resolved but CoreMap township id not matched in admin pass
1026216,Ayeyarwady Region,ဧရာဝတီတိုင်းဒေသကြီး,Dedaye Township,ဒေးဒရဲ မြို့နယ်,Taw Kyat Village Tract,တော်ကြပ် ကျေးရွာအုပ်စု,village_tract,,,unmatched,exact_township_name,Source township resolved but CoreMap township id not matched in admin pass
1026217,Ayeyarwady Region,ဧရာဝတီတိုင်းဒေသကြီး,Dedaye Township,ဒေးဒရဲ မြို့နယ်,Kone Tan Ka Lay Village Tract,ကုန်းတန်းကလေး ကျေးရွာအုပ်စု,village_tract,,,unmatched,exact_township_name,Source township resolved but CoreMap township id not matched in admin pass
1026218,Ayeyarwady Region,ဧရာဝတီတိုင်းဒေသကြီး,Dedaye Township,ဒေးဒရဲ မြို့နယ်,Thea Kone Village Tract,သဲကုန်း ကျေးရွာအုပ်စု,village_tract,,,unmatched,exact_township_name,Source township resolved but CoreMap township id not matched in admin pass
1026219,Ayeyarwady Region,ဧရာဝတီတိုင်းဒေသကြီး,Dedaye Township,ဒေးဒရဲ မြို့နယ်,Ta Nyin Kone Village Tract,တညင်ကုန်း ကျေးရွာအုပ်စု,village_tract,,,unmatched,exact_township_name,Source township resolved but CoreMap township id not matched in admin pass
1026220,Ayeyarwady Region,ဧရာဝတီတိုင်းဒေသကြီး,Dedaye Township,ဒေးဒရဲ မြို့နယ်,Lay Ein Tan Village Tract,လေးအိမ်တန်း ကျေးရွာအုပ်စု,village_tract,,,unmatched,exact_township_name,Source township resolved but CoreMap township id not matched in admin pass
1026221,Ayeyarwady Region,ဧရာဝတီတိုင်းဒေသကြီး,Dedaye Township,ဒေးဒရဲ မြို့နယ်,Inn Du Village Tract,အင်းဒူး ကျေးရွာအုပ်စု,village_tract,,,unmatched,exact_township_name,Source township resolved but CoreMap township id not matched in admin pass
1026222,Ayeyarwady Region,ဧရာဝတီတိုင်းဒေသကြီး,Dedaye Township,ဒေးဒရဲ မြို့နယ်,Hmaw Bi Su Village Tract,မှော်ဘီစု ကျေးရွာအုပ်စု,village_tract,,,unmatched,exact_township_name,Source township resolved but CoreMap township id not matched in admin pass
1026223,Ayeyarwady Region,ဧရာဝတီတိုင်းဒေသကြီး,Dedaye Township,ဒေးဒရဲ မြို့နယ်,Ku Lar Kone Tan Village Tract,ကုလားကုန်းတန်း ကျေးရွာအုပ်စု,village_tract,,,unmatched,exact_township_name,Source township resolved but CoreMap township id not matched in admin pass
1026224,Ayeyarwady Region,ဧရာဝတီတိုင်းဒေသကြီး,Dedaye Township,ဒေးဒရဲ မြို့နယ်,Taw Hpa Yon Village Tract,တော်ဖရုံ ကျေးရွာအုပ်စု,village_tract,,,unmatched,exact_township_name,Source township resolved but CoreMap township id not matched in admin pass
1026225,Ayeyarwady Region,ဧရာဝတီတိုင်းဒေသကြီး,Dedaye Township,ဒေးဒရဲ မြို့နယ်,Kyon Du (North) Village Tract,ကျုံဒူး (မြောက်) ကျေးရွာအုပ်စု,village_tract,,,unmatched,exact_township_name,Source township resolved but CoreMap township id not matched in admin pass
1026226,Ayeyarwady Region,ဧရာဝတီတိုင်းဒေသကြီး,Dedaye Township,ဒေးဒရဲ မြို့နယ်,Ah Seik Taw Ka Man Village Tract,အစိပ်တော်ကမံ ကျေးရွာအုပ်စု,village_tract,,,unmatched,exact_township_name,Source township resolved but CoreMap township id not matched in admin pass
1026227,Ayeyarwady Region,ဧရာဝတီတိုင်းဒေသကြီး,Dedaye Township,ဒေးဒရဲ မြို့နယ်,Taw Ka Mei Village Tract,တော်ကမယ် ကျေးရွာအုပ်စု,village_tract,,,unmatched,exact_township_name,Source township resolved but CoreMap township id not matched in admin pass
1026228,Ayeyarwady Region,ဧရာဝတီတိုင်းဒေသကြီး,Dedaye Township,ဒေးဒရဲ မြို့နယ်,Thin Paung Chaung Village Tract,သင်ပေါင်းချောင် ကျေးရွာအုပ်စု,village_tract,,,unmatched,exact_township_name,Source township resolved but CoreMap township id not matched in admin pass
1026229,Ayeyarwady Region,ဧရာဝတီတိုင်းဒေသကြီး,Dedaye Township,ဒေးဒရဲ မြို့နယ်,Kyon Chin Village Tract,ကျုံခြင် ကျေးရွာအုပ်စု,village_tract,,,unmatched,exact_township_name,Source township resolved but CoreMap township id not matched in admin pass
1026230,Ayeyarwady Region,ဧရာဝတီတိုင်းဒေသကြီး,Dedaye Township,ဒေးဒရဲ မြို့နယ်,Hmaw Bi Village Tract,မှော်ဘီ ကျေးရွာအုပ်စု,village_tract,,,unmatched,exact_township_name,Source township resolved but CoreMap township id not matched in admin pass
1026231,Ayeyarwady Region,ဧရာဝတီတိုင်းဒေသကြီး,Dedaye Township,ဒေးဒရဲ မြို့နယ်,Than Hpet Village Tract,သံဖက် ကျေးရွာအုပ်စု,village_tract,,,unmatched,exact_township_name,Source township resolved but CoreMap township id not matched in admin pass
1026232,Ayeyarwady Region,ဧရာဝတီတိုင်းဒေသကြီး,Dedaye Township,ဒေးဒရဲ မြို့နယ်,Hle Seik Chaung Gyi Village Tract,လှဲဆိပ်ချောင်းကြီး ကျေးရွာအုပ်စု,village_tract,,,unmatched,exact_township_name,Source township resolved but CoreMap township id not matched in admin pass
1026233,Ayeyarwady Region,ဧရာဝတီတိုင်းဒေသကြီး,Dedaye Township,ဒေးဒရဲ မြို့နယ်,Lay Village Tract,လေး ကျေးရွာအုပ်စု,village_tract,,,unmatched,exact_township_name,Source township resolved but CoreMap township id not matched in admin pass
1026234,Ayeyarwady Region,ဧရာဝတီတိုင်းဒေသကြီး,Dedaye Township,ဒေးဒရဲ မြို့နယ်,Ah Se Ka Lay Village Tract,အစဲကလေး ကျေးရွာအုပ်စု,village_tract,,,unmatched,exact_township_name,Source township resolved but CoreMap township id not matched in admin pass
1026235,Ayeyarwady Region,ဧရာဝတီတိုင်းဒေသကြီး,Dedaye Township,ဒေးဒရဲ မြို့နယ်,Kyauk Sa Yit Village Tract,ကျောက်စရစ် ကျေးရွာအုပ်စု,village_tract,,,unmatched,exact_township_name,Source township resolved but CoreMap township id not matched in admin pass
1026236,Ayeyarwady Region,ဧရာဝတီတိုင်းဒေသကြီး,Dedaye Township,ဒေးဒရဲ မြို့နယ်,Kyon Hmaw Village Tract,ကျုံမှော် ကျေးရွာအုပ်စု,village_tract,,,unmatched,exact_township_name,Source township resolved but CoreMap township id not matched in admin pass
1026237,Ayeyarwady Region,ဧရာဝတီတိုင်းဒေသကြီး,Dedaye Township,ဒေးဒရဲ မြို့နယ်,Hnar Khaung Chaung Village Tract,နှာခေါင်းချောင်း ကျေးရွာအုပ်စု,village_tract,,,unmatched,exact_township_name,Source township resolved but CoreMap township id not matched in admin pass
1026238,Ayeyarwady Region,ဧရာဝတီတိုင်းဒေသကြီး,Dedaye Township,ဒေးဒရဲ မြို့နယ်,Kyat Sin Pyo Village Tract,ကျပ်စဉ်ပျို ကျေးရွာအုပ်စု,village_tract,,,unmatched,exact_township_name,Source township resolved but CoreMap township id not matched in admin pass
1026239,Ayeyarwady Region,ဧရာဝတီတိုင်းဒေသကြီး,Dedaye Township,ဒေးဒရဲ မြို့နယ်,Kyon Ka Nan Village Tract,ကျုံကနန် ကျေးရွာအုပ်စု,village_tract,,,unmatched,exact_township_name,Source township resolved but CoreMap township id not matched in admin pass
1026240,Ayeyarwady Region,ဧရာဝတီတိုင်းဒေသကြီး,Dedaye Township,ဒေးဒရဲ မြို့နယ်,U To Village Tract,ဦးတို ကျေးရွာအုပ်စု,village_tract,,,unmatched,exact_township_name,Source township resolved but CoreMap township id not matched in admin pass
1026241,Ayeyarwady Region,ဧရာဝတီတိုင်းဒေသကြီး,Dedaye Township,ဒေးဒရဲ မြို့နယ်,Su Ka Lat Village Tract,ဆူးကလပ် ကျေးရွာအုပ်စု,village_tract,,,unmatched,exact_township_name,Source township resolved but CoreMap township id not matched in admin pass
1026242,Ayeyarwady Region,ဧရာဝတီတိုင်းဒေသကြီး,Dedaye Township,ဒေးဒရဲ မြို့နယ်,Ka Wet Chaung Gyi Village Tract,ကဝက်ချောင်းကြီး ကျေးရွာအုပ်စု,village_tract,,,unmatched,exact_township_name,Source township resolved but CoreMap township id not matched in admin pass
1026243,Ayeyarwady Region,ဧရာဝတီတိုင်းဒေသကြီး,Dedaye Township,ဒေးဒရဲ မြို့နယ်,Yae Kan Chaung Village Tract,ရေကန်ချောင် ကျေးရွာအုပ်စု,village_tract,,,unmatched,exact_township_name,Source township resolved but CoreMap township id not matched in admin pass
1026244,Ayeyarwady Region,ဧရာဝတီတိုင်းဒေသကြီး,Dedaye Township,ဒေးဒရဲ မြို့နယ်,Toe Village Tract,တိုး ကျေးရွာအုပ်စု,village_tract,,,unmatched,exact_township_name,Source township resolved but CoreMap township id not matched in admin pass
1026245,Ayeyarwady Region,ဧရာဝတီတိုင်းဒေသကြီး,Dedaye Township,ဒေးဒရဲ မြို့နယ်,Ta Mar Ta Kaw Village Tract,တမာတကော ကျေးရွာအုပ်စု,village_tract,,,unmatched,exact_township_name,Source township resolved but CoreMap township id not matched in admin pass
1026246,Ayeyarwady Region,ဧရာဝတီတိုင်းဒေသကြီး,Dedaye Township,ဒေးဒရဲ မြို့နယ်,Ma Yan (West) Village Tract,မရမ်း (အနောက်) ကျေးရွာအုပ်စု,village_tract,,,unmatched,exact_township_name,Source township resolved but CoreMap township id not matched in admin pass
1026247,Ayeyarwady Region,ဧရာဝတီတိုင်းဒေသကြီး,Dedaye Township,ဒေးဒရဲ မြို့နယ်,Taw Chaik Village Tract,တော်ချိုက် ကျေးရွာအုပ်စု,village_tract,,,unmatched,exact_township_name,Source township resolved but CoreMap township id not matched in admin pass
1026248,Ayeyarwady Region,ဧရာဝတီတိုင်းဒေသကြီး,Dedaye Township,ဒေးဒရဲ မြို့နယ်,Shan Kan Village Tract,ရှမ်းကံ ကျေးရွာအုပ်စု,village_tract,,,unmatched,exact_township_name,Source township resolved but CoreMap township id not matched in admin pass
1026249,Ayeyarwady Region,ဧရာဝတီတိုင်းဒေသကြီး,Dedaye Township,ဒေးဒရဲ မြို့နယ်,Kyon Dat Village Tract,ကျုံဒါတ် ကျေးရွာအုပ်စု,village_tract,,,unmatched,exact_township_name,Source township resolved but CoreMap township id not matched in admin pass
1026250,Ayeyarwady Region,ဧရာဝတီတိုင်းဒေသကြီး,Dedaye Township,ဒေးဒရဲ မြို့နယ်,Kyon Dar Ywar Ma Village Tract,ကျုံဒါးရွာမ ကျေးရွာအုပ်စု,village_tract,,,unmatched,exact_township_name,Source township resolved but CoreMap township id not matched in admin pass
1026251,Ayeyarwady Region,ဧရာဝတီတိုင်းဒေသကြီး,Dedaye Township,ဒေးဒရဲ မြို့နယ်,Kyon Dar Chaung Village Tract,ကျုံဒါးချောင်း ကျေးရွာအုပ်စု,village_tract,,,unmatched,exact_township_name,Source township resolved but CoreMap township id not matched in admin pass
1026252,Ayeyarwady Region,ဧရာဝတီတိုင်းဒေသကြီး,Dedaye Township,ဒေးဒရဲ မြို့နယ်,Kyon Paw Village Tract,ကျုံပေါ် ကျေးရွာအုပ်စု,village_tract,,,unmatched,exact_township_name,Source township resolved but CoreMap township id not matched in admin pass
1026253,Ayeyarwady Region,ဧရာဝတီတိုင်းဒေသကြီး,Dedaye Township,ဒေးဒရဲ မြို့နယ်,Leik Kyun Village Tract,လိပ်ကျွန်း ကျေးရွာအုပ်စု,village_tract,,,unmatched,exact_township_name,Source township resolved but CoreMap township id not matched in admin pass
1026254,Ayeyarwady Region,ဧရာဝတီတိုင်းဒေသကြီး,Dedaye Township,ဒေးဒရဲ မြို့နယ်,Kyun Nyo Gyi Village Tract,ကျွန်းညိုကြီး ကျေးရွာအုပ်စု,village_tract,,,unmatched,exact_township_name,Source township resolved but CoreMap township id not matched in admin pass
1026255,Ayeyarwady Region,ဧရာဝတီတိုင်းဒေသကြီး,Dedaye Township,ဒေးဒရဲ မြို့နယ်,Thar Yar Kone Village Tract,သာယာကုန်း ကျေးရွာအုပ်စု,village_tract,,,unmatched,exact_township_name,Source township resolved but CoreMap township id not matched in admin pass
1026256,Ayeyarwady Region,ဧရာဝတီတိုင်းဒေသကြီး,Dedaye Township,ဒေးဒရဲ မြို့နယ်,Kyon Kyat Village Tract,ကျုံကျပ် ကျေးရွာအုပ်စု,village_tract,,,unmatched,exact_township_name,Source township resolved but CoreMap township id not matched in admin pass
1026257,Ayeyarwady Region,ဧရာဝတီတိုင်းဒေသကြီး,Dedaye Township,ဒေးဒရဲ မြို့နယ်,Kyon Du Dar Ma Lein Village Tract,ကျုံဒူးဒါးမလိမ်း ကျေးရွာအုပ်စု,village_tract,,,unmatched,exact_township_name,Source township resolved but CoreMap township id not matched in admin pass
1026258,Ayeyarwady Region,ဧရာဝတီတိုင်းဒေသကြီး,Dedaye Township,ဒေးဒရဲ မြို့နယ်,Than Di Zee Hpyu Kone Village Tract,သံဒိဇီးဖြူကုန်း ကျေးရွာအုပ်စု,village_tract,,,unmatched,exact_township_name,Source township resolved but CoreMap township id not matched in admin pass
1026259,Ayeyarwady Region,ဧရာဝတီတိုင်းဒေသကြီး,Dedaye Township,ဒေးဒရဲ မြို့နယ်,Taw Hla Village Tract,တော်လှ ကျေးရွာအုပ်စု,village_tract,,,unmatched,exact_township_name,Source township resolved but CoreMap township id not matched in admin pass
1026260,Ayeyarwady Region,ဧရာဝတီတိုင်းဒေသကြီး,Dedaye Township,ဒေးဒရဲ မြို့နယ်,Kywe Tha Lin Kone Village Tract,ကျွဲသလင်းကုန်း ကျေးရွာအုပ်စု,village_tract,,,unmatched,exact_township_name,Source township resolved but CoreMap township id not matched in admin pass
1026261,Ayeyarwady Region,ဧရာဝတီတိုင်းဒေသကြီး,Dedaye Township,ဒေးဒရဲ မြို့နယ်,Zee Hpyu Kone Village Tract,ဇီးဖြူကုန်း ကျေးရွာအုပ်စု,village_tract,,,unmatched,exact_township_name,Source township resolved but CoreMap township id not matched in admin pass
1026262,Ayeyarwady Region,ဧရာဝတီတိုင်းဒေသကြီး,Dedaye Township,ဒေးဒရဲ မြို့နယ်,Thone Dat Village Tract,သုံးဒါတ် ကျေးရွာအုပ်စု,village_tract,,,unmatched,exact_township_name,Source township resolved but CoreMap township id not matched in admin pass
1026263,Ayeyarwady Region,ဧရာဝတီတိုင်းဒေသကြီး,Dedaye Township,ဒေးဒရဲ မြို့နယ်,Lay Ein Kone Village Tract,လေးအိမ်ကုန်း ကျေးရွာအုပ်စု,village_tract,,,unmatched,exact_township_name,Source township resolved but CoreMap township id not matched in admin pass
1026264,Ayeyarwady Region,ဧရာဝတီတိုင်းဒေသကြီး,Dedaye Township,ဒေးဒရဲ မြို့နယ်,Da None Kone Village Tract,ဓနုံးကုန်း ကျေးရွာအုပ်စု,village_tract,,,unmatched,exact_township_name,Source township resolved but CoreMap township id not matched in admin pass
1026265,Ayeyarwady Region,ဧရာဝတီတိုင်းဒေသကြီး,Dedaye Township,ဒေးဒရဲ မြို့နယ်,Ma Yan Wa Village Tract,မရမ်းဝ ကျေးရွာအုပ်စု,village_tract,,,unmatched,exact_township_name,Source township resolved but CoreMap township id not matched in admin pass
1026266,Ayeyarwady Region,ဧရာဝတီတိုင်းဒေသကြီး,Dedaye Township,ဒေးဒရဲ မြို့နယ်,Gwa Ka Lay Village Tract,ဂွကလေး ကျေးရွာအုပ်စု,village_tract,,,unmatched,exact_township_name,Source township resolved but CoreMap township id not matched in admin pass
1026267,Ayeyarwady Region,ဧရာဝတီတိုင်းဒေသကြီး,Dedaye Township,ဒေးဒရဲ မြို့နယ်,Ah Hpaung Gyi Village Tract,အဖောင်ကြီး ကျေးရွာအုပ်စု,village_tract,,,unmatched,exact_township_name,Source township resolved but CoreMap township id not matched in admin pass
1026268,Ayeyarwady Region,ဧရာဝတီတိုင်းဒေသကြီး,Dedaye Township,ဒေးဒရဲ မြို့နယ်,Pyin Htaung Su Village Tract,ပျဉ်ထောင်စု ကျေးရွာအုပ်စု,village_tract,,,unmatched,exact_township_name,Source township resolved but CoreMap township id not matched in admin pass
1026269,Ayeyarwady Region,ဧရာဝတီတိုင်းဒေသကြီး,Dedaye Township,ဒေးဒရဲ မြို့နယ်,Than Di Thea Kone Ka Lay Village Tract,သံဒိသဲကုန်းကလေး ကျေးရွာအုပ်စု,village_tract,,,unmatched,exact_township_name,Source township resolved but CoreMap township id not matched in admin pass
1026270,Ayeyarwady Region,ဧရာဝတီတိုင်းဒေသကြီး,Dedaye Township,ဒေးဒရဲ မြို့နယ်,Mi Chaung Aing Village Tract,မိချောင်းအိုင် ကျေးရွာအုပ်စု,village_tract,,,unmatched,exact_township_name,Source township resolved but CoreMap township id not matched in admin pass
1026271,Ayeyarwady Region,ဧရာဝတီတိုင်းဒေသကြီး,Dedaye Township,ဒေးဒရဲ မြို့နယ်,Kan Seik Village Tract,ကံဆိပ် ကျေးရွာအုပ်စု,village_tract,,,unmatched,exact_township_name,Source township resolved but CoreMap township id not matched in admin pass
1026272,Ayeyarwady Region,ဧရာဝတီတိုင်းဒေသကြီး,Dedaye Township,ဒေးဒရဲ မြို့နယ်,Ka Dar Village Tract,ကဒါ ကျေးရွာအုပ်စု,village_tract,,,unmatched,exact_township_name,Source township resolved but CoreMap township id not matched in admin pass
1026273,Ayeyarwady Region,ဧရာဝတီတိုင်းဒေသကြီး,Dedaye Township,ဒေးဒရဲ မြို့နယ်,Thauk Kyar Village Tract,သောကြာ ကျေးရွာအုပ်စု,village_tract,,,unmatched,exact_township_name,Source township resolved but CoreMap township id not matched in admin pass
1026274,Ayeyarwady Region,ဧရာဝတီတိုင်းဒေသကြီး,Dedaye Township,ဒေးဒရဲ မြို့နယ်,Ma Ngay Gyi Village Tract,မငေးကြီး ကျေးရွာအုပ်စု,village_tract,,,unmatched,exact_township_name,Source township resolved but CoreMap township id not matched in admin pass
1026275,Ayeyarwady Region,ဧရာဝတီတိုင်းဒေသကြီး,Dedaye Township,ဒေးဒရဲ မြို့နယ်,Nauk Pyan Doe Village Tract,နောက်ပြန်ဒိုး ကျေးရွာအုပ်စု,village_tract,,,unmatched,exact_township_name,Source township resolved but CoreMap township id not matched in admin pass
1026276,Ayeyarwady Region,ဧရာဝတီတိုင်းဒေသကြီး,Dedaye Township,ဒေးဒရဲ မြို့နယ်,Gwa Gyi Village Tract,ဂွကြီး ကျေးရွာအုပ်စု,village_tract,,,unmatched,exact_township_name,Source township resolved but CoreMap township id not matched in admin pass
1026277,Ayeyarwady Region,ဧရာဝတီတိုင်းဒေသကြီး,Dedaye Township,ဒေးဒရဲ မြို့နယ်,Pan Ka Dat Village Tract,ပန်ကဒပ် ကျေးရွာအုပ်စု,village_tract,,,unmatched,exact_township_name,Source township resolved but CoreMap township id not matched in admin pass
1026278,Ayeyarwady Region,ဧရာဝတီတိုင်းဒေသကြီး,Dedaye Township,ဒေးဒရဲ မြို့နယ်,Myin Ka Kone Village Tract,မြင်းကကုန်း ကျေးရွာအုပ်စု,village_tract,,,unmatched,exact_township_name,Source township resolved but CoreMap township id not matched in admin pass
1026279,Ayeyarwady Region,ဧရာဝတီတိုင်းဒေသကြီး,Dedaye Township,ဒေးဒရဲ မြို့နယ်,Ma Ngay Ka Lay Village Tract,မငေးကလေး ကျေးရွာအုပ်စု,village_tract,,,unmatched,exact_township_name,Source township resolved but CoreMap township id not matched in admin pass
1026280,Ayeyarwady Region,ဧရာဝတီတိုင်းဒေသကြီး,Dedaye Township,ဒေးဒရဲ မြို့နယ်,Ohn Pin Village Tract,အုန်းပင် ကျေးရွာအုပ်စု,village_tract,,,unmatched,exact_township_name,Source township resolved but CoreMap township id not matched in admin pass
1026281,Ayeyarwady Region,ဧရာဝတီတိုင်းဒေသကြီး,Dedaye Township,ဒေးဒရဲ မြို့နယ်,La Mu Wa Village Tract,လမုဝ ကျေးရွာအုပ်စု,village_tract,,,unmatched,exact_township_name,Source township resolved but CoreMap township id not matched in admin pass
1026282,Ayeyarwady Region,ဧရာဝတီတိုင်းဒေသကြီး,Dedaye Township,ဒေးဒရဲ မြို့နယ်,La Mu Gyi Village Tract,လမုကြီး ကျေးရွာအုပ်စု,village_tract,,,unmatched,exact_township_name,Source township resolved but CoreMap township id not matched in admin pass
1026283,Ayeyarwady Region,ဧရာဝတီတိုင်းဒေသကြီး,Dedaye Township,ဒေးဒရဲ မြို့နယ်,La Mu Ta Man Village Tract,လမုတမံ ကျေးရွာအုပ်စု,village_tract,,,unmatched,exact_township_name,Source township resolved but CoreMap township id not matched in admin pass
1026284,Ayeyarwady Region,ဧရာဝတီတိုင်းဒေသကြီး,Dedaye Township,ဒေးဒရဲ မြို့နယ်,Thea Kone Ka Lay Village Tract,သဲကုန်းကလေး ကျေးရွာအုပ်စု,village_tract,,,unmatched,exact_township_name,Source township resolved but CoreMap township id not matched in admin pass
1026285,Ayeyarwady Region,ဧရာဝတီတိုင်းဒေသကြီး,Dedaye Township,ဒေးဒရဲ မြို့နယ်,Ta Mut Village Tract,တမွတ် ကျေးရွာအုပ်စု,village_tract,,,unmatched,exact_township_name,Source township resolved but CoreMap township id not matched in admin pass
1026286,Ayeyarwady Region,ဧရာဝတီတိုင်းဒေသကြီး,Dedaye Township,ဒေးဒရဲ မြို့နယ်,Ta Mawt Gyi Village Tract,တမော့ကြီး ကျေးရွာအုပ်စု,village_tract,,,unmatched,exact_township_name,Source township resolved but CoreMap township id not matched in admin pass
1026287,Ayeyarwady Region,ဧရာဝတီတိုင်းဒေသကြီး,Dedaye Township,ဒေးဒရဲ မြို့နယ်,Me Za Li Village Tract,မဲဇလီ ကျေးရွာအုပ်စု,village_tract,,,unmatched,exact_township_name,Source township resolved but CoreMap township id not matched in admin pass
1026288,Ayeyarwady Region,ဧရာဝတီတိုင်းဒေသကြီး,Dedaye Township,ဒေးဒရဲ မြို့နယ်,Daunt Gyi Village Tract,ဒေါင့်ကြီး ကျေးရွာအုပ်စု,village_tract,,,unmatched,exact_township_name,Source township resolved but CoreMap township id not matched in admin pass
1026289,Ayeyarwady Region,ဧရာဝတီတိုင်းဒေသကြီး,Dedaye Township,ဒေးဒရဲ မြို့နယ်,Ta Mawt Wa Village Tract,တမော့ဝ ကျေးရွာအုပ်စု,village_tract,,,unmatched,exact_township_name,Source township resolved but CoreMap township id not matched in admin pass
1060001,Ayeyarwady Region,ဧရာဝတီတိုင်းဒေသကြီး,Shwethaungyan Town,ရွှေသောင်ယံ မြို့,No (1) Quarter,အမှတ် (၁) ရပ်ကွက်,ward,,,unmatched,exact_town_to_parent_township,Source township resolved but CoreMap township id not matched in admin pass
1060002,Ayeyarwady Region,ဧရာဝတီတိုင်းဒေသကြီး,Shwethaungyan Town,ရွှေသောင်ယံ မြို့,No (2) Quarter,အမှတ် (၂) ရပ်ကွက်,ward,,,unmatched,exact_town_to_parent_township,Source township resolved but CoreMap township id not matched in admin pass
1060003,Ayeyarwady Region,ဧရာဝတီတိုင်းဒေသကြီး,Shwethaungyan Town,ရွှေသောင်ယံ မြို့,No (3) Quarter,အမှတ် (၃) ရပ်ကွက်,ward,,,unmatched,exact_town_to_parent_township,Source township resolved but CoreMap township id not matched in admin pass
1061001,Ayeyarwady Region,ဧရာဝတီတိုင်းဒေသကြီး,Ngwesaung Town,ငွေဆောင် မြို့,No (1) Quarter,အမှတ် (၁) ရပ်ကွက်,ward,,,unmatched,exact_town_to_parent_township,Source township resolved but CoreMap township id not matched in admin pass
1061002,Ayeyarwady Region,ဧရာဝတီတိုင်းဒေသကြီး,Ngwesaung Town,ငွေဆောင် မြို့,No (2) Quarter,အမှတ် (၂) ရပ်ကွက်,ward,,,unmatched,exact_town_to_parent_township,Source township resolved but CoreMap township id not matched in admin pass
1061003,Ayeyarwady Region,ဧရာဝတီတိုင်းဒေသကြီး,Ngwesaung Town,ငွေဆောင် မြို့,No (3) Quarter,အမှတ် (၃) ရပ်ကွက်,ward,,,unmatched,exact_town_to_parent_township,Source township resolved but CoreMap township id not matched in admin pass
1061004,Ayeyarwady Region,ဧရာဝတီတိုင်းဒေသကြီး,Ngwesaung Town,ငွေဆောင် မြို့,No (4) Quarter,အမှတ် (၄) ရပ်ကွက်,ward,,,unmatched,exact_town_to_parent_township,Source township resolved but CoreMap township id not matched in admin pass
1062001,Ayeyarwady Region,ဧရာဝတီတိုင်းဒေသကြီး,Chaung Thar Town,ချောင်းသာ မြို့,No (1) Quarter,အမှတ် (၁) ရပ်ကွက်,ward,,,unmatched,exact_town_to_parent_township,Source township resolved but CoreMap township id not matched in admin pass
1062002,Ayeyarwady Region,ဧရာဝတီတိုင်းဒေသကြီး,Chaung Thar Town,ချောင်းသာ မြို့,No (2) Quarter,အမှတ် (၂) ရပ်ကွက်,ward,,,unmatched,exact_town_to_parent_township,Source township resolved but CoreMap township id not matched in admin pass
1062003,Ayeyarwady Region,ဧရာဝတီတိုင်းဒေသကြီး,Chaung Thar Town,ချောင်းသာ မြို့,No (3) Quarter,အမှတ် (၃) ရပ်ကွက်,ward,,,unmatched,exact_town_to_parent_township,Source township resolved but CoreMap township id not matched in admin pass
1063001,Ayeyarwady Region,ဧရာဝတီတိုင်းဒေသကြီး,Batye Town,ဘက်ရဲ မြို့,No (1) Quarter,အမှတ် (၁) ရပ်ကွက်,ward,,,unmatched,exact_town_to_parent_township,Source township resolved but CoreMap township id not matched in admin pass
1063002,Ayeyarwady Region,ဧရာဝတီတိုင်းဒေသကြီး,Batye Town,ဘက်ရဲ မြို့,No (2) Quarter,အမှတ် (၂) ရပ်ကွက်,ward,,,unmatched,exact_town_to_parent_township,Source township resolved but CoreMap township id not matched in admin pass
1064001,Ayeyarwady Region,ဧရာဝတီတိုင်းဒေသကြီး,Kanaung Town,ကနောင် မြို့,Myauk Paing Quarter,မြောက်ပိုင်း ရပ်ကွက်,ward,,,unmatched,exact_town_to_parent_township,Source township resolved but CoreMap township id not matched in admin pass
1064002,Ayeyarwady Region,ဧရာဝတီတိုင်းဒေသကြီး,Kanaung Town,ကနောင် မြို့,Ah Lel Paing Quarter,အလယ်ပိုင်း ရပ်ကွက်,ward,,,unmatched,exact_town_to_parent_township,Source township resolved but CoreMap township id not matched in admin pass
1064003,Ayeyarwady Region,ဧရာဝတီတိုင်းဒေသကြီး,Kanaung Town,ကနောင် မြို့,Zay Paing Quarter,ဈေးပိုင်း ရပ်ကွက်,ward,,,unmatched,exact_town_to_parent_township,Source township resolved but CoreMap township id not matched in admin pass
1064004,Ayeyarwady Region,ဧရာဝတီတိုင်းဒေသကြီး,Kanaung Town,ကနောင် မြို့,Myo Ma Quarter,မြို့မ ရပ်ကွက်,ward,,,unmatched,exact_town_to_parent_township,Source township resolved but CoreMap township id not matched in admin pass
1064005,Ayeyarwady Region,ဧရာဝတီတိုင်းဒေသကြီး,Kanaung Town,ကနောင် မြို့,Yaik Su Quarter,ရိုက်စု ရပ်ကွက်,ward,,,unmatched,exact_town_to_parent_township,Source township resolved but CoreMap township id not matched in admin pass
1065001,Ayeyarwady Region,ဧရာဝတီတိုင်းဒေသကြီး,In Pin Town,အင်ပင် မြို့,No (1) Quarter,အမှတ် (၁) ရပ်ကွက်,ward,,,unmatched,exact_town_to_parent_township,Source township resolved but CoreMap township id not matched in admin pass
1065002,Ayeyarwady Region,ဧရာဝတီတိုင်းဒေသကြီး,In Pin Town,အင်ပင် မြို့,No (2) Quarter,အမှတ် (၂) ရပ်ကွက်,ward,,,unmatched,exact_town_to_parent_township,Source township resolved but CoreMap township id not matched in admin pass
1065003,Ayeyarwady Region,ဧရာဝတီတိုင်းဒေသကြီး,In Pin Town,အင်ပင် မြို့,No (3) Quarter,အမှတ် (၃) ရပ်ကွက်,ward,,,unmatched,exact_town_to_parent_township,Source township resolved but CoreMap township id not matched in admin pass
1065004,Ayeyarwady Region,ဧရာဝတီတိုင်းဒေသကြီး,In Pin Town,အင်ပင် မြို့,No (4) Quarter,အမှတ် (၄) ရပ်ကွက်,ward,,,unmatched,exact_town_to_parent_township,Source township resolved but CoreMap township id not matched in admin pass
1066001,Ayeyarwady Region,ဧရာဝတီတိုင်းဒေသကြီး,Htoogyi Town,ထူးကြီး မြို့,No (1) Quarter,အမှတ် (၁) ရပ်ကွက်,ward,,,unmatched,exact_town_to_parent_township,Source township resolved but CoreMap township id not matched in admin pass
1066002,Ayeyarwady Region,ဧရာဝတီတိုင်းဒေသကြီး,Htoogyi Town,ထူးကြီး မြို့,No (2) Quarter,အမှတ် (၂) ရပ်ကွက်,ward,,,unmatched,exact_town_to_parent_township,Source township resolved but CoreMap township id not matched in admin pass
1066003,Ayeyarwady Region,ဧရာဝတီတိုင်းဒေသကြီး,Htoogyi Town,ထူးကြီး မြို့,No (3) Quarter,အမှတ် (၃) ရပ်ကွက်,ward,,,unmatched,exact_town_to_parent_township,Source township resolved but CoreMap township id not matched in admin pass
1066004,Ayeyarwady Region,ဧရာဝတီတိုင်းဒေသကြီး,Htoogyi Town,ထူးကြီး မြို့,No (4) Quarter,အမှတ် (၄) ရပ်ကွက်,ward,,,unmatched,exact_town_to_parent_township,Source township resolved but CoreMap township id not matched in admin pass
1066005,Ayeyarwady Region,ဧရာဝတီတိုင်းဒေသကြီး,Htoogyi Town,ထူးကြီး မြို့,No (5) Quarter,အမှတ် (၅) ရပ်ကွက်,ward,,,unmatched,exact_town_to_parent_township,Source township resolved but CoreMap township id not matched in admin pass
1067001,Ayeyarwady Region,ဧရာဝတီတိုင်းဒေသကြီး,Me Za Li Kone Town,မဲဇလီကုန်း မြို့,No (1) Quarter,အမှတ် (၁) ရပ်ကွက်,ward,,,unmatched,exact_town_to_parent_township,Source township resolved but CoreMap township id not matched in admin pass
1067002,Ayeyarwady Region,ဧရာဝတီတိုင်းဒေသကြီး,Me Za Li Kone Town,မဲဇလီကုန်း မြို့,No (2) Quarter,အမှတ် (၂) ရပ်ကွက်,ward,,,unmatched,exact_town_to_parent_township,Source township resolved but CoreMap township id not matched in admin pass
1067003,Ayeyarwady Region,ဧရာဝတီတိုင်းဒေသကြီး,Me Za Li Kone Town,မဲဇလီကုန်း မြို့,No (3) Quarter,အမှတ် (၃) ရပ်ကွက်,ward,,,unmatched,exact_town_to_parent_township,Source township resolved but CoreMap township id not matched in admin pass
1067004,Ayeyarwady Region,ဧရာဝတီတိုင်းဒေသကြီး,Me Za Li Kone Town,မဲဇလီကုန်း မြို့,No (4) Quarter,အမှတ် (၄) ရပ်ကွက်,ward,,,unmatched,exact_town_to_parent_township,Source township resolved but CoreMap township id not matched in admin pass
1068001,Ayeyarwady Region,ဧရာဝတီတိုင်းဒေသကြီး,Ta Loke Htaw Town,တလုတ္ထော် မြို့,No (1) Quarter,အမှတ် (၁) ရပ်ကွက်,ward,,,unmatched,exact_town_to_parent_township,Source township resolved but CoreMap township id not matched in admin pass
1068002,Ayeyarwady Region,ဧရာဝတီတိုင်းဒေသကြီး,Ta Loke Htaw Town,တလုတ္ထော် မြို့,No (2) Quarter,အမှတ် (၂) ရပ်ကွက်,ward,,,unmatched,exact_town_to_parent_township,Source township resolved but CoreMap township id not matched in admin pass
1068003,Ayeyarwady Region,ဧရာဝတီတိုင်းဒေသကြီး,Ta Loke Htaw Town,တလုတ္ထော် မြို့,No (3) Quarter,အမှတ် (၃) ရပ်ကွက်,ward,,,unmatched,exact_town_to_parent_township,Source township resolved but CoreMap township id not matched in admin pass
1068004,Ayeyarwady Region,ဧရာဝတီတိုင်းဒေသကြီး,Ta Loke Htaw Town,တလုတ္ထော် မြို့,No (4) Quarter,အမှတ် (၄) ရပ်ကွက်,ward,,,unmatched,exact_town_to_parent_township,Source township resolved but CoreMap township id not matched in admin pass
1068005,Ayeyarwady Region,ဧရာဝတီတိုင်းဒေသကြီး,Ta Loke Htaw Town,တလုတ္ထော် မြို့,No (5) Quarter,အမှတ်(၅) ရပ်ကွက်,ward,,,unmatched,exact_town_to_parent_township,Source township resolved but CoreMap township id not matched in admin pass
1069001,Ayeyarwady Region,ဧရာဝတီတိုင်းဒေသကြီး,Du Yar Town,ဒူးယား မြို့,No (1) Quarter,အမှတ် (၁) ရပ်ကွက်,ward,,,unmatched,exact_town_to_parent_township,Source township resolved but CoreMap township id not matched in admin pass
1069002,Ayeyarwady Region,ဧရာဝတီတိုင်းဒေသကြီး,Du Yar Town,ဒူးယား မြို့,No (2) Quarter,အမှတ် (၂) ရပ်ကွက်,ward,,,unmatched,exact_town_to_parent_township,Source township resolved but CoreMap township id not matched in admin pass
1069003,Ayeyarwady Region,ဧရာဝတီတိုင်းဒေသကြီး,Du Yar Town,ဒူးယား မြို့,No (3) Quarter,အမှတ် (၃) ရပ်ကွက်,ward,,,unmatched,exact_town_to_parent_township,Source township resolved but CoreMap township id not matched in admin pass
1069004,Ayeyarwady Region,ဧရာဝတီတိုင်းဒေသကြီး,Du Yar Town,ဒူးယား မြို့,No (4) Quarter,အမှတ် (၄) ရပ်ကွက်,ward,,,unmatched,exact_town_to_parent_township,Source township resolved but CoreMap township id not matched in admin pass
1069005,Ayeyarwady Region,ဧရာဝတီတိုင်းဒေသကြီး,Du Yar Town,ဒူးယား မြို့,No (5) Quarter,အမှတ် (၅) ရပ်ကွက်,ward,,,unmatched,exact_town_to_parent_township,Source township resolved but CoreMap township id not matched in admin pass
1070001,Ayeyarwady Region,ဧရာဝတီတိုင်းဒေသကြီး,Ngathaingchaung Town,ငသိုင်းချောင်း မြို့,Shey Saung Quarter,ရှေ.ဆောင် ရပ်ကွက်,ward,,,unmatched,exact_town_to_parent_township,Source township resolved but CoreMap township id not matched in admin pass
1070002,Ayeyarwady Region,ဧရာဝတီတိုင်းဒေသကြီး,Ngathaingchaung Town,ငသိုင်းချောင်း မြို့,Myo Ma Quarter,မြို့မ ရပ်ကွက်,ward,,,unmatched,exact_town_to_parent_township,Source township resolved but CoreMap township id not matched in admin pass
1070003,Ayeyarwady Region,ဧရာဝတီတိုင်းဒေသကြီး,Ngathaingchaung Town,ငသိုင်းချောင်း မြို့,Nga Wun Quarter,ငဝန် ရပ်ကွက်,ward,,,unmatched,exact_town_to_parent_township,Source township resolved but CoreMap township id not matched in admin pass
1070004,Ayeyarwady Region,ဧရာဝတီတိုင်းဒေသကြီး,Ngathaingchaung Town,ငသိုင်းချောင်း မြို့,Thaung Tan (Aung San) Quarter,သောင်တန်း(အောင်ဆန်း) ရပ်ကွက်,ward,,,unmatched,exact_town_to_parent_township,Source township resolved but CoreMap township id not matched in admin pass
1070005,Ayeyarwady Region,ဧရာဝတီတိုင်းဒေသကြီး,Ngathaingchaung Town,ငသိုင်းချောင်း မြို့,Myo Thit Quarter,မြို.သစ် ရပ်ကွက်,ward,,,unmatched,exact_town_to_parent_township,Source township resolved but CoreMap township id not matched in admin pass
1070006,Ayeyarwady Region,ဧရာဝတီတိုင်းဒေသကြီး,Ngathaingchaung Town,ငသိုင်းချောင်း မြို့,Shwe Bo Quarter,ရွှေဘို ရပ်ကွက်,ward,,,unmatched,exact_town_to_parent_township,Source township resolved but CoreMap township id not matched in admin pass
1071001,Ayeyarwady Region,ဧရာဝတီတိုင်းဒေသကြီး,Ahthoke Town,အသုတ် မြို့,No (1) Quarter,အမှတ် (၁) ရပ်ကွက်,ward,,,unmatched,exact_town_to_parent_township,Source township resolved but CoreMap township id not matched in admin pass
1071002,Ayeyarwady Region,ဧရာဝတီတိုင်းဒေသကြီး,Ahthoke Town,အသုတ် မြို့,No (2) Quarter,အမှတ် (၂) ရပ်ကွက်,ward,,,unmatched,exact_town_to_parent_township,Source township resolved but CoreMap township id not matched in admin pass
1071003,Ayeyarwady Region,ဧရာဝတီတိုင်းဒေသကြီး,Ahthoke Town,အသုတ် မြို့,No (3) Quarter,အမှတ် (၃) ရပ်ကွက်,ward,,,unmatched,exact_town_to_parent_township,Source township resolved but CoreMap township id not matched in admin pass
1071004,Ayeyarwady Region,ဧရာဝတီတိုင်းဒေသကြီး,Ahthoke Town,အသုတ် မြို့,No (4) Quarter,အမှတ် (၄) ရပ်ကွက်,ward,,,unmatched,exact_town_to_parent_township,Source township resolved but CoreMap township id not matched in admin pass
1071005,Ayeyarwady Region,ဧရာဝတီတိုင်းဒေသကြီး,Ahthoke Town,အသုတ် မြို့,No (5) Quarter,အမှတ် (၅) ရပ်ကွက်,ward,,,unmatched,exact_town_to_parent_township,Source township resolved but CoreMap township id not matched in admin pass
1072001,Ayeyarwady Region,ဧရာဝတီတိုင်းဒေသကြီး,Ahtaung Town,အထောင် မြို့,No (1) Quarter,အမှတ် (၁) ရပ်ကွက်,ward,,,unmatched,exact_town_to_parent_township,Source township resolved but CoreMap township id not matched in admin pass
1072002,Ayeyarwady Region,ဧရာဝတီတိုင်းဒေသကြီး,Ahtaung Town,အထောင် မြို့,No (2) Quarter,အမှတ် (၂) ရပ်ကွက်,ward,,,unmatched,exact_town_to_parent_township,Source township resolved but CoreMap township id not matched in admin pass
1072003,Ayeyarwady Region,ဧရာဝတီတိုင်းဒေသကြီး,Ahtaung Town,အထောင် မြို့,No (3) Quarter,အမှတ် (၃) ရပ်ကွက်,ward,,,unmatched,exact_town_to_parent_township,Source township resolved but CoreMap township id not matched in admin pass
1072004,Ayeyarwady Region,ဧရာဝတီတိုင်းဒေသကြီး,Ahtaung Town,အထောင် မြို့,No (4) Quarter,အမှတ် (၄) ရပ်ကွက်,ward,,,unmatched,exact_town_to_parent_township,Source township resolved but CoreMap township id not matched in admin pass
1073001,Ayeyarwady Region,ဧရာဝတီတိုင်းဒေသကြီး,Pyinsalu Town,ပြင်စလူ မြို့,No (1) Quarter,အမှတ် (၁) ရပ်ကွက်,ward,,,unmatched,exact_town_to_parent_township,Source township resolved but CoreMap township id not matched in admin pass
1073002,Ayeyarwady Region,ဧရာဝတီတိုင်းဒေသကြီး,Pyinsalu Town,ပြင်စလူ မြို့,No (2) Quarter,အမှတ် (၂) ရပ်ကွက်,ward,,,unmatched,exact_town_to_parent_township,Source township resolved but CoreMap township id not matched in admin pass
1073003,Ayeyarwady Region,ဧရာဝတီတိုင်းဒေသကြီး,Pyinsalu Town,ပြင်စလူ မြို့,No (3) Quarter,အမှတ် (၃) ရပ်ကွက်,ward,,,unmatched,exact_town_to_parent_township,Source township resolved but CoreMap township id not matched in admin pass
1074001,Ayeyarwady Region,ဧရာဝတီတိုင်းဒေသကြီး,Labutta (3) Mile Town,လပွတ္တာ (၃) မိုင် မြို့,No (1) Quarter,အမှတ် (၁) ရပ်ကွက်,ward,,,unmatched,exact_town_to_parent_township,Source township resolved but CoreMap township id not matched in admin pass
1074002,Ayeyarwady Region,ဧရာဝတီတိုင်းဒေသကြီး,Labutta (3) Mile Town,လပွတ္တာ (၃) မိုင် မြို့,No (2) Quarter,အမှတ် (၂) ရပ်ကွက်,ward,,,unmatched,exact_town_to_parent_township,Source township resolved but CoreMap township id not matched in admin pass
1074003,Ayeyarwady Region,ဧရာဝတီတိုင်းဒေသကြီး,Labutta (3) Mile Town,လပွတ္တာ (၃) မိုင် မြို့,No (3) Quarter,အမှတ် (၃) ရပ်ကွက်,ward,,,unmatched,exact_town_to_parent_township,Source township resolved but CoreMap township id not matched in admin pass
1074004,Ayeyarwady Region,ဧရာဝတီတိုင်းဒေသကြီး,Labutta (3) Mile Town,လပွတ္တာ (၃) မိုင် မြို့,No (4) Quarter,အမှတ် (၄) ရပ်ကွက်,ward,,,unmatched,exact_town_to_parent_township,Source township resolved but CoreMap township id not matched in admin pass
1075001,Ayeyarwady Region,ဧရာဝတီတိုင်းဒေသကြီး,Ngayokekaung Town,ငရုတ်ကောင်း မြို့,No (1) Quarter,အမှတ် (၁) ရပ်ကွက်,ward,,,unmatched,exact_town_to_parent_township,Source township resolved but CoreMap township id not matched in admin pass
1075002,Ayeyarwady Region,ဧရာဝတီတိုင်းဒေသကြီး,Ngayokekaung Town,ငရုတ်ကောင်း မြို့,No (2) Quarter,အမှတ် (၂) ရပ်ကွက်,ward,,,unmatched,exact_town_to_parent_township,Source township resolved but CoreMap township id not matched in admin pass
1076001,Ayeyarwady Region,ဧရာဝတီတိုင်းဒေသကြီး,Hainggyikyun Town,ဟိုင်းကြီးကျွန်း မြို့,No (1) Quarter,အမှတ် (၁) ရပ်ကွက်,ward,,,unmatched,exact_town_to_parent_township,Source township resolved but CoreMap township id not matched in admin pass
1076002,Ayeyarwady Region,ဧရာဝတီတိုင်းဒေသကြီး,Hainggyikyun Town,ဟိုင်းကြီးကျွန်း မြို့,No (2) Quarter,အမှတ် (၂) ရပ်ကွက်,ward,,,unmatched,exact_town_to_parent_township,Source township resolved but CoreMap township id not matched in admin pass
1076003,Ayeyarwady Region,ဧရာဝတီတိုင်းဒေသကြီး,Hainggyikyun Town,ဟိုင်းကြီးကျွန်း မြို့,No (3) Quarter,အမှတ် (၃) ရပ်ကွက်,ward,,,unmatched,exact_town_to_parent_township,Source township resolved but CoreMap township id not matched in admin pass
1077001,Ayeyarwady Region,ဧရာဝတီတိုင်းဒေသကြီး,Kyonmangae Town,ကျုံမငေး မြို့,Mya Sein Quarter,မြစိမ်း ရပ်ကွက်,ward,,,unmatched,exact_town_to_parent_township,Source township resolved but CoreMap township id not matched in admin pass
1077002,Ayeyarwady Region,ဧရာဝတီတိုင်းဒေသကြီး,Kyonmangae Town,ကျုံမငေး မြို့,Thi Ri Hay Mar Quarter,သီရိဟေမာ ရပ်ကွက်,ward,,,unmatched,exact_town_to_parent_township,Source township resolved but CoreMap township id not matched in admin pass
1077003,Ayeyarwady Region,ဧရာဝတီတိုင်းဒေသကြီး,Kyonmangae Town,ကျုံမငေး မြို့,Nat Hteik Quarter,နထ္ထိပ် ရပ်ကွက်,ward,,,unmatched,exact_town_to_parent_township,Source township resolved but CoreMap township id not matched in admin pass
1077004,Ayeyarwady Region,ဧရာဝတီတိုင်းဒေသကြီး,Kyonmangae Town,ကျုံမငေး မြို့,Pale Aung Myay Quarter,ပုလဲအောင်မြေ ရပ်ကွက်,ward,,,unmatched,exact_town_to_parent_township,Source township resolved but CoreMap township id not matched in admin pass
1077005,Ayeyarwady Region,ဧရာဝတီတိုင်းဒေသကြီး,Kyonmangae Town,ကျုံမငေး မြို့,Nadi Aung Myay Quarter,နဒီအောင်မြေ ရပ်ကွက်,ward,,,unmatched,exact_town_to_parent_township,Source township resolved but CoreMap township id not matched in admin pass
1078001,Ayeyarwady Region,ဧရာဝတီတိုင်းဒေသကြီး,Ahmar Town,အမာ မြို့,No (1) Quarter,အမှတ် (၁) ရပ်ကွက်,ward,,,unmatched,exact_town_to_parent_township,Source township resolved but CoreMap township id not matched in admin pass
1078002,Ayeyarwady Region,ဧရာဝတီတိုင်းဒေသကြီး,Ahmar Town,အမာ မြို့,No (2) Quarter,အမှတ် (၂) ရပ်ကွက်,ward,,,unmatched,exact_town_to_parent_township,Source township resolved but CoreMap township id not matched in admin pass
1078003,Ayeyarwady Region,ဧရာဝတီတိုင်းဒေသကြီး,Ahmar Town,အမာ မြို့,No (3) Quarter,အမှတ် (၃) ရပ်ကွက်,ward,,,unmatched,exact_town_to_parent_township,Source township resolved but CoreMap township id not matched in admin pass
1078004,Ayeyarwady Region,ဧရာဝတီတိုင်းဒေသကြီး,Ahmar Town,အမာ မြို့,No (4) Quarter,အမှတ် (၄) ရပ်ကွက်,ward,,,unmatched,exact_town_to_parent_township,Source township resolved but CoreMap township id not matched in admin pass
1144001,Yangon Region,ရန်ကုန်တိုင်းဒေသကြီး,Dagon Myothit (Seikkan) Township,ဒဂုံမြို့သစ် (ဆိပ်ကမ်း) မြို့နယ်,No (58) Quarter,အမှတ် (၅၈) ရပ်ကွက်,ward,,,unmatched,exact_township_name,Source township resolved but CoreMap township id not matched in admin pass
1144002,Yangon Region,ရန်ကုန်တိုင်းဒေသကြီး,Dagon Myothit (Seikkan) Township,ဒဂုံမြို့သစ် (ဆိပ်ကမ်း) မြို့နယ်,No (59) Quarter,အမှတ် (၅၉) ရပ်ကွက်,ward,,,unmatched,exact_township_name,Source township resolved but CoreMap township id not matched in admin pass
1144003,Yangon Region,ရန်ကုန်တိုင်းဒေသကြီး,Dagon Myothit (Seikkan) Township,ဒဂုံမြို့သစ် (ဆိပ်ကမ်း) မြို့နယ်,No (60) Quarter,အမှတ် (၆၀) ရပ်ကွက်,ward,,,unmatched,exact_township_name,Source township resolved but CoreMap township id not matched in admin pass
1144004,Yangon Region,ရန်ကုန်တိုင်းဒေသကြီး,Dagon Myothit (Seikkan) Township,ဒဂုံမြို့သစ် (ဆိပ်ကမ်း) မြို့နယ်,No (61) Quarter,အမှတ် (၆၁) ရပ်ကွက်,ward,,,unmatched,exact_township_name,Source township resolved but CoreMap township id not matched in admin pass
1144005,Yangon Region,ရန်ကုန်တိုင်းဒေသကြီး,Dagon Myothit (Seikkan) Township,ဒဂုံမြို့သစ် (ဆိပ်ကမ်း) မြို့နယ်,No (67) Quarter,အမှတ် (၆၇) ရပ်ကွက်,ward,,,unmatched,exact_township_name,Source township resolved but CoreMap township id not matched in admin pass
1144006,Yangon Region,ရန်ကုန်တိုင်းဒေသကြီး,Dagon Myothit (Seikkan) Township,ဒဂုံမြို့သစ် (ဆိပ်ကမ်း) မြို့နယ်,No (68) Quarter,အမှတ် (၆၈) ရပ်ကွက်,ward,,,unmatched,exact_township_name,Source township resolved but CoreMap township id not matched in admin pass
1144007,Yangon Region,ရန်ကုန်တိုင်းဒေသကြီး,Dagon Myothit (Seikkan) Township,ဒဂုံမြို့သစ် (ဆိပ်ကမ်း) မြို့နယ်,No (69) Quarter,အမှတ် (၆၉) ရပ်ကွက်,ward,,,unmatched,exact_township_name,Source township resolved but CoreMap township id not matched in admin pass
1144008,Yangon Region,ရန်ကုန်တိုင်းဒေသကြီး,Dagon Myothit (Seikkan) Township,ဒဂုံမြို့သစ် (ဆိပ်ကမ်း) မြို့နယ်,No (73) Quarter,အမှတ် (၇၃) ရပ်ကွက်,ward,,,unmatched,exact_township_name,Source township resolved but CoreMap township id not matched in admin pass
1144009,Yangon Region,ရန်ကုန်တိုင်းဒေသကြီး,Dagon Myothit (Seikkan) Township,ဒဂုံမြို့သစ် (ဆိပ်ကမ်း) မြို့နယ်,No (74) Quarter,အမှတ် (၇၄) ရပ်ကွက်,ward,,,unmatched,exact_township_name,Source township resolved but CoreMap township id not matched in admin pass
1144010,Yangon Region,ရန်ကုန်တိုင်းဒေသကြီး,Dagon Myothit (Seikkan) Township,ဒဂုံမြို့သစ် (ဆိပ်ကမ်း) မြို့နယ်,No (75) Quarter,အမှတ် (၇၅) ရပ်ကွက်,ward,,,unmatched,exact_township_name,Source township resolved but CoreMap township id not matched in admin pass
1144011,Yangon Region,ရန်ကုန်တိုင်းဒေသကြီး,Dagon Myothit (Seikkan) Township,ဒဂုံမြို့သစ် (ဆိပ်ကမ်း) မြို့နယ်,No (76) Quarter,အမှတ် (၇၆) ရပ်ကွက်,ward,,,unmatched,exact_township_name,Source township resolved but CoreMap township id not matched in admin pass
1144012,Yangon Region,ရန်ကုန်တိုင်းဒေသကြီး,Dagon Myothit (Seikkan) Township,ဒဂုံမြို့သစ် (ဆိပ်ကမ်း) မြို့နယ်,No (77) Quarter,အမှတ် (၇၇) ရပ်ကွက်,ward,,,unmatched,exact_township_name,Source township resolved but CoreMap township id not matched in admin pass
1144013,Yangon Region,ရန်ကုန်တိုင်းဒေသကြီး,Dagon Myothit (Seikkan) Township,ဒဂုံမြို့သစ် (ဆိပ်ကမ်း) မြို့နယ်,No (78) Quarter,အမှတ် (၇၈) ရပ်ကွက်,ward,,,unmatched,exact_township_name,Source township resolved but CoreMap township id not matched in admin pass
1144014,Yangon Region,ရန်ကုန်တိုင်းဒေသကြီး,Dagon Myothit (Seikkan) Township,ဒဂုံမြို့သစ် (ဆိပ်ကမ်း) မြို့နယ်,No (79) Quarter,အမှတ် (၇၉) ရပ်ကွက်,ward,,,unmatched,exact_township_name,Source township resolved but CoreMap township id not matched in admin pass
1144015,Yangon Region,ရန်ကုန်တိုင်းဒေသကြီး,Dagon Myothit (Seikkan) Township,ဒဂုံမြို့သစ် (ဆိပ်ကမ်း) မြို့နယ်,No (80) Quarter,အမှတ် (၈၀) ရပ်ကွက်,ward,,,unmatched,exact_township_name,Source township resolved but CoreMap township id not matched in admin pass
1144016,Yangon Region,ရန်ကုန်တိုင်းဒေသကြီး,Dagon Myothit (Seikkan) Township,ဒဂုံမြို့သစ် (ဆိပ်ကမ်း) မြို့နယ်,No (81) Quarter,အမှတ် (၈၁) ရပ်ကွက်,ward,,,unmatched,exact_township_name,Source township resolved but CoreMap township id not matched in admin pass
1144017,Yangon Region,ရန်ကုန်တိုင်းဒေသကြီး,Dagon Myothit (Seikkan) Township,ဒဂုံမြို့သစ် (ဆိပ်ကမ်း) မြို့နယ်,No (82) Quarter,အမှတ် (၈၂) ရပ်ကွက်,ward,,,unmatched,exact_township_name,Source township resolved but CoreMap township id not matched in admin pass
1144018,Yangon Region,ရန်ကုန်တိုင်းဒေသကြီး,Dagon Myothit (Seikkan) Township,ဒဂုံမြို့သစ် (ဆိပ်ကမ်း) မြို့နယ်,No (83) Quarter,အမှတ် (၈၃) ရပ်ကွက်,ward,,,unmatched,exact_township_name,Source township resolved but CoreMap township id not matched in admin pass
1144019,Yangon Region,ရန်ကုန်တိုင်းဒေသကြီး,Dagon Myothit (Seikkan) Township,ဒဂုံမြို့သစ် (ဆိပ်ကမ်း) မြို့နယ်,No (84) Quarter,အမှတ် (၈၄) ရပ်ကွက်,ward,,,unmatched,exact_township_name,Source township resolved but CoreMap township id not matched in admin pass
1144020,Yangon Region,ရန်ကုန်တိုင်းဒေသကြီး,Dagon Myothit (Seikkan) Township,ဒဂုံမြို့သစ် (ဆိပ်ကမ်း) မြို့နယ်,No (85) Quarter,အမှတ် (၈၅) ရပ်ကွက်,ward,,,unmatched,exact_township_name,Source township resolved but CoreMap township id not matched in admin pass
1144021,Yangon Region,ရန်ကုန်တိုင်းဒေသကြီး,Dagon Myothit (Seikkan) Township,ဒဂုံမြို့သစ် (ဆိပ်ကမ်း) မြို့နယ်,No (86) Quarter,အမှတ် (၈၆) ရပ်ကွက်,ward,,,unmatched,exact_township_name,Source township resolved but CoreMap township id not matched in admin pass
1144022,Yangon Region,ရန်ကုန်တိုင်းဒေသကြီး,Dagon Myothit (Seikkan) Township,ဒဂုံမြို့သစ် (ဆိပ်ကမ်း) မြို့နယ်,No (87) Quarter,အမှတ် (၈၇) ရပ်ကွက်,ward,,,unmatched,exact_township_name,Source township resolved but CoreMap township id not matched in admin pass
1144023,Yangon Region,ရန်ကုန်တိုင်းဒေသကြီး,Dagon Myothit (Seikkan) Township,ဒဂုံမြို့သစ် (ဆိပ်ကမ်း) မြို့နယ်,No (88) Quarter,အမှတ် (၈၈) ရပ်ကွက်,ward,,,unmatched,exact_township_name,Source township resolved but CoreMap township id not matched in admin pass
1144024,Yangon Region,ရန်ကုန်တိုင်းဒေသကြီး,Dagon Myothit (Seikkan) Township,ဒဂုံမြို့သစ် (ဆိပ်ကမ်း) မြို့နယ်,No (89) Quarter,အမှတ် (၈၉) ရပ်ကွက်,ward,,,unmatched,exact_township_name,Source township resolved but CoreMap township id not matched in admin pass
1144025,Yangon Region,ရန်ကုန်တိုင်းဒေသကြီး,Dagon Myothit (Seikkan) Township,ဒဂုံမြို့သစ် (ဆိပ်ကမ်း) မြို့နယ်,No (90) Quarter,အမှတ် (၉၀) ရပ်ကွက်,ward,,,unmatched,exact_township_name,Source township resolved but CoreMap township id not matched in admin pass
1144026,Yangon Region,ရန်ကုန်တိုင်းဒေသကြီး,Dagon Myothit (Seikkan) Township,ဒဂုံမြို့သစ် (ဆိပ်ကမ်း) မြို့နယ်,No (91) Quarter,အမှတ် (၉၁) ရပ်ကွက်,ward,,,unmatched,exact_township_name,Source township resolved but CoreMap township id not matched in admin pass
1144027,Yangon Region,ရန်ကုန်တိုင်းဒေသကြီး,Dagon Myothit (Seikkan) Township,ဒဂုံမြို့သစ် (ဆိပ်ကမ်း) မြို့နယ်,No (92) Quarter,အမှတ် (၉၂) ရပ်ကွက်,ward,,,unmatched,exact_township_name,Source township resolved but CoreMap township id not matched in admin pass
1144028,Yangon Region,ရန်ကုန်တိုင်းဒေသကြီး,Dagon Myothit (Seikkan) Township,ဒဂုံမြို့သစ် (ဆိပ်ကမ်း) မြို့နယ်,No (93) Quarter,အမှတ် (၉၃) ရပ်ကွက်,ward,,,unmatched,exact_township_name,Source township resolved but CoreMap township id not matched in admin pass
1144029,Yangon Region,ရန်ကုန်တိုင်းဒေသကြီး,Dagon Myothit (Seikkan) Township,ဒဂုံမြို့သစ် (ဆိပ်ကမ်း) မြို့နယ်,No (94) Quarter,အမှတ် (၉၄) ရပ်ကွက်,ward,,,unmatched,exact_township_name,Source township resolved but CoreMap township id not matched in admin pass
1144030,Yangon Region,ရန်ကုန်တိုင်းဒေသကြီး,Dagon Myothit (Seikkan) Township,ဒဂုံမြို့သစ် (ဆိပ်ကမ်း) မြို့နယ်,No (98) Quarter,အမှတ် (၉၈) ရပ်ကွက်,ward,,,unmatched,exact_township_name,Source township resolved but CoreMap township id not matched in admin pass
1144031,Yangon Region,ရန်ကုန်တိုင်းဒေသကြီး,Dagon Myothit (Seikkan) Township,ဒဂုံမြို့သစ် (ဆိပ်ကမ်း) မြို့နယ်,No (148) Quarter,အမှတ် (၁၄၈) ရပ်ကွက်,ward,,,unmatched,exact_township_name,Source township resolved but CoreMap township id not matched in admin pass
1144032,Yangon Region,ရန်ကုန်တိုင်းဒေသကြီး,Dagon Myothit (Seikkan) Township,ဒဂုံမြို့သစ် (ဆိပ်ကမ်း) မြို့နယ်,No (149) Quarter,အမှတ် (၁၄၉) ရပ်ကွက်,ward,,,unmatched,exact_township_name,Source township resolved but CoreMap township id not matched in admin pass
1144033,Yangon Region,ရန်ကုန်တိုင်းဒေသကြီး,Dagon Myothit (Seikkan) Township,ဒဂုံမြို့သစ် (ဆိပ်ကမ်း) မြို့နယ်,No (150) Quarter,အမှတ် (၁၅၀) ရပ်ကွက်,ward,,,unmatched,exact_township_name,Source township resolved but CoreMap township id not matched in admin pass
1144034,Yangon Region,ရန်ကုန်တိုင်းဒေသကြီး,Dagon Myothit (Seikkan) Township,ဒဂုံမြို့သစ် (ဆိပ်ကမ်း) မြို့နယ်,No (151) Quarter,အမှတ် (၁၅၁) ရပ်ကွက်,ward,,,unmatched,exact_township_name,Source township resolved but CoreMap township id not matched in admin pass
1144035,Yangon Region,ရန်ကုန်တိုင်းဒေသကြီး,Dagon Myothit (Seikkan) Township,ဒဂုံမြို့သစ် (ဆိပ်ကမ်း) မြို့နယ်,No (168) Quarter,အမှတ် (၁၆၈) ရပ်ကွက်,ward,,,unmatched,exact_township_name,Source township resolved but CoreMap township id not matched in admin pass
1144200,Yangon Region,ရန်ကုန်တိုင်းဒေသကြီး,Dagon Myothit (Seikkan) Township,ဒဂုံမြို့သစ် (ဆိပ်ကမ်း) မြို့နယ်,Kyi Su (East) Village Tract,ကျီစု (အရှေ့) ကျေးရွာအုပ်စု,village_tract,,,unmatched,exact_township_name,Source township resolved but CoreMap township id not matched in admin pass
1144201,Yangon Region,ရန်ကုန်တိုင်းဒေသကြီး,Dagon Myothit (Seikkan) Township,ဒဂုံမြို့သစ် (ဆိပ်ကမ်း) မြို့နယ်,Nyaung Pin Village Tract,ညောင်ပင် ကျေးရွာအုပ်စု,village_tract,,,unmatched,exact_township_name,Source township resolved but CoreMap township id not matched in admin pass
1144202,Yangon Region,ရန်ကုန်တိုင်းဒေသကြီး,Dagon Myothit (Seikkan) Township,ဒဂုံမြို့သစ် (ဆိပ်ကမ်း) မြို့နယ်,Tha Yet Pin Chaung Village Tract,သရက်ပင်ချောင် ကျေးရွာအုပ်စု,village_tract,,,unmatched,exact_township_name,Source township resolved but CoreMap township id not matched in admin pass
1144203,Yangon Region,ရန်ကုန်တိုင်းဒေသကြီး,Dagon Myothit (Seikkan) Township,ဒဂုံမြို့သစ် (ဆိပ်ကမ်း) မြို့နယ်,Da La Ban Village Tract,ဒလဘမ်း ကျေးရွာအုပ်စု,village_tract,,,unmatched,exact_township_name,Source township resolved but CoreMap township id not matched in admin pass
1409001,Tanintharyi Region,တနင်္သာရီတိုင်းဒေသကြီး,Kawthoung Township,ကော့သောင်း မြို့နယ်,Shwe Hin Thar Quarter,ရွှေဟင်္သာ ရပ်ကွက်,ward,,,unmatched,exact_township_name,Source township resolved but CoreMap township id not matched in admin pass
1409002,Tanintharyi Region,တနင်္သာရီတိုင်းဒေသကြီး,Kawthoung Township,ကော့သောင်း မြို့နယ်,Ah Nan War Quarter,အဏ္ဏဝါ ရပ်ကွက်,ward,,,unmatched,exact_township_name,Source township resolved but CoreMap township id not matched in admin pass
1409003,Tanintharyi Region,တနင်္သာရီတိုင်းဒေသကြီး,Kawthoung Township,ကော့သောင်း မြို့နယ်,Pi Tauk Shwe War Quarter,ပိတောက်ရွှေဝါ ရပ်ကွက်,ward,,,unmatched,exact_township_name,Source township resolved but CoreMap township id not matched in admin pass
1409004,Tanintharyi Region,တနင်္သာရီတိုင်းဒေသကြီး,Kawthoung Township,ကော့သောင်း မြို့နယ်,Ba Yint Naung Quarter,ဘုရင့်နောင် ရပ်ကွက်,ward,,,unmatched,exact_township_name,Source township resolved but CoreMap township id not matched in admin pass
1409005,Tanintharyi Region,တနင်္သာရီတိုင်းဒေသကြီး,Kawthoung Township,ကော့သောင်း မြို့နယ်,Aung Thu Kha Quarter,အောင်သုခ ရပ်ကွက်,ward,,,unmatched,exact_township_name,Source township resolved but CoreMap township id not matched in admin pass
1409006,Tanintharyi Region,တနင်္သာရီတိုင်းဒေသကြီး,Kawthoung Township,ကော့သောင်း မြို့နယ်,Aye Mya Kan Thar Quarter,အေးမြကန်သာ ရပ်ကွက်,ward,,,unmatched,exact_township_name,Source township resolved but CoreMap township id not matched in admin pass
1409007,Tanintharyi Region,တနင်္သာရီတိုင်းဒေသကြီး,Kawthoung Township,ကော့သောင်း မြို့နယ်,Thi Ri Myaing Quarter,သီရိမြိုင် ရပ်ကွက်,ward,,,unmatched,exact_township_name,Source township resolved but CoreMap township id not matched in admin pass
1409008,Tanintharyi Region,တနင်္သာရီတိုင်းဒေသကြီး,Kawthoung Township,ကော့သောင်း မြို့နယ်,Shwe Zin Yaw Quarter,ရွှေဇင်ယော် ရပ်ကွက်,ward,,,unmatched,exact_township_name,Source township resolved but CoreMap township id not matched in admin pass
1409009,Tanintharyi Region,တနင်္သာရီတိုင်းဒေသကြီး,Kawthoung Township,ကော့သောင်း မြို့နယ်,Aye Yeik Nyein Quarter,အေးရိပ်ငြိမ် ရပ်ကွက်,ward,,,unmatched,exact_township_name,Source township resolved but CoreMap township id not matched in admin pass
1409010,Tanintharyi Region,တနင်္သာရီတိုင်းဒေသကြီး,Kawthoung Township,ကော့သောင်း မြို့နယ်,Shwe Pyi Thar Quarter,ရွှေပြည်သာ ရပ်ကွက်,ward,,,unmatched,exact_township_name,Source township resolved but CoreMap township id not matched in admin pass
1409200,Tanintharyi Region,တနင်္သာရီတိုင်းဒေသကြီး,Kawthoung Township,ကော့သောင်း မြို့နယ်,Pu Lo Ton Tone Village Tract,ပုလိုတုံတုံး ကျေးရွာအုပ်စု,village_tract,,,unmatched,exact_township_name,Source township resolved but CoreMap township id not matched in admin pass
1409201,Tanintharyi Region,တနင်္သာရီတိုင်းဒေသကြီး,Kawthoung Township,ကော့သောင်း မြို့နယ်,Zar Det Gyi Kyun Village Tract,ဇာဒက်ကြီးကျွန်း ကျေးရွာအုပ်စု,village_tract,,,unmatched,exact_township_name,Source township resolved but CoreMap township id not matched in admin pass
1409202,Tanintharyi Region,တနင်္သာရီတိုင်းဒေသကြီး,Kawthoung Township,ကော့သောင်း မြို့နယ်,Se Maing Village Tract,ဆယ်မိုင် ကျေးရွာအုပ်စု,village_tract,,,unmatched,exact_township_name,Source township resolved but CoreMap township id not matched in admin pass
1409203,Tanintharyi Region,တနင်္သာရီတိုင်းဒေသကြီး,Kawthoung Township,ကော့သောင်း မြို့နယ်,Khun Hnit Maing/Shwe Pyi Soe Village Tract,ခုနှစ်မိုင်/ရွှေပြည်စိုး ကျေးရွာအုပ်စု,village_tract,,,unmatched,exact_township_name,Source township resolved but CoreMap township id not matched in admin pass
1409204,Tanintharyi Region,တနင်္သာရီတိုင်းဒေသကြီး,Kawthoung Township,ကော့သောင်း မြို့နယ်,Ban Ka Chun Village Tract,ဘန်းကချွန် ကျေးရွာအုပ်စု,village_tract,,,unmatched,exact_township_name,Source township resolved but CoreMap township id not matched in admin pass
1409205,Tanintharyi Region,တနင်္သာရီတိုင်းဒေသကြီး,Kawthoung Township,ကော့သောင်း မြို့နယ်,Ma Li Wan Village Tract,မလိဝမ်း ကျေးရွာအုပ်စု,village_tract,,,unmatched,exact_township_name,Source township resolved but CoreMap township id not matched in admin pass
1409206,Tanintharyi Region,တနင်္သာရီတိုင်းဒေသကြီး,Kawthoung Township,ကော့သောင်း မြို့နယ်,Chan Hpan Village Tract,ချမ်းဖန်း ကျေးရွာအုပ်စု,village_tract,,,unmatched,exact_township_name,Source township resolved but CoreMap township id not matched in admin pass
1409207,Tanintharyi Region,တနင်္သာရီတိုင်းဒေသကြီး,Kawthoung Township,ကော့သောင်း မြို့နယ်,Aw Gyi Village Tract,အော်ကြီး ကျေးရွာအုပ်စု,village_tract,,,unmatched,exact_township_name,Source township resolved but CoreMap township id not matched in admin pass
1409208,Tanintharyi Region,တနင်္သာရီတိုင်းဒေသကြီး,Kawthoung Township,ကော့သောင်း မြို့နယ်,Su Nge Bar Laing Village Tract,စူငယ်ဘာလိုင်း ကျေးရွာအုပ်စု,village_tract,,,unmatched,exact_township_name,Source township resolved but CoreMap township id not matched in admin pass
1409209,Tanintharyi Region,တနင်္သာရီတိုင်းဒေသကြီး,Kawthoung Township,ကော့သောင်း မြို့နယ်,Mar Ran Village Tract,မာရမ်း ကျေးရွာအုပ်စု,village_tract,,,unmatched,exact_township_name,Source township resolved but CoreMap township id not matched in admin pass
1409210,Tanintharyi Region,တနင်္သာရီတိုင်းဒေသကြီး,Kawthoung Township,ကော့သောင်း မြို့နယ်,Hton Pa Ri Village Tract,ထုံပရီ ကျေးရွာအုပ်စု,village_tract,,,unmatched,exact_township_name,Source township resolved but CoreMap township id not matched in admin pass
1409211,Tanintharyi Region,တနင်္သာရီတိုင်းဒေသကြီး,Kawthoung Township,ကော့သောင်း မြို့နယ်,Hpawt Thoke Village Tract,ဖော့သုတ် ကျေးရွာအုပ်စု,village_tract,,,unmatched,exact_township_name,Source township resolved but CoreMap township id not matched in admin pass
1409212,Tanintharyi Region,တနင်္သာရီတိုင်းဒေသကြီး,Kawthoung Township,ကော့သောင်း မြို့နယ်,Nar Li Chan Village Tract,နာလိချမ်း ကျေးရွာအုပ်စု,village_tract,,,unmatched,exact_township_name,Source township resolved but CoreMap township id not matched in admin pass
1409213,Tanintharyi Region,တနင်္သာရီတိုင်းဒေသကြီး,Kawthoung Township,ကော့သောင်း မြို့နယ်,Par San Village Tract,ပါစံ ကျေးရွာအုပ်စု,village_tract,,,unmatched,exact_township_name,Source township resolved but CoreMap township id not matched in admin pass
1409214,Tanintharyi Region,တနင်္သာရီတိုင်းဒေသကြီး,Kawthoung Township,ကော့သောင်း မြို့နယ်,Lone Hpaw Village Tract,လုံးဖော ကျေးရွာအုပ်စု,village_tract,,,unmatched,exact_township_name,Source township resolved but CoreMap township id not matched in admin pass
1409215,Tanintharyi Region,တနင်္သာရီတိုင်းဒေသကြီး,Kawthoung Township,ကော့သောင်း မြို့နယ်,Khi Ka Hpwaing Village Tract,ခိကဖွိုင်း ကျေးရွာအုပ်စု,village_tract,,,unmatched,exact_township_name,Source township resolved but CoreMap township id not matched in admin pass
1409216,Tanintharyi Region,တနင်္သာရီတိုင်းဒေသကြီး,Kawthoung Township,ကော့သောင်း မြို့နယ်,Pa Ret Khwa Village Tract,ပရက်ခွ ကျေးရွာအုပ်စု,village_tract,,,unmatched,exact_township_name,Source township resolved but CoreMap township id not matched in admin pass
1409217,Tanintharyi Region,တနင်္သာရီတိုင်းဒေသကြီး,Kawthoung Township,ကော့သောင်း မြို့နယ်,Pa Ret Saing Village Tract,ပရက်ဆိုင် ကျေးရွာအုပ်စု,village_tract,,,unmatched,exact_township_name,Source township resolved but CoreMap township id not matched in admin pass
1467001,Tanintharyi Region,တနင်္သာရီတိုင်းဒေသကြီး,Khamaukgyi Town,ခမောက်ကြီး မြို့,No (1) Quarter,အမှတ် (၁) ရပ်ကွက်,ward,,,unmatched,exact_town_to_parent_township,Source township resolved but CoreMap township id not matched in admin pass
1467002,Tanintharyi Region,တနင်္သာရီတိုင်းဒေသကြီး,Khamaukgyi Town,ခမောက်ကြီး မြို့,No (2) Quarter,အမှတ် (၂) ရပ်ကွက်,ward,,,unmatched,exact_town_to_parent_township,Source township resolved but CoreMap township id not matched in admin pass
1467003,Tanintharyi Region,တနင်္သာရီတိုင်းဒေသကြီး,Khamaukgyi Town,ခမောက်ကြီး မြို့,No (4) Quarter,အမှတ် (၄) ရပ်ကွက်,ward,,,unmatched,exact_town_to_parent_township,Source township resolved but CoreMap township id not matched in admin pass
1601001,Shan State (North),ရှမ်းပြည်နယ် (မြောက်ပိုင်း),Lashio Township,လားရှိုး မြို့နယ်,Thi Ri Ma Har Quarter,သီရိမဟာ ရပ်ကွက်,ward,,,unmatched,exact_township_name,Source township resolved but CoreMap township id not matched in admin pass
1601002,Shan State (North),ရှမ်းပြည်နယ် (မြောက်ပိုင်း),Lashio Township,လားရှိုး မြို့နယ်,Aung Myit Tar Quarter,အောင်မေတ္တာ ရပ်ကွက်,ward,,,unmatched,exact_township_name,Source township resolved but CoreMap township id not matched in admin pass
1601003,Shan State (North),ရှမ်းပြည်နယ် (မြောက်ပိုင်း),Lashio Township,လားရှိုး မြို့နယ်,Shwe Bon Thar Quarter,ရွှေဘုံသာ ရပ်ကွက်,ward,,,unmatched,exact_township_name,Source township resolved but CoreMap township id not matched in admin pass
1601004,Shan State (North),ရှမ်းပြည်နယ် (မြောက်ပိုင်း),Lashio Township,လားရှိုး မြို့နယ်,Ahr Yon Taw Quarter,အာရုံတော် ရပ်ကွက်,ward,,,unmatched,exact_township_name,Source township resolved but CoreMap township id not matched in admin pass
1601005,Shan State (North),ရှမ်းပြည်နယ် (မြောက်ပိုင်း),Lashio Township,လားရှိုး မြို့နယ်,Aung Min Ga Lar Quarter,အောင်မင်္ဂလာ ရပ်ကွက်,ward,,,unmatched,exact_township_name,Source township resolved but CoreMap township id not matched in admin pass
1601006,Shan State (North),ရှမ်းပြည်နယ် (မြောက်ပိုင်း),Lashio Township,လားရှိုး မြို့နယ်,Shwe Li Quarter,ရွှေလီ ရပ်ကွက်,ward,,,unmatched,exact_township_name,Source township resolved but CoreMap township id not matched in admin pass
1601007,Shan State (North),ရှမ်းပြည်နယ် (မြောက်ပိုင်း),Lashio Township,လားရှိုး မြို့နယ်,Than Lwin Quarter,သံလွင် ရပ်ကွက်,ward,,,unmatched,exact_township_name,Source township resolved but CoreMap township id not matched in admin pass
1601008,Shan State (North),ရှမ်းပြည်နယ် (မြောက်ပိုင်း),Lashio Township,လားရှိုး မြို့နယ်,Aung Thi Dar Quarter,အောင်သီတာ ရပ်ကွက်,ward,,,unmatched,exact_township_name,Source township resolved but CoreMap township id not matched in admin pass
1601009,Shan State (North),ရှမ်းပြည်နယ် (မြောက်ပိုင်း),Lashio Township,လားရှိုး မြို့နယ်,Myanmar Khar Yoe Quarter,မြန်မာခါးရိုး ရပ်ကွက်,ward,,,unmatched,exact_township_name,Source township resolved but CoreMap township id not matched in admin pass
1601010,Shan State (North),ရှမ်းပြည်နယ် (မြောက်ပိုင်း),Lashio Township,လားရှိုး မြို့နယ်,Myo Wan Quarter,မြို့ဝမ် ရပ်ကွက်,ward,,,unmatched,exact_township_name,Source township resolved but CoreMap township id not matched in admin pass
1601011,Shan State (North),ရှမ်းပြည်နယ် (မြောက်ပိုင်း),Lashio Township,လားရှိုး မြို့နယ်,Nam Pa Hkyi Quarter,နမ့်ပါချီး ရပ်ကွက်,ward,,,unmatched,exact_township_name,Source township resolved but CoreMap township id not matched in admin pass
1601012,Shan State (North),ရှမ်းပြည်နယ် (မြောက်ပိုင်း),Lashio Township,လားရှိုး မြို့နယ်,Lashio Gyi Quarter,လားရှိုးကြီး ရပ်ကွက်,ward,,,unmatched,exact_township_name,Source township resolved but CoreMap township id not matched in admin pass
1601200,Shan State (North),ရှမ်းပြည်နယ် (မြောက်ပိုင်း),Lashio Township,လားရှိုး မြို့နယ်,Hu Mun Village Tract,ဟူးမွန် ကျေးရွာအုပ်စု,village_tract,,,unmatched,exact_township_name,Source township resolved but CoreMap township id not matched in admin pass
1601201,Shan State (North),ရှမ်းပြည်နယ် (မြောက်ပိုင်း),Lashio Township,လားရှိုး မြို့နယ်,Man Aing Village Tract,မန်အိုင် ကျေးရွာအုပ်စု,village_tract,,,unmatched,exact_township_name,Source township resolved but CoreMap township id not matched in admin pass
1601202,Shan State (North),ရှမ်းပြည်နယ် (မြောက်ပိုင်း),Lashio Township,လားရှိုး မြို့နယ်,Mae Han Village Tract,မယ်ဟန် ကျေးရွာအုပ်စု,village_tract,,,unmatched,exact_township_name,Source township resolved but CoreMap township id not matched in admin pass
1601203,Shan State (North),ရှမ်းပြည်နယ် (မြောက်ပိုင်း),Lashio Township,လားရှိုး မြို့နယ်,Loi Tauk Village Tract,လွယ်တောက် ကျေးရွာအုပ်စု,village_tract,,,unmatched,exact_township_name,Source township resolved but CoreMap township id not matched in admin pass
1601204,Shan State (North),ရှမ်းပြည်နယ် (မြောက်ပိုင်း),Lashio Township,လားရှိုး မြို့နယ်,Nam Tun Village Tract,နမ့်တွန်း ကျေးရွာအုပ်စု,village_tract,,,unmatched,exact_township_name,Source township resolved but CoreMap township id not matched in admin pass
1601205,Shan State (North),ရှမ်းပြည်နယ် (မြောက်ပိုင်း),Lashio Township,လားရှိုး မြို့နယ်,Wein Htang Village Tract,ဝိန်းထန် ကျေးရွာအုပ်စု,village_tract,,,unmatched,exact_township_name,Source township resolved but CoreMap township id not matched in admin pass
1601206,Shan State (North),ရှမ်းပြည်နယ် (မြောက်ပိုင်း),Lashio Township,လားရှိုး မြို့နယ်,Kone Hsar Village Tract,ကုန်းဆာ ကျေးရွာအုပ်စု,village_tract,,,unmatched,exact_township_name,Source township resolved but CoreMap township id not matched in admin pass
1601207,Shan State (North),ရှမ်းပြည်နယ် (မြောက်ပိုင်း),Lashio Township,လားရှိုး မြို့နယ်,Tar Pong Village Tract,တာပုံ ကျေးရွာအုပ်စု,village_tract,,,unmatched,exact_township_name,Source township resolved but CoreMap township id not matched in admin pass
1601208,Shan State (North),ရှမ်းပြည်နယ် (မြောက်ပိုင်း),Lashio Township,လားရှိုး မြို့နယ်,Ho Nam Village Tract,ဟိုနမ့် ကျေးရွာအုပ်စု,village_tract,,,unmatched,exact_township_name,Source township resolved but CoreMap township id not matched in admin pass
1601209,Shan State (North),ရှမ်းပြည်နယ် (မြောက်ပိုင်း),Lashio Township,လားရှိုး မြို့နယ်,Man Kat Village Tract,မန်ကပ် ကျေးရွာအုပ်စု,village_tract,,,unmatched,exact_township_name,Source township resolved but CoreMap township id not matched in admin pass
1601210,Shan State (North),ရှမ်းပြည်နယ် (မြောက်ပိုင်း),Lashio Township,လားရှိုး မြို့နယ်,Man Pying Village Tract,မန်ပြိန်း ကျေးရွာအုပ်စု,village_tract,,,unmatched,exact_township_name,Source township resolved but CoreMap township id not matched in admin pass
1601211,Shan State (North),ရှမ်းပြည်နယ် (မြောက်ပိုင်း),Lashio Township,လားရှိုး မြို့နယ်,Mak Hki Nu Village Tract,မတ်ချိနု ကျေးရွာအုပ်စု,village_tract,,,unmatched,exact_township_name,Source township resolved but CoreMap township id not matched in admin pass
1601212,Shan State (North),ရှမ်းပြည်နယ် (မြောက်ပိုင်း),Lashio Township,လားရှိုး မြို့နယ်,Ho Peik Village Tract,ဟိုပိတ် ကျေးရွာအုပ်စု,village_tract,,,unmatched,exact_township_name,Source township resolved but CoreMap township id not matched in admin pass
1601213,Shan State (North),ရှမ်းပြည်နယ် (မြောက်ပိုင်း),Lashio Township,လားရှိုး မြို့နယ်,Kawng Kye Village Tract,ကောင်းကြဲ ကျေးရွာအုပ်စု,village_tract,,,unmatched,exact_township_name,Source township resolved but CoreMap township id not matched in admin pass
1601214,Shan State (North),ရှမ်းပြည်နယ် (မြောက်ပိုင်း),Lashio Township,လားရှိုး မြို့နယ်,Sum Kwei Village Tract,ဆွမ်ကွယ် ကျေးရွာအုပ်စု,village_tract,,,unmatched,exact_township_name,Source township resolved but CoreMap township id not matched in admin pass
1601215,Shan State (North),ရှမ်းပြည်နယ် (မြောက်ပိုင်း),Lashio Township,လားရှိုး မြို့နယ်,Ho Nar Village Tract,ဟိုနား ကျေးရွာအုပ်စု,village_tract,,,unmatched,exact_township_name,Source township resolved but CoreMap township id not matched in admin pass
1601216,Shan State (North),ရှမ်းပြည်နယ် (မြောက်ပိုင်း),Lashio Township,လားရှိုး မြို့နယ်,Ei Naing Village Tract,အီနိုင်း ကျေးရွာအုပ်စု,village_tract,,,unmatched,exact_township_name,Source township resolved but CoreMap township id not matched in admin pass
1601217,Shan State (North),ရှမ်းပြည်နယ် (မြောက်ပိုင်း),Lashio Township,လားရှိုး မြို့နယ်,Nar Kun Long Village Tract,နားကွမ်းလုံ ကျေးရွာအုပ်စု,village_tract,,,unmatched,exact_township_name,Source township resolved but CoreMap township id not matched in admin pass
1601218,Shan State (North),ရှမ်းပြည်နယ် (မြောက်ပိုင်း),Lashio Township,လားရှိုး မြို့နယ်,Kawng Kye (Ei) Village Tract,ကောင်းကြဲ (အီ) ကျေးရွာအုပ်စု,village_tract,,,unmatched,exact_township_name,Source township resolved but CoreMap township id not matched in admin pass
1601219,Shan State (North),ရှမ်းပြည်နယ် (မြောက်ပိုင်း),Lashio Township,လားရှိုး မြို့နယ်,Nam Pawng Village Tract,နမ့်ပေါင် ကျေးရွာအုပ်စု,village_tract,,,unmatched,exact_township_name,Source township resolved but CoreMap township id not matched in admin pass
1601220,Shan State (North),ရှမ်းပြည်နယ် (မြောက်ပိုင်း),Lashio Township,လားရှိုး မြို့နယ်,Hkon Son Village Tract,ခုန်စုန် ကျေးရွာအုပ်စု,village_tract,,,unmatched,exact_township_name,Source township resolved but CoreMap township id not matched in admin pass
1601221,Shan State (North),ရှမ်းပြည်နယ် (မြောက်ပိုင်း),Lashio Township,လားရှိုး မြို့နယ်,Loke Waun Village Tract,လုပ်ဝိုင် ကျေးရွာအုပ်စု,village_tract,,,unmatched,exact_township_name,Source township resolved but CoreMap township id not matched in admin pass
1601222,Shan State (North),ရှမ်းပြည်နယ် (မြောက်ပိုင်း),Lashio Township,လားရှိုး မြို့နယ်,Man Sei Village Tract,မန်စယ် ကျေးရွာအုပ်စု,village_tract,,,unmatched,exact_township_name,Source township resolved but CoreMap township id not matched in admin pass
1601223,Shan State (North),ရှမ်းပြည်နယ် (မြောက်ပိုင်း),Lashio Township,လားရှိုး မြို့နယ်,Ho Nar Kone Hsar Village Tract,ဟိုနားကုန်းဆာ ကျေးရွာအုပ်စု,village_tract,,,unmatched,exact_township_name,Source township resolved but CoreMap township id not matched in admin pass
1601224,Shan State (North),ရှမ်းပြည်နယ် (မြောက်ပိုင်း),Lashio Township,လားရှိုး မြို့နယ်,Pang Hto Len Village Tract,ပန်ထိုလင် ကျေးရွာအုပ်စု,village_tract,,,unmatched,exact_township_name,Source township resolved but CoreMap township id not matched in admin pass
1601225,Shan State (North),ရှမ်းပြည်နယ် (မြောက်ပိုင်း),Lashio Township,လားရှိုး မြို့နယ်,Nam Ma Baw Da Village Tract,နမ္မဗောဒ ကျေးရွာအုပ်စု,village_tract,,,unmatched,exact_township_name,Source township resolved but CoreMap township id not matched in admin pass
1601226,Shan State (North),ရှမ်းပြည်နယ် (မြောက်ပိုင်း),Lashio Township,လားရှိုး မြို့နယ်,Man Pyin Village Tract,မန်ပျဉ် ကျေးရွာအုပ်စု,village_tract,,,unmatched,exact_township_name,Source township resolved but CoreMap township id not matched in admin pass
1601227,Shan State (North),ရှမ်းပြည်နယ် (မြောက်ပိုင်း),Lashio Township,လားရှိုး မြို့နယ်,Mein Kyaing Village Tract,မိန်းကျိုင်း ကျေးရွာအုပ်စု,village_tract,,,unmatched,exact_township_name,Source township resolved but CoreMap township id not matched in admin pass
1601228,Shan State (North),ရှမ်းပြည်နယ် (မြောက်ပိုင်း),Lashio Township,လားရှိုး မြို့နယ်,Pang Huong Village Tract,ပန်ဟုန်း ကျေးရွာအုပ်စု,village_tract,,,unmatched,exact_township_name,Source township resolved but CoreMap township id not matched in admin pass
1601229,Shan State (North),ရှမ်းပြည်နယ် (မြောက်ပိုင်း),Lashio Township,လားရှိုး မြို့နယ်,Nar Nang (Man Long) Village Tract,နားနန်း (မန်လုံ) ကျေးရွာအုပ်စု,village_tract,,,unmatched,exact_township_name,Source township resolved but CoreMap township id not matched in admin pass
1601230,Shan State (North),ရှမ်းပြည်နယ် (မြောက်ပိုင်း),Lashio Township,လားရှိုး မြို့နယ်,Loi Kan Village Tract,လွယ်ကန် ကျေးရွာအုပ်စု,village_tract,,,unmatched,exact_township_name,Source township resolved but CoreMap township id not matched in admin pass
1601231,Shan State (North),ရှမ်းပြည်နယ် (မြောက်ပိုင်း),Lashio Township,လားရှိုး မြို့နယ်,Sei Pawng Village Tract,စယ်ပေါင် ကျေးရွာအုပ်စု,village_tract,,,unmatched,exact_township_name,Source township resolved but CoreMap township id not matched in admin pass
1601232,Shan State (North),ရှမ်းပြည်နယ် (မြောက်ပိုင်း),Lashio Township,လားရှိုး မြို့နယ်,Kun Hlyoe Village Tract,ကွန်လျှိုး ကျေးရွာအုပ်စု,village_tract,,,unmatched,exact_township_name,Source township resolved but CoreMap township id not matched in admin pass
1601233,Shan State (North),ရှမ်းပြည်နယ် (မြောက်ပိုင်း),Lashio Township,လားရှိုး မြို့နယ်,Mong Pai Village Tract,မိုင်းပိုင် ကျေးရွာအုပ်စု,village_tract,,,unmatched,exact_township_name,Source township resolved but CoreMap township id not matched in admin pass
1601234,Shan State (North),ရှမ်းပြည်နယ် (မြောက်ပိုင်း),Lashio Township,လားရှိုး မြို့နယ်,Pang Kwe Village Tract,ပန်ကွဲ ကျေးရွာအုပ်စု,village_tract,,,unmatched,exact_township_name,Source township resolved but CoreMap township id not matched in admin pass
1601235,Shan State (North),ရှမ်းပြည်နယ် (မြောက်ပိုင်း),Lashio Township,လားရှိုး မြို့နယ်,Kone Mon Village Tract,ကုန်းမုံ ကျေးရွာအုပ်စု,village_tract,,,unmatched,exact_township_name,Source township resolved but CoreMap township id not matched in admin pass
1601236,Shan State (North),ရှမ်းပြည်နယ် (မြောက်ပိုင်း),Lashio Township,လားရှိုး မြို့နယ်,Nawng Mun Village Tract,နောင်မွန် ကျေးရွာအုပ်စု,village_tract,,,unmatched,exact_township_name,Source township resolved but CoreMap township id not matched in admin pass
1601237,Shan State (North),ရှမ်းပြည်နယ် (မြောက်ပိုင်း),Lashio Township,လားရှိုး မြို့နယ်,Pong Htun Village Tract,ပုန်းထွန် ကျေးရွာအုပ်စု,village_tract,,,unmatched,exact_township_name,Source township resolved but CoreMap township id not matched in admin pass
1601238,Shan State (North),ရှမ်းပြည်နယ် (မြောက်ပိုင်း),Lashio Township,လားရှိုး မြို့နယ်,Man Hsan Yae Kya Village Tract,မန်ဆန်ရေကျ ကျေးရွာအုပ်စု,village_tract,,,unmatched,exact_township_name,Source township resolved but CoreMap township id not matched in admin pass
1601239,Shan State (North),ရှမ်းပြည်နယ် (မြောက်ပိုင်း),Lashio Township,လားရှိုး မြို့နယ်,Nar Ma Khaw Village Tract,နားမခေါ် ကျေးရွာအုပ်စု,village_tract,,,unmatched,exact_township_name,Source township resolved but CoreMap township id not matched in admin pass
1601240,Shan State (North),ရှမ်းပြည်နယ် (မြောက်ပိုင်း),Lashio Township,လားရှိုး မြို့နယ်,Mauk Tawng Village Tract,မောက်တောင်း ကျေးရွာအုပ်စု,village_tract,,,unmatched,exact_township_name,Source township resolved but CoreMap township id not matched in admin pass
1601241,Shan State (North),ရှမ်းပြည်နယ် (မြောက်ပိုင်း),Lashio Township,လားရှိုး မြို့နယ်,Nam Pu Village Tract,နမ့်ပူ ကျေးရွာအုပ်စု,village_tract,,,unmatched,exact_township_name,Source township resolved but CoreMap township id not matched in admin pass
1601242,Shan State (North),ရှမ်းပြည်နယ် (မြောက်ပိုင်း),Lashio Township,လားရှိုး မြို့နယ်,Nawng Hpawt Village Tract,နောင်ဖော့ ကျေးရွာအုပ်စု,village_tract,,,unmatched,exact_township_name,Source township resolved but CoreMap township id not matched in admin pass
1601243,Shan State (North),ရှမ်းပြည်နယ် (မြောက်ပိုင်း),Lashio Township,လားရှိုး မြို့နယ်,Man Pwe Long Village Tract,မန်းပွဲလုံ ကျေးရွာအုပ်စု,village_tract,,,unmatched,exact_township_name,Source township resolved but CoreMap township id not matched in admin pass
1601244,Shan State (North),ရှမ်းပြည်နယ် (မြောက်ပိုင်း),Lashio Township,လားရှိုး မြို့နယ်,Hkay Nin Village Tract,ခေးနင်း ကျေးရွာအုပ်စု,village_tract,,,unmatched,exact_township_name,Source township resolved but CoreMap township id not matched in admin pass
1601245,Shan State (North),ရှမ်းပြည်နယ် (မြောက်ပိုင်း),Lashio Township,လားရှိုး မြို့နယ်,Sei In (Hsin Int) Village Tract,စယ်အင် (စင့်အင့်) ကျေးရွာအုပ်စု,village_tract,,,unmatched,exact_township_name,Source township resolved but CoreMap township id not matched in admin pass
1601246,Shan State (North),ရှမ်းပြည်နယ် (မြောက်ပိုင်း),Lashio Township,လားရှိုး မြို့နယ်,Han Nar Village Tract,ဟန်နား ကျေးရွာအုပ်စု,village_tract,,,unmatched,exact_township_name,Source township resolved but CoreMap township id not matched in admin pass
1601247,Shan State (North),ရှမ်းပြည်နယ် (မြောက်ပိုင်း),Lashio Township,လားရှိုး မြို့နယ်,Hkar Shi Village Tract,ခါးသျှိ ကျေးရွာအုပ်စု,village_tract,,,unmatched,exact_township_name,Source township resolved but CoreMap township id not matched in admin pass
1601248,Shan State (North),ရှမ်းပြည်နယ် (မြောက်ပိုင်း),Lashio Township,လားရှိုး မြို့နယ်,Mong Yaw Village Tract,မိုင်းယော် ကျေးရွာအုပ်စု,village_tract,,,unmatched,exact_township_name,Source township resolved but CoreMap township id not matched in admin pass
1601249,Shan State (North),ရှမ်းပြည်နယ် (မြောက်ပိုင်း),Lashio Township,လားရှိုး မြို့နယ်,Long Mun Village Tract,လုံမွန်း ကျေးရွာအုပ်စု,village_tract,,,unmatched,exact_township_name,Source township resolved but CoreMap township id not matched in admin pass
1601250,Shan State (North),ရှမ်းပြည်နယ် (မြောက်ပိုင်း),Lashio Township,လားရှိုး မြို့နယ်,Kun Hpyu Village Tract,ကွန်ဖြူ ကျေးရွာအုပ်စု,village_tract,,,unmatched,exact_township_name,Source township resolved but CoreMap township id not matched in admin pass
1601251,Shan State (North),ရှမ်းပြည်နယ် (မြောက်ပိုင်း),Lashio Township,လားရှိုး မြို့နယ်,Pang Hto Len Village Tract,ပန်ထိုလင် ကျေးရွာအုပ်စု,village_tract,,,unmatched,exact_township_name,Source township resolved but CoreMap township id not matched in admin pass
1601252,Shan State (North),ရှမ်းပြည်နယ် (မြောက်ပိုင်း),Lashio Township,လားရှိုး မြို့နယ်,Pan Tha Pyay Village Tract,ပန်သပြေ ကျေးရွာအုပ်စု,village_tract,,,unmatched,exact_township_name,Source township resolved but CoreMap township id not matched in admin pass
1601253,Shan State (North),ရှမ်းပြည်နယ် (မြောက်ပိုင်း),Lashio Township,လားရှိုး မြို့နယ်,Loi Sat Village Tract,လွယ်စပ် ကျေးရွာအုပ်စု,village_tract,,,unmatched,exact_township_name,Source township resolved but CoreMap township id not matched in admin pass
1601254,Shan State (North),ရှမ်းပြည်နယ် (မြောက်ပိုင်း),Lashio Township,လားရှိုး မြို့နယ်,Man Kawng Village Tract,မန်ကောင်း ကျေးရွာအုပ်စု,village_tract,,,unmatched,exact_township_name,Source township resolved but CoreMap township id not matched in admin pass
1601255,Shan State (North),ရှမ်းပြည်နယ် (မြောက်ပိုင်း),Lashio Township,လားရှိုး မြို့နယ်,Kun Kyaing Village Tract,ကွန်ကြိုင်း ကျေးရွာအုပ်စု,village_tract,,,unmatched,exact_township_name,Source township resolved but CoreMap township id not matched in admin pass
1601256,Shan State (North),ရှမ်းပြည်နယ် (မြောက်ပိုင်း),Lashio Township,လားရှိုး မြို့နယ်,Kawng Kaw Village Tract,ကောင်းကော် ကျေးရွာအုပ်စု,village_tract,,,unmatched,exact_township_name,Source township resolved but CoreMap township id not matched in admin pass
1601257,Shan State (North),ရှမ်းပြည်နယ် (မြောက်ပိုင်း),Lashio Township,လားရှိုး မြို့နယ်,Loilen Village Tract,လွယ်လင် ကျေးရွာအုပ်စု,village_tract,,,unmatched,exact_township_name,Source township resolved but CoreMap township id not matched in admin pass
1601258,Shan State (North),ရှမ်းပြည်နယ် (မြောက်ပိုင်း),Lashio Township,လားရှိုး မြို့နယ်,Man Long Village Tract,မန်လုံ ကျေးရွာအုပ်စု,village_tract,,,unmatched,exact_township_name,Source township resolved but CoreMap township id not matched in admin pass
1601259,Shan State (North),ရှမ်းပြည်နယ် (မြောက်ပိုင်း),Lashio Township,လားရှိုး မြို့နယ်,Nawng Aw Village Tract,နောင်အော် ကျေးရွာအုပ်စု,village_tract,,,unmatched,exact_township_name,Source township resolved but CoreMap township id not matched in admin pass
1601260,Shan State (North),ရှမ်းပြည်နယ် (မြောက်ပိုင်း),Lashio Township,လားရှိုး မြို့နယ်,Nam Lin Hkam Village Tract,နမ့်လင်းခမ်း ကျေးရွာအုပ်စု,village_tract,,,unmatched,exact_township_name,Source township resolved but CoreMap township id not matched in admin pass
1601261,Shan State (North),ရှမ်းပြည်နယ် (မြောက်ပိုင်း),Lashio Township,လားရှိုး မြို့နယ်,Ho Lin Village Tract,ဟိုလင်း ကျေးရွာအုပ်စု,village_tract,,,unmatched,exact_township_name,Source township resolved but CoreMap township id not matched in admin pass
1601262,Shan State (North),ရှမ်းပြည်နယ် (မြောက်ပိုင်း),Lashio Township,လားရှိုး မြို့နယ်,Man Kat Village Tract,မန်ကပ် ကျေးရွာအုပ်စု,village_tract,,,unmatched,exact_township_name,Source township resolved but CoreMap township id not matched in admin pass
1601263,Shan State (North),ရှမ်းပြည်နယ် (မြောက်ပိုင်း),Lashio Township,လားရှိုး မြို့နယ်,Loi Hkam Village Tract,လွယ်ခမ်း ကျေးရွာအုပ်စု,village_tract,,,unmatched,exact_township_name,Source township resolved but CoreMap township id not matched in admin pass
1601264,Shan State (North),ရှမ်းပြည်နယ် (မြောက်ပိုင်း),Lashio Township,လားရှိုး မြို့နယ်,Kawng Kaw Sa Kan Village Tract,ကောင်းကော်စခန်း ကျေးရွာအုပ်စု,village_tract,,,unmatched,exact_township_name,Source township resolved but CoreMap township id not matched in admin pass
1601265,Shan State (North),ရှမ်းပြည်နယ် (မြောက်ပိုင်း),Lashio Township,လားရှိုး မြို့နယ်,Pang Yar Yone (Taik) Village Tract,ပန်ယာရုံး (တိုက်) ကျေးရွာအုပ်စု,village_tract,,,unmatched,exact_township_name,Source township resolved but CoreMap township id not matched in admin pass
1601266,Shan State (North),ရှမ်းပြည်နယ် (မြောက်ပိုင်း),Lashio Township,လားရှိုး မြို့နယ်,Pang Shaw Village Tract,ပန်ရှော် ကျေးရွာအုပ်စု,village_tract,,,unmatched,exact_township_name,Source township resolved but CoreMap township id not matched in admin pass
1601267,Shan State (North),ရှမ်းပြည်နယ် (မြောက်ပိုင်း),Lashio Township,လားရှိုး မြို့နယ်,Nawng Kaw Village Tract,နောင်ကော် ကျေးရွာအုပ်စု,village_tract,,,unmatched,exact_township_name,Source township resolved but CoreMap township id not matched in admin pass
1601268,Shan State (North),ရှမ်းပြည်နယ် (မြောက်ပိုင်း),Lashio Township,လားရှိုး မြို့နယ်,Pang War Village Tract,ပန်ဝါ ကျေးရွာအုပ်စု,village_tract,,,unmatched,exact_township_name,Source township resolved but CoreMap township id not matched in admin pass
1601269,Shan State (North),ရှမ်းပြည်နယ် (မြောက်ပိုင်း),Lashio Township,လားရှိုး မြို့နယ်,Mak Keng Village Tract,မတ်ကျိုင်း ကျေးရွာအုပ်စု,village_tract,,,unmatched,exact_township_name,Source township resolved but CoreMap township id not matched in admin pass
1601270,Shan State (North),ရှမ်းပြည်နယ် (မြောက်ပိုင်း),Lashio Township,လားရှိုး မြို့နယ်,Hpar Hpeint Village Tract,ဖာဖိန့် ကျေးရွာအုပ်စု,village_tract,,,unmatched,exact_township_name,Source township resolved but CoreMap township id not matched in admin pass
1601271,Shan State (North),ရှမ်းပြည်နယ် (မြောက်ပိုင်း),Lashio Township,လားရှိုး မြို့နယ်,Nawng Wu (Nawng Woe) Village Tract,နောင်ဝူး (နောင်ဝိုး) ကျေးရွာအုပ်စု,village_tract,,,unmatched,exact_township_name,Source township resolved but CoreMap township id not matched in admin pass
1601272,Shan State (North),ရှမ်းပြည်နယ် (မြောက်ပိုင်း),Lashio Township,လားရှိုး မြို့နယ်,Kawng Kye (Yaw) Village Tract,ကောင်းကြဲ (ယော်) ကျေးရွာအုပ်စု,village_tract,,,unmatched,exact_township_name,Source township resolved but CoreMap township id not matched in admin pass
1601273,Shan State (North),ရှမ်းပြည်နယ် (မြောက်ပိုင်း),Lashio Township,လားရှိုး မြို့နယ်,Hseng Lai Village Tract,ဆိုင်းလိုင် ကျေးရွာအုပ်စု,village_tract,,,unmatched,exact_township_name,Source township resolved but CoreMap township id not matched in admin pass
1601274,Shan State (North),ရှမ်းပြည်နယ် (မြောက်ပိုင်း),Lashio Township,လားရှိုး မြို့နယ်,Ho Hko Village Tract,ဟိုခို ကျေးရွာအုပ်စု,village_tract,,,unmatched,exact_township_name,Source township resolved but CoreMap township id not matched in admin pass
1601275,Shan State (North),ရှမ်းပြည်နယ် (မြောက်ပိုင်း),Lashio Township,လားရှိုး မြို့နယ်,Mong Lin Village Tract,မိုင်းလင်း ကျေးရွာအုပ်စု,village_tract,,,unmatched,exact_township_name,Source township resolved but CoreMap township id not matched in admin pass
1601276,Shan State (North),ရှမ်းပြည်နယ် (မြောက်ပိုင်း),Lashio Township,လားရှိုး မြို့နယ်,Pang Kawng Mu Village Tract,ပန်ကောင်းမူး ကျေးရွာအုပ်စု,village_tract,,,unmatched,exact_township_name,Source township resolved but CoreMap township id not matched in admin pass
1601277,Shan State (North),ရှမ်းပြည်နယ် (မြောက်ပိုင်း),Lashio Township,လားရှိုး မြို့နယ်,Nam Maw Village Tract,နမ့်မော် ကျေးရွာအုပ်စု,village_tract,,,unmatched,exact_township_name,Source township resolved but CoreMap township id not matched in admin pass
1602001,Shan State (North),ရှမ်းပြည်နယ် (မြောက်ပိုင်း),Hseni Township,သိန္နီ မြို့နယ်,No (1) Quarter,အမှတ် (၁) ရပ်ကွက်,ward,,,unmatched,exact_township_name,Source township resolved but CoreMap township id not matched in admin pass
1602002,Shan State (North),ရှမ်းပြည်နယ် (မြောက်ပိုင်း),Hseni Township,သိန္နီ မြို့နယ်,No (2) Quarter,အမှတ် (၂) ရပ်ကွက်,ward,,,unmatched,exact_township_name,Source township resolved but CoreMap township id not matched in admin pass
1602003,Shan State (North),ရှမ်းပြည်နယ် (မြောက်ပိုင်း),Hseni Township,သိန္နီ မြို့နယ်,No (3) Quarter,အမှတ် (၃) ရပ်ကွက်,ward,,,unmatched,exact_township_name,Source township resolved but CoreMap township id not matched in admin pass
1602004,Shan State (North),ရှမ်းပြည်နယ် (မြောက်ပိုင်း),Hseni Township,သိန္နီ မြို့နယ်,No (4) Quarter,အမှတ် (၄) ရပ်ကွက်,ward,,,unmatched,exact_township_name,Source township resolved but CoreMap township id not matched in admin pass
1602200,Shan State (North),ရှမ်းပြည်နယ် (မြောက်ပိုင်း),Hseni Township,သိန္နီ မြို့နယ်,Hkam Tein Village Tract,ခမ်းတိမ်း ကျေးရွာအုပ်စု,village_tract,,,unmatched,exact_township_name,Source township resolved but CoreMap township id not matched in admin pass
1602201,Shan State (North),ရှမ်းပြည်နယ် (မြောက်ပိုင်း),Hseni Township,သိန္နီ မြို့နယ်,Pang Lawt Village Tract,ပန်လော့ ကျေးရွာအုပ်စု,village_tract,,,unmatched,exact_township_name,Source township resolved but CoreMap township id not matched in admin pass
1602202,Shan State (North),ရှမ်းပြည်နယ် (မြောက်ပိုင်း),Hseni Township,သိန္နီ မြို့နယ်,Kawng Haw Village Tract,ကောင်းဟော် ကျေးရွာအုပ်စု,village_tract,,,unmatched,exact_township_name,Source township resolved but CoreMap township id not matched in admin pass
1602203,Shan State (North),ရှမ်းပြည်နယ် (မြောက်ပိုင်း),Hseni Township,သိန္နီ မြို့နယ်,U Yin Hmu Village Tract,ဥယျာဉ်မှူး ကျေးရွာအုပ်စု,village_tract,,,unmatched,exact_township_name,Source township resolved but CoreMap township id not matched in admin pass
1602204,Shan State (North),ရှမ်းပြည်နယ် (မြောက်ပိုင်း),Hseni Township,သိန္နီ မြို့နယ်,Pein Hsar Village Tract,ပိန်းဆာ ကျေးရွာအုပ်စု,village_tract,,,unmatched,exact_township_name,Source township resolved but CoreMap township id not matched in admin pass
1602205,Shan State (North),ရှမ်းပြည်နယ် (မြောက်ပိုင်း),Hseni Township,သိန္နီ မြို့နယ်,Taing Yet Village Tract,တိုင်ယက် ကျေးရွာအုပ်စု,village_tract,,,unmatched,exact_township_name,Source township resolved but CoreMap township id not matched in admin pass
1602206,Shan State (North),ရှမ်းပြည်နယ် (မြောက်ပိုင်း),Hseni Township,သိန္နီ မြို့နယ်,Mong Yang Village Tract,မိုင်းယန်း ကျေးရွာအုပ်စု,village_tract,,,unmatched,exact_township_name,Source township resolved but CoreMap township id not matched in admin pass
1602207,Shan State (North),ရှမ်းပြည်နယ် (မြောက်ပိုင်း),Hseni Township,သိန္နီ မြို့နယ်,Ho Ton Village Tract,ဟိုတုံ ကျေးရွာအုပ်စု,village_tract,,,unmatched,exact_township_name,Source township resolved but CoreMap township id not matched in admin pass
1602208,Shan State (North),ရှမ်းပြည်နယ် (မြောက်ပိုင်း),Hseni Township,သိန္နီ မြို့နယ်,Ho Pang Myin Village Tract,ဟိုပန်မျဉ်း ကျေးရွာအုပ်စု,village_tract,,,unmatched,exact_township_name,Source township resolved but CoreMap township id not matched in admin pass
1602209,Shan State (North),ရှမ်းပြည်နယ် (မြောက်ပိုင်း),Hseni Township,သိန္နီ မြို့နယ်,Nawng Kyawng Village Tract,နောင်ကျောင်း ကျေးရွာအုပ်စု,village_tract,,,unmatched,exact_township_name,Source township resolved but CoreMap township id not matched in admin pass
1602210,Shan State (North),ရှမ်းပြည်နယ် (မြောက်ပိုင်း),Hseni Township,သိန္နီ မြို့နယ်,Mong Li Village Tract,မိုင်းလီ ကျေးရွာအုပ်စု,village_tract,,,unmatched,exact_township_name,Source township resolved but CoreMap township id not matched in admin pass
1602211,Shan State (North),ရှမ်းပြည်နယ် (မြောက်ပိုင်း),Hseni Township,သိန္နီ မြို့နယ်,Nar Hsawt Village Tract,နားဆော့ ကျေးရွာအုပ်စု,village_tract,,,unmatched,exact_township_name,Source township resolved but CoreMap township id not matched in admin pass
1602212,Shan State (North),ရှမ်းပြည်နယ် (မြောက်ပိုင်း),Hseni Township,သိန္နီ မြို့နယ်,Nar Ngin Village Tract,နားငင်း ကျေးရွာအုပ်စု,village_tract,,,unmatched,exact_township_name,Source township resolved but CoreMap township id not matched in admin pass
1602213,Shan State (North),ရှမ်းပြည်နယ် (မြောက်ပိုင်း),Hseni Township,သိန္နီ မြို့နယ်,Mong Par Village Tract,မိုင်းပါး ကျေးရွာအုပ်စု,village_tract,,,unmatched,exact_township_name,Source township resolved but CoreMap township id not matched in admin pass
1602214,Shan State (North),ရှမ်းပြည်နယ် (မြောက်ပိုင်း),Hseni Township,သိန္နီ မြို့နယ်,Mauk Sa Li Village Tract,မောက်စလီ ကျေးရွာအုပ်စု,village_tract,,,unmatched,exact_township_name,Source township resolved but CoreMap township id not matched in admin pass
1602215,Shan State (North),ရှမ်းပြည်နယ် (မြောက်ပိုင်း),Hseni Township,သိန္နီ မြို့နယ်,Kawng Aing Village Tract,ကောင်းအိုင် ကျေးရွာအုပ်စု,village_tract,,,unmatched,exact_township_name,Source township resolved but CoreMap township id not matched in admin pass
1602216,Shan State (North),ရှမ်းပြည်နယ် (မြောက်ပိုင်း),Hseni Township,သိန္နီ မြို့နယ်,Kawng Mu Hpeik Village Tract,ကောင်းမူးဖိတ် ကျေးရွာအုပ်စု,village_tract,,,unmatched,exact_township_name,Source township resolved but CoreMap township id not matched in admin pass
1602217,Shan State (North),ရှမ်းပြည်နယ် (မြောက်ပိုင်း),Hseni Township,သိန္နီ မြို့နယ်,Sei Au Village Tract,စယ်အူ ကျေးရွာအုပ်စု,village_tract,,,unmatched,exact_township_name,Source township resolved but CoreMap township id not matched in admin pass
1602218,Shan State (North),ရှမ်းပြည်နယ် (မြောက်ပိုင်း),Hseni Township,သိန္နီ မြို့နယ်,Kone Nyaung Village Tract,ကုန်းညောင် ကျေးရွာအုပ်စု,village_tract,,,unmatched,exact_township_name,Source township resolved but CoreMap township id not matched in admin pass
1602219,Shan State (North),ရှမ်းပြည်နယ် (မြောက်ပိုင်း),Hseni Township,သိန္နီ မြို့နယ်,Kun Kauk Village Tract,ကွန်ကောက် ကျေးရွာအုပ်စု,village_tract,,,unmatched,exact_township_name,Source township resolved but CoreMap township id not matched in admin pass
1602220,Shan State (North),ရှမ်းပြည်နယ် (မြောက်ပိုင်း),Hseni Township,သိန္နီ မြို့နယ်,Nam Sa Lat Village Tract,နမ့်စလပ် ကျေးရွာအုပ်စု,village_tract,,,unmatched,exact_township_name,Source township resolved but CoreMap township id not matched in admin pass
1602221,Shan State (North),ရှမ်းပြည်နယ် (မြောက်ပိုင်း),Hseni Township,သိန္နီ မြို့နယ်,Kawng Kaw Village Tract,ကောင်းကော် ကျေးရွာအုပ်စု,village_tract,,,unmatched,exact_township_name,Source township resolved but CoreMap township id not matched in admin pass
1602222,Shan State (North),ရှမ်းပြည်နယ် (မြောက်ပိုင်း),Hseni Township,သိန္နီ မြို့နယ်,Hway Tawng Village Tract,ဟွေတောင် ကျေးရွာအုပ်စု,village_tract,,,unmatched,exact_township_name,Source township resolved but CoreMap township id not matched in admin pass
1602223,Shan State (North),ရှမ်းပြည်နယ် (မြောက်ပိုင်း),Hseni Township,သိန္နီ မြို့နယ်,Nam Toke Village Tract,နမ့်တုတ် ကျေးရွာအုပ်စု,village_tract,,,unmatched,exact_township_name,Source township resolved but CoreMap township id not matched in admin pass
1602224,Shan State (North),ရှမ်းပြည်နယ် (မြောက်ပိုင်း),Hseni Township,သိန္နီ မြို့နယ်,Man Len Village Tract,မန်လင် ကျေးရွာအုပ်စု,village_tract,,,unmatched,exact_township_name,Source township resolved but CoreMap township id not matched in admin pass
1602225,Shan State (North),ရှမ်းပြည်နယ် (မြောက်ပိုင်း),Hseni Township,သိန္နီ မြို့နယ်,Kawng Wein Village Tract,ကောင်းဝိန်း ကျေးရွာအုပ်စု,village_tract,,,unmatched,exact_township_name,Source township resolved but CoreMap township id not matched in admin pass
1602226,Shan State (North),ရှမ်းပြည်နယ် (မြောက်ပိုင်း),Hseni Township,သိန္နီ မြို့နယ်,Shan Ton Nge Village Tract,ရှန်တုံငယ် ကျေးရွာအုပ်စု,village_tract,,,unmatched,exact_township_name,Source township resolved but CoreMap township id not matched in admin pass
1602227,Shan State (North),ရှမ်းပြည်နယ် (မြောက်ပိုင်း),Hseni Township,သိန္နီ မြို့နယ်,Loi Hseng Village Tract,လွယ်ဆိုင် ကျေးရွာအုပ်စု,village_tract,,,unmatched,exact_township_name,Source township resolved but CoreMap township id not matched in admin pass
1602228,Shan State (North),ရှမ်းပြည်နယ် (မြောက်ပိုင်း),Hseni Township,သိန္နီ မြို့နယ်,Nar Tee Village Tract,နားတီး ကျေးရွာအုပ်စု,village_tract,,,unmatched,exact_township_name,Source township resolved but CoreMap township id not matched in admin pass
1602229,Shan State (North),ရှမ်းပြည်နယ် (မြောက်ပိုင်း),Hseni Township,သိန္နီ မြို့နယ်,Nawnghkio Village Tract,နောင်ချို ကျေးရွာအုပ်စု,village_tract,,,unmatched,exact_township_name,Source township resolved but CoreMap township id not matched in admin pass
1602230,Shan State (North),ရှမ်းပြည်နယ် (မြောက်ပိုင်း),Hseni Township,သိန္နီ မြို့နယ်,Pang Tee Village Tract,ပန်တီး ကျေးရွာအုပ်စု,village_tract,,,unmatched,exact_township_name,Source township resolved but CoreMap township id not matched in admin pass
1602231,Shan State (North),ရှမ်းပြည်နယ် (မြောက်ပိုင်း),Hseni Township,သိန္နီ မြို့နယ်,Man Kan Village Tract,မန်ကန် ကျေးရွာအုပ်စု,village_tract,,,unmatched,exact_township_name,Source township resolved but CoreMap township id not matched in admin pass
1605001,Shan State (North),ရှမ်းပြည်နယ် (မြောက်ပိုင်း),Pangsang (Panghkam) Township,ပန်ဆန်း (ပန်ခမ်း) မြို့နယ်,No (1) Quarter,အမှတ် (၁) ရပ်ကွက်,ward,,,unmatched,exact_township_name,Source township resolved but CoreMap township id not matched in admin pass
1605002,Shan State (North),ရှမ်းပြည်နယ် (မြောက်ပိုင်း),Pangsang (Panghkam) Township,ပန်ဆန်း (ပန်ခမ်း) မြို့နယ်,No (2) Quarter,အမှတ် (၂) ရပ်ကွက်,ward,,,unmatched,exact_township_name,Source township resolved but CoreMap township id not matched in admin pass
1605003,Shan State (North),ရှမ်းပြည်နယ် (မြောက်ပိုင်း),Pangsang (Panghkam) Township,ပန်ဆန်း (ပန်ခမ်း) မြို့နယ်,No (3) Quarter,အမှတ် (၃) ရပ်ကွက်,ward,,,unmatched,exact_township_name,Source township resolved but CoreMap township id not matched in admin pass
1605200,Shan State (North),ရှမ်းပြည်နယ် (မြောက်ပိုင်း),Pangsang (Panghkam) Township,ပန်ဆန်း (ပန်ခမ်း) မြို့နယ်,Man Hpant Village Tract,မန်ဖန့် ကျေးရွာအုပ်စု,village_tract,,,unmatched,exact_township_name,Source township resolved but CoreMap township id not matched in admin pass
1605201,Shan State (North),ရှမ်းပြည်နယ် (မြောက်ပိုင်း),Pangsang (Panghkam) Township,ပန်ဆန်း (ပန်ခမ်း) မြို့နယ်,Mut Hai Village Tract,မွတ်ဟိုင်း ကျေးရွာအုပ်စု,village_tract,,,unmatched,exact_township_name,Source township resolved but CoreMap township id not matched in admin pass
1605202,Shan State (North),ရှမ်းပြည်နယ် (မြောက်ပိုင်း),Pangsang (Panghkam) Township,ပန်ဆန်း (ပန်ခမ်း) မြို့နယ်,Yay Hson Village Tract,ယေးဆုံ ကျေးရွာအုပ်စု,village_tract,,,unmatched,exact_township_name,Source township resolved but CoreMap township id not matched in admin pass
1605203,Shan State (North),ရှမ်းပြည်နယ် (မြောက်ပိုင်း),Pangsang (Panghkam) Township,ပန်ဆန်း (ပန်ခမ်း) မြို့နယ်,Nawng Hsaw Village Tract,နောင်ဆော် ကျေးရွာအုပ်စု,village_tract,,,unmatched,exact_township_name,Source township resolved but CoreMap township id not matched in admin pass
1605204,Shan State (North),ရှမ်းပြည်နယ် (မြောက်ပိုင်း),Pangsang (Panghkam) Township,ပန်ဆန်း (ပန်ခမ်း) မြို့နယ်,Kawng Par Village Tract,ကောင်ပါ ကျေးရွာအုပ်စု,village_tract,,,unmatched,exact_township_name,Source township resolved but CoreMap township id not matched in admin pass
1605205,Shan State (North),ရှမ်းပြည်နယ် (မြောက်ပိုင်း),Pangsang (Panghkam) Township,ပန်ဆန်း (ပန်ခမ်း) မြို့နယ်,Nawng Cheik Village Tract,နောင်ချိတ် ကျေးရွာအုပ်စု,village_tract,,,unmatched,exact_township_name,Source township resolved but CoreMap township id not matched in admin pass
1605206,Shan State (North),ရှမ်းပြည်နယ် (မြောက်ပိုင်း),Pangsang (Panghkam) Township,ပန်ဆန်း (ပန်ခမ်း) မြို့နယ်,Mut Pa Lawt Village Tract,မွတ်ပလော့ ကျေးရွာအုပ်စု,village_tract,,,unmatched,exact_township_name,Source township resolved but CoreMap township id not matched in admin pass
1605207,Shan State (North),ရှမ်းပြည်နယ် (မြောက်ပိုင်း),Pangsang (Panghkam) Township,ပန်ဆန်း (ပန်ခမ်း) မြို့နယ်,Kaing Tein Village Tract,ကိုင်းတိန် ကျေးရွာအုပ်စု,village_tract,,,unmatched,exact_township_name,Source township resolved but CoreMap township id not matched in admin pass
1605208,Shan State (North),ရှမ်းပြည်နယ် (မြောက်ပိုင်း),Pangsang (Panghkam) Township,ပန်ဆန်း (ပန်ခမ်း) မြို့နယ်,Kawng Ta Village Tract,ကောင်းတ ကျေးရွာအုပ်စု,village_tract,,,unmatched,exact_township_name,Source township resolved but CoreMap township id not matched in admin pass
1605209,Shan State (North),ရှမ်းပြည်နယ် (မြောက်ပိုင်း),Pangsang (Panghkam) Township,ပန်ဆန်း (ပန်ခမ်း) မြို့နယ်,Ka Hsint Village Tract,ကဆင့် ကျေးရွာအုပ်စု,village_tract,,,unmatched,exact_township_name,Source township resolved but CoreMap township id not matched in admin pass
1605210,Shan State (North),ရှမ်းပြည်နယ် (မြောက်ပိုင်း),Pangsang (Panghkam) Township,ပန်ဆန်း (ပန်ခမ်း) မြို့နယ်,Man Hkar Village Tract,မန်ခါး ကျေးရွာအုပ်စု,village_tract,,,unmatched,exact_township_name,Source township resolved but CoreMap township id not matched in admin pass
1605211,Shan State (North),ရှမ်းပြည်နယ် (မြောက်ပိုင်း),Pangsang (Panghkam) Township,ပန်ဆန်း (ပန်ခမ်း) မြို့နယ်,Loi Sim Village Tract,လွယ်ဆင်(မ်) ကျေးရွာအုပ်စု,village_tract,,,unmatched,exact_township_name,Source township resolved but CoreMap township id not matched in admin pass
1605212,Shan State (North),ရှမ်းပြည်နယ် (မြောက်ပိုင်း),Pangsang (Panghkam) Township,ပန်ဆန်း (ပန်ခမ်း) မြို့နယ်,Nar Hnyi Village Tract,နားညှိ ကျေးရွာအုပ်စု,village_tract,,,unmatched,exact_township_name,Source township resolved but CoreMap township id not matched in admin pass
1605213,Shan State (North),ရှမ်းပြည်နယ် (မြောက်ပိုင်း),Pangsang (Panghkam) Township,ပန်ဆန်း (ပန်ခမ်း) မြို့နယ်,Man Nwet Village Tract,မန်နွဲ့ ကျေးရွာအုပ်စု,village_tract,,,unmatched,exact_township_name,Source township resolved but CoreMap township id not matched in admin pass
1605214,Shan State (North),ရှမ်းပြည်နယ် (မြောက်ပိုင်း),Pangsang (Panghkam) Township,ပန်ဆန်း (ပန်ခမ်း) မြို့နယ်,Kun Pei Village Tract,ကွမ်ပါယ် ကျေးရွာအုပ်စု,village_tract,,,unmatched,exact_township_name,Source township resolved but CoreMap township id not matched in admin pass
1605215,Shan State (North),ရှမ်းပြည်နယ် (မြောက်ပိုင်း),Pangsang (Panghkam) Township,ပန်ဆန်း (ပန်ခမ်း) မြို့နယ်,Nawng Hkam Village Tract,နောင်ခမ်း ကျေးရွာအုပ်စု,village_tract,,,unmatched,exact_township_name,Source township resolved but CoreMap township id not matched in admin pass
1605216,Shan State (North),ရှမ်းပြည်နယ် (မြောက်ပိုင်း),Pangsang (Panghkam) Township,ပန်ဆန်း (ပန်ခမ်း) မြို့နယ်,Mar Teit Village Tract,မာတဲ့ ကျေးရွာအုပ်စု,village_tract,,,unmatched,exact_township_name,Source township resolved but CoreMap township id not matched in admin pass
1605217,Shan State (North),ရှမ်းပြည်နယ် (မြောက်ပိုင်း),Pangsang (Panghkam) Township,ပန်ဆန်း (ပန်ခမ်း) မြို့နယ်,Man Mann Hseng Village Tract,မန်မန်းဆိုင် ကျေးရွာအုပ်စု,village_tract,,,unmatched,exact_township_name,Source township resolved but CoreMap township id not matched in admin pass
1605218,Shan State (North),ရှမ်းပြည်နယ် (မြောက်ပိုင်း),Pangsang (Panghkam) Township,ပန်ဆန်း (ပန်ခမ်း) မြို့နယ်,Mong Pat Village Tract,မိုင်းပတ် ကျေးရွာအုပ်စု,village_tract,,,unmatched,exact_township_name,Source township resolved but CoreMap township id not matched in admin pass
1605219,Shan State (North),ရှမ်းပြည်နယ် (မြောက်ပိုင်း),Pangsang (Panghkam) Township,ပန်ဆန်း (ပန်ခမ်း) မြို့နယ်,Pang Hpein Village Tract,ပန်ဖိန်း ကျေးရွာအုပ်စု,village_tract,,,unmatched,exact_township_name,Source township resolved but CoreMap township id not matched in admin pass
1605220,Shan State (North),ရှမ်းပြည်နယ် (မြောက်ပိုင်း),Pangsang (Panghkam) Township,ပန်ဆန်း (ပန်ခမ်း) မြို့နယ်,Pang Kaw (Auk) Village Tract,ပန်ကော် (အောက်) ကျေးရွာအုပ်စု,village_tract,,,unmatched,exact_township_name,Source township resolved but CoreMap township id not matched in admin pass
1605221,Shan State (North),ရှမ်းပြည်နယ် (မြောက်ပိုင်း),Pangsang (Panghkam) Township,ပန်ဆန်း (ပန်ခမ်း) မြို့နယ်,Nyet Kar Village Tract,ညက်ကာ ကျေးရွာအုပ်စု,village_tract,,,unmatched,exact_township_name,Source township resolved but CoreMap township id not matched in admin pass
1605222,Shan State (North),ရှမ်းပြည်နယ် (မြောက်ပိုင်း),Pangsang (Panghkam) Township,ပန်ဆန်း (ပန်ခမ်း) မြို့နယ်,Man An Village Tract,မန်အန် ကျေးရွာအုပ်စု,village_tract,,,unmatched,exact_township_name,Source township resolved but CoreMap township id not matched in admin pass
1605223,Shan State (North),ရှမ်းပြည်နယ် (မြောက်ပိုင်း),Pangsang (Panghkam) Township,ပန်ဆန်း (ပန်ခမ်း) မြို့နယ်,Man San (Mut Ngar) Village Tract,မန်စန် (မွတ်ငါး) ကျေးရွာအုပ်စု,village_tract,,,unmatched,exact_township_name,Source township resolved but CoreMap township id not matched in admin pass
1605224,Shan State (North),ရှမ်းပြည်နယ် (မြောက်ပိုင်း),Pangsang (Panghkam) Township,ပန်ဆန်း (ပန်ခမ်း) မြို့နယ်,Nam Noke Village Tract,နမ့်နုတ် ကျေးရွာအုပ်စု,village_tract,,,unmatched,exact_township_name,Source township resolved but CoreMap township id not matched in admin pass
1605225,Shan State (North),ရှမ်းပြည်နယ် (မြောက်ပိုင်း),Pangsang (Panghkam) Township,ပန်ဆန်း (ပန်ခမ်း) မြို့နယ်,Ho Nam Mar Village Tract,ဟိုနမ့်မာ ကျေးရွာအုပ်စု,village_tract,,,unmatched,exact_township_name,Source township resolved but CoreMap township id not matched in admin pass
1605226,Shan State (North),ရှမ်းပြည်နယ် (မြောက်ပိုင်း),Pangsang (Panghkam) Township,ပန်ဆန်း (ပန်ခမ်း) မြို့နယ်,Yawng Au (Pang Leik) Village Tract,ယောင်အူ (ပန်လိပ်) ကျေးရွာအုပ်စု,village_tract,,,unmatched,exact_township_name,Source township resolved but CoreMap township id not matched in admin pass
1605227,Shan State (North),ရှမ်းပြည်နယ် (မြောက်ပိုင်း),Pangsang (Panghkam) Township,ပန်ဆန်း (ပန်ခမ်း) မြို့နယ်,Nar Kawng Village Tract,နားကောင် ကျေးရွာအုပ်စု,village_tract,,,unmatched,exact_township_name,Source township resolved but CoreMap township id not matched in admin pass
1605228,Shan State (North),ရှမ်းပြည်နယ် (မြောက်ပိုင်း),Pangsang (Panghkam) Township,ပန်ဆန်း (ပန်ခမ်း) မြို့နယ်,Nar Aw Village Tract,နားအော် ကျေးရွာအုပ်စု,village_tract,,,unmatched,exact_township_name,Source township resolved but CoreMap township id not matched in admin pass
1605229,Shan State (North),ရှမ်းပြည်နယ် (မြောက်ပိုင်း),Pangsang (Panghkam) Township,ပန်ဆန်း (ပန်ခမ်း) မြို့နယ်,Nar Hkar Hseng Village Tract,နားခါးဆိုင် ကျေးရွာအုပ်စု,village_tract,,,unmatched,exact_township_name,Source township resolved but CoreMap township id not matched in admin pass
1605230,Shan State (North),ရှမ်းပြည်နယ် (မြောက်ပိုင်း),Pangsang (Panghkam) Township,ပန်ဆန်း (ပန်ခမ်း) မြို့နယ်,Nam Hint Village Tract,နမ့်ဟင့် ကျေးရွာအုပ်စု,village_tract,,,unmatched,exact_township_name,Source township resolved but CoreMap township id not matched in admin pass
1605231,Shan State (North),ရှမ်းပြည်နယ် (မြောက်ပိုင်း),Pangsang (Panghkam) Township,ပန်ဆန်း (ပန်ခမ်း) မြို့နယ်,Nam Kyet Village Tract,နမ့်ကျက် ကျေးရွာအုပ်စု,village_tract,,,unmatched,exact_township_name,Source township resolved but CoreMap township id not matched in admin pass
1605232,Shan State (North),ရှမ်းပြည်နယ် (မြောက်ပိုင်း),Pangsang (Panghkam) Township,ပန်ဆန်း (ပန်ခမ်း) မြို့နယ်,Ho Kyet Village Tract,ဟိုကျက် ကျေးရွာအုပ်စု,village_tract,,,unmatched,exact_township_name,Source township resolved but CoreMap township id not matched in admin pass
1605233,Shan State (North),ရှမ်းပြည်နယ် (မြောက်ပိုင်း),Pangsang (Panghkam) Township,ပန်ဆန်း (ပန်ခမ်း) မြို့နယ်,Yawng Lan Village Tract,ယောင်လန်း ကျေးရွာအုပ်စု,village_tract,,,unmatched,exact_township_name,Source township resolved but CoreMap township id not matched in admin pass
1605234,Shan State (North),ရှမ်းပြည်နယ် (မြောက်ပိုင်း),Pangsang (Panghkam) Township,ပန်ဆန်း (ပန်ခမ်း) မြို့နယ်,Ong Long Village Tract,အုံလုံ ကျေးရွာအုပ်စု,village_tract,,,unmatched,exact_township_name,Source township resolved but CoreMap township id not matched in admin pass
1605235,Shan State (North),ရှမ်းပြည်နယ် (မြောက်ပိုင်း),Pangsang (Panghkam) Township,ပန်ဆန်း (ပန်ခမ်း) မြို့နယ်,Pang Kaw (Upper) Village Tract,ပန်ကော် (ထက်) ကျေးရွာအုပ်စု,village_tract,,,unmatched,exact_township_name,Source township resolved but CoreMap township id not matched in admin pass
1605236,Shan State (North),ရှမ်းပြည်နယ် (မြောက်ပိုင်း),Pangsang (Panghkam) Township,ပန်ဆန်း (ပန်ခမ်း) မြို့နယ်,Mut Sa Moet Village Tract,မွတ်စမို့ ကျေးရွာအုပ်စု,village_tract,,,unmatched,exact_township_name,Source township resolved but CoreMap township id not matched in admin pass
1605237,Shan State (North),ရှမ်းပြည်နယ် (မြောက်ပိုင်း),Pangsang (Panghkam) Township,ပန်ဆန်း (ပန်ခမ်း) မြို့နယ်,Long Lat Hsin Village Tract,လုံလတ်ဆင် ကျေးရွာအုပ်စု,village_tract,,,unmatched,exact_township_name,Source township resolved but CoreMap township id not matched in admin pass
1605238,Shan State (North),ရှမ်းပြည်နယ် (မြောက်ပိုင်း),Pangsang (Panghkam) Township,ပန်ဆန်း (ပန်ခမ်း) မြို့နယ်,Hpan Htu Village Tract,ဖန်ထူ ကျေးရွာအုပ်စု,village_tract,,,unmatched,exact_township_name,Source township resolved but CoreMap township id not matched in admin pass
1605239,Shan State (North),ရှမ်းပြည်နယ် (မြောက်ပိုင်း),Pangsang (Panghkam) Township,ပန်ဆန်း (ပန်ခမ်း) မြို့နယ်,Maw Pa Long Village Tract,မော်ပလုံ ကျေးရွာအုပ်စု,village_tract,,,unmatched,exact_township_name,Source township resolved but CoreMap township id not matched in admin pass
1605240,Shan State (North),ရှမ်းပြည်နယ် (မြောက်ပိုင်း),Pangsang (Panghkam) Township,ပန်ဆန်း (ပန်ခမ်း) မြို့နယ်,Maw Hpyaik (Nawng Chan) Village Tract,မော်ဖြိုက် (နောင်ချမ်) ကျေးရွာအုပ်စု,village_tract,,,unmatched,exact_township_name,Source township resolved but CoreMap township id not matched in admin pass
1605241,Shan State (North),ရှမ်းပြည်နယ် (မြောက်ပိုင်း),Pangsang (Panghkam) Township,ပန်ဆန်း (ပန်ခမ်း) မြို့နယ်,Man Htan Village Tract,မန်ထန် ကျေးရွာအုပ်စု,village_tract,,,unmatched,exact_township_name,Source township resolved but CoreMap township id not matched in admin pass
1605242,Shan State (North),ရှမ်းပြည်နယ် (မြောက်ပိုင်း),Pangsang (Panghkam) Township,ပန်ဆန်း (ပန်ခမ်း) မြို့နယ်,Ho Nam (Man Mann Hseng) Village Tract,ဟိုနမ်း (မန်မန်းဆိုင်) ကျေးရွာအုပ်စု,village_tract,,,unmatched,exact_township_name,Source township resolved but CoreMap township id not matched in admin pass
1605243,Shan State (North),ရှမ်းပြည်နယ် (မြောက်ပိုင်း),Pangsang (Panghkam) Township,ပန်ဆန်း (ပန်ခမ်း) မြို့နယ်,Nar Mun Village Tract,နားမွန်း ကျေးရွာအုပ်စု,village_tract,,,unmatched,exact_township_name,Source township resolved but CoreMap township id not matched in admin pass
1605244,Shan State (North),ရှမ်းပြည်နယ် (မြောက်ပိုင်း),Pangsang (Panghkam) Township,ပန်ဆန်း (ပန်ခမ်း) မြို့နယ်,Nam Put Village Tract,နမ့်ပွတ် ကျေးရွာအုပ်စု,village_tract,,,unmatched,exact_township_name,Source township resolved but CoreMap township id not matched in admin pass
1605245,Shan State (North),ရှမ်းပြည်နယ် (မြောက်ပိုင်း),Pangsang (Panghkam) Township,ပန်ဆန်း (ပန်ခမ်း) မြို့နယ်,Kun Yay Village Tract,ကွန်ရေး ကျေးရွာအုပ်စု,village_tract,,,unmatched,exact_township_name,Source township resolved but CoreMap township id not matched in admin pass
1605246,Shan State (North),ရှမ်းပြည်နယ် (မြောက်ပိုင်း),Pangsang (Panghkam) Township,ပန်ဆန်း (ပန်ခမ်း) မြို့နယ်,Man Htan Village Tract,မန်ထန် ကျေးရွာအုပ်စု,village_tract,,,unmatched,exact_township_name,Source township resolved but CoreMap township id not matched in admin pass
1605247,Shan State (North),ရှမ်းပြည်နယ် (မြောက်ပိုင်း),Pangsang (Panghkam) Township,ပန်ဆန်း (ပန်ခမ်း) မြို့နယ်,Ton Nauk Village Tract,တုံနောက် ကျေးရွာအုပ်စု,village_tract,,,unmatched,exact_township_name,Source township resolved but CoreMap township id not matched in admin pass
1605248,Shan State (North),ရှမ်းပြည်နယ် (မြောက်ပိုင်း),Pangsang (Panghkam) Township,ပန်ဆန်း (ပန်ခမ်း) မြို့နယ်,Ein Hseng Village Tract,အိန်ဆိုင် ကျေးရွာအုပ်စု,village_tract,,,unmatched,exact_township_name,Source township resolved but CoreMap township id not matched in admin pass
1605249,Shan State (North),ရှမ်းပြည်နယ် (မြောက်ပိုင်း),Pangsang (Panghkam) Township,ပန်ဆန်း (ပန်ခမ်း) မြို့နယ်,To Lar Village Tract,တိုလာ ကျေးရွာအုပ်စု,village_tract,,,unmatched,exact_township_name,Source township resolved but CoreMap township id not matched in admin pass
1605250,Shan State (North),ရှမ်းပြည်နယ် (မြောက်ပိုင်း),Pangsang (Panghkam) Township,ပန်ဆန်း (ပန်ခမ်း) မြို့နယ်,Hway Waun Village Tract,ဟွေဝိုင်း ကျေးရွာအုပ်စု,village_tract,,,unmatched,exact_township_name,Source township resolved but CoreMap township id not matched in admin pass
1605251,Shan State (North),ရှမ်းပြည်နယ် (မြောက်ပိုင်း),Pangsang (Panghkam) Township,ပန်ဆန်း (ပန်ခမ်း) မြို့နယ်,Nam Kit Village Tract,နမ့်ကစ် ကျေးရွာအုပ်စု,village_tract,,,unmatched,exact_township_name,Source township resolved but CoreMap township id not matched in admin pass
1605252,Shan State (North),ရှမ်းပြည်နယ် (မြောက်ပိုင်း),Pangsang (Panghkam) Township,ပန်ဆန်း (ပန်ခမ်း) မြို့နယ်,Pang Yawng Village Tract,ပန်ယောင်း ကျေးရွာအုပ်စု,village_tract,,,unmatched,exact_township_name,Source township resolved but CoreMap township id not matched in admin pass
1605253,Shan State (North),ရှမ်းပြည်နယ် (မြောက်ပိုင်း),Pangsang (Panghkam) Township,ပန်ဆန်း (ပန်ခမ်း) မြို့နယ်,Hu Ngeit Village Tract,ဟူးငဲ့ ကျေးရွာအုပ်စု,village_tract,,,unmatched,exact_township_name,Source township resolved but CoreMap township id not matched in admin pass
1605254,Shan State (North),ရှမ်းပြည်နယ် (မြောက်ပိုင်း),Pangsang (Panghkam) Township,ပန်ဆန်း (ပန်ခမ်း) မြို့နယ်,Ta Man Hson Village Tract,တမန်ဆုံ ကျေးရွာအုပ်စု,village_tract,,,unmatched,exact_township_name,Source township resolved but CoreMap township id not matched in admin pass
1605255,Shan State (North),ရှမ်းပြည်နယ် (မြောက်ပိုင်း),Pangsang (Panghkam) Township,ပန်ဆန်း (ပန်ခမ်း) မြို့နယ်,Pang Win Village Tract,ပန်ဝင်း ကျေးရွာအုပ်စု,village_tract,,,unmatched,exact_township_name,Source township resolved but CoreMap township id not matched in admin pass
1605256,Shan State (North),ရှမ်းပြည်နယ် (မြောက်ပိုင်း),Pangsang (Panghkam) Township,ပန်ဆန်း (ပန်ခမ်း) မြို့နယ်,Yon Kat Village Tract,ယုံကတ် ကျေးရွာအုပ်စု,village_tract,,,unmatched,exact_township_name,Source township resolved but CoreMap township id not matched in admin pass
1605257,Shan State (North),ရှမ်းပြည်နယ် (မြောက်ပိုင်း),Pangsang (Panghkam) Township,ပန်ဆန်း (ပန်ခမ်း) မြို့နယ်,Aum Long Village Tract,အွမ်လုံ ကျေးရွာအုပ်စု,village_tract,,,unmatched,exact_township_name,Source township resolved but CoreMap township id not matched in admin pass
1605258,Shan State (North),ရှမ်းပြည်နယ် (မြောက်ပိုင်း),Pangsang (Panghkam) Township,ပန်ဆန်း (ပန်ခမ်း) မြို့နယ်,Nam Kat Village Tract,နမ့်ကတ် ကျေးရွာအုပ်စု,village_tract,,,unmatched,exact_township_name,Source township resolved but CoreMap township id not matched in admin pass
1605259,Shan State (North),ရှမ်းပြည်နယ် (မြောက်ပိုင်း),Pangsang (Panghkam) Township,ပန်ဆန်း (ပန်ခမ်း) မြို့နယ်,Hta Mon Village Tract,ထမုံ ကျေးရွာအုပ်စု,village_tract,,,unmatched,exact_township_name,Source township resolved but CoreMap township id not matched in admin pass
1605260,Shan State (North),ရှမ်းပြည်နယ် (မြောက်ပိုင်း),Pangsang (Panghkam) Township,ပန်ဆန်း (ပန်ခမ်း) မြို့နယ်,Kun Ka Village Tract,ကွန်က ကျေးရွာအုပ်စု,village_tract,,,unmatched,exact_township_name,Source township resolved but CoreMap township id not matched in admin pass
1605261,Shan State (North),ရှမ်းပြည်နယ် (မြောက်ပိုင်း),Pangsang (Panghkam) Township,ပန်ဆန်း (ပန်ခမ်း) မြို့နယ်,Yawng Lan Village Tract,ယောင်လန်း ကျေးရွာအုပ်စု,village_tract,,,unmatched,exact_township_name,Source township resolved but CoreMap township id not matched in admin pass
1605262,Shan State (North),ရှမ်းပြည်နယ် (မြောက်ပိုင်း),Pangsang (Panghkam) Township,ပန်ဆန်း (ပန်ခမ်း) မြို့နယ်,Pang Lawng Village Tract,ပန်လောင်း ကျေးရွာအုပ်စု,village_tract,,,unmatched,exact_township_name,Source township resolved but CoreMap township id not matched in admin pass
1605263,Shan State (North),ရှမ်းပြည်နယ် (မြောက်ပိုင်း),Pangsang (Panghkam) Township,ပန်ဆန်း (ပန်ခမ်း) မြို့နယ်,Hsan Lu Village Tract,ဆန်လု ကျေးရွာအုပ်စု,village_tract,,,unmatched,exact_township_name,Source township resolved but CoreMap township id not matched in admin pass
1605264,Shan State (North),ရှမ်းပြည်နယ် (မြောက်ပိုင်း),Pangsang (Panghkam) Township,ပန်ဆန်း (ပန်ခမ်း) မြို့နယ်,Nar An Village Tract,နားအန် ကျေးရွာအုပ်စု,village_tract,,,unmatched,exact_township_name,Source township resolved but CoreMap township id not matched in admin pass
1605265,Shan State (North),ရှမ်းပြည်နယ် (မြောက်ပိုင်း),Pangsang (Panghkam) Township,ပန်ဆန်း (ပန်ခမ်း) မြို့နယ်,Pang Lawt Village Tract,ပန်လော့ ကျေးရွာအုပ်စု,village_tract,,,unmatched,exact_township_name,Source township resolved but CoreMap township id not matched in admin pass
1605266,Shan State (North),ရှမ်းပြည်နယ် (မြောက်ပိုင်း),Pangsang (Panghkam) Township,ပန်ဆန်း (ပန်ခမ်း) မြို့နယ်,Kone Hkar Village Tract,ကုန်းခါး ကျေးရွာအုပ်စု,village_tract,,,unmatched,exact_township_name,Source township resolved but CoreMap township id not matched in admin pass
1605267,Shan State (North),ရှမ်းပြည်နယ် (မြောက်ပိုင်း),Pangsang (Panghkam) Township,ပန်ဆန်း (ပန်ခမ်း) မြို့နယ်,Pang Ku Village Tract,ပန်ကူ ကျေးရွာအုပ်စု,village_tract,,,unmatched,exact_township_name,Source township resolved but CoreMap township id not matched in admin pass
1605268,Shan State (North),ရှမ်းပြည်နယ် (မြောက်ပိုင်း),Pangsang (Panghkam) Township,ပန်ဆန်း (ပန်ခမ်း) မြို့နယ်,Nauk Ngone Village Tract,နောက်ငုံး ကျေးရွာအုပ်စု,village_tract,,,unmatched,exact_township_name,Source township resolved but CoreMap township id not matched in admin pass
1605269,Shan State (North),ရှမ်းပြည်နယ် (မြောက်ပိုင်း),Pangsang (Panghkam) Township,ပန်ဆန်း (ပန်ခမ်း) မြို့နယ်,Soke Woe Village Tract,ဆုတ်ဝိုး ကျေးရွာအုပ်စု,village_tract,,,unmatched,exact_township_name,Source township resolved but CoreMap township id not matched in admin pass
1605270,Shan State (North),ရှမ်းပြည်နယ် (မြောက်ပိုင်း),Pangsang (Panghkam) Township,ပန်ဆန်း (ပန်ခမ်း) မြို့နယ်,Ba Yin Village Tract,ဗယင်း ကျေးရွာအုပ်စု,village_tract,,,unmatched,exact_township_name,Source township resolved but CoreMap township id not matched in admin pass
1605271,Shan State (North),ရှမ်းပြည်နယ် (မြောက်ပိုင်း),Pangsang (Panghkam) Township,ပန်ဆန်း (ပန်ခမ်း) မြို့နယ်,Ka Long Village Tract,ကလုံ ကျေးရွာအုပ်စု,village_tract,,,unmatched,exact_township_name,Source township resolved but CoreMap township id not matched in admin pass
1605272,Shan State (North),ရှမ်းပြည်နယ် (မြောက်ပိုင်း),Pangsang (Panghkam) Township,ပန်ဆန်း (ပန်ခမ်း) မြို့နယ်,Hlei Pawng Village Tract,လှယ်ပေါင်း ကျေးရွာအုပ်စု,village_tract,,,unmatched,exact_township_name,Source township resolved but CoreMap township id not matched in admin pass
1605273,Shan State (North),ရှမ်းပြည်နယ် (မြောက်ပိုင်း),Pangsang (Panghkam) Township,ပန်ဆန်း (ပန်ခမ်း) မြို့နယ်,Yawng Tein Village Tract,ယောင်တိမ်း ကျေးရွာအုပ်စု,village_tract,,,unmatched,exact_township_name,Source township resolved but CoreMap township id not matched in admin pass
1605274,Shan State (North),ရှမ်းပြည်နယ် (မြောက်ပိုင်း),Pangsang (Panghkam) Township,ပန်ဆန်း (ပန်ခမ်း) မြို့နယ်,Ta Aw Long Village Tract,တအော်လုံ ကျေးရွာအုပ်စု,village_tract,,,unmatched,exact_township_name,Source township resolved but CoreMap township id not matched in admin pass
1605275,Shan State (North),ရှမ်းပြည်နယ် (မြောက်ပိုင်း),Pangsang (Panghkam) Township,ပန်ဆန်း (ပန်ခမ်း) မြို့နယ်,Man Mai Village Tract,မန်မိုင် ကျေးရွာအုပ်စု,village_tract,,,unmatched,exact_township_name,Source township resolved but CoreMap township id not matched in admin pass
1605276,Shan State (North),ရှမ်းပြည်နယ် (မြောက်ပိုင်း),Pangsang (Panghkam) Township,ပန်ဆန်း (ပန်ခမ်း) မြို့နယ်,Yawng Pang Village Tract,ယောင်ပန် ကျေးရွာအုပ်စု,village_tract,,,unmatched,exact_township_name,Source township resolved but CoreMap township id not matched in admin pass
1605277,Shan State (North),ရှမ်းပြည်နယ် (မြောက်ပိုင်း),Pangsang (Panghkam) Township,ပန်ဆန်း (ပန်ခမ်း) မြို့နယ်,Mong Hto Village Tract,မိုင်းထို ကျေးရွာအုပ်စု,village_tract,,,unmatched,exact_township_name,Source township resolved but CoreMap township id not matched in admin pass
1605278,Shan State (North),ရှမ်းပြည်နယ် (မြောက်ပိုင်း),Pangsang (Panghkam) Township,ပန်ဆန်း (ပန်ခမ်း) မြို့နယ်,Huong Put Village Tract,ဟုန်းပွတ် ကျေးရွာအုပ်စု,village_tract,,,unmatched,exact_township_name,Source township resolved but CoreMap township id not matched in admin pass
1605279,Shan State (North),ရှမ်းပြည်နယ် (မြောက်ပိုင်း),Pangsang (Panghkam) Township,ပန်ဆန်း (ပန်ခမ်း) မြို့နယ်,Pang Hpein Village Tract,ပန်ဖိန်း ကျေးရွာအုပ်စု,village_tract,,,unmatched,exact_township_name,Source township resolved but CoreMap township id not matched in admin pass
1605280,Shan State (North),ရှမ်းပြည်နယ် (မြောက်ပိုင်း),Pangsang (Panghkam) Township,ပန်ဆန်း (ပန်ခမ်း) မြို့နယ်,Huong Kut Village Tract,ဟုန်းကွတ် ကျေးရွာအုပ်စု,village_tract,,,unmatched,exact_township_name,Source township resolved but CoreMap township id not matched in admin pass
1605281,Shan State (North),ရှမ်းပြည်နယ် (မြောက်ပိုင်း),Pangsang (Panghkam) Township,ပန်ဆန်း (ပန်ခမ်း) မြို့နယ်,Hsa Lar Village Tract,ဆလား ကျေးရွာအုပ်စု,village_tract,,,unmatched,exact_township_name,Source township resolved but CoreMap township id not matched in admin pass
1605282,Shan State (North),ရှမ်းပြည်နယ် (မြောက်ပိုင်း),Pangsang (Panghkam) Township,ပန်ဆန်း (ပန်ခမ်း) မြို့နယ်,Ta Aw Aun Village Tract,တအော်အွန် ကျေးရွာအုပ်စု,village_tract,,,unmatched,exact_township_name,Source township resolved but CoreMap township id not matched in admin pass
1605283,Shan State (North),ရှမ်းပြည်နယ် (မြောက်ပိုင်း),Pangsang (Panghkam) Township,ပန်ဆန်း (ပန်ခမ်း) မြို့နယ်,Hson Hpoet Village Tract,ဆုံဖို့ ကျေးရွာအုပ်စု,village_tract,,,unmatched,exact_township_name,Source township resolved but CoreMap township id not matched in admin pass
1605284,Shan State (North),ရှမ်းပြည်နယ် (မြောက်ပိုင်း),Pangsang (Panghkam) Township,ပန်ဆန်း (ပန်ခမ်း) မြို့နယ်,Nam Tawng Village Tract,နမ့်တောင်း ကျေးရွာအုပ်စု,village_tract,,,unmatched,exact_township_name,Source township resolved but CoreMap township id not matched in admin pass
1606200,Shan State (North),ရှမ်းပြည်နယ် (မြောက်ပိုင်း),Narphan Township,နားဖန် မြို့နယ်,Nar Hpan Village Tract,နားဖန်း ကျေးရွာအုပ်စု,village_tract,,,unmatched,exact_township_name,Source township resolved but CoreMap township id not matched in admin pass
1606201,Shan State (North),ရှမ်းပြည်နယ် (မြောက်ပိုင်း),Narphan Township,နားဖန် မြို့နယ်,Nar Hlan Village Tract,နားလျန်း ကျေးရွာအုပ်စု,village_tract,,,unmatched,exact_township_name,Source township resolved but CoreMap township id not matched in admin pass
1606202,Shan State (North),ရှမ်းပြည်နယ် (မြောက်ပိုင်း),Narphan Township,နားဖန် မြို့နယ်,Pa Toet Village Tract,ပတို့ ကျေးရွာအုပ်စု,village_tract,,,unmatched,exact_township_name,Source township resolved but CoreMap township id not matched in admin pass
1606203,Shan State (North),ရှမ်းပြည်နယ် (မြောက်ပိုင်း),Narphan Township,နားဖန် မြို့နယ်,Kat Kein Village Tract,ကပ်ကိန်း ကျေးရွာအုပ်စု,village_tract,,,unmatched,exact_township_name,Source township resolved but CoreMap township id not matched in admin pass
1606204,Shan State (North),ရှမ်းပြည်နယ် (မြောက်ပိုင်း),Narphan Township,နားဖန် မြို့နယ်,Yawng Lawng Village Tract,ယောင်လောင် ကျေးရွာအုပ်စု,village_tract,,,unmatched,exact_township_name,Source township resolved but CoreMap township id not matched in admin pass
1606205,Shan State (North),ရှမ်းပြည်နယ် (မြောက်ပိုင်း),Narphan Township,နားဖန် မြို့နယ်,Loi Htu Village Tract,လွယ်ထူး ကျေးရွာအုပ်စု,village_tract,,,unmatched,exact_township_name,Source township resolved but CoreMap township id not matched in admin pass
1606206,Shan State (North),ရှမ်းပြည်နယ် (မြောက်ပိုင်း),Narphan Township,နားဖန် မြို့နယ်,Yawng Mawt Village Tract,ယောင်မော့ ကျေးရွာအုပ်စု,village_tract,,,unmatched,exact_township_name,Source township resolved but CoreMap township id not matched in admin pass
1606207,Shan State (North),ရှမ်းပြည်နယ် (မြောက်ပိုင်း),Narphan Township,နားဖန် မြို့နယ်,Hsawng Kye Village Tract,ဆောင်ကျဲ ကျေးရွာအုပ်စု,village_tract,,,unmatched,exact_township_name,Source township resolved but CoreMap township id not matched in admin pass
1606208,Shan State (North),ရှမ်းပြည်နယ် (မြောက်ပိုင်း),Narphan Township,နားဖန် မြို့နယ်,Hson Long Village Tract,ဆုံလုံ ကျေးရွာအုပ်စု,village_tract,,,unmatched,exact_township_name,Source township resolved but CoreMap township id not matched in admin pass
1606209,Shan State (North),ရှမ်းပြည်နယ် (မြောက်ပိုင်း),Narphan Township,နားဖန် မြို့နယ်,Man Nawng Village Tract,မန်နောင် ကျေးရွာအုပ်စု,village_tract,,,unmatched,exact_township_name,Source township resolved but CoreMap township id not matched in admin pass
1606210,Shan State (North),ရှမ်းပြည်နယ် (မြောက်ပိုင်း),Narphan Township,နားဖန် မြို့နယ်,Mut Pa Yee Village Tract,မွတ်ပရီး ကျေးရွာအုပ်စု,village_tract,,,unmatched,exact_township_name,Source township resolved but CoreMap township id not matched in admin pass
1606211,Shan State (North),ရှမ်းပြည်နယ် (မြောက်ပိုင်း),Narphan Township,နားဖန် မြို့နယ်,Man Har Village Tract,မန်ဟာ ကျေးရွာအုပ်စု,village_tract,,,unmatched,exact_township_name,Source township resolved but CoreMap township id not matched in admin pass
1606212,Shan State (North),ရှမ်းပြည်နယ် (မြောက်ပိုင်း),Narphan Township,နားဖန် မြို့နယ်,Mut Mway Village Tract,မွတ်မွေး ကျေးရွာအုပ်စု,village_tract,,,unmatched,exact_township_name,Source township resolved but CoreMap township id not matched in admin pass
1606213,Shan State (North),ရှမ်းပြည်နယ် (မြောက်ပိုင်း),Narphan Township,နားဖန် မြို့နယ်,Loi Len Village Tract,လွယ်လင်း ကျေးရွာအုပ်စု,village_tract,,,unmatched,exact_township_name,Source township resolved but CoreMap township id not matched in admin pass
1606214,Shan State (North),ရှမ်းပြည်နယ် (မြောက်ပိုင်း),Narphan Township,နားဖန် မြို့နယ်,Kun Keint Village Tract,ကွန်ကိန့် ကျေးရွာအုပ်စု,village_tract,,,unmatched,exact_township_name,Source township resolved but CoreMap township id not matched in admin pass
1606215,Shan State (North),ရှမ်းပြည်နယ် (မြောက်ပိုင်း),Narphan Township,နားဖန် မြို့နယ်,Hpan Lin Village Tract,ဖန်လင်း ကျေးရွာအုပ်စု,village_tract,,,unmatched,exact_township_name,Source township resolved but CoreMap township id not matched in admin pass
1606216,Shan State (North),ရှမ်းပြည်နယ် (မြောက်ပိုင်း),Narphan Township,နားဖန် မြို့နယ်,Hnget Htei Village Tract,ငှက်ထယ် ကျေးရွာအုပ်စု,village_tract,,,unmatched,exact_township_name,Source township resolved but CoreMap township id not matched in admin pass
1606217,Shan State (North),ရှမ်းပြည်နယ် (မြောက်ပိုင်း),Narphan Township,နားဖန် မြို့နယ်,Hsee Hsaw Village Tract,ဆီးဆော ကျေးရွာအုပ်စု,village_tract,,,unmatched,exact_township_name,Source township resolved but CoreMap township id not matched in admin pass
1606218,Shan State (North),ရှမ်းပြည်နယ် (မြောက်ပိုင်း),Narphan Township,နားဖန် မြို့နယ်,Sa Aut Village Tract,စအွတ် ကျေးရွာအုပ်စု,village_tract,,,unmatched,exact_township_name,Source township resolved but CoreMap township id not matched in admin pass
1606219,Shan State (North),ရှမ်းပြည်နယ် (မြောက်ပိုင်း),Narphan Township,နားဖန် မြို့နယ်,Kawng Ka Ya Village Tract,ကောင်းကရ ကျေးရွာအုပ်စု,village_tract,,,unmatched,exact_township_name,Source township resolved but CoreMap township id not matched in admin pass
1606220,Shan State (North),ရှမ်းပြည်နယ် (မြောက်ပိုင်း),Narphan Township,နားဖန် မြို့နယ်,Man Hpant Village Tract,မန်ဖန့် ကျေးရွာအုပ်စု,village_tract,,,unmatched,exact_township_name,Source township resolved but CoreMap township id not matched in admin pass
1606221,Shan State (North),ရှမ်းပြည်နယ် (မြောက်ပိုင်း),Narphan Township,နားဖန် မြို့နယ်,Bin Ngin Village Tract,ဗင်းငင်း ကျေးရွာအုပ်စု,village_tract,,,unmatched,exact_township_name,Source township resolved but CoreMap township id not matched in admin pass
1606222,Shan State (North),ရှမ်းပြည်နယ် (မြောက်ပိုင်း),Narphan Township,နားဖန် မြို့နယ်,Hpan Mawt Village Tract,ဖန်မော့ ကျေးရွာအုပ်စု,village_tract,,,unmatched,exact_township_name,Source township resolved but CoreMap township id not matched in admin pass
1606223,Shan State (North),ရှမ်းပြည်နယ် (မြောက်ပိုင်း),Narphan Township,နားဖန် မြို့နယ်,Pa Lat Ka Tayt Village Tract,ပလပ်ကတေ့ ကျေးရွာအုပ်စု,village_tract,,,unmatched,exact_township_name,Source township resolved but CoreMap township id not matched in admin pass
1606224,Shan State (North),ရှမ်းပြည်နယ် (မြောက်ပိုင်း),Narphan Township,နားဖန် မြို့နယ်,Mut Sa Moet Village Tract,မွတ်စမို့ ကျေးရွာအုပ်စု,village_tract,,,unmatched,exact_township_name,Source township resolved but CoreMap township id not matched in admin pass
1606225,Shan State (North),ရှမ်းပြည်နယ် (မြောက်ပိုင်း),Narphan Township,နားဖန် မြို့နယ်,Son Ya Man Village Tract,စုန်ရမန် ကျေးရွာအုပ်စု,village_tract,,,unmatched,exact_township_name,Source township resolved but CoreMap township id not matched in admin pass
1606226,Shan State (North),ရှမ်းပြည်နယ် (မြောက်ပိုင်း),Narphan Township,နားဖန် မြို့နယ်,Zay Thit (Har Hkun) Village Tract,ဈေးသစ် (ဟာခွန်) ကျေးရွာအုပ်စု,village_tract,,,unmatched,exact_township_name,Source township resolved but CoreMap township id not matched in admin pass
1606227,Shan State (North),ရှမ်းပြည်နယ် (မြောက်ပိုင်း),Narphan Township,နားဖန် မြို့နယ်,Yawng Pa Lin Village Tract,ယောင်ပလင်း ကျေးရွာအုပ်စု,village_tract,,,unmatched,exact_township_name,Source township resolved but CoreMap township id not matched in admin pass
1606228,Shan State (North),ရှမ်းပြည်နယ် (မြောက်ပိုင်း),Narphan Township,နားဖန် မြို့နယ်,Kun Yoe Village Tract,ကွန်ရိုး ကျေးရွာအုပ်စု,village_tract,,,unmatched,exact_township_name,Source township resolved but CoreMap township id not matched in admin pass
1606229,Shan State (North),ရှမ်းပြည်နယ် (မြောက်ပိုင်း),Narphan Township,နားဖန် မြို့နယ်,Yawng Tawng Village Tract,ယောင်တောင်း ကျေးရွာအုပ်စု,village_tract,,,unmatched,exact_township_name,Source township resolved but CoreMap township id not matched in admin pass
1606230,Shan State (North),ရှမ်းပြည်နယ် (မြောက်ပိုင်း),Narphan Township,နားဖန် မြို့နယ်,Kun Hnyet Village Tract,ကွန်ညှက် ကျေးရွာအုပ်စု,village_tract,,,unmatched,exact_township_name,Source township resolved but CoreMap township id not matched in admin pass
1606231,Shan State (North),ရှမ်းပြည်နယ် (မြောက်ပိုင်း),Narphan Township,နားဖန် မြို့နယ်,Hsa Na Village Tract,ဆန ကျေးရွာအုပ်စု,village_tract,,,unmatched,exact_township_name,Source township resolved but CoreMap township id not matched in admin pass
1606232,Shan State (North),ရှမ်းပြည်နယ် (မြောက်ပိုင်း),Narphan Township,နားဖန် မြို့နယ်,Hpan Hka Yoet Village Tract,ဖန်ခရို့ ကျေးရွာအုပ်စု,village_tract,,,unmatched,exact_township_name,Source township resolved but CoreMap township id not matched in admin pass
1606233,Shan State (North),ရှမ်းပြည်နယ် (မြောက်ပိုင်း),Narphan Township,နားဖန် မြို့နယ်,Yawng Yoe Village Tract,ရောင်ရိုး ကျေးရွာအုပ်စု,village_tract,,,unmatched,exact_township_name,Source township resolved but CoreMap township id not matched in admin pass
1607200,Shan State (North),ရှမ်းပြည်နယ် (မြောက်ပိုင်း),Pangwaun Township,ပန်ဝိုင် မြို့နယ်,Pangwaun Myo Ma Village Tract,ပန်ဝိုင်မြို့မ ကျေးရွာအုပ်စု,village_tract,,,unmatched,exact_township_name,Source township resolved but CoreMap township id not matched in admin pass
1607201,Shan State (North),ရှမ်းပြည်နယ် (မြောက်ပိုင်း),Pangwaun Township,ပန်ဝိုင် မြို့နယ်,Man Ping Village Tract,မန်ပိန်း ကျေးရွာအုပ်စု,village_tract,,,unmatched,exact_township_name,Source township resolved but CoreMap township id not matched in admin pass
1607202,Shan State (North),ရှမ်းပြည်နယ် (မြောက်ပိုင်း),Pangwaun Township,ပန်ဝိုင် မြို့နယ်,Yawng Yaing Village Tract,ရောင်ရိုင်း ကျေးရွာအုပ်စု,village_tract,,,unmatched,exact_township_name,Source township resolved but CoreMap township id not matched in admin pass
1607203,Shan State (North),ရှမ်းပြည်နယ် (မြောက်ပိုင်း),Pangwaun Township,ပန်ဝိုင် မြို့နယ်,Ping Ka Lan Village Tract,ပိန်းကလန်း ကျေးရွာအုပ်စု,village_tract,,,unmatched,exact_township_name,Source township resolved but CoreMap township id not matched in admin pass
1607204,Shan State (North),ရှမ်းပြည်နယ် (မြောက်ပိုင်း),Pangwaun Township,ပန်ဝိုင် မြို့နယ်,Yawng Pa Yay Village Tract,ရောင်ပရေး ကျေးရွာအုပ်စု,village_tract,,,unmatched,exact_township_name,Source township resolved but CoreMap township id not matched in admin pass
1607205,Shan State (North),ရှမ်းပြည်နယ် (မြောက်ပိုင်း),Pangwaun Township,ပန်ဝိုင် မြို့နယ်,Kawng Lan Village Tract,ကောင်လန်း ကျေးရွာအုပ်စု,village_tract,,,unmatched,exact_township_name,Source township resolved but CoreMap township id not matched in admin pass
1607206,Shan State (North),ရှမ်းပြည်နယ် (မြောက်ပိုင်း),Pangwaun Township,ပန်ဝိုင် မြို့နယ်,Si Kaing Yaik Village Tract,စီကိုင်ရိုက် ကျေးရွာအုပ်စု,village_tract,,,unmatched,exact_township_name,Source township resolved but CoreMap township id not matched in admin pass
1607207,Shan State (North),ရှမ်းပြည်နယ် (မြောက်ပိုင်း),Pangwaun Township,ပန်ဝိုင် မြို့နယ်,Kawng Ki Village Tract,ကောင်းကီ ကျေးရွာအုပ်စု,village_tract,,,unmatched,exact_township_name,Source township resolved but CoreMap township id not matched in admin pass
1607208,Shan State (North),ရှမ်းပြည်နယ် (မြောက်ပိုင်း),Pangwaun Township,ပန်ဝိုင် မြို့နယ်,Ngeit Lai Village Tract,ငဲ့လိုင်း ကျေးရွာအုပ်စု,village_tract,,,unmatched,exact_township_name,Source township resolved but CoreMap township id not matched in admin pass
1607209,Shan State (North),ရှမ်းပြည်နယ် (မြောက်ပိုင်း),Pangwaun Township,ပန်ဝိုင် မြို့နယ်,Mwayt Ta Ya Village Tract,မွေ့တရ ကျေးရွာအုပ်စု,village_tract,,,unmatched,exact_township_name,Source township resolved but CoreMap township id not matched in admin pass
1607210,Shan State (North),ရှမ်းပြည်နယ် (မြောက်ပိုင်း),Pangwaun Township,ပန်ဝိုင် မြို့နယ်,Yawng Pang Village Tract,ယောင်ပန် ကျေးရွာအုပ်စု,village_tract,,,unmatched,exact_township_name,Source township resolved but CoreMap township id not matched in admin pass
1607211,Shan State (North),ရှမ်းပြည်နယ် (မြောက်ပိုင်း),Pangwaun Township,ပန်ဝိုင် မြို့နယ်,Yawng Sein Village Tract,ယောင်စိန်း ကျေးရွာအုပ်စု,village_tract,,,unmatched,exact_township_name,Source township resolved but CoreMap township id not matched in admin pass
1607212,Shan State (North),ရှမ်းပြည်နယ် (မြောက်ပိုင်း),Pangwaun Township,ပန်ဝိုင် မြို့နယ်,Ngaik Mway Village Tract,ငိုက်မွေး ကျေးရွာအုပ်စု,village_tract,,,unmatched,exact_township_name,Source township resolved but CoreMap township id not matched in admin pass
1607213,Shan State (North),ရှမ်းပြည်နယ် (မြောက်ပိုင်း),Pangwaun Township,ပန်ဝိုင် မြို့နယ်,Yawng Tee Yar Village Tract,ယောင်တီးယား ကျေးရွာအုပ်စု,village_tract,,,unmatched,exact_township_name,Source township resolved but CoreMap township id not matched in admin pass
1607214,Shan State (North),ရှမ်းပြည်နယ် (မြောက်ပိုင်း),Pangwaun Township,ပန်ဝိုင် မြို့နယ်,Yawng Kaing Village Tract,ယောင်ကိုင်း ကျေးရွာအုပ်စု,village_tract,,,unmatched,exact_township_name,Source township resolved but CoreMap township id not matched in admin pass
1607215,Shan State (North),ရှမ်းပြည်နယ် (မြောက်ပိုင်း),Pangwaun Township,ပန်ဝိုင် မြို့နယ်,Yawng Ngaik Village Tract,ယောင်ငိုက် ကျေးရွာအုပ်စု,village_tract,,,unmatched,exact_township_name,Source township resolved but CoreMap township id not matched in admin pass
1607216,Shan State (North),ရှမ်းပြည်နယ် (မြောက်ပိုင်း),Pangwaun Township,ပန်ဝိုင် မြို့နယ်,War Hka Village Tract,ဝါးခ ကျေးရွာအုပ်စု,village_tract,,,unmatched,exact_township_name,Source township resolved but CoreMap township id not matched in admin pass
1607217,Shan State (North),ရှမ်းပြည်နယ် (မြောက်ပိုင်း),Pangwaun Township,ပန်ဝိုင် မြို့နယ်,Yawng Nun Village Tract,ယောင်နွန်း ကျေးရွာအုပ်စု,village_tract,,,unmatched,exact_township_name,Source township resolved but CoreMap township id not matched in admin pass
1607218,Shan State (North),ရှမ်းပြည်နယ် (မြောက်ပိုင်း),Pangwaun Township,ပန်ဝိုင် မြို့နယ်,Man Maw Village Tract,မန်မော ကျေးရွာအုပ်စု,village_tract,,,unmatched,exact_township_name,Source township resolved but CoreMap township id not matched in admin pass
1608200,Shan State (North),ရှမ်းပြည်နယ် (မြောက်ပိုင်း),Mongmao Township,မိုင်းမော မြို့နယ်,Mongmao Village Tract,မိုင်းမော ကျေးရွာအုပ်စု,village_tract,,,unmatched,exact_township_name,Source township resolved but CoreMap township id not matched in admin pass
1608201,Shan State (North),ရှမ်းပြည်နယ် (မြောက်ပိုင်း),Mongmao Township,မိုင်းမော မြို့နယ်,Man Tat Village Tract,မန်တပ် ကျေးရွာအုပ်စု,village_tract,,,unmatched,exact_township_name,Source township resolved but CoreMap township id not matched in admin pass
1608202,Shan State (North),ရှမ်းပြည်နယ် (မြောက်ပိုင်း),Mongmao Township,မိုင်းမော မြို့နယ်,Kat Hi Village Tract,ကတ်ဟီ ကျေးရွာအုပ်စု,village_tract,,,unmatched,exact_township_name,Source township resolved but CoreMap township id not matched in admin pass
1608203,Shan State (North),ရှမ်းပြည်နယ် (မြောက်ပိုင်း),Mongmao Township,မိုင်းမော မြို့နယ်,Yawng Pa Lone Village Tract,ယောင်ပလုံး ကျေးရွာအုပ်စု,village_tract,,,unmatched,exact_township_name,Source township resolved but CoreMap township id not matched in admin pass
1608204,Shan State (North),ရှမ်းပြည်နယ် (မြောက်ပိုင်း),Mongmao Township,မိုင်းမော မြို့နယ်,Ho Mein Village Tract,ဟိုမိန်း ကျေးရွာအုပ်စု,village_tract,,,unmatched,exact_township_name,Source township resolved but CoreMap township id not matched in admin pass
1608205,Shan State (North),ရှမ်းပြည်နယ် (မြောက်ပိုင်း),Mongmao Township,မိုင်းမော မြို့နယ်,Yawng Pa Lauk Village Tract,ယောင်ပလောက် ကျေးရွာအုပ်စု,village_tract,,,unmatched,exact_township_name,Source township resolved but CoreMap township id not matched in admin pass
1608206,Shan State (North),ရှမ်းပြည်နယ် (မြောက်ပိုင်း),Mongmao Township,မိုင်းမော မြို့နယ်,Kawng Wauk Village Tract,ကောင်းဝေါက် ကျေးရွာအုပ်စု,village_tract,,,unmatched,exact_township_name,Source township resolved but CoreMap township id not matched in admin pass
1608207,Shan State (North),ရှမ်းပြည်နယ် (မြောက်ပိုင်း),Mongmao Township,မိုင်းမော မြို့နယ်,Toke Tat Village Tract,တုတ်တတ် ကျေးရွာအုပ်စု,village_tract,,,unmatched,exact_township_name,Source township resolved but CoreMap township id not matched in admin pass
1608208,Shan State (North),ရှမ်းပြည်နယ် (မြောက်ပိုင်း),Mongmao Township,မိုင်းမော မြို့နယ်,Kawng Pee Village Tract,ကောင်းပီး ကျေးရွာအုပ်စု,village_tract,,,unmatched,exact_township_name,Source township resolved but CoreMap township id not matched in admin pass
1608209,Shan State (North),ရှမ်းပြည်နယ် (မြောက်ပိုင်း),Mongmao Township,မိုင်းမော မြို့နယ်,Htat Hting Village Tract,ထပ်ထိန် ကျေးရွာအုပ်စု,village_tract,,,unmatched,exact_township_name,Source township resolved but CoreMap township id not matched in admin pass
1608210,Shan State (North),ရှမ်းပြည်နယ် (မြောက်ပိုင်း),Mongmao Township,မိုင်းမော မြို့နယ်,Kein Hsan Village Tract,ကိန်းဆန် ကျေးရွာအုပ်စု,village_tract,,,unmatched,exact_township_name,Source township resolved but CoreMap township id not matched in admin pass
1608211,Shan State (North),ရှမ်းပြည်နယ် (မြောက်ပိုင်း),Mongmao Township,မိုင်းမော မြို့နယ်,Pang Hkun (a) Nam Kun Long Village Tract,ပန်ခွန် (ခေါ်) နမ့်ကွန်လုံ ကျေးရွာအုပ်စု,village_tract,,,unmatched,exact_township_name,Source township resolved but CoreMap township id not matched in admin pass
1608212,Shan State (North),ရှမ်းပြည်နယ် (မြောက်ပိုင်း),Mongmao Township,မိုင်းမော မြို့နယ်,Kawng Lin Village Tract,ကောင်းလင်း ကျေးရွာအုပ်စု,village_tract,,,unmatched,exact_township_name,Source township resolved but CoreMap township id not matched in admin pass
1608213,Shan State (North),ရှမ်းပြည်နယ် (မြောက်ပိုင်း),Mongmao Township,မိုင်းမော မြို့နယ်,Yawng Pyan Village Tract,ယောင်ပြန် ကျေးရွာအုပ်စု,village_tract,,,unmatched,exact_township_name,Source township resolved but CoreMap township id not matched in admin pass
1608214,Shan State (North),ရှမ်းပြည်နယ် (မြောက်ပိုင်း),Mongmao Township,မိုင်းမော မြို့နယ်,Kun Kyoe Village Tract,ကွမ်းကျိုး ကျေးရွာအုပ်စု,village_tract,,,unmatched,exact_township_name,Source township resolved but CoreMap township id not matched in admin pass
1608215,Shan State (North),ရှမ်းပြည်နယ် (မြောက်ပိုင်း),Mongmao Township,မိုင်းမော မြို့နယ်,Man Hkar Village Tract,မန်ခါး ကျေးရွာအုပ်စု,village_tract,,,unmatched,exact_township_name,Source township resolved but CoreMap township id not matched in admin pass
1608216,Shan State (North),ရှမ်းပြည်နယ် (မြောက်ပိုင်း),Mongmao Township,မိုင်းမော မြို့နယ်,Kawng Kyi Village Tract,ကောင်းကြည် ကျေးရွာအုပ်စု,village_tract,,,unmatched,exact_township_name,Source township resolved but CoreMap township id not matched in admin pass
1608217,Shan State (North),ရှမ်းပြည်နယ် (မြောက်ပိုင်း),Mongmao Township,မိုင်းမော မြို့နယ်,Yawng Nawng Village Tract,ယောင်နောင်း ကျေးရွာအုပ်စု,village_tract,,,unmatched,exact_township_name,Source township resolved but CoreMap township id not matched in admin pass
1608218,Shan State (North),ရှမ်းပြည်နယ် (မြောက်ပိုင်း),Mongmao Township,မိုင်းမော မြို့နယ်,Kat Ka Lun Village Tract,ကတ်ကလွန်း ကျေးရွာအုပ်စု,village_tract,,,unmatched,exact_township_name,Source township resolved but CoreMap township id not matched in admin pass
1608219,Shan State (North),ရှမ်းပြည်နယ် (မြောက်ပိုင်း),Mongmao Township,မိုင်းမော မြို့နယ်,Man Kwayt Lun Village Tract,မန်ကွေ့လုံ ကျေးရွာအုပ်စု,village_tract,,,unmatched,exact_township_name,Source township resolved but CoreMap township id not matched in admin pass
1608220,Shan State (North),ရှမ်းပြည်နယ် (မြောက်ပိုင်း),Mongmao Township,မိုင်းမော မြို့နယ်,Yawng Teit Village Tract,ယောင်တဲ့ ကျေးရွာအုပ်စု,village_tract,,,unmatched,exact_township_name,Source township resolved but CoreMap township id not matched in admin pass
1608221,Shan State (North),ရှမ်းပြည်နယ် (မြောက်ပိုင်း),Mongmao Township,မိုင်းမော မြို့နယ်,Mut Long Village Tract,မွတ်လုံ ကျေးရွာအုပ်စု,village_tract,,,unmatched,exact_township_name,Source township resolved but CoreMap township id not matched in admin pass
1608222,Shan State (North),ရှမ်းပြည်နယ် (မြောက်ပိုင်း),Mongmao Township,မိုင်းမော မြို့နယ်,Man Kan Village Tract,မန်ကန် ကျေးရွာအုပ်စု,village_tract,,,unmatched,exact_township_name,Source township resolved but CoreMap township id not matched in admin pass
1608223,Shan State (North),ရှမ်းပြည်နယ် (မြောက်ပိုင်း),Mongmao Township,မိုင်းမော မြို့နယ်,Man Hka Yo (Loi Long) Village Tract,မန်ခယို (လွယ်လုံ) ကျေးရွာအုပ်စု,village_tract,,,unmatched,exact_township_name,Source township resolved but CoreMap township id not matched in admin pass
1608224,Shan State (North),ရှမ်းပြည်နယ် (မြောက်ပိုင်း),Mongmao Township,မိုင်းမော မြို့နယ်,Long Hkwa Village Tract,လုံခွ ကျေးရွာအုပ်စု,village_tract,,,unmatched,exact_township_name,Source township resolved but CoreMap township id not matched in admin pass
1608225,Shan State (North),ရှမ်းပြည်နယ် (မြောက်ပိုင်း),Mongmao Township,မိုင်းမော မြို့နယ်,Man Hpein Village Tract,မန်ဖိန်း ကျေးရွာအုပ်စု,village_tract,,,unmatched,exact_township_name,Source township resolved but CoreMap township id not matched in admin pass
1608226,Shan State (North),ရှမ်းပြည်နယ် (မြောက်ပိုင်း),Mongmao Township,မိုင်းမော မြို့နယ်,Mut Layt Lai Kwar Village Tract,မွတ်လေ့လိုင်ကွာ ကျေးရွာအုပ်စု,village_tract,,,unmatched,exact_township_name,Source township resolved but CoreMap township id not matched in admin pass
1608227,Shan State (North),ရှမ်းပြည်နယ် (မြောက်ပိုင်း),Mongmao Township,မိုင်းမော မြို့နယ်,Maw Hlyo Village Tract,မော်လျှို ကျေးရွာအုပ်စု,village_tract,,,unmatched,exact_township_name,Source township resolved but CoreMap township id not matched in admin pass
1608228,Shan State (North),ရှမ်းပြည်နယ် (မြောက်ပိုင်း),Mongmao Township,မိုင်းမော မြို့နယ်,Yawng Pang Village Tract,ယောင်ပန် ကျေးရွာအုပ်စု,village_tract,,,unmatched,exact_township_name,Source township resolved but CoreMap township id not matched in admin pass
1608229,Shan State (North),ရှမ်းပြည်နယ် (မြောက်ပိုင်း),Mongmao Township,မိုင်းမော မြို့နယ်,Ong Pong Village Tract,အုံပုံ ကျေးရွာအုပ်စု,village_tract,,,unmatched,exact_township_name,Source township resolved but CoreMap township id not matched in admin pass
1608230,Shan State (North),ရှမ်းပြည်နယ် (မြောက်ပိုင်း),Mongmao Township,မိုင်းမော မြို့နယ်,Mut Layt Long Village Tract,မွတ်လေ့လုံ ကျေးရွာအုပ်စု,village_tract,,,unmatched,exact_township_name,Source township resolved but CoreMap township id not matched in admin pass
1608231,Shan State (North),ရှမ်းပြည်နယ် (မြောက်ပိုင်း),Mongmao Township,မိုင်းမော မြို့နယ်,Hpan Lai Village Tract,ဖန်လိုင်း ကျေးရွာအုပ်စု,village_tract,,,unmatched,exact_township_name,Source township resolved but CoreMap township id not matched in admin pass
1608232,Shan State (North),ရှမ်းပြည်နယ် (မြောက်ပိုင်း),Mongmao Township,မိုင်းမော မြို့နယ်,Kan Hsay Village Tract,ကန်ဆေး ကျေးရွာအုပ်စု,village_tract,,,unmatched,exact_township_name,Source township resolved but CoreMap township id not matched in admin pass
1608233,Shan State (North),ရှမ်းပြည်နယ် (မြောက်ပိုင်း),Mongmao Township,မိုင်းမော မြို့နယ်,Man Hsun Village Tract,မန်ဆွန် ကျေးရွာအုပ်စု,village_tract,,,unmatched,exact_township_name,Source township resolved but CoreMap township id not matched in admin pass
1608234,Shan State (North),ရှမ်းပြည်နယ် (မြောက်ပိုင်း),Mongmao Township,မိုင်းမော မြို့နယ်,Yon Ka Loet Village Tract,ယုံကလို့ ကျေးရွာအုပ်စု,village_tract,,,unmatched,exact_township_name,Source township resolved but CoreMap township id not matched in admin pass
1608235,Shan State (North),ရှမ်းပြည်နယ် (မြောက်ပိုင်း),Mongmao Township,မိုင်းမော မြို့နယ်,Kawng Hlaing Village Tract,ကောင်းလှိုင်း ကျေးရွာအုပ်စု,village_tract,,,unmatched,exact_township_name,Source township resolved but CoreMap township id not matched in admin pass
1608236,Shan State (North),ရှမ်းပြည်နယ် (မြောက်ပိုင်း),Mongmao Township,မိုင်းမော မြို့နယ်,Man Tun Village Tract,မန်တွန်း ကျေးရွာအုပ်စု,village_tract,,,unmatched,exact_township_name,Source township resolved but CoreMap township id not matched in admin pass
1608237,Shan State (North),ရှမ်းပြည်နယ် (မြောက်ပိုင်း),Mongmao Township,မိုင်းမော မြို့နယ်,Loi Hin Village Tract,လွယ်ဟင် ကျေးရွာအုပ်စု,village_tract,,,unmatched,exact_township_name,Source township resolved but CoreMap township id not matched in admin pass
1608238,Shan State (North),ရှမ်းပြည်နယ် (မြောက်ပိုင်း),Mongmao Township,မိုင်းမော မြို့နယ်,Mut Layt (Hpan Mut) Village Tract,မွတ်လေ့ (ဖန်မွတ်) ကျေးရွာအုပ်စု,village_tract,,,unmatched,exact_township_name,Source township resolved but CoreMap township id not matched in admin pass
1608239,Shan State (North),ရှမ်းပြည်နယ် (မြောက်ပိုင်း),Mongmao Township,မိုင်းမော မြို့နယ်,Sa Aut Man Htaik Village Tract,စအွတ်မန်ထိုက် ကျေးရွာအုပ်စု,village_tract,,,unmatched,exact_township_name,Source township resolved but CoreMap township id not matched in admin pass
1621001,Shan State (North),ရှမ်းပြည်နယ် (မြောက်ပိုင်း),Hopang Township,ဟိုပန် မြို့နယ်,Ho Pang Quarter,ဟိုပန် ရပ်ကွက်,ward,,,unmatched,exact_township_name,Source township resolved but CoreMap township id not matched in admin pass
1621002,Shan State (North),ရှမ်းပြည်နယ် (မြောက်ပိုင်း),Hopang Township,ဟိုပန် မြို့နယ်,Kawng Hone Quarter,ကောင်းဟုန်း ရပ်ကွက်,ward,,,unmatched,exact_township_name,Source township resolved but CoreMap township id not matched in admin pass
1621003,Shan State (North),ရှမ်းပြည်နယ် (မြောက်ပိုင်း),Hopang Township,ဟိုပန် မြို့နယ်,Man Khun Quarter,မန်ခွန် ရပ်ကွက်,ward,,,unmatched,exact_township_name,Source township resolved but CoreMap township id not matched in admin pass
1621004,Shan State (North),ရှမ်းပြည်နယ် (မြောက်ပိုင်း),Hopang Township,ဟိုပန် မြို့နယ်,Zay Quarter,ဈေး ရပ်ကွက်,ward,,,unmatched,exact_township_name,Source township resolved but CoreMap township id not matched in admin pass
1621005,Shan State (North),ရှမ်းပြည်နယ် (မြောက်ပိုင်း),Hopang Township,ဟိုပန် မြို့နယ်,Pang Long Lan Quarter,ပန်လုံလမ်း ရပ်ကွက်,ward,,,unmatched,exact_township_name,Source township resolved but CoreMap township id not matched in admin pass
1621006,Shan State (North),ရှမ်းပြည်နယ် (မြောက်ပိုင်း),Hopang Township,ဟိုပန် မြို့နယ်,Yone Kone Quarter,ရုံးကုန်း ရပ်ကွက်,ward,,,unmatched,exact_township_name,Source township resolved but CoreMap township id not matched in admin pass
1621007,Shan State (North),ရှမ်းပြည်နယ် (မြောက်ပိုင်း),Hopang Township,ဟိုပန် မြို့နယ်,Mein Pan Quarter,မိန်းပန်း ရပ်ကွက်,ward,,,unmatched,exact_township_name,Source township resolved but CoreMap township id not matched in admin pass
1621008,Shan State (North),ရှမ်းပြည်နယ် (မြောက်ပိုင်း),Hopang Township,ဟိုပန် မြို့နယ်,Nam Hlan Quarter,နမ့်လျံ ရပ်ကွက်,ward,,,unmatched,exact_township_name,Source township resolved but CoreMap township id not matched in admin pass
1621009,Shan State (North),ရှမ်းပြည်နယ် (မြောက်ပိုင်း),Hopang Township,ဟိုပန် မြို့နယ်,Man Mai Quarter,မန်မိုင် ရပ်ကွက်,ward,,,unmatched,exact_township_name,Source township resolved but CoreMap township id not matched in admin pass
1621010,Shan State (North),ရှမ်းပြည်နယ် (မြောက်ပိုင်း),Hopang Township,ဟိုပန် မြို့နယ်,Mong Pan (Lwe La) Quarter,မိုင်းပန်း (လွယ်လ) ရပ်ကွက်,ward,,,unmatched,exact_township_name,Source township resolved but CoreMap township id not matched in admin pass
1621200,Shan State (North),ရှမ်းပြည်နယ် (မြောက်ပိုင်း),Hopang Township,ဟိုပန် မြို့နယ်,Nawng Mo Village Tract,နောင်မို ကျေးရွာအုပ်စု,village_tract,,,unmatched,exact_township_name,Source township resolved but CoreMap township id not matched in admin pass
1621201,Shan State (North),ရှမ်းပြည်နယ် (မြောက်ပိုင်း),Hopang Township,ဟိုပန် မြို့နယ်,San Pya (Myaung Zee) Village Tract,စံပြ (မြောင်ဇီး) ကျေးရွာအုပ်စု,village_tract,,,unmatched,exact_township_name,Source township resolved but CoreMap township id not matched in admin pass
1621202,Shan State (North),ရှမ်းပြည်နယ် (မြောက်ပိုင်း),Hopang Township,ဟိုပန် မြို့နယ်,Maw Hwayt Village Tract,မော်ဟွေ့ ကျေးရွာအုပ်စု,village_tract,,,unmatched,exact_township_name,Source township resolved but CoreMap township id not matched in admin pass
1621203,Shan State (North),ရှမ်းပြည်နယ် (မြောက်ပိုင်း),Hopang Township,ဟိုပန် မြို့နယ်,Har Hpyat Village Tract,ဟာဖြတ် ကျေးရွာအုပ်စု,village_tract,,,unmatched,exact_township_name,Source township resolved but CoreMap township id not matched in admin pass
1621204,Shan State (North),ရှမ်းပြည်နယ် (မြောက်ပိုင်း),Hopang Township,ဟိုပန် မြို့နယ်,Hpat Har Village Tract,ဖတ်ဟာ ကျေးရွာအုပ်စု,village_tract,,,unmatched,exact_township_name,Source township resolved but CoreMap township id not matched in admin pass
1621205,Shan State (North),ရှမ်းပြည်နယ် (မြောက်ပိုင်း),Hopang Township,ဟိုပန် မြို့နယ်,Pang Kauk Village Tract,ပန်ကောက် ကျေးရွာအုပ်စု,village_tract,,,unmatched,exact_township_name,Source township resolved but CoreMap township id not matched in admin pass
1621206,Shan State (North),ရှမ်းပြည်နယ် (မြောက်ပိုင်း),Hopang Township,ဟိုပန် မြို့နယ်,Tar Ko Village Tract,တာကို ကျေးရွာအုပ်စု,village_tract,,,unmatched,exact_township_name,Source township resolved but CoreMap township id not matched in admin pass
1621207,Shan State (North),ရှမ်းပြည်နယ် (မြောက်ပိုင်း),Hopang Township,ဟိုပန် မြို့နယ်,Nam Hseng Village Tract,နမ့်ဆိုင်း ကျေးရွာအုပ်စု,village_tract,,,unmatched,exact_township_name,Source township resolved but CoreMap township id not matched in admin pass
1621208,Shan State (North),ရှမ်းပြည်နယ် (မြောက်ပိုင်း),Hopang Township,ဟိုပန် မြို့နယ်,Man Kawng Village Tract,မန်ကောင်း ကျေးရွာအုပ်စု,village_tract,,,unmatched,exact_township_name,Source township resolved but CoreMap township id not matched in admin pass
1621209,Shan State (North),ရှမ်းပြည်နယ် (မြောက်ပိုင်း),Hopang Township,ဟိုပန် မြို့နယ်,Hpar Lin Village Tract,ဖာလင် ကျေးရွာအုပ်စု,village_tract,,,unmatched,exact_township_name,Source township resolved but CoreMap township id not matched in admin pass
1621210,Shan State (North),ရှမ်းပြည်နယ် (မြောက်ပိုင်း),Hopang Township,ဟိုပန် မြို့နယ်,Shwe War Village Tract,ရွှေဝါ ကျေးရွာအုပ်စု,village_tract,,,unmatched,exact_township_name,Source township resolved but CoreMap township id not matched in admin pass
1621211,Shan State (North),ရှမ်းပြည်နယ် (မြောက်ပိုင်း),Hopang Township,ဟိုပန် မြို့နယ်,Shi Kan Hto Village Tract,ရှီကန်ထို ကျေးရွာအုပ်စု,village_tract,,,unmatched,exact_township_name,Source township resolved but CoreMap township id not matched in admin pass
1621212,Shan State (North),ရှမ်းပြည်နယ် (မြောက်ပိုင်း),Hopang Township,ဟိုပန် မြို့နယ်,Hpar Chan Village Tract,ဖာချမ်း ကျေးရွာအုပ်စု,village_tract,,,unmatched,exact_township_name,Source township resolved but CoreMap township id not matched in admin pass
1621213,Shan State (North),ရှမ်းပြည်နယ် (မြောက်ပိုင်း),Hopang Township,ဟိုပန် မြို့နယ်,Ching Huong Keng Village Tract,ချိန်ဟုန်ကျိုင်း ကျေးရွာအုပ်စု,village_tract,,,unmatched,exact_township_name,Source township resolved but CoreMap township id not matched in admin pass
1621214,Shan State (North),ရှမ်းပြည်နယ် (မြောက်ပိုင်း),Hopang Township,ဟိုပန် မြို့နယ်,Hsi Par Hseng Village Tract,ဆီပါဆိုင် ကျေးရွာအုပ်စု,village_tract,,,unmatched,exact_township_name,Source township resolved but CoreMap township id not matched in admin pass
1621215,Shan State (North),ရှမ်းပြည်နယ် (မြောက်ပိုင်း),Hopang Township,ဟိုပန် မြို့နယ်,Mone Kun (Ywar Ma) Village Tract,မုန်းကွန် (ရွာမ) ကျေးရွာအုပ်စု,village_tract,,,unmatched,exact_township_name,Source township resolved but CoreMap township id not matched in admin pass
1621216,Shan State (North),ရှမ်းပြည်နယ် (မြောက်ပိုင်း),Hopang Township,ဟိုပန် မြို့နယ်,Ahr Waw Keng Village Tract,အာဝေါ်ကျိုင်း ကျေးရွာအုပ်စု,village_tract,,,unmatched,exact_township_name,Source township resolved but CoreMap township id not matched in admin pass
1621217,Shan State (North),ရှမ်းပြည်နယ် (မြောက်ပိုင်း),Hopang Township,ဟိုပန် မြို့နယ်,Pang Hkun Village Tract,ပန်ခွန် ကျေးရွာအုပ်စု,village_tract,,,unmatched,exact_township_name,Source township resolved but CoreMap township id not matched in admin pass
1621218,Shan State (North),ရှမ်းပြည်နယ် (မြောက်ပိုင်း),Hopang Township,ဟိုပန် မြို့နယ်,Ahr Ko Keng Village Tract,အားကိုကျိုင်း ကျေးရွာအုပ်စု,village_tract,,,unmatched,exact_township_name,Source township resolved but CoreMap township id not matched in admin pass
1621219,Shan State (North),ရှမ်းပြည်နယ် (မြောက်ပိုင်း),Hopang Township,ဟိုပန် မြို့နယ်,Man Kawng (2) Village Tract,မန်ကောင်း (၂) ကျေးရွာအုပ်စု,village_tract,,,unmatched,exact_township_name,Source township resolved but CoreMap township id not matched in admin pass
1621220,Shan State (North),ရှမ်းပြည်နယ် (မြောက်ပိုင်း),Hopang Township,ဟိုပန် မြို့နယ်,Man Hseng Village Tract,မန်ဆိုင် ကျေးရွာအုပ်စု,village_tract,,,unmatched,exact_township_name,Source township resolved but CoreMap township id not matched in admin pass
1621221,Shan State (North),ရှမ်းပြည်နယ် (မြောက်ပိုင်း),Hopang Township,ဟိုပန် မြို့နယ်,Nam Mu Village Tract,နမ့်မူ ကျေးရွာအုပ်စု,village_tract,,,unmatched,exact_township_name,Source township resolved but CoreMap township id not matched in admin pass
1621222,Shan State (North),ရှမ်းပြည်နယ် (မြောက်ပိုင်း),Hopang Township,ဟိုပန် မြို့နယ်,Tar Aik Village Tract,တာအိုက် ကျေးရွာအုပ်စု,village_tract,,,unmatched,exact_township_name,Source township resolved but CoreMap township id not matched in admin pass
1621223,Shan State (North),ရှမ်းပြည်နယ် (မြောက်ပိုင်း),Hopang Township,ဟိုပန် မြို့နယ်,Hpar Kwet Village Tract,ဖားကွက် ကျေးရွာအုပ်စု,village_tract,,,unmatched,exact_township_name,Source township resolved but CoreMap township id not matched in admin pass
1621224,Shan State (North),ရှမ်းပြည်နယ် (မြောက်ပိုင်း),Hopang Township,ဟိုပန် မြို့နယ်,Yon Pang Village Tract,ယုံပန် ကျေးရွာအုပ်စု,village_tract,,,unmatched,exact_township_name,Source township resolved but CoreMap township id not matched in admin pass
1621225,Shan State (North),ရှမ်းပြည်နယ် (မြောက်ပိုင်း),Hopang Township,ဟိုပန် မြို့နယ်,Man Han Village Tract,မန်ဟန်း ကျေးရွာအုပ်စု,village_tract,,,unmatched,exact_township_name,Source township resolved but CoreMap township id not matched in admin pass
1621226,Shan State (North),ရှမ်းပြည်နယ် (မြောက်ပိုင်း),Hopang Township,ဟိုပန် မြို့နယ်,Nar Wee Village Tract,နားဝီး ကျေးရွာအုပ်စု,village_tract,,,unmatched,exact_township_name,Source township resolved but CoreMap township id not matched in admin pass
1621227,Shan State (North),ရှမ်းပြည်နယ် (မြောက်ပိုင်း),Hopang Township,ဟိုပန် မြို့နယ်,Pang Kan Village Tract,ပန်ကမ်း ကျေးရွာအုပ်စု,village_tract,,,unmatched,exact_township_name,Source township resolved but CoreMap township id not matched in admin pass
1621228,Shan State (North),ရှမ်းပြည်နယ် (မြောက်ပိုင်း),Hopang Township,ဟိုပန် မြို့နယ်,Loi Hkam Village Tract,လွယ်ခမ်း ကျေးရွာအုပ်စု,village_tract,,,unmatched,exact_township_name,Source township resolved but CoreMap township id not matched in admin pass
1621229,Shan State (North),ရှမ်းပြည်နယ် (မြောက်ပိုင်း),Hopang Township,ဟိုပန် မြို့နယ်,Man Htan Village Tract,မန်ထန် ကျေးရွာအုပ်စု,village_tract,,,unmatched,exact_township_name,Source township resolved but CoreMap township id not matched in admin pass
1621230,Shan State (North),ရှမ်းပြည်နယ် (မြောက်ပိုင်း),Hopang Township,ဟိုပန် မြို့နယ်,Nam Ping Village Tract,နမ့်ပိန် ကျေးရွာအုပ်စု,village_tract,,,unmatched,exact_township_name,Source township resolved but CoreMap township id not matched in admin pass
1621231,Shan State (North),ရှမ်းပြည်နယ် (မြောက်ပိုင်း),Hopang Township,ဟိုပန် မြို့နယ်,Kone Hsar Village Tract,ကုန်းဆာ ကျေးရွာအုပ်စု,village_tract,,,unmatched,exact_township_name,Source township resolved but CoreMap township id not matched in admin pass
1621232,Shan State (North),ရှမ်းပြည်နယ် (မြောက်ပိုင်း),Hopang Township,ဟိုပန် မြို့နယ်,Wein Kawng Village Tract,ဝိန်းကောင် ကျေးရွာအုပ်စု,village_tract,,,unmatched,exact_township_name,Source township resolved but CoreMap township id not matched in admin pass
1621233,Shan State (North),ရှမ်းပြည်နယ် (မြောက်ပိုင်း),Hopang Township,ဟိုပန် မြို့နယ်,Man Kawng (3) Village Tract,မန်ကောင်း (၃) ကျေးရွာအုပ်စု,village_tract,,,unmatched,exact_township_name,Source township resolved but CoreMap township id not matched in admin pass
1621234,Shan State (North),ရှမ်းပြည်နယ် (မြောက်ပိုင်း),Hopang Township,ဟိုပန် မြို့နယ်,Man Au Village Tract,မန်အူ ကျေးရွာအုပ်စု,village_tract,,,unmatched,exact_township_name,Source township resolved but CoreMap township id not matched in admin pass
1621235,Shan State (North),ရှမ်းပြည်နယ် (မြောက်ပိုင်း),Hopang Township,ဟိုပန် မြို့နယ်,Pang Yawng Village Tract,ပန်ရောင်း ကျေးရွာအုပ်စု,village_tract,,,unmatched,exact_township_name,Source township resolved but CoreMap township id not matched in admin pass
1621236,Shan State (North),ရှမ်းပြည်နယ် (မြောက်ပိုင်း),Hopang Township,ဟိုပန် မြို့နယ်,Loi Hkat Village Tract,လွယ်ခတ် ကျေးရွာအုပ်စု,village_tract,,,unmatched,exact_township_name,Source township resolved but CoreMap township id not matched in admin pass
1621237,Shan State (North),ရှမ်းပြည်နယ် (မြောက်ပိုင်း),Hopang Township,ဟိုပန် မြို့နယ်,Kawng Pyet Village Tract,ကောင်းပျက် ကျေးရွာအုပ်စု,village_tract,,,unmatched,exact_township_name,Source township resolved but CoreMap township id not matched in admin pass
1621238,Shan State (North),ရှမ်းပြည်နယ် (မြောက်ပိုင်း),Hopang Township,ဟိုပန် မြို့နယ်,Man Tun Kaw Village Tract,မန်တွန်းကော် ကျေးရွာအုပ်စု,village_tract,,,unmatched,exact_township_name,Source township resolved but CoreMap township id not matched in admin pass
1621239,Shan State (North),ရှမ်းပြည်နယ် (မြောက်ပိုင်း),Hopang Township,ဟိုပန် မြို့နယ်,Man Nar Sang Village Tract,မန်နားဆန် ကျေးရွာအုပ်စု,village_tract,,,unmatched,exact_township_name,Source township resolved but CoreMap township id not matched in admin pass
1621240,Shan State (North),ရှမ်းပြည်နယ် (မြောက်ပိုင်း),Hopang Township,ဟိုပန် မြို့နယ်,Kawng Nin Village Tract,ကောင်းနင် ကျေးရွာအုပ်စု,village_tract,,,unmatched,exact_township_name,Source township resolved but CoreMap township id not matched in admin pass
1621241,Shan State (North),ရှမ်းပြည်နယ် (မြောက်ပိုင်း),Hopang Township,ဟိုပန် မြို့နယ်,Pang Huong Village Tract,ပန်ဟုန်း ကျေးရွာအုပ်စု,village_tract,,,unmatched,exact_township_name,Source township resolved but CoreMap township id not matched in admin pass
1621242,Shan State (North),ရှမ်းပြည်နယ် (မြောက်ပိုင်း),Hopang Township,ဟိုပန် မြို့နယ်,Pang Yoke Village Tract,ပန်ယုတ် ကျေးရွာအုပ်စု,village_tract,,,unmatched,exact_township_name,Source township resolved but CoreMap township id not matched in admin pass
1621243,Shan State (North),ရှမ်းပြည်နယ် (မြောက်ပိုင်း),Hopang Township,ဟိုပန် မြို့နယ်,Pang Lar Village Tract,ပန်လား ကျေးရွာအုပ်စု,village_tract,,,unmatched,exact_township_name,Source township resolved but CoreMap township id not matched in admin pass
1621244,Shan State (North),ရှမ်းပြည်နယ် (မြောက်ပိုင်း),Hopang Township,ဟိုပန် မြို့နယ်,Mone Hit Village Tract,မုန်းဟစ် ကျေးရွာအုပ်စု,village_tract,,,unmatched,exact_township_name,Source township resolved but CoreMap township id not matched in admin pass
1621245,Shan State (North),ရှမ်းပြည်နယ် (မြောက်ပိုင်း),Hopang Township,ဟိုပန် မြို့နယ်,Kawng Kun Village Tract,ကောင်းကွန်း ကျေးရွာအုပ်စု,village_tract,,,unmatched,exact_township_name,Source township resolved but CoreMap township id not matched in admin pass
1621246,Shan State (North),ရှမ်းပြည်နယ် (မြောက်ပိုင်း),Hopang Township,ဟိုပန် မြို့နယ်,Ho Sum Village Tract,ဟိုဆွမ် ကျေးရွာအုပ်စု,village_tract,,,unmatched,exact_township_name,Source township resolved but CoreMap township id not matched in admin pass
1621247,Shan State (North),ရှမ်းပြည်နယ် (မြောက်ပိုင်း),Hopang Township,ဟိုပန် မြို့နယ်,Nam Tar Village Tract,နန့်တား ကျေးရွာအုပ်စု,village_tract,,,unmatched,exact_township_name,Source township resolved but CoreMap township id not matched in admin pass
1621248,Shan State (North),ရှမ်းပြည်နယ် (မြောက်ပိုင်း),Hopang Township,ဟိုပန် မြို့နယ်,Bin Hin Village Tract,ဗင်းဟင် ကျေးရွာအုပ်စု,village_tract,,,unmatched,exact_township_name,Source township resolved but CoreMap township id not matched in admin pass
1621249,Shan State (North),ရှမ်းပြည်နယ် (မြောက်ပိုင်း),Hopang Township,ဟိုပန် မြို့နယ်,Kaw Mon Village Tract,ကောမုန် ကျေးရွာအုပ်စု,village_tract,,,unmatched,exact_township_name,Source township resolved but CoreMap township id not matched in admin pass
1621250,Shan State (North),ရှမ်းပြည်နယ် (မြောက်ပိုင်း),Hopang Township,ဟိုပန် မြို့နယ်,Mar Ong Par Village Tract,မာအုံပါ ကျေးရွာအုပ်စု,village_tract,,,unmatched,exact_township_name,Source township resolved but CoreMap township id not matched in admin pass
1621251,Shan State (North),ရှမ်းပြည်နယ် (မြောက်ပိုင်း),Hopang Township,ဟိုပန် မြို့နယ်,Kyin Chan Village Tract,ကျင်ချန်း ကျေးရွာအုပ်စု,village_tract,,,unmatched,exact_township_name,Source township resolved but CoreMap township id not matched in admin pass
1621252,Shan State (North),ရှမ်းပြည်နယ် (မြောက်ပိုင်း),Hopang Township,ဟိုပန် မြို့နယ်,Lauk Yan Ti Village Tract,လောက်ရန်တီ ကျေးရွာအုပ်စု,village_tract,,,unmatched,exact_township_name,Source township resolved but CoreMap township id not matched in admin pass
1621253,Shan State (North),ရှမ်းပြည်နယ် (မြောက်ပိုင်း),Hopang Township,ဟိုပန် မြို့နယ်,Shan Shaung Len Village Tract,ရှန်ရှောင်လင် ကျေးရွာအုပ်စု,village_tract,,,unmatched,exact_township_name,Source township resolved but CoreMap township id not matched in admin pass
1623001,Shan State (North),ရှမ်းပြည်နယ် (မြောက်ပိုင်း),Konkyan Township,ကုန်းကြမ်း မြို့နယ်,No (1) Quarter,အမှတ် (၁) ရပ်ကွက်,ward,,,unmatched,exact_township_name,Source township resolved but CoreMap township id not matched in admin pass
1623002,Shan State (North),ရှမ်းပြည်နယ် (မြောက်ပိုင်း),Konkyan Township,ကုန်းကြမ်း မြို့နယ်,No (2) Quarter,အမှတ် (၂) ရပ်ကွက်,ward,,,unmatched,exact_township_name,Source township resolved but CoreMap township id not matched in admin pass
1623003,Shan State (North),ရှမ်းပြည်နယ် (မြောက်ပိုင်း),Konkyan Township,ကုန်းကြမ်း မြို့နယ်,No (3) Quarter,အမှတ် (၃) ရပ်ကွက်,ward,,,unmatched,exact_township_name,Source township resolved but CoreMap township id not matched in admin pass
1623200,Shan State (North),ရှမ်းပြည်နယ် (မြောက်ပိုင်း),Konkyan Township,ကုန်းကြမ်း မြို့နယ်,Tar Shan Village Tract,တာရှန် ကျေးရွာအုပ်စု,village_tract,,,unmatched,exact_township_name,Source township resolved but CoreMap township id not matched in admin pass
1623201,Shan State (North),ရှမ်းပြည်နယ် (မြောက်ပိုင်း),Konkyan Township,ကုန်းကြမ်း မြို့နယ်,Shin Wan Hpu Village Tract,ရှင်ဝမ်ဖူး ကျေးရွာအုပ်စု,village_tract,,,unmatched,exact_township_name,Source township resolved but CoreMap township id not matched in admin pass
1623202,Shan State (North),ရှမ်းပြည်နယ် (မြောက်ပိုင်း),Konkyan Township,ကုန်းကြမ်း မြို့နယ်,Sein Kyaing Village Tract,စိန်ကျိုင် ကျေးရွာအုပ်စု,village_tract,,,unmatched,exact_township_name,Source township resolved but CoreMap township id not matched in admin pass
1623203,Shan State (North),ရှမ်းပြည်နယ် (မြောက်ပိုင်း),Konkyan Township,ကုန်းကြမ်း မြို့နယ်,Ywi Htan Village Tract,ယွီထန် ကျေးရွာအုပ်စု,village_tract,,,unmatched,exact_township_name,Source township resolved but CoreMap township id not matched in admin pass
1623204,Shan State (North),ရှမ်းပြည်နယ် (မြောက်ပိုင်း),Konkyan Township,ကုန်းကြမ်း မြို့နယ်,Mar Si Htan Village Tract,မာစီထန် ကျေးရွာအုပ်စု,village_tract,,,unmatched,exact_township_name,Source township resolved but CoreMap township id not matched in admin pass
1623205,Shan State (North),ရှမ်းပြည်နယ် (မြောက်ပိုင်း),Konkyan Township,ကုန်းကြမ်း မြို့နယ်,Tar Kone Kyan Village Tract,တာကုန်းကြမ်း ကျေးရွာအုပ်စု,village_tract,,,unmatched,exact_township_name,Source township resolved but CoreMap township id not matched in admin pass
1623206,Shan State (North),ရှမ်းပြည်နယ် (မြောက်ပိုင်း),Konkyan Township,ကုန်းကြမ်း မြို့နယ်,Kyin Nye Village Tract,ကျင်ညဲ့ ကျေးရွာအုပ်စု,village_tract,,,unmatched,exact_township_name,Source township resolved but CoreMap township id not matched in admin pass
1623207,Shan State (North),ရှမ်းပြည်နယ် (မြောက်ပိုင်း),Konkyan Township,ကုန်းကြမ်း မြို့နယ်,Kyum Htaik (Lan Hpyi Lin) Village Tract,ကျွမ်ထိုက် (လန်ဖြီလင်) ကျေးရွာအုပ်စု,village_tract,,,unmatched,exact_township_name,Source township resolved but CoreMap township id not matched in admin pass
1623208,Shan State (North),ရှမ်းပြည်နယ် (မြောက်ပိုင်း),Konkyan Township,ကုန်းကြမ်း မြို့နယ်,Pang Yon Long Htan Village Tract,ပန်ရုံလုံထန် ကျေးရွာအုပ်စု,village_tract,,,unmatched,exact_township_name,Source township resolved but CoreMap township id not matched in admin pass
1623209,Shan State (North),ရှမ်းပြည်နယ် (မြောက်ပိုင်း),Konkyan Township,ကုန်းကြမ်း မြို့နယ်,Shauk Kai Village Tract,ရှောက်ကိုင် ကျေးရွာအုပ်စု,village_tract,,,unmatched,exact_township_name,Source township resolved but CoreMap township id not matched in admin pass
1623210,Shan State (North),ရှမ်းပြည်နယ် (မြောက်ပိုင်း),Konkyan Township,ကုန်းကြမ်း မြို့နယ်,Su Kyar Kyaing Village Tract,စူကြာကျိုင်း ကျေးရွာအုပ်စု,village_tract,,,unmatched,exact_township_name,Source township resolved but CoreMap township id not matched in admin pass
1623211,Shan State (North),ရှမ်းပြည်နယ် (မြောက်ပိုင်း),Konkyan Township,ကုန်းကြမ်း မြို့နယ်,Shin Hwar (Shin Hpyin Kai) Village Tract,ရှင်းဟွာ (ရှင်ဖျင်ကိုင်) ကျေးရွာအုပ်စု,village_tract,,,unmatched,exact_township_name,Source township resolved but CoreMap township id not matched in admin pass
1623212,Shan State (North),ရှမ်းပြည်နယ် (မြောက်ပိုင်း),Konkyan Township,ကုန်းကြမ်း မြို့နယ်,Long Htan Kyin Chan Village Tract,လုံထန်ကျင်ချန် ကျေးရွာအုပ်စု,village_tract,,,unmatched,exact_township_name,Source township resolved but CoreMap township id not matched in admin pass
1623213,Shan State (North),ရှမ်းပြည်နယ် (မြောက်ပိုင်း),Konkyan Township,ကုန်းကြမ်း မြို့နယ်,Kyin Hpan Village Tract,ကျင်ဖန် ကျေးရွာအုပ်စု,village_tract,,,unmatched,exact_township_name,Source township resolved but CoreMap township id not matched in admin pass
1623214,Shan State (North),ရှမ်းပြည်နယ် (မြောက်ပိုင်း),Konkyan Township,ကုန်းကြမ်း မြို့နယ်,Shar Pang Kaw Shan Village Tract,ရှန်ပန်ကော်ရှန် ကျေးရွာအုပ်စု,village_tract,,,unmatched,exact_township_name,Source township resolved but CoreMap township id not matched in admin pass
1623215,Shan State (North),ရှမ်းပြည်နယ် (မြောက်ပိုင်း),Konkyan Township,ကုန်းကြမ်း မြို့နယ်,Hson Kan Village Tract,ဆုံကန် ကျေးရွာအုပ်စု,village_tract,,,unmatched,exact_township_name,Source township resolved but CoreMap township id not matched in admin pass
1623216,Shan State (North),ရှမ်းပြည်နယ် (မြောက်ပိုင်း),Konkyan Township,ကုန်းကြမ်း မြို့နယ်,Mon Huong Tee Village Tract,မုန်ဟုန်တီး ကျေးရွာအုပ်စု,village_tract,,,unmatched,exact_township_name,Source township resolved but CoreMap township id not matched in admin pass
1623217,Shan State (North),ရှမ်းပြည်နယ် (မြောက်ပိုင်း),Konkyan Township,ကုန်းကြမ်း မြို့နယ်,Maw Htaik Village Tract,မော်ထိုက် ကျေးရွာအုပ်စု,village_tract,,,unmatched,exact_township_name,Source township resolved but CoreMap township id not matched in admin pass
1623218,Shan State (North),ရှမ်းပြည်နယ် (မြောက်ပိုင်း),Konkyan Township,ကုန်းကြမ်း မြို့နယ်,Maw Shan Chaung Village Tract,မော်ရှန်းချောင် ကျေးရွာအုပ်စု,village_tract,,,unmatched,exact_township_name,Source township resolved but CoreMap township id not matched in admin pass
1623219,Shan State (North),ရှမ်းပြည်နယ် (မြောက်ပိုင်း),Konkyan Township,ကုန်းကြမ်း မြို့နယ်,Son Haw Village Tract,စုံဟော် ကျေးရွာအုပ်စု,village_tract,,,unmatched,exact_township_name,Source township resolved but CoreMap township id not matched in admin pass
1623220,Shan State (North),ရှမ်းပြည်နယ် (မြောက်ပိုင်း),Konkyan Township,ကုန်းကြမ်း မြို့နယ်,Huong Aik Village Tract,ဟုံအိုက် ကျေးရွာအုပ်စု,village_tract,,,unmatched,exact_township_name,Source township resolved but CoreMap township id not matched in admin pass
1623221,Shan State (North),ရှမ်းပြည်နယ် (မြောက်ပိုင်း),Konkyan Township,ကုန်းကြမ်း မြို့နယ်,Shin Htan Village Tract,ရှင်းထန် ကျေးရွာအုပ်စု,village_tract,,,unmatched,exact_township_name,Source township resolved but CoreMap township id not matched in admin pass
1623222,Shan State (North),ရှမ်းပြည်နယ် (မြောက်ပိုင်း),Konkyan Township,ကုန်းကြမ်း မြို့နယ်,Shan Mar Kyin Sang Village Tract,ရှမ်မာကျင်ဝှမ်း ကျေးရွာအုပ်စု,village_tract,,,unmatched,exact_township_name,Source township resolved but CoreMap township id not matched in admin pass
1623223,Shan State (North),ရှမ်းပြည်နယ် (မြောက်ပိုင်း),Konkyan Township,ကုန်းကြမ်း မြို့နယ်,Kyar Kywe Su Village Tract,ကြာကြွယ်စူး ကျေးရွာအုပ်စု,village_tract,,,unmatched,exact_township_name,Source township resolved but CoreMap township id not matched in admin pass
1623224,Shan State (North),ရှမ်းပြည်နယ် (မြောက်ပိုင်း),Konkyan Township,ကုန်းကြမ်း မြို့နယ်,Myin An Man Maw Village Tract,မြင်အန်မန်မော် ကျေးရွာအုပ်စု,village_tract,,,unmatched,exact_township_name,Source township resolved but CoreMap township id not matched in admin pass
1623225,Shan State (North),ရှမ်းပြည်နယ် (မြောက်ပိုင်း),Konkyan Township,ကုန်းကြမ်း မြို့နယ်,Hon Aik (Hon Ai) Village Tract,ဟုံအိုက် ကျေးရွာအုပ်စု,village_tract,,,unmatched,exact_township_name,Source township resolved but CoreMap township id not matched in admin pass
1623226,Shan State (North),ရှမ်းပြည်နယ် (မြောက်ပိုင်း),Konkyan Township,ကုန်းကြမ်း မြို့နယ်,Mor Htaik (Mor Tai) Village Tract,မော်ထိုက် ကျေးရွာအုပ်စု,village_tract,,,unmatched,exact_township_name,Source township resolved but CoreMap township id not matched in admin pass
1623227,Shan State (North),ရှမ်းပြည်နယ် (မြောက်ပိုင်း),Konkyan Township,ကုန်းကြမ်း မြို့နယ်,Hson Kan (Chon Gang) Village Tract,ဆုံကန် ကျေးရွာအုပ်စု,village_tract,,,unmatched,exact_township_name,Source township resolved but CoreMap township id not matched in admin pass
1623228,Shan State (North),ရှမ်းပြည်နယ် (မြောက်ပိုင်း),Konkyan Township,ကုန်းကြမ်း မြို့နယ်,Shin Htan (Xing Tang) Village Tract,ရှင်ထန် ကျေးရွာအုပ်စု,village_tract,,,unmatched,exact_township_name,Source township resolved but CoreMap township id not matched in admin pass
1623229,Shan State (North),ရှမ်းပြည်နယ် (မြောက်ပိုင်း),Konkyan Township,ကုန်းကြမ်း မြို့နယ်,Sim Ping Kai Village Tract,စင်ပင်ကိုင်း ကျေးရွာအုပ်စု,village_tract,,,unmatched,exact_township_name,Source township resolved but CoreMap township id not matched in admin pass
1623230,Shan State (North),ရှမ်းပြည်နယ် (မြောက်ပိုင်း),Konkyan Township,ကုန်းကြမ်း မြို့နယ်,Lan Hpyay Lin (Lan Pi Lin) Village Tract,လမ်ဖြေလင် ကျေးရွာအုပ်စု,village_tract,,,unmatched,exact_township_name,Source township resolved but CoreMap township id not matched in admin pass
1623231,Shan State (North),ရှမ်းပြည်နယ် (မြောက်ပိုင်း),Konkyan Township,ကုန်းကြမ်း မြို့နယ်,Shaung Kaing (Shaokai) Village Tract,ရှောင်ကိုင်း ကျေးရွာအုပ်စု,village_tract,,,unmatched,exact_township_name,Source township resolved but CoreMap township id not matched in admin pass
1623232,Shan State (North),ရှမ်းပြည်နယ် (မြောက်ပိုင်း),Konkyan Township,ကုန်းကြမ်း မြို့နယ်,Kone Kyan Village Tract,ကုန်းကျန်း ကျေးရွာအုပ်စု,village_tract,,,unmatched,exact_township_name,Source township resolved but CoreMap township id not matched in admin pass
1624001,Shan State (North),ရှမ်းပြည်နယ် (မြောက်ပိုင်း),Matman Township,မက်မန်း မြို့နယ်,No (1) Quarter,အမှတ် (၁) ရပ်ကွက်,ward,,,unmatched,exact_township_name,Source township resolved but CoreMap township id not matched in admin pass
1624002,Shan State (North),ရှမ်းပြည်နယ် (မြောက်ပိုင်း),Matman Township,မက်မန်း မြို့နယ်,No (2) Quarter,အမှတ် (၂) ရပ်ကွက်,ward,,,unmatched,exact_township_name,Source township resolved but CoreMap township id not matched in admin pass
1624200,Shan State (North),ရှမ်းပြည်နယ် (မြောက်ပိုင်း),Matman Township,မက်မန်း မြို့နယ်,Aye Kyant Village Tract,အေးကျန့် ကျေးရွာအုပ်စု,village_tract,,,unmatched,exact_township_name,Source township resolved but CoreMap township id not matched in admin pass
1624201,Shan State (North),ရှမ်းပြည်နယ် (မြောက်ပိုင်း),Matman Township,မက်မန်း မြို့နယ်,Kawng Lan Village Tract,ကောင်းလန်း ကျေးရွာအုပ်စု,village_tract,,,unmatched,exact_township_name,Source township resolved but CoreMap township id not matched in admin pass
1624202,Shan State (North),ရှမ်းပြည်နယ် (မြောက်ပိုင်း),Matman Township,မက်မန်း မြို့နယ်,Hnget Yawng Village Tract,ငှက်ယောင်း ကျေးရွာအုပ်စု,village_tract,,,unmatched,exact_township_name,Source township resolved but CoreMap township id not matched in admin pass
1624203,Shan State (North),ရှမ်းပြည်နယ် (မြောက်ပိုင်း),Matman Township,မက်မန်း မြို့နယ်,Nam Taw Village Tract,နမ့်တော် ကျေးရွာအုပ်စု,village_tract,,,unmatched,exact_township_name,Source township resolved but CoreMap township id not matched in admin pass
1624204,Shan State (North),ရှမ်းပြည်နယ် (မြောက်ပိုင်း),Matman Township,မက်မန်း မြို့နယ်,Hsut Woe Village Tract,ဆွတ်ဝိုး ကျေးရွာအုပ်စု,village_tract,,,unmatched,exact_township_name,Source township resolved but CoreMap township id not matched in admin pass
1624205,Shan State (North),ရှမ်းပြည်နယ် (မြောက်ပိုင်း),Matman Township,မက်မန်း မြို့နယ်,Man Wein Village Tract,မန်ဝိန်း ကျေးရွာအုပ်စု,village_tract,,,unmatched,exact_township_name,Source township resolved but CoreMap township id not matched in admin pass
1624206,Shan State (North),ရှမ်းပြည်နယ် (မြောက်ပိုင်း),Matman Township,မက်မန်း မြို့နယ်,Yawng Au Village Tract,ရောင်အူ ကျေးရွာအုပ်စု,village_tract,,,unmatched,exact_township_name,Source township resolved but CoreMap township id not matched in admin pass
1624207,Shan State (North),ရှမ်းပြည်နယ် (မြောက်ပိုင်း),Matman Township,မက်မန်း မြို့နယ်,Tar Kaw Lay Village Tract,တာကော်လေး ကျေးရွာအုပ်စု,village_tract,,,unmatched,exact_township_name,Source township resolved but CoreMap township id not matched in admin pass
1624208,Shan State (North),ရှမ်းပြည်နယ် (မြောက်ပိုင်း),Matman Township,မက်မန်း မြို့နယ်,Wein Nawng Village Tract,ဝိန်းနောင် ကျေးရွာအုပ်စု,village_tract,,,unmatched,exact_township_name,Source township resolved but CoreMap township id not matched in admin pass
1624209,Shan State (North),ရှမ်းပြည်နယ် (မြောက်ပိုင်း),Matman Township,မက်မန်း မြို့နယ်,Min Yan Aung Village Tract,မင်းရန်အောင် ကျေးရွာအုပ်စု,village_tract,,,unmatched,exact_township_name,Source township resolved but CoreMap township id not matched in admin pass
1624210,Shan State (North),ရှမ်းပြည်နယ် (မြောက်ပိုင်း),Matman Township,မက်မန်း မြို့နယ်,Wan Sa Lawng Village Tract,ဝမ်စလောင်း ကျေးရွာအုပ်စု,village_tract,,,unmatched,exact_township_name,Source township resolved but CoreMap township id not matched in admin pass
1624211,Shan State (North),ရှမ်းပြည်နယ် (မြောက်ပိုင်း),Matman Township,မက်မန်း မြို့နယ်,Pang Yang Village Tract,ပန်ယန်း ကျေးရွာအုပ်စု,village_tract,,,unmatched,exact_township_name,Source township resolved but CoreMap township id not matched in admin pass
1624212,Shan State (North),ရှမ်းပြည်နယ် (မြောက်ပိုင်း),Matman Township,မက်မန်း မြို့နယ်,Nawt War Village Tract,နော့ဝါ ကျေးရွာအုပ်စု,village_tract,,,unmatched,exact_township_name,Source township resolved but CoreMap township id not matched in admin pass
1624213,Shan State (North),ရှမ်းပြည်နယ် (မြောက်ပိုင်း),Matman Township,မက်မန်း မြို့နယ်,Yawng An Village Tract,ရောင်အန် ကျေးရွာအုပ်စု,village_tract,,,unmatched,exact_township_name,Source township resolved but CoreMap township id not matched in admin pass
1624214,Shan State (North),ရှမ်းပြည်နယ် (မြောက်ပိုင်း),Matman Township,မက်မန်း မြို့နယ်,Moke Pyin Village Tract,မုတ်ပြင်း ကျေးရွာအုပ်စု,village_tract,,,unmatched,exact_township_name,Source township resolved but CoreMap township id not matched in admin pass
1624215,Shan State (North),ရှမ်းပြည်နယ် (မြောက်ပိုင်း),Matman Township,မက်မန်း မြို့နယ်,Nar Lont Village Tract,နားလုံ့ ကျေးရွာအုပ်စု,village_tract,,,unmatched,exact_township_name,Source township resolved but CoreMap township id not matched in admin pass
1624216,Shan State (North),ရှမ်းပြည်နယ် (မြောက်ပိုင်း),Matman Township,မက်မန်း မြို့နယ်,Kun Hawng Village Tract,ကွန်ဟောင်း ကျေးရွာအုပ်စု,village_tract,,,unmatched,exact_township_name,Source township resolved but CoreMap township id not matched in admin pass
1624217,Shan State (North),ရှမ်းပြည်နယ် (မြောက်ပိုင်း),Matman Township,မက်မန်း မြို့နယ်,Nawt La Village Tract,နော့လ ကျေးရွာအုပ်စု,village_tract,,,unmatched,exact_township_name,Source township resolved but CoreMap township id not matched in admin pass
1624218,Shan State (North),ရှမ်းပြည်နယ် (မြောက်ပိုင်း),Matman Township,မက်မန်း မြို့နယ်,Aw Hkay Hseng Village Tract,အော်ခေဆိုင် ကျေးရွာအုပ်စု,village_tract,,,unmatched,exact_township_name,Source township resolved but CoreMap township id not matched in admin pass
1624219,Shan State (North),ရှမ်းပြည်နယ် (မြောက်ပိုင်း),Matman Township,မက်မန်း မြို့နယ်,Long Nauk Village Tract,လုံနောက် ကျေးရွာအုပ်စု,village_tract,,,unmatched,exact_township_name,Source township resolved but CoreMap township id not matched in admin pass
1624220,Shan State (North),ရှမ်းပြည်နယ် (မြောက်ပိုင်း),Matman Township,မက်မန်း မြို့နယ်,Yawng Pang Village Tract,ယောင်ပန် ကျေးရွာအုပ်စု,village_tract,,,unmatched,exact_township_name,Source township resolved but CoreMap township id not matched in admin pass
1624221,Shan State (North),ရှမ်းပြည်နယ် (မြောက်ပိုင်း),Matman Township,မက်မန်း မြို့နယ်,Yawng Lan Village Tract,ရောင်လန် ကျေးရွာအုပ်စု,village_tract,,,unmatched,exact_township_name,Source township resolved but CoreMap township id not matched in admin pass
1624222,Shan State (North),ရှမ်းပြည်နယ် (မြောက်ပိုင်း),Matman Township,မက်မန်း မြို့နယ်,Mut Chu Village Tract,မွတ်ချူး ကျေးရွာအုပ်စု,village_tract,,,unmatched,exact_township_name,Source township resolved but CoreMap township id not matched in admin pass
1624223,Shan State (North),ရှမ်းပြည်နယ် (မြောက်ပိုင်း),Matman Township,မက်မန်း မြို့နယ်,Wan Hpin Village Tract,ဝမ်ဖင်း ကျေးရွာအုပ်စု,village_tract,,,unmatched,exact_township_name,Source township resolved but CoreMap township id not matched in admin pass
1624224,Shan State (North),ရှမ်းပြည်နယ် (မြောက်ပိုင်း),Matman Township,မက်မန်း မြို့နယ်,Lai Lin Village Tract,လိုင်လင်း ကျေးရွာအုပ်စု,village_tract,,,unmatched,exact_township_name,Source township resolved but CoreMap township id not matched in admin pass
1624225,Shan State (North),ရှမ်းပြည်နယ် (မြောက်ပိုင်း),Matman Township,မက်မန်း မြို့နယ်,Wet Hpa Village Tract,ဝက်ဖ ကျေးရွာအုပ်စု,village_tract,,,unmatched,exact_township_name,Source township resolved but CoreMap township id not matched in admin pass
1624226,Shan State (North),ရှမ်းပြည်နယ် (မြောက်ပိုင်း),Matman Township,မက်မန်း မြို့နယ်,Mut Hai Village Tract,မွတ်ဟိုင်း ကျေးရွာအုပ်စု,village_tract,,,unmatched,exact_township_name,Source township resolved but CoreMap township id not matched in admin pass
1624227,Shan State (North),ရှမ်းပြည်နယ် (မြောက်ပိုင်း),Matman Township,မက်မန်း မြို့နယ်,Nawng Pat Village Tract,နောင်ပတ် ကျေးရွာအုပ်စု,village_tract,,,unmatched,exact_township_name,Source township resolved but CoreMap township id not matched in admin pass
1660001,Shan State (North),ရှမ်းပြည်နယ် (မြောက်ပိုင်း),Man Kan Town,မန်ကန် မြို့,No (1) Quarter,အမှတ် (၁) ရပ်ကွက်,ward,,,unmatched,exact_town_to_parent_township,Source township resolved but CoreMap township id not matched in admin pass
1660002,Shan State (North),ရှမ်းပြည်နယ် (မြောက်ပိုင်း),Man Kan Town,မန်ကန် မြို့,No (2) Quarter,အမှတ် (၂) ရပ်ကွက်,ward,,,unmatched,exact_town_to_parent_township,Source township resolved but CoreMap township id not matched in admin pass
1660003,Shan State (North),ရှမ်းပြည်နယ် (မြောက်ပိုင်း),Man Kan Town,မန်ကန် မြို့,No (3) Quarter,အမှတ် (၃) ရပ်ကွက်,ward,,,unmatched,exact_town_to_parent_township,Source township resolved but CoreMap township id not matched in admin pass
1667001,Shan State (North),ရှမ်းပြည်နယ် (မြောက်ပိုင်း),Nam Tit Town,နမ့်တစ် မြို့,No (1) Quarter,အမှတ် (၁) ရပ်ကွက်,ward,,,unmatched,exact_town_to_parent_township,Source township resolved but CoreMap township id not matched in admin pass
1667002,Shan State (North),ရှမ်းပြည်နယ် (မြောက်ပိုင်း),Nam Tit Town,နမ့်တစ် မြို့,No (2) Quarter,အမှတ် (၂) ရပ်ကွက်,ward,,,unmatched,exact_town_to_parent_township,Source township resolved but CoreMap township id not matched in admin pass
1667003,Shan State (North),ရှမ်းပြည်နယ် (မြောက်ပိုင်း),Nam Tit Town,နမ့်တစ် မြို့,No (3) Quarter,အမှတ် (၃) ရပ်ကွက်,ward,,,unmatched,exact_town_to_parent_township,Source township resolved but CoreMap township id not matched in admin pass
1667004,Shan State (North),ရှမ်းပြည်နယ် (မြောက်ပိုင်း),Nam Tit Town,နမ့်တစ် မြို့,No (4) Quarter,အမှတ် (၄) ရပ်ကွက်,ward,,,unmatched,exact_town_to_parent_township,Source township resolved but CoreMap township id not matched in admin pass
1667005,Shan State (North),ရှမ်းပြည်နယ် (မြောက်ပိုင်း),Nam Tit Town,နမ့်တစ် မြို့,No (5) Quarter,အမှတ် (၅) ရပ်ကွက်,ward,,,unmatched,exact_town_to_parent_township,Source township resolved but CoreMap township id not matched in admin pass
1668001,Shan State (North),ရှမ်းပြည်နယ် (မြောက်ပိုင်း),Pan Lon Town,ပန်လုံ မြို့,No (1) Quarter,အမှတ် (၁) ရပ်ကွက်,ward,,,unmatched,exact_town_to_parent_township,Source township resolved but CoreMap township id not matched in admin pass
1668002,Shan State (North),ရှမ်းပြည်နယ် (မြောက်ပိုင်း),Pan Lon Town,ပန်လုံ မြို့,No (2) Quarter,အမှတ် (၂) ရပ်ကွက်,ward,,,unmatched,exact_town_to_parent_township,Source township resolved but CoreMap township id not matched in admin pass
1668003,Shan State (North),ရှမ်းပြည်နယ် (မြောက်ပိုင်း),Pan Lon Town,ပန်လုံ မြို့,No (3) Quarter,အမှတ် (၃) ရပ်ကွက်,ward,,,unmatched,exact_town_to_parent_township,Source township resolved but CoreMap township id not matched in admin pass
1668004,Shan State (North),ရှမ်းပြည်နယ် (မြောက်ပိုင်း),Pan Lon Town,ပန်လုံ မြို့,No (4) Quarter,အမှတ် (၄) ရပ်ကွက်,ward,,,unmatched,exact_town_to_parent_township,Source township resolved but CoreMap township id not matched in admin pass
1668005,Shan State (North),ရှမ်းပြည်နယ် (မြောက်ပိုင်း),Pan Lon Town,ပန်လုံ မြို့,No (5) Quarter,အမှတ် (၅) ရပ်ကွက်,ward,,,unmatched,exact_town_to_parent_township,Source township resolved but CoreMap township id not matched in admin pass
1668006,Shan State (North),ရှမ်းပြည်နယ် (မြောက်ပိုင်း),Pan Lon Town,ပန်လုံ မြို့,No (6) Quarter,အမှတ် (၆) ရပ်ကွက်,ward,,,unmatched,exact_town_to_parent_township,Source township resolved but CoreMap township id not matched in admin pass
1668007,Shan State (North),ရှမ်းပြည်နယ် (မြောက်ပိုင်း),Pan Lon Town,ပန်လုံ မြို့,No (7) Quarter,အမှတ် (၇) ရပ်ကွက်,ward,,,unmatched,exact_town_to_parent_township,Source township resolved but CoreMap township id not matched in admin pass
1668008,Shan State (North),ရှမ်းပြည်နယ် (မြောက်ပိုင်း),Pan Lon Town,ပန်လုံ မြို့,No (8) Quarter,အမှတ် (၈) ရပ်ကွက်,ward,,,unmatched,exact_town_to_parent_township,Source township resolved but CoreMap township id not matched in admin pass
1670001,Shan State (North),ရှမ်းပြည်နယ် (မြောက်ပိုင်း),Maw Hteik Town,​မော်ထိုက် မြို့,No (1) Quarter,အမှတ် (၁) ရပ်ကွက်,ward,,,unmatched,exact_town_to_parent_township,Source township resolved but CoreMap township id not matched in admin pass
1670002,Shan State (North),ရှမ်းပြည်နယ် (မြောက်ပိုင်း),Maw Hteik Town,​မော်ထိုက် မြို့,No (2) Quarter,အမှတ် (၂) ရပ်ကွက်,ward,,,unmatched,exact_town_to_parent_township,Source township resolved but CoreMap township id not matched in admin pass
1670003,Shan State (North),ရှမ်းပြည်နယ် (မြောက်ပိုင်း),Maw Hteik Town,​မော်ထိုက် မြို့,No (3) Quarter,အမှတ် (၃) ရပ်ကွက်,ward,,,unmatched,exact_town_to_parent_township,Source township resolved but CoreMap township id not matched in admin pass
1671001,Shan State (North),ရှမ်းပြည်နယ် (မြောက်ပိုင်း),Wein Kawn Town,ဝိန်းကောင် မြို့,Wein Kawn Quarter,ဝိန်းကောင် ရပ်ကွက်,ward,,,unmatched,unmatched,Could not uniquely resolve township; do not create admin polygon from postal name
1707001,Shan State (East),ရှမ်းပြည်နယ် (အရှေ့),Mongton Township,မိုင်းတုံ မြို့နယ်,Myo Ma Quarter,မြို့မ ရပ်ကွက်,ward,,,unmatched,exact_township_name,Source township resolved but CoreMap township id not matched in admin pass
1707002,Shan State (East),ရှမ်းပြည်နယ် (အရှေ့),Mongton Township,မိုင်းတုံ မြို့နယ်,Nawng Pa Yin Quarter,နောင်ပါရင် ရပ်ကွက်,ward,,,unmatched,exact_township_name,Source township resolved but CoreMap township id not matched in admin pass
1707003,Shan State (East),ရှမ်းပြည်နယ် (အရှေ့),Mongton Township,မိုင်းတုံ မြို့နယ်,Wan Mai Quarter,ဝမ်မိုင် ရပ်ကွက်,ward,,,unmatched,exact_township_name,Source township resolved but CoreMap township id not matched in admin pass
1707200,Shan State (East),ရှမ်းပြည်နယ် (အရှေ့),Mongton Township,မိုင်းတုံ မြို့နယ်,Kone Ti Vi Village Tract,ကုန်းတီဗွီ ကျေးရွာအုပ်စု,village_tract,,,unmatched,exact_township_name,Source township resolved but CoreMap township id not matched in admin pass
1707201,Shan State (East),ရှမ်းပြည်နယ် (အရှေ့),Mongton Township,မိုင်းတုံ မြို့နယ်,Hkaing Long Village Tract,ခိုင်းလုံ ကျေးရွာအုပ်စု,village_tract,,,unmatched,exact_township_name,Source township resolved but CoreMap township id not matched in admin pass
1707202,Shan State (East),ရှမ်းပြည်နယ် (အရှေ့),Mongton Township,မိုင်းတုံ မြို့နယ်,Hsan Kyu Village Tract,ဆန်ကျူ ကျေးရွာအုပ်စု,village_tract,,,unmatched,exact_township_name,Source township resolved but CoreMap township id not matched in admin pass
1707203,Shan State (East),ရှမ်းပြည်နယ် (အရှေ့),Mongton Township,မိုင်းတုံ မြို့နယ်,Tan Goe (Tan Woe) Village Tract,တန်ဂိုး (တန်ဝိုး) ကျေးရွာအုပ်စု,village_tract,,,unmatched,exact_township_name,Source township resolved but CoreMap township id not matched in admin pass
1707204,Shan State (East),ရှမ်းပြည်နယ် (အရှေ့),Mongton Township,မိုင်းတုံ မြို့နယ်,Nam Hu Hkun Village Tract,နမ့်ဟူးခွန် ကျေးရွာအုပ်စု,village_tract,,,unmatched,exact_township_name,Source township resolved but CoreMap township id not matched in admin pass
1707205,Shan State (East),ရှမ်းပြည်နယ် (အရှေ့),Mongton Township,မိုင်းတုံ မြို့နယ်,Pang Say Htauk Village Tract,ပန်စေထောက် ကျေးရွာအုပ်စု,village_tract,,,unmatched,exact_township_name,Source township resolved but CoreMap township id not matched in admin pass
1707206,Shan State (East),ရှမ်းပြည်နယ် (အရှေ့),Mongton Township,မိုင်းတုံ မြို့နယ်,Hpar Chei Village Tract,ဖာချယ် ကျေးရွာအုပ်စု,village_tract,,,unmatched,exact_township_name,Source township resolved but CoreMap township id not matched in admin pass
1707207,Shan State (East),ရှမ်းပြည်နယ် (အရှေ့),Mongton Township,မိုင်းတုံ မြို့နယ်,Mong Kan Village Tract,မိုင်းကန် ကျေးရွာအုပ်စု,village_tract,,,unmatched,exact_township_name,Source township resolved but CoreMap township id not matched in admin pass
1707208,Shan State (East),ရှမ်းပြည်နယ် (အရှေ့),Mongton Township,မိုင်းတုံ မြို့နယ်,Mongton Village Tract,မိုင်းတုံ ကျေးရွာအုပ်စု,village_tract,,,unmatched,exact_township_name,Source township resolved but CoreMap township id not matched in admin pass
1707209,Shan State (East),ရှမ်းပြည်နယ် (အရှေ့),Mongton Township,မိုင်းတုံ မြို့နယ်,Mong Han Village Tract,မိုင်းဟန် ကျေးရွာအုပ်စု,village_tract,,,unmatched,exact_township_name,Source township resolved but CoreMap township id not matched in admin pass
1707210,Shan State (East),ရှမ်းပြည်နယ် (အရှေ့),Mongton Township,မိုင်းတုံ မြို့နယ်,Mone Htaw Village Tract,မုန်းထော် ကျေးရွာအုပ်စု,village_tract,,,unmatched,exact_township_name,Source township resolved but CoreMap township id not matched in admin pass
1707211,Shan State (East),ရှမ်းပြည်နယ် (အရှေ့),Mongton Township,မိုင်းတုံ မြို့နယ်,Me Kin Village Tract,မဲကင် ကျေးရွာအုပ်စု,village_tract,,,unmatched,exact_township_name,Source township resolved but CoreMap township id not matched in admin pass
1707212,Shan State (East),ရှမ်းပြည်နယ် (အရှေ့),Mongton Township,မိုင်းတုံ မြို့နယ်,Loi Hkam Long Village Tract,လွယ်ခမ်းလုံ ကျေးရွာအုပ်စု,village_tract,,,unmatched,exact_township_name,Source township resolved but CoreMap township id not matched in admin pass
1707213,Shan State (East),ရှမ်းပြည်နယ် (အရှေ့),Mongton Township,မိုင်းတုံ မြို့နယ်,Hway Yawng Village Tract,ဟွေယောင်း ကျေးရွာအုပ်စု,village_tract,,,unmatched,exact_township_name,Source township resolved but CoreMap township id not matched in admin pass
1707214,Shan State (East),ရှမ်းပြည်နယ် (အရှေ့),Mongton Township,မိုင်းတုံ မြို့နယ်,Hway Ah (Hway Ha) Village Tract,ဟွေအ (ဟွေဟ) ကျေးရွာအုပ်စု,village_tract,,,unmatched,exact_township_name,Source township resolved but CoreMap township id not matched in admin pass
1707215,Shan State (East),ရှမ်းပြည်နယ် (အရှေ့),Mongton Township,မိုင်းတုံ မြို့နယ်,Hway Aw Village Tract,ဟွေအော ကျေးရွာအုပ်စု,village_tract,,,unmatched,exact_township_name,Source township resolved but CoreMap township id not matched in admin pass
1707216,Shan State (East),ရှမ်းပြည်နယ် (အရှေ့),Mongton Township,မိုင်းတုံ မြို့နယ်,Ho Pang Village Tract,ဟိုပန် ကျေးရွာအုပ်စု,village_tract,,,unmatched,exact_township_name,Source township resolved but CoreMap township id not matched in admin pass
1710001,Shan State (East),ရှမ်းပြည်နယ် (အရှေ့),Mongyawng Township,မိုင်းယောင်း မြို့နယ်,No (1) Quarter,အမှတ် (၁) ရပ်ကွက်,ward,,,unmatched,exact_township_name,Source township resolved but CoreMap township id not matched in admin pass
1710002,Shan State (East),ရှမ်းပြည်နယ် (အရှေ့),Mongyawng Township,မိုင်းယောင်း မြို့နယ်,No (2) Quarter,အမှတ် (၂) ရပ်ကွက်,ward,,,unmatched,exact_township_name,Source township resolved but CoreMap township id not matched in admin pass
1710003,Shan State (East),ရှမ်းပြည်နယ် (အရှေ့),Mongyawng Township,မိုင်းယောင်း မြို့နယ်,No (3) Quarter,အမှတ် (၃) ရပ်ကွက်,ward,,,unmatched,exact_township_name,Source township resolved but CoreMap township id not matched in admin pass
1710004,Shan State (East),ရှမ်းပြည်နယ် (အရှေ့),Mongyawng Township,မိုင်းယောင်း မြို့နယ်,No (4) Quarter,အမှတ် (၄) ရပ်ကွက်,ward,,,unmatched,exact_township_name,Source township resolved but CoreMap township id not matched in admin pass
1710005,Shan State (East),ရှမ်းပြည်နယ် (အရှေ့),Mongyawng Township,မိုင်းယောင်း မြို့နယ်,No (5) Quarter,အမှတ် (၅) ရပ်ကွက်,ward,,,unmatched,exact_township_name,Source township resolved but CoreMap township id not matched in admin pass
1710006,Shan State (East),ရှမ်းပြည်နယ် (အရှေ့),Mongyawng Township,မိုင်းယောင်း မြို့နယ်,No (6) Quarter,အမှတ် (၆) ရပ်ကွက်,ward,,,unmatched,exact_township_name,Source township resolved but CoreMap township id not matched in admin pass
1710007,Shan State (East),ရှမ်းပြည်နယ် (အရှေ့),Mongyawng Township,မိုင်းယောင်း မြို့နယ်,No (7) Quarter,အမှတ် (၇) ရပ်ကွက်,ward,,,unmatched,exact_township_name,Source township resolved but CoreMap township id not matched in admin pass
1710008,Shan State (East),ရှမ်းပြည်နယ် (အရှေ့),Mongyawng Township,မိုင်းယောင်း မြို့နယ်,No (8) Quarter,အမှတ် (၈) ရပ်ကွက်,ward,,,unmatched,exact_township_name,Source township resolved but CoreMap township id not matched in admin pass
1710009,Shan State (East),ရှမ်းပြည်နယ် (အရှေ့),Mongyawng Township,မိုင်းယောင်း မြို့နယ်,No (9) Quarter,အမှတ် (၉) ရပ်ကွက်,ward,,,unmatched,exact_township_name,Source township resolved but CoreMap township id not matched in admin pass
1710200,Shan State (East),ရှမ်းပြည်နယ် (အရှေ့),Mongyawng Township,မိုင်းယောင်း မြို့နယ်,Keng Kone Village Tract,ကျိုင်းကုန်း ကျေးရွာအုပ်စု,village_tract,,,unmatched,exact_township_name,Source township resolved but CoreMap township id not matched in admin pass
1710201,Shan State (East),ရှမ်းပြည်နယ် (အရှေ့),Mongyawng Township,မိုင်းယောင်း မြို့နယ်,Keng Hkam Village Tract,ကျိုင်းခမ်း ကျေးရွာအုပ်စု,village_tract,,,unmatched,exact_township_name,Source township resolved but CoreMap township id not matched in admin pass
1710202,Shan State (East),ရှမ်းပြည်နယ် (အရှေ့),Mongyawng Township,မိုင်းယောင်း မြို့နယ်,Mong Hkan Village Tract,မိုင်းခန်း ကျေးရွာအုပ်စု,village_tract,,,unmatched,exact_township_name,Source township resolved but CoreMap township id not matched in admin pass
1710203,Shan State (East),ရှမ်းပြည်နယ် (အရှေ့),Mongyawng Township,မိုင်းယောင်း မြို့နယ်,Mong Hsaw Village Tract,မိုင်းဆော် ကျေးရွာအုပ်စု,village_tract,,,unmatched,exact_township_name,Source township resolved but CoreMap township id not matched in admin pass
1710204,Shan State (East),ရှမ်းပြည်နယ် (အရှေ့),Mongyawng Township,မိုင်းယောင်း မြို့နယ်,Mong Htan Village Tract,မိုင်းထန် ကျေးရွာအုပ်စု,village_tract,,,unmatched,exact_township_name,Source township resolved but CoreMap township id not matched in admin pass
1710205,Shan State (East),ရှမ်းပြည်နယ် (အရှေ့),Mongyawng Township,မိုင်းယောင်း မြို့နယ်,Mong Nang Village Tract,မိုင်းနန်း ကျေးရွာအုပ်စု,village_tract,,,unmatched,exact_township_name,Source township resolved but CoreMap township id not matched in admin pass
1710206,Shan State (East),ရှမ်းပြည်နယ် (အရှေ့),Mongyawng Township,မိုင်းယောင်း မြို့နယ်,Mong Lway Village Tract,မိုင်းလွေ ကျေးရွာအုပ်စု,village_tract,,,unmatched,exact_township_name,Source township resolved but CoreMap township id not matched in admin pass
1710207,Shan State (East),ရှမ်းပြည်နယ် (အရှေ့),Mongyawng Township,မိုင်းယောင်း မြို့နယ်,Mong Hee Village Tract,မိုင်းဟီး ကျေးရွာအုပ်စု,village_tract,,,unmatched,exact_township_name,Source township resolved but CoreMap township id not matched in admin pass
1710208,Shan State (East),ရှမ်းပြည်နယ် (အရှေ့),Mongyawng Township,မိုင်းယောင်း မြို့နယ်,Mong Laik Village Tract,မုန်းလိုက် ကျေးရွာအုပ်စု,village_tract,,,unmatched,exact_township_name,Source township resolved but CoreMap township id not matched in admin pass
1710209,Shan State (East),ရှမ်းပြည်နယ် (အရှေ့),Mongyawng Township,မိုင်းယောင်း မြို့နယ်,Wan Kawng Village Tract,ဝမ်ကောင်း ကျေးရွာအုပ်စု,village_tract,,,unmatched,exact_township_name,Source township resolved but CoreMap township id not matched in admin pass
1710210,Shan State (East),ရှမ်းပြည်နယ် (အရှေ့),Mongyawng Township,မိုင်းယောင်း မြို့နယ်,Wan Tat Village Tract,ဝမ်တပ် ကျေးရွာအုပ်စု,village_tract,,,unmatched,exact_township_name,Source township resolved but CoreMap township id not matched in admin pass
1710211,Shan State (East),ရှမ်းပြည်နယ် (အရှေ့),Mongyawng Township,မိုင်းယောင်း မြို့နယ်,Wan Htan Kyant Village Tract,ဝမ်ထန်ကျန့် ကျေးရွာအုပ်စု,village_tract,,,unmatched,exact_township_name,Source township resolved but CoreMap township id not matched in admin pass
1710212,Shan State (East),ရှမ်းပြည်နယ် (အရှေ့),Mongyawng Township,မိုင်းယောင်း မြို့နယ်,Wan Dun Nwet Village Tract,ဝမ်ဒွန်းနွဲ့ ကျေးရွာအုပ်စု,village_tract,,,unmatched,exact_township_name,Source township resolved but CoreMap township id not matched in admin pass
1710213,Shan State (East),ရှမ်းပြည်နယ် (အရှေ့),Mongyawng Township,မိုင်းယောင်း မြို့နယ်,Wan Par Hoke Village Tract,ဝမ်ပါဟုတ် ကျေးရွာအုပ်စု,village_tract,,,unmatched,exact_township_name,Source township resolved but CoreMap township id not matched in admin pass
1710214,Shan State (East),ရှမ်းပြည်နယ် (အရှေ့),Mongyawng Township,မိုင်းယောင်း မြို့နယ်,Wan Hpyat Village Tract,ဝမ်ဖြတ် ကျေးရွာအုပ်စု,village_tract,,,unmatched,exact_township_name,Source township resolved but CoreMap township id not matched in admin pass
1710215,Shan State (East),ရှမ်းပြည်နယ် (အရှေ့),Mongyawng Township,မိုင်းယောင်း မြို့နယ်,Wan Boe Village Tract,ဝမ်ဘိုး ကျေးရွာအုပ်စု,village_tract,,,unmatched,exact_township_name,Source township resolved but CoreMap township id not matched in admin pass
1710216,Shan State (East),ရှမ်းပြည်နယ် (အရှေ့),Mongyawng Township,မိုင်းယောင်း မြို့နယ်,Wan Man Village Tract,ဝမ်မန်း ကျေးရွာအုပ်စု,village_tract,,,unmatched,exact_township_name,Source township resolved but CoreMap township id not matched in admin pass
1710217,Shan State (East),ရှမ်းပြည်နယ် (အရှေ့),Mongyawng Township,မိုင်းယောင်း မြို့နယ်,Wan Inn Village Tract,ဝမ်အင် ကျေးရွာအုပ်စု,village_tract,,,unmatched,exact_township_name,Source township resolved but CoreMap township id not matched in admin pass
1710218,Shan State (East),ရှမ်းပြည်နယ် (အရှေ့),Mongyawng Township,မိုင်းယောင်း မြို့နယ်,Hway Hpa Village Tract,ဟွေဖ ကျေးရွာအုပ်စု,village_tract,,,unmatched,exact_township_name,Source township resolved but CoreMap township id not matched in admin pass
1710219,Shan State (East),ရှမ်းပြည်နယ် (အရှေ့),Mongyawng Township,မိုင်းယောင်း မြို့နယ်,Hawng Kyant Village Tract,ဟောင်ကြန့် ကျေးရွာအုပ်စု,village_tract,,,unmatched,exact_township_name,Source township resolved but CoreMap township id not matched in admin pass
1711200,Shan State (East),ရှမ်းပြည်နယ် (အရှေ့),Ho Tawng (Ho Tao) Township,ဟိုတောင်း မြို့နယ်,Ho Tawng (Ho Tao) Village Tract,ဟိုတောင်း ကျေးရွာအုပ်စု,village_tract,,,unmatched,unmatched,Could not uniquely resolve township; do not create admin polygon from postal name
1711201,Shan State (East),ရှမ်းပြည်နယ် (အရှေ့),Ho Tawng (Ho Tao) Township,ဟိုတောင်း မြို့နယ်,Kyein Hkam Village Tract,ကျိမ်းခမ်း ကျေးရွာအုပ်စု,village_tract,,,unmatched,unmatched,Could not uniquely resolve township; do not create admin polygon from postal name
1711202,Shan State (East),ရှမ်းပြည်နယ် (အရှေ့),Ho Tawng (Ho Tao) Township,ဟိုတောင်း မြို့နယ်,Nam Du Village Tract,နမ်ဒူ ကျေးရွာအုပ်စု,village_tract,,,unmatched,unmatched,Could not uniquely resolve township; do not create admin polygon from postal name
1711203,Shan State (East),ရှမ်းပြည်နယ် (အရှေ့),Ho Tawng (Ho Tao) Township,ဟိုတောင်း မြို့နယ်,Nam Tun Village Tract,နမ့်တွန် ကျေးရွာအုပ်စု,village_tract,,,unmatched,unmatched,Could not uniquely resolve township; do not create admin polygon from postal name
1711204,Shan State (East),ရှမ်းပြည်နယ် (အရှေ့),Ho Tawng (Ho Tao) Township,ဟိုတောင်း မြို့နယ်,Nawng Tawng Village Tract,နောင်တောင်း ကျေးရွာအုပ်စု,village_tract,,,unmatched,unmatched,Could not uniquely resolve township; do not create admin polygon from postal name
1762001,Shan State (East),ရှမ်းပြည်နယ် (အရှေ့),Ponparkyin Town,ပုံပါကျင် မြို့,No (1) Quarter,အမှတ် (၁) ရပ်ကွက်,ward,,,unmatched,exact_town_to_parent_township,Source township resolved but CoreMap township id not matched in admin pass
1762002,Shan State (East),ရှမ်းပြည်နယ် (အရှေ့),Ponparkyin Town,ပုံပါကျင် မြို့,No (2) Quarter,အမှတ် (၂) ရပ်ကွက်,ward,,,unmatched,exact_town_to_parent_township,Source township resolved but CoreMap township id not matched in admin pass
1762003,Shan State (East),ရှမ်းပြည်နယ် (အရှေ့),Ponparkyin Town,ပုံပါကျင် မြို့,No (3) Quarter,အမှတ် (၃) ရပ်ကွက်,ward,,,unmatched,exact_town_to_parent_township,Source township resolved but CoreMap township id not matched in admin pass
1762004,Shan State (East),ရှမ်းပြည်နယ် (အရှေ့),Ponparkyin Town,ပုံပါကျင် မြို့,No (4) Quarter,အမှတ် (၄) ရပ်ကွက်,ward,,,unmatched,exact_town_to_parent_township,Source township resolved but CoreMap township id not matched in admin pass
1762005,Shan State (East),ရှမ်းပြည်နယ် (အရှေ့),Ponparkyin Town,ပုံပါကျင် မြို့,No (5) Quarter,အမှတ် (၅) ရပ်ကွက်,ward,,,unmatched,exact_town_to_parent_township,Source township resolved but CoreMap township id not matched in admin pass
1763001,Shan State (East),ရှမ်းပြည်နယ် (အရှေ့),Hmone Hta Town,မုံးထ မြို့,No (1) Quarter,အမှတ် (၁) ရပ်ကွက်,ward,,,unmatched,exact_town_to_parent_township,Source township resolved but CoreMap township id not matched in admin pass
1763002,Shan State (East),ရှမ်းပြည်နယ် (အရှေ့),Hmone Hta Town,မုံးထ မြို့,No (2) Quarter,အမှတ် (၂) ရပ်ကွက်,ward,,,unmatched,exact_town_to_parent_township,Source township resolved but CoreMap township id not matched in admin pass
1763003,Shan State (East),ရှမ်းပြည်နယ် (အရှေ့),Hmone Hta Town,မုံးထ မြို့,No (3) Quarter,အမှတ် (၃) ရပ်ကွက်,ward,,,unmatched,exact_town_to_parent_township,Source township resolved but CoreMap township id not matched in admin pass
1766001,Shan State (East),ရှမ်းပြည်နယ် (အရှေ့),Mongyu Town,မိုင်းယု မြို့,Mongyu Myo Ma Quarter,မိုင်းယုမြို့မ ရပ်ကွက်,ward,,,unmatched,exact_town_to_parent_township,Source township resolved but CoreMap township id not matched in admin pass
1801001,Bago Region (West),ပဲခူးတိုင်းဒေသကြီး (အနောက်),Pyay Township,ပြည် မြို့နယ်,Na Win Ward Quarter,နဝင်း ရပ်ကွက်,ward,,,unmatched,exact_township_name,Source township resolved but CoreMap township id not matched in admin pass
1801002,Bago Region (West),ပဲခူးတိုင်းဒေသကြီး (အနောက်),Pyay Township,ပြည် မြို့နယ်,Shwe Ku Quarter,ရွှေကူ ရပ်ကွက်,ward,,,unmatched,exact_township_name,Source township resolved but CoreMap township id not matched in admin pass
1801003,Bago Region (West),ပဲခူးတိုင်းဒေသကြီး (အနောက်),Pyay Township,ပြည် မြို့နယ်,Oe Tan Quarter,အိုးတန်း ရပ်ကွက်,ward,,,unmatched,exact_township_name,Source township resolved but CoreMap township id not matched in admin pass
1801004,Bago Region (West),ပဲခူးတိုင်းဒေသကြီး (အနောက်),Pyay Township,ပြည် မြို့နယ်,San Taw Quarter,ဆံတော် ရပ်ကွက်,ward,,,unmatched,exact_township_name,Source township resolved but CoreMap township id not matched in admin pass
1801005,Bago Region (West),ပဲခူးတိုင်းဒေသကြီး (အနောက်),Pyay Township,ပြည် မြို့နယ်,Sin Su Quarter,ဆင်စု ရပ်ကွက်,ward,,,unmatched,exact_township_name,Source township resolved but CoreMap township id not matched in admin pass
1801006,Bago Region (West),ပဲခူးတိုင်းဒေသကြီး (အနောက်),Pyay Township,ပြည် မြို့နယ်,Ywar Be Quarter,ရွာဘဲ ရပ်ကွက်,ward,,,unmatched,exact_township_name,Source township resolved but CoreMap township id not matched in admin pass
1801007,Bago Region (West),ပဲခူးတိုင်းဒေသကြီး (အနောက်),Pyay Township,ပြည် မြို့နယ်,Khit Ta Yar Myo Thit Quarter,ခေတ္တရာမြို့သစ် ရပ်ကွက်,ward,,,unmatched,exact_township_name,Source township resolved but CoreMap township id not matched in admin pass
1801008,Bago Region (West),ပဲခူးတိုင်းဒေသကြီး (အနောက်),Pyay Township,ပြည် မြို့နယ်,Pyi Thar Yar Quarter,ပြည်သာယာ ရပ်ကွက်,ward,,,unmatched,exact_township_name,Source township resolved but CoreMap township id not matched in admin pass
1801009,Bago Region (West),ပဲခူးတိုင်းဒေသကြီး (အနောက်),Pyay Township,ပြည် မြို့နယ်,Na Wa Day Quarter,နဝဒေး ရပ်ကွက်,ward,,,unmatched,exact_township_name,Source township resolved but CoreMap township id not matched in admin pass
1801010,Bago Region (West),ပဲခူးတိုင်းဒေသကြီး (အနောက်),Pyay Township,ပြည် မြို့နယ်,Shwe Ta Gar Quarter,ရွှေတံခါး ရပ်ကွက်,ward,,,unmatched,exact_township_name,Source township resolved but CoreMap township id not matched in admin pass
1801200,Bago Region (West),ပဲခူးတိုင်းဒေသကြီး (အနောက်),Pyay Township,ပြည် မြို့နယ်,Wet Htee Kan Village Tract,ဝက်ထီးကန် ကျေးရွာအုပ်စု,village_tract,,,unmatched,exact_township_name,Source township resolved but CoreMap township id not matched in admin pass
1801201,Bago Region (West),ပဲခူးတိုင်းဒေသကြီး (အနောက်),Pyay Township,ပြည် မြို့နယ်,Hnaw Kan Village Tract,နှောကန် ကျေးရွာအုပ်စု,village_tract,,,unmatched,exact_township_name,Source township resolved but CoreMap township id not matched in admin pass
1801202,Bago Region (West),ပဲခူးတိုင်းဒေသကြီး (အနောက်),Pyay Township,ပြည် မြို့နယ်,Wet Myay Taw Village Tract,ဝက်မြေတော ကျေးရွာအုပ်စု,village_tract,,,unmatched,exact_township_name,Source township resolved but CoreMap township id not matched in admin pass
1801203,Bago Region (West),ပဲခူးတိုင်းဒေသကြီး (အနောက်),Pyay Township,ပြည် မြို့နယ်,War Yon Seik Village Tract,ဝါးရုံဆိပ် ကျေးရွာအုပ်စု,village_tract,,,unmatched,exact_township_name,Source township resolved but CoreMap township id not matched in admin pass
1801204,Bago Region (West),ပဲခူးတိုင်းဒေသကြီး (အနောက်),Pyay Township,ပြည် မြို့နယ်,Hlwa Zin Village Tract,လွှဇင် ကျေးရွာအုပ်စု,village_tract,,,unmatched,exact_township_name,Source township resolved but CoreMap township id not matched in admin pass
1801205,Bago Region (West),ပဲခူးတိုင်းဒေသကြီး (အနောက်),Pyay Township,ပြည် မြို့နယ်,La Ba Village Tract,လဘ ကျေးရွာအုပ်စု,village_tract,,,unmatched,exact_township_name,Source township resolved but CoreMap township id not matched in admin pass
1801206,Bago Region (West),ပဲခူးတိုင်းဒေသကြီး (အနောက်),Pyay Township,ပြည် မြို့နယ်,Myo Ma Village Tract,မြို့မ ကျေးရွာအုပ်စု,village_tract,,,unmatched,exact_township_name,Source township resolved but CoreMap township id not matched in admin pass
1801207,Bago Region (West),ပဲခူးတိုင်းဒေသကြီး (အနောက်),Pyay Township,ပြည် မြို့နယ်,Tha Khwet Sauk Village Tract,သခွက်စောက် ကျေးရွာအုပ်စု,village_tract,,,unmatched,exact_township_name,Source township resolved but CoreMap township id not matched in admin pass
1801208,Bago Region (West),ပဲခူးတိုင်းဒေသကြီး (အနောက်),Pyay Township,ပြည် မြို့နယ်,Kone Zin Village Tract,ကုန်းဇင်း ကျေးရွာအုပ်စု,village_tract,,,unmatched,exact_township_name,Source township resolved but CoreMap township id not matched in admin pass
1801209,Bago Region (West),ပဲခူးတိုင်းဒေသကြီး (အနောက်),Pyay Township,ပြည် မြို့နယ်,Inn Win Village Tract,အင်းဝင်း ကျေးရွာအုပ်စု,village_tract,,,unmatched,exact_township_name,Source township resolved but CoreMap township id not matched in admin pass
1801210,Bago Region (West),ပဲခူးတိုင်းဒေသကြီး (အနောက်),Pyay Township,ပြည် မြို့နယ်,Te Gyi Kone Village Tract,တဲကြီးကုန်း ကျေးရွာအုပ်စု,village_tract,,,unmatched,exact_township_name,Source township resolved but CoreMap township id not matched in admin pass
1801211,Bago Region (West),ပဲခူးတိုင်းဒေသကြီး (အနောက်),Pyay Township,ပြည် မြို့နယ်,Pa Ni Pin Village Tract,ပနီပင် ကျေးရွာအုပ်စု,village_tract,,,unmatched,exact_township_name,Source township resolved but CoreMap township id not matched in admin pass
1801212,Bago Region (West),ပဲခူးတိုင်းဒေသကြီး (အနောက်),Pyay Township,ပြည် မြို့နယ်,Thit Cho Pin Village Tract,သစ်ချိုပင် ကျေးရွာအုပ်စု,village_tract,,,unmatched,exact_township_name,Source township resolved but CoreMap township id not matched in admin pass
1801213,Bago Region (West),ပဲခူးတိုင်းဒေသကြီး (အနောက်),Pyay Township,ပြည် မြို့နယ်,Pauk Nwe Chon Village Tract,ပေါက်နွယ်ခြုံ ကျေးရွာအုပ်စု,village_tract,,,unmatched,exact_township_name,Source township resolved but CoreMap township id not matched in admin pass
1801214,Bago Region (West),ပဲခူးတိုင်းဒေသကြီး (အနောက်),Pyay Township,ပြည် မြို့နယ်,Ah Lo Taw Ya Village Tract,အလိုတော်ရ ကျေးရွာအုပ်စု,village_tract,,,unmatched,exact_township_name,Source township resolved but CoreMap township id not matched in admin pass
1801215,Bago Region (West),ပဲခူးတိုင်းဒေသကြီး (အနောက်),Pyay Township,ပြည် မြို့နယ်,Pyin Ma Aing Village Tract,ပျဉ်းမအိုင် ကျေးရွာအုပ်စု,village_tract,,,unmatched,exact_township_name,Source township resolved but CoreMap township id not matched in admin pass
1801216,Bago Region (West),ပဲခူးတိုင်းဒေသကြီး (အနောက်),Pyay Township,ပြည် မြို့နယ်,Kwin Gyi Village Tract,ကွင်းကြီး ကျေးရွာအုပ်စု,village_tract,,,unmatched,exact_township_name,Source township resolved but CoreMap township id not matched in admin pass
1801217,Bago Region (West),ပဲခူးတိုင်းဒေသကြီး (အနောက်),Pyay Township,ပြည် မြို့နယ်,Kyaw Thar Village Tract,ကျောသာ ကျေးရွာအုပ်စု,village_tract,,,unmatched,exact_township_name,Source township resolved but CoreMap township id not matched in admin pass
1801218,Bago Region (West),ပဲခူးတိုင်းဒေသကြီး (အနောက်),Pyay Township,ပြည် မြို့နယ်,Kan Kyi Kone Village Tract,ကံကြီးကုန်း ကျေးရွာအုပ်စု,village_tract,,,unmatched,exact_township_name,Source township resolved but CoreMap township id not matched in admin pass
1801219,Bago Region (West),ပဲခူးတိုင်းဒေသကြီး (အနောက်),Pyay Township,ပြည် မြို့နယ်,Kan Kyoe Village Tract,ကံကျိုး ကျေးရွာအုပ်စု,village_tract,,,unmatched,exact_township_name,Source township resolved but CoreMap township id not matched in admin pass
1801220,Bago Region (West),ပဲခူးတိုင်းဒေသကြီး (အနောက်),Pyay Township,ပြည် မြို့နယ်,Ta Loke Pin Village Tract,တလုပ်ပင် ကျေးရွာအုပ်စု,village_tract,,,unmatched,exact_township_name,Source township resolved but CoreMap township id not matched in admin pass
1801221,Bago Region (West),ပဲခူးတိုင်းဒေသကြီး (အနောက်),Pyay Township,ပြည် မြို့နယ်,Taung Tee Village Tract,တောင်တီး ကျေးရွာအုပ်စု,village_tract,,,unmatched,exact_township_name,Source township resolved but CoreMap township id not matched in admin pass
1801222,Bago Region (West),ပဲခူးတိုင်းဒေသကြီး (အနောက်),Pyay Township,ပြည် မြို့နယ်,Thu Htay Village Tract,သူဌေး ကျေးရွာအုပ်စု,village_tract,,,unmatched,exact_township_name,Source township resolved but CoreMap township id not matched in admin pass
1801223,Bago Region (West),ပဲခူးတိုင်းဒေသကြီး (အနောက်),Pyay Township,ပြည် မြို့နယ်,Taung Khway Ye Village Tract,တောင်ခွေးရဲ ကျေးရွာအုပ်စု,village_tract,,,unmatched,exact_township_name,Source township resolved but CoreMap township id not matched in admin pass
1801224,Bago Region (West),ပဲခူးတိုင်းဒေသကြီး (အနောက်),Pyay Township,ပြည် မြို့နယ်,Moke Htaw Village Tract,မုဌော ကျေးရွာအုပ်စု,village_tract,,,unmatched,exact_township_name,Source township resolved but CoreMap township id not matched in admin pass
1801225,Bago Region (West),ပဲခူးတိုင်းဒေသကြီး (အနောက်),Pyay Township,ပြည် မြို့နယ်,Paung Ta Mawt Village Tract,ပေါင်းတမော့ ကျေးရွာအုပ်စု,village_tract,,,unmatched,exact_township_name,Source township resolved but CoreMap township id not matched in admin pass
1801226,Bago Region (West),ပဲခူးတိုင်းဒေသကြီး (အနောက်),Pyay Township,ပြည် မြို့နယ်,Twin Byee Village Tract,တွင်းဗြည်း ကျေးရွာအုပ်စု,village_tract,,,unmatched,exact_township_name,Source township resolved but CoreMap township id not matched in admin pass
1801227,Bago Region (West),ပဲခူးတိုင်းဒေသကြီး (အနောက်),Pyay Township,ပြည် မြို့နယ်,Paung Ta Lei Village Tract,ပေါင်းတလည် ကျေးရွာအုပ်စု,village_tract,,,unmatched,exact_township_name,Source township resolved but CoreMap township id not matched in admin pass
1801228,Bago Region (West),ပဲခူးတိုင်းဒေသကြီး (အနောက်),Pyay Township,ပြည် မြို့နယ်,Byu Kone Village Tract,ဗြူးကုန်း ကျေးရွာအုပ်စု,village_tract,,,unmatched,exact_township_name,Source township resolved but CoreMap township id not matched in admin pass
1801229,Bago Region (West),ပဲခူးတိုင်းဒေသကြီး (အနောက်),Pyay Township,ပြည် မြို့နယ်,Bant Pyin Village Tract,ဘန့်ပြင် ကျေးရွာအုပ်စု,village_tract,,,unmatched,exact_township_name,Source township resolved but CoreMap township id not matched in admin pass
1801230,Bago Region (West),ပဲခူးတိုင်းဒေသကြီး (အနောက်),Pyay Township,ပြည် မြို့နယ်,Myaung Son Village Tract,မြောင်းဆုံ ကျေးရွာအုပ်စု,village_tract,,,unmatched,exact_township_name,Source township resolved but CoreMap township id not matched in admin pass
1801231,Bago Region (West),ပဲခူးတိုင်းဒေသကြီး (အနောက်),Pyay Township,ပြည် မြို့နယ်,Hmaw Zar Village Tract,မှော်ဇာ ကျေးရွာအုပ်စု,village_tract,,,unmatched,exact_township_name,Source township resolved but CoreMap township id not matched in admin pass
1801232,Bago Region (West),ပဲခူးတိုင်းဒေသကြီး (အနောက်),Pyay Township,ပြည် မြို့နယ်,Hmoke Shey Village Tract,မှုတ်ရှည် ကျေးရွာအုပ်စု,village_tract,,,unmatched,exact_township_name,Source township resolved but CoreMap township id not matched in admin pass
1801233,Bago Region (West),ပဲခူးတိုင်းဒေသကြီး (အနောက်),Pyay Township,ပြည် မြို့နယ်,Ywar Ma Gyi Village Tract,ရွာမကြီး ကျေးရွာအုပ်စု,village_tract,,,unmatched,exact_township_name,Source township resolved but CoreMap township id not matched in admin pass
1801234,Bago Region (West),ပဲခူးတိုင်းဒေသကြီး (အနောက်),Pyay Township,ပြည် မြို့နယ်,Ah Shey Let Khoke Pin Village Tract,အရှေ့လက်ခုတ်ပင် ကျေးရွာအုပ်စု,village_tract,,,unmatched,exact_township_name,Source township resolved but CoreMap township id not matched in admin pass
1801235,Bago Region (West),ပဲခူးတိုင်းဒေသကြီး (အနောက်),Pyay Township,ပြည် မြို့နယ်,Thea Kone Village Tract,သဲကုန်း ကျေးရွာအုပ်စု,village_tract,,,unmatched,exact_township_name,Source township resolved but CoreMap township id not matched in admin pass
1801236,Bago Region (West),ပဲခူးတိုင်းဒေသကြီး (အနောက်),Pyay Township,ပြည် မြို့နယ်,Ah Shey Pauk Taw Village Tract,အရှေ့ပေါက်တော ကျေးရွာအုပ်စု,village_tract,,,unmatched,exact_township_name,Source township resolved but CoreMap township id not matched in admin pass
1801237,Bago Region (West),ပဲခူးတိုင်းဒေသကြီး (အနောက်),Pyay Township,ပြည် မြို့နယ်,Let Pan Taw Village Tract,လက်ပံတော ကျေးရွာအုပ်စု,village_tract,,,unmatched,exact_township_name,Source township resolved but CoreMap township id not matched in admin pass
1801238,Bago Region (West),ပဲခူးတိုင်းဒေသကြီး (အနောက်),Pyay Township,ပြည် မြို့နယ်,Te Kone Village Tract,တဲကုန်း ကျေးရွာအုပ်စု,village_tract,,,unmatched,exact_township_name,Source township resolved but CoreMap township id not matched in admin pass
1801239,Bago Region (West),ပဲခူးတိုင်းဒေသကြီး (အနောက်),Pyay Township,ပြည် မြို့နယ်,Oke Swea Village Tract,အုတ်ဆွဲ ကျေးရွာအုပ်စု,village_tract,,,unmatched,exact_township_name,Source township resolved but CoreMap township id not matched in admin pass
1801240,Bago Region (West),ပဲခူးတိုင်းဒေသကြီး (အနောက်),Pyay Township,ပြည် မြို့နယ်,Kya Khat Village Tract,ကြခတ် ကျေးရွာအုပ်စု,village_tract,,,unmatched,exact_township_name,Source township resolved but CoreMap township id not matched in admin pass
1801241,Bago Region (West),ပဲခူးတိုင်းဒေသကြီး (အနောက်),Pyay Township,ပြည် မြို့နယ်,Kyar Inn Village Tract,ကြာအင်း ကျေးရွာအုပ်စု,village_tract,,,unmatched,exact_township_name,Source township resolved but CoreMap township id not matched in admin pass
1801242,Bago Region (West),ပဲခူးတိုင်းဒေသကြီး (အနောက်),Pyay Township,ပြည် မြို့နယ်,Ngar Ywar Village Tract,ငါးရွာ ကျေးရွာအုပ်စု,village_tract,,,unmatched,exact_township_name,Source township resolved but CoreMap township id not matched in admin pass
1801243,Bago Region (West),ပဲခူးတိုင်းဒေသကြီး (အနောက်),Pyay Township,ပြည် မြို့နယ်,Zee Oke Village Tract,ဇီးအုပ် ကျေးရွာအုပ်စု,village_tract,,,unmatched,exact_township_name,Source township resolved but CoreMap township id not matched in admin pass
1801244,Bago Region (West),ပဲခူးတိုင်းဒေသကြီး (အနောက်),Pyay Township,ပြည် မြို့နယ်,Za Lon Village Tract,ဇလုံ ကျေးရွာအုပ်စု,village_tract,,,unmatched,exact_township_name,Source township resolved but CoreMap township id not matched in admin pass
1801245,Bago Region (West),ပဲခူးတိုင်းဒေသကြီး (အနောက်),Pyay Township,ပြည် မြို့နယ်,Htan Ma Kauk Village Tract,ထမ္မကောက် ကျေးရွာအုပ်စု,village_tract,,,unmatched,exact_township_name,Source township resolved but CoreMap township id not matched in admin pass
1801246,Bago Region (West),ပဲခူးတိုင်းဒေသကြီး (အနောက်),Pyay Township,ပြည် မြို့နယ်,Nat Ta Lin Village Tract,နတ္တလင်း ကျေးရွာအုပ်စု,village_tract,,,unmatched,exact_township_name,Source township resolved but CoreMap township id not matched in admin pass
1801247,Bago Region (West),ပဲခူးတိုင်းဒေသကြီး (အနောက်),Pyay Township,ပြည် မြို့နယ်,Mway Yoe Village Tract,မြွေရိုး ကျေးရွာအုပ်စု,village_tract,,,unmatched,exact_township_name,Source township resolved but CoreMap township id not matched in admin pass
1801248,Bago Region (West),ပဲခူးတိုင်းဒေသကြီး (အနောက်),Pyay Township,ပြည် မြို့နယ်,Ma Au Taw Village Tract,မအူတော ကျေးရွာအုပ်စု,village_tract,,,unmatched,exact_township_name,Source township resolved but CoreMap township id not matched in admin pass
1801249,Bago Region (West),ပဲခူးတိုင်းဒေသကြီး (အနောက်),Pyay Township,ပြည် မြို့နယ်,Thit Chi Tin Village Tract,သစ်ချီတင် ကျေးရွာအုပ်စု,village_tract,,,unmatched,exact_township_name,Source township resolved but CoreMap township id not matched in admin pass
1801250,Bago Region (West),ပဲခူးတိုင်းဒေသကြီး (အနောက်),Pyay Township,ပြည် မြို့နယ်,Ah Nauk Let Khoke Pin Village Tract,အနောက်လက်ခုပ်ပင် ကျေးရွာအုပ်စု,village_tract,,,unmatched,exact_township_name,Source township resolved but CoreMap township id not matched in admin pass
1801251,Bago Region (West),ပဲခူးတိုင်းဒေသကြီး (အနောက်),Pyay Township,ပြည် မြို့နယ်,Kone Thar Lin Village Tract,ကုန်းသာလင်း ကျေးရွာအုပ်စု,village_tract,,,unmatched,exact_township_name,Source township resolved but CoreMap township id not matched in admin pass
1801252,Bago Region (West),ပဲခူးတိုင်းဒေသကြီး (အနောက်),Pyay Township,ပြည် မြို့နယ်,Ah Nauk Ywar Thit Village Tract,အနောက်ရွာသစ် ကျေးရွာအုပ်စု,village_tract,,,unmatched,exact_township_name,Source township resolved but CoreMap township id not matched in admin pass
1801253,Bago Region (West),ပဲခူးတိုင်းဒေသကြီး (အနောက်),Pyay Township,ပြည် မြို့နယ်,Bo Kone Village Tract,ဘိုကုန်း ကျေးရွာအုပ်စု,village_tract,,,unmatched,exact_township_name,Source township resolved but CoreMap township id not matched in admin pass
1801254,Bago Region (West),ပဲခူးတိုင်းဒေသကြီး (အနောက်),Pyay Township,ပြည် မြို့နယ်,Myauk Na Win Ywar Thit Gyi Village Tract,မြောက်နဝင်းရွာသစ်ကြီး ကျေးရွာအုပ်စု,village_tract,,,unmatched,exact_township_name,Source township resolved but CoreMap township id not matched in admin pass
1801255,Bago Region (West),ပဲခူးတိုင်းဒေသကြီး (အနောက်),Pyay Township,ပြည် မြို့နယ်,Ywar Ma Village Tract,ရွာမ ကျေးရွာအုပ်စု,village_tract,,,unmatched,exact_township_name,Source township resolved but CoreMap township id not matched in admin pass
1803001,Bago Region (West),ပဲခူးတိုင်းဒေသကြီး (အနောက်),Padaung Township,ပန်းတောင်း မြို့နယ်,Kya Khat Quarter,ကြခပ် ရပ်ကွက်,ward,,,unmatched,exact_township_name,Source township resolved but CoreMap township id not matched in admin pass
1803002,Bago Region (West),ပဲခူးတိုင်းဒေသကြီး (အနောက်),Padaung Township,ပန်းတောင်း မြို့နယ်,Min Yat Quarter,မင်းရပ် ရပ်ကွက်,ward,,,unmatched,exact_township_name,Source township resolved but CoreMap township id not matched in admin pass
1803003,Bago Region (West),ပဲခူးတိုင်းဒေသကြီး (အနောက်),Padaung Township,ပန်းတောင်း မြို့နယ်,Wun Lo Quarter,ဝန်လို ရပ်ကွက်,ward,,,unmatched,exact_township_name,Source township resolved but CoreMap township id not matched in admin pass
1803004,Bago Region (West),ပဲခူးတိုင်းဒေသကြီး (အနောက်),Padaung Township,ပန်းတောင်း မြို့နယ်,Si Thar Quarter,စီသာ ရပ်ကွက်,ward,,,unmatched,exact_township_name,Source township resolved but CoreMap township id not matched in admin pass
1803005,Bago Region (West),ပဲခူးတိုင်းဒေသကြီး (အနောက်),Padaung Township,ပန်းတောင်း မြို့နယ်,Hpaung Kan Quarter,ဖောင်းကံ ရပ်ကွက်,ward,,,unmatched,exact_township_name,Source township resolved but CoreMap township id not matched in admin pass
1803200,Bago Region (West),ပဲခူးတိုင်းဒေသကြီး (အနောက်),Padaung Township,ပန်းတောင်း မြို့နယ်,Ywar Thar Yar Village Tract,ရွာသာယာ ကျေးရွာအုပ်စု,village_tract,,,unmatched,exact_township_name,Source township resolved but CoreMap township id not matched in admin pass
1803201,Bago Region (West),ပဲခူးတိုင်းဒေသကြီး (အနောက်),Padaung Township,ပန်းတောင်း မြို့နယ်,Shwe Bon Thar Village Tract,ရွှေဘုံသာ ကျေးရွာအုပ်စု,village_tract,,,unmatched,exact_township_name,Source township resolved but CoreMap township id not matched in admin pass
1803202,Bago Region (West),ပဲခူးတိုင်းဒေသကြီး (အနောက်),Padaung Township,ပန်းတောင်း မြို့နယ်,Sin Te Village Tract,ဆင်တဲ ကျေးရွာအုပ်စု,village_tract,,,unmatched,exact_township_name,Source township resolved but CoreMap township id not matched in admin pass
1803203,Bago Region (West),ပဲခူးတိုင်းဒေသကြီး (အနောက်),Padaung Township,ပန်းတောင်း မြို့နယ်,Tha Yet Lein Village Tract,သရက်လိန် ကျေးရွာအုပ်စု,village_tract,,,unmatched,exact_township_name,Source township resolved but CoreMap township id not matched in admin pass
1803204,Bago Region (West),ပဲခူးတိုင်းဒေသကြီး (အနောက်),Padaung Township,ပန်းတောင်း မြို့နယ်,Taung Bway Village Tract,တောင်ဘွေ ကျေးရွာအုပ်စု,village_tract,,,unmatched,exact_township_name,Source township resolved but CoreMap township id not matched in admin pass
1803205,Bago Region (West),ပဲခူးတိုင်းဒေသကြီး (အနောက်),Padaung Township,ပန်းတောင်း မြို့နယ်,Yae Lel Kyun Village Tract,ရေလယ်ကျွန်း ကျေးရွာအုပ်စု,village_tract,,,unmatched,exact_township_name,Source township resolved but CoreMap township id not matched in admin pass
1803206,Bago Region (West),ပဲခူးတိုင်းဒေသကြီး (အနောက်),Padaung Township,ပန်းတောင်း မြို့နယ်,Ma Gyi Htone Village Tract,မကြီးထုံး ကျေးရွာအုပ်စု,village_tract,,,unmatched,exact_township_name,Source township resolved but CoreMap township id not matched in admin pass
1803207,Bago Region (West),ပဲခူးတိုင်းဒေသကြီး (အနောက်),Padaung Township,ပန်းတောင်း မြို့နယ်,Oke Shit Pin Village Tract,ဥသျှစ်ပင် ကျေးရွာအုပ်စု,village_tract,,,unmatched,exact_township_name,Source township resolved but CoreMap township id not matched in admin pass
1803208,Bago Region (West),ပဲခူးတိုင်းဒေသကြီး (အနောက်),Padaung Township,ပန်းတောင်း မြို့နယ်,Swei Taw Village Tract,စွယ်တော် ကျေးရွာအုပ်စု,village_tract,,,unmatched,exact_township_name,Source township resolved but CoreMap township id not matched in admin pass
1803209,Bago Region (West),ပဲခူးတိုင်းဒေသကြီး (အနောက်),Padaung Township,ပန်းတောင်း မြို့နယ်,Dant Da Lun Village Tract,ဒန့်ဒလွန် ကျေးရွာအုပ်စု,village_tract,,,unmatched,exact_township_name,Source township resolved but CoreMap township id not matched in admin pass
1803210,Bago Region (West),ပဲခူးတိုင်းဒေသကြီး (အနောက်),Padaung Township,ပန်းတောင်း မြို့နယ်,Ngar Se Pay Village Tract,ငါးဆယ်ပေး ကျေးရွာအုပ်စု,village_tract,,,unmatched,exact_township_name,Source township resolved but CoreMap township id not matched in admin pass
1803211,Bago Region (West),ပဲခူးတိုင်းဒေသကြီး (အနောက်),Padaung Township,ပန်းတောင်း မြို့နယ်,Daung Ma Nar Village Tract,ဒေါင်းမနား ကျေးရွာအုပ်စု,village_tract,,,unmatched,exact_township_name,Source township resolved but CoreMap township id not matched in admin pass
1803212,Bago Region (West),ပဲခူးတိုင်းဒေသကြီး (အနောက်),Padaung Township,ပန်းတောင်း မြို့နယ်,Thu Ye Tan Village Tract,သူရဲတန်း ကျေးရွာအုပ်စု,village_tract,,,unmatched,exact_township_name,Source township resolved but CoreMap township id not matched in admin pass
1803213,Bago Region (West),ပဲခူးတိုင်းဒေသကြီး (အနောက်),Padaung Township,ပန်းတောင်း မြို့နယ်,Hteik Pauk Village Tract,ထိပ်ပေါက် ကျေးရွာအုပ်စု,village_tract,,,unmatched,exact_township_name,Source township resolved but CoreMap township id not matched in admin pass
1803214,Bago Region (West),ပဲခူးတိုင်းဒေသကြီး (အနောက်),Padaung Township,ပန်းတောင်း မြို့နယ်,Kyauk Hpu Village Tract,ကျောက်ဖူး ကျေးရွာအုပ်စု,village_tract,,,unmatched,exact_township_name,Source township resolved but CoreMap township id not matched in admin pass
1803215,Bago Region (West),ပဲခူးတိုင်းဒေသကြီး (အနောက်),Padaung Township,ပန်းတောင်း မြို့နယ်,Yat Thar Village Tract,ရပ်သာ ကျေးရွာအုပ်စု,village_tract,,,unmatched,exact_township_name,Source township resolved but CoreMap township id not matched in admin pass
1803216,Bago Region (West),ပဲခူးတိုင်းဒေသကြီး (အနောက်),Padaung Township,ပန်းတောင်း မြို့နယ်,Ta Loke Pin Village Tract,တလုပ်ပင် ကျေးရွာအုပ်စု,village_tract,,,unmatched,exact_township_name,Source township resolved but CoreMap township id not matched in admin pass
1803217,Bago Region (West),ပဲခူးတိုင်းဒေသကြီး (အနောက်),Padaung Township,ပန်းတောင်း မြို့နယ်,Kaing Gyi Village Tract,ကိုင်းကြီး ကျေးရွာအုပ်စု,village_tract,,,unmatched,exact_township_name,Source township resolved but CoreMap township id not matched in admin pass
1803218,Bago Region (West),ပဲခူးတိုင်းဒေသကြီး (အနောက်),Padaung Township,ပန်းတောင်း မြို့နယ်,Za Yat Hla Village Tract,ဇရပ်လှ ကျေးရွာအုပ်စု,village_tract,,,unmatched,exact_township_name,Source township resolved but CoreMap township id not matched in admin pass
1803219,Bago Region (West),ပဲခူးတိုင်းဒေသကြီး (အနောက်),Padaung Township,ပန်းတောင်း မြို့နယ်,Taung Boet Gyi Village Tract,တောင်ဘို့ကြီး ကျေးရွာအုပ်စု,village_tract,,,unmatched,exact_township_name,Source township resolved but CoreMap township id not matched in admin pass
1803220,Bago Region (West),ပဲခူးတိုင်းဒေသကြီး (အနောက်),Padaung Township,ပန်းတောင်း မြို့နယ်,Kyaung U Village Tract,ကျောင်းဦး ကျေးရွာအုပ်စု,village_tract,,,unmatched,exact_township_name,Source township resolved but CoreMap township id not matched in admin pass
1803221,Bago Region (West),ပဲခူးတိုင်းဒေသကြီး (အနောက်),Padaung Township,ပန်းတောင်း မြို့နယ်,Yae Kyaw Village Tract,ရေကျော် ကျေးရွာအုပ်စု,village_tract,,,unmatched,exact_township_name,Source township resolved but CoreMap township id not matched in admin pass
1803222,Bago Region (West),ပဲခူးတိုင်းဒေသကြီး (အနောက်),Padaung Township,ပန်းတောင်း မြို့နယ်,Nyaung Pin Village Tract,ညောင်ပင် ကျေးရွာအုပ်စု,village_tract,,,unmatched,exact_township_name,Source township resolved but CoreMap township id not matched in admin pass
1803223,Bago Region (West),ပဲခူးတိုင်းဒေသကြီး (အနောက်),Padaung Township,ပန်းတောင်း မြို့နယ်,Nat Mauk Village Tract,နတ်မောက် ကျေးရွာအုပ်စု,village_tract,,,unmatched,exact_township_name,Source township resolved but CoreMap township id not matched in admin pass
1803224,Bago Region (West),ပဲခူးတိုင်းဒေသကြီး (အနောက်),Padaung Township,ပန်းတောင်း မြို့နယ်,Shwe Nyi Naung Village Tract,ရွှေညီနောင် ကျေးရွာအုပ်စု,village_tract,,,unmatched,exact_township_name,Source township resolved but CoreMap township id not matched in admin pass
1803225,Bago Region (West),ပဲခူးတိုင်းဒေသကြီး (အနောက်),Padaung Township,ပန်းတောင်း မြို့နယ်,Pe Gyi Village Tract,ပဲကြီး ကျေးရွာအုပ်စု,village_tract,,,unmatched,exact_township_name,Source township resolved but CoreMap township id not matched in admin pass
1803226,Bago Region (West),ပဲခူးတိုင်းဒေသကြီး (အနောက်),Padaung Township,ပန်းတောင်း မြို့နယ်,Hle Ku Village Tract,လှည်းကူး ကျေးရွာအုပ်စု,village_tract,,,unmatched,exact_township_name,Source township resolved but CoreMap township id not matched in admin pass
1803227,Bago Region (West),ပဲခူးတိုင်းဒေသကြီး (အနောက်),Padaung Township,ပန်းတောင်း မြို့နယ်,Kyoe Kyar Village Tract,ကြိုးကြာ ကျေးရွာအုပ်စု,village_tract,,,unmatched,exact_township_name,Source township resolved but CoreMap township id not matched in admin pass
1803228,Bago Region (West),ပဲခူးတိုင်းဒေသကြီး (အနောက်),Padaung Township,ပန်းတောင်း မြို့နယ်,Kyun Mee Village Tract,ကျွန်းမီး ကျေးရွာအုပ်စု,village_tract,,,unmatched,exact_township_name,Source township resolved but CoreMap township id not matched in admin pass
1803229,Bago Region (West),ပဲခူးတိုင်းဒေသကြီး (အနောက်),Padaung Township,ပန်းတောင်း မြို့နယ်,Htone Bo Village Tract,ထုံးဘို ကျေးရွာအုပ်စု,village_tract,,,unmatched,exact_township_name,Source township resolved but CoreMap township id not matched in admin pass
1803230,Bago Region (West),ပဲခူးတိုင်းဒေသကြီး (အနောက်),Padaung Township,ပန်းတောင်း မြို့နယ်,San Wa Village Tract,စမ်းဝ ကျေးရွာအုပ်စု,village_tract,,,unmatched,exact_township_name,Source township resolved but CoreMap township id not matched in admin pass
1803231,Bago Region (West),ပဲခူးတိုင်းဒေသကြီး (အနောက်),Padaung Township,ပန်းတောင်း မြို့နယ်,Myaung Village Tract,မြောင် ကျေးရွာအုပ်စု,village_tract,,,unmatched,exact_township_name,Source township resolved but CoreMap township id not matched in admin pass
1803232,Bago Region (West),ပဲခူးတိုင်းဒေသကြီး (အနောက်),Padaung Township,ပန်းတောင်း မြို့နယ်,Kone Ka Lay Village Tract,ကုန်းကလေး ကျေးရွာအုပ်စု,village_tract,,,unmatched,exact_township_name,Source township resolved but CoreMap township id not matched in admin pass
1803233,Bago Region (West),ပဲခူးတိုင်းဒေသကြီး (အနောက်),Padaung Township,ပန်းတောင်း မြို့နယ်,Kwin Hla Village Tract,ကွင်းလှ ကျေးရွာအုပ်စု,village_tract,,,unmatched,exact_township_name,Source township resolved but CoreMap township id not matched in admin pass
1803234,Bago Region (West),ပဲခူးတိုင်းဒေသကြီး (အနောက်),Padaung Township,ပန်းတောင်း မြို့နယ်,Htauk Kyant Kone Village Tract,ထောင်ကြံ့ကုန်း ကျေးရွာအုပ်စု,village_tract,,,unmatched,exact_township_name,Source township resolved but CoreMap township id not matched in admin pass
1803235,Bago Region (West),ပဲခူးတိုင်းဒေသကြီး (အနောက်),Padaung Township,ပန်းတောင်း မြို့နယ်,Ton Kin Village Tract,တုံကင်း ကျေးရွာအုပ်စု,village_tract,,,unmatched,exact_township_name,Source township resolved but CoreMap township id not matched in admin pass
1803236,Bago Region (West),ပဲခူးတိုင်းဒေသကြီး (အနောက်),Padaung Township,ပန်းတောင်း မြို့နယ်,Kyee Taw Village Tract,ကျီးတော ကျေးရွာအုပ်စု,village_tract,,,unmatched,exact_township_name,Source township resolved but CoreMap township id not matched in admin pass
1803237,Bago Region (West),ပဲခူးတိုင်းဒေသကြီး (အနောက်),Padaung Township,ပန်းတောင်း မြို့နယ်,Hpa Yon Kar Village Tract,ဖရုံကား ကျေးရွာအုပ်စု,village_tract,,,unmatched,exact_township_name,Source township resolved but CoreMap township id not matched in admin pass
1803238,Bago Region (West),ပဲခူးတိုင်းဒေသကြီး (အနောက်),Padaung Township,ပန်းတောင်း မြို့နယ်,Kyee Pin Village Tract,ကျီးပင် ကျေးရွာအုပ်စု,village_tract,,,unmatched,exact_township_name,Source township resolved but CoreMap township id not matched in admin pass
1803239,Bago Region (West),ပဲခူးတိုင်းဒေသကြီး (အနောက်),Padaung Township,ပန်းတောင်း မြို့နယ်,Le Village Tract,လဲ ကျေးရွာအုပ်စု,village_tract,,,unmatched,exact_township_name,Source township resolved but CoreMap township id not matched in admin pass
1803240,Bago Region (West),ပဲခူးတိုင်းဒေသကြီး (အနောက်),Padaung Township,ပန်းတောင်း မြို့နယ်,Nyaung Chay Htauk Village Tract,ညောင်ခြေထောက် ကျေးရွာအုပ်စု,village_tract,,,unmatched,exact_township_name,Source township resolved but CoreMap township id not matched in admin pass
1803241,Bago Region (West),ပဲခူးတိုင်းဒေသကြီး (အနောက်),Padaung Township,ပန်းတောင်း မြို့နယ်,Nyaung Kyoe Village Tract,ညောင်ကျိုး ကျေးရွာအုပ်စု,village_tract,,,unmatched,exact_township_name,Source township resolved but CoreMap township id not matched in admin pass
1806001,Bago Region (West),ပဲခူးတိုင်းဒေသကြီး (အနောက်),Shwedaung Township,ရွှေတောင် မြို့နယ်,Tha Yet Taw Quarter,သရက်တော ရပ်ကွက်,ward,,,unmatched,exact_township_name,Source township resolved but CoreMap township id not matched in admin pass
1806002,Bago Region (West),ပဲခူးတိုင်းဒေသကြီး (အနောက်),Shwedaung Township,ရွှေတောင် မြို့နယ်,Kyar Ni Kan Quarter,ကြာနီကန် ရပ်ကွက်,ward,,,unmatched,exact_township_name,Source township resolved but CoreMap township id not matched in admin pass
1806003,Bago Region (West),ပဲခူးတိုင်းဒေသကြီး (အနောက်),Shwedaung Township,ရွှေတောင် မြို့နယ်,Yun Tan Quarter,ယွန်းတန်း ရပ်ကွက်,ward,,,unmatched,exact_township_name,Source township resolved but CoreMap township id not matched in admin pass
1806200,Bago Region (West),ပဲခူးတိုင်းဒေသကြီး (အနောက်),Shwedaung Township,ရွှေတောင် မြို့နယ်,Htan Kone Village Tract,ထန်းကုန်း ကျေးရွာအုပ်စု,village_tract,,,unmatched,exact_township_name,Source township resolved but CoreMap township id not matched in admin pass
1806201,Bago Region (West),ပဲခူးတိုင်းဒေသကြီး (အနောက်),Shwedaung Township,ရွှေတောင် မြို့နယ်,Me Taw Village Tract,မဲတော ကျေးရွာအုပ်စု,village_tract,,,unmatched,exact_township_name,Source township resolved but CoreMap township id not matched in admin pass
1806202,Bago Region (West),ပဲခူးတိုင်းဒေသကြီး (အနောက်),Shwedaung Township,ရွှေတောင် မြို့နယ်,War Taw Village Tract,ဝါးတော ကျေးရွာအုပ်စု,village_tract,,,unmatched,exact_township_name,Source township resolved but CoreMap township id not matched in admin pass
1806203,Bago Region (West),ပဲခူးတိုင်းဒေသကြီး (အနောက်),Shwedaung Township,ရွှေတောင် မြို့နယ်,Paung Choke Village Tract,ပေါင်းချုပ် ကျေးရွာအုပ်စု,village_tract,,,unmatched,exact_township_name,Source township resolved but CoreMap township id not matched in admin pass
1806204,Bago Region (West),ပဲခူးတိုင်းဒေသကြီး (အနောက်),Shwedaung Township,ရွှေတောင် မြို့နယ်,Gway Tauk Hmyaung Village Tract,ဂွေးတောက်မြှောင် ကျေးရွာအုပ်စု,village_tract,,,unmatched,exact_township_name,Source township resolved but CoreMap township id not matched in admin pass
1806205,Bago Region (West),ပဲခူးတိုင်းဒေသကြီး (အနောက်),Shwedaung Township,ရွှေတောင် မြို့နယ်,Kwin Yar Gyi Village Tract,ကွင်းယားကြီး ကျေးရွာအုပ်စု,village_tract,,,unmatched,exact_township_name,Source township resolved but CoreMap township id not matched in admin pass
1806206,Bago Region (West),ပဲခူးတိုင်းဒေသကြီး (အနောက်),Shwedaung Township,ရွှေတောင် မြို့နယ်,Ka Thit Taing Village Tract,ကသစ်တိုင်း ကျေးရွာအုပ်စု,village_tract,,,unmatched,exact_township_name,Source township resolved but CoreMap township id not matched in admin pass
1806207,Bago Region (West),ပဲခူးတိုင်းဒေသကြီး (အနောက်),Shwedaung Township,ရွှေတောင် မြို့နယ်,Mee Laung Village Tract,မီးလောင် ကျေးရွာအုပ်စု,village_tract,,,unmatched,exact_township_name,Source township resolved but CoreMap township id not matched in admin pass
1806208,Bago Region (West),ပဲခူးတိုင်းဒေသကြီး (အနောက်),Shwedaung Township,ရွှေတောင် မြို့နယ်,Kyoet Kone Village Tract,ကြို့ကုန်း ကျေးရွာအုပ်စု,village_tract,,,unmatched,exact_township_name,Source township resolved but CoreMap township id not matched in admin pass
1806209,Bago Region (West),ပဲခူးတိုင်းဒေသကြီး (အနောက်),Shwedaung Township,ရွှေတောင် မြို့နယ်,Nwar Ma Yan Village Tract,နွားမယံ ကျေးရွာအုပ်စု,village_tract,,,unmatched,exact_township_name,Source township resolved but CoreMap township id not matched in admin pass
1806210,Bago Region (West),ပဲခူးတိုင်းဒေသကြီး (အနောက်),Shwedaung Township,ရွှေတောင် မြို့နယ်,Min Kun Village Tract,မင်းကွန်း ကျေးရွာအုပ်စု,village_tract,,,unmatched,exact_township_name,Source township resolved but CoreMap township id not matched in admin pass
1806211,Bago Region (West),ပဲခူးတိုင်းဒေသကြီး (အနောက်),Shwedaung Township,ရွှေတောင် မြို့နယ်,Ma Yar Man Village Tract,မယားမံ ကျေးရွာအုပ်စု,village_tract,,,unmatched,exact_township_name,Source township resolved but CoreMap township id not matched in admin pass
1806212,Bago Region (West),ပဲခူးတိုင်းဒေသကြီး (အနောက်),Shwedaung Township,ရွှေတောင် မြို့နယ်,Oe Htein Kone Village Tract,အိုးထိန်းကုန်း ကျေးရွာအုပ်စု,village_tract,,,unmatched,exact_township_name,Source township resolved but CoreMap township id not matched in admin pass
1806213,Bago Region (West),ပဲခူးတိုင်းဒေသကြီး (အနောက်),Shwedaung Township,ရွှေတောင် မြို့နယ်,Kan Thone Sint Village Tract,ကံသုံးဆင့် ကျေးရွာအုပ်စု,village_tract,,,unmatched,exact_township_name,Source township resolved but CoreMap township id not matched in admin pass
1806214,Bago Region (West),ပဲခူးတိုင်းဒေသကြီး (အနောက်),Shwedaung Township,ရွှေတောင် မြို့နယ်,Taw Haing Village Tract,တောဟိုင် ကျေးရွာအုပ်စု,village_tract,,,unmatched,exact_township_name,Source township resolved but CoreMap township id not matched in admin pass
1806215,Bago Region (West),ပဲခူးတိုင်းဒေသကြီး (အနောက်),Shwedaung Township,ရွှေတောင် မြို့နယ်,Kyauk Myint Village Tract,ကျောက်မြင့် ကျေးရွာအုပ်စု,village_tract,,,unmatched,exact_township_name,Source township resolved but CoreMap township id not matched in admin pass
1806216,Bago Region (West),ပဲခူးတိုင်းဒေသကြီး (အနောက်),Shwedaung Township,ရွှေတောင် မြို့နယ်,Nwar Chan Kone Village Tract,နွားခြံကုန်း ကျေးရွာအုပ်စု,village_tract,,,unmatched,exact_township_name,Source township resolved but CoreMap township id not matched in admin pass
1806217,Bago Region (West),ပဲခူးတိုင်းဒေသကြီး (အနောက်),Shwedaung Township,ရွှေတောင် မြို့နယ်,Du Rin Du Bo Village Tract,ဒုရင်ဒုဘို ကျေးရွာအုပ်စု,village_tract,,,unmatched,exact_township_name,Source township resolved but CoreMap township id not matched in admin pass
1806218,Bago Region (West),ပဲခူးတိုင်းဒေသကြီး (အနောက်),Shwedaung Township,ရွှေတောင် မြို့နယ်,Min Te Kyun Village Tract,မင်းတဲကျွန်း ကျေးရွာအုပ်စု,village_tract,,,unmatched,exact_township_name,Source township resolved but CoreMap township id not matched in admin pass
1806219,Bago Region (West),ပဲခူးတိုင်းဒေသကြီး (အနောက်),Shwedaung Township,ရွှေတောင် မြို့နယ်,Myaung Tat Village Tract,မြောင်းတပ် ကျေးရွာအုပ်စု,village_tract,,,unmatched,exact_township_name,Source township resolved but CoreMap township id not matched in admin pass
1806220,Bago Region (West),ပဲခူးတိုင်းဒေသကြီး (အနောက်),Shwedaung Township,ရွှေတောင် မြို့နယ်,Myo Ma Village Tract,မြို့မ ကျေးရွာအုပ်စု,village_tract,,,unmatched,exact_township_name,Source township resolved but CoreMap township id not matched in admin pass
1806221,Bago Region (West),ပဲခူးတိုင်းဒေသကြီး (အနောက်),Shwedaung Township,ရွှေတောင် မြို့နယ်,Thar Zi Kone Village Tract,သာဇီကုန်း ကျေးရွာအုပ်စု,village_tract,,,unmatched,exact_township_name,Source township resolved but CoreMap township id not matched in admin pass
1806222,Bago Region (West),ပဲခူးတိုင်းဒေသကြီး (အနောက်),Shwedaung Township,ရွှေတောင် မြို့နယ်,Kyee Thea Village Tract,ကျီးသဲ ကျေးရွာအုပ်စု,village_tract,,,unmatched,exact_township_name,Source township resolved but CoreMap township id not matched in admin pass
1806223,Bago Region (West),ပဲခူးတိုင်းဒေသကြီး (အနောက်),Shwedaung Township,ရွှေတောင် မြို့နယ်,Ma Gyi Pauk Kone Village Tract,မကျီးပေါက်ကုန်း ကျေးရွာအုပ်စု,village_tract,,,unmatched,exact_township_name,Source township resolved but CoreMap township id not matched in admin pass
1806224,Bago Region (West),ပဲခူးတိုင်းဒေသကြီး (အနောက်),Shwedaung Township,ရွှေတောင် မြို့နယ်,Kyaung Kone Village Tract,ကျောင်းကုန်း ကျေးရွာအုပ်စု,village_tract,,,unmatched,exact_township_name,Source township resolved but CoreMap township id not matched in admin pass
1806225,Bago Region (West),ပဲခူးတိုင်းဒေသကြီး (အနောက်),Shwedaung Township,ရွှေတောင် မြို့နယ်,Tha Yet Thone Pin Village Tract,သရက်သုံးပင် ကျေးရွာအုပ်စု,village_tract,,,unmatched,exact_township_name,Source township resolved but CoreMap township id not matched in admin pass
1806226,Bago Region (West),ပဲခူးတိုင်းဒေသကြီး (အနောက်),Shwedaung Township,ရွှေတောင် မြို့နယ်,Kyauk Hta Yan Village Tract,ကျောက်ထရံ ကျေးရွာအုပ်စု,village_tract,,,unmatched,exact_township_name,Source township resolved but CoreMap township id not matched in admin pass
1806227,Bago Region (West),ပဲခူးတိုင်းဒေသကြီး (အနောက်),Shwedaung Township,ရွှေတောင် မြို့နယ်,Shwe Hin Thar Village Tract,ရွှေဟင်္သာ ကျေးရွာအုပ်စု,village_tract,,,unmatched,exact_township_name,Source township resolved but CoreMap township id not matched in admin pass
1806228,Bago Region (West),ပဲခူးတိုင်းဒေသကြီး (အနောက်),Shwedaung Township,ရွှေတောင် မြို့နယ်,Shar Taing Village Tract,ရှားတိုင်း ကျေးရွာအုပ်စု,village_tract,,,unmatched,exact_township_name,Source township resolved but CoreMap township id not matched in admin pass
1806229,Bago Region (West),ပဲခူးတိုင်းဒေသကြီး (အနောက်),Shwedaung Township,ရွှေတောင် မြို့နယ်,Tei Kone Gyi Village Tract,တည်ကုန်းကြီး ကျေးရွာအုပ်စု,village_tract,,,unmatched,exact_township_name,Source township resolved but CoreMap township id not matched in admin pass
1806230,Bago Region (West),ပဲခူးတိုင်းဒေသကြီး (အနောက်),Shwedaung Township,ရွှေတောင် မြို့နယ်,Kyun Ka Lay Village Tract,ကျွန်းကလေး ကျေးရွာအုပ်စု,village_tract,,,unmatched,exact_township_name,Source township resolved but CoreMap township id not matched in admin pass
1806231,Bago Region (West),ပဲခူးတိုင်းဒေသကြီး (အနောက်),Shwedaung Township,ရွှေတောင် မြို့နယ်,Nyaung Sar Yay Village Tract,ညောင်စာရေး ကျေးရွာအုပ်စု,village_tract,,,unmatched,exact_township_name,Source township resolved but CoreMap township id not matched in admin pass
1806232,Bago Region (West),ပဲခူးတိုင်းဒေသကြီး (အနောက်),Shwedaung Township,ရွှေတောင် မြို့နယ်,Tha Yet Ta Pin Village Tract,သရက်တပင် ကျေးရွာအုပ်စု,village_tract,,,unmatched,exact_township_name,Source township resolved but CoreMap township id not matched in admin pass
1806233,Bago Region (West),ပဲခူးတိုင်းဒေသကြီး (အနောက်),Shwedaung Township,ရွှေတောင် မြို့နယ်,Sin Thay Village Tract,ဆင်သေ ကျေးရွာအုပ်စု,village_tract,,,unmatched,exact_township_name,Source township resolved but CoreMap township id not matched in admin pass
1806234,Bago Region (West),ပဲခူးတိုင်းဒေသကြီး (အနောက်),Shwedaung Township,ရွှေတောင် မြို့နယ်,Zee Kyun Village Tract,ဇီးကျွန်း ကျေးရွာအုပ်စု,village_tract,,,unmatched,exact_township_name,Source township resolved but CoreMap township id not matched in admin pass
1806235,Bago Region (West),ပဲခူးတိုင်းဒေသကြီး (အနောက်),Shwedaung Township,ရွှေတောင် မြို့နယ်,Shar Pin Zin Village Tract,ရှားပင်ဇင်း ကျေးရွာအုပ်စု,village_tract,,,unmatched,exact_township_name,Source township resolved but CoreMap township id not matched in admin pass
1806236,Bago Region (West),ပဲခူးတိုင်းဒေသကြီး (အနောက်),Shwedaung Township,ရွှေတောင် မြို့နယ်,Ta Yoke Hmaw Village Tract,တရုတ်မှော် ကျေးရွာအုပ်စု,village_tract,,,unmatched,exact_township_name,Source township resolved but CoreMap township id not matched in admin pass
1806237,Bago Region (West),ပဲခူးတိုင်းဒေသကြီး (အနောက်),Shwedaung Township,ရွှေတောင် မြို့နယ်,La Maing Village Tract,လမိုင်း ကျေးရွာအုပ်စု,village_tract,,,unmatched,exact_township_name,Source township resolved but CoreMap township id not matched in admin pass
1806238,Bago Region (West),ပဲခူးတိုင်းဒေသကြီး (အနောက်),Shwedaung Township,ရွှေတောင် မြို့နယ်,Kwayt Ma Village Tract,ကွေ့မ ကျေးရွာအုပ်စု,village_tract,,,unmatched,exact_township_name,Source township resolved but CoreMap township id not matched in admin pass
1806239,Bago Region (West),ပဲခူးတိုင်းဒေသကြီး (အနောက်),Shwedaung Township,ရွှေတောင် မြို့နယ်,Yin Mu Kone Village Tract,ယင်းမူကုန်း ကျေးရွာအုပ်စု,village_tract,,,unmatched,exact_township_name,Source township resolved but CoreMap township id not matched in admin pass
1806240,Bago Region (West),ပဲခူးတိုင်းဒေသကြီး (အနောက်),Shwedaung Township,ရွှေတောင် မြို့နယ်,Ma Me Lay Village Tract,မမဲလေး ကျေးရွာအုပ်စု,village_tract,,,unmatched,exact_township_name,Source township resolved but CoreMap township id not matched in admin pass
1806241,Bago Region (West),ပဲခူးတိုင်းဒေသကြီး (အနောက်),Shwedaung Township,ရွှေတောင် မြို့နယ်,Shar Pin Kone Village Tract,ရှားပင်ကုန်း ကျေးရွာအုပ်စု,village_tract,,,unmatched,exact_township_name,Source township resolved but CoreMap township id not matched in admin pass
1806242,Bago Region (West),ပဲခူးတိုင်းဒေသကြီး (အနောက်),Shwedaung Township,ရွှေတောင် မြို့နယ်,Thaung Pyin Kone Village Tract,သောင်ပြင်ကုန်း ကျေးရွာအုပ်စု,village_tract,,,unmatched,exact_township_name,Source township resolved but CoreMap township id not matched in admin pass
1806243,Bago Region (West),ပဲခူးတိုင်းဒေသကြီး (အနောက်),Shwedaung Township,ရွှေတောင် မြို့နယ်,Seik Gyi Village Tract,ဆိပ်ကြီး ကျေးရွာအုပ်စု,village_tract,,,unmatched,exact_township_name,Source township resolved but CoreMap township id not matched in admin pass
1806244,Bago Region (West),ပဲခူးတိုင်းဒေသကြီး (အနောက်),Shwedaung Township,ရွှေတောင် မြို့နယ်,Kywe Ta Lin Village Tract,ကျွဲတလင်း ကျေးရွာအုပ်စု,village_tract,,,unmatched,exact_township_name,Source township resolved but CoreMap township id not matched in admin pass
1806245,Bago Region (West),ပဲခူးတိုင်းဒေသကြီး (အနောက်),Shwedaung Township,ရွှေတောင် မြို့နယ်,Ta Bu Sar Village Tract,တဘူစား ကျေးရွာအုပ်စု,village_tract,,,unmatched,exact_township_name,Source township resolved but CoreMap township id not matched in admin pass
1806246,Bago Region (West),ပဲခူးတိုင်းဒေသကြီး (အနောက်),Shwedaung Township,ရွှေတောင် မြို့နယ်,Zei Ma Village Tract,ဇယ်မ ကျေးရွာအုပ်စု,village_tract,,,unmatched,exact_township_name,Source township resolved but CoreMap township id not matched in admin pass
1806247,Bago Region (West),ပဲခူးတိုင်းဒေသကြီး (အနောက်),Shwedaung Township,ရွှေတောင် မြို့နယ်,Se Gyi Kone Village Tract,ဆည်ကြီးကုန်း ကျေးရွာအုပ်စု,village_tract,,,unmatched,exact_township_name,Source township resolved but CoreMap township id not matched in admin pass
1860001,Bago Region (West),ပဲခူးတိုင်းဒေသကြီး (အနောက်),Paungdale Town,ပေါင်းတလည် မြို့,Ah Shey Paing Quarter,အရှေ့ပိုင်း ရပ်ကွက်,ward,,,unmatched,exact_town_to_parent_township,Source township resolved but CoreMap township id not matched in admin pass
1860002,Bago Region (West),ပဲခူးတိုင်းဒေသကြီး (အနောက်),Paungdale Town,ပေါင်းတလည် မြို့,Ah Nauk Paing Quarter,အနောက်ပိုင်း ရပ်ကွက်,ward,,,unmatched,exact_town_to_parent_township,Source township resolved but CoreMap township id not matched in admin pass
1860003,Bago Region (West),ပဲခူးတိုင်းဒေသကြီး (အနောက်),Paungdale Town,ပေါင်းတလည် မြို့,Taung Paing Quarter,တောင်ပိုင်း ရပ်ကွက်,ward,,,unmatched,exact_town_to_parent_township,Source township resolved but CoreMap township id not matched in admin pass
1860004,Bago Region (West),ပဲခူးတိုင်းဒေသကြီး (အနောက်),Paungdale Town,ပေါင်းတလည် မြို့,Myauk Paing Quarter,မြောက်ပိုင်း ရပ်ကွက်,ward,,,unmatched,exact_town_to_parent_township,Source township resolved but CoreMap township id not matched in admin pass
1861001,Bago Region (West),ပဲခူးတိုင်းဒေသကြီး (အနောက်),Oakshitpin Town,ဥရှစ်ပင် မြို့,Ya Da Nar Pon Quarter,ရတနာပုံ ရပ်ကွက်,ward,,,unmatched,exact_town_to_parent_township,Source township resolved but CoreMap township id not matched in admin pass
1861002,Bago Region (West),ပဲခူးတိုင်းဒေသကြီး (အနောက်),Oakshitpin Town,ဥရှစ်ပင် မြို့,Shwe Pin Quarter,ရွှေပင် ရပ်ကွက်,ward,,,unmatched,exact_town_to_parent_township,Source township resolved but CoreMap township id not matched in admin pass
1861003,Bago Region (West),ပဲခူးတိုင်းဒေသကြီး (အနောက်),Oakshitpin Town,ဥရှစ်ပင် မြို့,Pyi Taw Thar Quarter,ပြည်တော်သာ ရပ်ကွက်,ward,,,unmatched,exact_town_to_parent_township,Source township resolved but CoreMap township id not matched in admin pass
