group_id,postal_codes,postal_row_count,locality_mm,locality_en,normalized_name_mm,normalized_name_en,township_en,township_mm,township_public_id,township_core_id,expected_locality_type,candidate_ids,candidate_public_ids,candidate_mm_en_primary,candidate_aliases,candidate_type_hierarchy,candidate_summary,mimu_hits,name_evidence,recommendation,review_decision,selected_admin_public_id,proposed_alias_mm,proposed_alias_en,review_note,preview_file
3a9f781ed9c2,1008005;1070002,2,မြို့မ ရပ်ကွက်,Myo Ma Quarter,မ,myoma,Ngathaingchaung Town,ငသိုင်းချောင်း မြို့,938a79c1-c5f0-4a7a-9f2a-120dff8c8750,7187,ward,7262;7269,f58552ab-5582-4170-ae18-aee9fc84715b;7ec6eadf-2545-4e0e-8176-4ab68f29d4fd,မြို့မရပ်ကွက် /  || မြို့မရပ်ကွက် / ,mm=[];en=[Myo Ma Ward] || mm=[];en=[Myo Ma Ward],ward|parent=938a79c1-c5f0-4a7a-9f2a-120dff8c8750 || ward|parent=938a79c1-c5f0-4a7a-9f2a-120dff8c8750,7262/f58552ab-5582-4170-ae18-aee9fc84715b:ward:မြို့မရပ်ကွက်/(aliases_mm=;aliases_en=Myo Ma Ward) || 7269/7ec6eadf-2545-4e0e-8176-4ab68f29d4fd:ward:မြို့မရပ်ကွက်/(aliases_mm=;aliases_en=Myo Ma Ward),MMR017006701505:Myo Ma Ward/မြို့မရပ်ကွက်;MMR017006702502:Myo Ma Ward/မြို့မရပ်ကွက်,multiple_candidates,confirmed_non_admin,confirmed_non_admin,,,,multiple candidates / conflict; no unique exact proof,02-postal-review-previews/3a9f781ed9c2.json
4353d59b29af,0110229,1,နမ္မတီး ကျေးရွာအုပ်စု,Nam Ma Tee Village Tract,နမ္မတီး,nammatee,Mogaung Township,မိုးကောင်း မြို့နယ်,00bb5083-77f4-4aa5-8a54-ba210d766395,6660,village_tract,,,,,,,,no_exact,confirmed_non_admin,confirmed_non_admin,,,,no CoreMap or MIMU exact identity under township; keep as non-linked postal locality,02-postal-review-previews/4353d59b29af.json
9572d4501c68,0110237,1,နမ်းခမ်း ကျေးရွာအုပ်စု,Nam Hkam Village Tract,နမ်းခမ်း,namhkam,Mogaung Township,မိုးကောင်း မြို့နယ်,00bb5083-77f4-4aa5-8a54-ba210d766395,6660,village_tract,,,,,,,,no_exact,confirmed_non_admin,confirmed_non_admin,,,,no CoreMap or MIMU exact identity under township; keep as non-linked postal locality,02-postal-review-previews/9572d4501c68.json
141c243665f0,0110201,1,နောင်ကိုင်ထော် ကျေးရွာအုပ်စု,Nawng Kaing Htaw Village Tract,နောင်ကိုင်ထော်,nawngkainghtaw,Mogaung Township,မိုးကောင်း မြို့နယ်,00bb5083-77f4-4aa5-8a54-ba210d766395,6660,village_tract,,,,,,,,no_exact,confirmed_non_admin,confirmed_non_admin,,,,no CoreMap or MIMU exact identity under township; keep as non-linked postal locality,02-postal-review-previews/141c243665f0.json
164175f02357,0110212,1,မုတ်နောင် ကျေးရွာအုပ်စု,Moke Nawng Village Tract,မုတ်နောင်,mokenawng,Mogaung Township,မိုးကောင်း မြို့နယ်,00bb5083-77f4-4aa5-8a54-ba210d766395,6660,village_tract,,,,,,,,no_exact,confirmed_non_admin,confirmed_non_admin,,,,no CoreMap or MIMU exact identity under township; keep as non-linked postal locality,02-postal-review-previews/164175f02357.json
88629b5b9f53,0714005,1,ကမ်းနားတန်း ရပ်ကွက်,Kan Nar Tan Quarter,ကမ်းနားတန်း,kannartan,Munaung Township,မာန်အောင် မြို့နယ်,02024cd8-8421-4c25-8e3f-bd6ecf574ed5,5091,ward,,,,,,,,no_exact,confirmed_non_admin,confirmed_non_admin,,,,no CoreMap or MIMU exact identity under township; keep as non-linked postal locality,02-postal-review-previews/88629b5b9f53.json
b0494292b88c,0714002,1,မြို့မ ရပ်ကွက်,Myo Ma Quarter,မ,myoma,Munaung Township,မာန်အောင် မြို့နယ်,02024cd8-8421-4c25-8e3f-bd6ecf574ed5,5091,ward,,,,,,,,no_exact,confirmed_non_admin,confirmed_non_admin,,,,no CoreMap or MIMU exact identity under township; keep as non-linked postal locality,02-postal-review-previews/b0494292b88c.json
f6e44868afdd,0714003,1,ရန်အောင်မြင် ရပ်ကွက်,Yan Aung Myin Quarter,ရန်အောင်မြင်,yanaungmyin,Munaung Township,မာန်အောင် မြို့နယ်,02024cd8-8421-4c25-8e3f-bd6ecf574ed5,5091,ward,,,,,,,,no_exact,confirmed_non_admin,confirmed_non_admin,,,,no CoreMap or MIMU exact identity under township; keep as non-linked postal locality,02-postal-review-previews/f6e44868afdd.json
d2be73ddd087,0714004,1,မြို့သစ် ရပ်ကွက်,Myo Thit Quarter,သစ်,myothit,Munaung Township,မာန်အောင် မြို့နယ်,02024cd8-8421-4c25-8e3f-bd6ecf574ed5,5091,ward,,,,,,,,no_exact,confirmed_non_admin,confirmed_non_admin,,,,no CoreMap or MIMU exact identity under township; keep as non-linked postal locality,02-postal-review-previews/d2be73ddd087.json
b333297b311f,0714001,1,အနောက်စု ရပ်ကွက်,Ah Nauk Su Quarter,အနောက်စု,ahnauksu,Munaung Township,မာန်အောင် မြို့နယ်,02024cd8-8421-4c25-8e3f-bd6ecf574ed5,5091,ward,,,,,,,,no_exact,confirmed_non_admin,confirmed_non_admin,,,,no CoreMap or MIMU exact identity under township; keep as non-linked postal locality,02-postal-review-previews/b333297b311f.json
5ab22b42e986,0309200,1,ကင်ဝ ကျေးရွာအုပ်စု,Kin Wa Village Tract,ကင်ဝ,kinwa,Paletwa Township,ပလက်ဝ မြို့နယ်,02191b8a-704d-444d-9c61-2fd279e40ed1,6941,village_tract,,,,,,,,no_exact,confirmed_non_admin,confirmed_non_admin,,,,no CoreMap or MIMU exact identity under township; keep as non-linked postal locality,02-postal-review-previews/5ab22b42e986.json
45fe5ef10922,0309257,1,ဆမီး ကျေးရွာအုပ်စု,Sa Mee Village Tract,ဆမီး,samee,Paletwa Township,ပလက်ဝ မြို့နယ်,02191b8a-704d-444d-9c61-2fd279e40ed1,6941,village_tract,,,,,,,,no_exact,confirmed_non_admin,confirmed_non_admin,,,,no CoreMap or MIMU exact identity under township; keep as non-linked postal locality,02-postal-review-previews/45fe5ef10922.json
e2e266080585,0309004,1,ကင်ဝ ရပ်ကွက်,KinWa Quarter,ကင်ဝ,kinwa,Paletwa Township,ပလက်ဝ မြို့နယ်,02191b8a-704d-444d-9c61-2fd279e40ed1,6941,ward,,,,,,,,no_exact,confirmed_non_admin,confirmed_non_admin,,,,no CoreMap or MIMU exact identity under township; keep as non-linked postal locality,02-postal-review-previews/e2e266080585.json
093c8688e0b3,0215006,1,စက်ပန်း ရပ်ကွက်,Set Pan Quarter,စက်ပန်း,setpan,Katha Township,ကသာ မြို့နယ်,095293bf-0b9b-4ab3-abe0-3912b48f1b1e,6588,ward,,,,,,,,no_exact,confirmed_non_admin,confirmed_non_admin,,,,no CoreMap or MIMU exact identity under township; keep as non-linked postal locality,02-postal-review-previews/093c8688e0b3.json
702d70aa910f,0215005,1,ဇေယျာချောင် ရပ်ကွက်,Zay Yar Chaung Quarter,ဇေယျာချောင်,zayyarchaung,Katha Township,ကသာ မြို့နယ်,095293bf-0b9b-4ab3-abe0-3912b48f1b1e,6588,ward,,,,,,,,no_exact,confirmed_non_admin,confirmed_non_admin,,,,no CoreMap or MIMU exact identity under township; keep as non-linked postal locality,02-postal-review-previews/702d70aa910f.json
a1655e8f6452,0215003,1,တောင်ပိုင်း ရပ်ကွက်,Taung Paing Quarter,တောင်ပိုင်း,taungpaing,Katha Township,ကသာ မြို့နယ်,095293bf-0b9b-4ab3-abe0-3912b48f1b1e,6588,ward,,,,,,,,no_exact,confirmed_non_admin,confirmed_non_admin,,,,no CoreMap or MIMU exact identity under township; keep as non-linked postal locality,02-postal-review-previews/a1655e8f6452.json
cb50fa9ab7a6,0215009,1,ပတ္တမြား ရပ်ကွက်,Pa Da Myar Quarter,ပတ္တမြား,padamyar,Katha Township,ကသာ မြို့နယ်,095293bf-0b9b-4ab3-abe0-3912b48f1b1e,6588,ward,,,,,,,,no_exact,confirmed_non_admin,confirmed_non_admin,,,,no CoreMap or MIMU exact identity under township; keep as non-linked postal locality,02-postal-review-previews/cb50fa9ab7a6.json
0ca93979c513,0215008,1,ပိန္နဲကုန်း ရပ်ကွက်,Pein Hne Kone Quarter,ပိန္နဲကုန်း,peinhnekone,Katha Township,ကသာ မြို့နယ်,095293bf-0b9b-4ab3-abe0-3912b48f1b1e,6588,ward,,,,,,,,no_exact,confirmed_non_admin,confirmed_non_admin,,,,no CoreMap or MIMU exact identity under township; keep as non-linked postal locality,02-postal-review-previews/0ca93979c513.json
85b77d202493,0215001,1,မြောက်ပိုင်း ရပ်ကွက်,Myauk Paing Quarter,မြောက်ပိုင်း,myaukpaing,Katha Township,ကသာ မြို့နယ်,095293bf-0b9b-4ab3-abe0-3912b48f1b1e,6588,ward,,,,,,,,no_exact,confirmed_non_admin,confirmed_non_admin,,,,no CoreMap or MIMU exact identity under township; keep as non-linked postal locality,02-postal-review-previews/85b77d202493.json
592c193457ad,0215007,1,လျှပ်စစ်ကုန်း ရပ်ကွက်,Hlyat Sit Kone Quarter,လျှပ်စစ်ကုန်း,hlyatsitkone,Katha Township,ကသာ မြို့နယ်,095293bf-0b9b-4ab3-abe0-3912b48f1b1e,6588,ward,,,,,,,,no_exact,confirmed_non_admin,confirmed_non_admin,,,,no CoreMap or MIMU exact identity under township; keep as non-linked postal locality,02-postal-review-previews/592c193457ad.json
974d2e4c817b,0215010,1,သဖန်းဆိုင်း ရပ်ကွက်,Tha Hpan Saing Quarter,သဖန်းဆိုင်း,thahpansaing,Katha Township,ကသာ မြို့နယ်,095293bf-0b9b-4ab3-abe0-3912b48f1b1e,6588,ward,,,,,,,,no_exact,confirmed_non_admin,confirmed_non_admin,,,,no CoreMap or MIMU exact identity under township; keep as non-linked postal locality,02-postal-review-previews/974d2e4c817b.json
bcb5018bf5ee,0215004,1,သူဌေးကုန်း ရပ်ကွက်,Thu Htay Kone Quarter,သူဌေးကုန်း,thuhtaykone,Katha Township,ကသာ မြို့နယ်,095293bf-0b9b-4ab3-abe0-3912b48f1b1e,6588,ward,,,,,,,,no_exact,confirmed_non_admin,confirmed_non_admin,,,,no CoreMap or MIMU exact identity under township; keep as non-linked postal locality,02-postal-review-previews/bcb5018bf5ee.json
e9582e911ed4,0215002,1,အလယ်ပိုင်း ရပ်ကွက်,Ah Lel Paing Quarter,အလယ်ပိုင်း,ahlelpaing,Katha Township,ကသာ မြို့နယ်,095293bf-0b9b-4ab3-abe0-3912b48f1b1e,6588,ward,,,,,,,,no_exact,confirmed_non_admin,confirmed_non_admin,,,,no CoreMap or MIMU exact identity under township; keep as non-linked postal locality,02-postal-review-previews/e9582e911ed4.json
1a8011d0c1ab,0118001,1,အမှတ် (၁) ရပ်ကွက်,No (1) Quarter,၁,1,Khaunglanhpu Township,ခေါင်လန်ဖူး မြို့နယ်,096f8dca-1a90-4741-a264-840963b4794f,6687,ward,,,,,,,,no_exact,confirmed_non_admin,confirmed_non_admin,,,,no CoreMap or MIMU exact identity under township; keep as non-linked postal locality,02-postal-review-previews/1a8011d0c1ab.json
b3d6a7cecd62,0118002,1,အမှတ် (၂) ရပ်ကွက်,No (2) Quarter,၂,2,Khaunglanhpu Township,ခေါင်လန်ဖူး မြို့နယ်,096f8dca-1a90-4741-a264-840963b4794f,6687,ward,,,,,,,,no_exact,confirmed_non_admin,confirmed_non_admin,,,,no CoreMap or MIMU exact identity under township; keep as non-linked postal locality,02-postal-review-previews/b3d6a7cecd62.json
026d9f9683ab,0118003,1,အမှတ် (၃) ရပ်ကွက်,No (3) Quarter,၃,3,Khaunglanhpu Township,ခေါင်လန်ဖူး မြို့နယ်,096f8dca-1a90-4741-a264-840963b4794f,6687,ward,,,,,,,,no_exact,confirmed_non_admin,confirmed_non_admin,,,,no CoreMap or MIMU exact identity under township; keep as non-linked postal locality,02-postal-review-previews/026d9f9683ab.json
7f6d1eb0a41d,0118004,1,အမှတ် (၄) ရပ်ကွက်,No (4) Quarter,၄,4,Khaunglanhpu Township,ခေါင်လန်ဖူး မြို့နယ်,096f8dca-1a90-4741-a264-840963b4794f,6687,ward,,,,,,,,no_exact,confirmed_non_admin,confirmed_non_admin,,,,no CoreMap or MIMU exact identity under township; keep as non-linked postal locality,02-postal-review-previews/7f6d1eb0a41d.json
b869c66c6d22,1501202,1,ပြန့်ကပြေး ကျေးရွာအုပ်စု,Pyant Ka Pyay Village Tract,ပြန့်ကပြေး,pyantkapyay,Za Bu Thi Ri Township,ဇမ္ဗူသီရိ မြို့နယ်,0a007cb6-42ca-4887-8528-30777e3cb976,6029,village_tract,,,,,,,,no_exact,confirmed_non_admin,confirmed_non_admin,,,,no CoreMap or MIMU exact identity under township; keep as non-linked postal locality,02-postal-review-previews/b869c66c6d22.json
6676483e54a7,1501010,1,ဓနသိဒ္ဓိ ရပ်ကွက်,Dha Na Theik Di Quarter,ဓနသိဒ္ဓိ,dhanatheikdi,Za Bu Thi Ri Township,ဇမ္ဗူသီရိ မြို့နယ်,0a007cb6-42ca-4887-8528-30777e3cb976,6029,ward,6024;6011;7608,eeec9dcc-e0c6-40e2-b75d-ab645e49e6b4;18201e24-096c-40b1-b4b8-3f51015dd2b8;9a8f1282-b7a1-49e0-8fdc-0f5d01158ac3,ဓနသိဒ္ဓိရပ်ကွက် /  || ဓနသိဒ္ဓိရပ်ကွက် /  || ဓနသိဒ္ဓိရပ်ကွက် / Dha Na Theik Di Ward,mm=[];en=[Dha Na Theik Di Ward] || mm=[];en=[Dha Na Theik Di Ward] || mm=[];en=[],ward|parent=0a007cb6-42ca-4887-8528-30777e3cb976 || ward|parent=0a007cb6-42ca-4887-8528-30777e3cb976 || ward|parent=0a007cb6-42ca-4887-8528-30777e3cb976,6024/eeec9dcc-e0c6-40e2-b75d-ab645e49e6b4:ward:ဓနသိဒ္ဓိရပ်ကွက်/(aliases_mm=;aliases_en=Dha Na Theik Di Ward) || 6011/18201e24-096c-40b1-b4b8-3f51015dd2b8:ward:ဓနသိဒ္ဓိရပ်ကွက်/(aliases_mm=;aliases_en=Dha Na Theik Di Ward) || 7608/9a8f1282-b7a1-49e0-8fdc-0f5d01158ac3:ward:ဓနသိဒ္ဓိရပ်ကွက်/Dha Na Theik Di Ward(aliases_mm=;aliases_en=),MMR018002701510:Dha Na Theik Di Ward/ဓနသိဒ္ဓိရပ်ကွက်,multiple_candidates,confirmed_non_admin,confirmed_non_admin,,,,multiple CoreMap candidates; cannot auto-match without unique bilingual proof,02-postal-review-previews/6676483e54a7.json
65f4fb872e49,1501009,1,ဗလသိဒ္ဓိ ရပ်ကွက်,Ba La Theik Di Quarter,ဗလသိဒ္ဓိ,balatheikdi,Za Bu Thi Ri Township,ဇမ္ဗူသီရိ မြို့နယ်,0a007cb6-42ca-4887-8528-30777e3cb976,6029,ward,6023;6025,dda8330a-acd9-4e72-a9a5-d6786c100cca;3a9ddc81-23ca-43a9-bbf7-8b2ce67cc57a,ဗလသိဒ္ဓိရပ်ကွက် /  || ဗလသိဒ္ဓိရပ်ကွက် / ,mm=[];en=[Ba La Theik Di Ward] || mm=[];en=[Ba La Theik Di Ward],ward|parent=0a007cb6-42ca-4887-8528-30777e3cb976 || ward|parent=0a007cb6-42ca-4887-8528-30777e3cb976,6023/dda8330a-acd9-4e72-a9a5-d6786c100cca:ward:ဗလသိဒ္ဓိရပ်ကွက်/(aliases_mm=;aliases_en=Ba La Theik Di Ward) || 6025/3a9ddc81-23ca-43a9-bbf7-8b2ce67cc57a:ward:ဗလသိဒ္ဓိရပ်ကွက်/(aliases_mm=;aliases_en=Ba La Theik Di Ward),MMR018002701509:Ba La Theik Di Ward/ဗလသိဒ္ဓိရပ်ကွက်,multiple_candidates,confirmed_non_admin,confirmed_non_admin,,,,multiple CoreMap candidates; cannot auto-match without unique bilingual proof,02-postal-review-previews/65f4fb872e49.json
8547fa830587,0904206,1,နန်းလင်း ကျေးရွာအုပ်စု,Nan Lin Village Tract,နန်းလင်း,nanlin,Bawlake Township,ဘောလခဲ မြို့နယ်,0a75da9d-650b-4084-9851-235afc2b7bc8,6006,village_tract,,,,,,,,no_exact,confirmed_non_admin,confirmed_non_admin,,,,no CoreMap or MIMU exact identity under township; keep as non-linked postal locality,02-postal-review-previews/8547fa830587.json
dc008233159f,0904001,1,ကယားပိုင်း ရပ်ကွက်,Kayah Paing Quarter,ကယားပိုင်း,kayahpaing,Bawlake Township,ဘောလခဲ မြို့နယ်,0a75da9d-650b-4084-9851-235afc2b7bc8,6006,ward,,,,,,,,no_exact,confirmed_non_admin,confirmed_non_admin,,,,no CoreMap or MIMU exact identity under township; keep as non-linked postal locality,02-postal-review-previews/dc008233159f.json
9dda6fd66140,0904002,1,ရှမ်းပိုင်း ရပ်ကွက်,Shan Paing Quarter,ရှမ်းပိုင်း,shanpaing,Bawlake Township,ဘောလခဲ မြို့နယ်,0a75da9d-650b-4084-9851-235afc2b7bc8,6006,ward,,,,,,,,no_exact,confirmed_non_admin,confirmed_non_admin,,,,no CoreMap or MIMU exact identity under township; keep as non-linked postal locality,02-postal-review-previews/9dda6fd66140.json
b0b5b991e42e,1306001,1,ချောင်းတောင် ရပ်ကွက်,Chaung Taung Quarter,ချောင်းတောင်,chaungtaung,Kawkareik Township,ကော့ကရိတ် မြို့နယ်,0c1e0422-330d-4f9e-b926-17fd75d00a9c,5030,ward,,,,,,,,no_exact,confirmed_non_admin,confirmed_non_admin,,,,no CoreMap or MIMU exact identity under township; keep as non-linked postal locality,02-postal-review-previews/b0b5b991e42e.json
6ea772c985f9,1306007,1,တံတားဦး ရပ်ကွက်,Ta Dar U Quarter,တံတားဦး,tadaru,Kawkareik Township,ကော့ကရိတ် မြို့နယ်,0c1e0422-330d-4f9e-b926-17fd75d00a9c,5030,ward,,,,,,,,no_exact,confirmed_non_admin,confirmed_non_admin,,,,no CoreMap or MIMU exact identity under township; keep as non-linked postal locality,02-postal-review-previews/6ea772c985f9.json
a67dce335e35,1306002,1,ဝင်းကြီး ရပ်ကွက်,Win Gyi Quarter,ဝင်းကြီး,wingyi,Kawkareik Township,ကော့ကရိတ် မြို့နယ်,0c1e0422-330d-4f9e-b926-17fd75d00a9c,5030,ward,,,,,,,,no_exact,confirmed_non_admin,confirmed_non_admin,,,,no CoreMap or MIMU exact identity under township; keep as non-linked postal locality,02-postal-review-previews/a67dce335e35.json
8a57f7facd02,1306004,1,အထက်တောင်သူစု ရပ်ကွက်,Ah Htet Taung Thu Su Quarter,အထက်တောင်သူစု,ahhtettaungthusu,Kawkareik Township,ကော့ကရိတ် မြို့နယ်,0c1e0422-330d-4f9e-b926-17fd75d00a9c,5030,ward,,,,,,,,no_exact,confirmed_non_admin,confirmed_non_admin,,,,no CoreMap or MIMU exact identity under township; keep as non-linked postal locality,02-postal-review-previews/8a57f7facd02.json
4eb0db7b19f7,1306006,1,အနောက်ပိုင်း ရပ်ကွက်,Ah Nauk Paing Quarter,အနောက်ပိုင်း,ahnaukpaing,Kawkareik Township,ကော့ကရိတ် မြို့နယ်,0c1e0422-330d-4f9e-b926-17fd75d00a9c,5030,ward,,,,,,,,no_exact,confirmed_non_admin,confirmed_non_admin,,,,no CoreMap or MIMU exact identity under township; keep as non-linked postal locality,02-postal-review-previews/4eb0db7b19f7.json
305f318b909c,1306003,1,အလယ်တန်း ရပ်ကွက်,Ah Lel Tan Quarter,အလယ်တန်း,ahleltan,Kawkareik Township,ကော့ကရိတ် မြို့နယ်,0c1e0422-330d-4f9e-b926-17fd75d00a9c,5030,ward,,,,,,,,no_exact,confirmed_non_admin,confirmed_non_admin,,,,no CoreMap or MIMU exact identity under township; keep as non-linked postal locality,02-postal-review-previews/305f318b909c.json
472c99b6de4f,1306005,1,အောက်တောင်သူစု ရပ်ကွက်,Auk Taung Thu Su Quarter,အောက်တောင်သူစု,auktaungthusu,Kawkareik Township,ကော့ကရိတ် မြို့နယ်,0c1e0422-330d-4f9e-b926-17fd75d00a9c,5030,ward,,,,,,,,no_exact,confirmed_non_admin,confirmed_non_admin,,,,no CoreMap or MIMU exact identity under township; keep as non-linked postal locality,02-postal-review-previews/472c99b6de4f.json
b00e2592722a,0222003,1,မဟာမြိုင် ရပ်ကွက်,Ma Har Myaing Quarter,မဟာမြိုင်,maharmyaing,Taze Township,တန့်ဆည် မြို့နယ်,0c37fbaa-de5f-444d-ab2a-ab13e6524ed7,6766,ward,6794;6797,78361f3d-1c68-4771-9960-71409026dbc6;30309448-fabf-4601-ae5c-48a8ed285394,မဟာမြိုင်ရပ်ကွက် /  || မဟာမြိုင်ရပ်ကွက် / ,mm=[];en=[Ma Har Myaing Ward] || mm=[];en=[Ma Har Myaing Ward],ward|parent=0c37fbaa-de5f-444d-ab2a-ab13e6524ed7 || ward|parent=0c37fbaa-de5f-444d-ab2a-ab13e6524ed7,6794/78361f3d-1c68-4771-9960-71409026dbc6:ward:မဟာမြိုင်ရပ်ကွက်/(aliases_mm=;aliases_en=Ma Har Myaing Ward) || 6797/30309448-fabf-4601-ae5c-48a8ed285394:ward:မဟာမြိုင်ရပ်ကွက်/(aliases_mm=;aliases_en=Ma Har Myaing Ward),MMR005011701503:Ma Har Myaing Ward/မဟာမြိုင်ရပ်ကွက်,multiple_candidates,confirmed_non_admin,confirmed_non_admin,,,,multiple CoreMap candidates; cannot auto-match without unique bilingual proof,02-postal-review-previews/b00e2592722a.json
dcd2c5befe8c,0222004,1,မေတ္တာမြိုင် ရပ်ကွက်,Myit Tar Myaing Quarter,မေတ္တာမြိုင်,myittarmyaing,Taze Township,တန့်ဆည် မြို့နယ်,0c37fbaa-de5f-444d-ab2a-ab13e6524ed7,6766,ward,,,,,,,,no_exact,confirmed_non_admin,confirmed_non_admin,,,,no CoreMap or MIMU exact identity under township; keep as non-linked postal locality,02-postal-review-previews/dcd2c5befe8c.json
bc2d2539d8de,0266001,1,အမှတ် (၁) ရပ်ကွက်,No (1) Quarter,၁,1,Myothit Town,မြို့သစ် မြို့,0ed999bd-23c2-4cca-8abf-ebde524131d1,7071,ward,,,,,,,,no_exact,confirmed_non_admin,confirmed_non_admin,,,,no CoreMap or MIMU exact identity under township; keep as non-linked postal locality,02-postal-review-previews/bc2d2539d8de.json
8c9b4a62b284,0266002,1,အမှတ် (၂) ရပ်ကွက်,No (2) Quarter,၂,2,Myothit Town,မြို့သစ် မြို့,0ed999bd-23c2-4cca-8abf-ebde524131d1,7071,ward,,,,,,,,no_exact,confirmed_non_admin,confirmed_non_admin,,,,no CoreMap or MIMU exact identity under township; keep as non-linked postal locality,02-postal-review-previews/8c9b4a62b284.json
ca660bcc37de,0266003,1,အမှတ် (၃) ရပ်ကွက်,No (3) Quarter,၃,3,Myothit Town,မြို့သစ် မြို့,0ed999bd-23c2-4cca-8abf-ebde524131d1,7071,ward,,,,,,,,no_exact,confirmed_non_admin,confirmed_non_admin,,,,no CoreMap or MIMU exact identity under township; keep as non-linked postal locality,02-postal-review-previews/ca660bcc37de.json
98e44e8027a1,0423004,1,ရွှေပေါက်ပင် ရပ်ကွက်,Shwe Pauk Pin Quarter,ရွှေပေါက်ပင်,shwepaukpin,Pauk Township,ပေါက် မြို့နယ်,0f20a56c-a00d-4b9d-b295-40fec54cf542,6929,ward,,,,,,,,no_exact,confirmed_non_admin,confirmed_non_admin,,,,no CoreMap or MIMU exact identity under township; keep as non-linked postal locality,02-postal-review-previews/98e44e8027a1.json
edf2ca6ffb62,0423003,1,အောင်ချမ်းသာ ရပ်ကွက်,Aung Chan Thar Quarter,အောင်ချမ်းသာ,aungchanthar,Pauk Township,ပေါက် မြို့နယ်,0f20a56c-a00d-4b9d-b295-40fec54cf542,6929,ward,,,,,,,,no_exact,confirmed_non_admin,confirmed_non_admin,,,,no CoreMap or MIMU exact identity under township; keep as non-linked postal locality,02-postal-review-previews/edf2ca6ffb62.json
95a34fe1a8be,0423002,1,အောင်တော်မူ ရပ်ကွက်,Aung Taw Mu Quarter,အောင်တော်မူ,aungtawmu,Pauk Township,ပေါက် မြို့နယ်,0f20a56c-a00d-4b9d-b295-40fec54cf542,6929,ward,,,,,,,,no_exact,confirmed_non_admin,confirmed_non_admin,,,,no CoreMap or MIMU exact identity under township; keep as non-linked postal locality,02-postal-review-previews/95a34fe1a8be.json
bb329e87fcf5,0423001,1,အောင်တံခွန် ရပ်ကွက်,Aung Ta Khon Quarter,အောင်တံခွန်,aungtakhon,Pauk Township,ပေါက် မြို့နယ်,0f20a56c-a00d-4b9d-b295-40fec54cf542,6929,ward,,,,,,,,no_exact,confirmed_non_admin,confirmed_non_admin,,,,no CoreMap or MIMU exact identity under township; keep as non-linked postal locality,02-postal-review-previews/bb329e87fcf5.json
b7cf424f8481,1143203,1,စိုက်ပျိုးမွေးမြူရေးကျေးရွာအမှတ် (၁) ကျေးရွာအုပ်စု,Saik Pyo Mway Myu Yay Kyay Ywar (1) Village Tract,စိုက်ပျိုးမွေးမြူရေးကျေးရွာ၁,saikpyomwaymyuyaykyayywar1,Dagon Myothit (South) Township,ဒဂုံမြို့သစ် (တောင်ပိုင်း) မြို့နယ်,13288755-ec6b-4a53-beac-6182cfa3ecf4,5231,village_tract,,,,,,,,no_exact,confirmed_non_admin,confirmed_non_admin,,,,no CoreMap or MIMU exact identity under township; keep as non-linked postal locality,02-postal-review-previews/b7cf424f8481.json
8461b1fe8685,1604008,1,နောင်မို ရပ်ကွက်,Nawng Mo Quarter,နောင်မို,nawngmo,Tangyan Township,တန့်ယန်း မြို့နယ်,161dd5c6-c71d-4247-98f6-4c681f506a18,6467,ward,,,,,,,,no_exact,confirmed_non_admin,confirmed_non_admin,,,,no CoreMap or MIMU exact identity under township; keep as non-linked postal locality,02-postal-review-previews/8461b1fe8685.json
57c9de1c9e09,1604009,1,မန်စန် ရပ်ကွက်,Man Hsan Quarter,မန်စန်,manhsan,Tangyan Township,တန့်ယန်း မြို့နယ်,161dd5c6-c71d-4247-98f6-4c681f506a18,6467,ward,,,,,,,,no_exact,confirmed_non_admin,confirmed_non_admin,,,,no CoreMap or MIMU exact identity under township; keep as non-linked postal locality,02-postal-review-previews/57c9de1c9e09.json
8ef936532064,1604006,1,ဝိန်းလောင်း ရပ်ကွက်,Wein Lawng Quarter,ဝိန်းလောင်း,weinlawng,Tangyan Township,တန့်ယန်း မြို့နယ်,161dd5c6-c71d-4247-98f6-4c681f506a18,6467,ward,,,,,,,,no_exact,confirmed_non_admin,confirmed_non_admin,,,,no CoreMap or MIMU exact identity under township; keep as non-linked postal locality,02-postal-review-previews/8ef936532064.json
3be182b8dd05,1604010,1,ဟိုနမ့် ရပ်ကွက်,Ho Nam Quarter,ဟိုနမ့်,honam,Tangyan Township,တန့်ယန်း မြို့နယ်,161dd5c6-c71d-4247-98f6-4c681f506a18,6467,ward,,,,,,,,no_exact,confirmed_non_admin,confirmed_non_admin,,,,no CoreMap or MIMU exact identity under township; keep as non-linked postal locality,02-postal-review-previews/3be182b8dd05.json
b8ac183c1aad,1604001,1,အမှတ် (၁) ရပ်ကွက်,No (1) Quarter,၁,1,Tangyan Township,တန့်ယန်း မြို့နယ်,161dd5c6-c71d-4247-98f6-4c681f506a18,6467,ward,,,,,,,,no_exact,confirmed_non_admin,confirmed_non_admin,,,,no CoreMap or MIMU exact identity under township; keep as non-linked postal locality,02-postal-review-previews/b8ac183c1aad.json
0e2f863cefdc,1604002,1,အမှတ် (၂) ရပ်ကွက်,No (2) Quarter,၂,2,Tangyan Township,တန့်ယန်း မြို့နယ်,161dd5c6-c71d-4247-98f6-4c681f506a18,6467,ward,,,,,,,,no_exact,confirmed_non_admin,confirmed_non_admin,,,,no CoreMap or MIMU exact identity under township; keep as non-linked postal locality,02-postal-review-previews/0e2f863cefdc.json
45590ba25857,1604003,1,အမှတ် (၃) ရပ်ကွက်,No (3) Quarter,၃,3,Tangyan Township,တန့်ယန်း မြို့နယ်,161dd5c6-c71d-4247-98f6-4c681f506a18,6467,ward,,,,,,,,no_exact,confirmed_non_admin,confirmed_non_admin,,,,no CoreMap or MIMU exact identity under township; keep as non-linked postal locality,02-postal-review-previews/45590ba25857.json
a33931bbeacd,1604004,1,အမှတ် (၄) ရပ်ကွက်,No (4) Quarter,၄,4,Tangyan Township,တန့်ယန်း မြို့နယ်,161dd5c6-c71d-4247-98f6-4c681f506a18,6467,ward,,,,,,,,no_exact,confirmed_non_admin,confirmed_non_admin,,,,no CoreMap or MIMU exact identity under township; keep as non-linked postal locality,02-postal-review-previews/a33931bbeacd.json
2a38ef391699,1604005,1,အမှတ် (၅) ရပ်ကွက်,No (5) Quarter,၅,5,Tangyan Township,တန့်ယန်း မြို့နယ်,161dd5c6-c71d-4247-98f6-4c681f506a18,6467,ward,,,,,,,,no_exact,confirmed_non_admin,confirmed_non_admin,,,,no CoreMap or MIMU exact identity under township; keep as non-linked postal locality,02-postal-review-previews/2a38ef391699.json
a94c93533d84,1618212,1,ခါဂျစ် ကျေးရွာအုပ်စု,Hkar Gyit Village Tract,ခါဂျစ်,hkargyit,Mabein Township,မဘိမ်း မြို့နယ်,16f9e74c-f933-4bae-aca5-b029782a4d2c,6585,village_tract,,,,,,,,no_exact,confirmed_non_admin,confirmed_non_admin,,,,no CoreMap or MIMU exact identity under township; keep as non-linked postal locality,02-postal-review-previews/a94c93533d84.json
96a52aac88bf,1618210,1,လွယ်ဆိုင် ကျေးရွာအုပ်စု,Loi Hseng Village Tract,လွယ်ဆိုင်,loihseng,Mabein Township,မဘိမ်း မြို့နယ်,16f9e74c-f933-4bae-aca5-b029782a4d2c,6585,village_tract,,,,,,,,no_exact,confirmed_non_admin,confirmed_non_admin,,,,no CoreMap or MIMU exact identity under township; keep as non-linked postal locality,02-postal-review-previews/96a52aac88bf.json
dd943cdf38d6,1618213,1,လွယ်ဆောင်း ကျေးရွာအုပ်စု,Loi Hsawng Village Tract,လွယ်ဆောင်း,loihsawng,Mabein Township,မဘိမ်း မြို့နယ်,16f9e74c-f933-4bae-aca5-b029782a4d2c,6585,village_tract,,,,,,,,no_exact,confirmed_non_admin,confirmed_non_admin,,,,no CoreMap or MIMU exact identity under township; keep as non-linked postal locality,02-postal-review-previews/dd943cdf38d6.json
64863a85e546,1618211,1,လွယ်ဝိန်း ကျေးရွာအုပ်စု,Loi Wein Village Tract,လွယ်ဝိန်း,loiwein,Mabein Township,မဘိမ်း မြို့နယ်,16f9e74c-f933-4bae-aca5-b029782a4d2c,6585,village_tract,,,,,,,,no_exact,confirmed_non_admin,confirmed_non_admin,,,,no CoreMap or MIMU exact identity under township; keep as non-linked postal locality,02-postal-review-previews/64863a85e546.json
55d5307e0bb6,0814241,1,ကညွှတ်ကွင်း(အနောက်) ကျေးရွာအုပ်စု,Ka Nyut Kwin (West) Village Tract,ကညွှတ်ကွင်းအနောက်,kanyutkwinwest,Phyu Township,ဖြူး မြို့နယ်,1790b109-65f8-40a5-9506-e15d542b247f,5942,village_tract,,,,,,,,no_exact,confirmed_non_admin,confirmed_non_admin,,,,no CoreMap or MIMU exact identity under township; keep as non-linked postal locality,02-postal-review-previews/55d5307e0bb6.json
8288b99c5efd,0814240,1,ကညွှတ်ကွင်း(အရှေ့) ကျေးရွာအုပ်စု,Ka Nyut Kwin (East) Village Tract,ကညွှတ်ကွင်းအရှေ့,kanyutkwineast,Phyu Township,ဖြူး မြို့နယ်,1790b109-65f8-40a5-9506-e15d542b247f,5942,village_tract,,,,,,,,no_exact,confirmed_non_admin,confirmed_non_admin,,,,no CoreMap or MIMU exact identity under township; keep as non-linked postal locality,02-postal-review-previews/8288b99c5efd.json
28a8c055e51d,0814203,1,ဇေယျဝတီ ကျေးရွာအုပ်စု,Zay Ya Wa Di Village Tract,ဇေယျဝတီ,zayyawadi,Phyu Township,ဖြူး မြို့နယ်,1790b109-65f8-40a5-9506-e15d542b247f,5942,village_tract,,,,,,,,no_exact,confirmed_non_admin,confirmed_non_admin,,,,no CoreMap or MIMU exact identity under township; keep as non-linked postal locality,02-postal-review-previews/28a8c055e51d.json
7ae521a6bf34,0814010,1,ဆေးရုံ ရပ်ကွက်,Say Yon Quarter,ဆေးရုံ,sayyon,Phyu Township,ဖြူး မြို့နယ်,1790b109-65f8-40a5-9506-e15d542b247f,5942,ward,,,,,,,,no_exact,confirmed_non_admin,confirmed_non_admin,,,,no CoreMap or MIMU exact identity under township; keep as non-linked postal locality,02-postal-review-previews/7ae521a6bf34.json
c3ddebec39be,0814006,1,ဈေး ရပ်ကွက်,Zay Quarter,ဈေး,zay,Phyu Township,ဖြူး မြို့နယ်,1790b109-65f8-40a5-9506-e15d542b247f,5942,ward,,,,,,,,no_exact,confirmed_non_admin,confirmed_non_admin,,,,no CoreMap or MIMU exact identity under township; keep as non-linked postal locality,02-postal-review-previews/c3ddebec39be.json
0facf56d7c20,0814003,1,ထန်းကုန်း ရပ်ကွက်,Htan Kone Quarter,ထန်းကုန်း,htankone,Phyu Township,ဖြူး မြို့နယ်,1790b109-65f8-40a5-9506-e15d542b247f,5942,ward,,,,,,,,no_exact,confirmed_non_admin,confirmed_non_admin,,,,no CoreMap or MIMU exact identity under township; keep as non-linked postal locality,02-postal-review-previews/0facf56d7c20.json
6a9697a70e4a,0814005,1,ဘူတာတောင် ရပ်ကွက်,Bu Tar (South) Quarter,ဘူတာတောင်,butarsouth,Phyu Township,ဖြူး မြို့နယ်,1790b109-65f8-40a5-9506-e15d542b247f,5942,ward,,,,,,,,no_exact,confirmed_non_admin,confirmed_non_admin,,,,no CoreMap or MIMU exact identity under township; keep as non-linked postal locality,02-postal-review-previews/6a9697a70e4a.json
006ff90a69ac,0814004,1,ဘူတာမြောက် ရပ်ကွက်,Bu Tar (North) Quarter,ဘူတာမြောက်,butarnorth,Phyu Township,ဖြူး မြို့နယ်,1790b109-65f8-40a5-9506-e15d542b247f,5942,ward,,,,,,,,no_exact,confirmed_non_admin,confirmed_non_admin,,,,no CoreMap or MIMU exact identity under township; keep as non-linked postal locality,02-postal-review-previews/006ff90a69ac.json
6c43758259e0,0814008,1,မြို့မအနောက် ရပ်ကွက်,Myo Ma (West) Quarter,မအနောက်,myomawest,Phyu Township,ဖြူး မြို့နယ်,1790b109-65f8-40a5-9506-e15d542b247f,5942,ward,,,,,,,,no_exact,confirmed_non_admin,confirmed_non_admin,,,,no CoreMap or MIMU exact identity under township; keep as non-linked postal locality,02-postal-review-previews/6c43758259e0.json
ad755eca8815,0814007,1,မြို့မအရှေ့ ရပ်ကွက်,Myo Ma (East) Quarter,မအရှေ့,myomaeast,Phyu Township,ဖြူး မြို့နယ်,1790b109-65f8-40a5-9506-e15d542b247f,5942,ward,,,,,,,,no_exact,confirmed_non_admin,confirmed_non_admin,,,,no CoreMap or MIMU exact identity under township; keep as non-linked postal locality,02-postal-review-previews/ad755eca8815.json
f330e9328466,0814009,1,ရုံး ရပ်ကွက်,Yone Quarter,ရုံး,yone,Phyu Township,ဖြူး မြို့နယ်,1790b109-65f8-40a5-9506-e15d542b247f,5942,ward,,,,,,,,no_exact,confirmed_non_admin,confirmed_non_admin,,,,no CoreMap or MIMU exact identity under township; keep as non-linked postal locality,02-postal-review-previews/f330e9328466.json
5d49fb9974d9,0814001,1,သိမ်ကုန်း ရပ်ကွက်,Thein Kone Quarter,သိမ်ကုန်း,theinkone,Phyu Township,ဖြူး မြို့နယ်,1790b109-65f8-40a5-9506-e15d542b247f,5942,ward,,,,,,,,no_exact,confirmed_non_admin,confirmed_non_admin,,,,no CoreMap or MIMU exact identity under township; keep as non-linked postal locality,02-postal-review-previews/5d49fb9974d9.json
42e9995a2ab1,1614250,1,နားလေ ကျေးရွာအုပ်စု,Nar Lay (Li) Village Tract,နားလေ,narlayli,Hsipaw Township,သီပေါ မြို့နယ်,19f6b48b-fdae-4a77-b5ca-2b5db453543e,6523,village_tract,19621;19629,b3fb2fb4-a40d-4565-aa48-937e029b61c5;a0daa25f-dfc4-401c-b09f-70a9d1f09ef7,နားလေ / Nar Lay || နားလေ (လီ) / Nar Lay (Li),mm=[];en=[] || mm=[];en=[],village_tract|parent=19f6b48b-fdae-4a77-b5ca-2b5db453543e || village_tract|parent=19f6b48b-fdae-4a77-b5ca-2b5db453543e,19621/b3fb2fb4-a40d-4565-aa48-937e029b61c5:village_tract:နားလေ/Nar Lay(aliases_mm=;aliases_en=) || 19629/a0daa25f-dfc4-401c-b09f-70a9d1f09ef7:village_tract:နားလေ (လီ)/Nar Lay (Li)(aliases_mm=;aliases_en=),MMR015014051:Nar Lay/နားလေ;MMR015014043:Nar Lay (Li)/နားလေ (လီ),conflict_mm_vs_en,source_error,source_error,,,,inconsistent bilingual postal row: MY→b3fb2fb4-a40d-4565-aa48-937e029b61c5 (နားလေ/Nar Lay) but EN→a0daa25f-dfc4-401c-b09f-70a9d1f09ef7 (နားလေ (လီ)/Nar Lay (Li)),02-postal-review-previews/42e9995a2ab1.json
200764a84d7b,1614242,1,နားလေ (လီ) ကျေးရွာအုပ်စု,Nar Lay Village Tract,နားလေလီ,narlay,Hsipaw Township,သီပေါ မြို့နယ်,19f6b48b-fdae-4a77-b5ca-2b5db453543e,6523,village_tract,19629;19621,a0daa25f-dfc4-401c-b09f-70a9d1f09ef7;b3fb2fb4-a40d-4565-aa48-937e029b61c5,နားလေ (လီ) / Nar Lay (Li) || နားလေ / Nar Lay,mm=[];en=[] || mm=[];en=[],village_tract|parent=19f6b48b-fdae-4a77-b5ca-2b5db453543e || village_tract|parent=19f6b48b-fdae-4a77-b5ca-2b5db453543e,19629/a0daa25f-dfc4-401c-b09f-70a9d1f09ef7:village_tract:နားလေ (လီ)/Nar Lay (Li)(aliases_mm=;aliases_en=) || 19621/b3fb2fb4-a40d-4565-aa48-937e029b61c5:village_tract:နားလေ/Nar Lay(aliases_mm=;aliases_en=),MMR015014051:Nar Lay/နားလေ;MMR015014043:Nar Lay (Li)/နားလေ (လီ),conflict_mm_vs_en,source_error,source_error,,,,inconsistent bilingual postal row: MY→a0daa25f-dfc4-401c-b09f-70a9d1f09ef7 (နားလေ (လီ)/Nar Lay (Li)) but EN→b3fb2fb4-a40d-4565-aa48-937e029b61c5 (နားလေ/Nar Lay),02-postal-review-previews/200764a84d7b.json
0e8ec37bb1ea,1805213,1,ပုတီးကုန်း ကျေးရွာအုပ်စု,Pu Tee Kone Village Tract,ပုတီးကုန်း,puteekone,Thegon Township,သဲကုန်း မြို့နယ်,1cb6f236-e7e3-4b01-865c-04436c393602,7157,village_tract,,,,,,,,no_exact,confirmed_non_admin,confirmed_non_admin,,,,no CoreMap or MIMU exact identity under township; keep as non-linked postal locality,02-postal-review-previews/0e8ec37bb1ea.json
6a55911ebbf2,1805224,1,အင်းမအရှေ့ပိုင်း ကျေးရွာအုပ်စု,Inn Ma Ah Shey Paing Village Tract,အင်းမအရှေ့ပိုင်း,innmaahsheypaing,Thegon Township,သဲကုန်း မြို့နယ်,1cb6f236-e7e3-4b01-865c-04436c393602,7157,village_tract,,,,,,,,no_exact,confirmed_non_admin,confirmed_non_admin,,,,no CoreMap or MIMU exact identity under township; keep as non-linked postal locality,02-postal-review-previews/6a55911ebbf2.json
e7c7a239613d,0603011,1,ငှက်ပျောတော ရပ်ကွက်,Hgnet Pyaw Taw Quarter,ငှက်ပျောတော,hgnetpyawtaw,Pindaya Township,ပင်းတယ မြို့နယ်,1e21c040-9ea6-4ac6-bdf9-4784006c55fe,6144,ward,,,,,,,,no_exact,confirmed_non_admin,confirmed_non_admin,,,,no CoreMap or MIMU exact identity under township; keep as non-linked postal locality,02-postal-review-previews/e7c7a239613d.json
d0add62219d3,0603004,1,ဆင်ခေါင်း ရပ်ကွက်,Sin Gaung Quarter,ဆင်ခေါင်း,singaung,Pindaya Township,ပင်းတယ မြို့နယ်,1e21c040-9ea6-4ac6-bdf9-4784006c55fe,6144,ward,,,,,,,,no_exact,confirmed_non_admin,confirmed_non_admin,,,,no CoreMap or MIMU exact identity under township; keep as non-linked postal locality,02-postal-review-previews/d0add62219d3.json
e67f7e7443b2,0603001,1,ဆူးဗိုကုန်း ရပ်ကွက်,Sue Bo Kone Quarter,ဆူးဗိုကုန်း,suebokone,Pindaya Township,ပင်းတယ မြို့နယ်,1e21c040-9ea6-4ac6-bdf9-4784006c55fe,6144,ward,,,,,,,,no_exact,confirmed_non_admin,confirmed_non_admin,,,,no CoreMap or MIMU exact identity under township; keep as non-linked postal locality,02-postal-review-previews/e67f7e7443b2.json
0ed880b995bf,0603003,1,ဈေးတန်း ရပ်ကွက်,Zay Tan Quarter,ဈေးတန်း,zaytan,Pindaya Township,ပင်းတယ မြို့နယ်,1e21c040-9ea6-4ac6-bdf9-4784006c55fe,6144,ward,,,,,,,,no_exact,confirmed_non_admin,confirmed_non_admin,,,,no CoreMap or MIMU exact identity under township; keep as non-linked postal locality,02-postal-review-previews/0ed880b995bf.json
5c7bd51ed834,0603010,1,ပေါက်တော ရပ်ကွက်,Pauk Taw Quarter,ပေါက်တော,pauktaw,Pindaya Township,ပင်းတယ မြို့နယ်,1e21c040-9ea6-4ac6-bdf9-4784006c55fe,6144,ward,,,,,,,,no_exact,confirmed_non_admin,confirmed_non_admin,,,,no CoreMap or MIMU exact identity under township; keep as non-linked postal locality,02-postal-review-previews/5c7bd51ed834.json
c780c6d60cd8,0603012,1,ပြည်တော်သာ ရပ်ကွက်,Pyi Taw Thar Quarter,ပြည်တော်သာ,pyitawthar,Pindaya Township,ပင်းတယ မြို့နယ်,1e21c040-9ea6-4ac6-bdf9-4784006c55fe,6144,ward,,,,,,,,no_exact,confirmed_non_admin,confirmed_non_admin,,,,no CoreMap or MIMU exact identity under township; keep as non-linked postal locality,02-postal-review-previews/c780c6d60cd8.json
948f2f547454,0603007,1,ရွာငယ် ရပ်ကွက်,Ywar Nge Quarter,ရွာငယ်,ywarnge,Pindaya Township,ပင်းတယ မြို့နယ်,1e21c040-9ea6-4ac6-bdf9-4784006c55fe,6144,ward,,,,,,,,no_exact,confirmed_non_admin,confirmed_non_admin,,,,no CoreMap or MIMU exact identity under township; keep as non-linked postal locality,02-postal-review-previews/948f2f547454.json
675a3f142c32,0603005,1,ရွာသစ်စေတီကုန်း ရပ်ကွက်,Ywar Thit Zay Di Kone Quarter,ရွာသစ်စေတီကုန်း,ywarthitzaydikone,Pindaya Township,ပင်းတယ မြို့နယ်,1e21c040-9ea6-4ac6-bdf9-4784006c55fe,6144,ward,,,,,,,,no_exact,confirmed_non_admin,confirmed_non_admin,,,,no CoreMap or MIMU exact identity under township; keep as non-linked postal locality,02-postal-review-previews/675a3f142c32.json
bd716c63487a,0603002,1,ရှမ်း ရပ်ကွက်,Shan Quarter,ရှမ်း,shan,Pindaya Township,ပင်းတယ မြို့နယ်,1e21c040-9ea6-4ac6-bdf9-4784006c55fe,6144,ward,,,,,,,,no_exact,confirmed_non_admin,confirmed_non_admin,,,,no CoreMap or MIMU exact identity under township; keep as non-linked postal locality,02-postal-review-previews/bd716c63487a.json
ecadd9536c8b,0603013,1,သီရိမင်္ဂလာရပ်ကွက် ရပ်ကွက်,Thiri Mingalar Quarter,သီရိမင်္ဂလာ,thirimingalar,Pindaya Township,ပင်းတယ မြို့နယ်,1e21c040-9ea6-4ac6-bdf9-4784006c55fe,6144,ward,,,,,,,,no_exact,confirmed_non_admin,confirmed_non_admin,,,,no CoreMap or MIMU exact identity under township; keep as non-linked postal locality,02-postal-review-previews/ecadd9536c8b.json
36455c9073dd,0603008,1,ဟော်ကုန်း ရပ်ကွက်,Haw Kone Quarter,ဟော်ကုန်း,hawkone,Pindaya Township,ပင်းတယ မြို့နယ်,1e21c040-9ea6-4ac6-bdf9-4784006c55fe,6144,ward,,,,,,,,no_exact,confirmed_non_admin,confirmed_non_admin,,,,no CoreMap or MIMU exact identity under township; keep as non-linked postal locality,02-postal-review-previews/36455c9073dd.json
4132e8c17d0d,0603009,1,အနောက် ရပ်ကွက်,Ah Nauk Quarter,အနောက်,ahnauk,Pindaya Township,ပင်းတယ မြို့နယ်,1e21c040-9ea6-4ac6-bdf9-4784006c55fe,6144,ward,,,,,,,,no_exact,confirmed_non_admin,confirmed_non_admin,,,,no CoreMap or MIMU exact identity under township; keep as non-linked postal locality,02-postal-review-previews/4132e8c17d0d.json
30f50f27a300,0603006,1,အော်ယော ရပ်ကွက်,Aw Yaw Quarter,အော်ယော,awyaw,Pindaya Township,ပင်းတယ မြို့နယ်,1e21c040-9ea6-4ac6-bdf9-4784006c55fe,6144,ward,,,,,,,,no_exact,confirmed_non_admin,confirmed_non_admin,,,,no CoreMap or MIMU exact identity under township; keep as non-linked postal locality,02-postal-review-previews/30f50f27a300.json
0df4a09446ed,0109208,1,ဂေါ့လွန်ယန် ကျေးရွာအုပ်စု,Gawt Lwng Yang Village Tract,ဂေါ့လွန်ယန်,gawtlwngyang,Tanai Township,တနိုင်း မြို့နယ်,1e399fef-fd78-4c8d-81f9-180a0d01b05d,6666,village_tract,,,,,,,,no_exact,confirmed_non_admin,confirmed_non_admin,,,,no CoreMap or MIMU exact identity under township; keep as non-linked postal locality,02-postal-review-previews/0df4a09446ed.json
f7ca3ad46830,0109214,1,ဆင်(မ်)ဆ ကျေးရွာအုပ်စု,Sim Sa Village Tract,ဆင်မ်ဆ,simsa,Tanai Township,တနိုင်း မြို့နယ်,1e399fef-fd78-4c8d-81f9-180a0d01b05d,6666,village_tract,,,,,,,,no_exact,confirmed_non_admin,confirmed_non_admin,,,,no CoreMap or MIMU exact identity under township; keep as non-linked postal locality,02-postal-review-previews/f7ca3ad46830.json
ed3a4c589277,0109209,1,ဆရာကထောင် ကျေးရွာအုပ်စု,Sa Rar Ka Htaung Village Tract,ဆရာကထောင်,sararkahtaung,Tanai Township,တနိုင်း မြို့နယ်,1e399fef-fd78-4c8d-81f9-180a0d01b05d,6666,village_tract,,,,,,,,no_exact,confirmed_non_admin,confirmed_non_admin,,,,no CoreMap or MIMU exact identity under township; keep as non-linked postal locality,02-postal-review-previews/ed3a4c589277.json
a0225616b080,0109210,1,ဇီးကောင့် ကျေးရွာအုပ်စု,Zi Kawng Village Tract,ဇီးကောင့်,zikawng,Tanai Township,တနိုင်း မြို့နယ်,1e399fef-fd78-4c8d-81f9-180a0d01b05d,6666,village_tract,,,,,,,,no_exact,confirmed_non_admin,confirmed_non_admin,,,,no CoreMap or MIMU exact identity under township; keep as non-linked postal locality,02-postal-review-previews/a0225616b080.json
2f7b1b20d9f3,0109206,1,ဒနိုင်ယန် ကျေးရွာအုပ်စု,Da Naing Yang Village Tract,ဒနိုင်ယန်,danaingyang,Tanai Township,တနိုင်း မြို့နယ်,1e399fef-fd78-4c8d-81f9-180a0d01b05d,6666,village_tract,,,,,,,,no_exact,confirmed_non_admin,confirmed_non_admin,,,,no CoreMap or MIMU exact identity under township; keep as non-linked postal locality,02-postal-review-previews/2f7b1b20d9f3.json
fde1fe8e8db8,0109217,1,ရှဒူဇွတ် ကျေးရွာအုပ်စု,Sha Du Suk Village Tract,ရှဒူဇွတ်,shadusuk,Tanai Township,တနိုင်း မြို့နယ်,1e399fef-fd78-4c8d-81f9-180a0d01b05d,6666,village_tract,,,,,,,,no_exact,confirmed_non_admin,confirmed_non_admin,,,,no CoreMap or MIMU exact identity under township; keep as non-linked postal locality,02-postal-review-previews/fde1fe8e8db8.json
8b4cccbf2f3c,0109212,1,ရှိန့်ဘွေကောင့် ကျေးရွာအုပ်စု,Shein Bway Kawng Village Tract,ရှိန့်ဘွေကောင့်,sheinbwaykawng,Tanai Township,တနိုင်း မြို့နယ်,1e399fef-fd78-4c8d-81f9-180a0d01b05d,6666,village_tract,,,,,,,,no_exact,confirmed_non_admin,confirmed_non_admin,,,,no CoreMap or MIMU exact identity under township; keep as non-linked postal locality,02-postal-review-previews/8b4cccbf2f3c.json
812f20aeb3aa,0109211,1,အင်ဂမ်ဂါး ကျေးရွာအုပ်စု,In Gam Gar Village Tract,အင်ဂမ်ဂါး,ingamgar,Tanai Township,တနိုင်း မြို့နယ်,1e399fef-fd78-4c8d-81f9-180a0d01b05d,6666,village_tract,,,,,,,,no_exact,confirmed_non_admin,confirmed_non_admin,,,,no CoreMap or MIMU exact identity under township; keep as non-linked postal locality,02-postal-review-previews/812f20aeb3aa.json
af2346bde085,0109207,1,အင်ထွဲအင်ပရော့ ကျေးရွာအုပ်စု,In Htoi In Praw Village Tract,အင်ထွဲအင်ပရော့,inhtoiinpraw,Tanai Township,တနိုင်း မြို့နယ်,1e399fef-fd78-4c8d-81f9-180a0d01b05d,6666,village_tract,,,,,,,,no_exact,confirmed_non_admin,confirmed_non_admin,,,,no CoreMap or MIMU exact identity under township; keep as non-linked postal locality,02-postal-review-previews/af2346bde085.json
b6d0289570a3,0109213,1,အာလျှင် ကျေးရွာအုပ်စု,Ahr Hlyin Village Tract,အာလျှင်,ahrhlyin,Tanai Township,တနိုင်း မြို့နယ်,1e399fef-fd78-4c8d-81f9-180a0d01b05d,6666,village_tract,,,,,,,,no_exact,confirmed_non_admin,confirmed_non_admin,,,,no CoreMap or MIMU exact identity under township; keep as non-linked postal locality,02-postal-review-previews/b6d0289570a3.json
e0003e4fabb6,0109004,1,ကင်ဆား ရပ်ကွက်,Kin Sar Quarter,ကင်ဆား,kinsar,Tanai Township,တနိုင်း မြို့နယ်,1e399fef-fd78-4c8d-81f9-180a0d01b05d,6666,ward,,,,,,,,no_exact,confirmed_non_admin,confirmed_non_admin,,,,no CoreMap or MIMU exact identity under township; keep as non-linked postal locality,02-postal-review-previews/e0003e4fabb6.json
9e3eaa5a54a2,0109001,1,ဆင်ဆာ့ကောင်း ရပ်ကွက်,Sin Sa Kawng Quarter,ဆင်ဆာ့ကောင်း,sinsakawng,Tanai Township,တနိုင်း မြို့နယ်,1e399fef-fd78-4c8d-81f9-180a0d01b05d,6666,ward,,,,,,,,no_exact,confirmed_non_admin,confirmed_non_admin,,,,no CoreMap or MIMU exact identity under township; keep as non-linked postal locality,02-postal-review-previews/9e3eaa5a54a2.json
3cefc6ddeea6,0109005,1,ဒူကောင်း ရပ်ကွက်,Du Kawng Quarter,ဒူကောင်း,dukawng,Tanai Township,တနိုင်း မြို့နယ်,1e399fef-fd78-4c8d-81f9-180a0d01b05d,6666,ward,,,,,,,,no_exact,confirmed_non_admin,confirmed_non_admin,,,,no CoreMap or MIMU exact identity under township; keep as non-linked postal locality,02-postal-review-previews/3cefc6ddeea6.json
8bafa4872a20,0109006,1,ပုန်ခုန်ကောင်း ရပ်ကွက်,Pon Khon Kawng Quarter,ပုန်ခုန်ကောင်း,ponkhonkawng,Tanai Township,တနိုင်း မြို့နယ်,1e399fef-fd78-4c8d-81f9-180a0d01b05d,6666,ward,,,,,,,,no_exact,confirmed_non_admin,confirmed_non_admin,,,,no CoreMap or MIMU exact identity under township; keep as non-linked postal locality,02-postal-review-previews/8bafa4872a20.json
1c84cd68d23b,0109002,1,မုန်ဒိန်ကောင်း ရပ်ကွက်,Mon Dein Kawng Quarter,မုန်ဒိန်ကောင်း,mondeinkawng,Tanai Township,တနိုင်း မြို့နယ်,1e399fef-fd78-4c8d-81f9-180a0d01b05d,6666,ward,,,,,,,,no_exact,confirmed_non_admin,confirmed_non_admin,,,,no CoreMap or MIMU exact identity under township; keep as non-linked postal locality,02-postal-review-previews/1c84cd68d23b.json
6b126839231e,0109003,1,ဟူးကောင်း ရပ်ကွက်,Hu Kawng Quarter,ဟူးကောင်း,hukawng,Tanai Township,တနိုင်း မြို့နယ်,1e399fef-fd78-4c8d-81f9-180a0d01b05d,6666,ward,,,,,,,,no_exact,confirmed_non_admin,confirmed_non_admin,,,,no CoreMap or MIMU exact identity under township; keep as non-linked postal locality,02-postal-review-previews/6b126839231e.json
f8d18088ed52,1137253,1,ငွေနံ့သာ ကျေးရွာအုပ်စု,Ngwe Nant Thar Village Tract,ငွေနံ့သာ,ngwenantthar,Hlegu Township,လှည်းကူး မြို့နယ်,1e3bc9ba-d0f3-4a7b-bf4f-8f1f931fafe5,5857,village_tract,,,,,,,,no_exact,confirmed_non_admin,confirmed_non_admin,,,,no CoreMap or MIMU exact identity under township; keep as non-linked postal locality,02-postal-review-previews/f8d18088ed52.json
a04b8bbc98ea,1137218,1,ဇရပ်ကွင်း ကျေးရွာအုပ်စု,Za Yat Kwin Village Tract,ဇရပ်ကွင်း,zayatkwin,Hlegu Township,လှည်းကူး မြို့နယ်,1e3bc9ba-d0f3-4a7b-bf4f-8f1f931fafe5,5857,village_tract,,,,,,,,no_exact,confirmed_non_admin,confirmed_non_admin,,,,no CoreMap or MIMU exact identity under township; keep as non-linked postal locality,02-postal-review-previews/a04b8bbc98ea.json
d0a1b19b0722,1137204,1,ပုတ်သင်ညို ကျေးရွာအုပ်စု,Poke Thin Nyo Village Tract,ပုတ်သင်ညို,pokethinnyo,Hlegu Township,လှည်းကူး မြို့နယ်,1e3bc9ba-d0f3-4a7b-bf4f-8f1f931fafe5,5857,village_tract,,,,,,,,no_exact,confirmed_non_admin,confirmed_non_admin,,,,no CoreMap or MIMU exact identity under township; keep as non-linked postal locality,02-postal-review-previews/d0a1b19b0722.json
3ce9f2fb74b8,1137203,1,ဝါးချောင်း (အနောက်) ကျေးရွာအုပ်စု,War Chaung (West) Village Tract,ဝါးချောင်းအနောက်,warchaungwest,Hlegu Township,လှည်းကူး မြို့နယ်,1e3bc9ba-d0f3-4a7b-bf4f-8f1f931fafe5,5857,village_tract,,,,,,,,no_exact,confirmed_non_admin,confirmed_non_admin,,,,no CoreMap or MIMU exact identity under township; keep as non-linked postal locality,02-postal-review-previews/3ce9f2fb74b8.json
1241006a28d5,1137202,1,ဝါးချောင်း (အရှေ့) ကျေးရွာအုပ်စု,War Chaung (East) Village Tract,ဝါးချောင်းအရှေ့,warchaungeast,Hlegu Township,လှည်းကူး မြို့နယ်,1e3bc9ba-d0f3-4a7b-bf4f-8f1f931fafe5,5857,village_tract,,,,,,,,no_exact,confirmed_non_admin,confirmed_non_admin,,,,no CoreMap or MIMU exact identity under township; keep as non-linked postal locality,02-postal-review-previews/1241006a28d5.json
5bb52223981f,1137237,1,သခွတ်ပင် ကျေးရွာအုပ်စု,Tha Khut Pin Village Tract,သခွတ်ပင်,thakhutpin,Hlegu Township,လှည်းကူး မြို့နယ်,1e3bc9ba-d0f3-4a7b-bf4f-8f1f931fafe5,5857,village_tract,,,,,,,,no_exact,confirmed_non_admin,confirmed_non_admin,,,,no CoreMap or MIMU exact identity under township; keep as non-linked postal locality,02-postal-review-previews/5bb52223981f.json
ff90b3786dd8,1137004,1,ဈေးပိုင်း ရပ်ကွက်,Zay Paing Quarter,ဈေးပိုင်း,zaypaing,Hlegu Township,လှည်းကူး မြို့နယ်,1e3bc9ba-d0f3-4a7b-bf4f-8f1f931fafe5,5857,ward,,,,,,,,no_exact,confirmed_non_admin,confirmed_non_admin,,,,no CoreMap or MIMU exact identity under township; keep as non-linked postal locality,02-postal-review-previews/ff90b3786dd8.json
7b3f3e15cbb2,1137002,1,ပြည်တော်သာ ရပ်ကွက်,Pyi Taw Thar Quarter,ပြည်တော်သာ,pyitawthar,Hlegu Township,လှည်းကူး မြို့နယ်,1e3bc9ba-d0f3-4a7b-bf4f-8f1f931fafe5,5857,ward,,,,,,,,no_exact,confirmed_non_admin,confirmed_non_admin,,,,no CoreMap or MIMU exact identity under township; keep as non-linked postal locality,02-postal-review-previews/7b3f3e15cbb2.json
4c1d88cc55f8,1137005,1,မြို့မ ရပ်ကွက်,Myo Ma Quarter,မ,myoma,Hlegu Township,လှည်းကူး မြို့နယ်,1e3bc9ba-d0f3-4a7b-bf4f-8f1f931fafe5,5857,ward,,,,,,,,no_exact,confirmed_non_admin,confirmed_non_admin,,,,no CoreMap or MIMU exact identity under township; keep as non-linked postal locality,02-postal-review-previews/4c1d88cc55f8.json
878206bf0bed,1137003,1,သာသနာ့ရိပ်သာ ရပ်ကွက်,Thar Tha Na Yeik Thar Quarter,သာသနာ့ရိပ်သာ,tharthanayeikthar,Hlegu Township,လှည်းကူး မြို့နယ်,1e3bc9ba-d0f3-4a7b-bf4f-8f1f931fafe5,5857,ward,,,,,,,,no_exact,confirmed_non_admin,confirmed_non_admin,,,,no CoreMap or MIMU exact identity under township; keep as non-linked postal locality,02-postal-review-previews/878206bf0bed.json
b5d4df9eabd8,1137001,1,အောင်မင်္ဂလာ ရပ်ကွက်,Aung Min Ga Lar Quarter,အောင်မင်္ဂလာ,aungmingalar,Hlegu Township,လှည်းကူး မြို့နယ်,1e3bc9ba-d0f3-4a7b-bf4f-8f1f931fafe5,5857,ward,,,,,,,,no_exact,confirmed_non_admin,confirmed_non_admin,,,,no CoreMap or MIMU exact identity under township; keep as non-linked postal locality,02-postal-review-previews/b5d4df9eabd8.json
534e1a52e5da,0709007,1,ပြည်တော်လှ ရပ်ကွက်,Pyi Taw Hla Quarter,ပြည်တော်လှ,pyitawhla,Minbya Township,မင်းပြား မြို့နယ်,21053ec0-3c86-497e-9aed-d82667ca8b8a,6950,ward,,,,,,,,no_exact,confirmed_non_admin,confirmed_non_admin,,,,no CoreMap or MIMU exact identity under township; keep as non-linked postal locality,02-postal-review-previews/534e1a52e5da.json
511b1bc7b679,0709006,1,ပြည်တော်သာ ရပ်ကွက်,Pyi Taw Thar Quarter,ပြည်တော်သာ,pyitawthar,Minbya Township,မင်းပြား မြို့နယ်,21053ec0-3c86-497e-9aed-d82667ca8b8a,6950,ward,,,,,,,,no_exact,confirmed_non_admin,confirmed_non_admin,,,,no CoreMap or MIMU exact identity under township; keep as non-linked postal locality,02-postal-review-previews/511b1bc7b679.json
97a7ffae65c7,0709008,1,မင်းဘာကြီး ရပ်ကွက်,Min Bar Gyi Quarter,မင်းဘာကြီး,minbargyi,Minbya Township,မင်းပြား မြို့နယ်,21053ec0-3c86-497e-9aed-d82667ca8b8a,6950,ward,,,,,,,,no_exact,confirmed_non_admin,confirmed_non_admin,,,,no CoreMap or MIMU exact identity under township; keep as non-linked postal locality,02-postal-review-previews/97a7ffae65c7.json
b8b913f183e7,0709004,1,ဥက္ကာပျံ ရပ်ကွက်,Oke Kar Pyan Quarter,ဥက္ကာပျံ,okekarpyan,Minbya Township,မင်းပြား မြို့နယ်,21053ec0-3c86-497e-9aed-d82667ca8b8a,6950,ward,,,,,,,,no_exact,confirmed_non_admin,confirmed_non_admin,,,,no CoreMap or MIMU exact identity under township; keep as non-linked postal locality,02-postal-review-previews/b8b913f183e7.json
8a39c8eec624,0709005,1,ဦးစိုးတင့် ရပ်ကွက်,U Soe Tint Quarter,ဦးစိုးတင့်,usoetint,Minbya Township,မင်းပြား မြို့နယ်,21053ec0-3c86-497e-9aed-d82667ca8b8a,6950,ward,,,,,,,,no_exact,confirmed_non_admin,confirmed_non_admin,,,,no CoreMap or MIMU exact identity under township; keep as non-linked postal locality,02-postal-review-previews/8a39c8eec624.json
8c3b5f5ff41b,0525244,1,ချောင်းဒေါင်း ကျေးရွာအုပ်စု,Chaung Daung Village Tract,ချောင်းဒေါင်း,chaungdaung,Myingyan Township,မြင်းခြံ မြို့နယ်,21bf0318-9035-4e18-b876-068b00439e2d,6888,village_tract,,,,,,,,no_exact,confirmed_non_admin,confirmed_non_admin,,,,no CoreMap or MIMU exact identity under township; keep as non-linked postal locality,02-postal-review-previews/8c3b5f5ff41b.json
32119a344116,0525203,1,ဆီမီးခုံ ကျေးရွာအုပ်စု,Si Mee Khon Village Tract,ဆီမီးခုံ,simeekhon,Myingyan Township,မြင်းခြံ မြို့နယ်,21bf0318-9035-4e18-b876-068b00439e2d,6888,village_tract,,,,,,,,no_exact,confirmed_non_admin,confirmed_non_admin,,,,no CoreMap or MIMU exact identity under township; keep as non-linked postal locality,02-postal-review-previews/32119a344116.json
ffcaacde8252,0525010,1,အမှတ် (၁၀) ရပ်ကွက်,No (10) Quarter,၁၀,10,Myingyan Township,မြင်းခြံ မြို့နယ်,21bf0318-9035-4e18-b876-068b00439e2d,6888,ward,,,,,,,,no_exact,confirmed_non_admin,confirmed_non_admin,,,,no CoreMap or MIMU exact identity under township; keep as non-linked postal locality,02-postal-review-previews/ffcaacde8252.json
f2ad0ec9b856,0525011,1,အမှတ် (၁၁) ရပ်ကွက်,No (11) Quarter,၁၁,11,Myingyan Township,မြင်းခြံ မြို့နယ်,21bf0318-9035-4e18-b876-068b00439e2d,6888,ward,,,,,,,,no_exact,confirmed_non_admin,confirmed_non_admin,,,,no CoreMap or MIMU exact identity under township; keep as non-linked postal locality,02-postal-review-previews/f2ad0ec9b856.json
00ff92fc421a,0525012,1,အမှတ် (၁၂) ရပ်ကွက်,No (12) Quarter,၁၂,12,Myingyan Township,မြင်းခြံ မြို့နယ်,21bf0318-9035-4e18-b876-068b00439e2d,6888,ward,,,,,,,,no_exact,confirmed_non_admin,confirmed_non_admin,,,,no CoreMap or MIMU exact identity under township; keep as non-linked postal locality,02-postal-review-previews/00ff92fc421a.json
6bcf666bad00,0525013,1,အမှတ် (၁၃) ရပ်ကွက်,No (13) Quarter,၁၃,13,Myingyan Township,မြင်းခြံ မြို့နယ်,21bf0318-9035-4e18-b876-068b00439e2d,6888,ward,,,,,,,,no_exact,confirmed_non_admin,confirmed_non_admin,,,,no CoreMap or MIMU exact identity under township; keep as non-linked postal locality,02-postal-review-previews/6bcf666bad00.json
a12fef61e62a,0525014,1,အမှတ် (၁၄) ရပ်ကွက်,No (14) Quarter,၁၄,14,Myingyan Township,မြင်းခြံ မြို့နယ်,21bf0318-9035-4e18-b876-068b00439e2d,6888,ward,,,,,,,,no_exact,confirmed_non_admin,confirmed_non_admin,,,,no CoreMap or MIMU exact identity under township; keep as non-linked postal locality,02-postal-review-previews/a12fef61e62a.json
65a4e922523b,0525015,1,အမှတ် (၁၅) ရပ်ကွက်,No (15) Quarter,၁၅,15,Myingyan Township,မြင်းခြံ မြို့နယ်,21bf0318-9035-4e18-b876-068b00439e2d,6888,ward,,,,,,,,no_exact,confirmed_non_admin,confirmed_non_admin,,,,no CoreMap or MIMU exact identity under township; keep as non-linked postal locality,02-postal-review-previews/65a4e922523b.json
a541ba96b4b3,0525016,1,အမှတ် (၁၆) ရပ်ကွက်,No (16) Quarter,၁၆,16,Myingyan Township,မြင်းခြံ မြို့နယ်,21bf0318-9035-4e18-b876-068b00439e2d,6888,ward,,,,,,,,no_exact,confirmed_non_admin,confirmed_non_admin,,,,no CoreMap or MIMU exact identity under township; keep as non-linked postal locality,02-postal-review-previews/a541ba96b4b3.json
c2f3e1f55017,0525017,1,အမှတ် (၁၇) ရပ်ကွက်,No (17) Quarter,၁၇,17,Myingyan Township,မြင်းခြံ မြို့နယ်,21bf0318-9035-4e18-b876-068b00439e2d,6888,ward,,,,,,,,no_exact,confirmed_non_admin,confirmed_non_admin,,,,no CoreMap or MIMU exact identity under township; keep as non-linked postal locality,02-postal-review-previews/c2f3e1f55017.json
9f176dd5cda5,0525018,1,အမှတ် (၁၈) ရပ်ကွက်,No (18) Quarter,၁၈,18,Myingyan Township,မြင်းခြံ မြို့နယ်,21bf0318-9035-4e18-b876-068b00439e2d,6888,ward,,,,,,,,no_exact,confirmed_non_admin,confirmed_non_admin,,,,no CoreMap or MIMU exact identity under township; keep as non-linked postal locality,02-postal-review-previews/9f176dd5cda5.json
0e0f088fc4e6,0525019,1,အမှတ် (၁၉) ရပ်ကွက်,No (19) Quarter,၁၉,19,Myingyan Township,မြင်းခြံ မြို့နယ်,21bf0318-9035-4e18-b876-068b00439e2d,6888,ward,,,,,,,,no_exact,confirmed_non_admin,confirmed_non_admin,,,,no CoreMap or MIMU exact identity under township; keep as non-linked postal locality,02-postal-review-previews/0e0f088fc4e6.json
2a7808a94d0f,0525020,1,အမှတ် (၂၀) ရပ်ကွက်,No (20) Quarter,၂၀,20,Myingyan Township,မြင်းခြံ မြို့နယ်,21bf0318-9035-4e18-b876-068b00439e2d,6888,ward,,,,,,,,no_exact,confirmed_non_admin,confirmed_non_admin,,,,no CoreMap or MIMU exact identity under township; keep as non-linked postal locality,02-postal-review-previews/2a7808a94d0f.json
98010205ecde,0525005,1,အမှတ် (၅) ရပ်ကွက်,No (5) Quarter,၅,5,Myingyan Township,မြင်းခြံ မြို့နယ်,21bf0318-9035-4e18-b876-068b00439e2d,6888,ward,,,,,,,,no_exact,confirmed_non_admin,confirmed_non_admin,,,,no CoreMap or MIMU exact identity under township; keep as non-linked postal locality,02-postal-review-previews/98010205ecde.json
9acc1f58e842,0525006,1,အမှတ် (၆) ရပ်ကွက်,No (6) Quarter,၆,6,Myingyan Township,မြင်းခြံ မြို့နယ်,21bf0318-9035-4e18-b876-068b00439e2d,6888,ward,,,,,,,,no_exact,confirmed_non_admin,confirmed_non_admin,,,,no CoreMap or MIMU exact identity under township; keep as non-linked postal locality,02-postal-review-previews/9acc1f58e842.json
0958daaf37f3,0525007,1,အမှတ် (၇) ရပ်ကွက်,No (7) Quarter,၇,7,Myingyan Township,မြင်းခြံ မြို့နယ်,21bf0318-9035-4e18-b876-068b00439e2d,6888,ward,,,,,,,,no_exact,confirmed_non_admin,confirmed_non_admin,,,,no CoreMap or MIMU exact identity under township; keep as non-linked postal locality,02-postal-review-previews/0958daaf37f3.json
7ad2bffc9c09,0525008,1,အမှတ် (၈) ရပ်ကွက်,No (8) Quarter,၈,8,Myingyan Township,မြင်းခြံ မြို့နယ်,21bf0318-9035-4e18-b876-068b00439e2d,6888,ward,,,,,,,,no_exact,confirmed_non_admin,confirmed_non_admin,,,,no CoreMap or MIMU exact identity under township; keep as non-linked postal locality,02-postal-review-previews/7ad2bffc9c09.json
5af7d4fab768,0525009,1,အမှတ် (၉) ရပ်ကွက်,No (9) Quarter,၉,9,Myingyan Township,မြင်းခြံ မြို့နယ်,21bf0318-9035-4e18-b876-068b00439e2d,6888,ward,,,,,,,,no_exact,confirmed_non_admin,confirmed_non_admin,,,,no CoreMap or MIMU exact identity under township; keep as non-linked postal locality,02-postal-review-previews/5af7d4fab768.json
9840af6cf3df,0715008,1,ဈေး ရပ်ကွက်,Zay Quarter,ဈေး,zay,Ann Township,အမ်း မြို့နယ်,23fcc105-16fc-44f9-9a18-71955d34e0f2,7098,ward,,,,,,,,no_exact,confirmed_non_admin,confirmed_non_admin,,,,no CoreMap or MIMU exact identity under township; keep as non-linked postal locality,02-postal-review-previews/9840af6cf3df.json
d3db320630e7,0715009,1,ဈေးတောင် ရပ်ကွက်,Zay Taung Quarter,ဈေးတောင်,zaytaung,Ann Township,အမ်း မြို့နယ်,23fcc105-16fc-44f9-9a18-71955d34e0f2,7098,ward,,,,,,,,no_exact,confirmed_non_admin,confirmed_non_admin,,,,no CoreMap or MIMU exact identity under township; keep as non-linked postal locality,02-postal-review-previews/d3db320630e7.json
e29a6ae508ba,0715007,1,လေယာဉ်ကွင်း ရပ်ကွက်,Lay Yin Kwin Quarter,လေယာဉ်ကွင်း,layyinkwin,Ann Township,အမ်း မြို့နယ်,23fcc105-16fc-44f9-9a18-71955d34e0f2,7098,ward,,,,,,,MMR012014701507:Lay Yin Pyan Kwin Ward/လေယာဉ်ကွင်းရပ်ကွက်,no_exact,confirmed_non_admin,confirmed_non_admin,,,,MIMU source exists (MMR012014701507) but no CoreMap ward/VT to link; do not invent admin from postal text,02-postal-review-previews/e29a6ae508ba.json
b28bda748231,0116210,1,ကောင်ရာ ကျေးရွာအုပ်စု,Kawng Ra Village Tract,ကောင်ရာ,kawngra,Hpakant Township,ဖားကန့် မြို့နယ်,23ff19df-3432-41d1-a5f7-f6aac6997004,6664,village_tract,,,,,,,,no_exact,confirmed_non_admin,confirmed_non_admin,,,,no CoreMap or MIMU exact identity under township; keep as non-linked postal locality,02-postal-review-previews/b28bda748231.json
05e6d01b0c76,0116002,1,ငှက်ပျောတော ရပ်ကွက်,Hnget Pyaw Taw Quarter,ငှက်ပျောတော,hngetpyawtaw,Hpakant Township,ဖားကန့် မြို့နယ်,23ff19df-3432-41d1-a5f7-f6aac6997004,6664,ward,,,,,,,,no_exact,confirmed_non_admin,confirmed_non_admin,,,,no CoreMap or MIMU exact identity under township; keep as non-linked postal locality,02-postal-review-previews/05e6d01b0c76.json
092822217adf,0116003,1,မြို့မ ရပ်ကွက်,Myo Ma Quarter,မ,myoma,Hpakant Township,ဖားကန့် မြို့နယ်,23ff19df-3432-41d1-a5f7-f6aac6997004,6664,ward,,,,,,,,no_exact,confirmed_non_admin,confirmed_non_admin,,,,no CoreMap or MIMU exact identity under township; keep as non-linked postal locality,02-postal-review-previews/092822217adf.json
319cf0781115,0116005,1,မရှီကထောင် ရပ်ကွက်,Ma Shi Ka Htaung Quarter,မရှီကထောင်,mashikahtaung,Hpakant Township,ဖားကန့် မြို့နယ်,23ff19df-3432-41d1-a5f7-f6aac6997004,6664,ward,,,,,,,,no_exact,confirmed_non_admin,confirmed_non_admin,,,,no CoreMap or MIMU exact identity under township; keep as non-linked postal locality,02-postal-review-previews/319cf0781115.json
003cc5788102,0116001,1,မော်ဝမ်း ရပ်ကွက်,Maw Wam Quarter,မော်ဝမ်း,mawwam,Hpakant Township,ဖားကန့် မြို့နယ်,23ff19df-3432-41d1-a5f7-f6aac6997004,6664,ward,,,,,,,,no_exact,confirmed_non_admin,confirmed_non_admin,,,,no CoreMap or MIMU exact identity under township; keep as non-linked postal locality,02-postal-review-previews/003cc5788102.json
8dbc1375f508,0116004,1,အေးမြသာယာ ရပ်ကွက်,Aye Mya Thar Yar Quarter,အေးမြသာယာ,ayemyatharyar,Hpakant Township,ဖားကန့် မြို့နယ်,23ff19df-3432-41d1-a5f7-f6aac6997004,6664,ward,,,,,,,,no_exact,confirmed_non_admin,confirmed_non_admin,,,,no CoreMap or MIMU exact identity under township; keep as non-linked postal locality,02-postal-review-previews/8dbc1375f508.json
9c508347ad66,0516246,1,ကူမဲ ကျေးရွာအုပ်စု,Ku Me Village Tract,ကူမဲ,kume,Myittha Township,မြစ်သား မြို့နယ်,25c792bc-e0be-48fd-8dc5-81095ad06302,6200,village_tract,,,,,,,,no_exact,confirmed_non_admin,confirmed_non_admin,,,,no CoreMap or MIMU exact identity under township; keep as non-linked postal locality,02-postal-review-previews/9c508347ad66.json
3db9d35bf772,1305001,1,အမှတ် (၁) ရပ်ကွက်,No (1) Quarter,၁,1,Myawaddy Township,မြဝတီ မြို့နယ်,273b9ffe-f0b3-408a-a091-ac81bfd57981,5033,ward,,,,,,,,no_exact,confirmed_non_admin,confirmed_non_admin,,,,no CoreMap or MIMU exact identity under township; keep as non-linked postal locality,02-postal-review-previews/3db9d35bf772.json
6700f7896771,1305002,1,အမှတ် (၂) ရပ်ကွက်,No (2) Quarter,၂,2,Myawaddy Township,မြဝတီ မြို့နယ်,273b9ffe-f0b3-408a-a091-ac81bfd57981,5033,ward,,,,,,,,no_exact,confirmed_non_admin,confirmed_non_admin,,,,no CoreMap or MIMU exact identity under township; keep as non-linked postal locality,02-postal-review-previews/6700f7896771.json
37201f02af6b,1305003,1,အမှတ် (၃) ရပ်ကွက်,No (3) Quarter,၃,3,Myawaddy Township,မြဝတီ မြို့နယ်,273b9ffe-f0b3-408a-a091-ac81bfd57981,5033,ward,,,,,,,,no_exact,confirmed_non_admin,confirmed_non_admin,,,,no CoreMap or MIMU exact identity under township; keep as non-linked postal locality,02-postal-review-previews/37201f02af6b.json
0620cdaef8f8,1305004,1,အမှတ် (၄) ရပ်ကွက်,No (4) Quarter,၄,4,Myawaddy Township,မြဝတီ မြို့နယ်,273b9ffe-f0b3-408a-a091-ac81bfd57981,5033,ward,,,,,,,,no_exact,confirmed_non_admin,confirmed_non_admin,,,,no CoreMap or MIMU exact identity under township; keep as non-linked postal locality,02-postal-review-previews/0620cdaef8f8.json
030e1c9865c9,1305005,1,အမှတ် (၅) ရပ်ကွက်,No (5) Quarter,၅,5,Myawaddy Township,မြဝတီ မြို့နယ်,273b9ffe-f0b3-408a-a091-ac81bfd57981,5033,ward,,,,,,,,no_exact,confirmed_non_admin,confirmed_non_admin,,,,no CoreMap or MIMU exact identity under township; keep as non-linked postal locality,02-postal-review-previews/030e1c9865c9.json
53fd8c542069,1305006,1,အမှတ် (၆) ရပ်ကွက်,No (6) Quarter,၆,6,Myawaddy Township,မြဝတီ မြို့နယ်,273b9ffe-f0b3-408a-a091-ac81bfd57981,5033,ward,,,,,,,,no_exact,confirmed_non_admin,confirmed_non_admin,,,,no CoreMap or MIMU exact identity under township; keep as non-linked postal locality,02-postal-review-previews/53fd8c542069.json
95c520361f4b,1305007,1,အမှတ် (၇) ရပ်ကွက်,No (7) Quarter,၇,7,Myawaddy Township,မြဝတီ မြို့နယ်,273b9ffe-f0b3-408a-a091-ac81bfd57981,5033,ward,,,,,,,,no_exact,confirmed_non_admin,confirmed_non_admin,,,,no CoreMap or MIMU exact identity under township; keep as non-linked postal locality,02-postal-review-previews/95c520361f4b.json
6ac633676872,0203002,1,ခန္တီးမြို့မ ရပ်ကွက်,Hkamti Myo Ma Quarter,ခန္တီးမ,hkamtimyoma,Hkamti Township,ခန္တီး မြို့နယ်,2e1a75a6-6544-445a-99e9-a2815bd85566,6694,ward,,,,,,,,no_exact,confirmed_non_admin,confirmed_non_admin,,,,no CoreMap or MIMU exact identity under township; keep as non-linked postal locality,02-postal-review-previews/6ac633676872.json
547e43d74b14,0203003,1,ဇီးဖြူကုန်း ရပ်ကွက်,Zee Hpyu Kone Quarter,ဇီးဖြူကုန်း,zeehpyukone,Hkamti Township,ခန္တီး မြို့နယ်,2e1a75a6-6544-445a-99e9-a2815bd85566,6694,ward,,,,,,,,no_exact,confirmed_non_admin,confirmed_non_admin,,,,no CoreMap or MIMU exact identity under township; keep as non-linked postal locality,02-postal-review-previews/547e43d74b14.json
5237be5e6a1a,0203001,1,ပေါမိုင်း ရပ်ကွက်,Paw Maing Quarter,ပေါမိုင်း,pawmaing,Hkamti Township,ခန္တီး မြို့နယ်,2e1a75a6-6544-445a-99e9-a2815bd85566,6694,ward,,,,,,,,no_exact,confirmed_non_admin,confirmed_non_admin,,,,no CoreMap or MIMU exact identity under township; keep as non-linked postal locality,02-postal-review-previews/5237be5e6a1a.json
507f2416e41f,1144200,1,ကျီစု (အရှေ့) ကျေးရွာအုပ်စု,Kyi Su (East) Village Tract,ကျီစုအရှေ့,kyisueast,Dagon Myothit (Seikkan) Township,ဒဂုံမြို့သစ် (ဆိပ်ကမ်း) မြို့နယ်,2e3aa5eb-4216-4181-8e69-4f402561a39e,5213,village_tract,,,,,,,,no_exact,confirmed_non_admin,confirmed_non_admin,,,,no CoreMap or MIMU exact identity under township; keep as non-linked postal locality,02-postal-review-previews/507f2416e41f.json
371a4674c932,1144201,1,ညောင်ပင် ကျေးရွာအုပ်စု,Nyaung Pin Village Tract,ညောင်ပင်,nyaungpin,Dagon Myothit (Seikkan) Township,ဒဂုံမြို့သစ် (ဆိပ်ကမ်း) မြို့နယ်,2e3aa5eb-4216-4181-8e69-4f402561a39e,5213,village_tract,,,,,,,,no_exact,confirmed_non_admin,confirmed_non_admin,,,,no CoreMap or MIMU exact identity under township; keep as non-linked postal locality,02-postal-review-previews/371a4674c932.json
17ded9d5de8b,1144203,1,ဒလဘမ်း ကျေးရွာအုပ်စု,Da La Ban Village Tract,ဒလဘမ်း,dalaban,Dagon Myothit (Seikkan) Township,ဒဂုံမြို့သစ် (ဆိပ်ကမ်း) မြို့နယ်,2e3aa5eb-4216-4181-8e69-4f402561a39e,5213,village_tract,,,,,,,,no_exact,confirmed_non_admin,confirmed_non_admin,,,,no CoreMap or MIMU exact identity under township; keep as non-linked postal locality,02-postal-review-previews/17ded9d5de8b.json
fde5f27b3a83,1144202,1,သရက်ပင်ချောင် ကျေးရွာအုပ်စု,Tha Yet Pin Chaung Village Tract,သရက်ပင်ချောင်,thayetpinchaung,Dagon Myothit (Seikkan) Township,ဒဂုံမြို့သစ် (ဆိပ်ကမ်း) မြို့နယ်,2e3aa5eb-4216-4181-8e69-4f402561a39e,5213,village_tract,,,,,,,,no_exact,confirmed_non_admin,confirmed_non_admin,,,,no CoreMap or MIMU exact identity under township; keep as non-linked postal locality,02-postal-review-previews/fde5f27b3a83.json
249ae74f9956,1608232,1,ကန်ဆေး ကျေးရွာအုပ်စု,Kan Hsay Village Tract,ကန်ဆေး,kanhsay,Mongmao Township,မိုင်းမော မြို့နယ်,2f14598f-2ead-4f31-bba4-5f6f83bf3a04,6488,village_tract,,,,,,,,no_exact,confirmed_non_admin,confirmed_non_admin,,,,no CoreMap or MIMU exact identity under township; keep as non-linked postal locality,02-postal-review-previews/249ae74f9956.json
0c33bb45175d,1608239,1,စအွတ်မန်ထိုက် ကျေးရွာအုပ်စု,Sa Aut Man Htaik Village Tract,စအွတ်မန်ထိုက်,saautmanhtaik,Mongmao Township,မိုင်းမော မြို့နယ်,2f14598f-2ead-4f31-bba4-5f6f83bf3a04,6488,village_tract,,,,,,,,no_exact,confirmed_non_admin,confirmed_non_admin,,,,no CoreMap or MIMU exact identity under township; keep as non-linked postal locality,02-postal-review-previews/0c33bb45175d.json
84d1cb369efc,1608219,1,မန်ကွေ့လုံ ကျေးရွာအုပ်စု,Man Kwayt Lun Village Tract,မန်ကွေ့လုံ,mankwaytlun,Mongmao Township,မိုင်းမော မြို့နယ်,2f14598f-2ead-4f31-bba4-5f6f83bf3a04,6488,village_tract,,,,,,,,no_exact,confirmed_non_admin,confirmed_non_admin,,,,no CoreMap or MIMU exact identity under township; keep as non-linked postal locality,02-postal-review-previews/84d1cb369efc.json
ce6275c94a43,1608221,1,မွတ်လုံ ကျေးရွာအုပ်စု,Mut Long Village Tract,မွတ်လုံ,mutlong,Mongmao Township,မိုင်းမော မြို့နယ်,2f14598f-2ead-4f31-bba4-5f6f83bf3a04,6488,village_tract,,,,,,,,no_exact,confirmed_non_admin,confirmed_non_admin,,,,no CoreMap or MIMU exact identity under township; keep as non-linked postal locality,02-postal-review-previews/ce6275c94a43.json
515e8144abb3,1801227,1,ပေါင်းတလည် ကျေးရွာအုပ်စု,Paung Ta Lei Village Tract,ပေါင်းတလည်,paungtalei,Pyay Township,ပြည် မြို့နယ်,2f1f583a-5ab0-4e13-9357-13f5b8dc3ad4,7139,village_tract,,,,,,,,no_exact,confirmed_non_admin,confirmed_non_admin,,,,no CoreMap or MIMU exact identity under township; keep as non-linked postal locality,02-postal-review-previews/515e8144abb3.json
6ff32caec2bd,1801007,1,ခေတ္တရာမြို့သစ် ရပ်ကွက်,Khit Ta Yar Myo Thit Quarter,ခေတ္တရာသစ်,khittayarmyothit,Pyay Township,ပြည် မြို့နယ်,2f1f583a-5ab0-4e13-9357-13f5b8dc3ad4,7139,ward,,,,,,,,no_exact,confirmed_non_admin,confirmed_non_admin,,,,no CoreMap or MIMU exact identity under township; keep as non-linked postal locality,02-postal-review-previews/6ff32caec2bd.json
44dff072a809,1801005,1,ဆင်စု ရပ်ကွက်,Sin Su Quarter,ဆင်စု,sinsu,Pyay Township,ပြည် မြို့နယ်,2f1f583a-5ab0-4e13-9357-13f5b8dc3ad4,7139,ward,,,,,,,,no_exact,confirmed_non_admin,confirmed_non_admin,,,,no CoreMap or MIMU exact identity under township; keep as non-linked postal locality,02-postal-review-previews/44dff072a809.json
805527991b74,1801004,1,ဆံတော် ရပ်ကွက်,San Taw Quarter,ဆံတော်,santaw,Pyay Township,ပြည် မြို့နယ်,2f1f583a-5ab0-4e13-9357-13f5b8dc3ad4,7139,ward,,,,,,,,no_exact,confirmed_non_admin,confirmed_non_admin,,,,no CoreMap or MIMU exact identity under township; keep as non-linked postal locality,02-postal-review-previews/805527991b74.json
af590ffc69cd,1801001,1,နဝင်း ရပ်ကွက်,Na Win Ward Quarter,နဝင်း,nawin,Pyay Township,ပြည် မြို့နယ်,2f1f583a-5ab0-4e13-9357-13f5b8dc3ad4,7139,ward,,,,,,,,no_exact,confirmed_non_admin,confirmed_non_admin,,,,no CoreMap or MIMU exact identity under township; keep as non-linked postal locality,02-postal-review-previews/af590ffc69cd.json
c66c5ebf22c3,1801009,1,နဝဒေး ရပ်ကွက်,Na Wa Day Quarter,နဝဒေး,nawaday,Pyay Township,ပြည် မြို့နယ်,2f1f583a-5ab0-4e13-9357-13f5b8dc3ad4,7139,ward,,,,,,,,no_exact,confirmed_non_admin,confirmed_non_admin,,,,no CoreMap or MIMU exact identity under township; keep as non-linked postal locality,02-postal-review-previews/c66c5ebf22c3.json
c4759909165b,1801008,1,ပြည်သာယာ ရပ်ကွက်,Pyi Thar Yar Quarter,ပြည်သာယာ,pyitharyar,Pyay Township,ပြည် မြို့နယ်,2f1f583a-5ab0-4e13-9357-13f5b8dc3ad4,7139,ward,,,,,,,,no_exact,confirmed_non_admin,confirmed_non_admin,,,,no CoreMap or MIMU exact identity under township; keep as non-linked postal locality,02-postal-review-previews/c4759909165b.json
9379be13c242,1801006,1,ရွာဘဲ ရပ်ကွက်,Ywar Be Quarter,ရွာဘဲ,ywarbe,Pyay Township,ပြည် မြို့နယ်,2f1f583a-5ab0-4e13-9357-13f5b8dc3ad4,7139,ward,,,,,,,,no_exact,confirmed_non_admin,confirmed_non_admin,,,,no CoreMap or MIMU exact identity under township; keep as non-linked postal locality,02-postal-review-previews/9379be13c242.json
1ea99f2b6412,1801002,1,ရွှေကူ ရပ်ကွက်,Shwe Ku Quarter,ရွှေကူ,shweku,Pyay Township,ပြည် မြို့နယ်,2f1f583a-5ab0-4e13-9357-13f5b8dc3ad4,7139,ward,,,,,,,,no_exact,confirmed_non_admin,confirmed_non_admin,,,,no CoreMap or MIMU exact identity under township; keep as non-linked postal locality,02-postal-review-previews/1ea99f2b6412.json
2ab1aeed7af1,1801010,1,ရွှေတံခါး ရပ်ကွက်,Shwe Ta Gar Quarter,ရွှေတံခါး,shwetagar,Pyay Township,ပြည် မြို့နယ်,2f1f583a-5ab0-4e13-9357-13f5b8dc3ad4,7139,ward,,,,,,,,no_exact,confirmed_non_admin,confirmed_non_admin,,,,no CoreMap or MIMU exact identity under township; keep as non-linked postal locality,02-postal-review-previews/2ab1aeed7af1.json
32e59ddad882,1801003,1,အိုးတန်း ရပ်ကွက်,Oe Tan Quarter,အိုးတန်း,oetan,Pyay Township,ပြည် မြို့နယ်,2f1f583a-5ab0-4e13-9357-13f5b8dc3ad4,7139,ward,,,,,,,,no_exact,confirmed_non_admin,confirmed_non_admin,,,,no CoreMap or MIMU exact identity under township; keep as non-linked postal locality,02-postal-review-previews/32e59ddad882.json
5370245a8224,1013002,1,တောင်ပိုင်း ရပ်ကွက်,Taung Paing Quarter,တောင်ပိုင်း,taungpaing,Ngapudaw Township,ငပုတော မြို့နယ်,2f51dc29-a19c-48ca-89d9-d951dbd8a8f5,7364,ward,,,,,,,,no_exact,confirmed_non_admin,confirmed_non_admin,,,,no CoreMap or MIMU exact identity under township; keep as non-linked postal locality,02-postal-review-previews/5370245a8224.json
5ef104ae2809,1013001,1,မြောက်ပိုင်း ရပ်ကွက်,Myauk Paing Quarter,မြောက်ပိုင်း,myaukpaing,Ngapudaw Township,ငပုတော မြို့နယ်,2f51dc29-a19c-48ca-89d9-d951dbd8a8f5,7364,ward,,,,,,,,no_exact,confirmed_non_admin,confirmed_non_admin,,,,no CoreMap or MIMU exact identity under township; keep as non-linked postal locality,02-postal-review-previews/5ef104ae2809.json
1eb57b251003,1013004,1,အနောက်ပိုင်း ရပ်ကွက်,Ah Nauk Paing Quarter,အနောက်ပိုင်း,ahnaukpaing,Ngapudaw Township,ငပုတော မြို့နယ်,2f51dc29-a19c-48ca-89d9-d951dbd8a8f5,7364,ward,,,,,,,,no_exact,confirmed_non_admin,confirmed_non_admin,,,,no CoreMap or MIMU exact identity under township; keep as non-linked postal locality,02-postal-review-previews/1eb57b251003.json
083abaef311b,1013003,1,အရှေ့ပိုင်း ရပ်ကွက်,Ah Shey Paing Quarter,အရှေ့ပိုင်း,ahsheypaing,Ngapudaw Township,ငပုတော မြို့နယ်,2f51dc29-a19c-48ca-89d9-d951dbd8a8f5,7364,ward,,,,,,,,no_exact,confirmed_non_admin,confirmed_non_admin,,,,no CoreMap or MIMU exact identity under township; keep as non-linked postal locality,02-postal-review-previews/083abaef311b.json
7c99383052d3,1806242,1,သောင်ပြင်ကုန်း ကျေးရွာအုပ်စု,Thaung Pyin Kone Village Tract,သောင်ပြင်ကုန်း,thaungpyinkone,Shwedaung Township,ရွှေတောင် မြို့နယ်,2f844ca1-4eb2-4911-b80b-2987d884fddd,7151,village_tract,,,,,,,,no_exact,confirmed_non_admin,confirmed_non_admin,,,,no CoreMap or MIMU exact identity under township; keep as non-linked postal locality,02-postal-review-previews/7c99383052d3.json
90211d62fe97,0716212,1,ကူးတို့ဆိပ် ကျေးရွာအုပ်စု,Ku Toet Seik Village Tract,ကူးတို့ဆိပ်,kutoetseik,Toungup Township,တောင်ကုတ် မြို့နယ်,30c03d09-353b-4f6f-bbe1-a748be68445c,7109,village_tract,,,,,,,,no_exact,confirmed_non_admin,confirmed_non_admin,,,,no CoreMap or MIMU exact identity under township; keep as non-linked postal locality,02-postal-review-previews/90211d62fe97.json
021f439dd45d,0716002,1,ကံပိုင် ရပ်ကွက်,Kan Paing Quarter,ကံပိုင်,kanpaing,Toungup Township,တောင်ကုတ် မြို့နယ်,30c03d09-353b-4f6f-bbe1-a748be68445c,7109,ward,,,,,,,,no_exact,confirmed_non_admin,confirmed_non_admin,,,,no CoreMap or MIMU exact identity under township; keep as non-linked postal locality,02-postal-review-previews/021f439dd45d.json
62520efd6fd6,0716004,1,ချောင်းကောက် ရပ်ကွက်,Chaung Kauk Quarter,ချောင်းကောက်,chaungkauk,Toungup Township,တောင်ကုတ် မြို့နယ်,30c03d09-353b-4f6f-bbe1-a748be68445c,7109,ward,,,,,,,,no_exact,confirmed_non_admin,confirmed_non_admin,,,,no CoreMap or MIMU exact identity under township; keep as non-linked postal locality,02-postal-review-previews/62520efd6fd6.json
746e38e09188,0716003,1,ဂူတာ ရပ်ကွက်,Gu Tar Quarter,ဂူတာ,gutar,Toungup Township,တောင်ကုတ် မြို့နယ်,30c03d09-353b-4f6f-bbe1-a748be68445c,7109,ward,,,,,,,,no_exact,confirmed_non_admin,confirmed_non_admin,,,,no CoreMap or MIMU exact identity under township; keep as non-linked postal locality,02-postal-review-previews/746e38e09188.json
0d1d6647d369,0716001,1,သိမ်တောင် ရပ်ကွက်,Thein Taung Quarter,သိမ်တောင်,theintaung,Toungup Township,တောင်ကုတ် မြို့နယ်,30c03d09-353b-4f6f-bbe1-a748be68445c,7109,ward,,,,,,,,no_exact,confirmed_non_admin,confirmed_non_admin,,,,no CoreMap or MIMU exact identity under township; keep as non-linked postal locality,02-postal-review-previews/0d1d6647d369.json
fbab481e2218,1611236,1,နိမ်လွမ်ဂန်နမ် ကျေးရွာအုပ်စု,Nein Lum Gan Nam Village Tract,နိမ်လွမ်ဂန်နမ်,neinlumgannam,Kutkai Township,ကွတ်ခိုင် မြို့နယ်,3342e8b9-1c9e-458f-8a7a-1792c4afffda,6569,village_tract,,,,,,,,no_exact,confirmed_non_admin,confirmed_non_admin,,,,no CoreMap or MIMU exact identity under township; keep as non-linked postal locality,02-postal-review-previews/fbab481e2218.json
afd2350c92b9,1611237,1,နိမ်လွမ်ဝလိုင်း ကျေးရွာအုပ်စု,Nein Lum Wa Laing Village Tract,နိမ်လွမ်ဝလိုင်း,neinlumwalaing,Kutkai Township,ကွတ်ခိုင် မြို့နယ်,3342e8b9-1c9e-458f-8a7a-1792c4afffda,6569,village_tract,,,,,,,,no_exact,confirmed_non_admin,confirmed_non_admin,,,,no CoreMap or MIMU exact identity under township; keep as non-linked postal locality,02-postal-review-previews/afd2350c92b9.json
b8f20fb4314b,1611226,1,ပန်ကိုင်  (ထက်) ကျေးရွာအုပ်စု,Pang Kai (Upper) Village Tract,ပန်ကိုင်ထက်,pangkaiupper,Kutkai Township,ကွတ်ခိုင် မြို့နယ်,3342e8b9-1c9e-458f-8a7a-1792c4afffda,6569,village_tract,,,,,,,,no_exact,confirmed_non_admin,confirmed_non_admin,,,,no CoreMap or MIMU exact identity under township; keep as non-linked postal locality,02-postal-review-previews/b8f20fb4314b.json
d70da011d1ac,1611225,1,ပန်ကိုင်နားမွန်း ကျေးရွာအုပ်စု,Pang Kai Nar Mun Village Tract,ပန်ကိုင်နားမွန်း,pangkainarmun,Kutkai Township,ကွတ်ခိုင် မြို့နယ်,3342e8b9-1c9e-458f-8a7a-1792c4afffda,6569,village_tract,,,,,,,,no_exact,confirmed_non_admin,confirmed_non_admin,,,,no CoreMap or MIMU exact identity under township; keep as non-linked postal locality,02-postal-review-previews/d70da011d1ac.json
36693a1cf322,1611224,1,အူရာဘွမ်ဇင်လွမ် ကျေးရွာအုပ်စု,Au Rar Bum Zin Lum Village Tract,အူရာဘွမ်ဇင်လွမ်,aurarbumzinlum,Kutkai Township,ကွတ်ခိုင် မြို့နယ်,3342e8b9-1c9e-458f-8a7a-1792c4afffda,6569,village_tract,,,,,,,,no_exact,confirmed_non_admin,confirmed_non_admin,,,,no CoreMap or MIMU exact identity under township; keep as non-linked postal locality,02-postal-review-previews/36693a1cf322.json
444351541b20,1813002,1,ဇောတိက ရပ်ကွက်,Zaw Ti  Ka Quarter,ဇောတိက,zawtika,Monyo Township,မိုးညို မြို့နယ်,3465bc05-4c64-4087-b9e6-787b2ff029d2,7171,ward,,,,,,,,no_exact,confirmed_non_admin,confirmed_non_admin,,,,no CoreMap or MIMU exact identity under township; keep as non-linked postal locality,02-postal-review-previews/444351541b20.json
47ec5d4e00c1,1813004,1,မြို့မ ရပ်ကွက်,Myo Ma Quarter,မ,myoma,Monyo Township,မိုးညို မြို့နယ်,3465bc05-4c64-4087-b9e6-787b2ff029d2,7171,ward,,,,,,,,no_exact,confirmed_non_admin,confirmed_non_admin,,,,no CoreMap or MIMU exact identity under township; keep as non-linked postal locality,02-postal-review-previews/47ec5d4e00c1.json
6cd3d8e17be7,1813005,1,ရွှေပြည်သာ ရပ်ကွက်,Shwe Pyi Thar Quarter,ရွှေပြည်သာ,shwepyithar,Monyo Township,မိုးညို မြို့နယ်,3465bc05-4c64-4087-b9e6-787b2ff029d2,7171,ward,,,,,,,,no_exact,confirmed_non_admin,confirmed_non_admin,,,,no CoreMap or MIMU exact identity under township; keep as non-linked postal locality,02-postal-review-previews/6cd3d8e17be7.json
6eb9bb857513,1813001,1,ရွှေဥဒေါင်း ရပ်ကွက်,Shwe U Daung Quarter,ရွှေဥဒေါင်း,shweudaung,Monyo Township,မိုးညို မြို့နယ်,3465bc05-4c64-4087-b9e6-787b2ff029d2,7171,ward,,,,,,,,no_exact,confirmed_non_admin,confirmed_non_admin,,,,no CoreMap or MIMU exact identity under township; keep as non-linked postal locality,02-postal-review-previews/6eb9bb857513.json
38693d893b03,1813003,1,သခင်လှရှိန် ရပ်ကွက်,Tha Khin Hla Shein Quarter,သခင်လှရှိန်,thakhinhlashein,Monyo Township,မိုးညို မြို့နယ်,3465bc05-4c64-4087-b9e6-787b2ff029d2,7171,ward,,,,,,,,no_exact,confirmed_non_admin,confirmed_non_admin,,,,no CoreMap or MIMU exact identity under township; keep as non-linked postal locality,02-postal-review-previews/38693d893b03.json
98ca69c99cd8,1668001,1,အမှတ် (၁) ရပ်ကွက်,No (1) Quarter,၁,1,Pan Lon Town,ပန်လုံ မြို့,3800aee1-2c3d-463a-9fda-a88ae37aaacd,6432,ward,,,,,,,,no_exact,confirmed_non_admin,confirmed_non_admin,,,,no CoreMap or MIMU exact identity under township; keep as non-linked postal locality,02-postal-review-previews/98ca69c99cd8.json
2ca0fb0a9bda,1668002,1,အမှတ် (၂) ရပ်ကွက်,No (2) Quarter,၂,2,Pan Lon Town,ပန်လုံ မြို့,3800aee1-2c3d-463a-9fda-a88ae37aaacd,6432,ward,,,,,,,,no_exact,confirmed_non_admin,confirmed_non_admin,,,,no CoreMap or MIMU exact identity under township; keep as non-linked postal locality,02-postal-review-previews/2ca0fb0a9bda.json
8346514835ab,1668003,1,အမှတ် (၃) ရပ်ကွက်,No (3) Quarter,၃,3,Pan Lon Town,ပန်လုံ မြို့,3800aee1-2c3d-463a-9fda-a88ae37aaacd,6432,ward,,,,,,,,no_exact,confirmed_non_admin,confirmed_non_admin,,,,no CoreMap or MIMU exact identity under township; keep as non-linked postal locality,02-postal-review-previews/8346514835ab.json
5db0b096a07d,1668004,1,အမှတ် (၄) ရပ်ကွက်,No (4) Quarter,၄,4,Pan Lon Town,ပန်လုံ မြို့,3800aee1-2c3d-463a-9fda-a88ae37aaacd,6432,ward,,,,,,,,no_exact,confirmed_non_admin,confirmed_non_admin,,,,no CoreMap or MIMU exact identity under township; keep as non-linked postal locality,02-postal-review-previews/5db0b096a07d.json
efa6d615377c,1668005,1,အမှတ် (၅) ရပ်ကွက်,No (5) Quarter,၅,5,Pan Lon Town,ပန်လုံ မြို့,3800aee1-2c3d-463a-9fda-a88ae37aaacd,6432,ward,,,,,,,,no_exact,confirmed_non_admin,confirmed_non_admin,,,,no CoreMap or MIMU exact identity under township; keep as non-linked postal locality,02-postal-review-previews/efa6d615377c.json
7302f27dee03,1668006,1,အမှတ် (၆) ရပ်ကွက်,No (6) Quarter,၆,6,Pan Lon Town,ပန်လုံ မြို့,3800aee1-2c3d-463a-9fda-a88ae37aaacd,6432,ward,,,,,,,,no_exact,confirmed_non_admin,confirmed_non_admin,,,,no CoreMap or MIMU exact identity under township; keep as non-linked postal locality,02-postal-review-previews/7302f27dee03.json
8af1ee9db29a,1668007,1,အမှတ် (၇) ရပ်ကွက်,No (7) Quarter,၇,7,Pan Lon Town,ပန်လုံ မြို့,3800aee1-2c3d-463a-9fda-a88ae37aaacd,6432,ward,,,,,,,,no_exact,confirmed_non_admin,confirmed_non_admin,,,,no CoreMap or MIMU exact identity under township; keep as non-linked postal locality,02-postal-review-previews/8af1ee9db29a.json
89c1a05224c9,1668008,1,အမှတ် (၈) ရပ်ကွက်,No (8) Quarter,၈,8,Pan Lon Town,ပန်လုံ မြို့,3800aee1-2c3d-463a-9fda-a88ae37aaacd,6432,ward,,,,,,,,no_exact,confirmed_non_admin,confirmed_non_admin,,,,no CoreMap or MIMU exact identity under township; keep as non-linked postal locality,02-postal-review-previews/89c1a05224c9.json
b6f5b8ae5120,1623232,1,ကုန်းကျန်း ကျေးရွာအုပ်စု,Kone Kyan Village Tract,ကုန်းကျန်း,konekyan,Konkyan Township,ကုန်းကြမ်း မြို့နယ်,392f1420-4a8f-4546-bef9-e232f028977b,6412,village_tract,,,,,,,,no_exact,confirmed_non_admin,confirmed_non_admin,,,,no CoreMap or MIMU exact identity under township; keep as non-linked postal locality,02-postal-review-previews/b6f5b8ae5120.json
b9937f7aca86,1623206,1,ကျင်ညဲ့ ကျေးရွာအုပ်စု,Kyin Nye Village Tract,ကျင်ညဲ့,kyinnye,Konkyan Township,ကုန်းကြမ်း မြို့နယ်,392f1420-4a8f-4546-bef9-e232f028977b,6412,village_tract,,,,,,,,no_exact,confirmed_non_admin,confirmed_non_admin,,,,no CoreMap or MIMU exact identity under township; keep as non-linked postal locality,02-postal-review-previews/b9937f7aca86.json
624eb8dd13a6,1623213,1,ကျင်ဖန် ကျေးရွာအုပ်စု,Kyin Hpan Village Tract,ကျင်ဖန်,kyinhpan,Konkyan Township,ကုန်းကြမ်း မြို့နယ်,392f1420-4a8f-4546-bef9-e232f028977b,6412,village_tract,,,,,,,,no_exact,confirmed_non_admin,confirmed_non_admin,,,,no CoreMap or MIMU exact identity under township; keep as non-linked postal locality,02-postal-review-previews/624eb8dd13a6.json
2b31af6d9e4d,1623223,1,ကြာကြွယ်စူး ကျေးရွာအုပ်စု,Kyar Kywe Su Village Tract,ကြာကြွယ်စူး,kyarkywesu,Konkyan Township,ကုန်းကြမ်း မြို့နယ်,392f1420-4a8f-4546-bef9-e232f028977b,6412,village_tract,,,,,,,,no_exact,confirmed_non_admin,confirmed_non_admin,,,,no CoreMap or MIMU exact identity under township; keep as non-linked postal locality,02-postal-review-previews/2b31af6d9e4d.json
549fd4568dd1,1623229,1,စင်ပင်ကိုင်း ကျေးရွာအုပ်စု,Sim Ping Kai Village Tract,စင်ပင်ကိုင်း,simpingkai,Konkyan Township,ကုန်းကြမ်း မြို့နယ်,392f1420-4a8f-4546-bef9-e232f028977b,6412,village_tract,,,,,,,,no_exact,confirmed_non_admin,confirmed_non_admin,,,,no CoreMap or MIMU exact identity under township; keep as non-linked postal locality,02-postal-review-previews/549fd4568dd1.json
5ad83c5f29f4,1623202,1,စိန်ကျိုင် ကျေးရွာအုပ်စု,Sein Kyaing Village Tract,စိန်ကျိုင်,seinkyaing,Konkyan Township,ကုန်းကြမ်း မြို့နယ်,392f1420-4a8f-4546-bef9-e232f028977b,6412,village_tract,,,,,,,,no_exact,confirmed_non_admin,confirmed_non_admin,,,,no CoreMap or MIMU exact identity under township; keep as non-linked postal locality,02-postal-review-previews/5ad83c5f29f4.json
4b447190789c,1623219,1,စုံဟော် ကျေးရွာအုပ်စု,Son Haw Village Tract,စုံဟော်,sonhaw,Konkyan Township,ကုန်းကြမ်း မြို့နယ်,392f1420-4a8f-4546-bef9-e232f028977b,6412,village_tract,,,,,,,,no_exact,confirmed_non_admin,confirmed_non_admin,,,,no CoreMap or MIMU exact identity under township; keep as non-linked postal locality,02-postal-review-previews/4b447190789c.json
d1e31895fb82,1623210,1,စူကြာကျိုင်း ကျေးရွာအုပ်စု,Su Kyar Kyaing Village Tract,စူကြာကျိုင်း,sukyarkyaing,Konkyan Township,ကုန်းကြမ်း မြို့နယ်,392f1420-4a8f-4546-bef9-e232f028977b,6412,village_tract,,,,,,,,no_exact,confirmed_non_admin,confirmed_non_admin,,,,no CoreMap or MIMU exact identity under township; keep as non-linked postal locality,02-postal-review-previews/d1e31895fb82.json
db4e803edd01,1623200,1,တာရှန် ကျေးရွာအုပ်စု,Tar Shan Village Tract,တာရှန်,tarshan,Konkyan Township,ကုန်းကြမ်း မြို့နယ်,392f1420-4a8f-4546-bef9-e232f028977b,6412,village_tract,,,,,,,,no_exact,confirmed_non_admin,confirmed_non_admin,,,,no CoreMap or MIMU exact identity under township; keep as non-linked postal locality,02-postal-review-previews/db4e803edd01.json
2c1aaa39a543,1623208,1,ပန်ရုံလုံထန် ကျေးရွာအုပ်စု,Pang Yon Long Htan Village Tract,ပန်ရုံလုံထန်,pangyonlonghtan,Konkyan Township,ကုန်းကြမ်း မြို့နယ်,392f1420-4a8f-4546-bef9-e232f028977b,6412,village_tract,,,,,,,,no_exact,confirmed_non_admin,confirmed_non_admin,,,,no CoreMap or MIMU exact identity under township; keep as non-linked postal locality,02-postal-review-previews/2c1aaa39a543.json
7fa0ea7b033b,1623204,1,မာစီထန် ကျေးရွာအုပ်စု,Mar Si Htan Village Tract,မာစီထန်,marsihtan,Konkyan Township,ကုန်းကြမ်း မြို့နယ်,392f1420-4a8f-4546-bef9-e232f028977b,6412,village_tract,,,,,,,,no_exact,confirmed_non_admin,confirmed_non_admin,,,,no CoreMap or MIMU exact identity under township; keep as non-linked postal locality,02-postal-review-previews/7fa0ea7b033b.json
d25febb3b568,1623216,1,မုန်ဟုန်တီး ကျေးရွာအုပ်စု,Mon Huong Tee Village Tract,မုန်ဟုန်တီး,monhuongtee,Konkyan Township,ကုန်းကြမ်း မြို့နယ်,392f1420-4a8f-4546-bef9-e232f028977b,6412,village_tract,,,,,,,,no_exact,confirmed_non_admin,confirmed_non_admin,,,,no CoreMap or MIMU exact identity under township; keep as non-linked postal locality,02-postal-review-previews/d25febb3b568.json
913278c33443,1623218,1,မော်ရှန်းချောင် ကျေးရွာအုပ်စု,Maw Shan Chaung Village Tract,မော်ရှန်းချောင်,mawshanchaung,Konkyan Township,ကုန်းကြမ်း မြို့နယ်,392f1420-4a8f-4546-bef9-e232f028977b,6412,village_tract,,,,,,,,no_exact,confirmed_non_admin,confirmed_non_admin,,,,no CoreMap or MIMU exact identity under township; keep as non-linked postal locality,02-postal-review-previews/913278c33443.json
0e078b1f7396,1623224,1,မြင်အန်မန်မော် ကျေးရွာအုပ်စု,Myin An Man Maw Village Tract,မြင်အန်မန်မော်,myinanmanmaw,Konkyan Township,ကုန်းကြမ်း မြို့နယ်,392f1420-4a8f-4546-bef9-e232f028977b,6412,village_tract,,,,,,,,no_exact,confirmed_non_admin,confirmed_non_admin,,,,no CoreMap or MIMU exact identity under township; keep as non-linked postal locality,02-postal-review-previews/0e078b1f7396.json
32acebf429a8,1623203,1,ယွီထန် ကျေးရွာအုပ်စု,Ywi Htan Village Tract,ယွီထန်,ywihtan,Konkyan Township,ကုန်းကြမ်း မြို့နယ်,392f1420-4a8f-4546-bef9-e232f028977b,6412,village_tract,,,,,,,,no_exact,confirmed_non_admin,confirmed_non_admin,,,,no CoreMap or MIMU exact identity under township; keep as non-linked postal locality,02-postal-review-previews/32acebf429a8.json
9937fe0ad9cd,1623228,1,ရှင်ထန် ကျေးရွာအုပ်စု,Shin Htan (Xing Tang) Village Tract,ရှင်ထန်,shinhtanxingtang,Konkyan Township,ကုန်းကြမ်း မြို့နယ်,392f1420-4a8f-4546-bef9-e232f028977b,6412,village_tract,,,,,,,,no_exact,confirmed_non_admin,confirmed_non_admin,,,,no CoreMap or MIMU exact identity under township; keep as non-linked postal locality,02-postal-review-previews/9937fe0ad9cd.json
e48234275ecc,1623201,1,ရှင်ဝမ်ဖူး ကျေးရွာအုပ်စု,Shin Wan Hpu Village Tract,ရှင်ဝမ်ဖူး,shinwanhpu,Konkyan Township,ကုန်းကြမ်း မြို့နယ်,392f1420-4a8f-4546-bef9-e232f028977b,6412,village_tract,,,,,,,,no_exact,confirmed_non_admin,confirmed_non_admin,,,,no CoreMap or MIMU exact identity under township; keep as non-linked postal locality,02-postal-review-previews/e48234275ecc.json
d1781296cc9b,1623214,1,ရှန်ပန်ကော်ရှန် ကျေးရွာအုပ်စု,Shar Pang Kaw Shan Village Tract,ရှန်ပန်ကော်ရှန်,sharpangkawshan,Konkyan Township,ကုန်းကြမ်း မြို့နယ်,392f1420-4a8f-4546-bef9-e232f028977b,6412,village_tract,,,,,,,,no_exact,confirmed_non_admin,confirmed_non_admin,,,,no CoreMap or MIMU exact identity under township; keep as non-linked postal locality,02-postal-review-previews/d1781296cc9b.json
6e525242dea5,1623222,1,ရှမ်မာကျင်ဝှမ်း ကျေးရွာအုပ်စု,Shan Mar Kyin Sang Village Tract,ရှမ်မာကျင်ဝှမ်း,shanmarkyinsang,Konkyan Township,ကုန်းကြမ်း မြို့နယ်,392f1420-4a8f-4546-bef9-e232f028977b,6412,village_tract,,,,,,,,no_exact,confirmed_non_admin,confirmed_non_admin,,,,no CoreMap or MIMU exact identity under township; keep as non-linked postal locality,02-postal-review-previews/6e525242dea5.json
276709256bef,1623231,1,ရှောင်ကိုင်း ကျေးရွာအုပ်စု,Shaung Kaing (Shaokai) Village Tract,ရှောင်ကိုင်း,shaungkaingshaokai,Konkyan Township,ကုန်းကြမ်း မြို့နယ်,392f1420-4a8f-4546-bef9-e232f028977b,6412,village_tract,,,,,,,,no_exact,confirmed_non_admin,confirmed_non_admin,,,,no CoreMap or MIMU exact identity under township; keep as non-linked postal locality,02-postal-review-previews/276709256bef.json
07ad873e4be9,1623230,1,လမ်ဖြေလင် ကျေးရွာအုပ်စု,Lan Hpyay Lin (Lan Pi Lin) Village Tract,လမ်ဖြေလင်,lanhpyaylinlanpilin,Konkyan Township,ကုန်းကြမ်း မြို့နယ်,392f1420-4a8f-4546-bef9-e232f028977b,6412,village_tract,,,,,,,,no_exact,confirmed_non_admin,confirmed_non_admin,,,,no CoreMap or MIMU exact identity under township; keep as non-linked postal locality,02-postal-review-previews/07ad873e4be9.json
073122d4c293,1623212,1,လုံထန်ကျင်ချန် ကျေးရွာအုပ်စု,Long Htan Kyin Chan Village Tract,လုံထန်ကျင်ချန်,longhtankyinchan,Konkyan Township,ကုန်းကြမ်း မြို့နယ်,392f1420-4a8f-4546-bef9-e232f028977b,6412,village_tract,,,,,,,,no_exact,confirmed_non_admin,confirmed_non_admin,,,,no CoreMap or MIMU exact identity under township; keep as non-linked postal locality,02-postal-review-previews/073122d4c293.json
543c977d48ea,0409001,1,အမှတ် (၁) ရပ်ကွက်,No (1) Quarter,၁,1,Thayet Township,သရက် မြို့နယ်,3947a6a8-b983-4238-a4b8-141c76c2e268,7127,ward,,,,,,,,no_exact,confirmed_non_admin,confirmed_non_admin,,,,no CoreMap or MIMU exact identity under township; keep as non-linked postal locality,02-postal-review-previews/543c977d48ea.json
ed54411f5ab2,0409002,1,အမှတ် (၂) ရပ်ကွက်,No (2) Quarter,၂,2,Thayet Township,သရက် မြို့နယ်,3947a6a8-b983-4238-a4b8-141c76c2e268,7127,ward,,,,,,,,no_exact,confirmed_non_admin,confirmed_non_admin,,,,no CoreMap or MIMU exact identity under township; keep as non-linked postal locality,02-postal-review-previews/ed54411f5ab2.json
281a2cb4bcad,0409003,1,အမှတ် (၃) ရပ်ကွက်,No (3) Quarter,၃,3,Thayet Township,သရက် မြို့နယ်,3947a6a8-b983-4238-a4b8-141c76c2e268,7127,ward,,,,,,,,no_exact,confirmed_non_admin,confirmed_non_admin,,,,no CoreMap or MIMU exact identity under township; keep as non-linked postal locality,02-postal-review-previews/281a2cb4bcad.json
182b004ac7a0,0409004,1,အမှတ် (၄) ရပ်ကွက်,No (4) Quarter,၄,4,Thayet Township,သရက် မြို့နယ်,3947a6a8-b983-4238-a4b8-141c76c2e268,7127,ward,,,,,,,,no_exact,confirmed_non_admin,confirmed_non_admin,,,,no CoreMap or MIMU exact identity under township; keep as non-linked postal locality,02-postal-review-previews/182b004ac7a0.json
ae47b587c3a3,0409005,1,အမှတ် (၅) ရပ်ကွက်,No (5) Quarter,၅,5,Thayet Township,သရက် မြို့နယ်,3947a6a8-b983-4238-a4b8-141c76c2e268,7127,ward,,,,,,,,no_exact,confirmed_non_admin,confirmed_non_admin,,,,no CoreMap or MIMU exact identity under township; keep as non-linked postal locality,02-postal-review-previews/ae47b587c3a3.json
ece13427d294,0409006,1,အမှတ် (၆) ရပ်ကွက်,No (6) Quarter,၆,6,Thayet Township,သရက် မြို့နယ်,3947a6a8-b983-4238-a4b8-141c76c2e268,7127,ward,,,,,,,,no_exact,confirmed_non_admin,confirmed_non_admin,,,,no CoreMap or MIMU exact identity under township; keep as non-linked postal locality,02-postal-review-previews/ece13427d294.json
fa631da90f8a,0409007,1,အမှတ် (၇) ရပ်ကွက်,No (7) Quarter,၇,7,Thayet Township,သရက် မြို့နယ်,3947a6a8-b983-4238-a4b8-141c76c2e268,7127,ward,,,,,,,,no_exact,confirmed_non_admin,confirmed_non_admin,,,,no CoreMap or MIMU exact identity under township; keep as non-linked postal locality,02-postal-review-previews/fa631da90f8a.json
435f27e725a4,0409008,1,အမှတ် (၈) ရပ်ကွက်,No (8) Quarter,၈,8,Thayet Township,သရက် မြို့နယ်,3947a6a8-b983-4238-a4b8-141c76c2e268,7127,ward,,,,,,,,no_exact,confirmed_non_admin,confirmed_non_admin,,,,no CoreMap or MIMU exact identity under township; keep as non-linked postal locality,02-postal-review-previews/435f27e725a4.json
faa5e4f8b0bd,0103001,1,အမှတ် (၁) ရပ်ကွက်,No (1) Quarter,၁,1,Nawngmun Township,နောင်မွန်း မြို့နယ်,39aca498-4c51-49b3-ae50-50cc7ef46888,6681,ward,,,,,,,,no_exact,confirmed_non_admin,confirmed_non_admin,,,,no CoreMap or MIMU exact identity under township; keep as non-linked postal locality,02-postal-review-previews/faa5e4f8b0bd.json
35ffa98e2919,0103002,1,အမှတ် (၂) ရပ်ကွက်,No (2) Quarter,၂,2,Nawngmun Township,နောင်မွန်း မြို့နယ်,39aca498-4c51-49b3-ae50-50cc7ef46888,6681,ward,,,,,,,,no_exact,confirmed_non_admin,confirmed_non_admin,,,,no CoreMap or MIMU exact identity under township; keep as non-linked postal locality,02-postal-review-previews/35ffa98e2919.json
77b76def2c91,0103003,1,အမှတ် (၃) ရပ်ကွက်,No (3) Quarter,၃,3,Nawngmun Township,နောင်မွန်း မြို့နယ်,39aca498-4c51-49b3-ae50-50cc7ef46888,6681,ward,,,,,,,,no_exact,confirmed_non_admin,confirmed_non_admin,,,,no CoreMap or MIMU exact identity under township; keep as non-linked postal locality,02-postal-review-previews/77b76def2c91.json
590d98d7b5a7,0103004,1,အမှတ် (၄) ရပ်ကွက်,No (4) Quarter,၄,4,Nawngmun Township,နောင်မွန်း မြို့နယ်,39aca498-4c51-49b3-ae50-50cc7ef46888,6681,ward,,,,,,,,no_exact,confirmed_non_admin,confirmed_non_admin,,,,no CoreMap or MIMU exact identity under township; keep as non-linked postal locality,02-postal-review-previews/590d98d7b5a7.json
8220166791f2,0103005,1,အမှတ် (၅) ရပ်ကွက်,No (5) Quarter,၅,5,Nawngmun Township,နောင်မွန်း မြို့နယ်,39aca498-4c51-49b3-ae50-50cc7ef46888,6681,ward,,,,,,,,no_exact,confirmed_non_admin,confirmed_non_admin,,,,no CoreMap or MIMU exact identity under township; keep as non-linked postal locality,02-postal-review-previews/8220166791f2.json
781a2a5451cd,1139212,1,ချောင်းညီအစ်ကို ကျေးရွာအုပ်စု,Chaung Nyi Ah Ko Village Tract,ချောင်းညီအစ်ကို,chaungnyiahko,Htantabin Township,ထန်းတပင် မြို့နယ်,3bb35289-a4da-41a6-ba7f-696085af43bc,7298,village_tract,,,,,,,,no_exact,confirmed_non_admin,confirmed_non_admin,,,,no CoreMap or MIMU exact identity under township; keep as non-linked postal locality,02-postal-review-previews/781a2a5451cd.json
b6eb14df8837,1139245,1,တူးချောင်း ကျေးရွာအုပ်စု,Tu Chaung Village Tract,တူးချောင်း,tuchaung,Htantabin Township,ထန်းတပင် မြို့နယ်,3bb35289-a4da-41a6-ba7f-696085af43bc,7298,village_tract,,,,,,,,no_exact,confirmed_non_admin,confirmed_non_admin,,,,no CoreMap or MIMU exact identity under township; keep as non-linked postal locality,02-postal-review-previews/b6eb14df8837.json
c2279390fc2d,1139001,1,အမှတ် (၁) ရပ်ကွက်,No (1) Quarter,၁,1,Htantabin Township,ထန်းတပင် မြို့နယ်,3bb35289-a4da-41a6-ba7f-696085af43bc,7298,ward,,,,,,,,no_exact,confirmed_non_admin,confirmed_non_admin,,,,no CoreMap or MIMU exact identity under township; keep as non-linked postal locality,02-postal-review-previews/c2279390fc2d.json
ad5a5ec4546b,1139002,1,အမှတ် (၂) ရပ်ကွက်,No (2) Quarter,၂,2,Htantabin Township,ထန်းတပင် မြို့နယ်,3bb35289-a4da-41a6-ba7f-696085af43bc,7298,ward,,,,,,,,no_exact,confirmed_non_admin,confirmed_non_admin,,,,no CoreMap or MIMU exact identity under township; keep as non-linked postal locality,02-postal-review-previews/ad5a5ec4546b.json
f5c9d6a54e1c,1139003,1,အမှတ် (၃) ရပ်ကွက်,No (3) Quarter,၃,3,Htantabin Township,ထန်းတပင် မြို့နယ်,3bb35289-a4da-41a6-ba7f-696085af43bc,7298,ward,,,,,,,,no_exact,confirmed_non_admin,confirmed_non_admin,,,,no CoreMap or MIMU exact identity under township; keep as non-linked postal locality,02-postal-review-previews/f5c9d6a54e1c.json
47209b877e08,1139004,1,အမှတ် (၄) ရပ်ကွက်,No (4) Quarter,၄,4,Htantabin Township,ထန်းတပင် မြို့နယ်,3bb35289-a4da-41a6-ba7f-696085af43bc,7298,ward,,,,,,,,no_exact,confirmed_non_admin,confirmed_non_admin,,,,no CoreMap or MIMU exact identity under township; keep as non-linked postal locality,02-postal-review-previews/47209b877e08.json
58d763791f6a,1139005,1,အမှတ် (၅) ရပ်ကွက်,No (5) Quarter,၅,5,Htantabin Township,ထန်းတပင် မြို့နယ်,3bb35289-a4da-41a6-ba7f-696085af43bc,7298,ward,,,,,,,,no_exact,confirmed_non_admin,confirmed_non_admin,,,,no CoreMap or MIMU exact identity under township; keep as non-linked postal locality,02-postal-review-previews/58d763791f6a.json
95b8d7ad4d89,0811239,1,ငွေတောင် ကျေးရွာအုပ်စု,Ngwe Taung Village Tract,ငွေတောင်,ngwetaung,Yedashe Township,ရေတာရှည် မြို့နယ်,3cbae518-6484-40c0-b1c1-5897a5ec6f61,6020,village_tract,,,,,,,,no_exact,confirmed_non_admin,confirmed_non_admin,,,,no CoreMap or MIMU exact identity under township; keep as non-linked postal locality,02-postal-review-previews/95b8d7ad4d89.json
2835c3d68b88,0811216,1,ဆွာစက်ရုံ ကျေးရွာအုပ်စု,Swar Set Yon Village Tract,ဆွာစက်ရုံ,swarsetyon,Yedashe Township,ရေတာရှည် မြို့နယ်,3cbae518-6484-40c0-b1c1-5897a5ec6f61,6020,village_tract,,,,,,,,no_exact,confirmed_non_admin,confirmed_non_admin,,,,no CoreMap or MIMU exact identity under township; keep as non-linked postal locality,02-postal-review-previews/2835c3d68b88.json
65df38904515,0811248,1,ရေနီ ကျေးရွာအုပ်စု,Yae Ni Village Tract,ရေနီ,yaeni,Yedashe Township,ရေတာရှည် မြို့နယ်,3cbae518-6484-40c0-b1c1-5897a5ec6f61,6020,village_tract,,,,,,,,no_exact,confirmed_non_admin,confirmed_non_admin,,,,no CoreMap or MIMU exact identity under township; keep as non-linked postal locality,02-postal-review-previews/65df38904515.json
b0bd86d6ce03,0811238,1,မြို့လှ ကျေးရွာအုပ်စု,Myo Hla Village Tract,လှ,myohla,Yedashe Township,ရေတာရှည် မြို့နယ်,3cbae518-6484-40c0-b1c1-5897a5ec6f61,6020,village_tract,,,,,,,,no_exact,confirmed_non_admin,confirmed_non_admin,,,,no CoreMap or MIMU exact identity under township; keep as non-linked postal locality,02-postal-review-previews/b0bd86d6ce03.json
a89129192899,0811002,1,ဈေး ရပ်ကွက်,Zay Quarter,ဈေး,zay,Yedashe Township,ရေတာရှည် မြို့နယ်,3cbae518-6484-40c0-b1c1-5897a5ec6f61,6020,ward,,,,,,,,no_exact,confirmed_non_admin,confirmed_non_admin,,,,no CoreMap or MIMU exact identity under township; keep as non-linked postal locality,02-postal-review-previews/a89129192899.json
bce3413661dc,0811004,1,ပေကုန်း ရပ်ကွက်,Pay Kone Quarter,ပေကုန်း,paykone,Yedashe Township,ရေတာရှည် မြို့နယ်,3cbae518-6484-40c0-b1c1-5897a5ec6f61,6020,ward,,,,,,,,no_exact,confirmed_non_admin,confirmed_non_admin,,,,no CoreMap or MIMU exact identity under township; keep as non-linked postal locality,02-postal-review-previews/bce3413661dc.json
0473b6912484,0811003,1,ဗိုလ်တဲ ရပ်ကွက်,Bo Te Quarter,ဗိုလ်တဲ,bote,Yedashe Township,ရေတာရှည် မြို့နယ်,3cbae518-6484-40c0-b1c1-5897a5ec6f61,6020,ward,,,,,,,,no_exact,confirmed_non_admin,confirmed_non_admin,,,,no CoreMap or MIMU exact identity under township; keep as non-linked postal locality,02-postal-review-previews/0473b6912484.json
64e22dbadbea,0811001,1,ရွာမ ရပ်ကွက်,Ywar Ma Quarter,ရွာမ,ywarma,Yedashe Township,ရေတာရှည် မြို့နယ်,3cbae518-6484-40c0-b1c1-5897a5ec6f61,6020,ward,,,,,,,,no_exact,confirmed_non_admin,confirmed_non_admin,,,,no CoreMap or MIMU exact identity under township; keep as non-linked postal locality,02-postal-review-previews/64e22dbadbea.json
5742f8cb2671,0811005,1,ရွှေကြက်ယက်တောင် ရပ်ကွက်,Shwe Kyet Yet (South) Quarter,ရွှေကြက်ယက်တောင်,shwekyetyetsouth,Yedashe Township,ရေတာရှည် မြို့နယ်,3cbae518-6484-40c0-b1c1-5897a5ec6f61,6020,ward,,,,,,,,no_exact,confirmed_non_admin,confirmed_non_admin,,,,no CoreMap or MIMU exact identity under township; keep as non-linked postal locality,02-postal-review-previews/5742f8cb2671.json
311f458ce56d,0811006,1,ရွှေကြက်ယက်မြောက် ရပ်ကွက်,Shwe Kyet Yet (North) Quarter,ရွှေကြက်ယက်မြောက်,shwekyetyetnorth,Yedashe Township,ရေတာရှည် မြို့နယ်,3cbae518-6484-40c0-b1c1-5897a5ec6f61,6020,ward,,,,,,,,no_exact,confirmed_non_admin,confirmed_non_admin,,,,no CoreMap or MIMU exact identity under township; keep as non-linked postal locality,02-postal-review-previews/311f458ce56d.json
7c8d55cdef1f,0620205,1,တောင်ကိုင်း ကျေးရွာအုပ်စု,Taung Kaing Village Tract,တောင်ကိုင်း,taungkaing,Mongpan Township,မိုင်းပန် မြို့နယ်,3cdba452-a0ec-4ca5-8e9b-b812a7c69d29,6333,village_tract,,,,,,,,no_exact,confirmed_non_admin,confirmed_non_admin,,,,no CoreMap or MIMU exact identity under township; keep as non-linked postal locality,02-postal-review-previews/7c8d55cdef1f.json
2a324b5209da,1609224,1,နမ့်မြဲကချင် ကျေးရွာအုပ်စု,Nam Mye Kachin Village Tract,နမ့်မြဲကချင်,nammyekachin,Muse Township,မူဆယ် မြို့နယ်,3cfd5b12-9bbb-485c-94ac-35016a790171,6600,village_tract,,,,,,,,no_exact,confirmed_non_admin,confirmed_non_admin,,,,no CoreMap or MIMU exact identity under township; keep as non-linked postal locality,02-postal-review-previews/2a324b5209da.json
7cf76484c736,1609227,1,ပန်ဆိုင်း ကျေးရွာအုပ်စု,Pang Hseng Village Tract,ပန်ဆိုင်း,panghseng,Muse Township,မူဆယ် မြို့နယ်,3cfd5b12-9bbb-485c-94ac-35016a790171,6600,village_tract,,,,,,,,no_exact,confirmed_non_admin,confirmed_non_admin,,,,no CoreMap or MIMU exact identity under township; keep as non-linked postal locality,02-postal-review-previews/7cf76484c736.json
1cc5ea570081,1609220,1,ဖာပွန်လီဆော ကျေးရွာအုပ်စု,Hpar Pun Li Saw Village Tract,ဖာပွန်လီဆော,hparpunlisaw,Muse Township,မူဆယ် မြို့နယ်,3cfd5b12-9bbb-485c-94ac-35016a790171,6600,village_tract,,,,,,,,no_exact,confirmed_non_admin,confirmed_non_admin,,,,no CoreMap or MIMU exact identity under township; keep as non-linked postal locality,02-postal-review-previews/1cc5ea570081.json
110f01cdadec,1005223,1,ကျောင်းကုန်း ကျေးရွာအုပ်စု,Kyaung Kone Village Tract,ကျောင်းကုန်း,kyaungkone,Ingapu Township,အင်္ဂပူ မြို့နယ်,3df6f30f-b6a6-4180-9d69-681c02c7653e,7215,village_tract,,,,,,,,no_exact,confirmed_non_admin,confirmed_non_admin,,,,no CoreMap or MIMU exact identity under township; keep as non-linked postal locality,02-postal-review-previews/110f01cdadec.json
14524b20470c,1005221,1,ထူးကြီး ကျေးရွာအုပ်စု,Htu Gyi Village Tract,ထူးကြီး,htugyi,Ingapu Township,အင်္ဂပူ မြို့နယ်,3df6f30f-b6a6-4180-9d69-681c02c7653e,7215,village_tract,,,,,,,,no_exact,confirmed_non_admin,confirmed_non_admin,,,,no CoreMap or MIMU exact identity under township; keep as non-linked postal locality,02-postal-review-previews/14524b20470c.json
8bf6531ec15f,1005210,1,မဲဇလီကုန်း ကျေးရွာအုပ်စု,Me Za Li Kone Village Tract,မဲဇလီကုန်း,mezalikone,Ingapu Township,အင်္ဂပူ မြို့နယ်,3df6f30f-b6a6-4180-9d69-681c02c7653e,7215,village_tract,,,,,,,,no_exact,confirmed_non_admin,confirmed_non_admin,,,,no CoreMap or MIMU exact identity under township; keep as non-linked postal locality,02-postal-review-previews/8bf6531ec15f.json
6d2031245984,0104220,1,တန်ဖန်ဂါး ကျေးရွာအုပ်စု,Tan Hpan Ga Village Tract,တန်ဖန်ဂါး,tanhpanga,Machanbaw Township,မချမ်းဘော မြို့နယ်,4207b38e-0d5f-4e42-b071-b612145829ea,6686,village_tract,,,,,,,,no_exact,confirmed_non_admin,confirmed_non_admin,,,,no CoreMap or MIMU exact identity under township; keep as non-linked postal locality,02-postal-review-previews/6d2031245984.json
d46b36c60188,0104226,1,တာလောကြီး ကျေးရွာအုပ်စု,Tar Law Gyi Village Tract,တာလောကြီး,tarlawgyi,Machanbaw Township,မချမ်းဘော မြို့နယ်,4207b38e-0d5f-4e42-b071-b612145829ea,6686,village_tract,,,,,,,,no_exact,confirmed_non_admin,confirmed_non_admin,,,,no CoreMap or MIMU exact identity under township; keep as non-linked postal locality,02-postal-review-previews/d46b36c60188.json
cd9ad29c2d04,0104223,1,ထိန်ဘူဂါး ကျေးရွာအုပ်စု,Hting Bu Ga Village Tract,ထိန်ဘူဂါး,htingbuga,Machanbaw Township,မချမ်းဘော မြို့နယ်,4207b38e-0d5f-4e42-b071-b612145829ea,6686,village_tract,,,,,,,,no_exact,confirmed_non_admin,confirmed_non_admin,,,,no CoreMap or MIMU exact identity under township; keep as non-linked postal locality,02-postal-review-previews/cd9ad29c2d04.json
c6aeaa114074,0104222,1,ဒဂွမ်ဂါး ကျေးရွာအုပ်စု,Da Gum Ga Village Tract,ဒဂွမ်ဂါး,dagumga,Machanbaw Township,မချမ်းဘော မြို့နယ်,4207b38e-0d5f-4e42-b071-b612145829ea,6686,village_tract,,,,,,,,no_exact,confirmed_non_admin,confirmed_non_admin,,,,no CoreMap or MIMU exact identity under township; keep as non-linked postal locality,02-postal-review-previews/c6aeaa114074.json
b9da184bc6be,0104218,1,နွမ်လာတွမ်ခူး ကျေးရွာအုပ်စု,Num Lar Tum Hku Village Tract,နွမ်လာတွမ်ခူး,numlartumhku,Machanbaw Township,မချမ်းဘော မြို့နယ်,4207b38e-0d5f-4e42-b071-b612145829ea,6686,village_tract,,,,,,,,no_exact,confirmed_non_admin,confirmed_non_admin,,,,no CoreMap or MIMU exact identity under township; keep as non-linked postal locality,02-postal-review-previews/b9da184bc6be.json
047f866ff0b3,0104214,1,ပဆီဒမ် ကျေးရွာအုပ်စု,Pa Si Dam Village Tract,ပဆီဒမ်,pasidam,Machanbaw Township,မချမ်းဘော မြို့နယ်,4207b38e-0d5f-4e42-b071-b612145829ea,6686,village_tract,,,,,,,,no_exact,confirmed_non_admin,confirmed_non_admin,,,,no CoreMap or MIMU exact identity under township; keep as non-linked postal locality,02-postal-review-previews/047f866ff0b3.json
5b8cc2c283bf,0104224,1,မဂေါင်ဒေါင်ဖွတ် ကျေးရွာအုပ်စု,Ma Gawng Dawng Hput Village Tract,မဂေါင်ဒေါင်ဖွတ်,magawngdawnghput,Machanbaw Township,မချမ်းဘော မြို့နယ်,4207b38e-0d5f-4e42-b071-b612145829ea,6686,village_tract,,,,,,,,no_exact,confirmed_non_admin,confirmed_non_admin,,,,no CoreMap or MIMU exact identity under township; keep as non-linked postal locality,02-postal-review-previews/5b8cc2c283bf.json
7620ec6b8ea3,0104225,1,ရှဒွန်ဂါး ကျေးရွာအုပ်စု,Sha Dun Gar Village Tract,ရှဒွန်ဂါး,shadungar,Machanbaw Township,မချမ်းဘော မြို့နယ်,4207b38e-0d5f-4e42-b071-b612145829ea,6686,village_tract,,,,,,,,no_exact,confirmed_non_admin,confirmed_non_admin,,,,no CoreMap or MIMU exact identity under township; keep as non-linked postal locality,02-postal-review-previews/7620ec6b8ea3.json
d95b8e85765c,0104213,1,လရုတင်ကော့ ကျေးရွာအုပ်စု,La Ru Tin Kawt Village Tract,လရုတင်ကော့,larutinkawt,Machanbaw Township,မချမ်းဘော မြို့နယ်,4207b38e-0d5f-4e42-b071-b612145829ea,6686,village_tract,,,,,,,,no_exact,confirmed_non_admin,confirmed_non_admin,,,,no CoreMap or MIMU exact identity under township; keep as non-linked postal locality,02-postal-review-previews/d95b8e85765c.json
c291dba371c8,0104221,1,လရှတွန်ခန် ကျေးရွာအုပ်စု,La Sha Tun Khan Village Tract,လရှတွန်ခန်,lashatunkhan,Machanbaw Township,မချမ်းဘော မြို့နယ်,4207b38e-0d5f-4e42-b071-b612145829ea,6686,village_tract,,,,,,,,no_exact,confirmed_non_admin,confirmed_non_admin,,,,no CoreMap or MIMU exact identity under township; keep as non-linked postal locality,02-postal-review-previews/c291dba371c8.json
e52cd7aa2f14,0104216,1,ဝါလန်ဂါး ကျေးရွာအုပ်စု,War Lang Ga Village Tract,ဝါလန်ဂါး,warlangga,Machanbaw Township,မချမ်းဘော မြို့နယ်,4207b38e-0d5f-4e42-b071-b612145829ea,6686,village_tract,,,,,,,,no_exact,confirmed_non_admin,confirmed_non_admin,,,,no CoreMap or MIMU exact identity under township; keep as non-linked postal locality,02-postal-review-previews/e52cd7aa2f14.json
a4bd045727b1,0104212,1,အင်ခင့်ဝါကာ ကျေးရွာအုပ်စု,In Khint War Kar Village Tract,အင်ခင့်ဝါကာ,inkhintwarkar,Machanbaw Township,မချမ်းဘော မြို့နယ်,4207b38e-0d5f-4e42-b071-b612145829ea,6686,village_tract,,,,,,,,no_exact,confirmed_non_admin,confirmed_non_admin,,,,no CoreMap or MIMU exact identity under township; keep as non-linked postal locality,02-postal-review-previews/a4bd045727b1.json
ae46360f4ea6,0804234,1,ကပ်ပယ်လမ်းခွဲ ကျေးရွာအုပ်စု,Kat Pei Lan Khwe Village Tract,ကပ်ပယ်လမ်းခွဲ,katpeilankhwe,Kyaukkyi Township,ကျောက်ကြီး မြို့နယ်,42b59e9e-67cd-40ed-8097-1be225540267,5941,village_tract,,,,,,,,no_exact,confirmed_non_admin,confirmed_non_admin,,,,no CoreMap or MIMU exact identity under township; keep as non-linked postal locality,02-postal-review-previews/ae46360f4ea6.json
62a08aa4877e,0804237,1,ကျေးစီး (တောင်) ကျေးရွာအုပ်စု,Kyay See (South) Village Tract,ကျေးစီးတောင်,kyayseesouth,Kyaukkyi Township,ကျောက်ကြီး မြို့နယ်,42b59e9e-67cd-40ed-8097-1be225540267,5941,village_tract,,,,,,,,no_exact,confirmed_non_admin,confirmed_non_admin,,,,no CoreMap or MIMU exact identity under township; keep as non-linked postal locality,02-postal-review-previews/62a08aa4877e.json
300e5e5cfa1a,0804232,1,ကြက်သောင်းတောင် ကျေးရွာအုပ်စု,Kyet Thaung Taung Village Tract,ကြက်သောင်းတောင်,kyetthaungtaung,Kyaukkyi Township,ကျောက်ကြီး မြို့နယ်,42b59e9e-67cd-40ed-8097-1be225540267,5941,village_tract,,,,,,,,no_exact,confirmed_non_admin,confirmed_non_admin,,,,no CoreMap or MIMU exact identity under township; keep as non-linked postal locality,02-postal-review-previews/300e5e5cfa1a.json
bcafdac85025,0804233,1,ကွီးလာ ကျေးရွာအုပ်စု,Kwee Lar Village Tract,ကွီးလာ,kweelar,Kyaukkyi Township,ကျောက်ကြီး မြို့နယ်,42b59e9e-67cd-40ed-8097-1be225540267,5941,village_tract,,,,,,,,no_exact,confirmed_non_admin,confirmed_non_admin,,,,no CoreMap or MIMU exact identity under township; keep as non-linked postal locality,02-postal-review-previews/bcafdac85025.json
03a8ea36e370,0804239,1,ခူမှိုင်း ကျေးရွာအုပ်စု,Khu Hmaing Village Tract,ခူမှိုင်း,khuhmaing,Kyaukkyi Township,ကျောက်ကြီး မြို့နယ်,42b59e9e-67cd-40ed-8097-1be225540267,5941,village_tract,,,,,,,,no_exact,confirmed_non_admin,confirmed_non_admin,,,,no CoreMap or MIMU exact identity under township; keep as non-linked postal locality,02-postal-review-previews/03a8ea36e370.json
e4666409df32,0804236,1,ခဲဒိုး ကျေးရွာအုပ်စု,Khe Doe Village Tract,ခဲဒိုး,khedoe,Kyaukkyi Township,ကျောက်ကြီး မြို့နယ်,42b59e9e-67cd-40ed-8097-1be225540267,5941,village_tract,,,,,,,,no_exact,confirmed_non_admin,confirmed_non_admin,,,,no CoreMap or MIMU exact identity under township; keep as non-linked postal locality,02-postal-review-previews/e4666409df32.json
b0d68276b147,0804241,1,ဆိပ်ချောင် ကျေးရွာအုပ်စု,Seik Chaung Village Tract,ဆိပ်ချောင်,seikchaung,Kyaukkyi Township,ကျောက်ကြီး မြို့နယ်,42b59e9e-67cd-40ed-8097-1be225540267,5941,village_tract,,,,,,,,no_exact,confirmed_non_admin,confirmed_non_admin,,,,no CoreMap or MIMU exact identity under township; keep as non-linked postal locality,02-postal-review-previews/b0d68276b147.json
8f7ad40920ce,0804235,1,ဇင့်ကာ ကျေးရွာအုပ်စု,Zint Kar Village Tract,ဇင့်ကာ,zintkar,Kyaukkyi Township,ကျောက်ကြီး မြို့နယ်,42b59e9e-67cd-40ed-8097-1be225540267,5941,village_tract,,,,,,,,no_exact,confirmed_non_admin,confirmed_non_admin,,,,no CoreMap or MIMU exact identity under township; keep as non-linked postal locality,02-postal-review-previews/8f7ad40920ce.json
e2f4625c1122,0804240,1,ထီးရိုးဘောတထာ ကျေးရွာအုပ်စု,Htee Yoe Baw Ta Htar Village Tract,ထီးရိုးဘောတထာ,hteeyoebawtahtar,Kyaukkyi Township,ကျောက်ကြီး မြို့နယ်,42b59e9e-67cd-40ed-8097-1be225540267,5941,village_tract,,,,,,,,no_exact,confirmed_non_admin,confirmed_non_admin,,,,no CoreMap or MIMU exact identity under township; keep as non-linked postal locality,02-postal-review-previews/e2f4625c1122.json
233479bebe37,0804242,1,ပဒါး ကျေးရွာအုပ်စု,Pa Dar Village Tract,ပဒါး,padar,Kyaukkyi Township,ကျောက်ကြီး မြို့နယ်,42b59e9e-67cd-40ed-8097-1be225540267,5941,village_tract,,,,,,,,no_exact,confirmed_non_admin,confirmed_non_admin,,,,no CoreMap or MIMU exact identity under township; keep as non-linked postal locality,02-postal-review-previews/233479bebe37.json
a4c93330a190,0804244,1,ဖေါင်ဆိပ် ကျေးရွာအုပ်စု,Hpaung Seik Village Tract,ဖေါင်ဆိပ်,hpaungseik,Kyaukkyi Township,ကျောက်ကြီး မြို့နယ်,42b59e9e-67cd-40ed-8097-1be225540267,5941,village_tract,,,,,,,,no_exact,confirmed_non_admin,confirmed_non_admin,,,,no CoreMap or MIMU exact identity under township; keep as non-linked postal locality,02-postal-review-previews/a4c93330a190.json
5eb5b0b77835,0804245,1,မရမ်းမြောင် ကျေးရွာအုပ်စု,Ma Yan Myaung Village Tract,မရမ်းမြောင်,mayanmyaung,Kyaukkyi Township,ကျောက်ကြီး မြို့နယ်,42b59e9e-67cd-40ed-8097-1be225540267,5941,village_tract,,,,,,,,no_exact,confirmed_non_admin,confirmed_non_admin,,,,no CoreMap or MIMU exact identity under township; keep as non-linked postal locality,02-postal-review-previews/5eb5b0b77835.json
0995f278c388,0804243,1,မော်သိုကြီး ကျေးရွာအုပ်စု,Maw Tho Gyi Village Tract,မော်သိုကြီး,mawthogyi,Kyaukkyi Township,ကျောက်ကြီး မြို့နယ်,42b59e9e-67cd-40ed-8097-1be225540267,5941,village_tract,,,,,,,,no_exact,confirmed_non_admin,confirmed_non_admin,,,,no CoreMap or MIMU exact identity under township; keep as non-linked postal locality,02-postal-review-previews/0995f278c388.json
dcec34107c18,0804238,1,ရေပူ ကျေးရွာအုပ်စု,Yae Pu Village Tract,ရေပူ,yaepu,Kyaukkyi Township,ကျောက်ကြီး မြို့နယ်,42b59e9e-67cd-40ed-8097-1be225540267,5941,village_tract,,,,,,,,no_exact,confirmed_non_admin,confirmed_non_admin,,,,no CoreMap or MIMU exact identity under township; keep as non-linked postal locality,02-postal-review-previews/dcec34107c18.json
56402b5dc9fd,0804003,1,ကပ်ကျေး ရပ်ကွက်,Kat Kyay Quarter,ကပ်ကျေး,katkyay,Kyaukkyi Township,ကျောက်ကြီး မြို့နယ်,42b59e9e-67cd-40ed-8097-1be225540267,5941,ward,,,,,,,,no_exact,confirmed_non_admin,confirmed_non_admin,,,,no CoreMap or MIMU exact identity under township; keep as non-linked postal locality,02-postal-review-previews/56402b5dc9fd.json
bf3201eedf2f,0804002,1,ဆားတန်း ရပ်ကွက်,Sar Tan Quarter,ဆားတန်း,sartan,Kyaukkyi Township,ကျောက်ကြီး မြို့နယ်,42b59e9e-67cd-40ed-8097-1be225540267,5941,ward,,,,,,,,no_exact,confirmed_non_admin,confirmed_non_admin,,,,no CoreMap or MIMU exact identity under township; keep as non-linked postal locality,02-postal-review-previews/bf3201eedf2f.json
fa8b605324cf,0804005,1,တောင်ငူတန်း ရပ်ကွက်,Taungoo Tan Quarter,တောင်ငူတန်း,taungootan,Kyaukkyi Township,ကျောက်ကြီး မြို့နယ်,42b59e9e-67cd-40ed-8097-1be225540267,5941,ward,,,,,,,,no_exact,confirmed_non_admin,confirmed_non_admin,,,,no CoreMap or MIMU exact identity under township; keep as non-linked postal locality,02-postal-review-previews/fa8b605324cf.json
a6e565d8e412,0804001,1,ပဲခူး ရပ်ကွက်,Bago Quarter,ပဲခူး,bago,Kyaukkyi Township,ကျောက်ကြီး မြို့နယ်,42b59e9e-67cd-40ed-8097-1be225540267,5941,ward,,,,,,,,no_exact,confirmed_non_admin,confirmed_non_admin,,,,no CoreMap or MIMU exact identity under township; keep as non-linked postal locality,02-postal-review-previews/a6e565d8e412.json
bb5ff76815c5,0804006,1,မေတ္တာ ရပ်ကွက်,Myit Tar Quarter,မေတ္တာ,myittar,Kyaukkyi Township,ကျောက်ကြီး မြို့နယ်,42b59e9e-67cd-40ed-8097-1be225540267,5941,ward,,,,,,,,no_exact,confirmed_non_admin,confirmed_non_admin,,,,no CoreMap or MIMU exact identity under township; keep as non-linked postal locality,02-postal-review-previews/bb5ff76815c5.json
042b5e5d5287,0804007,1,လောင်ပုပ် ရပ်ကွက်,Laung Poke Quarter,လောင်ပုပ်,laungpoke,Kyaukkyi Township,ကျောက်ကြီး မြို့နယ်,42b59e9e-67cd-40ed-8097-1be225540267,5941,ward,,,,,,,,no_exact,confirmed_non_admin,confirmed_non_admin,,,,no CoreMap or MIMU exact identity under township; keep as non-linked postal locality,02-postal-review-previews/042b5e5d5287.json
199e61d158b0,0804004,1,သိန်တန်း ရပ်ကွက်,Thein Tan Quarter,သိန်တန်း,theintan,Kyaukkyi Township,ကျောက်ကြီး မြို့နယ်,42b59e9e-67cd-40ed-8097-1be225540267,5941,ward,,,,,,,,no_exact,confirmed_non_admin,confirmed_non_admin,,,,no CoreMap or MIMU exact identity under township; keep as non-linked postal locality,02-postal-review-previews/199e61d158b0.json
2c270b825d0f,0209015,1,ကြို့သုံးပင် ရပ်ကွက်,Gyo Thone Pin Quarter,ကြို့သုံးပင်,gyothonepin,Kale Township,ကလေး မြို့နယ်,44d39efd-def9-4dd5-a573-f3543a988c81,6741,ward,,,,,,,,no_exact,confirmed_non_admin,confirmed_non_admin,,,,no CoreMap or MIMU exact identity under township; keep as non-linked postal locality,02-postal-review-previews/2c270b825d0f.json
5f4325c97770,0209009,1,ချမ်းမြေ့အောင်စည် ရပ်ကွက်,Chan Myayt Aung Si Quarter,ချမ်းမြေ့အောင်စည်,chanmyaytaungsi,Kale Township,ကလေး မြို့နယ်,44d39efd-def9-4dd5-a573-f3543a988c81,6741,ward,,,,,,,,no_exact,confirmed_non_admin,confirmed_non_admin,,,,no CoreMap or MIMU exact identity under township; keep as non-linked postal locality,02-postal-review-previews/5f4325c97770.json
d36740e461a0,0209012,1,စမ်းမြို့ ရပ်ကွက်,San Myo Quarter,စမ်း,sanmyo,Kale Township,ကလေး မြို့နယ်,44d39efd-def9-4dd5-a573-f3543a988c81,6741,ward,,,,,,,,no_exact,confirmed_non_admin,confirmed_non_admin,,,,no CoreMap or MIMU exact identity under township; keep as non-linked postal locality,02-postal-review-previews/d36740e461a0.json
7a6f1137cb6b,0209001,1,ညောင်ပင်သာ ရပ်ကွက်,Nyaung Pin Thar Quarter,ညောင်ပင်သာ,nyaungpinthar,Kale Township,ကလေး မြို့နယ်,44d39efd-def9-4dd5-a573-f3543a988c81,6741,ward,,,,,,,,no_exact,confirmed_non_admin,confirmed_non_admin,,,,no CoreMap or MIMU exact identity under township; keep as non-linked postal locality,02-postal-review-previews/7a6f1137cb6b.json
a3c35222646c,0209010,1,တပ်ဦးသီတာ ရပ်ကွက်,Tat U Thi Dar Quarter,တပ်ဦးသီတာ,tatuthidar,Kale Township,ကလေး မြို့နယ်,44d39efd-def9-4dd5-a573-f3543a988c81,6741,ward,,,,,,,,no_exact,confirmed_non_admin,confirmed_non_admin,,,,no CoreMap or MIMU exact identity under township; keep as non-linked postal locality,02-postal-review-previews/a3c35222646c.json
9ff519fea058,0209005,1,တာဟန်း ရပ်ကွက်,Tar Han Quarter,တာဟန်း,tarhan,Kale Township,ကလေး မြို့နယ်,44d39efd-def9-4dd5-a573-f3543a988c81,6741,ward,,,,,,,,no_exact,confirmed_non_admin,confirmed_non_admin,,,,no CoreMap or MIMU exact identity under township; keep as non-linked postal locality,02-postal-review-previews/9ff519fea058.json
25759715b23d,0209014,1,တောင်ဇလပ် ရပ်ကွက်,Taung Zalat Quarter,တောင်ဇလပ်,taungzalat,Kale Township,ကလေး မြို့နယ်,44d39efd-def9-4dd5-a573-f3543a988c81,6741,ward,,,,,,,,no_exact,confirmed_non_admin,confirmed_non_admin,,,,no CoreMap or MIMU exact identity under township; keep as non-linked postal locality,02-postal-review-previews/25759715b23d.json
028e2ce1fa0e,0209013,1,တောင်ဖီလာ ရပ်ကွက်,Taung Pee Lar Quarter,တောင်ဖီလာ,taungpeelar,Kale Township,ကလေး မြို့နယ်,44d39efd-def9-4dd5-a573-f3543a988c81,6741,ward,,,,,,,,no_exact,confirmed_non_admin,confirmed_non_admin,,,,no CoreMap or MIMU exact identity under township; keep as non-linked postal locality,02-postal-review-previews/028e2ce1fa0e.json
4bc525fdce51,0209002,1,ပင်လုံ ရပ်ကွက်,Pin Lon Quarter,ပင်လုံ,pinlon,Kale Township,ကလေး မြို့နယ်,44d39efd-def9-4dd5-a573-f3543a988c81,6741,ward,,,,,,,,no_exact,confirmed_non_admin,confirmed_non_admin,,,,no CoreMap or MIMU exact identity under township; keep as non-linked postal locality,02-postal-review-previews/4bc525fdce51.json
65f3ebee748d,0209006,1,မင်္ဂလာဥယျာဉ် ရပ်ကွက်,Min Ga Lar U Yin Quarter,မင်္ဂလာဥယျာဉ်,mingalaruyin,Kale Township,ကလေး မြို့နယ်,44d39efd-def9-4dd5-a573-f3543a988c81,6741,ward,,,,,,,,no_exact,confirmed_non_admin,confirmed_non_admin,,,,no CoreMap or MIMU exact identity under township; keep as non-linked postal locality,02-postal-review-previews/65f3ebee748d.json
93589eeb523a,0209017,1,မြို့လှ ရပ်ကွက်,Myo Hla Quarter,လှ,myohla,Kale Township,ကလေး မြို့နယ်,44d39efd-def9-4dd5-a573-f3543a988c81,6741,ward,,,,,,,,no_exact,confirmed_non_admin,confirmed_non_admin,,,,no CoreMap or MIMU exact identity under township; keep as non-linked postal locality,02-postal-review-previews/93589eeb523a.json
43db4472c301,0209016,1,လှိုင်သာယာ ရပ်ကွက်,Hlaing Thar Yar Quarter,လှိုင်သာယာ,hlaingtharyar,Kale Township,ကလေး မြို့နယ်,44d39efd-def9-4dd5-a573-f3543a988c81,6741,ward,,,,,,,,no_exact,confirmed_non_admin,confirmed_non_admin,,,,no CoreMap or MIMU exact identity under township; keep as non-linked postal locality,02-postal-review-previews/43db4472c301.json
58abaf3b7e16,0209011,1,သဇင် ရပ်ကွက်,Tha Zin Quarter,သဇင်,thazin,Kale Township,ကလေး မြို့နယ်,44d39efd-def9-4dd5-a573-f3543a988c81,6741,ward,,,,,,,,no_exact,confirmed_non_admin,confirmed_non_admin,,,,no CoreMap or MIMU exact identity under township; keep as non-linked postal locality,02-postal-review-previews/58abaf3b7e16.json
2adb893d6aeb,0209019,1,မြို့သာ ရပ်ကွက်,Myo Thar Quarter,သာ,myothar,Kale Township,ကလေး မြို့နယ်,44d39efd-def9-4dd5-a573-f3543a988c81,6741,ward,,,,,,,,no_exact,confirmed_non_admin,confirmed_non_admin,,,,no CoreMap or MIMU exact identity under township; keep as non-linked postal locality,02-postal-review-previews/2adb893d6aeb.json
bf0190d0dbc6,0209018,1,အင်ဒိုင်းကုန်း ရပ်ကွက်,In Daing Kone Quarter,အင်ဒိုင်းကုန်း,indaingkone,Kale Township,ကလေး မြို့နယ်,44d39efd-def9-4dd5-a573-f3543a988c81,6741,ward,,,,,,,,no_exact,confirmed_non_admin,confirmed_non_admin,,,,no CoreMap or MIMU exact identity under township; keep as non-linked postal locality,02-postal-review-previews/bf0190d0dbc6.json
3c7c8d8288ae,0209008,1,အောင်ဇေယျ ရပ်ကွက်,Aung Zay Ya Quarter,အောင်ဇေယျ,aungzayya,Kale Township,ကလေး မြို့နယ်,44d39efd-def9-4dd5-a573-f3543a988c81,6741,ward,,,,,,,,no_exact,confirmed_non_admin,confirmed_non_admin,,,,no CoreMap or MIMU exact identity under township; keep as non-linked postal locality,02-postal-review-previews/3c7c8d8288ae.json
e9751ce3d95c,0209004,1,အောင်မင်္ဂလာ ရပ်ကွက်,Aung Min Ga Lar Quarter,အောင်မင်္ဂလာ,aungmingalar,Kale Township,ကလေး မြို့နယ်,44d39efd-def9-4dd5-a573-f3543a988c81,6741,ward,,,,,,,,no_exact,confirmed_non_admin,confirmed_non_admin,,,,no CoreMap or MIMU exact identity under township; keep as non-linked postal locality,02-postal-review-previews/e9751ce3d95c.json
eef2e2bee151,0209020,1,အောင်မေတ္တာ ရပ်ကွက်,Aung Myit Tar Quarter,အောင်မေတ္တာ,aungmyittar,Kale Township,ကလေး မြို့နယ်,44d39efd-def9-4dd5-a573-f3543a988c81,6741,ward,,,,,,,,no_exact,confirmed_non_admin,confirmed_non_admin,,,,no CoreMap or MIMU exact identity under township; keep as non-linked postal locality,02-postal-review-previews/eef2e2bee151.json
e45c10824727,0209007,1,အောင်မြေမာန် ရပ်ကွက်,Aung Myay Man Quarter,အောင်မြေမာန်,aungmyayman,Kale Township,ကလေး မြို့နယ်,44d39efd-def9-4dd5-a573-f3543a988c81,6741,ward,,,,,,,,no_exact,confirmed_non_admin,confirmed_non_admin,,,,no CoreMap or MIMU exact identity under township; keep as non-linked postal locality,02-postal-review-previews/e45c10824727.json
4671703c61af,0209003,1,အောင်သစ္စာ ရပ်ကွက်,Aung Thit Sar Quarter,အောင်သစ္စာ,aungthitsar,Kale Township,ကလေး မြို့နယ်,44d39efd-def9-4dd5-a573-f3543a988c81,6741,ward,,,,,,,,no_exact,confirmed_non_admin,confirmed_non_admin,,,,no CoreMap or MIMU exact identity under township; keep as non-linked postal locality,02-postal-review-previews/4671703c61af.json
8a6e7bc80a5d,1107023,1,ကြီးပွားရေး ရပ်ကွက်,Kyi Pwar Yay Quarter,ကြီးပွားရေး,kyipwaryay,Thingangyun Township,သင်္ဃန်းကျွန်း မြို့နယ်,47c4cf97-e6e3-43e5-8112-8553a9162006,5344,ward,,,,,,,,no_exact,confirmed_non_admin,confirmed_non_admin,,,,no CoreMap or MIMU exact identity under township; keep as non-linked postal locality,02-postal-review-previews/8a6e7bc80a5d.json
0635cde3b37d,1708002,1,ဆန်ဆိုင်း(က) ရပ်ကွက်,Hsan Hseng(Ka Gyi) Quarter,ဆန်ဆိုင်းက,hsanhsengkagyi,Tachileik Township,တာချီလိတ် မြို့နယ်,4ba61133-b252-41ee-a2bf-d89e724bcfbf,6390,ward,,,,,,,,no_exact,confirmed_non_admin,confirmed_non_admin,,,,no CoreMap or MIMU exact identity under township; keep as non-linked postal locality,02-postal-review-previews/0635cde3b37d.json
f707448c0a05,1708003,1,ဆန်ဆိုင်း(ခ) ရပ်ကွက်,Hsan Hseng  (Kha Gway) Quarter,ဆန်ဆိုင်းခ,hsanhsengkhagway,Tachileik Township,တာချီလိတ် မြို့နယ်,4ba61133-b252-41ee-a2bf-d89e724bcfbf,6390,ward,,,,,,,,no_exact,confirmed_non_admin,confirmed_non_admin,,,,no CoreMap or MIMU exact identity under township; keep as non-linked postal locality,02-postal-review-previews/f707448c0a05.json
b2a35db2e3ce,1708001,1,​ဆေခမ်း ရပ်ကွက်,Hsay Hkam Quarter,ဆေခမ်း,hsayhkam,Tachileik Township,တာချီလိတ် မြို့နယ်,4ba61133-b252-41ee-a2bf-d89e724bcfbf,6390,ward,,,,,,,,no_exact,confirmed_non_admin,confirmed_non_admin,,,,no CoreMap or MIMU exact identity under township; keep as non-linked postal locality,02-postal-review-previews/b2a35db2e3ce.json
87be37a86fa5,1708004,1,တာလော့ ရပ်ကွက်,Tar Lawt Quarter,တာလော့,tarlawt,Tachileik Township,တာချီလိတ် မြို့နယ်,4ba61133-b252-41ee-a2bf-d89e724bcfbf,6390,ward,,,,,,,,no_exact,confirmed_non_admin,confirmed_non_admin,,,,no CoreMap or MIMU exact identity under township; keep as non-linked postal locality,02-postal-review-previews/87be37a86fa5.json
31e3caa4d132,1708005,1,ပါဆတ် ရပ်ကွက်,Par Sat Quarter,ပါဆတ်,parsat,Tachileik Township,တာချီလိတ် မြို့နယ်,4ba61133-b252-41ee-a2bf-d89e724bcfbf,6390,ward,,,,,,,,no_exact,confirmed_non_admin,confirmed_non_admin,,,,no CoreMap or MIMU exact identity under township; keep as non-linked postal locality,02-postal-review-previews/31e3caa4d132.json
ca7effa89c37,1708006,1,ပုန်းထွန်း ရပ်ကွက်,Pone Tun Quarter,ပုန်းထွန်း,ponetun,Tachileik Township,တာချီလိတ် မြို့နယ်,4ba61133-b252-41ee-a2bf-d89e724bcfbf,6390,ward,,,,,,,,no_exact,confirmed_non_admin,confirmed_non_admin,,,,no CoreMap or MIMU exact identity under township; keep as non-linked postal locality,02-postal-review-previews/ca7effa89c37.json
85ed6ac3ff35,1708007,1,မကာဟိုခမ်း ရပ်ကွက်,Ma Kar Ho Hkam Quarter,မကာဟိုခမ်း,makarhohkam,Tachileik Township,တာချီလိတ် မြို့နယ်,4ba61133-b252-41ee-a2bf-d89e724bcfbf,6390,ward,,,,,,,,no_exact,confirmed_non_admin,confirmed_non_admin,,,,no CoreMap or MIMU exact identity under township; keep as non-linked postal locality,02-postal-review-previews/85ed6ac3ff35.json
68bd613a6a7f,1708008,1,မယ်ခေါင် ရပ်ကွက်,Mae Khawng Quarter,မယ်ခေါင်,maekhawng,Tachileik Township,တာချီလိတ် မြို့နယ်,4ba61133-b252-41ee-a2bf-d89e724bcfbf,6390,ward,,,,,,,,no_exact,confirmed_non_admin,confirmed_non_admin,,,,no CoreMap or MIMU exact identity under township; keep as non-linked postal locality,02-postal-review-previews/68bd613a6a7f.json
cc12895bef5f,1708009,1,ရန်အောင်မြေ ရပ်ကွက်,Yan Aung Myay Quarter,ရန်အောင်မြေ,yanaungmyay,Tachileik Township,တာချီလိတ် မြို့နယ်,4ba61133-b252-41ee-a2bf-d89e724bcfbf,6390,ward,,,,,,,,no_exact,confirmed_non_admin,confirmed_non_admin,,,,no CoreMap or MIMU exact identity under township; keep as non-linked postal locality,02-postal-review-previews/cc12895bef5f.json
68e529bec130,1708010,1,ဝမ်ကောင်း ရပ်ကွက်,Wan Kawng Quarter,ဝမ်ကောင်း,wankawng,Tachileik Township,တာချီလိတ် မြို့နယ်,4ba61133-b252-41ee-a2bf-d89e724bcfbf,6390,ward,,,,,,,,no_exact,confirmed_non_admin,confirmed_non_admin,,,,no CoreMap or MIMU exact identity under township; keep as non-linked postal locality,02-postal-review-previews/68e529bec130.json
1459535c8a25,1708011,1,ဝိန်းကျောက် ရပ်ကွက်,Wein Kyauk Quarter,ဝိန်းကျောက်,weinkyauk,Tachileik Township,တာချီလိတ် မြို့နယ်,4ba61133-b252-41ee-a2bf-d89e724bcfbf,6390,ward,,,,,,,,no_exact,confirmed_non_admin,confirmed_non_admin,,,,no CoreMap or MIMU exact identity under township; keep as non-linked postal locality,02-postal-review-previews/1459535c8a25.json
208c9ba2e990,0421258,1,ကျော ကျေးရွာအုပ်စု,Kyaw Village Tract,ကျော,kyaw,Gangaw Township,ဂန့်ဂေါ မြို့နယ်,4f99f426-002f-415d-a1a2-f1c42d36394c,6809,village_tract,,,,,,,,no_exact,confirmed_non_admin,confirmed_non_admin,,,,no CoreMap or MIMU exact identity under township; keep as non-linked postal locality,02-postal-review-previews/208c9ba2e990.json
07fa8a3ab203,0208001,1,မြို့မ အမှတ်(၁) ရပ်ကွက်,Myo Ma  No (1) Quarter,မ၁,myoma1,Mawlaik Township,မော်လိုက် မြို့နယ်,4f9b6c81-68cf-4767-b288-6356bae45984,5022,ward,,,,,,,,no_exact,confirmed_non_admin,confirmed_non_admin,,,,no CoreMap or MIMU exact identity under township; keep as non-linked postal locality,02-postal-review-previews/07fa8a3ab203.json
ea731f5c7a94,0208002,1,မြို့မ အမှတ်(၂) ရပ်ကွက်,Myo Ma No (2) Quarter,မ၂,myoma2,Mawlaik Township,မော်လိုက် မြို့နယ်,4f9b6c81-68cf-4767-b288-6356bae45984,5022,ward,,,,,,,,no_exact,confirmed_non_admin,confirmed_non_admin,,,,no CoreMap or MIMU exact identity under township; keep as non-linked postal locality,02-postal-review-previews/ea731f5c7a94.json
ab70c47d6600,0105004,1,ကောင်ကထောင် ရပ်ကွက်,Kawng Ka Htaung Quarter,ကောင်ကထောင်,kawngkahtaung,Puta-O Township,ပူတာအို မြို့နယ်,505814e4-7afc-4d8a-aab2-96607200bf17,6685,ward,,,,,,,,no_exact,confirmed_non_admin,confirmed_non_admin,,,,no CoreMap or MIMU exact identity under township; keep as non-linked postal locality,02-postal-review-previews/ab70c47d6600.json
c8acefc829c9,0105005,1,တပ်သစ် ရပ်ကွက်,Tat Thit Quarter,တပ်သစ်,tatthit,Puta-O Township,ပူတာအို မြို့နယ်,505814e4-7afc-4d8a-aab2-96607200bf17,6685,ward,,,,,,,,no_exact,confirmed_non_admin,confirmed_non_admin,,,,no CoreMap or MIMU exact identity under township; keep as non-linked postal locality,02-postal-review-previews/c8acefc829c9.json
411314fa2de8,0105006,1,တုံလီထု ရပ်ကွက်,Ton Li Htu Quarter,တုံလီထု,tonlihtu,Puta-O Township,ပူတာအို မြို့နယ်,505814e4-7afc-4d8a-aab2-96607200bf17,6685,ward,,,,,,,,no_exact,confirmed_non_admin,confirmed_non_admin,,,,no CoreMap or MIMU exact identity under township; keep as non-linked postal locality,02-postal-review-previews/411314fa2de8.json
fb1251894bec,0105009,1,ဒုတ္တန် ရပ်ကွက်,Doke Tan Quarter,ဒုတ္တန်,doketan,Puta-O Township,ပူတာအို မြို့နယ်,505814e4-7afc-4d8a-aab2-96607200bf17,6685,ward,,,,,,,,no_exact,confirmed_non_admin,confirmed_non_admin,,,,no CoreMap or MIMU exact identity under township; keep as non-linked postal locality,02-postal-review-previews/fb1251894bec.json
f3978596e9eb,0105001,1,ပန်းလှိုင် ရပ်ကွက်,Pan Hlaing Quarter,ပန်းလှိုင်,panhlaing,Puta-O Township,ပူတာအို မြို့နယ်,505814e4-7afc-4d8a-aab2-96607200bf17,6685,ward,,,,,,,,no_exact,confirmed_non_admin,confirmed_non_admin,,,,no CoreMap or MIMU exact identity under township; keep as non-linked postal locality,02-postal-review-previews/f3978596e9eb.json
6fff9bfdf533,0105007,1,ပါအင် ရပ်ကွက်,Par In Quarter,ပါအင်,parin,Puta-O Township,ပူတာအို မြို့နယ်,505814e4-7afc-4d8a-aab2-96607200bf17,6685,ward,,,,,,,,no_exact,confirmed_non_admin,confirmed_non_admin,,,,no CoreMap or MIMU exact identity under township; keep as non-linked postal locality,02-postal-review-previews/6fff9bfdf533.json
9f05f4f06b76,0105003,1,မြို့မ ရပ်ကွက်,Myo Ma Quarter,မ,myoma,Puta-O Township,ပူတာအို မြို့နယ်,505814e4-7afc-4d8a-aab2-96607200bf17,6685,ward,,,,,,,,no_exact,confirmed_non_admin,confirmed_non_admin,,,,no CoreMap or MIMU exact identity under township; keep as non-linked postal locality,02-postal-review-previews/9f05f4f06b76.json
a8c8b78d3a65,0105011,1,မူလာရှီဒီး ရပ်ကွက်,Mu Lar Shee Dee Quarter,မူလာရှီဒီး,mularsheedee,Puta-O Township,ပူတာအို မြို့နယ်,505814e4-7afc-4d8a-aab2-96607200bf17,6685,ward,,,,,,,,no_exact,confirmed_non_admin,confirmed_non_admin,,,,no CoreMap or MIMU exact identity under township; keep as non-linked postal locality,02-postal-review-previews/a8c8b78d3a65.json
de487a0f4f6a,0105010,1,လုံးစွတ် ရပ်ကွက်,Lone Sut Quarter,လုံးစွတ်,lonesut,Puta-O Township,ပူတာအို မြို့နယ်,505814e4-7afc-4d8a-aab2-96607200bf17,6685,ward,,,,,,,,no_exact,confirmed_non_admin,confirmed_non_admin,,,,no CoreMap or MIMU exact identity under township; keep as non-linked postal locality,02-postal-review-previews/de487a0f4f6a.json
c94d83688c1e,0105008,1,လေယာဉ်ကွင်း ရပ်ကွက်,Lay Yin Kwin Quarter,လေယာဉ်ကွင်း,layyinkwin,Puta-O Township,ပူတာအို မြို့နယ်,505814e4-7afc-4d8a-aab2-96607200bf17,6685,ward,,,,,,,,no_exact,confirmed_non_admin,confirmed_non_admin,,,,no CoreMap or MIMU exact identity under township; keep as non-linked postal locality,02-postal-review-previews/c94d83688c1e.json
dbfbd1744673,0105002,1,ဟိုခို ရပ်ကွက်,Ho Kho Quarter,ဟိုခို,hokho,Puta-O Township,ပူတာအို မြို့နယ်,505814e4-7afc-4d8a-aab2-96607200bf17,6685,ward,,,,,,,,no_exact,confirmed_non_admin,confirmed_non_admin,,,,no CoreMap or MIMU exact identity under township; keep as non-linked postal locality,02-postal-review-previews/dbfbd1744673.json
f3b97d96cae3,1302001,1,အမှတ် (၁) ရပ်ကွက်,No (1) Quarter,၁,1,Thandaunggyi Township,သံတောင်ကြီး မြို့နယ်,50cf5e9a-8f0f-4eb2-b870-93ac4354ea7b,6018,ward,,,,,,,,no_exact,confirmed_non_admin,confirmed_non_admin,,,,no CoreMap or MIMU exact identity under township; keep as non-linked postal locality,02-postal-review-previews/f3b97d96cae3.json
31115df260ad,1302002,1,အမှတ် (၂) ရပ်ကွက်,No (2) Quarter,၂,2,Thandaunggyi Township,သံတောင်ကြီး မြို့နယ်,50cf5e9a-8f0f-4eb2-b870-93ac4354ea7b,6018,ward,,,,,,,,no_exact,confirmed_non_admin,confirmed_non_admin,,,,no CoreMap or MIMU exact identity under township; keep as non-linked postal locality,02-postal-review-previews/31115df260ad.json
5dabac14b88b,1302003,1,အမှတ် (၃) ရပ်ကွက်,No (3) Quarter,၃,3,Thandaunggyi Township,သံတောင်ကြီး မြို့နယ်,50cf5e9a-8f0f-4eb2-b870-93ac4354ea7b,6018,ward,,,,,,,,no_exact,confirmed_non_admin,confirmed_non_admin,,,,no CoreMap or MIMU exact identity under township; keep as non-linked postal locality,02-postal-review-previews/5dabac14b88b.json
539807c53c91,1302004,1,အမှတ် (၄) ရပ်ကွက်,No (4) Quarter,၄,4,Thandaunggyi Township,သံတောင်ကြီး မြို့နယ်,50cf5e9a-8f0f-4eb2-b870-93ac4354ea7b,6018,ward,,,,,,,,no_exact,confirmed_non_admin,confirmed_non_admin,,,,no CoreMap or MIMU exact identity under township; keep as non-linked postal locality,02-postal-review-previews/539807c53c91.json
e1004ca15f21,1302005,1,အမှတ် (၅) ရပ်ကွက်,No (5) Quarter,၅,5,Thandaunggyi Township,သံတောင်ကြီး မြို့နယ်,50cf5e9a-8f0f-4eb2-b870-93ac4354ea7b,6018,ward,,,,,,,,no_exact,confirmed_non_admin,confirmed_non_admin,,,,no CoreMap or MIMU exact identity under township; keep as non-linked postal locality,02-postal-review-previews/e1004ca15f21.json
a13cd743789d,1022013,1,ချမ်းမြေ့သာယာ ရပ်ကွက်,Chan Myayt Thar Yar Quarter,ချမ်းမြေ့သာယာ,chanmyayttharyar,Mawlamyinegyun Township,မော်လမြိုင်ကျွန်း မြို့နယ်,51773fa5-fde7-4c90-8c7b-b20a7b4c5cf6,7392,ward,,,,,,,MMR017018701513:Chan Myae Thar Yar Ward / No (13) Ward/ချမ်းမြေ့သာယာရပ်ကွက်,no_exact,confirmed_non_admin,confirmed_non_admin,,,,MIMU source exists (MMR017018701513) but no CoreMap ward/VT to link; do not invent admin from postal text,02-postal-review-previews/a13cd743789d.json
61fdbf5c033e,0901212,1,ထီးတငါး ကျေးရွာအုပ်စု,Htee Ta Ngar Village Tract,ထီးတငါး,hteetangar,Loikaw Township,လွိုင်ကော် မြို့နယ်,5632cab6-82ff-453a-b4bf-724c50230562,5997,village_tract,,,,,,,,no_exact,confirmed_non_admin,confirmed_non_admin,,,,no CoreMap or MIMU exact identity under township; keep as non-linked postal locality,02-postal-review-previews/61fdbf5c033e.json
0d6688237de0,0901211,1,လောပိတ ကျေးရွာအုပ်စု,Law Pi Ta Village Tract,လောပိတ,lawpita,Loikaw Township,လွိုင်ကော် မြို့နယ်,5632cab6-82ff-453a-b4bf-724c50230562,5997,village_tract,,,,,,,,no_exact,confirmed_non_admin,confirmed_non_admin,,,,no CoreMap or MIMU exact identity under township; keep as non-linked postal locality,02-postal-review-previews/0d6688237de0.json
3bad2be63c6f,0901007,1,ဈေးပိုင်း ရပ်ကွက်,Zay Paing Quarter,ဈေးပိုင်း,zaypaing,Loikaw Township,လွိုင်ကော် မြို့နယ်,5632cab6-82ff-453a-b4bf-724c50230562,5997,ward,,,,,,,,no_exact,confirmed_non_admin,confirmed_non_admin,,,,no CoreMap or MIMU exact identity under township; keep as non-linked postal locality,02-postal-review-previews/3bad2be63c6f.json
ecf8c7c17a98,0901018,1,ထေးသမ ရပ်ကွက်,Htay Tha Ma Quarter,ထေးသမ,htaythama,Loikaw Township,လွိုင်ကော် မြို့နယ်,5632cab6-82ff-453a-b4bf-724c50230562,5997,ward,,,,,,,,no_exact,confirmed_non_admin,confirmed_non_admin,,,,no CoreMap or MIMU exact identity under township; keep as non-linked postal locality,02-postal-review-previews/ecf8c7c17a98.json
6af31d91f0f5,0901010,1,ဒေါတမ ရပ်ကွက်,Daw Tan Ma Quarter,ဒေါတမ,dawtanma,Loikaw Township,လွိုင်ကော် မြို့နယ်,5632cab6-82ff-453a-b4bf-724c50230562,5997,ward,,,,,,,,no_exact,confirmed_non_admin,confirmed_non_admin,,,,no CoreMap or MIMU exact identity under township; keep as non-linked postal locality,02-postal-review-previews/6af31d91f0f5.json
5c7c93b1aa75,0901011,1,ဒေါနိုးကူး ရပ်ကွက်,Daw Noe Ku Quarter,ဒေါနိုးကူး,dawnoeku,Loikaw Township,လွိုင်ကော် မြို့နယ်,5632cab6-82ff-453a-b4bf-724c50230562,5997,ward,,,,,,,,no_exact,confirmed_non_admin,confirmed_non_admin,,,,no CoreMap or MIMU exact identity under township; keep as non-linked postal locality,02-postal-review-previews/5c7c93b1aa75.json
794904470629,0901003,1,ဒေါဥခူ ရပ်ကွက်,Daw Au Khu Quarter,ဒေါဥခူ,dawaukhu,Loikaw Township,လွိုင်ကော် မြို့နယ်,5632cab6-82ff-453a-b4bf-724c50230562,5997,ward,,,,,,,,no_exact,confirmed_non_admin,confirmed_non_admin,,,,no CoreMap or MIMU exact identity under township; keep as non-linked postal locality,02-postal-review-previews/794904470629.json
f15ffd8f1631,0901006,1,ဓမ္မာရုံ ရပ်ကွက်,Dhammar Yon Quarter,ဓမ္မာရုံ,dhammaryon,Loikaw Township,လွိုင်ကော် မြို့နယ်,5632cab6-82ff-453a-b4bf-724c50230562,5997,ward,,,,,,,,no_exact,confirmed_non_admin,confirmed_non_admin,,,,no CoreMap or MIMU exact identity under township; keep as non-linked postal locality,02-postal-review-previews/f15ffd8f1631.json
8378d9511f76,0901019,1,နမ့်ကွတ် ရပ်ကွက်,Nant Kut Quarter,နမ့်ကွတ်,nantkut,Loikaw Township,လွိုင်ကော် မြို့နယ်,5632cab6-82ff-453a-b4bf-724c50230562,5997,ward,,,,,,,,no_exact,confirmed_non_admin,confirmed_non_admin,,,,no CoreMap or MIMU exact identity under township; keep as non-linked postal locality,02-postal-review-previews/8378d9511f76.json
1409fa863570,0901015,1,နမ့်ဘော်ဝမ် (က) ရပ်ကွက်,Nam Baw Wan (Ka) Quarter,နမ့်ဘော်ဝမ်က,nambawwanka,Loikaw Township,လွိုင်ကော် မြို့နယ်,5632cab6-82ff-453a-b4bf-724c50230562,5997,ward,,,,,,,,no_exact,confirmed_non_admin,confirmed_non_admin,,,,no CoreMap or MIMU exact identity under township; keep as non-linked postal locality,02-postal-review-previews/1409fa863570.json
187e696f82aa,0901016,1,နမ့်ဘော်ဝမ် (ခ) ရပ်ကွက်,Nam Baw Wan (Kha) Quarter,နမ့်ဘော်ဝမ်ခ,nambawwankha,Loikaw Township,လွိုင်ကော် မြို့နယ်,5632cab6-82ff-453a-b4bf-724c50230562,5997,ward,,,,,,,,no_exact,confirmed_non_admin,confirmed_non_admin,,,,no CoreMap or MIMU exact identity under township; keep as non-linked postal locality,02-postal-review-previews/187e696f82aa.json
603f1509501a,0901014,1,နာနတ်တော ရပ်ကွက်,Nar Nat Taw Quarter,နာနတ်တော,narnattaw,Loikaw Township,လွိုင်ကော် မြို့နယ်,5632cab6-82ff-453a-b4bf-724c50230562,5997,ward,,,,,,,,no_exact,confirmed_non_admin,confirmed_non_admin,,,,no CoreMap or MIMU exact identity under township; keep as non-linked postal locality,02-postal-review-previews/603f1509501a.json
00af83f5854d,0901001,1,နောင်ယား(က) ရပ်ကွက်,Naung Yar (Ka Gyi) Quarter,နောင်ယားက,naungyarkagyi,Loikaw Township,လွိုင်ကော် မြို့နယ်,5632cab6-82ff-453a-b4bf-724c50230562,5997,ward,,,,,,,,no_exact,confirmed_non_admin,confirmed_non_admin,,,,no CoreMap or MIMU exact identity under township; keep as non-linked postal locality,02-postal-review-previews/00af83f5854d.json
706d7054a59e,0901002,1,နောင်ယား(ခ) ရပ်ကွက်,Naung Yar (Kha Gway) Quarter,နောင်ယားခ,naungyarkhagway,Loikaw Township,လွိုင်ကော် မြို့နယ်,5632cab6-82ff-453a-b4bf-724c50230562,5997,ward,,,,,,,,no_exact,confirmed_non_admin,confirmed_non_admin,,,,no CoreMap or MIMU exact identity under township; keep as non-linked postal locality,02-postal-review-previews/706d7054a59e.json
afd4abf1eefa,0901013,1,မင်းစု ရပ်ကွက်,Min Su Quarter,မင်းစု,minsu,Loikaw Township,လွိုင်ကော် မြို့နယ်,5632cab6-82ff-453a-b4bf-724c50230562,5997,ward,,,,,,,,no_exact,confirmed_non_admin,confirmed_non_admin,,,,no CoreMap or MIMU exact identity under township; keep as non-linked postal locality,02-postal-review-previews/afd4abf1eefa.json
62d2a69f81e9,0901005,1,မင်္ဂလာ ရပ်ကွက်,Min Ga Lar Quarter,မင်္ဂလာ,mingalar,Loikaw Township,လွိုင်ကော် မြို့နယ်,5632cab6-82ff-453a-b4bf-724c50230562,5997,ward,,,,,,,,no_exact,confirmed_non_admin,confirmed_non_admin,,,,no CoreMap or MIMU exact identity under township; keep as non-linked postal locality,02-postal-review-previews/62d2a69f81e9.json
cdaccc18f7e3,0901004,1,မိုင်းလုံး ရပ်ကွက်,Maing Lone Quarter,မိုင်းလုံး,mainglone,Loikaw Township,လွိုင်ကော် မြို့နယ်,5632cab6-82ff-453a-b4bf-724c50230562,5997,ward,,,,,,,,no_exact,confirmed_non_admin,confirmed_non_admin,,,,no CoreMap or MIMU exact identity under township; keep as non-linked postal locality,02-postal-review-previews/cdaccc18f7e3.json
4cf858ce9a9d,0901008,1,ရွှေတောင် ရပ်ကွက်,Shwe Taung Quarter,ရွှေတောင်,shwetaung,Loikaw Township,လွိုင်ကော် မြို့နယ်,5632cab6-82ff-453a-b4bf-724c50230562,5997,ward,,,,,,,,no_exact,confirmed_non_admin,confirmed_non_admin,,,,no CoreMap or MIMU exact identity under township; keep as non-linked postal locality,02-postal-review-previews/4cf858ce9a9d.json
f062a87d391d,0901012,1,ရှမ်းစု ရပ်ကွက်,Shan Su Quarter,ရှမ်းစု,shansu,Loikaw Township,လွိုင်ကော် မြို့နယ်,5632cab6-82ff-453a-b4bf-724c50230562,5997,ward,,,,,,,,no_exact,confirmed_non_admin,confirmed_non_admin,,,,no CoreMap or MIMU exact identity under township; keep as non-linked postal locality,02-postal-review-previews/f062a87d391d.json
f260a72c580a,0901009,1,လောဓမ္မ ရပ်ကွက်,Law Da Ma Quarter,လောဓမ္မ,lawdama,Loikaw Township,လွိုင်ကော် မြို့နယ်,5632cab6-82ff-453a-b4bf-724c50230562,5997,ward,,,,,,,,no_exact,confirmed_non_admin,confirmed_non_admin,,,,no CoreMap or MIMU exact identity under township; keep as non-linked postal locality,02-postal-review-previews/f260a72c580a.json
576a77708ed3,0901017,1,ဧက (၅၀ဝ) ရပ်ကွက်,Aye Ka Ngar Yar Quarter,ဧက၅၀ဝ,ayekangaryar,Loikaw Township,လွိုင်ကော် မြို့နယ်,5632cab6-82ff-453a-b4bf-724c50230562,5997,ward,,,,,,,,no_exact,confirmed_non_admin,confirmed_non_admin,,,,no CoreMap or MIMU exact identity under township; keep as non-linked postal locality,02-postal-review-previews/576a77708ed3.json
3bbf68b63d11,0205003,1,ခိုပဲဝ ရပ်ကွက်,Hko Pe Wa Quarter,ခိုပဲဝ,hkopewa,Homalin Township,ဟုမ္မလင်း မြို့နယ်,568658f9-06a6-48b5-8258-23c1733ad239,6701,ward,,,,,,,,no_exact,confirmed_non_admin,confirmed_non_admin,,,,no CoreMap or MIMU exact identity under township; keep as non-linked postal locality,02-postal-review-previews/3bbf68b63d11.json
5bef49020608,1011001,1,အမှတ် (၁) ရပ်ကွက်,No (1) Quarter,၁,1,Thabaung Township,သာပေါင်း မြို့နယ်,57660ae1-9f7c-4c08-a4fe-33aa56abe364,7186,ward,,,,,,,,no_exact,confirmed_non_admin,confirmed_non_admin,,,,no CoreMap or MIMU exact identity under township; keep as non-linked postal locality,02-postal-review-previews/5bef49020608.json
a27c7c6d44b0,1011002,1,အမှတ် (၂) ရပ်ကွက်,No (2) Quarter,၂,2,Thabaung Township,သာပေါင်း မြို့နယ်,57660ae1-9f7c-4c08-a4fe-33aa56abe364,7186,ward,,,,,,,,no_exact,confirmed_non_admin,confirmed_non_admin,,,,no CoreMap or MIMU exact identity under township; keep as non-linked postal locality,02-postal-review-previews/a27c7c6d44b0.json
9402a8d3c15b,1011003,1,အမှတ် (၃) ရပ်ကွက်,No (3) Quarter,၃,3,Thabaung Township,သာပေါင်း မြို့နယ်,57660ae1-9f7c-4c08-a4fe-33aa56abe364,7186,ward,,,,,,,,no_exact,confirmed_non_admin,confirmed_non_admin,,,,no CoreMap or MIMU exact identity under township; keep as non-linked postal locality,02-postal-review-previews/9402a8d3c15b.json
8cb408636a19,0214002,1,အောင်ချမ်းသာ ရပ်ကွက်,Aung Chan Thar Quarter,အောင်ချမ်းသာ,aungchanthar,Indaw Township,အင်းတော် မြို့နယ်,5941d795-effb-4966-96b2-74294d19f8f3,6607,ward,,,,,,,,no_exact,confirmed_non_admin,confirmed_non_admin,,,,no CoreMap or MIMU exact identity under township; keep as non-linked postal locality,02-postal-review-previews/8cb408636a19.json
36b5ec83ae5d,0214003,1,အောင်ဇေယျ ရပ်ကွက်,Aung Zay Ya Quarter,အောင်ဇေယျ,aungzayya,Indaw Township,အင်းတော် မြို့နယ်,5941d795-effb-4966-96b2-74294d19f8f3,6607,ward,,,,,,,,no_exact,confirmed_non_admin,confirmed_non_admin,,,,no CoreMap or MIMU exact identity under township; keep as non-linked postal locality,02-postal-review-previews/36b5ec83ae5d.json
510f36b5e4db,0214001,1,အောင်မင်္ဂလာ ရပ်ကွက်,Aung Min Ga Lar Quarter,အောင်မင်္ဂလာ,aungmingalar,Indaw Township,အင်းတော် မြို့နယ်,5941d795-effb-4966-96b2-74294d19f8f3,6607,ward,,,,,,,,no_exact,confirmed_non_admin,confirmed_non_admin,,,,no CoreMap or MIMU exact identity under township; keep as non-linked postal locality,02-postal-review-previews/510f36b5e4db.json
1263984a7fd2,0214004,1,အောင်မေတ္တာ ရပ်ကွက်,Aung Myit Tar Quarter,အောင်မေတ္တာ,aungmyittar,Indaw Township,အင်းတော် မြို့နယ်,5941d795-effb-4966-96b2-74294d19f8f3,6607,ward,,,,,,,,no_exact,confirmed_non_admin,confirmed_non_admin,,,,no CoreMap or MIMU exact identity under township; keep as non-linked postal locality,02-postal-review-previews/1263984a7fd2.json
62c0e09cf691,1709216,1,လုံကောင့် ကျေးရွာအုပ်စု,Long Kaunt Village Tract,လုံကောင့်,longkaunt,Monghpyak Township,မိုင်းဖြတ် မြို့နယ်,5a05af55-94a0-4164-b72b-4e1a0d76fee5,6370,village_tract,,,,,,,,no_exact,confirmed_non_admin,confirmed_non_admin,,,,no CoreMap or MIMU exact identity under township; keep as non-linked postal locality,02-postal-review-previews/62c0e09cf691.json
e59d08f8990c,1709001,1,ဈေးတန်း ရပ်ကွက်,Zay Tan Quarter,ဈေးတန်း,zaytan,Monghpyak Township,မိုင်းဖြတ် မြို့နယ်,5a05af55-94a0-4164-b72b-4e1a0d76fee5,6370,ward,,,,,,,,no_exact,confirmed_non_admin,confirmed_non_admin,,,,no CoreMap or MIMU exact identity under township; keep as non-linked postal locality,02-postal-review-previews/e59d08f8990c.json
ce8ce94fc6f6,1709002,1,ဝမ်မိုင် ရပ်ကွက်,Wan Mai Quarter,ဝမ်မိုင်,wanmai,Monghpyak Township,မိုင်းဖြတ် မြို့နယ်,5a05af55-94a0-4164-b72b-4e1a0d76fee5,6370,ward,,,,,,,,no_exact,confirmed_non_admin,confirmed_non_admin,,,,no CoreMap or MIMU exact identity under township; keep as non-linked postal locality,02-postal-review-previews/ce8ce94fc6f6.json
ccd20d1b378c,1709003,1,ဝမ်ဝှေ ရပ်ကွက်,Wan Whay Quarter,ဝမ်ဝှေ,wanwhay,Monghpyak Township,မိုင်းဖြတ် မြို့နယ်,5a05af55-94a0-4164-b72b-4e1a0d76fee5,6370,ward,,,,,,,,no_exact,confirmed_non_admin,confirmed_non_admin,,,,no CoreMap or MIMU exact identity under township; keep as non-linked postal locality,02-postal-review-previews/ccd20d1b378c.json
cfc444a44e2e,1810211,1,အိုးသည်ကုန်း ကျေးရွာအုပ်စု,Oe Thei Kone Village Tract,အိုးသည်ကုန်း,oetheikone,Okpho Township,အုတ်ဖို မြို့နယ်,5b5b8580-77e5-423a-9e78-c9dee4c12070,7168,village_tract,,,,,,,,no_exact,confirmed_non_admin,confirmed_non_admin,,,,no CoreMap or MIMU exact identity under township; keep as non-linked postal locality,02-postal-review-previews/cfc444a44e2e.json
65da4094156a,1810003,1,ကျောင်းကြီးတန်း ရပ်ကွက်,Kyaung Gyi Tan Quarter,ကျောင်းကြီးတန်း,kyaunggyitan,Okpho Township,အုတ်ဖို မြို့နယ်,5b5b8580-77e5-423a-9e78-c9dee4c12070,7168,ward,,,,,,,,no_exact,confirmed_non_admin,confirmed_non_admin,,,,no CoreMap or MIMU exact identity under township; keep as non-linked postal locality,02-postal-review-previews/65da4094156a.json
6369b183e05e,1810005,1,ကွေးချောင်း ရပ်ကွက်,Kway Chaung Quarter,ကွေးချောင်း,kwaychaung,Okpho Township,အုတ်ဖို မြို့နယ်,5b5b8580-77e5-423a-9e78-c9dee4c12070,7168,ward,,,,,,,,no_exact,confirmed_non_admin,confirmed_non_admin,,,,no CoreMap or MIMU exact identity under township; keep as non-linked postal locality,02-postal-review-previews/6369b183e05e.json
c720d1013ec9,1810001,1,မြို့မ ရပ်ကွက်,Myo Ma Quarter,မ,myoma,Okpho Township,အုတ်ဖို မြို့နယ်,5b5b8580-77e5-423a-9e78-c9dee4c12070,7168,ward,,,,,,,,no_exact,confirmed_non_admin,confirmed_non_admin,,,,no CoreMap or MIMU exact identity under township; keep as non-linked postal locality,02-postal-review-previews/c720d1013ec9.json
19eaa2d0483b,1810004,1,မိုးညိုတန်း ရပ်ကွက်,Moe Nyo Tan Quarter,မိုးညိုတန်း,moenyotan,Okpho Township,အုတ်ဖို မြို့နယ်,5b5b8580-77e5-423a-9e78-c9dee4c12070,7168,ward,,,,,,,,no_exact,confirmed_non_admin,confirmed_non_admin,,,,no CoreMap or MIMU exact identity under township; keep as non-linked postal locality,02-postal-review-previews/19eaa2d0483b.json
4064b52b6df7,1810006,1,ရွာမ ရပ်ကွက်,Ywar Ma Quarter,ရွာမ,ywarma,Okpho Township,အုတ်ဖို မြို့နယ်,5b5b8580-77e5-423a-9e78-c9dee4c12070,7168,ward,,,,,,,,no_exact,confirmed_non_admin,confirmed_non_admin,,,,no CoreMap or MIMU exact identity under township; keep as non-linked postal locality,02-postal-review-previews/4064b52b6df7.json
c35585518982,1810002,1,အောင်မင်္ဂလာ ရပ်ကွက်,Aung Min Ga Lar Quarter,အောင်မင်္ဂလာ,aungmingalar,Okpho Township,အုတ်ဖို မြို့နယ်,5b5b8580-77e5-423a-9e78-c9dee4c12070,7168,ward,,,,,,,,no_exact,confirmed_non_admin,confirmed_non_admin,,,,no CoreMap or MIMU exact identity under township; keep as non-linked postal locality,02-postal-review-previews/c35585518982.json
402b0504a425,0401009,1,မင်းကံကြီး ရပ်ကွက်,Min Kan Gyi Quarter,မင်းကံကြီး,minkangyi,Magway Township,မကွေး မြို့နယ်,5b67398c-0862-483b-960e-17ccb56205bc,7072,ward,,,,,,,,no_exact,confirmed_non_admin,confirmed_non_admin,,,,no CoreMap or MIMU exact identity under township; keep as non-linked postal locality,02-postal-review-previews/402b0504a425.json
fd883f0523f1,0510002,1,ကဘဲ့ ရပ်ကွက်,Ka Beit Quarter,ကဘဲ့,kabeit,Thabeikkyin Township,သပိတ်ကျင်း မြို့နယ်,5cae90bf-1722-4dd9-b929-8f64e4ff89be,6554,ward,,,,,,,,no_exact,confirmed_non_admin,confirmed_non_admin,,,,no CoreMap or MIMU exact identity under township; keep as non-linked postal locality,02-postal-review-previews/fd883f0523f1.json
14f2611ba7ad,0510001,1,ဆိပ်ကမ်း ရပ်ကွက်,Seik Kan Quarter,ဆိပ်ကမ်း,seikkan,Thabeikkyin Township,သပိတ်ကျင်း မြို့နယ်,5cae90bf-1722-4dd9-b929-8f64e4ff89be,6554,ward,,,,,,,,no_exact,confirmed_non_admin,confirmed_non_admin,,,,no CoreMap or MIMU exact identity under township; keep as non-linked postal locality,02-postal-review-previews/14f2611ba7ad.json
4f51c3097381,1503225,1,ဇရပ်ကြီးကုန်း ကျေးရွာအုပ်စု,Za Yat Gyi Kone Village Tract,ဇရပ်ကြီးကုန်း,zayatgyikone,Tatkon Township,တပ်ကုန်း မြို့နယ်,5e55abe3-6b48-408a-9a2e-5660d7e44b05,6067,village_tract,,,,,,,,no_exact,confirmed_non_admin,confirmed_non_admin,,,,no CoreMap or MIMU exact identity under township; keep as non-linked postal locality,02-postal-review-previews/4f51c3097381.json
390fb35806a0,0717001,1,အမှတ် (၁) ရပ်ကွက်,No (1) Quarter,၁,1,Thandwe Township,သံတွဲ မြို့နယ်,617a076d-421a-4c29-a5f9-e118e2357ee2,7176,ward,,,,,,,,no_exact,confirmed_non_admin,confirmed_non_admin,,,,no CoreMap or MIMU exact identity under township; keep as non-linked postal locality,02-postal-review-previews/390fb35806a0.json
a5113e8a602c,0717002,1,အမှတ် (၂) ရပ်ကွက်,No (2) Quarter,၂,2,Thandwe Township,သံတွဲ မြို့နယ်,617a076d-421a-4c29-a5f9-e118e2357ee2,7176,ward,,,,,,,,no_exact,confirmed_non_admin,confirmed_non_admin,,,,no CoreMap or MIMU exact identity under township; keep as non-linked postal locality,02-postal-review-previews/a5113e8a602c.json
0e8743fef3b2,0717003,1,အမှတ် (၃) ရပ်ကွက်,No (3) Quarter,၃,3,Thandwe Township,သံတွဲ မြို့နယ်,617a076d-421a-4c29-a5f9-e118e2357ee2,7176,ward,,,,,,,,no_exact,confirmed_non_admin,confirmed_non_admin,,,,no CoreMap or MIMU exact identity under township; keep as non-linked postal locality,02-postal-review-previews/0e8743fef3b2.json
2f8ec8d973c5,0717004,1,အမှတ် (၄) ရပ်ကွက်,No (4) Quarter,၄,4,Thandwe Township,သံတွဲ မြို့နယ်,617a076d-421a-4c29-a5f9-e118e2357ee2,7176,ward,,,,,,,,no_exact,confirmed_non_admin,confirmed_non_admin,,,,no CoreMap or MIMU exact identity under township; keep as non-linked postal locality,02-postal-review-previews/2f8ec8d973c5.json
758df5a69e0b,0717005,1,အမှတ် (၅) ရပ်ကွက်,No (5) Quarter,၅,5,Thandwe Township,သံတွဲ မြို့နယ်,617a076d-421a-4c29-a5f9-e118e2357ee2,7176,ward,,,,,,,,no_exact,confirmed_non_admin,confirmed_non_admin,,,,no CoreMap or MIMU exact identity under township; keep as non-linked postal locality,02-postal-review-previews/758df5a69e0b.json
df4331fbec02,0717006,1,အမှတ် (၆) ရပ်ကွက်,No (6) Quarter,၆,6,Thandwe Township,သံတွဲ မြို့နယ်,617a076d-421a-4c29-a5f9-e118e2357ee2,7176,ward,,,,,,,,no_exact,confirmed_non_admin,confirmed_non_admin,,,,no CoreMap or MIMU exact identity under township; keep as non-linked postal locality,02-postal-review-previews/df4331fbec02.json
e2533bf3e6d1,0717007,1,အမှတ် (၇) ရပ်ကွက်,No (7) Quarter,၇,7,Thandwe Township,သံတွဲ မြို့နယ်,617a076d-421a-4c29-a5f9-e118e2357ee2,7176,ward,,,,,,,,no_exact,confirmed_non_admin,confirmed_non_admin,,,,no CoreMap or MIMU exact identity under township; keep as non-linked postal locality,02-postal-review-previews/e2533bf3e6d1.json
10c2be592c99,0717008,1,အမှတ် (၈)  (ဒွါရာဝတီမြို့သစ်) ရပ်ကွက်,No (8) (Dwar Yar Wa Ti Myo Thit ) Quarter,၈ဒွါရာဝတီသစ်,8dwaryarwatimyothit,Thandwe Township,သံတွဲ မြို့နယ်,617a076d-421a-4c29-a5f9-e118e2357ee2,7176,ward,,,,,,,,no_exact,confirmed_non_admin,confirmed_non_admin,,,,no CoreMap or MIMU exact identity under township; keep as non-linked postal locality,02-postal-review-previews/10c2be592c99.json
67defaf6102d,0805242,1,ကမော့ထော် ကျေးရွာအုပ်စု,Ka Mawt Htaw Village Tract,ကမော့ထော်,kamawthtaw,Shwegyin Township,ရွှေကျင် မြို့နယ်,621f4278-37c9-4248-95f9-3359b576560a,5920,village_tract,,,,,,,,no_exact,confirmed_non_admin,confirmed_non_admin,,,,no CoreMap or MIMU exact identity under township; keep as non-linked postal locality,02-postal-review-previews/67defaf6102d.json
a3f6b25a9a8b,0805233,1,ထီးသပြု ကျေးရွာအုပ်စု,Htee Tha Pyu Village Tract,ထီးသပြု,hteethapyu,Shwegyin Township,ရွှေကျင် မြို့နယ်,621f4278-37c9-4248-95f9-3359b576560a,5920,village_tract,,,,,,,,no_exact,confirmed_non_admin,confirmed_non_admin,,,,no CoreMap or MIMU exact identity under township; keep as non-linked postal locality,02-postal-review-previews/a3f6b25a9a8b.json
34e44d1fa226,0805245,1,မဲရစ် ကျေးရွာအုပ်စု,Me Yit Village Tract,မဲရစ်,meyit,Shwegyin Township,ရွှေကျင် မြို့နယ်,621f4278-37c9-4248-95f9-3359b576560a,5920,village_tract,,,,,,,,no_exact,confirmed_non_admin,confirmed_non_admin,,,,no CoreMap or MIMU exact identity under township; keep as non-linked postal locality,02-postal-review-previews/34e44d1fa226.json
60594f55ce77,0805243,1,မဲလော့(အထက်) ကျေးရွာအုပ်စု,Me Lawt (Upper) Village Tract,မဲလော့အထက်,melawtupper,Shwegyin Township,ရွှေကျင် မြို့နယ်,621f4278-37c9-4248-95f9-3359b576560a,5920,village_tract,,,,,,,,no_exact,confirmed_non_admin,confirmed_non_admin,,,,no CoreMap or MIMU exact identity under township; keep as non-linked postal locality,02-postal-review-previews/60594f55ce77.json
6221b41c4781,0805258,1,ရှမ်းစု ကျေးရွာအုပ်စု,Shan Su Village Tract,ရှမ်းစု,shansu,Shwegyin Township,ရွှေကျင် မြို့နယ်,621f4278-37c9-4248-95f9-3359b576560a,5920,village_tract,,,,,,,,no_exact,confirmed_non_admin,confirmed_non_admin,,,,no CoreMap or MIMU exact identity under township; keep as non-linked postal locality,02-postal-review-previews/6221b41c4781.json
93b14d347891,0805238,1,လဲရပ် ကျေးရွာအုပ်စု,Le Yat Village Tract,လဲရပ်,leyat,Shwegyin Township,ရွှေကျင် မြို့နယ်,621f4278-37c9-4248-95f9-3359b576560a,5920,village_tract,,,,,,,,no_exact,confirmed_non_admin,confirmed_non_admin,,,,no CoreMap or MIMU exact identity under township; keep as non-linked postal locality,02-postal-review-previews/93b14d347891.json
4594ce0ee9c8,1128001,1,အမှတ် (၁) ရပ်ကွက်,No (1) Quarter,၁,1,Cocokyun Township,ကိုကိုးကျွန်း မြို့နယ်,62cda449-1708-4491-8e4a-7ae7238b7a34,7440,ward,,,,,,,,no_exact,confirmed_non_admin,confirmed_non_admin,,,,no CoreMap or MIMU exact identity under township; keep as non-linked postal locality,02-postal-review-previews/4594ce0ee9c8.json
9324a1443334,1128002,1,အမှတ် (၂) ရပ်ကွက်,No (2) Quarter,၂,2,Cocokyun Township,ကိုကိုးကျွန်း မြို့နယ်,62cda449-1708-4491-8e4a-7ae7238b7a34,7440,ward,,,,,,,,no_exact,confirmed_non_admin,confirmed_non_admin,,,,no CoreMap or MIMU exact identity under township; keep as non-linked postal locality,02-postal-review-previews/9324a1443334.json
807440dda5db,1202235,1,ကျိုက်ထီးရိုးရင်ပြင်တော် ကျေးရွာအုပ်စု,Kyike Htee Yoe Yinpyintaw Village Tract,ကျိုက်ထီးရိုးရင်ပြင်တော်,kyikehteeyoeyinpyintaw,Kyaikto Township,ကျိုက်ထို မြို့နယ်,63d433c8-858f-40fc-a439-c100f242427e,5889,village_tract,,,,,,,,no_exact,confirmed_non_admin,confirmed_non_admin,,,,no CoreMap or MIMU exact identity under township; keep as non-linked postal locality,02-postal-review-previews/807440dda5db.json
c5795c663ea9,1202223,1,ကျောက်ကလပ် ကျေးရွာအုပ်စု,Kyauk Ka Lat Village Tract,ကျောက်ကလပ်,kyaukkalat,Kyaikto Township,ကျိုက်ထို မြို့နယ်,63d433c8-858f-40fc-a439-c100f242427e,5889,village_tract,,,,,,,,no_exact,confirmed_non_admin,confirmed_non_admin,,,,no CoreMap or MIMU exact identity under township; keep as non-linked postal locality,02-postal-review-previews/c5795c663ea9.json
e3c5af2ac723,1202222,1,သိမ်ဇရပ် ကျေးရွာအုပ်စု,Thein Za Yat Village Tract,သိမ်ဇရပ်,theinzayat,Kyaikto Township,ကျိုက်ထို မြို့နယ်,63d433c8-858f-40fc-a439-c100f242427e,5889,village_tract,,,,,,,,no_exact,confirmed_non_admin,confirmed_non_admin,,,,no CoreMap or MIMU exact identity under township; keep as non-linked postal locality,02-postal-review-previews/e3c5af2ac723.json
1fbc88cbdaeb,0702261,1,ကညင်တန်း(ခ)မြို့မကညင်တန်း ကျေးရွာအုပ်စု,Ka Nyin Tan (a) Myo Ma Ka Nyin Tan Village Tract,ကညင်တန်းခမကညင်တန်း,kanyintanamyomakanyintan,Maungdaw Township,မောင်တော မြို့နယ်,6620e7fe-f387-484d-8ebb-58f02975674e,6966,village_tract,,,,,,,,no_exact,confirmed_non_admin,confirmed_non_admin,,,,no CoreMap or MIMU exact identity under township; keep as non-linked postal locality,02-postal-review-previews/1fbc88cbdaeb.json
605533f3898c,0702262,1,မြို့သူကြီး ကျေးရွာအုပ်စု,Myo Thu Gyi Village Tract,သူကြီး,myothugyi,Maungdaw Township,မောင်တော မြို့နယ်,6620e7fe-f387-484d-8ebb-58f02975674e,6966,village_tract,,,,,,,,no_exact,confirmed_non_admin,confirmed_non_admin,,,,no CoreMap or MIMU exact identity under township; keep as non-linked postal locality,02-postal-review-previews/605533f3898c.json
4d3a6cdf046e,0702260,1,မြို့ဦး ကျေးရွာအုပ်စု,Myo U Village Tract,ဦး,myou,Maungdaw Township,မောင်တော မြို့နယ်,6620e7fe-f387-484d-8ebb-58f02975674e,6966,village_tract,,,,,,,,no_exact,confirmed_non_admin,confirmed_non_admin,,,,no CoreMap or MIMU exact identity under township; keep as non-linked postal locality,02-postal-review-previews/4d3a6cdf046e.json
7fad6c41a99a,0702007,1,ကညင်တန်း ရပ်ကွက်,Ka Nyin Tan Quarter,ကညင်တန်း,kanyintan,Maungdaw Township,မောင်တော မြို့နယ်,6620e7fe-f387-484d-8ebb-58f02975674e,6966,ward,,,,,,,,no_exact,confirmed_non_admin,confirmed_non_admin,,,,no CoreMap or MIMU exact identity under township; keep as non-linked postal locality,02-postal-review-previews/7fad6c41a99a.json
1c652e12982e,0702008,1,မောင်နီ ရပ်ကွက်,Maung Ni Quarter,မောင်နီ,maungni,Maungdaw Township,မောင်တော မြို့နယ်,6620e7fe-f387-484d-8ebb-58f02975674e,6966,ward,,,,,,,,no_exact,confirmed_non_admin,confirmed_non_admin,,,,no CoreMap or MIMU exact identity under township; keep as non-linked postal locality,02-postal-review-previews/1c652e12982e.json
6435d4ddc148,0702012,1,လက်သာ ရပ်ကွက်,Let Thar Quarter,လက်သာ,letthar,Maungdaw Township,မောင်တော မြို့နယ်,6620e7fe-f387-484d-8ebb-58f02975674e,6966,ward,,,,,,,,no_exact,confirmed_non_admin,confirmed_non_admin,,,,no CoreMap or MIMU exact identity under township; keep as non-linked postal locality,02-postal-review-previews/6435d4ddc148.json
2c303a1aa11e,0702010,1,ဝေသာလီ ရပ်ကွက်,Wai Thar Li Quarter,ဝေသာလီ,waitharli,Maungdaw Township,မောင်တော မြို့နယ်,6620e7fe-f387-484d-8ebb-58f02975674e,6966,ward,,,,,,,,no_exact,confirmed_non_admin,confirmed_non_admin,,,,no CoreMap or MIMU exact identity under township; keep as non-linked postal locality,02-postal-review-previews/2c303a1aa11e.json
bf9c7259df1b,0702009,1,မြို့သူကြီး ရပ်ကွက်,Myo Thu Gyi Quarter,သူကြီး,myothugyi,Maungdaw Township,မောင်တော မြို့နယ်,6620e7fe-f387-484d-8ebb-58f02975674e,6966,ward,,,,,,,,no_exact,confirmed_non_admin,confirmed_non_admin,,,,no CoreMap or MIMU exact identity under township; keep as non-linked postal locality,02-postal-review-previews/bf9c7259df1b.json
99df2fbafa02,0702011,1,မြို့ဦး ရပ်ကွက်,Myo U Quarter,ဦး,myou,Maungdaw Township,မောင်တော မြို့နယ်,6620e7fe-f387-484d-8ebb-58f02975674e,6966,ward,,,,,,,,no_exact,confirmed_non_admin,confirmed_non_admin,,,,no CoreMap or MIMU exact identity under township; keep as non-linked postal locality,02-postal-review-previews/99df2fbafa02.json
6d5a60d50eb8,0308001,1,အမှတ် (၁) ရပ်ကွက်,No (1) Quarter,၁,1,Kanpetlet Township,ကန်ပက်လက် မြို့နယ်,673e6f08-eaff-477b-bc3a-681598f36223,6949,ward,,,,,,,,no_exact,confirmed_non_admin,confirmed_non_admin,,,,no CoreMap or MIMU exact identity under township; keep as non-linked postal locality,02-postal-review-previews/6d5a60d50eb8.json
14a225b44c53,0308002,1,အမှတ် (၂) ရပ်ကွက်,No (2) Quarter,၂,2,Kanpetlet Township,ကန်ပက်လက် မြို့နယ်,673e6f08-eaff-477b-bc3a-681598f36223,6949,ward,,,,,,,,no_exact,confirmed_non_admin,confirmed_non_admin,,,,no CoreMap or MIMU exact identity under township; keep as non-linked postal locality,02-postal-review-previews/14a225b44c53.json
775cda6cb266,1667001,1,အမှတ် (၁) ရပ်ကွက်,No (1) Quarter,၁,1,Nam Tit Town,နမ့်တစ် မြို့,674ac567-6da8-4687-a9d8-b30ca8f11085,6430,ward,,,,,,,,no_exact,confirmed_non_admin,confirmed_non_admin,,,,no CoreMap or MIMU exact identity under township; keep as non-linked postal locality,02-postal-review-previews/775cda6cb266.json
5045b3001e7b,1667002,1,အမှတ် (၂) ရပ်ကွက်,No (2) Quarter,၂,2,Nam Tit Town,နမ့်တစ် မြို့,674ac567-6da8-4687-a9d8-b30ca8f11085,6430,ward,,,,,,,,no_exact,confirmed_non_admin,confirmed_non_admin,,,,no CoreMap or MIMU exact identity under township; keep as non-linked postal locality,02-postal-review-previews/5045b3001e7b.json
5e4bcd5a7ed5,1667003,1,အမှတ် (၃) ရပ်ကွက်,No (3) Quarter,၃,3,Nam Tit Town,နမ့်တစ် မြို့,674ac567-6da8-4687-a9d8-b30ca8f11085,6430,ward,,,,,,,,no_exact,confirmed_non_admin,confirmed_non_admin,,,,no CoreMap or MIMU exact identity under township; keep as non-linked postal locality,02-postal-review-previews/5e4bcd5a7ed5.json
7bfa7672e094,1667004,1,အမှတ် (၄) ရပ်ကွက်,No (4) Quarter,၄,4,Nam Tit Town,နမ့်တစ် မြို့,674ac567-6da8-4687-a9d8-b30ca8f11085,6430,ward,,,,,,,,no_exact,confirmed_non_admin,confirmed_non_admin,,,,no CoreMap or MIMU exact identity under township; keep as non-linked postal locality,02-postal-review-previews/7bfa7672e094.json
def3a6b3f43a,1667005,1,အမှတ် (၅) ရပ်ကွက်,No (5) Quarter,၅,5,Nam Tit Town,နမ့်တစ် မြို့,674ac567-6da8-4687-a9d8-b30ca8f11085,6430,ward,,,,,,,,no_exact,confirmed_non_admin,confirmed_non_admin,,,,no CoreMap or MIMU exact identity under township; keep as non-linked postal locality,02-postal-review-previews/def3a6b3f43a.json
c1cda80d5359,1408209,1,တောင်စုန်မတက်(ခေါ်)ချောင်းကတုန်း ကျေးရွာအုပ်စု,HtaungSonMaHet (‌a) ChaungKaTon Village Tract,တောင်စုန်မတက်ခေါ်ချောင်းကတုန်း,htaungsonmahetachaungkaton,Bokpyin Township,ဘုတ်ပြင်း မြို့နယ်,67cda726-bad7-47a7-bef8-042cd509690e,5035,village_tract,,,,,,,,no_exact,confirmed_non_admin,confirmed_non_admin,,,,no CoreMap or MIMU exact identity under township; keep as non-linked postal locality,02-postal-review-previews/c1cda80d5359.json
cb409e5ca199,1408205,1,အလယ်မန် ကျေးရွာအုပ်စု,AhLenMan Village Tract,အလယ်မန်,ahlenman,Bokpyin Township,ဘုတ်ပြင်း မြို့နယ်,67cda726-bad7-47a7-bef8-042cd509690e,5035,village_tract,,,,,,,,no_exact,confirmed_non_admin,confirmed_non_admin,,,,no CoreMap or MIMU exact identity under township; keep as non-linked postal locality,02-postal-review-previews/cb409e5ca199.json
e1e8531cc471,1408001,1,ရွှေဘုံသာ ရပ်ကွက်,Shwe Bon Thar Quarter,ရွှေဘုံသာ,shwebonthar,Bokpyin Township,ဘုတ်ပြင်း မြို့နယ်,67cda726-bad7-47a7-bef8-042cd509690e,5035,ward,,,,,,,,no_exact,confirmed_non_admin,confirmed_non_admin,,,,no CoreMap or MIMU exact identity under township; keep as non-linked postal locality,02-postal-review-previews/e1e8531cc471.json
4e69bd1e1f42,1408002,1,အောင်မင်္ဂလာ ရပ်ကွက်,Aung Min Ga Lar Quarter,အောင်မင်္ဂလာ,aungmingalar,Bokpyin Township,ဘုတ်ပြင်း မြို့နယ်,67cda726-bad7-47a7-bef8-042cd509690e,5035,ward,,,,,,,,no_exact,confirmed_non_admin,confirmed_non_admin,,,,no CoreMap or MIMU exact identity under township; keep as non-linked postal locality,02-postal-review-previews/4e69bd1e1f42.json
63773e8d7e02,0523253,1,ဝက်ကြီးအင်း ကျေးရွာအုပ်စု,Wet Gyi Inn Village Tract,ဝက်ကြီးအင်း,wetgyiinn,Nyaung-U Township,ညောင်ဦး မြို့နယ်,68baff1b-998c-4994-8244-2fe2d9f63b74,6905,village_tract,,,,,,,,no_exact,confirmed_non_admin,confirmed_non_admin,,,,no CoreMap or MIMU exact identity under township; keep as non-linked postal locality,02-postal-review-previews/63773e8d7e02.json
57ab19cf8b0c,0523001,1,အမှတ် (၁) ရပ်ကွက်,No (1) Quarter,၁,1,Nyaung-U Township,ညောင်ဦး မြို့နယ်,68baff1b-998c-4994-8244-2fe2d9f63b74,6905,ward,,,,,,,,no_exact,confirmed_non_admin,confirmed_non_admin,,,,no CoreMap or MIMU exact identity under township; keep as non-linked postal locality,02-postal-review-previews/57ab19cf8b0c.json
d48b7fe7748c,0523002,1,အမှတ် (၂) ရပ်ကွက်,No (2) Quarter,၂,2,Nyaung-U Township,ညောင်ဦး မြို့နယ်,68baff1b-998c-4994-8244-2fe2d9f63b74,6905,ward,,,,,,,,no_exact,confirmed_non_admin,confirmed_non_admin,,,,no CoreMap or MIMU exact identity under township; keep as non-linked postal locality,02-postal-review-previews/d48b7fe7748c.json
6ccf0651f146,0523003,1,အမှတ် (၃) ရပ်ကွက်,No (3) Quarter,၃,3,Nyaung-U Township,ညောင်ဦး မြို့နယ်,68baff1b-998c-4994-8244-2fe2d9f63b74,6905,ward,,,,,,,,no_exact,confirmed_non_admin,confirmed_non_admin,,,,no CoreMap or MIMU exact identity under township; keep as non-linked postal locality,02-postal-review-previews/6ccf0651f146.json
c02acdfa286d,0523004,1,အမှတ် (၄) ရပ်ကွက်,No (4) Quarter,၄,4,Nyaung-U Township,ညောင်ဦး မြို့နယ်,68baff1b-998c-4994-8244-2fe2d9f63b74,6905,ward,,,,,,,,no_exact,confirmed_non_admin,confirmed_non_admin,,,,no CoreMap or MIMU exact identity under township; keep as non-linked postal locality,02-postal-review-previews/c02acdfa286d.json
9c05a47038ef,0523005,1,အမှတ် (၅) ရပ်ကွက်,No (5) Quarter,၅,5,Nyaung-U Township,ညောင်ဦး မြို့နယ်,68baff1b-998c-4994-8244-2fe2d9f63b74,6905,ward,,,,,,,,no_exact,confirmed_non_admin,confirmed_non_admin,,,,no CoreMap or MIMU exact identity under township; keep as non-linked postal locality,02-postal-review-previews/9c05a47038ef.json
9c4a484b6886,0523006,1,အမှတ် (၆) ရပ်ကွက်,No (6) Quarter,၆,6,Nyaung-U Township,ညောင်ဦး မြို့နယ်,68baff1b-998c-4994-8244-2fe2d9f63b74,6905,ward,,,,,,,,no_exact,confirmed_non_admin,confirmed_non_admin,,,,no CoreMap or MIMU exact identity under township; keep as non-linked postal locality,02-postal-review-previews/9c4a484b6886.json
74f5e9a8fa93,0523007,1,အမှတ် (၇) ရပ်ကွက်,No (7) Quarter,၇,7,Nyaung-U Township,ညောင်ဦး မြို့နယ်,68baff1b-998c-4994-8244-2fe2d9f63b74,6905,ward,,,,,,,,no_exact,confirmed_non_admin,confirmed_non_admin,,,,no CoreMap or MIMU exact identity under township; keep as non-linked postal locality,02-postal-review-previews/74f5e9a8fa93.json
1f2f553f117b,1603226,1,နမ့်ယုံး ကျေးရွာအုပ်စု,Nam Yone Village Tract,နမ့်ယုံး,namyone,Mongyai Township,မိုင်းရယ် မြို့နယ်,68fdbb5b-be2b-46ce-902c-e797d59d2e18,6479,village_tract,,,,,,,,no_exact,confirmed_non_admin,confirmed_non_admin,,,,no CoreMap or MIMU exact identity under township; keep as non-linked postal locality,02-postal-review-previews/1f2f553f117b.json
f2ac50b6a830,1603225,1,နောင်အက် (ပန်ကောင်းမူး) ကျေးရွာအုပ်စု,Nawng Et (Pang Kawng Mu) Village Tract,နောင်အက်ပန်ကောင်းမူး,nawngetpangkawngmu,Mongyai Township,မိုင်းရယ် မြို့နယ်,68fdbb5b-be2b-46ce-902c-e797d59d2e18,6479,village_tract,,,,,,,,no_exact,confirmed_non_admin,confirmed_non_admin,,,,no CoreMap or MIMU exact identity under township; keep as non-linked postal locality,02-postal-review-previews/f2ac50b6a830.json
84c32c8f39a3,1603227,1,ဟတ်လုံတာဟုန်း ကျေးရွာအုပ်စု,Hat Long Tar Huong Village Tract,ဟတ်လုံတာဟုန်း,hatlongtarhuong,Mongyai Township,မိုင်းရယ် မြို့နယ်,68fdbb5b-be2b-46ce-902c-e797d59d2e18,6479,village_tract,,,,,,,,no_exact,confirmed_non_admin,confirmed_non_admin,,,,no CoreMap or MIMU exact identity under township; keep as non-linked postal locality,02-postal-review-previews/84c32c8f39a3.json
56fd33fcf3c3,0802233,1,ဖဒို ကျေးရွာအုပ်စု,Hpa Do Village Tract,ဖဒို,hpado,Kyauktaga Township,ကျောက်တံခါး မြို့နယ်,6a043b11-5d9c-4c73-ad46-a81d4fb6700d,5925,village_tract,,,,,,,,no_exact,confirmed_non_admin,confirmed_non_admin,,,,no CoreMap or MIMU exact identity under township; keep as non-linked postal locality,02-postal-review-previews/56fd33fcf3c3.json
6a6be77303ed,1021012,1,ကံ့ကော်မြိုင် ရပ်ကွက်,Kant Kaw Myaing Quarter,ကံ့ကော်မြိုင်,kantkawmyaing,Myaungmya Township,မြောင်းမြ မြို့နယ်,6a059dfe-9f09-4ccb-a201-19c9cc7e04f0,7335,ward,,,,,,,,no_exact,confirmed_non_admin,confirmed_non_admin,,,,no CoreMap or MIMU exact identity under township; keep as non-linked postal locality,02-postal-review-previews/6a6be77303ed.json
e44d99eb1f46,1021011,1,မရမ်းကုန်း ရပ်ကွက်,Ma Yan Kone Quarter,မရမ်းကုန်း,mayankone,Myaungmya Township,မြောင်းမြ မြို့နယ်,6a059dfe-9f09-4ccb-a201-19c9cc7e04f0,7335,ward,,,,,,,,no_exact,confirmed_non_admin,confirmed_non_admin,,,,no CoreMap or MIMU exact identity under township; keep as non-linked postal locality,02-postal-review-previews/e44d99eb1f46.json
f9e4fafc9c9c,1021013,1,မြကန်သာ ရပ်ကွက်,Mya Kan Thar Quarter,မြကန်သာ,myakanthar,Myaungmya Township,မြောင်းမြ မြို့နယ်,6a059dfe-9f09-4ccb-a201-19c9cc7e04f0,7335,ward,,,,,,,,no_exact,confirmed_non_admin,confirmed_non_admin,,,,no CoreMap or MIMU exact identity under township; keep as non-linked postal locality,02-postal-review-previews/f9e4fafc9c9c.json
1a3e39146e3b,1021015,1,မြစန္ဒာ ရပ်ကွက်,Mya Sandar Quarter,မြစန္ဒာ,myasandar,Myaungmya Township,မြောင်းမြ မြို့နယ်,6a059dfe-9f09-4ccb-a201-19c9cc7e04f0,7335,ward,,,,,,,,no_exact,confirmed_non_admin,confirmed_non_admin,,,,no CoreMap or MIMU exact identity under township; keep as non-linked postal locality,02-postal-review-previews/1a3e39146e3b.json
5cc1d9ab9f5f,1021014,1,မြရတနာ ရပ်ကွက်,Mya Ya Da Nar Quarter,မြရတနာ,myayadanar,Myaungmya Township,မြောင်းမြ မြို့နယ်,6a059dfe-9f09-4ccb-a201-19c9cc7e04f0,7335,ward,,,,,,,,no_exact,confirmed_non_admin,confirmed_non_admin,,,,no CoreMap or MIMU exact identity under township; keep as non-linked postal locality,02-postal-review-previews/5cc1d9ab9f5f.json
ebe0393af646,1021016,1,မြဟေမာ ရပ်ကွက်,Mya Hay Mar Quarter,မြဟေမာ,myahaymar,Myaungmya Township,မြောင်းမြ မြို့နယ်,6a059dfe-9f09-4ccb-a201-19c9cc7e04f0,7335,ward,,,,,,,,no_exact,confirmed_non_admin,confirmed_non_admin,,,,no CoreMap or MIMU exact identity under township; keep as non-linked postal locality,02-postal-review-previews/ebe0393af646.json
f348822226a6,1021001,1,အမှတ် (၁) ရပ်ကွက်,No (1) Quarter,၁,1,Myaungmya Township,မြောင်းမြ မြို့နယ်,6a059dfe-9f09-4ccb-a201-19c9cc7e04f0,7335,ward,,,,,,,,no_exact,confirmed_non_admin,confirmed_non_admin,,,,no CoreMap or MIMU exact identity under township; keep as non-linked postal locality,02-postal-review-previews/f348822226a6.json
ecf8774b151b,1021010,1,အမှတ် (၁၀) ရပ်ကွက်,No (10) Quarter,၁၀,10,Myaungmya Township,မြောင်းမြ မြို့နယ်,6a059dfe-9f09-4ccb-a201-19c9cc7e04f0,7335,ward,,,,,,,,no_exact,confirmed_non_admin,confirmed_non_admin,,,,no CoreMap or MIMU exact identity under township; keep as non-linked postal locality,02-postal-review-previews/ecf8774b151b.json
2c698869b220,1021002,1,အမှတ် (၂) ရပ်ကွက်,No (2) Quarter,၂,2,Myaungmya Township,မြောင်းမြ မြို့နယ်,6a059dfe-9f09-4ccb-a201-19c9cc7e04f0,7335,ward,,,,,,,,no_exact,confirmed_non_admin,confirmed_non_admin,,,,no CoreMap or MIMU exact identity under township; keep as non-linked postal locality,02-postal-review-previews/2c698869b220.json
38988cc408d0,1021003,1,အမှတ် (၃) ရပ်ကွက်,No (3) Quarter,၃,3,Myaungmya Township,မြောင်းမြ မြို့နယ်,6a059dfe-9f09-4ccb-a201-19c9cc7e04f0,7335,ward,,,,,,,,no_exact,confirmed_non_admin,confirmed_non_admin,,,,no CoreMap or MIMU exact identity under township; keep as non-linked postal locality,02-postal-review-previews/38988cc408d0.json
c4c7899449b3,1021004,1,အမှတ် (၄) ရပ်ကွက်,No (4) Quarter,၄,4,Myaungmya Township,မြောင်းမြ မြို့နယ်,6a059dfe-9f09-4ccb-a201-19c9cc7e04f0,7335,ward,,,,,,,,no_exact,confirmed_non_admin,confirmed_non_admin,,,,no CoreMap or MIMU exact identity under township; keep as non-linked postal locality,02-postal-review-previews/c4c7899449b3.json
fdf7aa9acdec,1021005,1,အမှတ် (၅) ရပ်ကွက်,No (5) Quarter,၅,5,Myaungmya Township,မြောင်းမြ မြို့နယ်,6a059dfe-9f09-4ccb-a201-19c9cc7e04f0,7335,ward,,,,,,,,no_exact,confirmed_non_admin,confirmed_non_admin,,,,no CoreMap or MIMU exact identity under township; keep as non-linked postal locality,02-postal-review-previews/fdf7aa9acdec.json
c725bbf5d786,1021006,1,အမှတ် (၆) ရပ်ကွက်,No (6) Quarter,၆,6,Myaungmya Township,မြောင်းမြ မြို့နယ်,6a059dfe-9f09-4ccb-a201-19c9cc7e04f0,7335,ward,,,,,,,,no_exact,confirmed_non_admin,confirmed_non_admin,,,,no CoreMap or MIMU exact identity under township; keep as non-linked postal locality,02-postal-review-previews/c725bbf5d786.json
1ff175a0a22e,1021007,1,အမှတ် (၇) ရပ်ကွက်,No (7) Quarter,၇,7,Myaungmya Township,မြောင်းမြ မြို့နယ်,6a059dfe-9f09-4ccb-a201-19c9cc7e04f0,7335,ward,,,,,,,,no_exact,confirmed_non_admin,confirmed_non_admin,,,,no CoreMap or MIMU exact identity under township; keep as non-linked postal locality,02-postal-review-previews/1ff175a0a22e.json
0e27d5544684,1021008,1,အမှတ် (၈) ရပ်ကွက်,No (8) Quarter,၈,8,Myaungmya Township,မြောင်းမြ မြို့နယ်,6a059dfe-9f09-4ccb-a201-19c9cc7e04f0,7335,ward,,,,,,,,no_exact,confirmed_non_admin,confirmed_non_admin,,,,no CoreMap or MIMU exact identity under township; keep as non-linked postal locality,02-postal-review-previews/0e27d5544684.json
27bb93f221c2,1021009,1,အမှတ် (၉) ရပ်ကွက်,No (9) Quarter,၉,9,Myaungmya Township,မြောင်းမြ မြို့နယ်,6a059dfe-9f09-4ccb-a201-19c9cc7e04f0,7335,ward,,,,,,,,no_exact,confirmed_non_admin,confirmed_non_admin,,,,no CoreMap or MIMU exact identity under township; keep as non-linked postal locality,02-postal-review-previews/27bb93f221c2.json
505eaa8b1d0c,1621240,1,ကောင်းနင် ကျေးရွာအုပ်စု,Kawng Nin Village Tract,ကောင်းနင်,kawngnin,Hopang Township,ဟိုပန် မြို့နယ်,6a9008c2-c205-4b58-8d95-2013115d10b0,6429,village_tract,,,,,,,,no_exact,confirmed_non_admin,confirmed_non_admin,,,,no CoreMap or MIMU exact identity under township; keep as non-linked postal locality,02-postal-review-previews/505eaa8b1d0c.json
bb755106406f,1621249,1,ကောမုန် ကျေးရွာအုပ်စု,Kaw Mon Village Tract,ကောမုန်,kawmon,Hopang Township,ဟိုပန် မြို့နယ်,6a9008c2-c205-4b58-8d95-2013115d10b0,6429,village_tract,,,,,,,,no_exact,confirmed_non_admin,confirmed_non_admin,,,,no CoreMap or MIMU exact identity under township; keep as non-linked postal locality,02-postal-review-previews/bb755106406f.json
7459635dbfa0,1621211,1,ရှီကန်ထို ကျေးရွာအုပ်စု,Shi Kan Hto Village Tract,ရှီကန်ထို,shikanhto,Hopang Township,ဟိုပန် မြို့နယ်,6a9008c2-c205-4b58-8d95-2013115d10b0,6429,village_tract,,,,,,,,no_exact,confirmed_non_admin,confirmed_non_admin,,,,no CoreMap or MIMU exact identity under township; keep as non-linked postal locality,02-postal-review-previews/7459635dbfa0.json
4bbfda71a353,0518010,1,ကြည်တော်ကုန်း ရပ်ကွက်,Kyi Taw Kone Quarter,ကြည်တော်ကုန်း,kyitawkone,Meiktila Township,မိတ္ထီလာ မြို့နယ်,6b70ffb5-9038-49b1-ae7f-684427d4c4d4,7051,ward,,,,,,,,no_exact,confirmed_non_admin,confirmed_non_admin,,,,no CoreMap or MIMU exact identity under township; keep as non-linked postal locality,02-postal-review-previews/4bbfda71a353.json
f0159d4b6406,0518012,1,ချည်စက် ရပ်ကွက်,Chi Set Quarter,ချည်စက်,chiset,Meiktila Township,မိတ္ထီလာ မြို့နယ်,6b70ffb5-9038-49b1-ae7f-684427d4c4d4,7051,ward,,,,,,,,no_exact,confirmed_non_admin,confirmed_non_admin,,,,no CoreMap or MIMU exact identity under township; keep as non-linked postal locality,02-postal-review-previews/f0159d4b6406.json
6dcc7ffddde2,0518003,1,နန်းတော်ကုန်း ရပ်ကွက်,Nan Taw Kone Quarter,နန်းတော်ကုန်း,nantawkone,Meiktila Township,မိတ္ထီလာ မြို့နယ်,6b70ffb5-9038-49b1-ae7f-684427d4c4d4,7051,ward,,,,,,,,no_exact,confirmed_non_admin,confirmed_non_admin,,,,no CoreMap or MIMU exact identity under township; keep as non-linked postal locality,02-postal-review-previews/6dcc7ffddde2.json
e90e0d94da3c,0518002,1,ပေါက်ချောင်း ရပ်ကွက်,Pauk Chaung Quarter,ပေါက်ချောင်း,paukchaung,Meiktila Township,မိတ္ထီလာ မြို့နယ်,6b70ffb5-9038-49b1-ae7f-684427d4c4d4,7051,ward,,,,,,,,no_exact,confirmed_non_admin,confirmed_non_admin,,,,no CoreMap or MIMU exact identity under township; keep as non-linked postal locality,02-postal-review-previews/e90e0d94da3c.json
211c9651db20,0518013,1,ပြည်သာယာ (တောင်) ရပ်ကွက်,Pyi Thar Yar (South) Quarter,ပြည်သာယာတောင်,pyitharyarsouth,Meiktila Township,မိတ္ထီလာ မြို့နယ်,6b70ffb5-9038-49b1-ae7f-684427d4c4d4,7051,ward,,,,,,,,no_exact,confirmed_non_admin,confirmed_non_admin,,,,no CoreMap or MIMU exact identity under township; keep as non-linked postal locality,02-postal-review-previews/211c9651db20.json
d0794158f256,0518014,1,ပြည်သာယာ (မြောက်) ရပ်ကွက်,Pyi Thar Yar  (North) Quarter,ပြည်သာယာမြောက်,pyitharyarnorth,Meiktila Township,မိတ္ထီလာ မြို့နယ်,6b70ffb5-9038-49b1-ae7f-684427d4c4d4,7051,ward,,,,,,,,no_exact,confirmed_non_admin,confirmed_non_admin,,,,no CoreMap or MIMU exact identity under township; keep as non-linked postal locality,02-postal-review-previews/d0794158f256.json
034445d00148,0518004,1,မြို့မ ရပ်ကွက်,Myo Ma Quarter,မ,myoma,Meiktila Township,မိတ္ထီလာ မြို့နယ်,6b70ffb5-9038-49b1-ae7f-684427d4c4d4,7051,ward,,,,,,,,no_exact,confirmed_non_admin,confirmed_non_admin,,,,no CoreMap or MIMU exact identity under township; keep as non-linked postal locality,02-postal-review-previews/034445d00148.json
f8f89e4b6687,0518006,1,ရတနာမာန်အောင် ရပ်ကွက်,Ya Da Nar Man Aung Quarter,ရတနာမာန်အောင်,yadanarmanaung,Meiktila Township,မိတ္ထီလာ မြို့နယ်,6b70ffb5-9038-49b1-ae7f-684427d4c4d4,7051,ward,,,,,,,,no_exact,confirmed_non_admin,confirmed_non_admin,,,,no CoreMap or MIMU exact identity under township; keep as non-linked postal locality,02-postal-review-previews/f8f89e4b6687.json
71cc01c12184,0518009,1,ရန်မျိုးအောင် ရပ်ကွက်,Yan Myo Aung Quarter,ရန်မျိုးအောင်,yanmyoaung,Meiktila Township,မိတ္ထီလာ မြို့နယ်,6b70ffb5-9038-49b1-ae7f-684427d4c4d4,7051,ward,,,,,,,,no_exact,confirmed_non_admin,confirmed_non_admin,,,,no CoreMap or MIMU exact identity under township; keep as non-linked postal locality,02-postal-review-previews/71cc01c12184.json
97263f035583,0518008,1,ဝန်းဇင်း ရပ်ကွက်,Wun Zin Quarter,ဝန်းဇင်း,wunzin,Meiktila Township,မိတ္ထီလာ မြို့နယ်,6b70ffb5-9038-49b1-ae7f-684427d4c4d4,7051,ward,,,,,,,,no_exact,confirmed_non_admin,confirmed_non_admin,,,,no CoreMap or MIMU exact identity under township; keep as non-linked postal locality,02-postal-review-previews/97263f035583.json
a51606a81c1c,0518011,1,သီရိမင်္ဂလာ ရပ်ကွက်,Thi Ri Min Ga Lar Quarter,သီရိမင်္ဂလာ,thirimingalar,Meiktila Township,မိတ္ထီလာ မြို့နယ်,6b70ffb5-9038-49b1-ae7f-684427d4c4d4,7051,ward,,,,,,,,no_exact,confirmed_non_admin,confirmed_non_admin,,,,no CoreMap or MIMU exact identity under township; keep as non-linked postal locality,02-postal-review-previews/a51606a81c1c.json
406eb414e4bc,0518005,1,အရှေ့ပြင် ရပ်ကွက်,Ah Shey Pyin Quarter,အရှေ့ပြင်,ahsheypyin,Meiktila Township,မိတ္ထီလာ မြို့နယ်,6b70ffb5-9038-49b1-ae7f-684427d4c4d4,7051,ward,,,,,,,,no_exact,confirmed_non_admin,confirmed_non_admin,,,,no CoreMap or MIMU exact identity under township; keep as non-linked postal locality,02-postal-review-previews/406eb414e4bc.json
f00c713fda98,0518001,1,အောင်ဆန်း ရပ်ကွက်,Aung San Quarter,အောင်ဆန်း,aungsan,Meiktila Township,မိတ္ထီလာ မြို့နယ်,6b70ffb5-9038-49b1-ae7f-684427d4c4d4,7051,ward,,,,,,,,no_exact,confirmed_non_admin,confirmed_non_admin,,,,no CoreMap or MIMU exact identity under township; keep as non-linked postal locality,02-postal-review-previews/f00c713fda98.json
ceefee2815c9,0518007,1,အောင်ဇေယျာ ရပ်ကွက်,Aung Zay Yar Quarter,အောင်ဇေယျာ,aungzayyar,Meiktila Township,မိတ္ထီလာ မြို့နယ်,6b70ffb5-9038-49b1-ae7f-684427d4c4d4,7051,ward,,,,,,,,no_exact,confirmed_non_admin,confirmed_non_admin,,,,no CoreMap or MIMU exact identity under township; keep as non-linked postal locality,02-postal-review-previews/ceefee2815c9.json
56c8615dedbd,1207231,1,ညောင်ပင်ဆိပ် ကျေးရွာအုပ်စု,Nyaung Pin Seik Village Tract,ညောင်ပင်ဆိပ်,nyaungpinseik,Kyaikmaraw Township,ကျိုက်မရော မြို့နယ်,6bdcc294-f22a-4a66-815e-2489af10ae52,5098,village_tract,,,,,,,,no_exact,confirmed_non_admin,confirmed_non_admin,,,,no CoreMap or MIMU exact identity under township; keep as non-linked postal locality,02-postal-review-previews/56c8615dedbd.json
6099743057e0,1207004,1,အောင်သုခ ရပ်ကွက်,Aung Thu Kha Quarter,အောင်သုခ,aungthukha,Kyaikmaraw Township,ကျိုက်မရော မြို့နယ်,6bdcc294-f22a-4a66-815e-2489af10ae52,5098,ward,,,,,,,,no_exact,confirmed_non_admin,confirmed_non_admin,,,,no CoreMap or MIMU exact identity under township; keep as non-linked postal locality,02-postal-review-previews/6099743057e0.json
ac603135dedf,1304001,1,(က) ရပ်ကွက်,(Ka Gyi) Quarter,က,kagyi,Hlaingbwe Township,လှိုင်းဘွဲ့ မြို့နယ်,6d850154-f201-4725-b742-0d2e26b3b98f,5880,ward,,,,,,,,no_exact,confirmed_non_admin,confirmed_non_admin,,,,no CoreMap or MIMU exact identity under township; keep as non-linked postal locality,02-postal-review-previews/ac603135dedf.json
01d95da65937,1304002,1,(ခ) ရပ်ကွက်,(Kha Gway) Quarter,ခ,khagway,Hlaingbwe Township,လှိုင်းဘွဲ့ မြို့နယ်,6d850154-f201-4725-b742-0d2e26b3b98f,5880,ward,,,,,,,,no_exact,confirmed_non_admin,confirmed_non_admin,,,,no CoreMap or MIMU exact identity under township; keep as non-linked postal locality,02-postal-review-previews/01d95da65937.json
fb58a6392863,1304003,1,(ဂ) ရပ်ကွက်,(Ga Nge) Quarter,ဂ,gange,Hlaingbwe Township,လှိုင်းဘွဲ့ မြို့နယ်,6d850154-f201-4725-b742-0d2e26b3b98f,5880,ward,,,,,,,,no_exact,confirmed_non_admin,confirmed_non_admin,,,,no CoreMap or MIMU exact identity under township; keep as non-linked postal locality,02-postal-review-previews/fb58a6392863.json
8f3b50063151,1304004,1,(ဃ) ရပ်ကွက်,(Ga Gyi) Quarter,ဃ,gagyi,Hlaingbwe Township,လှိုင်းဘွဲ့ မြို့နယ်,6d850154-f201-4725-b742-0d2e26b3b98f,5880,ward,,,,,,,,no_exact,confirmed_non_admin,confirmed_non_admin,,,,no CoreMap or MIMU exact identity under township; keep as non-linked postal locality,02-postal-review-previews/8f3b50063151.json
c42803435f4b,1004201,1,သပြေကုန်း ကျေးရွာအုပ်စု,ha Pyay Kone Village Tract,သပြေကုန်း,hapyaykone,Myanaung Township,မြန်အောင် မြို့နယ်,6df41163-6032-4152-83bf-9f3f960eef7b,6767,village_tract,7964;7965,98f46372-8ff3-4b6e-9e78-7c1853b21ab1;f902479c-b6c5-4f6e-9055-c1f4e0fefefd,သပြေကုန်း / Tha Pyay Kone || သပြေကုန်း / Tha Pyay Kone (2)/ Tha Pyay Kone,mm=[];en=[] || mm=[];en=[],village_tract|parent=6df41163-6032-4152-83bf-9f3f960eef7b || village_tract|parent=6df41163-6032-4152-83bf-9f3f960eef7b,7964/98f46372-8ff3-4b6e-9e78-7c1853b21ab1:village_tract:သပြေကုန်း/Tha Pyay Kone(aliases_mm=;aliases_en=) || 7965/f902479c-b6c5-4f6e-9055-c1f4e0fefefd:village_tract:သပြေကုန်း/Tha Pyay Kone (2)/ Tha Pyay Kone(aliases_mm=;aliases_en=),MMR017011002:Tha Pyay Kone/သပြေကုန်း;MMR017011039:Tha Pyay Kone (2)/ Tha Pyay Kone/သပြေကုန်း,multiple_candidates,confirmed_non_admin,confirmed_non_admin,,,,multiple candidates / conflict; no unique exact proof,02-postal-review-previews/c42803435f4b.json
6fa667480dd4,1004238,1,သပြေကုန်း ကျေးရွာအုပ်စု,Tha Pyay Kone (2)/ Tha Pyay Kone Village Tract,သပြေကုန်း,thapyaykone2thapyaykone,Myanaung Township,မြန်အောင် မြို့နယ်,6df41163-6032-4152-83bf-9f3f960eef7b,6767,village_tract,7965,f902479c-b6c5-4f6e-9055-c1f4e0fefefd,သပြေကုန်း / Tha Pyay Kone (2)/ Tha Pyay Kone,mm=[];en=[],village_tract|parent=6df41163-6032-4152-83bf-9f3f960eef7b,7965/f902479c-b6c5-4f6e-9055-c1f4e0fefefd:village_tract:သပြေကုန်း/Tha Pyay Kone (2)/ Tha Pyay Kone(aliases_mm=;aliases_en=),MMR017011002:Tha Pyay Kone/သပြေကုန်း;MMR017011039:Tha Pyay Kone (2)/ Tha Pyay Kone/သပြေကုန်း,unique_exact_bilingual,link_existing,link_existing,f902479c-b6c5-4f6e-9055-c1f4e0fefefd,,,unique exact bilingual identity → f902479c-b6c5-4f6e-9055-c1f4e0fefefd,02-postal-review-previews/6fa667480dd4.json
b8c799d3d64d,0606210,1,ကယော ကျေးရွာအုပ်စု,Kayaw Village Tract,ကယော,kayaw,Pekon Township,ဖယ်ခုံ မြို့နယ်,6f539d20-6386-4822-98f2-83acecdad2b7,6039,village_tract,,,,,,,,no_exact,confirmed_non_admin,confirmed_non_admin,,,,no CoreMap or MIMU exact identity under township; keep as non-linked postal locality,02-postal-review-previews/b8c799d3d64d.json
e15b5fe869a3,0606211,1,နောင်လိုင် ကျေးရွာအုပ်စု,Pekon(Naung Hlaing) Village Tract,နောင်လိုင်,pekonnaunghlaing,Pekon Township,ဖယ်ခုံ မြို့နယ်,6f539d20-6386-4822-98f2-83acecdad2b7,6039,village_tract,,,,,,,,no_exact,confirmed_non_admin,confirmed_non_admin,,,,no CoreMap or MIMU exact identity under township; keep as non-linked postal locality,02-postal-review-previews/e15b5fe869a3.json
0b235080b005,0606006,1,ဈေးတန်း ရပ်ကွက်,Zay Tan Quarter,ဈေးတန်း,zaytan,Pekon Township,ဖယ်ခုံ မြို့နယ်,6f539d20-6386-4822-98f2-83acecdad2b7,6039,ward,,,,,,,,no_exact,confirmed_non_admin,confirmed_non_admin,,,,no CoreMap or MIMU exact identity under township; keep as non-linked postal locality,02-postal-review-previews/0b235080b005.json
41e27b24fc48,0902202,1,နန်းမယ်ခုံ ကျေးရွာအုပ်စု,Nan Mei Khon Village Tract,နန်းမယ်ခုံ,nanmeikhon,Demoso Township,ဒီးမော့ဆို မြို့နယ်,6feb9a2a-9848-4841-9231-f4b29c9b0594,6015,village_tract,,,,,,,,no_exact,confirmed_non_admin,confirmed_non_admin,,,,no CoreMap or MIMU exact identity under township; keep as non-linked postal locality,02-postal-review-previews/41e27b24fc48.json
491ee75365bf,0902001,1,မြို့မ ရပ်ကွက်,Myo Ma Quarter,မ,myoma,Demoso Township,ဒီးမော့ဆို မြို့နယ်,6feb9a2a-9848-4841-9231-f4b29c9b0594,6015,ward,,,,,,,,no_exact,confirmed_non_admin,confirmed_non_admin,,,,no CoreMap or MIMU exact identity under township; keep as non-linked postal locality,02-postal-review-previews/491ee75365bf.json
0251ba05c98d,0301216,1,ဆူရ်ခွား ကျေးရွာအုပ်စု,Surkhua Village Tract,ဆူရ်ခွား,surkhua,Hakha Township,ဟားခါး မြို့နယ်,70cdaaf1-3d52-4cde-86e8-2f1f8b622f49,6743,village_tract,,,,,,,,no_exact,confirmed_non_admin,confirmed_non_admin,,,,no CoreMap or MIMU exact identity under township; keep as non-linked postal locality,02-postal-review-previews/0251ba05c98d.json
7ad9a1537bbf,0301004,1,ကျောဘုတ် ရပ်ကွက်,Kyaw Boke Quarter,ကျောဘုတ်,kyawboke,Hakha Township,ဟားခါး မြို့နယ်,70cdaaf1-3d52-4cde-86e8-2f1f8b622f49,6743,ward,,,,,,,,no_exact,confirmed_non_admin,confirmed_non_admin,,,,no CoreMap or MIMU exact identity under township; keep as non-linked postal locality,02-postal-review-previews/7ad9a1537bbf.json
bafa46bdfa23,0301002,1,ဈေးသစ် ရပ်ကွက်,Zay Thit Quarter,ဈေးသစ်,zaythit,Hakha Township,ဟားခါး မြို့နယ်,70cdaaf1-3d52-4cde-86e8-2f1f8b622f49,6743,ward,,,,,,,,no_exact,confirmed_non_admin,confirmed_non_admin,,,,no CoreMap or MIMU exact identity under township; keep as non-linked postal locality,02-postal-review-previews/bafa46bdfa23.json
008caafa53ea,0301001,1,ဈေးဟောင်း ရပ်ကွက်,Zay Haung Quarter,ဈေးဟောင်း,zayhaung,Hakha Township,ဟားခါး မြို့နယ်,70cdaaf1-3d52-4cde-86e8-2f1f8b622f49,6743,ward,,,,,,,,no_exact,confirmed_non_admin,confirmed_non_admin,,,,no CoreMap or MIMU exact identity under township; keep as non-linked postal locality,02-postal-review-previews/008caafa53ea.json
343efb4d9836,0301003,1,ပြည်တော်သာ ရပ်ကွက်,Pyi Taw Thar Quarter,ပြည်တော်သာ,pyitawthar,Hakha Township,ဟားခါး မြို့နယ်,70cdaaf1-3d52-4cde-86e8-2f1f8b622f49,6743,ward,,,,,,,,no_exact,confirmed_non_admin,confirmed_non_admin,,,,no CoreMap or MIMU exact identity under township; keep as non-linked postal locality,02-postal-review-previews/343efb4d9836.json
0b1fef50abbf,0301006,1,မြို့သစ် ရပ်ကွက်,Myo Thit Quarter,သစ်,myothit,Hakha Township,ဟားခါး မြို့နယ်,70cdaaf1-3d52-4cde-86e8-2f1f8b622f49,6743,ward,,,,,,,,no_exact,confirmed_non_admin,confirmed_non_admin,,,,no CoreMap or MIMU exact identity under township; keep as non-linked postal locality,02-postal-review-previews/0b1fef50abbf.json
b40a4ba057cd,0301007,1,ဟားခါးထာရ် (၁) ရပ်ကွက်,Hakha Htar (1) Quarter,ဟားခါးထာရ်၁,hakhahtar1,Hakha Township,ဟားခါး မြို့နယ်,70cdaaf1-3d52-4cde-86e8-2f1f8b622f49,6743,ward,,,,,,,,no_exact,confirmed_non_admin,confirmed_non_admin,,,,no CoreMap or MIMU exact identity under township; keep as non-linked postal locality,02-postal-review-previews/b40a4ba057cd.json
7416a95490b0,0301008,1,ဟားခါးထာရ် (၂) ရပ်ကွက်,Hakha Htar (2) Quarter,ဟားခါးထာရ်၂,hakhahtar2,Hakha Township,ဟားခါး မြို့နယ်,70cdaaf1-3d52-4cde-86e8-2f1f8b622f49,6743,ward,,,,,,,,no_exact,confirmed_non_admin,confirmed_non_admin,,,,no CoreMap or MIMU exact identity under township; keep as non-linked postal locality,02-postal-review-previews/7416a95490b0.json
0039746618f1,0301005,1,မြို့ဟောင်း ရပ်ကွက်,Myo Haung Quarter,ဟောင်း,myohaung,Hakha Township,ဟားခါး မြို့နယ်,70cdaaf1-3d52-4cde-86e8-2f1f8b622f49,6743,ward,,,,,,,,no_exact,confirmed_non_admin,confirmed_non_admin,,,,no CoreMap or MIMU exact identity under township; keep as non-linked postal locality,02-postal-review-previews/0039746618f1.json
58bfc87fc2c4,0713229,1,စပါးတုံ ကျေးရွာအုပ်စု,Sa Par Ton Village Tract,စပါးတုံ,saparton,Ramree Township,ရမ်းဗြဲ မြို့နယ်,73a6ff73-0d1a-4839-b932-af06688c50f9,7184,village_tract,,,,,,,,no_exact,confirmed_non_admin,confirmed_non_admin,,,,no CoreMap or MIMU exact identity under township; keep as non-linked postal locality,02-postal-review-previews/58bfc87fc2c4.json
9f85eaeb54d1,0713227,1,ဇရပ်ပြင် ကျေးရွာအုပ်စု,Za Yat Pyin Village Tract,ဇရပ်ပြင်,zayatpyin,Ramree Township,ရမ်းဗြဲ မြို့နယ်,73a6ff73-0d1a-4839-b932-af06688c50f9,7184,village_tract,,,,,,,,no_exact,confirmed_non_admin,confirmed_non_admin,,,,no CoreMap or MIMU exact identity under township; keep as non-linked postal locality,02-postal-review-previews/9f85eaeb54d1.json
232a32daf2ba,0713228,1,သရက်ချို ကျေးရွာအုပ်စု,Tha Yet Cho Village Tract,သရက်ချို,thayetcho,Ramree Township,ရမ်းဗြဲ မြို့နယ်,73a6ff73-0d1a-4839-b932-af06688c50f9,7184,village_tract,,,,,,,,no_exact,confirmed_non_admin,confirmed_non_admin,,,,no CoreMap or MIMU exact identity under township; keep as non-linked postal locality,02-postal-review-previews/232a32daf2ba.json
2fbfeeebb239,1208223,1,ကမာဝက် ကျေးရွာအုပ်စု,Ka Mar Wet Village Tract,ကမာဝက်,kamarwet,Mudon Township,မုဒုံ မြို့နယ်,741fa2dc-d4f8-4cac-8983-6069d8b5c88c,5108,village_tract,,,,,,,,no_exact,confirmed_non_admin,confirmed_non_admin,,,,no CoreMap or MIMU exact identity under township; keep as non-linked postal locality,02-postal-review-previews/2fbfeeebb239.json
3b3f19ab789e,1208221,1,ဂုံညင်းတန်း ကျေးရွာအုပ်စု,Gon Hnyin Tan Village Tract,ဂုံညင်းတန်း,gonhnyintan,Mudon Township,မုဒုံ မြို့နယ်,741fa2dc-d4f8-4cac-8983-6069d8b5c88c,5108,village_tract,,,,,,,,no_exact,confirmed_non_admin,confirmed_non_admin,,,,no CoreMap or MIMU exact identity under township; keep as non-linked postal locality,02-postal-review-previews/3b3f19ab789e.json
2742bcb6f03b,1208225,1,စိန်တောင် ကျေးရွာအုပ်စု,Sein Taung Village Tract,စိန်တောင်,seintaung,Mudon Township,မုဒုံ မြို့နယ်,741fa2dc-d4f8-4cac-8983-6069d8b5c88c,5108,village_tract,,,,,,,,no_exact,confirmed_non_admin,confirmed_non_admin,,,,no CoreMap or MIMU exact identity under township; keep as non-linked postal locality,02-postal-review-previews/2742bcb6f03b.json
0119cfb347da,1208224,1,ထောင်ကေး ကျေးရွာအုပ်စု,Htaung Kay Village Tract,ထောင်ကေး,htaungkay,Mudon Township,မုဒုံ မြို့နယ်,741fa2dc-d4f8-4cac-8983-6069d8b5c88c,5108,village_tract,,,,,,,,no_exact,confirmed_non_admin,confirmed_non_admin,,,,no CoreMap or MIMU exact identity under township; keep as non-linked postal locality,02-postal-review-previews/0119cfb347da.json
2c2e28853c5c,1208222,1,သိမ်ကုန်း ကျေးရွာအုပ်စု,Thein Kone Village Tract,သိမ်ကုန်း,theinkone,Mudon Township,မုဒုံ မြို့နယ်,741fa2dc-d4f8-4cac-8983-6069d8b5c88c,5108,village_tract,,,,,,,,no_exact,confirmed_non_admin,confirmed_non_admin,,,,no CoreMap or MIMU exact identity under township; keep as non-linked postal locality,02-postal-review-previews/2c2e28853c5c.json
50d3302818e7,0508234,1,ဖေါင်းတော ကျေးရွာအုပ်စု,Myo Haung Kone (Hpaung Taw) Village Tract,ဖေါင်းတော,myohaungkonehpaungtaw,Pyinoolwin Township,ပြင်ဦးလွင် မြို့နယ်,776f0afa-d089-4aeb-84cf-9d1c24d95100,6536,village_tract,,,,,,,,no_exact,confirmed_non_admin,confirmed_non_admin,,,,no CoreMap or MIMU exact identity under township; keep as non-linked postal locality,02-postal-review-previews/50d3302818e7.json
af324cca27c2,0508001,1,ရပ်ကွက်ကြီး (၁) ရပ်ကွက်,Yat Kwet Gyi (1) Ward Quarter,ကြီး၁,yatkwetgyi1,Pyinoolwin Township,ပြင်ဦးလွင် မြို့နယ်,776f0afa-d089-4aeb-84cf-9d1c24d95100,6536,ward,,,,,,,,no_exact,confirmed_non_admin,confirmed_non_admin,,,,no CoreMap or MIMU exact identity under township; keep as non-linked postal locality,02-postal-review-previews/af324cca27c2.json
2e3d90b97c75,0508010,1,ရပ်ကွက်ကြီး (၁၀) ရပ်ကွက်,Yat Kwet Gyi (10) Ward Quarter,ကြီး၁၀,yatkwetgyi10,Pyinoolwin Township,ပြင်ဦးလွင် မြို့နယ်,776f0afa-d089-4aeb-84cf-9d1c24d95100,6536,ward,,,,,,,,no_exact,confirmed_non_admin,confirmed_non_admin,,,,no CoreMap or MIMU exact identity under township; keep as non-linked postal locality,02-postal-review-previews/2e3d90b97c75.json
739bfa29aba7,0508011,1,ရပ်ကွက်ကြီး (၁၁) ရပ်ကွက်,Yat Kwet Gyi (11) Ward Quarter,ကြီး၁၁,yatkwetgyi11,Pyinoolwin Township,ပြင်ဦးလွင် မြို့နယ်,776f0afa-d089-4aeb-84cf-9d1c24d95100,6536,ward,,,,,,,,no_exact,confirmed_non_admin,confirmed_non_admin,,,,no CoreMap or MIMU exact identity under township; keep as non-linked postal locality,02-postal-review-previews/739bfa29aba7.json
bc4b34eed2f9,0508012,1,ရပ်ကွက်ကြီး (၁၂) ရပ်ကွက်,Yat Kwet Gyi (12) Ward Quarter,ကြီး၁၂,yatkwetgyi12,Pyinoolwin Township,ပြင်ဦးလွင် မြို့နယ်,776f0afa-d089-4aeb-84cf-9d1c24d95100,6536,ward,,,,,,,,no_exact,confirmed_non_admin,confirmed_non_admin,,,,no CoreMap or MIMU exact identity under township; keep as non-linked postal locality,02-postal-review-previews/bc4b34eed2f9.json
1d303c823ae2,0508013,1,ရပ်ကွက်ကြီး (၁၃) ရပ်ကွက်,Yat Kwet Gyi (13) Ward Quarter,ကြီး၁၃,yatkwetgyi13,Pyinoolwin Township,ပြင်ဦးလွင် မြို့နယ်,776f0afa-d089-4aeb-84cf-9d1c24d95100,6536,ward,,,,,,,,no_exact,confirmed_non_admin,confirmed_non_admin,,,,no CoreMap or MIMU exact identity under township; keep as non-linked postal locality,02-postal-review-previews/1d303c823ae2.json
d5060a17a2ca,0508014,1,ရပ်ကွက်ကြီး (၁၄) ရပ်ကွက်,Yat Kwet Gyi (14) Ward Quarter,ကြီး၁၄,yatkwetgyi14,Pyinoolwin Township,ပြင်ဦးလွင် မြို့နယ်,776f0afa-d089-4aeb-84cf-9d1c24d95100,6536,ward,,,,,,,,no_exact,confirmed_non_admin,confirmed_non_admin,,,,no CoreMap or MIMU exact identity under township; keep as non-linked postal locality,02-postal-review-previews/d5060a17a2ca.json
2f1821441447,0508015,1,ရပ်ကွက်ကြီး (၁၅) ရပ်ကွက်,Yat Kwet Gyi (15) Ward Quarter,ကြီး၁၅,yatkwetgyi15,Pyinoolwin Township,ပြင်ဦးလွင် မြို့နယ်,776f0afa-d089-4aeb-84cf-9d1c24d95100,6536,ward,,,,,,,,no_exact,confirmed_non_admin,confirmed_non_admin,,,,no CoreMap or MIMU exact identity under township; keep as non-linked postal locality,02-postal-review-previews/2f1821441447.json
efb88d742487,0508016,1,ရပ်ကွက်ကြီး (၁၆) ရပ်ကွက်,Yat Kwet Gyi (16) Ward Quarter,ကြီး၁၆,yatkwetgyi16,Pyinoolwin Township,ပြင်ဦးလွင် မြို့နယ်,776f0afa-d089-4aeb-84cf-9d1c24d95100,6536,ward,,,,,,,,no_exact,confirmed_non_admin,confirmed_non_admin,,,,no CoreMap or MIMU exact identity under township; keep as non-linked postal locality,02-postal-review-previews/efb88d742487.json
4aa7e678e762,0508017,1,ရပ်ကွက်ကြီး (၁၇) ရပ်ကွက်,Yat Kwet Gyi (17) Ward Quarter,ကြီး၁၇,yatkwetgyi17,Pyinoolwin Township,ပြင်ဦးလွင် မြို့နယ်,776f0afa-d089-4aeb-84cf-9d1c24d95100,6536,ward,,,,,,,,no_exact,confirmed_non_admin,confirmed_non_admin,,,,no CoreMap or MIMU exact identity under township; keep as non-linked postal locality,02-postal-review-previews/4aa7e678e762.json
6f6a5e1d1d6c,0508018,1,ရပ်ကွက်ကြီး (၁၈) ရပ်ကွက်,Yat Kwet Gyi (18) Ward Quarter,ကြီး၁၈,yatkwetgyi18,Pyinoolwin Township,ပြင်ဦးလွင် မြို့နယ်,776f0afa-d089-4aeb-84cf-9d1c24d95100,6536,ward,,,,,,,,no_exact,confirmed_non_admin,confirmed_non_admin,,,,no CoreMap or MIMU exact identity under township; keep as non-linked postal locality,02-postal-review-previews/6f6a5e1d1d6c.json
6deb30cfe549,0508019,1,ရပ်ကွက်ကြီး (၁၉) ရပ်ကွက်,Yat Kwet Gyi (19) Ward Quarter,ကြီး၁၉,yatkwetgyi19,Pyinoolwin Township,ပြင်ဦးလွင် မြို့နယ်,776f0afa-d089-4aeb-84cf-9d1c24d95100,6536,ward,,,,,,,,no_exact,confirmed_non_admin,confirmed_non_admin,,,,no CoreMap or MIMU exact identity under township; keep as non-linked postal locality,02-postal-review-previews/6deb30cfe549.json
b003957017ff,0508002,1,ရပ်ကွက်ကြီး (၂) ရပ်ကွက်,Yat Kwet Gyi (2) Ward Quarter,ကြီး၂,yatkwetgyi2,Pyinoolwin Township,ပြင်ဦးလွင် မြို့နယ်,776f0afa-d089-4aeb-84cf-9d1c24d95100,6536,ward,,,,,,,,no_exact,confirmed_non_admin,confirmed_non_admin,,,,no CoreMap or MIMU exact identity under township; keep as non-linked postal locality,02-postal-review-previews/b003957017ff.json
6bc969a6d203,0508020,1,ရပ်ကွက်ကြီး (၂၀) ရပ်ကွက်,Yat Kwet Gyi (20) Ward Quarter,ကြီး၂၀,yatkwetgyi20,Pyinoolwin Township,ပြင်ဦးလွင် မြို့နယ်,776f0afa-d089-4aeb-84cf-9d1c24d95100,6536,ward,,,,,,,,no_exact,confirmed_non_admin,confirmed_non_admin,,,,no CoreMap or MIMU exact identity under township; keep as non-linked postal locality,02-postal-review-previews/6bc969a6d203.json
b2fa46bb0fe5,0508021,1,ရပ်ကွက်ကြီး (၂၁) ရပ်ကွက်,Yat Kwet Gyi (21) Ward Quarter,ကြီး၂၁,yatkwetgyi21,Pyinoolwin Township,ပြင်ဦးလွင် မြို့နယ်,776f0afa-d089-4aeb-84cf-9d1c24d95100,6536,ward,,,,,,,,no_exact,confirmed_non_admin,confirmed_non_admin,,,,no CoreMap or MIMU exact identity under township; keep as non-linked postal locality,02-postal-review-previews/b2fa46bb0fe5.json
f947da0883a4,0508003,1,ရပ်ကွက်ကြီး (၃) ရပ်ကွက်,Yat Kwet Gyi (3) Ward Quarter,ကြီး၃,yatkwetgyi3,Pyinoolwin Township,ပြင်ဦးလွင် မြို့နယ်,776f0afa-d089-4aeb-84cf-9d1c24d95100,6536,ward,,,,,,,,no_exact,confirmed_non_admin,confirmed_non_admin,,,,no CoreMap or MIMU exact identity under township; keep as non-linked postal locality,02-postal-review-previews/f947da0883a4.json
20740f6988cf,0508004,1,ရပ်ကွက်ကြီး (၄) ရပ်ကွက်,Yat Kwet Gyi (4) Ward Quarter,ကြီး၄,yatkwetgyi4,Pyinoolwin Township,ပြင်ဦးလွင် မြို့နယ်,776f0afa-d089-4aeb-84cf-9d1c24d95100,6536,ward,,,,,,,,no_exact,confirmed_non_admin,confirmed_non_admin,,,,no CoreMap or MIMU exact identity under township; keep as non-linked postal locality,02-postal-review-previews/20740f6988cf.json
c93dca89596a,0508005,1,ရပ်ကွက်ကြီး (၅) ရပ်ကွက်,Yat Kwet Gyi (5) Ward Quarter,ကြီး၅,yatkwetgyi5,Pyinoolwin Township,ပြင်ဦးလွင် မြို့နယ်,776f0afa-d089-4aeb-84cf-9d1c24d95100,6536,ward,,,,,,,,no_exact,confirmed_non_admin,confirmed_non_admin,,,,no CoreMap or MIMU exact identity under township; keep as non-linked postal locality,02-postal-review-previews/c93dca89596a.json
9dc91a139d5c,0508006,1,ရပ်ကွက်ကြီး (၆) ရပ်ကွက်,Yat Kwet Gyi (6) Ward Quarter,ကြီး၆,yatkwetgyi6,Pyinoolwin Township,ပြင်ဦးလွင် မြို့နယ်,776f0afa-d089-4aeb-84cf-9d1c24d95100,6536,ward,,,,,,,,no_exact,confirmed_non_admin,confirmed_non_admin,,,,no CoreMap or MIMU exact identity under township; keep as non-linked postal locality,02-postal-review-previews/9dc91a139d5c.json
60f8af33cf6e,0508007,1,ရပ်ကွက်ကြီး (၇) ရပ်ကွက်,Yat Kwet Gyi (7) Ward Quarter,ကြီး၇,yatkwetgyi7,Pyinoolwin Township,ပြင်ဦးလွင် မြို့နယ်,776f0afa-d089-4aeb-84cf-9d1c24d95100,6536,ward,,,,,,,,no_exact,confirmed_non_admin,confirmed_non_admin,,,,no CoreMap or MIMU exact identity under township; keep as non-linked postal locality,02-postal-review-previews/60f8af33cf6e.json
0a539628a397,0508009,1,နန္ဒဝန် (ရပ်ကွက်ကြီး-၉) ရပ်ကွက်,Nan Da Wun  (Yat Kwet Gyi (9)) Quarter,နန္ဒဝန်ကြီး၉,nandawunyatkwetgyi9,Pyinoolwin Township,ပြင်ဦးလွင် မြို့နယ်,776f0afa-d089-4aeb-84cf-9d1c24d95100,6536,ward,,,,,,,,no_exact,confirmed_non_admin,confirmed_non_admin,,,,no CoreMap or MIMU exact identity under township; keep as non-linked postal locality,02-postal-review-previews/0a539628a397.json
3fa8ba6272a6,0508008,1,ပဒေသာ(ရပ်ကွက်ကြီး-၈) ရပ်ကွက်,Pa Day Thar(Yat Kwet Gyi (8) ) Quarter,ပဒေသာကြီး၈,padaytharyatkwetgyi8,Pyinoolwin Township,ပြင်ဦးလွင် မြို့နယ်,776f0afa-d089-4aeb-84cf-9d1c24d95100,6536,ward,,,,,,,,no_exact,confirmed_non_admin,confirmed_non_admin,,,,no CoreMap or MIMU exact identity under township; keep as non-linked postal locality,02-postal-review-previews/3fa8ba6272a6.json
5661c047f93d,0220001,1,ပိတောက်မြိုင် ရပ်ကွက်,Pi Tauk Myaing Quarter,ပိတောက်မြိုင်,pitaukmyaing,Kyunhla Township,ကျွန်းလှ မြို့နယ်,77e076d0-6183-40fd-b8c2-acff13ead27a,5023,ward,,,,,,,,no_exact,confirmed_non_admin,confirmed_non_admin,,,,no CoreMap or MIMU exact identity under township; keep as non-linked postal locality,02-postal-review-previews/5661c047f93d.json
6a49578225d2,0220004,1,ပျဉ်းမမြိုင် ရပ်ကွက်,Pyin Ma Myaing Quarter,ပျဉ်းမမြိုင်,pyinmamyaing,Kyunhla Township,ကျွန်းလှ မြို့နယ်,77e076d0-6183-40fd-b8c2-acff13ead27a,5023,ward,,,,,,,,no_exact,confirmed_non_admin,confirmed_non_admin,,,,no CoreMap or MIMU exact identity under township; keep as non-linked postal locality,02-postal-review-previews/6a49578225d2.json
d4e961e135c9,0220002,1,သစ်ရာမြိုင် ရပ်ကွက်,Thit Yar Myaing Quarter,သစ်ရာမြိုင်,thityarmyaing,Kyunhla Township,ကျွန်းလှ မြို့နယ်,77e076d0-6183-40fd-b8c2-acff13ead27a,5023,ward,,,,,,,,no_exact,confirmed_non_admin,confirmed_non_admin,,,,no CoreMap or MIMU exact identity under township; keep as non-linked postal locality,02-postal-review-previews/d4e961e135c9.json
c87645fdc989,0220003,1,အင်ကြင်းမြိုင် ရပ်ကွက်,In Gyin Myaing Quarter,အင်ကြင်းမြိုင်,ingyinmyaing,Kyunhla Township,ကျွန်းလှ မြို့နယ်,77e076d0-6183-40fd-b8c2-acff13ead27a,5023,ward,,,,,,,,no_exact,confirmed_non_admin,confirmed_non_admin,,,,no CoreMap or MIMU exact identity under township; keep as non-linked postal locality,02-postal-review-previews/c87645fdc989.json
b7709d419f42,0402001,1,အမှတ် (၁) ရပ်ကွက်,No (1) Quarter,၁,1,Minbu Township,မင်းဘူး မြို့နယ်,781a6371-d321-4408-84f2-36c14d592f4e,7018,ward,,,,,,,,no_exact,confirmed_non_admin,confirmed_non_admin,,,,no CoreMap or MIMU exact identity under township; keep as non-linked postal locality,02-postal-review-previews/b7709d419f42.json
b562456df5e2,0402002,1,အမှတ် (၂) ရပ်ကွက်,No (2) Quarter,၂,2,Minbu Township,မင်းဘူး မြို့နယ်,781a6371-d321-4408-84f2-36c14d592f4e,7018,ward,,,,,,,,no_exact,confirmed_non_admin,confirmed_non_admin,,,,no CoreMap or MIMU exact identity under township; keep as non-linked postal locality,02-postal-review-previews/b562456df5e2.json
b124b6623718,0402003,1,အမှတ် (၃) ရပ်ကွက်,No (3) Quarter,၃,3,Minbu Township,မင်းဘူး မြို့နယ်,781a6371-d321-4408-84f2-36c14d592f4e,7018,ward,,,,,,,,no_exact,confirmed_non_admin,confirmed_non_admin,,,,no CoreMap or MIMU exact identity under township; keep as non-linked postal locality,02-postal-review-previews/b124b6623718.json
72a1112a3afd,0402004,1,အမှတ် (၄) ရပ်ကွက်,No (4) Quarter,၄,4,Minbu Township,မင်းဘူး မြို့နယ်,781a6371-d321-4408-84f2-36c14d592f4e,7018,ward,,,,,,,,no_exact,confirmed_non_admin,confirmed_non_admin,,,,no CoreMap or MIMU exact identity under township; keep as non-linked postal locality,02-postal-review-previews/72a1112a3afd.json
ee588ea287f2,1131001,1,အမှတ် (၁) ရပ်ကွက်,No (1) Quarter,၁,1,Thongwa Township,သုံးခွ မြို့နယ်,7842fe11-6596-43c5-b306-6f56b8448f1e,5145,ward,,,,,,,,no_exact,confirmed_non_admin,confirmed_non_admin,,,,no CoreMap or MIMU exact identity under township; keep as non-linked postal locality,02-postal-review-previews/ee588ea287f2.json
043b28746baa,1131010,1,အမှတ် (၁၀) ရပ်ကွက်,No (10) Quarter,၁၀,10,Thongwa Township,သုံးခွ မြို့နယ်,7842fe11-6596-43c5-b306-6f56b8448f1e,5145,ward,,,,,,,,no_exact,confirmed_non_admin,confirmed_non_admin,,,,no CoreMap or MIMU exact identity under township; keep as non-linked postal locality,02-postal-review-previews/043b28746baa.json
59703adf998e,1131011,1,အမှတ် (၁၁) ရပ်ကွက်,No (11) Quarter,၁၁,11,Thongwa Township,သုံးခွ မြို့နယ်,7842fe11-6596-43c5-b306-6f56b8448f1e,5145,ward,,,,,,,,no_exact,confirmed_non_admin,confirmed_non_admin,,,,no CoreMap or MIMU exact identity under township; keep as non-linked postal locality,02-postal-review-previews/59703adf998e.json
484c9bb9b328,1131012,1,အမှတ် (၁၂) ရပ်ကွက်,No (12) Quarter,၁၂,12,Thongwa Township,သုံးခွ မြို့နယ်,7842fe11-6596-43c5-b306-6f56b8448f1e,5145,ward,,,,,,,,no_exact,confirmed_non_admin,confirmed_non_admin,,,,no CoreMap or MIMU exact identity under township; keep as non-linked postal locality,02-postal-review-previews/484c9bb9b328.json
f7c596752dc7,1131002,1,အမှတ် (၂) ရပ်ကွက်,No (2) Quarter,၂,2,Thongwa Township,သုံးခွ မြို့နယ်,7842fe11-6596-43c5-b306-6f56b8448f1e,5145,ward,,,,,,,,no_exact,confirmed_non_admin,confirmed_non_admin,,,,no CoreMap or MIMU exact identity under township; keep as non-linked postal locality,02-postal-review-previews/f7c596752dc7.json
e2ba9ced29f2,1131003,1,အမှတ် (၃) ရပ်ကွက်,No (3) Quarter,၃,3,Thongwa Township,သုံးခွ မြို့နယ်,7842fe11-6596-43c5-b306-6f56b8448f1e,5145,ward,,,,,,,,no_exact,confirmed_non_admin,confirmed_non_admin,,,,no CoreMap or MIMU exact identity under township; keep as non-linked postal locality,02-postal-review-previews/e2ba9ced29f2.json
08e540ce8599,1131004,1,အမှတ် (၄) ရပ်ကွက်,No (4) Quarter,၄,4,Thongwa Township,သုံးခွ မြို့နယ်,7842fe11-6596-43c5-b306-6f56b8448f1e,5145,ward,,,,,,,,no_exact,confirmed_non_admin,confirmed_non_admin,,,,no CoreMap or MIMU exact identity under township; keep as non-linked postal locality,02-postal-review-previews/08e540ce8599.json
440371d96ceb,1131005,1,အမှတ် (၅) ရပ်ကွက်,No (5) Quarter,၅,5,Thongwa Township,သုံးခွ မြို့နယ်,7842fe11-6596-43c5-b306-6f56b8448f1e,5145,ward,,,,,,,,no_exact,confirmed_non_admin,confirmed_non_admin,,,,no CoreMap or MIMU exact identity under township; keep as non-linked postal locality,02-postal-review-previews/440371d96ceb.json
40f5ca736215,1131006,1,အမှတ် (၆) ရပ်ကွက်,No (6) Quarter,၆,6,Thongwa Township,သုံးခွ မြို့နယ်,7842fe11-6596-43c5-b306-6f56b8448f1e,5145,ward,,,,,,,,no_exact,confirmed_non_admin,confirmed_non_admin,,,,no CoreMap or MIMU exact identity under township; keep as non-linked postal locality,02-postal-review-previews/40f5ca736215.json
13cc6cf64c8d,1131007,1,အမှတ် (၇) ရပ်ကွက်,No (7) Quarter,၇,7,Thongwa Township,သုံးခွ မြို့နယ်,7842fe11-6596-43c5-b306-6f56b8448f1e,5145,ward,,,,,,,,no_exact,confirmed_non_admin,confirmed_non_admin,,,,no CoreMap or MIMU exact identity under township; keep as non-linked postal locality,02-postal-review-previews/13cc6cf64c8d.json
e8a557d2db6a,1131008,1,အမှတ် (၈) ရပ်ကွက်,No (8) Quarter,၈,8,Thongwa Township,သုံးခွ မြို့နယ်,7842fe11-6596-43c5-b306-6f56b8448f1e,5145,ward,,,,,,,,no_exact,confirmed_non_admin,confirmed_non_admin,,,,no CoreMap or MIMU exact identity under township; keep as non-linked postal locality,02-postal-review-previews/e8a557d2db6a.json
fc28ead77143,1131009,1,အမှတ် (၉) ရပ်ကွက်,No (9) Quarter,၉,9,Thongwa Township,သုံးခွ မြို့နယ်,7842fe11-6596-43c5-b306-6f56b8448f1e,5145,ward,,,,,,,,no_exact,confirmed_non_admin,confirmed_non_admin,,,,no CoreMap or MIMU exact identity under township; keep as non-linked postal locality,02-postal-review-previews/fc28ead77143.json
e7f7a3bd56c2,1009227,1,အထောင် ကျေးရွာအုပ်စု,Ah Htaung Village Tract,အထောင်,ahhtaung,Kyonpyaw Town Township,ကျုံပျော် မြို့နယ်,7c7a5171-9546-4ae7-b409-7b184514b5c8,7282,village_tract,,,,,,,,no_exact,confirmed_non_admin,confirmed_non_admin,,,,no CoreMap or MIMU exact identity under township; keep as non-linked postal locality,02-postal-review-previews/e7f7a3bd56c2.json
0f5f2c72fe36,1605207,1,ကိုင်းတိန် ကျေးရွာအုပ်စု,Kaing Tein Village Tract,ကိုင်းတိန်,kaingtein,Pangsang (Panghkam) Township,ပန်ဆန်း (ပန်ခမ်း) မြို့နယ်,7c8315d4-ab5a-4b41-974a-fb3cbe249fc9,,village_tract,,,,,,,,no_exact,confirmed_non_admin,confirmed_non_admin,,,,no CoreMap or MIMU exact identity under township; keep as non-linked postal locality,02-postal-review-previews/0f5f2c72fe36.json
925c5963347f,1605269,1,ဆုတ်ဝိုး ကျေးရွာအုပ်စု,Soke Woe Village Tract,ဆုတ်ဝိုး,sokewoe,Pangsang (Panghkam) Township,ပန်ဆန်း (ပန်ခမ်း) မြို့နယ်,7c8315d4-ab5a-4b41-974a-fb3cbe249fc9,,village_tract,,,,,,,,no_exact,confirmed_non_admin,confirmed_non_admin,,,,no CoreMap or MIMU exact identity under township; keep as non-linked postal locality,02-postal-review-previews/925c5963347f.json
b2adaff8d2a2,1605254,1,တမန်ဆုံ ကျေးရွာအုပ်စု,Ta Man Hson Village Tract,တမန်ဆုံ,tamanhson,Pangsang (Panghkam) Township,ပန်ဆန်း (ပန်ခမ်း) မြို့နယ်,7c8315d4-ab5a-4b41-974a-fb3cbe249fc9,,village_tract,,,,,,,,no_exact,confirmed_non_admin,confirmed_non_admin,,,,no CoreMap or MIMU exact identity under township; keep as non-linked postal locality,02-postal-review-previews/b2adaff8d2a2.json
d23c657140fd,1605243,1,နားမွန်း ကျေးရွာအုပ်စု,Nar Mun Village Tract,နားမွန်း,narmun,Pangsang (Panghkam) Township,ပန်ဆန်း (ပန်ခမ်း) မြို့နယ်,7c8315d4-ab5a-4b41-974a-fb3cbe249fc9,,village_tract,,,,,,,,no_exact,confirmed_non_admin,confirmed_non_admin,,,,no CoreMap or MIMU exact identity under township; keep as non-linked postal locality,02-postal-review-previews/d23c657140fd.json
556564eb80bd,1605264,1,နားအန် ကျေးရွာအုပ်စု,Nar An Village Tract,နားအန်,naran,Pangsang (Panghkam) Township,ပန်ဆန်း (ပန်ခမ်း) မြို့နယ်,7c8315d4-ab5a-4b41-974a-fb3cbe249fc9,,village_tract,,,,,,,,no_exact,confirmed_non_admin,confirmed_non_admin,,,,no CoreMap or MIMU exact identity under township; keep as non-linked postal locality,02-postal-review-previews/556564eb80bd.json
b537f51d27f6,1605268,1,နောက်ငုံး ကျေးရွာအုပ်စု,Nauk Ngone Village Tract,နောက်ငုံး,naukngone,Pangsang (Panghkam) Township,ပန်ဆန်း (ပန်ခမ်း) မြို့နယ်,7c8315d4-ab5a-4b41-974a-fb3cbe249fc9,,village_tract,,,,,,,,no_exact,confirmed_non_admin,confirmed_non_admin,,,,no CoreMap or MIMU exact identity under township; keep as non-linked postal locality,02-postal-review-previews/b537f51d27f6.json
d4b1d9a11eb3,1605205,1,နောင်ချိတ် ကျေးရွာအုပ်စု,Nawng Cheik Village Tract,နောင်ချိတ်,nawngcheik,Pangsang (Panghkam) Township,ပန်ဆန်း (ပန်ခမ်း) မြို့နယ်,7c8315d4-ab5a-4b41-974a-fb3cbe249fc9,,village_tract,,,,,,,,no_exact,confirmed_non_admin,confirmed_non_admin,,,,no CoreMap or MIMU exact identity under township; keep as non-linked postal locality,02-postal-review-previews/d4b1d9a11eb3.json
f565857bea7d,1605265,1,ပန်လော့ ကျေးရွာအုပ်စု,Pang Lawt Village Tract,ပန်လော့,panglawt,Pangsang (Panghkam) Township,ပန်ဆန်း (ပန်ခမ်း) မြို့နယ်,7c8315d4-ab5a-4b41-974a-fb3cbe249fc9,,village_tract,,,,,,,,no_exact,confirmed_non_admin,confirmed_non_admin,,,,no CoreMap or MIMU exact identity under township; keep as non-linked postal locality,02-postal-review-previews/f565857bea7d.json
d5f1a798aaca,1605276,1,ယောင်ပန် ကျေးရွာအုပ်စု,Yawng Pang Village Tract,ယောင်ပန်,yawngpang,Pangsang (Panghkam) Township,ပန်ဆန်း (ပန်ခမ်း) မြို့နယ်,7c8315d4-ab5a-4b41-974a-fb3cbe249fc9,,village_tract,,,,,,,,no_exact,confirmed_non_admin,confirmed_non_admin,,,,no CoreMap or MIMU exact identity under township; keep as non-linked postal locality,02-postal-review-previews/d5f1a798aaca.json
84d73db0c126,1605242,1,ဟိုနမ်း (မန်မန်းဆိုင်) ကျေးရွာအုပ်စု,Ho Nam (Man Mann Hseng) Village Tract,ဟိုနမ်းမန်မန်းဆိုင်,honammanmannhseng,Pangsang (Panghkam) Township,ပန်ဆန်း (ပန်ခမ်း) မြို့နယ်,7c8315d4-ab5a-4b41-974a-fb3cbe249fc9,,village_tract,,,,,,,,no_exact,confirmed_non_admin,confirmed_non_admin,,,,no CoreMap or MIMU exact identity under township; keep as non-linked postal locality,02-postal-review-previews/84d73db0c126.json
36bb6e370a65,1605248,1,အိန်ဆိုင် ကျေးရွာအုပ်စု,Ein Hseng Village Tract,အိန်ဆိုင်,einhseng,Pangsang (Panghkam) Township,ပန်ဆန်း (ပန်ခမ်း) မြို့နယ်,7c8315d4-ab5a-4b41-974a-fb3cbe249fc9,,village_tract,,,,,,,,no_exact,confirmed_non_admin,confirmed_non_admin,,,,no CoreMap or MIMU exact identity under township; keep as non-linked postal locality,02-postal-review-previews/36bb6e370a65.json
1c480f9ca702,1605001,1,အမှတ် (၁) ရပ်ကွက်,No (1) Quarter,၁,1,Pangsang (Panghkam) Township,ပန်ဆန်း (ပန်ခမ်း) မြို့နယ်,7c8315d4-ab5a-4b41-974a-fb3cbe249fc9,,ward,,,,,,,,no_exact,confirmed_non_admin,confirmed_non_admin,,,,no CoreMap or MIMU exact identity under township; keep as non-linked postal locality,02-postal-review-previews/1c480f9ca702.json
85ae8c849214,1605002,1,အမှတ် (၂) ရပ်ကွက်,No (2) Quarter,၂,2,Pangsang (Panghkam) Township,ပန်ဆန်း (ပန်ခမ်း) မြို့နယ်,7c8315d4-ab5a-4b41-974a-fb3cbe249fc9,,ward,,,,,,,,no_exact,confirmed_non_admin,confirmed_non_admin,,,,no CoreMap or MIMU exact identity under township; keep as non-linked postal locality,02-postal-review-previews/85ae8c849214.json
5c8f629e4069,1605003,1,အမှတ် (၃) ရပ်ကွက်,No (3) Quarter,၃,3,Pangsang (Panghkam) Township,ပန်ဆန်း (ပန်ခမ်း) မြို့နယ်,7c8315d4-ab5a-4b41-974a-fb3cbe249fc9,,ward,,,,,,,,no_exact,confirmed_non_admin,confirmed_non_admin,,,,no CoreMap or MIMU exact identity under township; keep as non-linked postal locality,02-postal-review-previews/5c8f629e4069.json
1a84f84d8887,0306234,1,လိုင်လင်းပီ ကျေးရွာအုပ်စု,Lalengpi Village Tract,လိုင်လင်းပီ,lalengpi,Matupi Township,မတူပီ မြို့နယ်,7edf813a-edf2-48cd-8c2e-aa6fd19e3e18,6922,village_tract,,,,,,,,no_exact,confirmed_non_admin,confirmed_non_admin,,,,no CoreMap or MIMU exact identity under township; keep as non-linked postal locality,02-postal-review-previews/1a84f84d8887.json
561f7d11b289,1802252,1,ရွှေတောင်ငွေတောင် ကျေးရွာအုပ်စု,Shwe Taung Ngwe Taung Village Tract,ရွှေတောင်ငွေတောင်,shwetaungngwetaung,Paukkhaung Township,ပေါက်ခေါင်း မြို့နယ်,7ef50b48-148f-4042-9152-f57229dc8ecf,7137,village_tract,,,,,,,,no_exact,confirmed_non_admin,confirmed_non_admin,,,,no CoreMap or MIMU exact identity under township; keep as non-linked postal locality,02-postal-review-previews/561f7d11b289.json
fa9f185d6fa9,0229001,1,အမှတ် (၁) ရပ်ကွက်,No (1) Quarter,၁,1,Ayadaw Township,အရာတော် မြို့နယ်,7f2538a1-9e04-464d-a823-465b9353f8d1,6825,ward,,,,,,,,no_exact,confirmed_non_admin,confirmed_non_admin,,,,no CoreMap or MIMU exact identity under township; keep as non-linked postal locality,02-postal-review-previews/fa9f185d6fa9.json
e8c2c09d10ff,0229002,1,အမှတ် (၂) ရပ်ကွက်,No (2) Quarter,၂,2,Ayadaw Township,အရာတော် မြို့နယ်,7f2538a1-9e04-464d-a823-465b9353f8d1,6825,ward,,,,,,,,no_exact,confirmed_non_admin,confirmed_non_admin,,,,no CoreMap or MIMU exact identity under township; keep as non-linked postal locality,02-postal-review-previews/e8c2c09d10ff.json
33764832fb05,0229003,1,အမှတ် (၃) ရပ်ကွက်,No (3) Quarter,၃,3,Ayadaw Township,အရာတော် မြို့နယ်,7f2538a1-9e04-464d-a823-465b9353f8d1,6825,ward,,,,,,,,no_exact,confirmed_non_admin,confirmed_non_admin,,,,no CoreMap or MIMU exact identity under township; keep as non-linked postal locality,02-postal-review-previews/33764832fb05.json
62436be4a081,0226222,1,ကျောက်မြောင်း ကျေးရွာအုပ်စု,Kyauk Myaung Village Tract,ကျောက်မြောင်း,kyaukmyaung,Shwebo Township,ရွှေဘို မြို့နယ်,80600f77-5563-49a6-ac6f-9ee0397b8459,6786,village_tract,,,,,,,,no_exact,confirmed_non_admin,confirmed_non_admin,,,,no CoreMap or MIMU exact identity under township; keep as non-linked postal locality,02-postal-review-previews/62436be4a081.json
24cacfd483f3,0226272,1,တည်ပင် ကျေးရွာအုပ်စု,Tei Pin Village Tract,တည်ပင်,teipin,Shwebo Township,ရွှေဘို မြို့နယ်,80600f77-5563-49a6-ac6f-9ee0397b8459,6786,village_tract,18756,94b0c4d4-0f36-4863-a365-c2dfea7f1943,တည်ပင် / Tei Pin,mm=[];en=[],village_tract|parent=80600f77-5563-49a6-ac6f-9ee0397b8459,18756/94b0c4d4-0f36-4863-a365-c2dfea7f1943:village_tract:တည်ပင်/Tei Pin(aliases_mm=;aliases_en=),MMR005004054:Tei Pin/တယ်ပင်;MMR005004073:Tei Pin/တည်ပင်,unique_exact_my,link_existing,link_existing,94b0c4d4-0f36-4863-a365-c2dfea7f1943,,,unique exact Myanmar primary/alias match → 94b0c4d4-0f36-4863-a365-c2dfea7f1943,02-postal-review-previews/24cacfd483f3.json
686a0494499f,0226253,1,တယ်ပင် ကျေးရွာအုပ်စု,Tei Pin Village Tract,တယ်ပင်,teipin,Shwebo Township,ရွှေဘို မြို့နယ်,80600f77-5563-49a6-ac6f-9ee0397b8459,6786,village_tract,18755,66289506-9513-4a50-8bb4-1abde9fa123d,တယ်ပင် / Tei Pin,mm=[];en=[],village_tract|parent=80600f77-5563-49a6-ac6f-9ee0397b8459,18755/66289506-9513-4a50-8bb4-1abde9fa123d:village_tract:တယ်ပင်/Tei Pin(aliases_mm=;aliases_en=),MMR005004054:Tei Pin/တယ်ပင်;MMR005004073:Tei Pin/တည်ပင်,unique_exact_my,link_existing,link_existing,66289506-9513-4a50-8bb4-1abde9fa123d,,,unique exact Myanmar primary/alias match → 66289506-9513-4a50-8bb4-1abde9fa123d,02-postal-review-previews/686a0494499f.json
85d090bf8dbe,0226001,1,အမှတ် (၁) ရပ်ကွက်,No (1) Quarter,၁,1,Shwebo Township,ရွှေဘို မြို့နယ်,80600f77-5563-49a6-ac6f-9ee0397b8459,6786,ward,,,,,,,,no_exact,confirmed_non_admin,confirmed_non_admin,,,,no CoreMap or MIMU exact identity under township; keep as non-linked postal locality,02-postal-review-previews/85d090bf8dbe.json
c9383f5c0e1b,0226010,1,အမှတ် (၁၀) ရပ်ကွက်,No (10) Quarter,၁၀,10,Shwebo Township,ရွှေဘို မြို့နယ်,80600f77-5563-49a6-ac6f-9ee0397b8459,6786,ward,,,,,,,,no_exact,confirmed_non_admin,confirmed_non_admin,,,,no CoreMap or MIMU exact identity under township; keep as non-linked postal locality,02-postal-review-previews/c9383f5c0e1b.json
ebe09433e75e,0226002,1,အမှတ် (၂) ရပ်ကွက်,No (2) Quarter,၂,2,Shwebo Township,ရွှေဘို မြို့နယ်,80600f77-5563-49a6-ac6f-9ee0397b8459,6786,ward,,,,,,,,no_exact,confirmed_non_admin,confirmed_non_admin,,,,no CoreMap or MIMU exact identity under township; keep as non-linked postal locality,02-postal-review-previews/ebe09433e75e.json
8e5895d93074,0226003,1,အမှတ် (၃) ရပ်ကွက်,No (3) Quarter,၃,3,Shwebo Township,ရွှေဘို မြို့နယ်,80600f77-5563-49a6-ac6f-9ee0397b8459,6786,ward,,,,,,,,no_exact,confirmed_non_admin,confirmed_non_admin,,,,no CoreMap or MIMU exact identity under township; keep as non-linked postal locality,02-postal-review-previews/8e5895d93074.json
0adc3e93d0e0,0226004,1,အမှတ် (၄) ရပ်ကွက်,No (4) Quarter,၄,4,Shwebo Township,ရွှေဘို မြို့နယ်,80600f77-5563-49a6-ac6f-9ee0397b8459,6786,ward,,,,,,,,no_exact,confirmed_non_admin,confirmed_non_admin,,,,no CoreMap or MIMU exact identity under township; keep as non-linked postal locality,02-postal-review-previews/0adc3e93d0e0.json
fb3b613fbd1e,0226005,1,အမှတ် (၅) ရပ်ကွက်,No (5) Quarter,၅,5,Shwebo Township,ရွှေဘို မြို့နယ်,80600f77-5563-49a6-ac6f-9ee0397b8459,6786,ward,,,,,,,,no_exact,confirmed_non_admin,confirmed_non_admin,,,,no CoreMap or MIMU exact identity under township; keep as non-linked postal locality,02-postal-review-previews/fb3b613fbd1e.json
ff9ff520c3e9,0226006,1,အမှတ် (၆) ရပ်ကွက်,No (6) Quarter,၆,6,Shwebo Township,ရွှေဘို မြို့နယ်,80600f77-5563-49a6-ac6f-9ee0397b8459,6786,ward,,,,,,,,no_exact,confirmed_non_admin,confirmed_non_admin,,,,no CoreMap or MIMU exact identity under township; keep as non-linked postal locality,02-postal-review-previews/ff9ff520c3e9.json
3f16bc2941af,0226007,1,အမှတ် (၇) ရပ်ကွက်,No (7) Quarter,၇,7,Shwebo Township,ရွှေဘို မြို့နယ်,80600f77-5563-49a6-ac6f-9ee0397b8459,6786,ward,,,,,,,,no_exact,confirmed_non_admin,confirmed_non_admin,,,,no CoreMap or MIMU exact identity under township; keep as non-linked postal locality,02-postal-review-previews/3f16bc2941af.json
792429bf1408,0226008,1,အမှတ် (၈) ရပ်ကွက်,No (8) Quarter,၈,8,Shwebo Township,ရွှေဘို မြို့နယ်,80600f77-5563-49a6-ac6f-9ee0397b8459,6786,ward,,,,,,,,no_exact,confirmed_non_admin,confirmed_non_admin,,,,no CoreMap or MIMU exact identity under township; keep as non-linked postal locality,02-postal-review-previews/792429bf1408.json
286153bd0602,0226009,1,အမှတ် (၉) ရပ်ကွက်,No (9) Quarter,၉,9,Shwebo Township,ရွှေဘို မြို့နယ်,80600f77-5563-49a6-ac6f-9ee0397b8459,6786,ward,,,,,,,,no_exact,confirmed_non_admin,confirmed_non_admin,,,,no CoreMap or MIMU exact identity under township; keep as non-linked postal locality,02-postal-review-previews/286153bd0602.json
166d668e0f65,1121012,1,ဗျိုင်းရေအိုးစင်ကွက်သစ် ရပ်ကွက်,Byaing Yae Oe Sin Kwet Thit Quarter,ဗျိုင်းရေအိုးစင်ကွက်သစ်,byaingyaeoesinkwetthit,Tamwe Township,တာမွေ မြို့နယ်,80e177c3-7640-4545-8b25-f7b4b96c480b,5568,ward,,,,,,,MMR013015701512:Byaing Yay Oe Zin Kwet Thit Ward/ဗျိုင်းရေအိုးစင်ကွက်သစ်ရပ်ကွက်,no_exact,confirmed_non_admin,confirmed_non_admin,,,,MIMU source exists (MMR013015701512) but no CoreMap ward/VT to link; do not invent admin from postal text,02-postal-review-previews/166d668e0f65.json
dd3f10c47467,1121013,1,ဗျိုင်းရေအိုးစင်ရွာမ ရပ်ကွက်,Byaing Yae Oe Sin Ywar Ma Quarter,ဗျိုင်းရေအိုးစင်ရွာမ,byaingyaeoesinywarma,Tamwe Township,တာမွေ မြို့နယ်,80e177c3-7640-4545-8b25-f7b4b96c480b,5568,ward,,,,,,,MMR013015701513:Byaing Yay Oe Zin Ywar Ma Ward/ဗျိုင်းရေအိုးစင်ရွာမရပ်ကွက်,no_exact,confirmed_non_admin,confirmed_non_admin,,,,MIMU source exists (MMR013015701513) but no CoreMap ward/VT to link; do not invent admin from postal text,02-postal-review-previews/dd3f10c47467.json
59f40cf5195c,0701027,1,ကုန်တန်း ရပ်ကွက်,Kon Tan Quarter,ကုန်တန်း,kontan,Sittwe Township,စစ်တွေ မြို့နယ်,819f7b87-8dbf-4de5-98a2-5486f01ce478,6993,ward,,,,,,,MMR012001701527:Kone Tan Ward/ကုန်တန်းရပ်ကွက်,no_exact,confirmed_non_admin,confirmed_non_admin,,,,MIMU source exists (MMR012001701527) but no CoreMap ward/VT to link; do not invent admin from postal text,02-postal-review-previews/59f40cf5195c.json
e5f102df1ba6,0701033,1,အောင်မင်္ဂလာမြောက် ရပ်ကွက်,Aung Mingalar Myauk Quarter,အောင်မင်္ဂလာမြောက်,aungmingalarmyauk,Sittwe Township,စစ်တွေ မြို့နယ်,819f7b87-8dbf-4de5-98a2-5486f01ce478,6993,ward,,,,,,,,no_exact,confirmed_non_admin,confirmed_non_admin,,,,no CoreMap or MIMU exact identity under township; keep as non-linked postal locality,02-postal-review-previews/e5f102df1ba6.json
63338b3cafb6,1615222,1,ဆန်ပူး ကျေးရွာအုပ်စု,Hsan Pu Village Tract,ဆန်ပူး,hsanpu,Namtu Township,နမ္မတူ မြို့နယ်,83d6611b-afc3-49dd-bb6b-83d91b09cc37,6560,village_tract,,,,,,,,no_exact,confirmed_non_admin,confirmed_non_admin,,,,no CoreMap or MIMU exact identity under township; keep as non-linked postal locality,02-postal-review-previews/63338b3cafb6.json
77fc4c8fb818,1615221,1,ပန်ယန်း ကျေးရွာအုပ်စု,Pang Yang Village Tract,ပန်ယန်း,pangyang,Namtu Township,နမ္မတူ မြို့နယ်,83d6611b-afc3-49dd-bb6b-83d91b09cc37,6560,village_tract,,,,,,,,no_exact,confirmed_non_admin,confirmed_non_admin,,,,no CoreMap or MIMU exact identity under township; keep as non-linked postal locality,02-postal-review-previews/77fc4c8fb818.json
b2d9d5b002af,1615220,1,ဝိန်းမြင့် ကျေးရွာအုပ်စု,Wein Myint Village Tract,ဝိန်းမြင့်,weinmyint,Namtu Township,နမ္မတူ မြို့နယ်,83d6611b-afc3-49dd-bb6b-83d91b09cc37,6560,village_tract,,,,,,,,no_exact,confirmed_non_admin,confirmed_non_admin,,,,no CoreMap or MIMU exact identity under township; keep as non-linked postal locality,02-postal-review-previews/b2d9d5b002af.json
c5ce2cf92d2e,0505017,1,(ည) ရပ်ကွက်,(Nya) Quarter,ည,nya,Pyigyitagon Township,ပြည်ကြီးတံခွန် မြို့နယ်,851d1ec6-15f3-4c8a-aa3c-971641692c5f,6203,ward,,,,,,,,no_exact,confirmed_non_admin,confirmed_non_admin,,,,no CoreMap or MIMU exact identity under township; keep as non-linked postal locality,02-postal-review-previews/c5ce2cf92d2e.json
c0b6fac4924a,0505018,1,(ဋ) ရပ်ကွက်,(Ta Ta Lin Cheik) Quarter,ဋ,tatalincheik,Pyigyitagon Township,ပြည်ကြီးတံခွန် မြို့နယ်,851d1ec6-15f3-4c8a-aa3c-971641692c5f,6203,ward,,,,,,,,no_exact,confirmed_non_admin,confirmed_non_admin,,,,no CoreMap or MIMU exact identity under township; keep as non-linked postal locality,02-postal-review-previews/c0b6fac4924a.json
1c1b61ba0fed,1204211,1,ကျိုက္ကော် ကျေးရွာအုပ်စု,Kyaik Kaw Village Tract,ကျိုက္ကော်,kyaikkaw,Thaton Township,သထုံ မြို့နယ်,85b93da2-27e7-4d45-8e83-8a3539776f8f,5053,village_tract,,,,,,,,no_exact,confirmed_non_admin,confirmed_non_admin,,,,no CoreMap or MIMU exact identity under township; keep as non-linked postal locality,02-postal-review-previews/1c1b61ba0fed.json
ff9f6e3bd0eb,1204244,1,ဈေးမသွယ် (အထက်) ကျေးရွာအုပ်စု,Zay Ma Thwei (Lower) Village Tract,ဈေးမသွယ်အထက်,zaymathweilower,Thaton Township,သထုံ မြို့နယ်,85b93da2-27e7-4d45-8e83-8a3539776f8f,5053,village_tract,16139;16138,270e6e24-8e4a-4db5-b8bf-e872a59717b3;9bb0d6de-26dc-490a-b989-bfb043ec0dfb,ဈေးမသွယ် (အထက်) / Zay Ma Thwei (Upper) || ဈေးမသွယ် (အောက်) / Zay Ma Thwei (Lower),mm=[];en=[] || mm=[];en=[],village_tract|parent=85b93da2-27e7-4d45-8e83-8a3539776f8f || village_tract|parent=85b93da2-27e7-4d45-8e83-8a3539776f8f,16139/270e6e24-8e4a-4db5-b8bf-e872a59717b3:village_tract:ဈေးမသွယ် (အထက်)/Zay Ma Thwei (Upper)(aliases_mm=;aliases_en=) || 16138/9bb0d6de-26dc-490a-b989-bfb043ec0dfb:village_tract:ဈေးမသွယ် (အောက်)/Zay Ma Thwei (Lower)(aliases_mm=;aliases_en=),MMR011007046:Zay Ma Thwei (Lower)/ဈေးမသွယ် (အောက်);MMR011007045:Zay Ma Thwei (Upper)/ဈေးမသွယ် (အထက်),conflict_mm_vs_en,source_error,source_error,,,,inconsistent bilingual postal row: MY→270e6e24-8e4a-4db5-b8bf-e872a59717b3 (ဈေးမသွယ် (အထက်)/Zay Ma Thwei (Upper)) but EN→9bb0d6de-26dc-490a-b989-bfb043ec0dfb (ဈေးမသွယ် (အောက်)/Zay Ma Thwei (Lower)),02-postal-review-previews/ff9f6e3bd0eb.json
b499eed2cb47,1204245,1,ဈေးမသွယ် (အောက်) ကျေးရွာအုပ်စု,Zay Ma Thwei (Upper) Village Tract,ဈေးမသွယ်အောက်,zaymathweiupper,Thaton Township,သထုံ မြို့နယ်,85b93da2-27e7-4d45-8e83-8a3539776f8f,5053,village_tract,16138;16139,9bb0d6de-26dc-490a-b989-bfb043ec0dfb;270e6e24-8e4a-4db5-b8bf-e872a59717b3,ဈေးမသွယ် (အောက်) / Zay Ma Thwei (Lower) || ဈေးမသွယ် (အထက်) / Zay Ma Thwei (Upper),mm=[];en=[] || mm=[];en=[],village_tract|parent=85b93da2-27e7-4d45-8e83-8a3539776f8f || village_tract|parent=85b93da2-27e7-4d45-8e83-8a3539776f8f,16138/9bb0d6de-26dc-490a-b989-bfb043ec0dfb:village_tract:ဈေးမသွယ် (အောက်)/Zay Ma Thwei (Lower)(aliases_mm=;aliases_en=) || 16139/270e6e24-8e4a-4db5-b8bf-e872a59717b3:village_tract:ဈေးမသွယ် (အထက်)/Zay Ma Thwei (Upper)(aliases_mm=;aliases_en=),MMR011007046:Zay Ma Thwei (Lower)/ဈေးမသွယ် (အောက်);MMR011007045:Zay Ma Thwei (Upper)/ဈေးမသွယ် (အထက်),conflict_mm_vs_en,source_error,source_error,,,,inconsistent bilingual postal row: MY→9bb0d6de-26dc-490a-b989-bfb043ec0dfb (ဈေးမသွယ် (အောက်)/Zay Ma Thwei (Lower)) but EN→270e6e24-8e4a-4db5-b8bf-e872a59717b3 (ဈေးမသွယ် (အထက်)/Zay Ma Thwei (Upper)),02-postal-review-previews/b499eed2cb47.json
b88aa895dba6,1204200,1,တောင်ကြား ကျေးရွာအုပ်စု,Taung Kyar Village Tract,တောင်ကြား,taungkyar,Thaton Township,သထုံ မြို့နယ်,85b93da2-27e7-4d45-8e83-8a3539776f8f,5053,village_tract,,,,,,,,no_exact,confirmed_non_admin,confirmed_non_admin,,,,no CoreMap or MIMU exact identity under township; keep as non-linked postal locality,02-postal-review-previews/b88aa895dba6.json
220ff0831cf6,1204210,1,သိမ်ဆိပ် ကျေးရွာအုပ်စု,Thein Seik Village Tract,သိမ်ဆိပ်,theinseik,Thaton Township,သထုံ မြို့နယ်,85b93da2-27e7-4d45-8e83-8a3539776f8f,5053,village_tract,,,,,,,,no_exact,confirmed_non_admin,confirmed_non_admin,,,,no CoreMap or MIMU exact identity under township; keep as non-linked postal locality,02-postal-review-previews/220ff0831cf6.json
c6ecda6a50b2,1204249,1,သုဓမ္မဝတီ ကျေးရွာအုပ်စု,Thu Damah Wady Village Tract,သုဓမ္မဝတီ,thudamahwady,Thaton Township,သထုံ မြို့နယ်,85b93da2-27e7-4d45-8e83-8a3539776f8f,5053,village_tract,,,,,,,,no_exact,confirmed_non_admin,confirmed_non_admin,,,,no CoreMap or MIMU exact identity under township; keep as non-linked postal locality,02-postal-review-previews/c6ecda6a50b2.json
b91c444c388b,1402234,1,ထိန်ကြီး ကျေးရွာအုပ်စု,Htein Gyi Village Tract,ထိန်ကြီး,hteingyi,Yebyu Township,ရေဖြူ မြို့နယ်,884fab3e-92ce-4c37-ba27-b1ad2bc2f24c,7503,village_tract,,,,,,,,no_exact,confirmed_non_admin,confirmed_non_admin,,,,no CoreMap or MIMU exact identity under township; keep as non-linked postal locality,02-postal-review-previews/b91c444c388b.json
11bbae44a251,0906205,1,ဒေါကဒွီး ကျေးရွာအုပ်စု,Daw Ka Dwee Village Tract,ဒေါကဒွီး,dawkadwee,Mese Township,မယ်စဲ မြို့နယ်,8b8bb612-a137-4048-85fa-7cf344633cb9,5962,village_tract,,,,,,,,no_exact,confirmed_non_admin,confirmed_non_admin,,,,no CoreMap or MIMU exact identity under township; keep as non-linked postal locality,02-postal-review-previews/11bbae44a251.json
7589126ab86f,0906204,1,သာယာ ကျေးရွာအုပ်စု,Thar Yar Village Tract,သာယာ,tharyar,Mese Township,မယ်စဲ မြို့နယ်,8b8bb612-a137-4048-85fa-7cf344633cb9,5962,village_tract,,,,,,,,no_exact,confirmed_non_admin,confirmed_non_admin,,,,no CoreMap or MIMU exact identity under township; keep as non-linked postal locality,02-postal-review-previews/7589126ab86f.json
22a3997841df,1610200,1,ကောင်းဆာ ကျေးရွာအုပ်စု,Kawng Hsar Village Tract,ကောင်းဆာ,kawnghsar,Namhkan Township,နမ့်ခမ်း မြို့နယ်,8c022312-297d-4a47-b3f2-4582461ac3f6,6599,village_tract,,,,,,,,no_exact,confirmed_non_admin,confirmed_non_admin,,,,no CoreMap or MIMU exact identity under township; keep as non-linked postal locality,02-postal-review-previews/22a3997841df.json
d28b30f677a7,1610001,1,အမှတ် (၁) ရပ်ကွက်,No (1) Quarter,၁,1,Namhkan Township,နမ့်ခမ်း မြို့နယ်,8c022312-297d-4a47-b3f2-4582461ac3f6,6599,ward,,,,,,,,no_exact,confirmed_non_admin,confirmed_non_admin,,,,no CoreMap or MIMU exact identity under township; keep as non-linked postal locality,02-postal-review-previews/d28b30f677a7.json
bcf017be882a,1610010,1,အမှတ် (၁၀) ရပ်ကွက်,No (10) Quarter,၁၀,10,Namhkan Township,နမ့်ခမ်း မြို့နယ်,8c022312-297d-4a47-b3f2-4582461ac3f6,6599,ward,,,,,,,,no_exact,confirmed_non_admin,confirmed_non_admin,,,,no CoreMap or MIMU exact identity under township; keep as non-linked postal locality,02-postal-review-previews/bcf017be882a.json
1112b5f4ea37,1610011,1,အမှတ် (၁၁) ရပ်ကွက်,No (11) Quarter,၁၁,11,Namhkan Township,နမ့်ခမ်း မြို့နယ်,8c022312-297d-4a47-b3f2-4582461ac3f6,6599,ward,,,,,,,,no_exact,confirmed_non_admin,confirmed_non_admin,,,,no CoreMap or MIMU exact identity under township; keep as non-linked postal locality,02-postal-review-previews/1112b5f4ea37.json
947dd51cc9cf,1610012,1,အမှတ် (၁၂) ရပ်ကွက်,No (12) Quarter,၁၂,12,Namhkan Township,နမ့်ခမ်း မြို့နယ်,8c022312-297d-4a47-b3f2-4582461ac3f6,6599,ward,,,,,,,,no_exact,confirmed_non_admin,confirmed_non_admin,,,,no CoreMap or MIMU exact identity under township; keep as non-linked postal locality,02-postal-review-previews/947dd51cc9cf.json
06a722f99f4f,1610013,1,အမှတ် (၁၃) ရပ်ကွက်,No (13) Quarter,၁၃,13,Namhkan Township,နမ့်ခမ်း မြို့နယ်,8c022312-297d-4a47-b3f2-4582461ac3f6,6599,ward,,,,,,,,no_exact,confirmed_non_admin,confirmed_non_admin,,,,no CoreMap or MIMU exact identity under township; keep as non-linked postal locality,02-postal-review-previews/06a722f99f4f.json
b545b3949fb9,1610014,1,အမှတ် (၁၄) ရပ်ကွက်,No (14) Quarter,၁၄,14,Namhkan Township,နမ့်ခမ်း မြို့နယ်,8c022312-297d-4a47-b3f2-4582461ac3f6,6599,ward,,,,,,,,no_exact,confirmed_non_admin,confirmed_non_admin,,,,no CoreMap or MIMU exact identity under township; keep as non-linked postal locality,02-postal-review-previews/b545b3949fb9.json
80d8981f4efc,1610002,1,အမှတ် (၂) ရပ်ကွက်,No (2) Quarter,၂,2,Namhkan Township,နမ့်ခမ်း မြို့နယ်,8c022312-297d-4a47-b3f2-4582461ac3f6,6599,ward,,,,,,,,no_exact,confirmed_non_admin,confirmed_non_admin,,,,no CoreMap or MIMU exact identity under township; keep as non-linked postal locality,02-postal-review-previews/80d8981f4efc.json
849eaf440512,1610003,1,အမှတ် (၃) ရပ်ကွက်,No (3) Quarter,၃,3,Namhkan Township,နမ့်ခမ်း မြို့နယ်,8c022312-297d-4a47-b3f2-4582461ac3f6,6599,ward,,,,,,,,no_exact,confirmed_non_admin,confirmed_non_admin,,,,no CoreMap or MIMU exact identity under township; keep as non-linked postal locality,02-postal-review-previews/849eaf440512.json
83b4aa05ee00,1610004,1,အမှတ် (၄) ရပ်ကွက်,No (4) Quarter,၄,4,Namhkan Township,နမ့်ခမ်း မြို့နယ်,8c022312-297d-4a47-b3f2-4582461ac3f6,6599,ward,,,,,,,,no_exact,confirmed_non_admin,confirmed_non_admin,,,,no CoreMap or MIMU exact identity under township; keep as non-linked postal locality,02-postal-review-previews/83b4aa05ee00.json
d7160c25e02b,1610005,1,အမှတ် (၅) ရပ်ကွက်,No (5) Quarter,၅,5,Namhkan Township,နမ့်ခမ်း မြို့နယ်,8c022312-297d-4a47-b3f2-4582461ac3f6,6599,ward,,,,,,,,no_exact,confirmed_non_admin,confirmed_non_admin,,,,no CoreMap or MIMU exact identity under township; keep as non-linked postal locality,02-postal-review-previews/d7160c25e02b.json
927d19950d29,1610006,1,အမှတ် (၆) ရပ်ကွက်,No (6) Quarter,၆,6,Namhkan Township,နမ့်ခမ်း မြို့နယ်,8c022312-297d-4a47-b3f2-4582461ac3f6,6599,ward,,,,,,,,no_exact,confirmed_non_admin,confirmed_non_admin,,,,no CoreMap or MIMU exact identity under township; keep as non-linked postal locality,02-postal-review-previews/927d19950d29.json
b86051c6a9ee,1610007,1,အမှတ် (၇) ရပ်ကွက်,No (7) Quarter,၇,7,Namhkan Township,နမ့်ခမ်း မြို့နယ်,8c022312-297d-4a47-b3f2-4582461ac3f6,6599,ward,,,,,,,,no_exact,confirmed_non_admin,confirmed_non_admin,,,,no CoreMap or MIMU exact identity under township; keep as non-linked postal locality,02-postal-review-previews/b86051c6a9ee.json
72f0ab194831,1610008,1,အမှတ် (၈) ရပ်ကွက်,No (8) Quarter,၈,8,Namhkan Township,နမ့်ခမ်း မြို့နယ်,8c022312-297d-4a47-b3f2-4582461ac3f6,6599,ward,,,,,,,,no_exact,confirmed_non_admin,confirmed_non_admin,,,,no CoreMap or MIMU exact identity under township; keep as non-linked postal locality,02-postal-review-previews/72f0ab194831.json
3e493ebc48b1,1610009,1,အမှတ် (၉) ရပ်ကွက်,No (9) Quarter,၉,9,Namhkan Township,နမ့်ခမ်း မြို့နယ်,8c022312-297d-4a47-b3f2-4582461ac3f6,6599,ward,,,,,,,,no_exact,confirmed_non_admin,confirmed_non_admin,,,,no CoreMap or MIMU exact identity under township; keep as non-linked postal locality,02-postal-review-previews/3e493ebc48b1.json
f039a06e8d44,0201206,1,ခလပ်လိပ်တော် ကျေးရွာအုပ်စု,Kha Let Leik Taw Village Tract,ခလပ်လိပ်တော်,khaletleiktaw,Nanyun Township,နန်းယွန်း မြို့နယ်,8ce962d0-88de-4d8b-84c1-17eb6ed9c26b,6674,village_tract,,,,,,,,no_exact,confirmed_non_admin,confirmed_non_admin,,,,no CoreMap or MIMU exact identity under township; keep as non-linked postal locality,02-postal-review-previews/f039a06e8d44.json
ab0f2784df71,0201210,1,ဆန်လွန်း ကျေးရွာအုပ်စု,San Lun Village Tract,ဆန်လွန်း,sanlun,Nanyun Township,နန်းယွန်း မြို့နယ်,8ce962d0-88de-4d8b-84c1-17eb6ed9c26b,6674,village_tract,,,,,,,,no_exact,confirmed_non_admin,confirmed_non_admin,,,,no CoreMap or MIMU exact identity under township; keep as non-linked postal locality,02-postal-review-previews/ab0f2784df71.json
51790c06fd28,0201232,1,ဒုံဟီး ကျေးရွာအုပ်စု,Don Hee (Don Yee Sub-township) Village Tract,ဒုံဟီး,donheedonyeesub,Nanyun Township,နန်းယွန်း မြို့နယ်,8ce962d0-88de-4d8b-84c1-17eb6ed9c26b,6674,village_tract,,,,,,,,no_exact,confirmed_non_admin,confirmed_non_admin,,,,no CoreMap or MIMU exact identity under township; keep as non-linked postal locality,02-postal-review-previews/51790c06fd28.json
0865a99f5394,0201218,1,ယောကျော် ကျေးရွာအုပ်စု,Yaw Kyaw Village Tract,ယောကျော်,yawkyaw,Nanyun Township,နန်းယွန်း မြို့နယ်,8ce962d0-88de-4d8b-84c1-17eb6ed9c26b,6674,village_tract,,,,,,,,no_exact,confirmed_non_admin,confirmed_non_admin,,,,no CoreMap or MIMU exact identity under township; keep as non-linked postal locality,02-postal-review-previews/0865a99f5394.json
855fe7459998,0201207,1,ရှန်ရှိန် (ရှာရာ) ကျေးရွာအုပ်စု,Shan Shein (Shar Yar) Village Tract,ရှန်ရှိန်ရှာရာ,shansheinsharyar,Nanyun Township,နန်းယွန်း မြို့နယ်,8ce962d0-88de-4d8b-84c1-17eb6ed9c26b,6674,village_tract,,,,,,,,no_exact,confirmed_non_admin,confirmed_non_admin,,,,no CoreMap or MIMU exact identity under township; keep as non-linked postal locality,02-postal-review-previews/855fe7459998.json
85fe79314bfa,0201209,1,ရှားမီး ကျေးရွာအုပ်စု,Shar Mee Village Tract,ရှားမီး,sharmee,Nanyun Township,နန်းယွန်း မြို့နယ်,8ce962d0-88de-4d8b-84c1-17eb6ed9c26b,6674,village_tract,,,,,,,,no_exact,confirmed_non_admin,confirmed_non_admin,,,,no CoreMap or MIMU exact identity under township; keep as non-linked postal locality,02-postal-review-previews/85fe79314bfa.json
e9fc0332fe84,0201216,1,လုံတွန် ကျေးရွာအုပ်စု,Lon Tun Village Tract,လုံတွန်,lontun,Nanyun Township,နန်းယွန်း မြို့နယ်,8ce962d0-88de-4d8b-84c1-17eb6ed9c26b,6674,village_tract,,,,,,,,no_exact,confirmed_non_admin,confirmed_non_admin,,,,no CoreMap or MIMU exact identity under township; keep as non-linked postal locality,02-postal-review-previews/e9fc0332fe84.json
0deaa48ea1db,0201211,1,လွန်ရန် ကျေးရွာအုပ်စု,Lun Yan Village Tract,လွန်ရန်,lunyan,Nanyun Township,နန်းယွန်း မြို့နယ်,8ce962d0-88de-4d8b-84c1-17eb6ed9c26b,6674,village_tract,,,,,,,,no_exact,confirmed_non_admin,confirmed_non_admin,,,,no CoreMap or MIMU exact identity under township; keep as non-linked postal locality,02-postal-review-previews/0deaa48ea1db.json
f335efb7e5e7,0907203,1,သံလွင် (အရှေ့) ကျေးရွာအုပ်စု,Than Lwin (East) Village Tract,သံလွင်အရှေ့,thanlwineast,Shadaw Township,ရှားတော မြို့နယ်,8e325bbd-9ac1-4887-9c52-3a166896b0a0,5998,village_tract,,,,,,,,no_exact,confirmed_non_admin,confirmed_non_admin,,,,no CoreMap or MIMU exact identity under township; keep as non-linked postal locality,02-postal-review-previews/f335efb7e5e7.json
60a83c316cae,0303206,1,လိုင်ဇိုး ကျေးရွာအုပ်စု,Laizo Village Tract,လိုင်ဇိုး,laizo,Falam Township,ဖလမ်း မြို့နယ်,8e6d8096-1fd2-45cf-bd3b-615123e89025,6739,village_tract,,,,,,,,no_exact,confirmed_non_admin,confirmed_non_admin,,,,no CoreMap or MIMU exact identity under township; keep as non-linked postal locality,02-postal-review-previews/60a83c316cae.json
668cf37a9318,0303243,1,ဝေဘူလ ကျေးရွာအုပ်စု,Webula Village Tract,ဝေဘူလ,webula,Falam Township,ဖလမ်း မြို့နယ်,8e6d8096-1fd2-45cf-bd3b-615123e89025,6739,village_tract,,,,,,,,no_exact,confirmed_non_admin,confirmed_non_admin,,,,no CoreMap or MIMU exact identity under township; keep as non-linked postal locality,02-postal-review-previews/668cf37a9318.json
3c96ff84dcc5,0303008,1,ဇာလိုင် ရပ်ကွက်,Zalai Ward Quarter,ဇာလိုင်,zalai,Falam Township,ဖလမ်း မြို့နယ်,8e6d8096-1fd2-45cf-bd3b-615123e89025,6739,ward,,,,,,,,no_exact,confirmed_non_admin,confirmed_non_admin,,,,no CoreMap or MIMU exact identity under township; keep as non-linked postal locality,02-postal-review-previews/3c96ff84dcc5.json
90f61ab75ecb,0303005,1,လိုင်ဇိုး ရပ်ကွက်,Laizo Ward Quarter,လိုင်ဇိုး,laizo,Falam Township,ဖလမ်း မြို့နယ်,8e6d8096-1fd2-45cf-bd3b-615123e89025,6739,ward,,,,,,,,no_exact,confirmed_non_admin,confirmed_non_admin,,,,no CoreMap or MIMU exact identity under township; keep as non-linked postal locality,02-postal-review-previews/90f61ab75ecb.json
a5f0227b1728,0303006,1,လိုင်လွန် ရပ်ကွက်,Lailun Ward Quarter,လိုင်လွန်,lailun,Falam Township,ဖလမ်း မြို့နယ်,8e6d8096-1fd2-45cf-bd3b-615123e89025,6739,ward,,,,,,,,no_exact,confirmed_non_admin,confirmed_non_admin,,,,no CoreMap or MIMU exact identity under township; keep as non-linked postal locality,02-postal-review-previews/a5f0227b1728.json
8e86be52c864,0303007,1,လုံပီး ရပ်ကွက်,Lungpi Ward Quarter,လုံပီး,lungpi,Falam Township,ဖလမ်း မြို့နယ်,8e6d8096-1fd2-45cf-bd3b-615123e89025,6739,ward,,,,,,,,no_exact,confirmed_non_admin,confirmed_non_admin,,,,no CoreMap or MIMU exact identity under township; keep as non-linked postal locality,02-postal-review-previews/8e86be52c864.json
49dd9f645a82,0521252,1,ယင်းတော် ကျေးရွာအုပ်စု,Yin Taw Village Tract,ယင်းတော်,yintaw,Pyawbwe Township,ပျော်ဘွယ် မြို့နယ်,8f67450f-dd02-45c1-8d9d-d9d41ece6c35,7052,village_tract,,,,,,,,no_exact,confirmed_non_admin,confirmed_non_admin,,,,no CoreMap or MIMU exact identity under township; keep as non-linked postal locality,02-postal-review-previews/49dd9f645a82.json
5e5c3d247830,1138274,1,မလေးရှားဝိုင် ကျေးရွာအုပ်စု,Ma Lay Shar Waing Village Tract,မလေးရှားဝိုင်,malaysharwaing,Taikkyi Township,တိုက်ကြီး မြို့နယ်,93303d13-3738-4d01-97f7-5a5b42120022,7233,village_tract,,,,,,,,no_exact,confirmed_non_admin,confirmed_non_admin,,,,no CoreMap or MIMU exact identity under township; keep as non-linked postal locality,02-postal-review-previews/5e5c3d247830.json
0d0f76fd9674,1138237,1,ရေတာလေး ကျေးရွာအုပ်စု,Yae Tar Lay (Kyoe Kyar) Village Tract,ရေတာလေး,yaetarlaykyoekyar,Taikkyi Township,တိုက်ကြီး မြို့နယ်,93303d13-3738-4d01-97f7-5a5b42120022,7233,village_tract,,,,,,,,no_exact,confirmed_non_admin,confirmed_non_admin,,,,no CoreMap or MIMU exact identity under township; keep as non-linked postal locality,02-postal-review-previews/0d0f76fd9674.json
affb36a171a2,1008255,1,အသုတ် ကျေးရွာအုပ်စု,Ah Thoke Village Tract,အသုတ်,ahthoke,Yegyi Township,ရေကြည် မြို့နယ်,938a79c1-c5f0-4a7a-9f2a-120dff8c8750,7187,village_tract,,,,,,,,no_exact,confirmed_non_admin,confirmed_non_admin,,,,no CoreMap or MIMU exact identity under township; keep as non-linked postal locality,02-postal-review-previews/affb36a171a2.json
f1fbf6f5e275,0107004,1,ကန်ပိုင်ယံ ရပ်ကွက်,Kan Paing Yan Quarter,ကန်ပိုင်ယံ,kanpaingyan,Chipwi Township,ချီ​ဖွေ မြို့နယ်,93c52e90-af03-420b-aea3-2a4ae723f1e1,6690,ward,,,,,,,,no_exact,confirmed_non_admin,confirmed_non_admin,,,,no CoreMap or MIMU exact identity under township; keep as non-linked postal locality,02-postal-review-previews/f1fbf6f5e275.json
31bd83bf00d6,0107003,1,ဘာလဲ့ဒမ် ရပ်ကွက်,Ba Leit Dan Quarter,ဘာလဲ့ဒမ်,baleitdan,Chipwi Township,ချီ​ဖွေ မြို့နယ်,93c52e90-af03-420b-aea3-2a4ae723f1e1,6690,ward,,,,,,,,no_exact,confirmed_non_admin,confirmed_non_admin,,,,no CoreMap or MIMU exact identity under township; keep as non-linked postal locality,02-postal-review-previews/31bd83bf00d6.json
0c3bc5b04f99,0107001,1,ရစ်လောခေါင် ရပ်ကွက်,Yit Law Hkaung Quarter,ရစ်လောခေါင်,yitlawhkaung,Chipwi Township,ချီ​ဖွေ မြို့နယ်,93c52e90-af03-420b-aea3-2a4ae723f1e1,6690,ward,,,,,,,,no_exact,confirmed_non_admin,confirmed_non_admin,,,,no CoreMap or MIMU exact identity under township; keep as non-linked postal locality,02-postal-review-previews/0c3bc5b04f99.json
ae8c3c2cf964,0107002,1,ဥက္ကပ် ရပ်ကွက်,Oke Kat Quarter,ဥက္ကပ်,okekat,Chipwi Township,ချီ​ဖွေ မြို့နယ်,93c52e90-af03-420b-aea3-2a4ae723f1e1,6690,ward,,,,,,,,no_exact,confirmed_non_admin,confirmed_non_admin,,,,no CoreMap or MIMU exact identity under township; keep as non-linked postal locality,02-postal-review-previews/ae8c3c2cf964.json
2df16c77221b,1702201,1,နမ့်ဆော် ကျေးရွာအုပ်စု,Nam Hsaw Village Tract,နမ့်ဆော်,namhsaw,Mongkhet Township,မိုင်းခတ် မြို့နယ်,946c6529-d6ec-414d-ba51-0a494d775522,6331,village_tract,,,,,,,,no_exact,confirmed_non_admin,confirmed_non_admin,,,,no CoreMap or MIMU exact identity under township; keep as non-linked postal locality,02-postal-review-previews/2df16c77221b.json
3e759625a6c7,0710217,1,ကုန်ဘောင် ကျေးရွာအုပ်စု,Kone Baung Village Tract,ကုန်ဘောင်,konebaung,Mrauk-U Township,မြောက်ဦး မြို့နယ်,9507bdfe-ed00-46b7-9f9e-e4ec83debe07,6951,village_tract,16872,f0b80097-d1b1-48df-b2cb-7a6f9449c11f,ကုန်ဘောင် / Kone Baung,mm=[];en=[],village_tract|parent=9507bdfe-ed00-46b7-9f9e-e4ec83debe07,16872/f0b80097-d1b1-48df-b2cb-7a6f9449c11f:village_tract:ကုန်ဘောင်/Kone Baung(aliases_mm=;aliases_en=),MMR012003018:Kon Baung/ကုန်ဘောင်;MMR012003077:Kone Baung/ကုန်ဘောင်,unique_exact_bilingual,link_existing,link_existing,f0b80097-d1b1-48df-b2cb-7a6f9449c11f,,,unique exact bilingual identity → f0b80097-d1b1-48df-b2cb-7a6f9449c11f,02-postal-review-previews/3e759625a6c7.json
d6a829503ef3,0710276,1,ကုန်ဘောင် ကျေးရွာအုပ်စု,Kon Baung Village Tract,ကုန်ဘောင်,konbaung,Mrauk-U Township,မြောက်ဦး မြို့နယ်,9507bdfe-ed00-46b7-9f9e-e4ec83debe07,6951,village_tract,16871,b138e1b2-f276-4392-bae5-95042af8c640,ကုန်ဘောင် / Kon Baung,mm=[];en=[],village_tract|parent=9507bdfe-ed00-46b7-9f9e-e4ec83debe07,16871/b138e1b2-f276-4392-bae5-95042af8c640:village_tract:ကုန်ဘောင်/Kon Baung(aliases_mm=;aliases_en=),MMR012003018:Kon Baung/ကုန်ဘောင်;MMR012003077:Kone Baung/ကုန်ဘောင်,unique_exact_bilingual,link_existing,link_existing,b138e1b2-f276-4392-bae5-95042af8c640,,,unique exact bilingual identity → b138e1b2-f276-4392-bae5-95042af8c640,02-postal-review-previews/d6a829503ef3.json
2b7294329527,0710287,1,ရန်အောင်ပြင် ကျေးရွာအုပ်စု,Yan Aung Pyin Village Tract,ရန်အောင်ပြင်,yanaungpyin,Mrauk-U Township,မြောက်ဦး မြို့နယ်,9507bdfe-ed00-46b7-9f9e-e4ec83debe07,6951,village_tract,,,,,,,,no_exact,confirmed_non_admin,confirmed_non_admin,,,,no CoreMap or MIMU exact identity under township; keep as non-linked postal locality,02-postal-review-previews/2b7294329527.json
646884a55755,0102220,1,အင်တျိန်ခရမ် ကျေးရွာအုပ်စု,In Trein Hka Yam Village Tract,အင်တျိန်ခရမ်,intreinhkayam,Injangyang Township,အင်ဂျန်းယန် မြို့နယ်,95a2ca52-9e38-4045-9e00-334771a534ae,6668,village_tract,,,,,,,,no_exact,confirmed_non_admin,confirmed_non_admin,,,,no CoreMap or MIMU exact identity under township; keep as non-linked postal locality,02-postal-review-previews/646884a55755.json
bb667c7ab3e9,0102001,1,အမှတ် (၁) ရပ်ကွက်,No (1) Quarter,၁,1,Injangyang Township,အင်ဂျန်းယန် မြို့နယ်,95a2ca52-9e38-4045-9e00-334771a534ae,6668,ward,,,,,,,,no_exact,confirmed_non_admin,confirmed_non_admin,,,,no CoreMap or MIMU exact identity under township; keep as non-linked postal locality,02-postal-review-previews/bb667c7ab3e9.json
bbc85f67181d,0102002,1,အမှတ် (၂) ရပ်ကွက်,No (2) Quarter,၂,2,Injangyang Township,အင်ဂျန်းယန် မြို့နယ်,95a2ca52-9e38-4045-9e00-334771a534ae,6668,ward,,,,,,,,no_exact,confirmed_non_admin,confirmed_non_admin,,,,no CoreMap or MIMU exact identity under township; keep as non-linked postal locality,02-postal-review-previews/bbc85f67181d.json
7831ba18edde,0102003,1,အမှတ် (၃) ရပ်ကွက်,No (3) Quarter,၃,3,Injangyang Township,အင်ဂျန်းယန် မြို့နယ်,95a2ca52-9e38-4045-9e00-334771a534ae,6668,ward,,,,,,,,no_exact,confirmed_non_admin,confirmed_non_admin,,,,no CoreMap or MIMU exact identity under township; keep as non-linked postal locality,02-postal-review-previews/7831ba18edde.json
f2091e80ba41,0102004,1,အမှတ် (၄) ရပ်ကွက်,No (4) Quarter,၄,4,Injangyang Township,အင်ဂျန်းယန် မြို့နယ်,95a2ca52-9e38-4045-9e00-334771a534ae,6668,ward,,,,,,,,no_exact,confirmed_non_admin,confirmed_non_admin,,,,no CoreMap or MIMU exact identity under township; keep as non-linked postal locality,02-postal-review-previews/f2091e80ba41.json
156eb1b3e1cd,1707210,1,မုန်းထော် ကျေးရွာအုပ်စု,Mone Htaw Village Tract,မုန်းထော်,monehtaw,Mongton Township,မိုင်းတုံ မြို့နယ်,964681b2-6ee8-4d4e-b510-c0b49d7ee897,6385,village_tract,,,,,,,,no_exact,confirmed_non_admin,confirmed_non_admin,,,,no CoreMap or MIMU exact identity under township; keep as non-linked postal locality,02-postal-review-previews/156eb1b3e1cd.json
f9b735834a0f,1707002,1,နောင်ပါရင် ရပ်ကွက်,Nawng Pa Yin Quarter,နောင်ပါရင်,nawngpayin,Mongton Township,မိုင်းတုံ မြို့နယ်,964681b2-6ee8-4d4e-b510-c0b49d7ee897,6385,ward,,,,,,,,no_exact,confirmed_non_admin,confirmed_non_admin,,,,no CoreMap or MIMU exact identity under township; keep as non-linked postal locality,02-postal-review-previews/f9b735834a0f.json
a7e6d6e1db09,1707001,1,မြို့မ ရပ်ကွက်,Myo Ma Quarter,မ,myoma,Mongton Township,မိုင်းတုံ မြို့နယ်,964681b2-6ee8-4d4e-b510-c0b49d7ee897,6385,ward,,,,,,,,no_exact,confirmed_non_admin,confirmed_non_admin,,,,no CoreMap or MIMU exact identity under township; keep as non-linked postal locality,02-postal-review-previews/a7e6d6e1db09.json
f57ffd7737c8,1707003,1,ဝမ်မိုင် ရပ်ကွက်,Wan Mai Quarter,ဝမ်မိုင်,wanmai,Mongton Township,မိုင်းတုံ မြို့နယ်,964681b2-6ee8-4d4e-b510-c0b49d7ee897,6385,ward,,,,,,,,no_exact,confirmed_non_admin,confirmed_non_admin,,,,no CoreMap or MIMU exact identity under township; keep as non-linked postal locality,02-postal-review-previews/f57ffd7737c8.json
0c5e4832df49,1804005,1,ဈေး (၁) ရပ်ကွက်,Zay (1) Quarter,ဈေး၁,zay1,Paungde Township,ပေါင်းတည် မြို့နယ်,964c827f-a171-4b04-b1a7-02b6c2198bde,7161,ward,,,,,,,,no_exact,confirmed_non_admin,confirmed_non_admin,,,,no CoreMap or MIMU exact identity under township; keep as non-linked postal locality,02-postal-review-previews/0c5e4832df49.json
130db459849f,1804006,1,ဈေး (၂) ရပ်ကွက်,Zay (2) Quarter,ဈေး၂,zay2,Paungde Township,ပေါင်းတည် မြို့နယ်,964c827f-a171-4b04-b1a7-02b6c2198bde,7161,ward,,,,,,,,no_exact,confirmed_non_admin,confirmed_non_admin,,,,no CoreMap or MIMU exact identity under township; keep as non-linked postal locality,02-postal-review-previews/130db459849f.json
d314d9077f8c,1804010,1,နွယ်ချို (၁) ရပ်ကွက်,Nwe Cho (1) Quarter,နွယ်ချို၁,nwecho1,Paungde Township,ပေါင်းတည် မြို့နယ်,964c827f-a171-4b04-b1a7-02b6c2198bde,7161,ward,,,,,,,,no_exact,confirmed_non_admin,confirmed_non_admin,,,,no CoreMap or MIMU exact identity under township; keep as non-linked postal locality,02-postal-review-previews/d314d9077f8c.json
09049dcb965e,1804011,1,နွယ်ချို (၂) ရပ်ကွက်,Nwe Cho (2) Quarter,နွယ်ချို၂,nwecho2,Paungde Township,ပေါင်းတည် မြို့နယ်,964c827f-a171-4b04-b1a7-02b6c2198bde,7161,ward,,,,,,,,no_exact,confirmed_non_admin,confirmed_non_admin,,,,no CoreMap or MIMU exact identity under township; keep as non-linked postal locality,02-postal-review-previews/09049dcb965e.json
fd00eea62577,1804002,1,ပျဉ်းပင်ကန် ရပ်ကွက်,Pyin Pin Kan Quarter,ပျဉ်းပင်ကန်,pyinpinkan,Paungde Township,ပေါင်းတည် မြို့နယ်,964c827f-a171-4b04-b1a7-02b6c2198bde,7161,ward,,,,,,,,no_exact,confirmed_non_admin,confirmed_non_admin,,,,no CoreMap or MIMU exact identity under township; keep as non-linked postal locality,02-postal-review-previews/fd00eea62577.json
8656f2ea38a0,1804001,1,ဘွဲ့ပင်ကန် ရပ်ကွက်,Bweit Pin Kan Quarter,ဘွဲ့ပင်ကန်,bweitpinkan,Paungde Township,ပေါင်းတည် မြို့နယ်,964c827f-a171-4b04-b1a7-02b6c2198bde,7161,ward,,,,,,,,no_exact,confirmed_non_admin,confirmed_non_admin,,,,no CoreMap or MIMU exact identity under township; keep as non-linked postal locality,02-postal-review-previews/8656f2ea38a0.json
028cbaa63789,1804007,1,မင်းကွက် (၁) ရပ်ကွက်,Min Kwet (1) Quarter,မင်းကွက်၁,minkwet1,Paungde Township,ပေါင်းတည် မြို့နယ်,964c827f-a171-4b04-b1a7-02b6c2198bde,7161,ward,,,,,,,,no_exact,confirmed_non_admin,confirmed_non_admin,,,,no CoreMap or MIMU exact identity under township; keep as non-linked postal locality,02-postal-review-previews/028cbaa63789.json
f100ecac9416,1804008,1,မင်းကွက် (၂) ရပ်ကွက်,Min Kwet  (2) Quarter,မင်းကွက်၂,minkwet2,Paungde Township,ပေါင်းတည် မြို့နယ်,964c827f-a171-4b04-b1a7-02b6c2198bde,7161,ward,,,,,,,,no_exact,confirmed_non_admin,confirmed_non_admin,,,,no CoreMap or MIMU exact identity under township; keep as non-linked postal locality,02-postal-review-previews/f100ecac9416.json
95374e800207,1804009,1,မင်းကွက် (၃) ရပ်ကွက်,Min Kwet (3) Quarter,မင်းကွက်၃,minkwet3,Paungde Township,ပေါင်းတည် မြို့နယ်,964c827f-a171-4b04-b1a7-02b6c2198bde,7161,ward,,,,,,,,no_exact,confirmed_non_admin,confirmed_non_admin,,,,no CoreMap or MIMU exact identity under township; keep as non-linked postal locality,02-postal-review-previews/95374e800207.json
b6b8fe87d7d3,1804012,1,ဟင်္သာကန် ရပ်ကွက်,Hin Thar Kan Quarter,ဟင်္သာကန်,hintharkan,Paungde Township,ပေါင်းတည် မြို့နယ်,964c827f-a171-4b04-b1a7-02b6c2198bde,7161,ward,,,,,,,,no_exact,confirmed_non_admin,confirmed_non_admin,,,,no CoreMap or MIMU exact identity under township; keep as non-linked postal locality,02-postal-review-previews/b6b8fe87d7d3.json
d3f7c36f38d9,1804003,1,အုတ်ဖို (၁) အရှေ့ ရပ်ကွက်,Oke Hpo (1) Ah Shey Quarter,အုတ်ဖို၁အရှေ့,okehpo1ahshey,Paungde Township,ပေါင်းတည် မြို့နယ်,964c827f-a171-4b04-b1a7-02b6c2198bde,7161,ward,,,,,,,,no_exact,confirmed_non_admin,confirmed_non_admin,,,,no CoreMap or MIMU exact identity under township; keep as non-linked postal locality,02-postal-review-previews/d3f7c36f38d9.json
46377da547d8,1804004,1,အုတ်ဖို (၂) အနောက် ရပ်ကွက်,Oke Hpo (2) Ah Nauk Quarter,အုတ်ဖို၂အနောက်,okehpo2ahnauk,Paungde Township,ပေါင်းတည် မြို့နယ်,964c827f-a171-4b04-b1a7-02b6c2198bde,7161,ward,,,,,,,,no_exact,confirmed_non_admin,confirmed_non_admin,,,,no CoreMap or MIMU exact identity under township; keep as non-linked postal locality,02-postal-review-previews/46377da547d8.json
863ab49443b5,0420202,1,ကမ္မ ကျေးရွာအုပ်စု,Kamma Village Tract,ကမ္မ,kamma,Pakokku Township,ပခုက္ကူ မြို့နယ်,972fde85-8ce2-48a4-b973-7faeefd60067,6914,village_tract,,,,,,,,no_exact,confirmed_non_admin,confirmed_non_admin,,,,no CoreMap or MIMU exact identity under township; keep as non-linked postal locality,02-postal-review-previews/863ab49443b5.json
6457955049b3,0420001,1,အမှတ် (၁) ရပ်ကွက်,No (1) Quarter,၁,1,Pakokku Township,ပခုက္ကူ မြို့နယ်,972fde85-8ce2-48a4-b973-7faeefd60067,6914,ward,,,,,,,,no_exact,confirmed_non_admin,confirmed_non_admin,,,,no CoreMap or MIMU exact identity under township; keep as non-linked postal locality,02-postal-review-previews/6457955049b3.json
8d2b59240a94,0420010,1,အမှတ် (၁၀) ရပ်ကွက်,No (10) Quarter,၁၀,10,Pakokku Township,ပခုက္ကူ မြို့နယ်,972fde85-8ce2-48a4-b973-7faeefd60067,6914,ward,,,,,,,,no_exact,confirmed_non_admin,confirmed_non_admin,,,,no CoreMap or MIMU exact identity under township; keep as non-linked postal locality,02-postal-review-previews/8d2b59240a94.json
3fb897a33d82,0420011,1,အမှတ် (၁၁) ရပ်ကွက်,No (11) Quarter,၁၁,11,Pakokku Township,ပခုက္ကူ မြို့နယ်,972fde85-8ce2-48a4-b973-7faeefd60067,6914,ward,,,,,,,,no_exact,confirmed_non_admin,confirmed_non_admin,,,,no CoreMap or MIMU exact identity under township; keep as non-linked postal locality,02-postal-review-previews/3fb897a33d82.json
5008e535c917,0420012,1,အမှတ် (၁၂) ရပ်ကွက်,No (12) Quarter,၁၂,12,Pakokku Township,ပခုက္ကူ မြို့နယ်,972fde85-8ce2-48a4-b973-7faeefd60067,6914,ward,,,,,,,,no_exact,confirmed_non_admin,confirmed_non_admin,,,,no CoreMap or MIMU exact identity under township; keep as non-linked postal locality,02-postal-review-previews/5008e535c917.json
b004ed907d78,0420013,1,အမှတ် (၁၃) ရပ်ကွက်,No (13) Quarter,၁၃,13,Pakokku Township,ပခုက္ကူ မြို့နယ်,972fde85-8ce2-48a4-b973-7faeefd60067,6914,ward,,,,,,,,no_exact,confirmed_non_admin,confirmed_non_admin,,,,no CoreMap or MIMU exact identity under township; keep as non-linked postal locality,02-postal-review-previews/b004ed907d78.json
85e52fe06f94,0420014,1,အမှတ် (၁၄) ရပ်ကွက်,No (14) Quarter,၁၄,14,Pakokku Township,ပခုက္ကူ မြို့နယ်,972fde85-8ce2-48a4-b973-7faeefd60067,6914,ward,,,,,,,,no_exact,confirmed_non_admin,confirmed_non_admin,,,,no CoreMap or MIMU exact identity under township; keep as non-linked postal locality,02-postal-review-previews/85e52fe06f94.json
e85787ece94d,0420015,1,အမှတ် (၁၅) ရပ်ကွက်,No (15) Quarter,၁၅,15,Pakokku Township,ပခုက္ကူ မြို့နယ်,972fde85-8ce2-48a4-b973-7faeefd60067,6914,ward,,,,,,,,no_exact,confirmed_non_admin,confirmed_non_admin,,,,no CoreMap or MIMU exact identity under township; keep as non-linked postal locality,02-postal-review-previews/e85787ece94d.json
e3cbe165fe16,0420002,1,အမှတ် (၂) ရပ်ကွက်,No (2) Quarter,၂,2,Pakokku Township,ပခုက္ကူ မြို့နယ်,972fde85-8ce2-48a4-b973-7faeefd60067,6914,ward,,,,,,,,no_exact,confirmed_non_admin,confirmed_non_admin,,,,no CoreMap or MIMU exact identity under township; keep as non-linked postal locality,02-postal-review-previews/e3cbe165fe16.json
f6414d8d2040,0420003,1,အမှတ် (၃) ရပ်ကွက်,No (3) Quarter,၃,3,Pakokku Township,ပခုက္ကူ မြို့နယ်,972fde85-8ce2-48a4-b973-7faeefd60067,6914,ward,,,,,,,,no_exact,confirmed_non_admin,confirmed_non_admin,,,,no CoreMap or MIMU exact identity under township; keep as non-linked postal locality,02-postal-review-previews/f6414d8d2040.json
c29fb70ae717,0420004,1,အမှတ် (၄) ရပ်ကွက်,No (4) Quarter,၄,4,Pakokku Township,ပခုက္ကူ မြို့နယ်,972fde85-8ce2-48a4-b973-7faeefd60067,6914,ward,,,,,,,,no_exact,confirmed_non_admin,confirmed_non_admin,,,,no CoreMap or MIMU exact identity under township; keep as non-linked postal locality,02-postal-review-previews/c29fb70ae717.json
135529a6ef01,0420005,1,အမှတ် (၅) ရပ်ကွက်,No (5) Quarter,၅,5,Pakokku Township,ပခုက္ကူ မြို့နယ်,972fde85-8ce2-48a4-b973-7faeefd60067,6914,ward,,,,,,,,no_exact,confirmed_non_admin,confirmed_non_admin,,,,no CoreMap or MIMU exact identity under township; keep as non-linked postal locality,02-postal-review-previews/135529a6ef01.json
ce8bce5c3d89,0420006,1,အမှတ် (၆) ရပ်ကွက်,No (6) Quarter,၆,6,Pakokku Township,ပခုက္ကူ မြို့နယ်,972fde85-8ce2-48a4-b973-7faeefd60067,6914,ward,,,,,,,,no_exact,confirmed_non_admin,confirmed_non_admin,,,,no CoreMap or MIMU exact identity under township; keep as non-linked postal locality,02-postal-review-previews/ce8bce5c3d89.json
d0ea3c210efd,0420007,1,အမှတ် (၇) ရပ်ကွက်,No (7) Quarter,၇,7,Pakokku Township,ပခုက္ကူ မြို့နယ်,972fde85-8ce2-48a4-b973-7faeefd60067,6914,ward,,,,,,,,no_exact,confirmed_non_admin,confirmed_non_admin,,,,no CoreMap or MIMU exact identity under township; keep as non-linked postal locality,02-postal-review-previews/d0ea3c210efd.json
7518a2e4b0cb,0420008,1,အမှတ် (၈) ရပ်ကွက်,No (8) Quarter,၈,8,Pakokku Township,ပခုက္ကူ မြို့နယ်,972fde85-8ce2-48a4-b973-7faeefd60067,6914,ward,,,,,,,,no_exact,confirmed_non_admin,confirmed_non_admin,,,,no CoreMap or MIMU exact identity under township; keep as non-linked postal locality,02-postal-review-previews/7518a2e4b0cb.json
36e41632d6ab,0420009,1,အမှတ် (၉) ရပ်ကွက်,No (9) Quarter,၉,9,Pakokku Township,ပခုက္ကူ မြို့နယ်,972fde85-8ce2-48a4-b973-7faeefd60067,6914,ward,,,,,,,,no_exact,confirmed_non_admin,confirmed_non_admin,,,,no CoreMap or MIMU exact identity under township; keep as non-linked postal locality,02-postal-review-previews/36e41632d6ab.json
2718554bd2eb,0601007,1,ကန်အောက် ရပ်ကွက်,Kan Auk Quarter,ကန်အောက်,kanauk,Taunggyi Township,တောင်ကြီး မြို့နယ်,97faedef-5bbe-4490-a177-2910a2f1a05a,6114,ward,,,,,,,,no_exact,confirmed_non_admin,confirmed_non_admin,,,,no CoreMap or MIMU exact identity under township; keep as non-linked postal locality,02-postal-review-previews/2718554bd2eb.json
faae60687ac6,0601022,1,ကံကြီး ရပ်ကွက်,Kan Gyi Quarter,ကံကြီး,kangyi,Taunggyi Township,တောင်ကြီး မြို့နယ်,97faedef-5bbe-4490-a177-2910a2f1a05a,6114,ward,,,,,,,,no_exact,confirmed_non_admin,confirmed_non_admin,,,,no CoreMap or MIMU exact identity under township; keep as non-linked postal locality,02-postal-review-previews/faae60687ac6.json
246828ddefa6,0601015,1,ကံသာ ရပ်ကွက်,Kan Thar Quarter,ကံသာ,kanthar,Taunggyi Township,တောင်ကြီး မြို့နယ်,97faedef-5bbe-4490-a177-2910a2f1a05a,6114,ward,,,,,,,,no_exact,confirmed_non_admin,confirmed_non_admin,,,,no CoreMap or MIMU exact identity under township; keep as non-linked postal locality,02-postal-review-previews/246828ddefa6.json
3bd232cf2987,0601011,1,ကံအောက် ရပ်ကွက်,Kan Auk Quarter,ကံအောက်,kanauk,Taunggyi Township,တောင်ကြီး မြို့နယ်,97faedef-5bbe-4490-a177-2910a2f1a05a,6114,ward,,,,,,,,no_exact,confirmed_non_admin,confirmed_non_admin,,,,no CoreMap or MIMU exact identity under township; keep as non-linked postal locality,02-postal-review-previews/3bd232cf2987.json
62e0019b4933,0601019,1,ကျောင်းကြီးစု ရပ်ကွက်,Kyaung Gyi Su Quarter,ကျောင်းကြီးစု,kyaunggyisu,Taunggyi Township,တောင်ကြီး မြို့နယ်,97faedef-5bbe-4490-a177-2910a2f1a05a,6114,ward,,,,,,,,no_exact,confirmed_non_admin,confirmed_non_admin,,,,no CoreMap or MIMU exact identity under township; keep as non-linked postal locality,02-postal-review-previews/62e0019b4933.json
ed3dbecbfdf2,0601008,1,ချမ်းမြသာစည် ရပ်ကွက်,Chan Mya Thar Zi Quarter,ချမ်းမြသာစည်,chanmyatharzi,Taunggyi Township,တောင်ကြီး မြို့နယ်,97faedef-5bbe-4490-a177-2910a2f1a05a,6114,ward,,,,,,,,no_exact,confirmed_non_admin,confirmed_non_admin,,,,no CoreMap or MIMU exact identity under township; keep as non-linked postal locality,02-postal-review-previews/ed3dbecbfdf2.json
323f9d616055,0601018,1,ချမ်းသာ ရပ်ကွက်,Chan Thar Quarter,ချမ်းသာ,chanthar,Taunggyi Township,တောင်ကြီး မြို့နယ်,97faedef-5bbe-4490-a177-2910a2f1a05a,6114,ward,,,,,,,,no_exact,confirmed_non_admin,confirmed_non_admin,,,,no CoreMap or MIMU exact identity under township; keep as non-linked postal locality,02-postal-review-previews/323f9d616055.json
532391ee3086,0601020,1,စပ်စံထွန်း ရပ်ကွက်,Sat San Tun Quarter,စပ်စံထွန်း,satsantun,Taunggyi Township,တောင်ကြီး မြို့နယ်,97faedef-5bbe-4490-a177-2910a2f1a05a,6114,ward,,,,,,,,no_exact,confirmed_non_admin,confirmed_non_admin,,,,no CoreMap or MIMU exact identity under township; keep as non-linked postal locality,02-postal-review-previews/532391ee3086.json
90d501a0db07,0601014,1,စိန်ပန်း ရပ်ကွက်,Sein Pan Quarter,စိန်ပန်း,seinpan,Taunggyi Township,တောင်ကြီး မြို့နယ်,97faedef-5bbe-4490-a177-2910a2f1a05a,6114,ward,,,,,,,,no_exact,confirmed_non_admin,confirmed_non_admin,,,,no CoreMap or MIMU exact identity under township; keep as non-linked postal locality,02-postal-review-previews/90d501a0db07.json
1ed1946082c5,0601009,1,ဈေးပိုင်း ရပ်ကွက်,Zay Paing Quarter,ဈေးပိုင်း,zaypaing,Taunggyi Township,တောင်ကြီး မြို့နယ်,97faedef-5bbe-4490-a177-2910a2f1a05a,6114,ward,,,,,,,,no_exact,confirmed_non_admin,confirmed_non_admin,,,,no CoreMap or MIMU exact identity under township; keep as non-linked postal locality,02-postal-review-previews/1ed1946082c5.json
98fb9d981014,0601001,1,ညောင်ဖြူစခန်း ရပ်ကွက်,Nyaung Hpyu Sa Khan Quarter,ညောင်ဖြူစခန်း,nyaunghpyusakhan,Taunggyi Township,တောင်ကြီး မြို့နယ်,97faedef-5bbe-4490-a177-2910a2f1a05a,6114,ward,,,,,,,,no_exact,confirmed_non_admin,confirmed_non_admin,,,,no CoreMap or MIMU exact identity under township; keep as non-linked postal locality,02-postal-review-previews/98fb9d981014.json
80835c07f853,0601005,1,ညောင်ရွှေဟော်ကုန်း ရပ်ကွက်,Nyaung Shwe Haw Kone Quarter,ညောင်ရွှေဟော်ကုန်း,nyaungshwehawkone,Taunggyi Township,တောင်ကြီး မြို့နယ်,97faedef-5bbe-4490-a177-2910a2f1a05a,6114,ward,,,,,,,,no_exact,confirmed_non_admin,confirmed_non_admin,,,,no CoreMap or MIMU exact identity under township; keep as non-linked postal locality,02-postal-review-previews/80835c07f853.json
414600009d92,0601003,1,ပြည်တော်သာ ရပ်ကွက်,Pyi Taw Thar Quarter,ပြည်တော်သာ,pyitawthar,Taunggyi Township,တောင်ကြီး မြို့နယ်,97faedef-5bbe-4490-a177-2910a2f1a05a,6114,ward,,,,,,,,no_exact,confirmed_non_admin,confirmed_non_admin,,,,no CoreMap or MIMU exact identity under township; keep as non-linked postal locality,02-postal-review-previews/414600009d92.json
8a205940e885,0601021,1,ဘုရားဖြူ ရပ်ကွက်,Hpa Yar Phyu Quarter,ဘုရားဖြူ,hpayarphyu,Taunggyi Township,တောင်ကြီး မြို့နယ်,97faedef-5bbe-4490-a177-2910a2f1a05a,6114,ward,,,,,,,,no_exact,confirmed_non_admin,confirmed_non_admin,,,,no CoreMap or MIMU exact identity under township; keep as non-linked postal locality,02-postal-review-previews/8a205940e885.json
638da191959a,0601016,1,မြို့မ ရပ်ကွက်,Myo Ma Quarter,မ,myoma,Taunggyi Township,တောင်ကြီး မြို့နယ်,97faedef-5bbe-4490-a177-2910a2f1a05a,6114,ward,,,,,,,,no_exact,confirmed_non_admin,confirmed_non_admin,,,,no CoreMap or MIMU exact identity under township; keep as non-linked postal locality,02-postal-review-previews/638da191959a.json
460c9105f8b0,0601002,1,မင်္ဂလာဦး ရပ်ကွက်,Min Ga Lar U Quarter,မင်္ဂလာဦး,mingalaru,Taunggyi Township,တောင်ကြီး မြို့နယ်,97faedef-5bbe-4490-a177-2910a2f1a05a,6114,ward,,,,,,,,no_exact,confirmed_non_admin,confirmed_non_admin,,,,no CoreMap or MIMU exact identity under township; keep as non-linked postal locality,02-postal-review-previews/460c9105f8b0.json
3481da55d55d,0601004,1,ရတနာသီရိ ရပ်ကွက်,Ya Da Nar Thi Ri Quarter,ရတနာသီရိ,yadanarthiri,Taunggyi Township,တောင်ကြီး မြို့နယ်,97faedef-5bbe-4490-a177-2910a2f1a05a,6114,ward,,,,,,,,no_exact,confirmed_non_admin,confirmed_non_admin,,,,no CoreMap or MIMU exact identity under township; keep as non-linked postal locality,02-postal-review-previews/3481da55d55d.json
f6f8260902e7,0601006,1,ရေအေးကွင်း ရပ်ကွက်,Yae Aye Kwin Quarter,ရေအေးကွင်း,yaeayekwin,Taunggyi Township,တောင်ကြီး မြို့နယ်,97faedef-5bbe-4490-a177-2910a2f1a05a,6114,ward,,,,,,,,no_exact,confirmed_non_admin,confirmed_non_admin,,,,no CoreMap or MIMU exact identity under township; keep as non-linked postal locality,02-postal-review-previews/f6f8260902e7.json
b153585230ac,0601010,1,ရွှေတောင် ရပ်ကွက်,Shwe Taung Quarter,ရွှေတောင်,shwetaung,Taunggyi Township,တောင်ကြီး မြို့နယ်,97faedef-5bbe-4490-a177-2910a2f1a05a,6114,ward,,,,,,,,no_exact,confirmed_non_admin,confirmed_non_admin,,,,no CoreMap or MIMU exact identity under township; keep as non-linked postal locality,02-postal-review-previews/b153585230ac.json
983e019ab1b0,0601012,1,လမ်းမတော် ရပ်ကွက်,Lan Ma Taw Quarter,လမ်းမတော်,lanmataw,Taunggyi Township,တောင်ကြီး မြို့နယ်,97faedef-5bbe-4490-a177-2910a2f1a05a,6114,ward,,,,,,,,no_exact,confirmed_non_admin,confirmed_non_admin,,,,no CoreMap or MIMU exact identity under township; keep as non-linked postal locality,02-postal-review-previews/983e019ab1b0.json
9310a4c6d7a0,0601017,1,သစ်တော ရပ်ကွက်,Thit Taw Quarter,သစ်တော,thittaw,Taunggyi Township,တောင်ကြီး မြို့နယ်,97faedef-5bbe-4490-a177-2910a2f1a05a,6114,ward,,,,,,,,no_exact,confirmed_non_admin,confirmed_non_admin,,,,no CoreMap or MIMU exact identity under township; keep as non-linked postal locality,02-postal-review-previews/9310a4c6d7a0.json
1d9d4a96198a,0601013,1,ဟော်ကုန်း ရပ်ကွက်,Haw Kone Quarter,ဟော်ကုန်း,hawkone,Taunggyi Township,တောင်ကြီး မြို့နယ်,97faedef-5bbe-4490-a177-2910a2f1a05a,6114,ward,,,,,,,,no_exact,confirmed_non_admin,confirmed_non_admin,,,,no CoreMap or MIMU exact identity under township; keep as non-linked postal locality,02-postal-review-previews/1d9d4a96198a.json
91fdba0d358c,0111238,1,မင်းကုန်း ကျေးရွာအုပ်စု,Min Kone Village Tract,မင်းကုန်း,minkone,Mohnyin Township,မိုးညှင်း မြို့နယ်,9acfdc84-eb1f-4200-a298-8fa0c523e65a,6601,village_tract,,,,,,,,no_exact,confirmed_non_admin,confirmed_non_admin,,,,no CoreMap or MIMU exact identity under township; keep as non-linked postal locality,02-postal-review-previews/91fdba0d358c.json
95e881ca8a10,0111001,1,နန့်ခါ ရပ်ကွက်,Nam Khar Quarter,နန့်ခါ,namkhar,Mohnyin Township,မိုးညှင်း မြို့နယ်,9acfdc84-eb1f-4200-a298-8fa0c523e65a,6601,ward,,,,,,,,no_exact,confirmed_non_admin,confirmed_non_admin,,,,no CoreMap or MIMU exact identity under township; keep as non-linked postal locality,02-postal-review-previews/95e881ca8a10.json
e2db8b19c116,0111002,1,မြို့မ ရပ်ကွက်,Myo Ma Quarter,မ,myoma,Mohnyin Township,မိုးညှင်း မြို့နယ်,9acfdc84-eb1f-4200-a298-8fa0c523e65a,6601,ward,,,,,,,,no_exact,confirmed_non_admin,confirmed_non_admin,,,,no CoreMap or MIMU exact identity under township; keep as non-linked postal locality,02-postal-review-previews/e2db8b19c116.json
ae4dc4c1ee1f,0111004,1,အရှေ့စု ရပ်ကွက်,Ah Shey Su Quarter,အရှေ့စု,ahsheysu,Mohnyin Township,မိုးညှင်း မြို့နယ်,9acfdc84-eb1f-4200-a298-8fa0c523e65a,6601,ward,,,,,,,,no_exact,confirmed_non_admin,confirmed_non_admin,,,,no CoreMap or MIMU exact identity under township; keep as non-linked postal locality,02-postal-review-previews/ae4dc4c1ee1f.json
7d9aa3636c1c,0111003,1,အုတ်ကျင်း ရပ်ကွက်,Oke Kyin Quarter,အုတ်ကျင်း,okekyin,Mohnyin Township,မိုးညှင်း မြို့နယ်,9acfdc84-eb1f-4200-a298-8fa0c523e65a,6601,ward,,,,,,,,no_exact,confirmed_non_admin,confirmed_non_admin,,,,no CoreMap or MIMU exact identity under township; keep as non-linked postal locality,02-postal-review-previews/7d9aa3636c1c.json
3bb0b2ea8e15,0111005,1,အောင်သပြေ ရပ်ကွက်,Aung Tha Pyay Quarter,အောင်သပြေ,aungthapyay,Mohnyin Township,မိုးညှင်း မြို့နယ်,9acfdc84-eb1f-4200-a298-8fa0c523e65a,6601,ward,,,,,,,,no_exact,confirmed_non_admin,confirmed_non_admin,,,,no CoreMap or MIMU exact identity under township; keep as non-linked postal locality,02-postal-review-previews/3bb0b2ea8e15.json
9f1dffa45797,0706003,1,ကျောက်တော် ရပ်ကွက်,Kyauk Taw Quarter,ကျောက်တော်,kyauktaw,Kyauktaw Township,ကျောက်တော် မြို့နယ်,9ad7c7bd-8c9d-48ce-85a4-72b48a60c052,6960,ward,,,,,,,,no_exact,confirmed_non_admin,confirmed_non_admin,,,,no CoreMap or MIMU exact identity under township; keep as non-linked postal locality,02-postal-review-previews/9f1dffa45797.json
63f721b9daa9,0706004,1,ပြည်တော်သာ ရပ်ကွက်,Pyi Taw Thar Quarter,ပြည်တော်သာ,pyitawthar,Kyauktaw Township,ကျောက်တော် မြို့နယ်,9ad7c7bd-8c9d-48ce-85a4-72b48a60c052,6960,ward,,,,,,,,no_exact,confirmed_non_admin,confirmed_non_admin,,,,no CoreMap or MIMU exact identity under township; keep as non-linked postal locality,02-postal-review-previews/63f721b9daa9.json
65cd1cb7fabe,0706001,1,ရှမ်းရွာ ရပ်ကွက်,Shan Ywar Quarter,ရှမ်းရွာ,shanywar,Kyauktaw Township,ကျောက်တော် မြို့နယ်,9ad7c7bd-8c9d-48ce-85a4-72b48a60c052,6960,ward,,,,,,,,no_exact,confirmed_non_admin,confirmed_non_admin,,,,no CoreMap or MIMU exact identity under township; keep as non-linked postal locality,02-postal-review-previews/65cd1cb7fabe.json
8db644acd20e,0706002,1,မြို့သစ် ရပ်ကွက်,Myo Thit Quarter,သစ်,myothit,Kyauktaw Township,ကျောက်တော် မြို့နယ်,9ad7c7bd-8c9d-48ce-85a4-72b48a60c052,6960,ward,,,,,,,,no_exact,confirmed_non_admin,confirmed_non_admin,,,,no CoreMap or MIMU exact identity under township; keep as non-linked postal locality,02-postal-review-previews/8db644acd20e.json
0b9bedb1f706,0236224,1,ပရိမ္မကျွန်း ကျေးရွာအုပ်စု,Pa Rein Ma Kyun Village Tract,ပရိမ္မကျွန်း,pareinmakyun,Myaung Township,မြောင် မြို့နယ်,9afca375-72dc-417a-8052-fd32bbaa72f8,6875,village_tract,,,,,,,,no_exact,confirmed_non_admin,confirmed_non_admin,,,,no CoreMap or MIMU exact identity under township; keep as non-linked postal locality,02-postal-review-previews/0b9bedb1f706.json
5587bb0ebe4f,0236004,1,တောင် ရပ်ကွက်,Taung Quarter,တောင်,taung,Myaung Township,မြောင် မြို့နယ်,9afca375-72dc-417a-8052-fd32bbaa72f8,6875,ward,,,,,,,,no_exact,confirmed_non_admin,confirmed_non_admin,,,,no CoreMap or MIMU exact identity under township; keep as non-linked postal locality,02-postal-review-previews/5587bb0ebe4f.json
4c7c79a43a40,0236002,1,မြောက် ရပ်ကွက်,Myauk Quarter,မြောက်,myauk,Myaung Township,မြောင် မြို့နယ်,9afca375-72dc-417a-8052-fd32bbaa72f8,6875,ward,,,,,,,,no_exact,confirmed_non_admin,confirmed_non_admin,,,,no CoreMap or MIMU exact identity under township; keep as non-linked postal locality,02-postal-review-previews/4c7c79a43a40.json
0a098af72d40,0236001,1,မြို့သစ် ရပ်ကွက်,Myo Thit Quarter,သစ်,myothit,Myaung Township,မြောင် မြို့နယ်,9afca375-72dc-417a-8052-fd32bbaa72f8,6875,ward,,,,,,,,no_exact,confirmed_non_admin,confirmed_non_admin,,,,no CoreMap or MIMU exact identity under township; keep as non-linked postal locality,02-postal-review-previews/0a098af72d40.json
43603faa6b48,0236003,1,အလယ် ရပ်ကွက်,Ah Lel Quarter,အလယ်,ahlel,Myaung Township,မြောင် မြို့နယ်,9afca375-72dc-417a-8052-fd32bbaa72f8,6875,ward,,,,,,,,no_exact,confirmed_non_admin,confirmed_non_admin,,,,no CoreMap or MIMU exact identity under township; keep as non-linked postal locality,02-postal-review-previews/43603faa6b48.json
e2a6e7918b69,1145016,1,အမှတ် (၁၆) (အရှေ့ပိုင်း) ရပ်ကွက်,No (16)(East) Quarter,၁၆အရှေ့ပိုင်း,16east,Dagon Myothit (East) Township,ဒဂုံမြို့သစ် (အရှေ့ပိုင်း) မြို့နယ်,9be63a4e-b25b-465a-b61e-3111287d3584,5165,ward,,,,,,,,no_exact,confirmed_non_admin,confirmed_non_admin,,,,no CoreMap or MIMU exact identity under township; keep as non-linked postal locality,02-postal-review-previews/e2a6e7918b69.json
a0bcbf3cda87,0507248,1,ဇီးအုပ် ကျေးရွာအုပ်စု,Zee Oke Village Tract,ဇီးအုပ်,zeeoke,Patheingyi Township,ပုသိမ်ကြီး မြို့နယ်,9db167eb-432e-4714-8910-09500af449e7,6276,village_tract,,,,,,,,no_exact,confirmed_non_admin,confirmed_non_admin,,,,no CoreMap or MIMU exact identity under township; keep as non-linked postal locality,02-postal-review-previews/a0bcbf3cda87.json
9406b041d32c,0507001,1,မြို့မ ရပ်ကွက်,Myo Ma Quarter,မ,myoma,Patheingyi Township,ပုသိမ်ကြီး မြို့နယ်,9db167eb-432e-4714-8910-09500af449e7,6276,ward,,,,,,,,no_exact,confirmed_non_admin,confirmed_non_admin,,,,no CoreMap or MIMU exact identity under township; keep as non-linked postal locality,02-postal-review-previews/9406b041d32c.json
21960d76d545,0704256,1,ငတောက်တူကြီး ကျေးရွာအုပ်စု,Nga Tauk Tu Chay Village Tract,ငတောက်တူကြီး,ngatauktuchay,Rathedaung Township,ရသေ့တောင် မြို့နယ်,9ed96ae9-faa6-4198-9e03-b8db24ee490f,6986,village_tract,17188;17187,7d141387-6ece-450f-87a3-ca2a613277c3;c28b3c1a-e507-4daa-8484-745b4c372484,ငတောက်တူကြီး / Nga Tauk Tu Gyi || ငတောက်တူချေ / Nga Tauk Tu Chay,mm=[];en=[] || mm=[];en=[],village_tract|parent=9ed96ae9-faa6-4198-9e03-b8db24ee490f || village_tract|parent=9ed96ae9-faa6-4198-9e03-b8db24ee490f,17188/7d141387-6ece-450f-87a3-ca2a613277c3:village_tract:ငတောက်တူကြီး/Nga Tauk Tu Gyi(aliases_mm=;aliases_en=) || 17187/c28b3c1a-e507-4daa-8484-745b4c372484:village_tract:ငတောက်တူချေ/Nga Tauk Tu Chay(aliases_mm=;aliases_en=),MMR012008059:Nga Tauk Tu Chay/ငတောက်တူချေ;MMR012008057:Nga Tauk Tu Gyi/ငတောက်တူကြီး,conflict_mm_vs_en,source_error,source_error,,,,inconsistent bilingual postal row: MY→7d141387-6ece-450f-87a3-ca2a613277c3 (ငတောက်တူကြီး/Nga Tauk Tu Gyi) but EN→c28b3c1a-e507-4daa-8484-745b4c372484 (ငတောက်တူချေ/Nga Tauk Tu Chay),02-postal-review-previews/21960d76d545.json
91dd10b20fe3,0704258,1,ငတောက်တူချေ ကျေးရွာအုပ်စု,Nga Tauk Tu Gyi Village Tract,ငတောက်တူချေ,ngatauktugyi,Rathedaung Township,ရသေ့တောင် မြို့နယ်,9ed96ae9-faa6-4198-9e03-b8db24ee490f,6986,village_tract,17187;17188,c28b3c1a-e507-4daa-8484-745b4c372484;7d141387-6ece-450f-87a3-ca2a613277c3,ငတောက်တူချေ / Nga Tauk Tu Chay || ငတောက်တူကြီး / Nga Tauk Tu Gyi,mm=[];en=[] || mm=[];en=[],village_tract|parent=9ed96ae9-faa6-4198-9e03-b8db24ee490f || village_tract|parent=9ed96ae9-faa6-4198-9e03-b8db24ee490f,17187/c28b3c1a-e507-4daa-8484-745b4c372484:village_tract:ငတောက်တူချေ/Nga Tauk Tu Chay(aliases_mm=;aliases_en=) || 17188/7d141387-6ece-450f-87a3-ca2a613277c3:village_tract:ငတောက်တူကြီး/Nga Tauk Tu Gyi(aliases_mm=;aliases_en=),MMR012008059:Nga Tauk Tu Chay/ငတောက်တူချေ;MMR012008057:Nga Tauk Tu Gyi/ငတောက်တူကြီး,conflict_mm_vs_en,source_error,source_error,,,,inconsistent bilingual postal row: MY→c28b3c1a-e507-4daa-8484-745b4c372484 (ငတောက်တူချေ/Nga Tauk Tu Chay) but EN→7d141387-6ece-450f-87a3-ca2a613277c3 (ငတောက်တူကြီး/Nga Tauk Tu Gyi),02-postal-review-previews/91dd10b20fe3.json
6094d1b19f2c,1814010,1,စက်တိုင်ကုန်း ရပ်ကွက်,Set Taing Kone Quarter,စက်တိုင်ကုန်း,settaingkone,Gyobingauk Township,ကြို့ပင်ကောက် မြို့နယ်,9fd8601d-df57-4568-b7f9-07bfbee0988f,7163,ward,,,,,,,,no_exact,confirmed_non_admin,confirmed_non_admin,,,,no CoreMap or MIMU exact identity under township; keep as non-linked postal locality,02-postal-review-previews/6094d1b19f2c.json
4d03a7a76f7e,1814001,1,ဈေးချိုတောင် ရပ်ကွက်,Zay Cho (South) Quarter,ဈေးချိုတောင်,zaychosouth,Gyobingauk Township,ကြို့ပင်ကောက် မြို့နယ်,9fd8601d-df57-4568-b7f9-07bfbee0988f,7163,ward,,,,,,,,no_exact,confirmed_non_admin,confirmed_non_admin,,,,no CoreMap or MIMU exact identity under township; keep as non-linked postal locality,02-postal-review-previews/4d03a7a76f7e.json
63bfa75bc8cd,1814002,1,ဈေးချိုမြောက် ရပ်ကွက်,Zay Cho (North) Quarter,ဈေးချိုမြောက်,zaychonorth,Gyobingauk Township,ကြို့ပင်ကောက် မြို့နယ်,9fd8601d-df57-4568-b7f9-07bfbee0988f,7163,ward,,,,,,,,no_exact,confirmed_non_admin,confirmed_non_admin,,,,no CoreMap or MIMU exact identity under township; keep as non-linked postal locality,02-postal-review-previews/63bfa75bc8cd.json
e0019455b85c,1814003,1,တောင်ရွာမ ရပ်ကွက်,Taung Ywar Ma Quarter,တောင်ရွာမ,taungywarma,Gyobingauk Township,ကြို့ပင်ကောက် မြို့နယ်,9fd8601d-df57-4568-b7f9-07bfbee0988f,7163,ward,,,,,,,,no_exact,confirmed_non_admin,confirmed_non_admin,,,,no CoreMap or MIMU exact identity under township; keep as non-linked postal locality,02-postal-review-previews/e0019455b85c.json
c554cebec8b3,1814009,1,နွယ်ခွေ ရပ်ကွက်,Nwe Khwe Quarter,နွယ်ခွေ,nwekhwe,Gyobingauk Township,ကြို့ပင်ကောက် မြို့နယ်,9fd8601d-df57-4568-b7f9-07bfbee0988f,7163,ward,,,,,,,,no_exact,confirmed_non_admin,confirmed_non_admin,,,,no CoreMap or MIMU exact identity under township; keep as non-linked postal locality,02-postal-review-previews/c554cebec8b3.json
3da647a725fd,1814005,1,ပန်းတင် ရပ်ကွက်,Pan Tin Quarter,ပန်းတင်,pantin,Gyobingauk Township,ကြို့ပင်ကောက် မြို့နယ်,9fd8601d-df57-4568-b7f9-07bfbee0988f,7163,ward,,,,,,,,no_exact,confirmed_non_admin,confirmed_non_admin,,,,no CoreMap or MIMU exact identity under township; keep as non-linked postal locality,02-postal-review-previews/3da647a725fd.json
19cc80734622,1814004,1,မြောက်ရွာမ ရပ်ကွက်,Myauk Ywar Ma Quarter,မြောက်ရွာမ,myaukywarma,Gyobingauk Township,ကြို့ပင်ကောက် မြို့နယ်,9fd8601d-df57-4568-b7f9-07bfbee0988f,7163,ward,,,,,,,,no_exact,confirmed_non_admin,confirmed_non_admin,,,,no CoreMap or MIMU exact identity under township; keep as non-linked postal locality,02-postal-review-previews/19cc80734622.json
9efd08643d8b,1814006,1,သဲကုန်း ရပ်ကွက်,Thea Kone Quarter,သဲကုန်း,theakone,Gyobingauk Township,ကြို့ပင်ကောက် မြို့နယ်,9fd8601d-df57-4568-b7f9-07bfbee0988f,7163,ward,,,,,,,,no_exact,confirmed_non_admin,confirmed_non_admin,,,,no CoreMap or MIMU exact identity under township; keep as non-linked postal locality,02-postal-review-previews/9efd08643d8b.json
12ca422c7671,1814007,1,အနောက်တောင် ရပ်ကွက်,Ah Nauk Taung Quarter,အနောက်တောင်,ahnauktaung,Gyobingauk Township,ကြို့ပင်ကောက် မြို့နယ်,9fd8601d-df57-4568-b7f9-07bfbee0988f,7163,ward,,,,,,,,no_exact,confirmed_non_admin,confirmed_non_admin,,,,no CoreMap or MIMU exact identity under township; keep as non-linked postal locality,02-postal-review-previews/12ca422c7671.json
f697fd4d7087,1814008,1,အနောက်မြောက် ရပ်ကွက်,Ah Nauk Myauk Quarter,အနောက်မြောက်,ahnaukmyauk,Gyobingauk Township,ကြို့ပင်ကောက် မြို့နယ်,9fd8601d-df57-4568-b7f9-07bfbee0988f,7163,ward,,,,,,,,no_exact,confirmed_non_admin,confirmed_non_admin,,,,no CoreMap or MIMU exact identity under township; keep as non-linked postal locality,02-postal-review-previews/f697fd4d7087.json
98612f016d32,0407004,1,ကွက်သစ် ရပ်ကွက်,Kwet Thit Quarter,ကွက်သစ်,kwetthit,Minhla Township,မင်းလှ မြို့နယ်,a24a6a70-fe02-408e-9b16-b1957981e3bd,7090,ward,,,,,,,MMR009013701504:Kwet Thit Ward (No-4 Ward)/ကွက်သစ်ရပ်ကွက်,no_exact,confirmed_non_admin,confirmed_non_admin,,,,MIMU source exists (MMR009013701504) but no CoreMap ward/VT to link; do not invent admin from postal text,02-postal-review-previews/98612f016d32.json
b4ae64c98fb5,0407003,1,တောင် ရပ်ကွက်,Taung Quarter,တောင်,taung,Minhla Township,မင်းလှ မြို့နယ်,a24a6a70-fe02-408e-9b16-b1957981e3bd,7090,ward,,,,,,,MMR009013701503:Taung Ward (No-3 Ward)/တောင်ရပ်ကွက်,no_exact,confirmed_non_admin,confirmed_non_admin,,,,MIMU source exists (MMR009013701503) but no CoreMap ward/VT to link; do not invent admin from postal text,02-postal-review-previews/b4ae64c98fb5.json
9d53b415128b,0407001,1,မြောက် ရပ်ကွက်,Myauk Quarter,မြောက်,myauk,Minhla Township,မင်းလှ မြို့နယ်,a24a6a70-fe02-408e-9b16-b1957981e3bd,7090,ward,,,,,,,MMR009013701501:Myauk Ward (No-1 Ward)/မြောက်ရပ်ကွက်,no_exact,confirmed_non_admin,confirmed_non_admin,,,,MIMU source exists (MMR009013701501) but no CoreMap ward/VT to link; do not invent admin from postal text,02-postal-review-previews/9d53b415128b.json
a75ecf8d07a5,0407006,1,ရုံး(တောင်ပိုင်း) ရပ်ကွက်,Yone(South) Quarter,ရုံးတောင်ပိုင်း,yonesouth,Minhla Township,မင်းလှ မြို့နယ်,a24a6a70-fe02-408e-9b16-b1957981e3bd,7090,ward,,,,,,,MMR009013701506:Yone Ward (South) (No-6 Ward)/ရုံးရပ်ကွက် (တောင်ပိုင်း),no_exact,confirmed_non_admin,confirmed_non_admin,,,,MIMU source exists (MMR009013701506) but no CoreMap ward/VT to link; do not invent admin from postal text,02-postal-review-previews/a75ecf8d07a5.json
804bb4c4553a,0407005,1,ရုံး(မြောက်ပိုင်း) ရပ်ကွက်,Yone  (North) Quarter,ရုံးမြောက်ပိုင်း,yonenorth,Minhla Township,မင်းလှ မြို့နယ်,a24a6a70-fe02-408e-9b16-b1957981e3bd,7090,ward,,,,,,,MMR009013701505:Yone Ward (North) (No-5 Ward)/ရုံးရပ်ကွက် (မြောက်ပိုင်း),no_exact,confirmed_non_admin,confirmed_non_admin,,,,MIMU source exists (MMR009013701505) but no CoreMap ward/VT to link; do not invent admin from postal text,02-postal-review-previews/804bb4c4553a.json
517ac6083da9,0307224,1,မကွီအိမ်နူး ကျေးရွာအုပ်စု,M'kuiimnu Village Tract,မကွီအိမ်နူး,mkuiimnu,Mindat Township,မင်းတပ် မြို့နယ်,a3d8d95b-e0c8-4973-848a-b62ebf542d3d,6943,village_tract,,,,,,,,no_exact,confirmed_non_admin,confirmed_non_admin,,,,no CoreMap or MIMU exact identity under township; keep as non-linked postal locality,02-postal-review-previews/517ac6083da9.json
a394012b1421,0237225,1,ဆားတောင် ကျေးရွာအုပ်စု,Sar Taung Village Tract,ဆားတောင်,sartaung,Sagaing Township,စစ်ကိုင်း မြို့နယ်,a3fe95b9-754b-4041-ace9-f5f407d1153d,6831,village_tract,,,,,,,,no_exact,confirmed_non_admin,confirmed_non_admin,,,,no CoreMap or MIMU exact identity under township; keep as non-linked postal locality,02-postal-review-previews/a394012b1421.json
f0a62048a461,0237020,1,စီတီး ရပ်ကွက်,Si Tee Quarter,စီတီး,sitee,Sagaing Township,စစ်ကိုင်း မြို့နယ်,a3fe95b9-754b-4041-ace9-f5f407d1153d,6831,ward,,,,,,,,no_exact,confirmed_non_admin,confirmed_non_admin,,,,no CoreMap or MIMU exact identity under township; keep as non-linked postal locality,02-postal-review-previews/f0a62048a461.json
be771bce2ea7,0237019,1,တင်းတိပ် ရပ်ကွက်,Tin Teik Quarter,တင်းတိပ်,tinteik,Sagaing Township,စစ်ကိုင်း မြို့နယ်,a3fe95b9-754b-4041-ace9-f5f407d1153d,6831,ward,,,,,,,,no_exact,confirmed_non_admin,confirmed_non_admin,,,,no CoreMap or MIMU exact identity under township; keep as non-linked postal locality,02-postal-review-previews/be771bce2ea7.json
2f146cb38573,0237021,1,ပဲကတိုး ရပ်ကွက်,Pe Ka Toe Quarter,ပဲကတိုး,pekatoe,Sagaing Township,စစ်ကိုင်း မြို့နယ်,a3fe95b9-754b-4041-ace9-f5f407d1153d,6831,ward,,,,,,,,no_exact,confirmed_non_admin,confirmed_non_admin,,,,no CoreMap or MIMU exact identity under township; keep as non-linked postal locality,02-postal-review-previews/2f146cb38573.json
580fe0b058f1,0237023,1,ပြူကံ ရပ်ကွက်,Pyu Kan Quarter,ပြူကံ,pyukan,Sagaing Township,စစ်ကိုင်း မြို့နယ်,a3fe95b9-754b-4041-ace9-f5f407d1153d,6831,ward,,,,,,,,no_exact,confirmed_non_admin,confirmed_non_admin,,,,no CoreMap or MIMU exact identity under township; keep as non-linked postal locality,02-postal-review-previews/580fe0b058f1.json
e7cec0aff29e,1622203,1,ကုန်းဆာ (ရှမ်း) ကျေးရွာအုပ်စု,Kone Hsar Village Tract,ကုန်းဆာရှမ်း,konehsar,Laukkaing Township,လောက်ကိုင် မြို့နယ်,a58893b8-20a7-404a-9d1d-24cbb99cf23c,6417,village_tract,,,,,,,,no_exact,confirmed_non_admin,confirmed_non_admin,,,,no CoreMap or MIMU exact identity under township; keep as non-linked postal locality,02-postal-review-previews/e7cec0aff29e.json
6d748c3be380,1622219,1,ကျင်ခိုက်ထန် ကျေးရွာအုပ်စု,Kyin Hkaik Htan Village Tract,ကျင်ခိုက်ထန်,kyinhkaikhtan,Laukkaing Township,လောက်ကိုင် မြို့နယ်,a58893b8-20a7-404a-9d1d-24cbb99cf23c,6417,village_tract,,,,,,,,no_exact,confirmed_non_admin,confirmed_non_admin,,,,no CoreMap or MIMU exact identity under township; keep as non-linked postal locality,02-postal-review-previews/6d748c3be380.json
52dbfde3634c,1622212,1,ကျူကျိုင်း ကျေးရွာအုပ်စု,Kyu Kyaing Village Tract,ကျူကျိုင်း,kyukyaing,Laukkaing Township,လောက်ကိုင် မြို့နယ်,a58893b8-20a7-404a-9d1d-24cbb99cf23c,6417,village_tract,,,,,,,,no_exact,confirmed_non_admin,confirmed_non_admin,,,,no CoreMap or MIMU exact identity under township; keep as non-linked postal locality,02-postal-review-previews/52dbfde3634c.json
826094363bfc,1622232,1,ကြာကြည်ရှု ကျေးရွာအုပ်စု,Kyar Kyi Shu (Chya Zi Shio) Village Tract,ကြာကြည်ရှု,kyarkyishuchyazishio,Laukkaing Township,လောက်ကိုင် မြို့နယ်,a58893b8-20a7-404a-9d1d-24cbb99cf23c,6417,village_tract,,,,,,,,no_exact,confirmed_non_admin,confirmed_non_admin,,,,no CoreMap or MIMU exact identity under township; keep as non-linked postal locality,02-postal-review-previews/826094363bfc.json
4f6c56f3ca4d,1622202,1,ကြာတိလင် ကျေးရွာအုပ်စု,Kyar Ti Lin Village Tract,ကြာတိလင်,kyartilin,Laukkaing Township,လောက်ကိုင် မြို့နယ်,a58893b8-20a7-404a-9d1d-24cbb99cf23c,6417,village_tract,,,,,,,,no_exact,confirmed_non_admin,confirmed_non_admin,,,,no CoreMap or MIMU exact identity under township; keep as non-linked postal locality,02-postal-review-previews/4f6c56f3ca4d.json
1dea0d20b2ca,1622206,1,ခုတ်ထန် ကျေးရွာအုပ်စု,Hkoke Htan Village Tract,ခုတ်ထန်,hkokehtan,Laukkaing Township,လောက်ကိုင် မြို့နယ်,a58893b8-20a7-404a-9d1d-24cbb99cf23c,6417,village_tract,,,,,,,,no_exact,confirmed_non_admin,confirmed_non_admin,,,,no CoreMap or MIMU exact identity under township; keep as non-linked postal locality,02-postal-review-previews/1dea0d20b2ca.json
c45772233510,1622215,1,ညိုခွမ်း ကျေးရွာအုပ်စု,Nyo Khwan Village Tract,ညိုခွမ်း,nyokhwan,Laukkaing Township,လောက်ကိုင် မြို့နယ်,a58893b8-20a7-404a-9d1d-24cbb99cf23c,6417,village_tract,,,,,,,,no_exact,confirmed_non_admin,confirmed_non_admin,,,,no CoreMap or MIMU exact identity under township; keep as non-linked postal locality,02-postal-review-previews/c45772233510.json
3ca8a007e8b7,1622223,1,တာကန်ထန် ကျေးရွာအုပ်စု,Tar Kan Htan (Chinshwehaw Sub-township) Village Tract,တာကန်ထန်,tarkanhtanchinshwehawsub,Laukkaing Township,လောက်ကိုင် မြို့နယ်,a58893b8-20a7-404a-9d1d-24cbb99cf23c,6417,village_tract,,,,,,,,no_exact,confirmed_non_admin,confirmed_non_admin,,,,no CoreMap or MIMU exact identity under township; keep as non-linked postal locality,02-postal-review-previews/3ca8a007e8b7.json
54e85200f5a9,1622225,1,တာမူနိုင်း ကျေးရွာအုပ်စု,Tar Mu Naing (Chinshwehaw Sub-township) Village Tract,တာမူနိုင်း,tarmunaingchinshwehawsub,Laukkaing Township,လောက်ကိုင် မြို့နယ်,a58893b8-20a7-404a-9d1d-24cbb99cf23c,6417,village_tract,,,,,,,,no_exact,confirmed_non_admin,confirmed_non_admin,,,,no CoreMap or MIMU exact identity under township; keep as non-linked postal locality,02-postal-review-previews/54e85200f5a9.json
13800fa7c870,1622214,1,တာရင်းဖန် ကျေးရွာအုပ်စု,Tar Yin Hpan Village Tract,တာရင်းဖန်,taryinhpan,Laukkaing Township,လောက်ကိုင် မြို့နယ်,a58893b8-20a7-404a-9d1d-24cbb99cf23c,6417,village_tract,,,,,,,,no_exact,confirmed_non_admin,confirmed_non_admin,,,,no CoreMap or MIMU exact identity under township; keep as non-linked postal locality,02-postal-review-previews/13800fa7c870.json
9749be8a12eb,1622226,1,တုံတိုးလင့် ကျေးရွာအုပ်စု,Ton Toe Lint (Chinshwehaw Sub-township) Village Tract,တုံတိုးလင့်,tontoelintchinshwehawsub,Laukkaing Township,လောက်ကိုင် မြို့နယ်,a58893b8-20a7-404a-9d1d-24cbb99cf23c,6417,village_tract,,,,,,,,no_exact,confirmed_non_admin,confirmed_non_admin,,,,no CoreMap or MIMU exact identity under township; keep as non-linked postal locality,02-postal-review-previews/9749be8a12eb.json
c5c714308515,1622235,1,တောက်ရွှေရှမ်း ကျေးရွာအုပ်စု,Tauk Shwe Shan Village Tract,တောက်ရွှေရှမ်း,taukshweshan,Laukkaing Township,လောက်ကိုင် မြို့နယ်,a58893b8-20a7-404a-9d1d-24cbb99cf23c,6417,village_tract,,,,,,,,no_exact,confirmed_non_admin,confirmed_non_admin,,,,no CoreMap or MIMU exact identity under township; keep as non-linked postal locality,02-postal-review-previews/c5c714308515.json
e0c1060c0b1f,1622233,1,ထိုက်ဖြင်ရှမ်း ကျေးရွာအုပ်စု,Htaik Hpyin Shan Village Tract,ထိုက်ဖြင်ရှမ်း,htaikhpyinshan,Laukkaing Township,လောက်ကိုင် မြို့နယ်,a58893b8-20a7-404a-9d1d-24cbb99cf23c,6417,village_tract,,,,,,,,no_exact,confirmed_non_admin,confirmed_non_admin,,,,no CoreMap or MIMU exact identity under township; keep as non-linked postal locality,02-postal-review-previews/e0c1060c0b1f.json
af99b1b7cf00,1622208,1,ပါဆင်ကျော် ကျေးရွာအုပ်စု,Par Hsin Chow Village Tract,ပါဆင်ကျော်,parhsinchow,Laukkaing Township,လောက်ကိုင် မြို့နယ်,a58893b8-20a7-404a-9d1d-24cbb99cf23c,6417,village_tract,,,,,,,,no_exact,confirmed_non_admin,confirmed_non_admin,,,,no CoreMap or MIMU exact identity under township; keep as non-linked postal locality,02-postal-review-previews/af99b1b7cf00.json
e2f4208154be,1622207,1,မာလီလင့် ကျေးရွာအုပ်စု,Mar Li Lint Village Tract,မာလီလင့်,marlilint,Laukkaing Township,လောက်ကိုင် မြို့နယ်,a58893b8-20a7-404a-9d1d-24cbb99cf23c,6417,village_tract,,,,,,,,no_exact,confirmed_non_admin,confirmed_non_admin,,,,no CoreMap or MIMU exact identity under township; keep as non-linked postal locality,02-postal-review-previews/e2f4208154be.json
59c074cb4e1c,1622231,1,မြင်ဆူရှမ်း ကျေးရွာအုပ်စု,Myin Su Shan Village Tract,မြင်ဆူရှမ်း,myinsushan,Laukkaing Township,လောက်ကိုင် မြို့နယ်,a58893b8-20a7-404a-9d1d-24cbb99cf23c,6417,village_tract,,,,,,,,no_exact,confirmed_non_admin,confirmed_non_admin,,,,no CoreMap or MIMU exact identity under township; keep as non-linked postal locality,02-postal-review-previews/59c074cb4e1c.json
9913d532def5,1622210,1,ရန်တော်ရှန်း ကျေးရွာအုပ်စု,Yan Taw Shan Village Tract,ရန်တော်ရှန်း,yantawshan,Laukkaing Township,လောက်ကိုင် မြို့နယ်,a58893b8-20a7-404a-9d1d-24cbb99cf23c,6417,village_tract,,,,,,,,no_exact,confirmed_non_admin,confirmed_non_admin,,,,no CoreMap or MIMU exact identity under township; keep as non-linked postal locality,02-postal-review-previews/9913d532def5.json
5dc1359928ff,1622224,1,ရှန်ကိုင် ကျေးရွာအုပ်စု,Shan Kai (Chinshwehaw Sub-township) Village Tract,ရှန်ကိုင်,shankaichinshwehawsub,Laukkaing Township,လောက်ကိုင် မြို့နယ်,a58893b8-20a7-404a-9d1d-24cbb99cf23c,6417,village_tract,,,,,,,,no_exact,confirmed_non_admin,confirmed_non_admin,,,,no CoreMap or MIMU exact identity under township; keep as non-linked postal locality,02-postal-review-previews/5dc1359928ff.json
27338d892196,1622227,1,ရှန်ဟိုကျိုင်း ကျေးရွာအုပ်စု,Shan Ho Kyaing (Chinshwehaw Sub-township) Village Tract,ရှန်ဟိုကျိုင်း,shanhokyaingchinshwehawsub,Laukkaing Township,လောက်ကိုင် မြို့နယ်,a58893b8-20a7-404a-9d1d-24cbb99cf23c,6417,village_tract,,,,,,,,no_exact,confirmed_non_admin,confirmed_non_admin,,,,no CoreMap or MIMU exact identity under township; keep as non-linked postal locality,02-postal-review-previews/27338d892196.json
509245410d35,1622228,1,ရှာအိုက်ဖန် ကျေးရွာအုပ်စု,Shar Aik Hpan (Chinshwehaw Sub-township) Village Tract,ရှာအိုက်ဖန်,sharaikhpanchinshwehawsub,Laukkaing Township,လောက်ကိုင် မြို့နယ်,a58893b8-20a7-404a-9d1d-24cbb99cf23c,6417,village_tract,,,,,,,,no_exact,confirmed_non_admin,confirmed_non_admin,,,,no CoreMap or MIMU exact identity under township; keep as non-linked postal locality,02-postal-review-previews/509245410d35.json
d08cd6418ff5,1622221,1,ရှောက်ပုန်းထန် ကျေးရွာအုပ်စု,Shauk Pong Htan Village Tract,ရှောက်ပုန်းထန်,shaukponghtan,Laukkaing Township,လောက်ကိုင် မြို့နယ်,a58893b8-20a7-404a-9d1d-24cbb99cf23c,6417,village_tract,,,,,,,,no_exact,confirmed_non_admin,confirmed_non_admin,,,,no CoreMap or MIMU exact identity under township; keep as non-linked postal locality,02-postal-review-previews/d08cd6418ff5.json
45b00bba86b1,1622205,1,လောက်ပါကျိုင်း ကျေးရွာအုပ်စု,Lauk Par Kyaing Village Tract,လောက်ပါကျိုင်း,laukparkyaing,Laukkaing Township,လောက်ကိုင် မြို့နယ်,a58893b8-20a7-404a-9d1d-24cbb99cf23c,6417,village_tract,,,,,,,,no_exact,confirmed_non_admin,confirmed_non_admin,,,,no CoreMap or MIMU exact identity under township; keep as non-linked postal locality,02-postal-review-previews/45b00bba86b1.json
4cb5fb350949,1622217,1,ဟုံစီတုံးဟော် ကျေးရွာအုပ်စု,Huong Si Tone Haw Village Tract,ဟုံစီတုံးဟော်,huongsitonehaw,Laukkaing Township,လောက်ကိုင် မြို့နယ်,a58893b8-20a7-404a-9d1d-24cbb99cf23c,6417,village_tract,,,,,,,,no_exact,confirmed_non_admin,confirmed_non_admin,,,,no CoreMap or MIMU exact identity under township; keep as non-linked postal locality,02-postal-review-previews/4cb5fb350949.json
c1d59788ec2b,1622234,1,ဟော်ဖြင်ရှမ်း ကျေးရွာအုပ်စု,Haw Hpyin Shan Village Tract,ဟော်ဖြင်ရှမ်း,hawhpyinshan,Laukkaing Township,လောက်ကိုင် မြို့နယ်,a58893b8-20a7-404a-9d1d-24cbb99cf23c,6417,village_tract,,,,,,,,no_exact,confirmed_non_admin,confirmed_non_admin,,,,no CoreMap or MIMU exact identity under township; keep as non-linked postal locality,02-postal-review-previews/c1d59788ec2b.json
53a0def2e319,1622220,1,ဟော်ရှီရှန်း ကျေးရွာအုပ်စု,Haw Shi Shan Village Tract,ဟော်ရှီရှန်း,hawshishan,Laukkaing Township,လောက်ကိုင် မြို့နယ်,a58893b8-20a7-404a-9d1d-24cbb99cf23c,6417,village_tract,,,,,,,,no_exact,confirmed_non_admin,confirmed_non_admin,,,,no CoreMap or MIMU exact identity under township; keep as non-linked postal locality,02-postal-review-previews/53a0def2e319.json
b90d5bed4c64,1622216,1,အိုက်လား ကျေးရွာအုပ်စု,Aik Lar Village Tract,အိုက်လား,aiklar,Laukkaing Township,လောက်ကိုင် မြို့နယ်,a58893b8-20a7-404a-9d1d-24cbb99cf23c,6417,village_tract,,,,,,,,no_exact,confirmed_non_admin,confirmed_non_admin,,,,no CoreMap or MIMU exact identity under township; keep as non-linked postal locality,02-postal-review-previews/b90d5bed4c64.json
35a7b3926ee9,1622001,1,အမှတ် (၁) ရပ်ကွက်,No (1) Quarter,၁,1,Laukkaing Township,လောက်ကိုင် မြို့နယ်,a58893b8-20a7-404a-9d1d-24cbb99cf23c,6417,ward,,,,,,,,no_exact,confirmed_non_admin,confirmed_non_admin,,,,no CoreMap or MIMU exact identity under township; keep as non-linked postal locality,02-postal-review-previews/35a7b3926ee9.json
df05b40657be,1622002,1,အမှတ် (၂) ရပ်ကွက်,No (2) Quarter,၂,2,Laukkaing Township,လောက်ကိုင် မြို့နယ်,a58893b8-20a7-404a-9d1d-24cbb99cf23c,6417,ward,,,,,,,,no_exact,confirmed_non_admin,confirmed_non_admin,,,,no CoreMap or MIMU exact identity under township; keep as non-linked postal locality,02-postal-review-previews/df05b40657be.json
0c402ab65970,1622003,1,အမှတ် (၃) ရပ်ကွက်,No (3) Quarter,၃,3,Laukkaing Township,လောက်ကိုင် မြို့နယ်,a58893b8-20a7-404a-9d1d-24cbb99cf23c,6417,ward,,,,,,,,no_exact,confirmed_non_admin,confirmed_non_admin,,,,no CoreMap or MIMU exact identity under township; keep as non-linked postal locality,02-postal-review-previews/0c402ab65970.json
ab6472deee4c,1803241,1,ညောင်ကျိုး ကျေးရွာအုပ်စု,Nyaung Kyoe Village Tract,ညောင်ကျိုး,nyaungkyoe,Padaung Township,ပန်းတောင်း မြို့နယ်,a9ab83ec-ebee-4484-80b9-b8b829c4b038,6778,village_tract,,,,,,,,no_exact,confirmed_non_admin,confirmed_non_admin,,,,no CoreMap or MIMU exact identity under township; keep as non-linked postal locality,02-postal-review-previews/ab6472deee4c.json
0d833a0c6282,1803207,1,ဥသျှစ်ပင် ကျေးရွာအုပ်စု,Oke Shit Pin Village Tract,ဥသျှစ်ပင်,okeshitpin,Padaung Township,ပန်းတောင်း မြို့နယ်,a9ab83ec-ebee-4484-80b9-b8b829c4b038,6778,village_tract,,,,,,,,no_exact,confirmed_non_admin,confirmed_non_admin,,,,no CoreMap or MIMU exact identity under township; keep as non-linked postal locality,02-postal-review-previews/0d833a0c6282.json
6c48b48d4f7b,0219001,1,စံပြ ရပ်ကွက်,San Pya(Aung San San Pya) Quarter,စံပြ,sanpyaaungsansanpya,Tigyaing Township,ထီးချိုင့် မြို့နယ်,ac1ee905-d224-41e8-88ce-3a5036e05d34,6587,ward,,,,,,,,no_exact,confirmed_non_admin,confirmed_non_admin,,,,no CoreMap or MIMU exact identity under township; keep as non-linked postal locality,02-postal-review-previews/6c48b48d4f7b.json
98a4b0773c7f,0219004,1,ဘုရင့်နောင် ရပ်ကွက်,Ba Yint Naung Quarter,ဘုရင့်နောင်,bayintnaung,Tigyaing Township,ထီးချိုင့် မြို့နယ်,ac1ee905-d224-41e8-88ce-3a5036e05d34,6587,ward,,,,,,,,no_exact,confirmed_non_admin,confirmed_non_admin,,,,no CoreMap or MIMU exact identity under township; keep as non-linked postal locality,02-postal-review-previews/98a4b0773c7f.json
ae1c82a682ef,0219003,1,ဝိသာခါ ရပ်ကွက်,Wi Thar Khar Quarter,ဝိသာခါ,witharkhar,Tigyaing Township,ထီးချိုင့် မြို့နယ်,ac1ee905-d224-41e8-88ce-3a5036e05d34,6587,ward,,,,,,,,no_exact,confirmed_non_admin,confirmed_non_admin,,,,no CoreMap or MIMU exact identity under township; keep as non-linked postal locality,02-postal-review-previews/ae1c82a682ef.json
c3fe3c0f3ce9,0219002,1,အောင်ဇေယျာ ရပ်ကွက်,Aung Zay Yar Quarter,အောင်ဇေယျာ,aungzayyar,Tigyaing Township,ထီးချိုင့် မြို့နယ်,ac1ee905-d224-41e8-88ce-3a5036e05d34,6587,ward,,,,,,,,no_exact,confirmed_non_admin,confirmed_non_admin,,,,no CoreMap or MIMU exact identity under township; keep as non-linked postal locality,02-postal-review-previews/c3fe3c0f3ce9.json
b6c2504acdc8,0213200,1,အောင်သာကုန်း ကျေးရွာအုပ်စု,Aung Thar Kone Village Tract,အောင်သာကုန်း,aungtharkone,Banmauk Township,ဗန်းမောက် မြို့နယ်,acb43757-0344-47f8-a6f0-edb963235506,6702,village_tract,,,,,,,,no_exact,confirmed_non_admin,confirmed_non_admin,,,,no CoreMap or MIMU exact identity under township; keep as non-linked postal locality,02-postal-review-previews/b6c2504acdc8.json
b670c42d2c70,0213002,1,မြို့မ ရပ်ကွက်,Myo Ma Quarter,မ,myoma,Banmauk Township,ဗန်းမောက် မြို့နယ်,acb43757-0344-47f8-a6f0-edb963235506,6702,ward,,,,,,,,no_exact,confirmed_non_admin,confirmed_non_admin,,,,no CoreMap or MIMU exact identity under township; keep as non-linked postal locality,02-postal-review-previews/b670c42d2c70.json
f6e336d071da,0213001,1,မြနန္ဒာ ရပ်ကွက်,Mya Nan Dar Quarter,မြနန္ဒာ,myanandar,Banmauk Township,ဗန်းမောက် မြို့နယ်,acb43757-0344-47f8-a6f0-edb963235506,6702,ward,,,,,,,,no_exact,confirmed_non_admin,confirmed_non_admin,,,,no CoreMap or MIMU exact identity under township; keep as non-linked postal locality,02-postal-review-previews/f6e336d071da.json
cb294c9846d2,0213003,1,လွှစင်ကုန်း ရပ်ကွက်,Hlwa Sin Kone Quarter,လွှစင်ကုန်း,hlwasinkone,Banmauk Township,ဗန်းမောက် မြို့နယ်,acb43757-0344-47f8-a6f0-edb963235506,6702,ward,,,,,,,,no_exact,confirmed_non_admin,confirmed_non_admin,,,,no CoreMap or MIMU exact identity under township; keep as non-linked postal locality,02-postal-review-previews/cb294c9846d2.json
16dd3c867e53,1664001,1,အမှတ် (၁) ရပ်ကွက်,No (1) Quarter,၁,1,Tarmoenye Town,တာမိုးညဲ မြို့,ad475a0c-859e-4a55-841a-c08c1b832fb7,6414,ward,,,,,,,,no_exact,confirmed_non_admin,confirmed_non_admin,,,,no CoreMap or MIMU exact identity under township; keep as non-linked postal locality,02-postal-review-previews/16dd3c867e53.json
32e45cf24e94,1664002,1,အမှတ် (၂) ရပ်ကွက်,No (2) Quarter,၂,2,Tarmoenye Town,တာမိုးညဲ မြို့,ad475a0c-859e-4a55-841a-c08c1b832fb7,6414,ward,,,,,,,,no_exact,confirmed_non_admin,confirmed_non_admin,,,,no CoreMap or MIMU exact identity under township; keep as non-linked postal locality,02-postal-review-previews/32e45cf24e94.json
c5e95ed33c77,1664003,1,အမှတ် (၃) ရပ်ကွက်,No (3) Quarter,၃,3,Tarmoenye Town,တာမိုးညဲ မြို့,ad475a0c-859e-4a55-841a-c08c1b832fb7,6414,ward,,,,,,,,no_exact,confirmed_non_admin,confirmed_non_admin,,,,no CoreMap or MIMU exact identity under township; keep as non-linked postal locality,02-postal-review-previews/c5e95ed33c77.json
53e07b672d64,1664004,1,အမှတ် (၄) ရပ်ကွက်,No (4) Quarter,၄,4,Tarmoenye Town,တာမိုးညဲ မြို့,ad475a0c-859e-4a55-841a-c08c1b832fb7,6414,ward,,,,,,,,no_exact,confirmed_non_admin,confirmed_non_admin,,,,no CoreMap or MIMU exact identity under township; keep as non-linked postal locality,02-postal-review-previews/53e07b672d64.json
d09ff57b9eed,1664005,1,အမှတ် (၅) ရပ်ကွက်,No (5) Quarter,၅,5,Tarmoenye Town,တာမိုးညဲ မြို့,ad475a0c-859e-4a55-841a-c08c1b832fb7,6414,ward,,,,,,,,no_exact,confirmed_non_admin,confirmed_non_admin,,,,no CoreMap or MIMU exact identity under township; keep as non-linked postal locality,02-postal-review-previews/d09ff57b9eed.json
4634d743d60b,1664006,1,အမှတ် (၆) ရပ်ကွက်,No (6) Quarter,၆,6,Tarmoenye Town,တာမိုးညဲ မြို့,ad475a0c-859e-4a55-841a-c08c1b832fb7,6414,ward,,,,,,,,no_exact,confirmed_non_admin,confirmed_non_admin,,,,no CoreMap or MIMU exact identity under township; keep as non-linked postal locality,02-postal-review-previews/4634d743d60b.json
c64cf7dd132d,1664007,1,အမှတ် (၇) ရပ်ကွက်,No (7) Quarter,၇,7,Tarmoenye Town,တာမိုးညဲ မြို့,ad475a0c-859e-4a55-841a-c08c1b832fb7,6414,ward,,,,,,,,no_exact,confirmed_non_admin,confirmed_non_admin,,,,no CoreMap or MIMU exact identity under township; keep as non-linked postal locality,02-postal-review-previews/c64cf7dd132d.json
6efb609fd7c9,1664008,1,အမှတ် (၈) ရပ်ကွက်,No (8) Quarter,၈,8,Tarmoenye Town,တာမိုးညဲ မြို့,ad475a0c-859e-4a55-841a-c08c1b832fb7,6414,ward,,,,,,,,no_exact,confirmed_non_admin,confirmed_non_admin,,,,no CoreMap or MIMU exact identity under township; keep as non-linked postal locality,02-postal-review-previews/6efb609fd7c9.json
0318390b464d,0416004,1,ဆုံတိုက် ရပ်ကွက်,Son Taik Quarter,ဆုံတိုက်,sontaik,Yenangyaung Township,ရေနံချောင်း မြို့နယ်,adc69753-da7e-446d-90d4-d97babb81457,7028,ward,,,,,,,,no_exact,confirmed_non_admin,confirmed_non_admin,,,,no CoreMap or MIMU exact identity under township; keep as non-linked postal locality,02-postal-review-previews/0318390b464d.json
a94bab7da9b0,0416013,1,ညောင်လှ ရပ်ကွက်,Nyaung Hla Quarter,ညောင်လှ,nyaunghla,Yenangyaung Township,ရေနံချောင်း မြို့နယ်,adc69753-da7e-446d-90d4-d97babb81457,7028,ward,,,,,,,,no_exact,confirmed_non_admin,confirmed_non_admin,,,,no CoreMap or MIMU exact identity under township; keep as non-linked postal locality,02-postal-review-previews/a94bab7da9b0.json
1479b3d3ca1a,0416007,1,တွင်းကုန်း ရပ်ကွက်,Twin Kone Quarter,တွင်းကုန်း,twinkone,Yenangyaung Township,ရေနံချောင်း မြို့နယ်,adc69753-da7e-446d-90d4-d97babb81457,7028,ward,,,,,,,,no_exact,confirmed_non_admin,confirmed_non_admin,,,,no CoreMap or MIMU exact identity under township; keep as non-linked postal locality,02-postal-review-previews/1479b3d3ca1a.json
c8aaad303bbb,0416014,1,ဘိုကုန်း ရပ်ကွက်,Bo Kone Quarter,ဘိုကုန်း,bokone,Yenangyaung Township,ရေနံချောင်း မြို့နယ်,adc69753-da7e-446d-90d4-d97babb81457,7028,ward,,,,,,,,no_exact,confirmed_non_admin,confirmed_non_admin,,,,no CoreMap or MIMU exact identity under township; keep as non-linked postal locality,02-postal-review-previews/c8aaad303bbb.json
b4f8beb29f9f,0416011,1,ဘေးမဲ့ ရပ်ကွက်,Bay Mei Quarter,ဘေးမဲ့,baymei,Yenangyaung Township,ရေနံချောင်း မြို့နယ်,adc69753-da7e-446d-90d4-d97babb81457,7028,ward,,,,,,,,no_exact,confirmed_non_admin,confirmed_non_admin,,,,no CoreMap or MIMU exact identity under township; keep as non-linked postal locality,02-postal-review-previews/b4f8beb29f9f.json
2aa89823c1a1,0416002,1,မြို့မတောင် ရပ်ကွက်,Myo Ma (South) Quarter,မတောင်,myomasouth,Yenangyaung Township,ရေနံချောင်း မြို့နယ်,adc69753-da7e-446d-90d4-d97babb81457,7028,ward,,,,,,,,no_exact,confirmed_non_admin,confirmed_non_admin,,,,no CoreMap or MIMU exact identity under township; keep as non-linked postal locality,02-postal-review-previews/2aa89823c1a1.json
7a07d7eb698e,0416001,1,မြို့မမြောက် ရပ်ကွက်,Myo Ma (North) Quarter,မမြောက်,myomanorth,Yenangyaung Township,ရေနံချောင်း မြို့နယ်,adc69753-da7e-446d-90d4-d97babb81457,7028,ward,,,,,,,,no_exact,confirmed_non_admin,confirmed_non_admin,,,,no CoreMap or MIMU exact identity under township; keep as non-linked postal locality,02-postal-review-previews/7a07d7eb698e.json
6780cc2b62da,0416010,1,မြေနီခင်တောင် ရပ်ကွက်,Myay Ni Khin (South) Quarter,မြေနီခင်တောင်,myaynikhinsouth,Yenangyaung Township,ရေနံချောင်း မြို့နယ်,adc69753-da7e-446d-90d4-d97babb81457,7028,ward,,,,,,,,no_exact,confirmed_non_admin,confirmed_non_admin,,,,no CoreMap or MIMU exact identity under township; keep as non-linked postal locality,02-postal-review-previews/6780cc2b62da.json
59f5d30a8520,0416009,1,မြေနီခင်မြောက် ရပ်ကွက်,Myay Ni Khin (North) Quarter,မြေနီခင်မြောက်,myaynikhinnorth,Yenangyaung Township,ရေနံချောင်း မြို့နယ်,adc69753-da7e-446d-90d4-d97babb81457,7028,ward,,,,,,,,no_exact,confirmed_non_admin,confirmed_non_admin,,,,no CoreMap or MIMU exact identity under township; keep as non-linked postal locality,02-postal-review-previews/59f5d30a8520.json
dd3627d8e670,0416006,1,ရွာသစ် ရပ်ကွက်,Ywar Thit Quarter,ရွာသစ်,ywarthit,Yenangyaung Township,ရေနံချောင်း မြို့နယ်,adc69753-da7e-446d-90d4-d97babb81457,7028,ward,,,,,,,,no_exact,confirmed_non_admin,confirmed_non_admin,,,,no CoreMap or MIMU exact identity under township; keep as non-linked postal locality,02-postal-review-previews/dd3627d8e670.json
306558a70b14,0416005,1,ရွှေကြာငုံ ရပ်ကွက်,Shwe Kyar Ngon Quarter,ရွှေကြာငုံ,shwekyarngon,Yenangyaung Township,ရေနံချောင်း မြို့နယ်,adc69753-da7e-446d-90d4-d97babb81457,7028,ward,,,,,,,,no_exact,confirmed_non_admin,confirmed_non_admin,,,,no CoreMap or MIMU exact identity under township; keep as non-linked postal locality,02-postal-review-previews/306558a70b14.json
2a825bd51037,0416012,1,သစ်တပွေ ရပ်ကွက်,Thit Ta Pway Quarter,သစ်တပွေ,thittapway,Yenangyaung Township,ရေနံချောင်း မြို့နယ်,adc69753-da7e-446d-90d4-d97babb81457,7028,ward,,,,,,,,no_exact,confirmed_non_admin,confirmed_non_admin,,,,no CoreMap or MIMU exact identity under township; keep as non-linked postal locality,02-postal-review-previews/2a825bd51037.json
1a71ee4f9463,0416008,1,သူဌေးကုန်း ရပ်ကွက်,Thu Htay Kone Quarter,သူဌေးကုန်း,thuhtaykone,Yenangyaung Township,ရေနံချောင်း မြို့နယ်,adc69753-da7e-446d-90d4-d97babb81457,7028,ward,,,,,,,,no_exact,confirmed_non_admin,confirmed_non_admin,,,,no CoreMap or MIMU exact identity under township; keep as non-linked postal locality,02-postal-review-previews/1a71ee4f9463.json
986cca9902f0,0416003,1,အိုးဘို ရပ်ကွက်,Oe Bo Quarter,အိုးဘို,oebo,Yenangyaung Township,ရေနံချောင်း မြို့နယ်,adc69753-da7e-446d-90d4-d97babb81457,7028,ward,,,,,,,,no_exact,confirmed_non_admin,confirmed_non_admin,,,,no CoreMap or MIMU exact identity under township; keep as non-linked postal locality,02-postal-review-previews/986cca9902f0.json
5a944fb84ab2,1019297,1,နိဗ္ဗန် ကျေးရွာအုပ်စု,Neik Ban Village Tract,နိဗ္ဗန်,neikban,Einme Township,အိမ်မဲ မြို့နယ်,af8b7d53-f2b7-45de-a5cc-f1259bc0924a,7326,village_tract,,,,,,,,no_exact,confirmed_non_admin,confirmed_non_admin,,,,no CoreMap or MIMU exact identity under township; keep as non-linked postal locality,02-postal-review-previews/5a944fb84ab2.json
c4e65658011f,0506002,1,ကျန်တန်း ရပ်ကွက်,Kyan Tan Quarter,ကျန်တန်း,kyantan,Amarapura Township,အမရပူရ မြို့နယ်,afb23c10-442a-4fd0-8e7d-7c6324c372f2,6202,ward,,,,,,,,no_exact,confirmed_non_admin,confirmed_non_admin,,,,no CoreMap or MIMU exact identity under township; keep as non-linked postal locality,02-postal-review-previews/c4e65658011f.json
f13be5da9fd0,0506008,1,ဆင်စွယ်ပွတ် ရပ်ကွက်,Sin Swei Put Quarter,ဆင်စွယ်ပွတ်,sinsweiput,Amarapura Township,အမရပူရ မြို့နယ်,afb23c10-442a-4fd0-8e7d-7c6324c372f2,6202,ward,,,,,,,,no_exact,confirmed_non_admin,confirmed_non_admin,,,,no CoreMap or MIMU exact identity under township; keep as non-linked postal locality,02-postal-review-previews/f13be5da9fd0.json
ddb8eb0221b5,0506004,1,ဈေးချို ရပ်ကွက်,Zay Cho Quarter,ဈေးချို,zaycho,Amarapura Township,အမရပူရ မြို့နယ်,afb23c10-442a-4fd0-8e7d-7c6324c372f2,6202,ward,,,,,,,,no_exact,confirmed_non_admin,confirmed_non_admin,,,,no CoreMap or MIMU exact identity under township; keep as non-linked postal locality,02-postal-review-previews/ddb8eb0221b5.json
4a1a0c6a62c3,0506001,1,တောင်ကြီး ရပ်ကွက်,Taung Gyi Quarter,တောင်ကြီး,taunggyi,Amarapura Township,အမရပူရ မြို့နယ်,afb23c10-442a-4fd0-8e7d-7c6324c372f2,6202,ward,,,,,,,,no_exact,confirmed_non_admin,confirmed_non_admin,,,,no CoreMap or MIMU exact identity under township; keep as non-linked postal locality,02-postal-review-previews/4a1a0c6a62c3.json
f9eb9c3be8ba,0506003,1,မှန်တန်း ရပ်ကွက်,Hman Tan Quarter,မှန်တန်း,hmantan,Amarapura Township,အမရပူရ မြို့နယ်,afb23c10-442a-4fd0-8e7d-7c6324c372f2,6202,ward,,,,,,,,no_exact,confirmed_non_admin,confirmed_non_admin,,,,no CoreMap or MIMU exact identity under township; keep as non-linked postal locality,02-postal-review-previews/f9eb9c3be8ba.json
9ac0efc3db27,0506005,1,ရွှေဂွမ်းထုတ် ရပ်ကွက်,Shwe Gun Htoke Quarter,ရွှေဂွမ်းထုတ်,shwegunhtoke,Amarapura Township,အမရပူရ မြို့နယ်,afb23c10-442a-4fd0-8e7d-7c6324c372f2,6202,ward,,,,,,,,no_exact,confirmed_non_admin,confirmed_non_admin,,,,no CoreMap or MIMU exact identity under township; keep as non-linked postal locality,02-postal-review-previews/9ac0efc3db27.json
fb2ce34d7c28,0506006,1,လေးစု ရပ်ကွက်,Lay Su Ward Quarter,လေးစု,laysu,Amarapura Township,အမရပူရ မြို့နယ်,afb23c10-442a-4fd0-8e7d-7c6324c372f2,6202,ward,,,,,,,,no_exact,confirmed_non_admin,confirmed_non_admin,,,,no CoreMap or MIMU exact identity under township; keep as non-linked postal locality,02-postal-review-previews/fb2ce34d7c28.json
8a6504a14f94,0506007,1,အိုးတော် ရပ်ကွက်,Oe Taw Quarter,အိုးတော်,oetaw,Amarapura Township,အမရပူရ မြို့နယ်,afb23c10-442a-4fd0-8e7d-7c6324c372f2,6202,ward,,,,,,,,no_exact,confirmed_non_admin,confirmed_non_admin,,,,no CoreMap or MIMU exact identity under township; keep as non-linked postal locality,02-postal-review-previews/8a6504a14f94.json
80e0167d02e9,1612263,1,ကောင်းကလော ကျေးရွာအုပ်စု,Kawng Ka Law Village Tract,ကောင်းကလော,kawngkalaw,Kyaukme Township,ကျောက်မဲ မြို့နယ်,b0bd0c52-512f-45b6-97e1-7e42edbccf3e,6551,village_tract,,,,,,,,no_exact,confirmed_non_admin,confirmed_non_admin,,,,no CoreMap or MIMU exact identity under township; keep as non-linked postal locality,02-postal-review-previews/80e0167d02e9.json
2c3d2ac6c09c,1612271,1,ကျောက်ဖြူ ကျေးရွာအုပ်စု,Kyauk Hpyu Village Tract,ကျောက်ဖြူ,kyaukhpyu,Kyaukme Township,ကျောက်မဲ မြို့နယ်,b0bd0c52-512f-45b6-97e1-7e42edbccf3e,6551,village_tract,,,,,,,,no_exact,confirmed_non_admin,confirmed_non_admin,,,,no CoreMap or MIMU exact identity under township; keep as non-linked postal locality,02-postal-review-previews/2c3d2ac6c09c.json
eab90bb05b40,1612270,1,ကျောက်လုံးကြီး ကျေးရွာအုပ်စု,Kyauk Lone Gyi Village Tract,ကျောက်လုံးကြီး,kyauklonegyi,Kyaukme Township,ကျောက်မဲ မြို့နယ်,b0bd0c52-512f-45b6-97e1-7e42edbccf3e,6551,village_tract,,,,,,,,no_exact,confirmed_non_admin,confirmed_non_admin,,,,no CoreMap or MIMU exact identity under township; keep as non-linked postal locality,02-postal-review-previews/eab90bb05b40.json
bf808eb4941a,1612268,1,ခွန်ခွါ ကျေးရွာအုပ်စု,Hkun Hkwa Village Tract,ခွန်ခွါ,hkunhkwa,Kyaukme Township,ကျောက်မဲ မြို့နယ်,b0bd0c52-512f-45b6-97e1-7e42edbccf3e,6551,village_tract,,,,,,,,no_exact,confirmed_non_admin,confirmed_non_admin,,,,no CoreMap or MIMU exact identity under township; keep as non-linked postal locality,02-postal-review-previews/bf808eb4941a.json
7bf5c4ccc651,1612273,1,နမ့်တွေ ကျေးရွာအုပ်စု,Nam Tway Village Tract,နမ့်တွေ,namtway,Kyaukme Township,ကျောက်မဲ မြို့နယ်,b0bd0c52-512f-45b6-97e1-7e42edbccf3e,6551,village_tract,,,,,,,,no_exact,confirmed_non_admin,confirmed_non_admin,,,,no CoreMap or MIMU exact identity under township; keep as non-linked postal locality,02-postal-review-previews/7bf5c4ccc651.json
23c7b495cfc1,1612275,1,ပန်းနင်း ကျေးရွာအုပ်စု,Pang Nin Village Tract,ပန်းနင်း,pangnin,Kyaukme Township,ကျောက်မဲ မြို့နယ်,b0bd0c52-512f-45b6-97e1-7e42edbccf3e,6551,village_tract,,,,,,,,no_exact,confirmed_non_admin,confirmed_non_admin,,,,no CoreMap or MIMU exact identity under township; keep as non-linked postal locality,02-postal-review-previews/23c7b495cfc1.json
d8f8e3c478eb,1612272,1,မြို့သစ် ကျေးရွာအုပ်စု,Myo Thit Village Tract,သစ်,myothit,Kyaukme Township,ကျောက်မဲ မြို့နယ်,b0bd0c52-512f-45b6-97e1-7e42edbccf3e,6551,village_tract,,,,,,,,no_exact,confirmed_non_admin,confirmed_non_admin,,,,no CoreMap or MIMU exact identity under township; keep as non-linked postal locality,02-postal-review-previews/d8f8e3c478eb.json
31660b7efd40,1612274,1,အုန်းမစွန် ကျေးရွာအုပ်စု,Ohn Ma Sun Village Tract,အုန်းမစွန်,ohnmasun,Kyaukme Township,ကျောက်မဲ မြို့နယ်,b0bd0c52-512f-45b6-97e1-7e42edbccf3e,6551,village_tract,,,,,,,,no_exact,confirmed_non_admin,confirmed_non_admin,,,,no CoreMap or MIMU exact identity under township; keep as non-linked postal locality,02-postal-review-previews/31660b7efd40.json
cd4c90c01622,0106240,1,ကွမ်ရှင်ကော့ဆာ ကျေးရွာအုပ်စု,Kun Shin Kawt Sar Village Tract,ကွမ်ရှင်ကော့ဆာ,kunshinkawtsar,Sumprabum Township,ဆွမ်ပရာဘွမ် မြို့နယ်,b0c4f113-21e5-4b70-a754-3843617e2eda,6669,village_tract,,,,,,,,no_exact,confirmed_non_admin,confirmed_non_admin,,,,no CoreMap or MIMU exact identity under township; keep as non-linked postal locality,02-postal-review-previews/cd4c90c01622.json
e12e606d8696,0106001,1,ကဘရန်ခူး ရပ်ကွက်,KaBaYanKhu Quarter,ကဘရန်ခူး,kabayankhu,Sumprabum Township,ဆွမ်ပရာဘွမ် မြို့နယ်,b0c4f113-21e5-4b70-a754-3843617e2eda,6669,ward,,,,,,,,no_exact,confirmed_non_admin,confirmed_non_admin,,,,no CoreMap or MIMU exact identity under township; keep as non-linked postal locality,02-postal-review-previews/e12e606d8696.json
0e96d0ba5a85,0106002,1,မြို.မ ရပ်ကွက်,Myo Ma Quarter,မြိုမ,myoma,Sumprabum Township,ဆွမ်ပရာဘွမ် မြို့နယ်,b0c4f113-21e5-4b70-a754-3843617e2eda,6669,ward,,,,,,,,no_exact,confirmed_non_admin,confirmed_non_admin,,,,no CoreMap or MIMU exact identity under township; keep as non-linked postal locality,02-postal-review-previews/0e96d0ba5a85.json
133d5d13f731,0106003,1,ဝါစပ်ခူး ရပ်ကွက်,War Sat Khu Quarter,ဝါစပ်ခူး,warsatkhu,Sumprabum Township,ဆွမ်ပရာဘွမ် မြို့နယ်,b0c4f113-21e5-4b70-a754-3843617e2eda,6669,ward,,,,,,,,no_exact,confirmed_non_admin,confirmed_non_admin,,,,no CoreMap or MIMU exact identity under township; keep as non-linked postal locality,02-postal-review-previews/133d5d13f731.json
f43c9532c593,0809254,1,ညဏ်ဦး ကျေးရွာအုပ်စု,Nyan U Village Tract,ညဏ်ဦး,nyanu,Kawa Township,ကဝ မြို့နယ်,b2669d3b-0c96-4706-9b5d-d3717ee96a08,5873,village_tract,,,,,,,,no_exact,confirmed_non_admin,confirmed_non_admin,,,,no CoreMap or MIMU exact identity under township; keep as non-linked postal locality,02-postal-review-previews/f43c9532c593.json
e03615d048d0,0809240,1,သက္ကလ ကျေးရွာအုပ်စု,Thet Ka La Village Tract,သက္ကလ,thetkala,Kawa Township,ကဝ မြို့နယ်,b2669d3b-0c96-4706-9b5d-d3717ee96a08,5873,village_tract,,,,,,,,no_exact,confirmed_non_admin,confirmed_non_admin,,,,no CoreMap or MIMU exact identity under township; keep as non-linked postal locality,02-postal-review-previews/e03615d048d0.json
40e1ef67a3d7,1705001,1,ကျဒယ် ရပ်ကွက်,Kya Dei Quarter,ကျဒယ်,kyadei,Monghsat Township,မိုင်းဆတ် မြို့နယ်,b2acc5fe-245e-4b57-84c7-dd2bf75e8ed0,6372,ward,,,,,,,,no_exact,confirmed_non_admin,confirmed_non_admin,,,,no CoreMap or MIMU exact identity under township; keep as non-linked postal locality,02-postal-review-previews/40e1ef67a3d7.json
6aa5558313d5,1705003,1,မယ်ဆွမ်မြောက် ရပ်ကွက်,Mae Sum (North) Quarter,မယ်ဆွမ်မြောက်,maesumnorth,Monghsat Township,မိုင်းဆတ် မြို့နယ်,b2acc5fe-245e-4b57-84c7-dd2bf75e8ed0,6372,ward,,,,,,,,no_exact,confirmed_non_admin,confirmed_non_admin,,,,no CoreMap or MIMU exact identity under township; keep as non-linked postal locality,02-postal-review-previews/6aa5558313d5.json
ef7acbd81c59,1705005,1,ဝိန်းနေ ရပ်ကွက်,Wein Nay Quarter,ဝိန်းနေ,weinnay,Monghsat Township,မိုင်းဆတ် မြို့နယ်,b2acc5fe-245e-4b57-84c7-dd2bf75e8ed0,6372,ward,,,,,,,,no_exact,confirmed_non_admin,confirmed_non_admin,,,,no CoreMap or MIMU exact identity under township; keep as non-linked postal locality,02-postal-review-previews/ef7acbd81c59.json
4a12cf766b53,1705006,1,ဝိန်းဝိုင် ရပ်ကွက်,Wein Waing Quarter,ဝိန်းဝိုင်,weinwaing,Monghsat Township,မိုင်းဆတ် မြို့နယ်,b2acc5fe-245e-4b57-84c7-dd2bf75e8ed0,6372,ward,,,,,,,,no_exact,confirmed_non_admin,confirmed_non_admin,,,,no CoreMap or MIMU exact identity under township; keep as non-linked postal locality,02-postal-review-previews/4a12cf766b53.json
5922dc4a9999,1705004,1,မြို့သစ် ရပ်ကွက်,Myo Thit Quarter,သစ်,myothit,Monghsat Township,မိုင်းဆတ် မြို့နယ်,b2acc5fe-245e-4b57-84c7-dd2bf75e8ed0,6372,ward,,,,,,,,no_exact,confirmed_non_admin,confirmed_non_admin,,,,no CoreMap or MIMU exact identity under township; keep as non-linked postal locality,02-postal-review-previews/5922dc4a9999.json
1da6334bae87,1808004,1,ဘီးလင်းတန်း ရပ်ကွက်,Bee Lin Tan Quarter,ဘီးလင်းတန်း,beelintan,Letpadan Township,လက်ပံတန်း မြို့နယ်,b5d53caf-38cc-4e4a-a62a-d498b35a6ed7,7225,ward,,,,,,,,no_exact,confirmed_non_admin,confirmed_non_admin,,,,no CoreMap or MIMU exact identity under township; keep as non-linked postal locality,02-postal-review-previews/1da6334bae87.json
fb0923e45cc4,1808001,1,မြို့မ ရပ်ကွက်,Myo Ma Quarter,မ,myoma,Letpadan Township,လက်ပံတန်း မြို့နယ်,b5d53caf-38cc-4e4a-a62a-d498b35a6ed7,7225,ward,,,,,,,,no_exact,confirmed_non_admin,confirmed_non_admin,,,,no CoreMap or MIMU exact identity under township; keep as non-linked postal locality,02-postal-review-previews/fb0923e45cc4.json
d836fea4fca5,1808002,1,မင်းရပ် ရပ်ကွက်,Min Yat Quarter,မင်းရပ်,minyat,Letpadan Township,လက်ပံတန်း မြို့နယ်,b5d53caf-38cc-4e4a-a62a-d498b35a6ed7,7225,ward,,,,,,,,no_exact,confirmed_non_admin,confirmed_non_admin,,,,no CoreMap or MIMU exact identity under township; keep as non-linked postal locality,02-postal-review-previews/d836fea4fca5.json
0ee50e1e617c,1808003,1,မအူကုန်း ရပ်ကွက်,Ma Au Kon Quarter,မအူကုန်း,maaukon,Letpadan Township,လက်ပံတန်း မြို့နယ်,b5d53caf-38cc-4e4a-a62a-d498b35a6ed7,7225,ward,,,,,,,,no_exact,confirmed_non_admin,confirmed_non_admin,,,,no CoreMap or MIMU exact identity under township; keep as non-linked postal locality,02-postal-review-previews/0ee50e1e617c.json
d7b386fc3860,0204214,1,ဆွမ္မရာ ကျေးရွာအုပ်စု,Sum Ma Rar (Sum Pa Rar) Village Tract,ဆွမ္မရာ,summararsumparar,Lay Shi Township,လေရှီး မြို့နယ်,b99234fc-d2b4-476d-850a-687e7f3b2a9e,6699,village_tract,,,,,,,,no_exact,confirmed_non_admin,confirmed_non_admin,,,,no CoreMap or MIMU exact identity under township; keep as non-linked postal locality,02-postal-review-previews/d7b386fc3860.json
7063774b5679,1624224,1,လိုင်လင်း ကျေးရွာအုပ်စု,Lai Lin Village Tract,လိုင်လင်း,lailin,Matman Township,မက်မန်း မြို့နယ်,ba250acb-fbe6-497e-bc19-4cf6389882b5,6328,village_tract,,,,,,,,no_exact,confirmed_non_admin,confirmed_non_admin,,,,no CoreMap or MIMU exact identity under township; keep as non-linked postal locality,02-postal-review-previews/7063774b5679.json
89a700c6ba40,1624223,1,ဝမ်ဖင်း ကျေးရွာအုပ်စု,Wan Hpin Village Tract,ဝမ်ဖင်း,wanhpin,Matman Township,မက်မန်း မြို့နယ်,ba250acb-fbe6-497e-bc19-4cf6389882b5,6328,village_tract,,,,,,,,no_exact,confirmed_non_admin,confirmed_non_admin,,,,no CoreMap or MIMU exact identity under township; keep as non-linked postal locality,02-postal-review-previews/89a700c6ba40.json
e03b9246eb24,1624001,1,အမှတ် (၁) ရပ်ကွက်,No (1) Quarter,၁,1,Matman Township,မက်မန်း မြို့နယ်,ba250acb-fbe6-497e-bc19-4cf6389882b5,6328,ward,,,,,,,,no_exact,confirmed_non_admin,confirmed_non_admin,,,,no CoreMap or MIMU exact identity under township; keep as non-linked postal locality,02-postal-review-previews/e03b9246eb24.json
414a55c6b4b9,1624002,1,အမှတ် (၂) ရပ်ကွက်,No (2) Quarter,၂,2,Matman Township,မက်မန်း မြို့နယ်,ba250acb-fbe6-497e-bc19-4cf6389882b5,6328,ward,,,,,,,,no_exact,confirmed_non_admin,confirmed_non_admin,,,,no CoreMap or MIMU exact identity under township; keep as non-linked postal locality,02-postal-review-previews/414a55c6b4b9.json
0331ed53613d,0711001,1,ကုလားတောင် ရပ်ကွက်,Ku Lar Taung Quarter,ကုလားတောင်,kulartaung,Myebon Township,မြေပုံ မြို့နယ်,ba2d7ed8-46c2-4600-82b0-2ce891dea030,6897,ward,,,,,,,,no_exact,confirmed_non_admin,confirmed_non_admin,,,,no CoreMap or MIMU exact identity under township; keep as non-linked postal locality,02-postal-review-previews/0331ed53613d.json
74adb9b17a15,0711002,1,ကံသာထွက်ဝ ရပ်ကွက်,Kan Thar Htwet Wa Quarter,ကံသာထွက်ဝ,kantharhtwetwa,Myebon Township,မြေပုံ မြို့နယ်,ba2d7ed8-46c2-4600-82b0-2ce891dea030,6897,ward,,,,,,,,no_exact,confirmed_non_admin,confirmed_non_admin,,,,no CoreMap or MIMU exact identity under township; keep as non-linked postal locality,02-postal-review-previews/74adb9b17a15.json
c5131007105a,0711006,1,ဈေးပိုင်း ရပ်ကွက်,Zay Paing Quarter,ဈေးပိုင်း,zaypaing,Myebon Township,မြေပုံ မြို့နယ်,ba2d7ed8-46c2-4600-82b0-2ce891dea030,6897,ward,,,,,,,,no_exact,confirmed_non_admin,confirmed_non_admin,,,,no CoreMap or MIMU exact identity under township; keep as non-linked postal locality,02-postal-review-previews/c5131007105a.json
603687a9b217,0711007,1,တရုပ်တန်း ရပ်ကွက်,Ta Yoke Tan Quarter,တရုပ်တန်း,tayoketan,Myebon Township,မြေပုံ မြို့နယ်,ba2d7ed8-46c2-4600-82b0-2ce891dea030,6897,ward,,,,,,,,no_exact,confirmed_non_admin,confirmed_non_admin,,,,no CoreMap or MIMU exact identity under township; keep as non-linked postal locality,02-postal-review-previews/603687a9b217.json
c2a76a2a067d,0711004,1,မြေပုံတောင်ပိုင်း ရပ်ကွက်,Myay Pon Taung Paing Quarter,မြေပုံတောင်ပိုင်း,myaypontaungpaing,Myebon Township,မြေပုံ မြို့နယ်,ba2d7ed8-46c2-4600-82b0-2ce891dea030,6897,ward,,,,,,,,no_exact,confirmed_non_admin,confirmed_non_admin,,,,no CoreMap or MIMU exact identity under township; keep as non-linked postal locality,02-postal-review-previews/c2a76a2a067d.json
89c33ffb8860,0711003,1,မြေပုံမြောက်ပိုင်း ရပ်ကွက်,Myay Pon Myauk Paing Quarter,မြေပုံမြောက်ပိုင်း,myayponmyaukpaing,Myebon Township,မြေပုံ မြို့နယ်,ba2d7ed8-46c2-4600-82b0-2ce891dea030,6897,ward,,,,,,,,no_exact,confirmed_non_admin,confirmed_non_admin,,,,no CoreMap or MIMU exact identity under township; keep as non-linked postal locality,02-postal-review-previews/89c33ffb8860.json
098f2728b226,0711005,1,မြေပုံအလယ်ပိုင်း ရပ်ကွက်,Myay Pon Ah Lel Paing Quarter,မြေပုံအလယ်ပိုင်း,myayponahlelpaing,Myebon Township,မြေပုံ မြို့နယ်,ba2d7ed8-46c2-4600-82b0-2ce891dea030,6897,ward,,,,,,,,no_exact,confirmed_non_admin,confirmed_non_admin,,,,no CoreMap or MIMU exact identity under township; keep as non-linked postal locality,02-postal-review-previews/098f2728b226.json
5db679fadb96,0711009,1,ရွာသစ်ကေ ရပ်ကွက်,Ywar Thit Kay Quarter,ရွာသစ်ကေ,ywarthitkay,Myebon Township,မြေပုံ မြို့နယ်,ba2d7ed8-46c2-4600-82b0-2ce891dea030,6897,ward,,,,,,,,no_exact,confirmed_non_admin,confirmed_non_admin,,,,no CoreMap or MIMU exact identity under township; keep as non-linked postal locality,02-postal-review-previews/5db679fadb96.json
96f5f73d3859,0711008,1,သဲတန်း ရပ်ကွက်,Thea Tan Quarter,သဲတန်း,theatan,Myebon Township,မြေပုံ မြို့နယ်,ba2d7ed8-46c2-4600-82b0-2ce891dea030,6897,ward,,,,,,,,no_exact,confirmed_non_admin,confirmed_non_admin,,,,no CoreMap or MIMU exact identity under township; keep as non-linked postal locality,02-postal-review-previews/96f5f73d3859.json
45aea8327a35,0509201,1,သံလွင်တောင်အရှေ့ ကျေးရွာအုပ်စု,Than Lwin Taung Ah Shey Village Tract,သံလွင်တောင်အရှေ့,thanlwintaungahshey,Mogoke Township,မိုးကုတ် မြို့နယ်,ba378de0-e38a-46d6-9e96-68a7bb2b494e,6553,village_tract,,,,,,,,no_exact,confirmed_non_admin,confirmed_non_admin,,,,no CoreMap or MIMU exact identity under township; keep as non-linked postal locality,02-postal-review-previews/45aea8327a35.json
4a73ccea503e,0509003,1,မင်းတံတား ရပ်ကွက်,Min Ta Dar Quarter,မင်းတံတား,mintadar,Mogoke Township,မိုးကုတ် မြို့နယ်,ba378de0-e38a-46d6-9e96-68a7bb2b494e,6553,ward,,,,,,,,no_exact,confirmed_non_admin,confirmed_non_admin,,,,no CoreMap or MIMU exact identity under township; keep as non-linked postal locality,02-postal-review-previews/4a73ccea503e.json
83f0c4545c95,0509001,1,မြို့မရပ် ရပ်ကွက်,Myo Ma Quarter,မရပ်,myoma,Mogoke Township,မိုးကုတ် မြို့နယ်,ba378de0-e38a-46d6-9e96-68a7bb2b494e,6553,ward,,,,,,,,no_exact,confirmed_non_admin,confirmed_non_admin,,,,no CoreMap or MIMU exact identity under township; keep as non-linked postal locality,02-postal-review-previews/83f0c4545c95.json
c1d555829225,0509005,1,ရေပူ ရပ်ကွက်,Yae Pu Quarter,ရေပူ,yaepu,Mogoke Township,မိုးကုတ် မြို့နယ်,ba378de0-e38a-46d6-9e96-68a7bb2b494e,6553,ward,,,,,,,,no_exact,confirmed_non_admin,confirmed_non_admin,,,,no CoreMap or MIMU exact identity under township; keep as non-linked postal locality,02-postal-review-previews/c1d555829225.json
3b2641be1ad8,0509002,1,ရှောလီဝိုင်း ရပ်ကွက်,Shaw Li Waing Quarter,ရှောလီဝိုင်း,shawliwaing,Mogoke Township,မိုးကုတ် မြို့နယ်,ba378de0-e38a-46d6-9e96-68a7bb2b494e,6553,ward,,,,,,,,no_exact,confirmed_non_admin,confirmed_non_admin,,,,no CoreMap or MIMU exact identity under township; keep as non-linked postal locality,02-postal-review-previews/3b2641be1ad8.json
c3db2247a72e,0509004,1,လယ်ဦး ရပ်ကွက်,Lel U Quarter,လယ်ဦး,lelu,Mogoke Township,မိုးကုတ် မြို့နယ်,ba378de0-e38a-46d6-9e96-68a7bb2b494e,6553,ward,,,,,,,,no_exact,confirmed_non_admin,confirmed_non_admin,,,,no CoreMap or MIMU exact identity under township; keep as non-linked postal locality,02-postal-review-previews/c3db2247a72e.json
d94686800222,1209008,1,ကြံ့ခိုင်ရေး ရပ်ကွက်,Kyant Khaing Yay Quarter,ကြံ့ခိုင်ရေး,kyantkhaingyay,Thanbyuzayat Township,သံဖြူဇရပ် မြို့နယ်,bfec2286-8963-470f-b164-9357b30d4e04,7482,ward,,,,,,,MMR011004701508:Kyant Khaing Ye Ward/ကြံ့ခိုင်ရေးရပ်ကွက်,no_exact,confirmed_non_admin,confirmed_non_admin,,,,MIMU source exists (MMR011004701508) but no CoreMap ward/VT to link; do not invent admin from postal text,02-postal-review-previews/d94686800222.json
b5b653463bea,1020309,1,ကျုံမငေး ကျေးရွာအုပ်စု,Kyon Ma Ngay Village Tract,ကျုံမငေး,kyonmangay,Wakema Township,ဝါးခယ်မ မြို့နယ်,c245a4d4-9f3f-4b05-a8ef-9328b86530a4,7323,village_tract,,,,,,,,no_exact,confirmed_non_admin,confirmed_non_admin,,,,no CoreMap or MIMU exact identity under township; keep as non-linked postal locality,02-postal-review-previews/b5b653463bea.json
c2fb6636ef4b,1020310,1,အုံးပင် ကျေးရွာအုပ်စု,Ohn Pin Village Tract,အုံးပင်,ohnpin,Wakema Township,ဝါးခယ်မ မြို့နယ်,c245a4d4-9f3f-4b05-a8ef-9328b86530a4,7323,village_tract,,,,,,,,no_exact,confirmed_non_admin,confirmed_non_admin,,,,no CoreMap or MIMU exact identity under township; keep as non-linked postal locality,02-postal-review-previews/c2fb6636ef4b.json
7221fc775a63,1020007,1,စာရေးကုန်း ရပ်ကွက်,Sar Yay Kone Quarter,စာရေးကုန်း,saryaykone,Wakema Township,ဝါးခယ်မ မြို့နယ်,c245a4d4-9f3f-4b05-a8ef-9328b86530a4,7323,ward,,,,,,,,no_exact,confirmed_non_admin,confirmed_non_admin,,,,no CoreMap or MIMU exact identity under township; keep as non-linked postal locality,02-postal-review-previews/7221fc775a63.json
dc760f963649,1020011,1,ဆေးရုံ ရပ်ကွက်,Say Yon Quarter,ဆေးရုံ,sayyon,Wakema Township,ဝါးခယ်မ မြို့နယ်,c245a4d4-9f3f-4b05-a8ef-9328b86530a4,7323,ward,,,,,,,,no_exact,confirmed_non_admin,confirmed_non_admin,,,,no CoreMap or MIMU exact identity under township; keep as non-linked postal locality,02-postal-review-previews/dc760f963649.json
89ee52875833,1020012,1,ဈေး ရပ်ကွက်,Zay Quarter,ဈေး,zay,Wakema Township,ဝါးခယ်မ မြို့နယ်,c245a4d4-9f3f-4b05-a8ef-9328b86530a4,7323,ward,,,,,,,,no_exact,confirmed_non_admin,confirmed_non_admin,,,,no CoreMap or MIMU exact identity under township; keep as non-linked postal locality,02-postal-review-previews/89ee52875833.json
248cc40ef433,1020002,1,တရုပ်တန်း ရပ်ကွက်,Ta Yoke Tan Quarter,တရုပ်တန်း,tayoketan,Wakema Township,ဝါးခယ်မ မြို့နယ်,c245a4d4-9f3f-4b05-a8ef-9328b86530a4,7323,ward,,,,,,,,no_exact,confirmed_non_admin,confirmed_non_admin,,,,no CoreMap or MIMU exact identity under township; keep as non-linked postal locality,02-postal-review-previews/248cc40ef433.json
38d28c7cdf10,1020006,1,ပတ္တမြား ရပ်ကွက်,Pa Da Myar Quarter,ပတ္တမြား,padamyar,Wakema Township,ဝါးခယ်မ မြို့နယ်,c245a4d4-9f3f-4b05-a8ef-9328b86530a4,7323,ward,,,,,,,,no_exact,confirmed_non_admin,confirmed_non_admin,,,,no CoreMap or MIMU exact identity under township; keep as non-linked postal locality,02-postal-review-previews/38d28c7cdf10.json
10d034393052,1020013,1,မင်းပိုင်း ရပ်ကွက်,Min Paing Quarter,မင်းပိုင်း,minpaing,Wakema Township,ဝါးခယ်မ မြို့နယ်,c245a4d4-9f3f-4b05-a8ef-9328b86530a4,7323,ward,,,,,,,,no_exact,confirmed_non_admin,confirmed_non_admin,,,,no CoreMap or MIMU exact identity under township; keep as non-linked postal locality,02-postal-review-previews/10d034393052.json
5b4c0210a6e4,1020010,1,မြသိန်းတန် ရပ်ကွက်,Mya Thein Tan Quarter,မြသိန်းတန်,myatheintan,Wakema Township,ဝါးခယ်မ မြို့နယ်,c245a4d4-9f3f-4b05-a8ef-9328b86530a4,7323,ward,,,,,,,,no_exact,confirmed_non_admin,confirmed_non_admin,,,,no CoreMap or MIMU exact identity under township; keep as non-linked postal locality,02-postal-review-previews/5b4c0210a6e4.json
64d984609bf8,1020005,1,ရေကျော် ရပ်ကွက်,Yae Kyaw Quarter,ရေကျော်,yaekyaw,Wakema Township,ဝါးခယ်မ မြို့နယ်,c245a4d4-9f3f-4b05-a8ef-9328b86530a4,7323,ward,,,,,,,,no_exact,confirmed_non_admin,confirmed_non_admin,,,,no CoreMap or MIMU exact identity under township; keep as non-linked postal locality,02-postal-review-previews/64d984609bf8.json
ee51257dc5e4,1020004,1,ရွာလည် ရပ်ကွက်,Ywar Lel Quarter,ရွာလည်,ywarlel,Wakema Township,ဝါးခယ်မ မြို့နယ်,c245a4d4-9f3f-4b05-a8ef-9328b86530a4,7323,ward,,,,,,,,no_exact,confirmed_non_admin,confirmed_non_admin,,,,no CoreMap or MIMU exact identity under township; keep as non-linked postal locality,02-postal-review-previews/ee51257dc5e4.json
8b1a649642ae,1020008,1,ရွာသစ် ရပ်ကွက်,Ywar Thit Quarter,ရွာသစ်,ywarthit,Wakema Township,ဝါးခယ်မ မြို့နယ်,c245a4d4-9f3f-4b05-a8ef-9328b86530a4,7323,ward,,,,,,,,no_exact,confirmed_non_admin,confirmed_non_admin,,,,no CoreMap or MIMU exact identity under township; keep as non-linked postal locality,02-postal-review-previews/8b1a649642ae.json
22e91e427b4b,1020003,1,လှေကျင်းကုန်း ရပ်ကွက်,Hlay Kyin Kone (Hlay Kyin ) Quarter,လှေကျင်းကုန်း,hlaykyinkonehlaykyin,Wakema Township,ဝါးခယ်မ မြို့နယ်,c245a4d4-9f3f-4b05-a8ef-9328b86530a4,7323,ward,,,,,,,,no_exact,confirmed_non_admin,confirmed_non_admin,,,,no CoreMap or MIMU exact identity under township; keep as non-linked postal locality,02-postal-review-previews/22e91e427b4b.json
466ff02fcf88,1020001,1,သော်က ရပ်ကွက်,Thaw Ka Quarter,သော်က,thawka,Wakema Township,ဝါးခယ်မ မြို့နယ်,c245a4d4-9f3f-4b05-a8ef-9328b86530a4,7323,ward,,,,,,,,no_exact,confirmed_non_admin,confirmed_non_admin,,,,no CoreMap or MIMU exact identity under township; keep as non-linked postal locality,02-postal-review-previews/466ff02fcf88.json
73700515a669,1020014,1,သံကြိုးတိုင် ရပ်ကွက်,Than Kyoe Taing Quarter,သံကြိုးတိုင်,thankyoetaing,Wakema Township,ဝါးခယ်မ မြို့နယ်,c245a4d4-9f3f-4b05-a8ef-9328b86530a4,7323,ward,,,,,,,,no_exact,confirmed_non_admin,confirmed_non_admin,,,,no CoreMap or MIMU exact identity under township; keep as non-linked postal locality,02-postal-review-previews/73700515a669.json
f287203cfac9,0712201,1,တောင်ရင်း ကျေးရွာအုပ်စု,Taung Yin Village Tract,တောင်ရင်း,taungyin,Kyaukpyu Township,ကျောက်ဖြူ မြို့နယ်,c25fa666-5a35-4e95-af46-319665641346,5199,village_tract,,,,,,,,no_exact,confirmed_non_admin,confirmed_non_admin,,,,no CoreMap or MIMU exact identity under township; keep as non-linked postal locality,02-postal-review-previews/f287203cfac9.json
5610df55816b,0712200,1,ပြင်ဖြူမော် ကျေးရွာအုပ်စု,Pyin Hpyu Maw Village Tract,ပြင်ဖြူမော်,pyinhpyumaw,Kyaukpyu Township,ကျောက်ဖြူ မြို့နယ်,c25fa666-5a35-4e95-af46-319665641346,5199,village_tract,,,,,,,,no_exact,confirmed_non_admin,confirmed_non_admin,,,,no CoreMap or MIMU exact identity under township; keep as non-linked postal locality,02-postal-review-previews/5610df55816b.json
e09e6e554d2c,0712016,1,ကညင်တော ရပ်ကွက်,Ka Nyin Taw Quarter,ကညင်တော,kanyintaw,Kyaukpyu Township,ကျောက်ဖြူ မြို့နယ်,c25fa666-5a35-4e95-af46-319665641346,5199,ward,,,,,,,,no_exact,confirmed_non_admin,confirmed_non_admin,,,,no CoreMap or MIMU exact identity under township; keep as non-linked postal locality,02-postal-review-previews/e09e6e554d2c.json
1cda62c067ef,0712009,1,ကုလားပိုက်ဆိပ် ရပ်ကွက်,Ku Lar Paik Seik Quarter,ကုလားပိုက်ဆိပ်,kularpaikseik,Kyaukpyu Township,ကျောက်ဖြူ မြို့နယ်,c25fa666-5a35-4e95-af46-319665641346,5199,ward,,,,,,,,no_exact,confirmed_non_admin,confirmed_non_admin,,,,no CoreMap or MIMU exact identity under township; keep as non-linked postal locality,02-postal-review-previews/1cda62c067ef.json
c254ce2441ad,0712015,1,ကုလားဘာတောင် ရပ်ကွက်,Ku Lar Bar Taung Quarter,ကုလားဘာတောင်,kularbartaung,Kyaukpyu Township,ကျောက်ဖြူ မြို့နယ်,c25fa666-5a35-4e95-af46-319665641346,5199,ward,,,,,,,,no_exact,confirmed_non_admin,confirmed_non_admin,,,,no CoreMap or MIMU exact identity under township; keep as non-linked postal locality,02-postal-review-previews/c254ce2441ad.json
0e9468a1de88,0712014,1,ငလပွေ့ ရပ်ကွက်,Nga La Pwayt Quarter,ငလပွေ့,ngalapwayt,Kyaukpyu Township,ကျောက်ဖြူ မြို့နယ်,c25fa666-5a35-4e95-af46-319665641346,5199,ward,,,,,,,,no_exact,confirmed_non_admin,confirmed_non_admin,,,,no CoreMap or MIMU exact identity under township; keep as non-linked postal locality,02-postal-review-previews/0e9468a1de88.json
f571a5d4d67b,0712013,1,စေတီ ရပ်ကွက်,Zay Di Quarter,စေတီ,zaydi,Kyaukpyu Township,ကျောက်ဖြူ မြို့နယ်,c25fa666-5a35-4e95-af46-319665641346,5199,ward,,,,,,,,no_exact,confirmed_non_admin,confirmed_non_admin,,,,no CoreMap or MIMU exact identity under township; keep as non-linked postal locality,02-postal-review-previews/f571a5d4d67b.json
dee32641bd7b,0712010,1,စေတီတောင် ရပ်ကွက်,Zay Di (South) Quarter,စေတီတောင်,zaydisouth,Kyaukpyu Township,ကျောက်ဖြူ မြို့နယ်,c25fa666-5a35-4e95-af46-319665641346,5199,ward,,,,,,,,no_exact,confirmed_non_admin,confirmed_non_admin,,,,no CoreMap or MIMU exact identity under township; keep as non-linked postal locality,02-postal-review-previews/dee32641bd7b.json
e2b33b9e1e9f,0712017,1,တိုးချဲ့ ရပ်ကွက်,Toe Cheit Quarter,တိုးချဲ့,toecheit,Kyaukpyu Township,ကျောက်ဖြူ မြို့နယ်,c25fa666-5a35-4e95-af46-319665641346,5199,ward,,,,,,,,no_exact,confirmed_non_admin,confirmed_non_admin,,,,no CoreMap or MIMU exact identity under township; keep as non-linked postal locality,02-postal-review-previews/e2b33b9e1e9f.json
1a4ddd22a15f,0712012,1,တောင်ရင်း ရပ်ကွက်,Taung Yin Quarter,တောင်ရင်း,taungyin,Kyaukpyu Township,ကျောက်ဖြူ မြို့နယ်,c25fa666-5a35-4e95-af46-319665641346,5199,ward,,,,,,,,no_exact,confirmed_non_admin,confirmed_non_admin,,,,no CoreMap or MIMU exact identity under township; keep as non-linked postal locality,02-postal-review-previews/1a4ddd22a15f.json
d99f2c26ad08,0712011,1,ပြင်ဖြူမော် ရပ်ကွက်,Pyin Hpyu Maw Quarter,ပြင်ဖြူမော်,pyinhpyumaw,Kyaukpyu Township,ကျောက်ဖြူ မြို့နယ်,c25fa666-5a35-4e95-af46-319665641346,5199,ward,,,,,,,,no_exact,confirmed_non_admin,confirmed_non_admin,,,,no CoreMap or MIMU exact identity under township; keep as non-linked postal locality,02-postal-review-previews/d99f2c26ad08.json
cdb519451ccf,0712007,1,မြစ်နားတန်း ရပ်ကွက်,Myit Nar Tan Quarter,မြစ်နားတန်း,myitnartan,Kyaukpyu Township,ကျောက်ဖြူ မြို့နယ်,c25fa666-5a35-4e95-af46-319665641346,5199,ward,,,,,,,,no_exact,confirmed_non_admin,confirmed_non_admin,,,,no CoreMap or MIMU exact identity under township; keep as non-linked postal locality,02-postal-review-previews/cdb519451ccf.json
d80c55d9681e,0712008,1,ရခိုင်ပိုက်ဆိပ် ရပ်ကွက်,Rakhine Paik Seik Quarter,ရခိုင်ပိုက်ဆိပ်,rakhinepaikseik,Kyaukpyu Township,ကျောက်ဖြူ မြို့နယ်,c25fa666-5a35-4e95-af46-319665641346,5199,ward,,,,,,,,no_exact,confirmed_non_admin,confirmed_non_admin,,,,no CoreMap or MIMU exact identity under township; keep as non-linked postal locality,02-postal-review-previews/d80c55d9681e.json
0606941959cf,0712003,1,သံပန်ချောင်း ရပ်ကွက်,Than Pan Chaung Quarter,သံပန်ချောင်း,thanpanchaung,Kyaukpyu Township,ကျောက်ဖြူ မြို့နယ်,c25fa666-5a35-4e95-af46-319665641346,5199,ward,,,,,,,,no_exact,confirmed_non_admin,confirmed_non_admin,,,,no CoreMap or MIMU exact identity under township; keep as non-linked postal locality,02-postal-review-previews/0606941959cf.json
6bb97cfa8229,0712002,1,အစိုးရ ရပ်ကွက်,Ah Soe Ya Quarter,အစိုးရ,ahsoeya,Kyaukpyu Township,ကျောက်ဖြူ မြို့နယ်,c25fa666-5a35-4e95-af46-319665641346,5199,ward,,,,,,,,no_exact,confirmed_non_admin,confirmed_non_admin,,,,no CoreMap or MIMU exact identity under township; keep as non-linked postal locality,02-postal-review-previews/6bb97cfa8229.json
afd59ef88ffb,0712004,1,အနောက်ပိုင်း ရပ်ကွက်,Ah Nauk Paing Quarter,အနောက်ပိုင်း,ahnaukpaing,Kyaukpyu Township,ကျောက်ဖြူ မြို့နယ်,c25fa666-5a35-4e95-af46-319665641346,5199,ward,,,,,,,,no_exact,confirmed_non_admin,confirmed_non_admin,,,,no CoreMap or MIMU exact identity under township; keep as non-linked postal locality,02-postal-review-previews/afd59ef88ffb.json
bdb5d1ab9d0e,0712001,1,အရာရှိ ရပ်ကွက်,Ah Yar Shi Quarter,အရာရှိ,ahyarshi,Kyaukpyu Township,ကျောက်ဖြူ မြို့နယ်,c25fa666-5a35-4e95-af46-319665641346,5199,ward,,,,,,,,no_exact,confirmed_non_admin,confirmed_non_admin,,,,no CoreMap or MIMU exact identity under township; keep as non-linked postal locality,02-postal-review-previews/bdb5d1ab9d0e.json
c4a9cefed065,0712006,1,အရှေ့ပိုင်း ရပ်ကွက်,Ah Shey Paing Quarter,အရှေ့ပိုင်း,ahsheypaing,Kyaukpyu Township,ကျောက်ဖြူ မြို့နယ်,c25fa666-5a35-4e95-af46-319665641346,5199,ward,,,,,,,,no_exact,confirmed_non_admin,confirmed_non_admin,,,,no CoreMap or MIMU exact identity under township; keep as non-linked postal locality,02-postal-review-previews/c4a9cefed065.json
fe68a606a9c8,0712005,1,အလယ်ပိုင်း ရပ်ကွက်,Ah Lel Paing Quarter,အလယ်ပိုင်း,ahlelpaing,Kyaukpyu Township,ကျောက်ဖြူ မြို့နယ်,c25fa666-5a35-4e95-af46-319665641346,5199,ward,,,,,,,,no_exact,confirmed_non_admin,confirmed_non_admin,,,,no CoreMap or MIMU exact identity under township; keep as non-linked postal locality,02-postal-review-previews/fe68a606a9c8.json
c7838bdc1586,1006278,1,တလုတ္ထော် ကျေးရွာအုပ်စု,Ta Loke Htaw Village Tract,တလုတ္ထော်,talokehtaw,Hinthada Township,ဟင်္သာတ မြို့နယ်,c40f3356-d1bc-4113-92bd-c77e20f02dcd,7208,village_tract,,,,,,,,no_exact,confirmed_non_admin,confirmed_non_admin,,,,no CoreMap or MIMU exact identity under township; keep as non-linked postal locality,02-postal-review-previews/c7838bdc1586.json
88d960f03741,1006293,1,တလုပ်ကုန်း ကျေးရွာအုပ်စု,Ta Loke Kone Village Tract,တလုပ်ကုန်း,talokekone,Hinthada Township,ဟင်္သာတ မြို့နယ်,c40f3356-d1bc-4113-92bd-c77e20f02dcd,7208,village_tract,,,,,,,,no_exact,confirmed_non_admin,confirmed_non_admin,,,,no CoreMap or MIMU exact identity under township; keep as non-linked postal locality,02-postal-review-previews/88d960f03741.json
00133231d436,1006248,1,ထန်းတပင် (ဒူးယား) ကျေးရွာအုပ်စု,Htan Ta Pin (Du Yar) Village Tract,ထန်းတပင်ဒူးယား,htantapinduyar,Hinthada Township,ဟင်္သာတ မြို့နယ်,c40f3356-d1bc-4113-92bd-c77e20f02dcd,7208,village_tract,,,,,,,,no_exact,confirmed_non_admin,confirmed_non_admin,,,,no CoreMap or MIMU exact identity under township; keep as non-linked postal locality,02-postal-review-previews/00133231d436.json
83deed845303,1619212,1,ဆိုင်းလိန် (က) ကျေးရွာအုပ်စု,Hseng Lein (Ka) Village Tract,ဆိုင်းလိန်က,hsengleinka,Manton Township,မန်တုံ မြို့နယ်,c5ae9f1c-5a77-45ec-be90-851b56ef9604,6527,village_tract,,,,,,,,no_exact,confirmed_non_admin,confirmed_non_admin,,,,no CoreMap or MIMU exact identity under township; keep as non-linked postal locality,02-postal-review-previews/83deed845303.json
50033fc24437,1205208,1,ဇင်းကျိုက် ကျေးရွာအုပ်စု,Zin Kyaik Village Tract,ဇင်းကျိုက်,zinkyaik,Paung Township,ပေါင် မြို့နယ်,c74837cf-7bc6-4354-941f-f1a904529c22,5055,village_tract,,,,,,,,no_exact,confirmed_non_admin,confirmed_non_admin,,,,no CoreMap or MIMU exact identity under township; keep as non-linked postal locality,02-postal-review-previews/50033fc24437.json
16f58c76ad19,0514004,1,တရုပ်စု ရပ်ကွက်,Ta Yoke Su Quarter,တရုပ်စု,tayokesu,Sintgaing Township,စဉ့်ကိုင် မြို့နယ်,c7d0ac0f-3dc8-4499-8117-18331e9c9ee0,6205,ward,,,,,,,,no_exact,confirmed_non_admin,confirmed_non_admin,,,,no CoreMap or MIMU exact identity under township; keep as non-linked postal locality,02-postal-review-previews/16f58c76ad19.json
0e614c2a5a75,0514002,1,မြို့မ ရပ်ကွက်,Myo Ma Quarter,မ,myoma,Sintgaing Township,စဉ့်ကိုင် မြို့နယ်,c7d0ac0f-3dc8-4499-8117-18331e9c9ee0,6205,ward,,,,,,,,no_exact,confirmed_non_admin,confirmed_non_admin,,,,no CoreMap or MIMU exact identity under township; keep as non-linked postal locality,02-postal-review-previews/0e614c2a5a75.json
e202e5ed56ce,0514005,1,ရန်အောင်မြင် ရပ်ကွက်,Yan Aung Myin Quarter,ရန်အောင်မြင်,yanaungmyin,Sintgaing Township,စဉ့်ကိုင် မြို့နယ်,c7d0ac0f-3dc8-4499-8117-18331e9c9ee0,6205,ward,,,,,,,,no_exact,confirmed_non_admin,confirmed_non_admin,,,,no CoreMap or MIMU exact identity under township; keep as non-linked postal locality,02-postal-review-previews/e202e5ed56ce.json
7c0a4e45ee6f,0514003,1,ရွာနိုင် ရပ်ကွက်,Ywar Naing Quarter,ရွာနိုင်,ywarnaing,Sintgaing Township,စဉ့်ကိုင် မြို့နယ်,c7d0ac0f-3dc8-4499-8117-18331e9c9ee0,6205,ward,,,,,,,,no_exact,confirmed_non_admin,confirmed_non_admin,,,,no CoreMap or MIMU exact identity under township; keep as non-linked postal locality,02-postal-review-previews/7c0a4e45ee6f.json
ff99ca2a9237,0514001,1,မြို့သစ် ရပ်ကွက်,Myo Thit Quarter,သစ်,myothit,Sintgaing Township,စဉ့်ကိုင် မြို့နယ်,c7d0ac0f-3dc8-4499-8117-18331e9c9ee0,6205,ward,,,,,,,,no_exact,confirmed_non_admin,confirmed_non_admin,,,,no CoreMap or MIMU exact identity under township; keep as non-linked postal locality,02-postal-review-previews/ff99ca2a9237.json
6b0b74ca3a9e,0708005,1,ဘဝမ်းချောင်းဖျားစု ရပ်ကွက်,Ba Wan Chaung Hpyar Su Quarter,ဘဝမ်းချောင်းဖျားစု,bawanchaunghpyarsu,Pauktaw Township,ပေါက်တော မြို့နယ်,c7e446b4-6cbe-490a-8008-e766aa5f520e,7000,ward,,,,,,,,no_exact,confirmed_non_admin,confirmed_non_admin,,,,no CoreMap or MIMU exact identity under township; keep as non-linked postal locality,02-postal-review-previews/6b0b74ca3a9e.json
23cafb80f06c,0708004,1,ဘဝမ်းချောင်းဝစု ရပ်ကွက်,Ba Wan Chaung Wa Su Quarter,ဘဝမ်းချောင်းဝစု,bawanchaungwasu,Pauktaw Township,ပေါက်တော မြို့နယ်,c7e446b4-6cbe-490a-8008-e766aa5f520e,7000,ward,,,,,,,,no_exact,confirmed_non_admin,confirmed_non_admin,,,,no CoreMap or MIMU exact identity under township; keep as non-linked postal locality,02-postal-review-previews/23cafb80f06c.json
6d8f6d22cb0a,0708001,1,အနောက်ပိုင်း ရပ်ကွက်,Ah Nauk Paing Quarter,အနောက်ပိုင်း,ahnaukpaing,Pauktaw Township,ပေါက်တော မြို့နယ်,c7e446b4-6cbe-490a-8008-e766aa5f520e,7000,ward,,,,,,,,no_exact,confirmed_non_admin,confirmed_non_admin,,,,no CoreMap or MIMU exact identity under township; keep as non-linked postal locality,02-postal-review-previews/6d8f6d22cb0a.json
8b600494b2a0,0708003,1,အရှေ့ပိုင်း ရပ်ကွက်,Ah Shey Paing Quarter,အရှေ့ပိုင်း,ahsheypaing,Pauktaw Township,ပေါက်တော မြို့နယ်,c7e446b4-6cbe-490a-8008-e766aa5f520e,7000,ward,,,,,,,,no_exact,confirmed_non_admin,confirmed_non_admin,,,,no CoreMap or MIMU exact identity under township; keep as non-linked postal locality,02-postal-review-previews/8b600494b2a0.json
66d947f0dc11,0708002,1,အလယ်ပိုင်း ရပ်ကွက်,Ah Lel Paing Quarter,အလယ်ပိုင်း,ahlelpaing,Pauktaw Township,ပေါက်တော မြို့နယ်,c7e446b4-6cbe-490a-8008-e766aa5f520e,7000,ward,,,,,,,,no_exact,confirmed_non_admin,confirmed_non_admin,,,,no CoreMap or MIMU exact identity under township; keep as non-linked postal locality,02-postal-review-previews/66d947f0dc11.json
0b3a3c1df556,0511001,1,အမှတ် (၁) ရပ်ကွက်,No (1) Quarter,၁,1,Singu Township,စဉ့်ကူး မြို့နယ်,c9b96340-c36a-4336-81d9-31dc5bccf328,6550,ward,,,,,,,,no_exact,confirmed_non_admin,confirmed_non_admin,,,,no CoreMap or MIMU exact identity under township; keep as non-linked postal locality,02-postal-review-previews/0b3a3c1df556.json
654489ec37e1,0511002,1,အမှတ် (၂) ရပ်ကွက်,No (2) Quarter,၂,2,Singu Township,စဉ့်ကူး မြို့နယ်,c9b96340-c36a-4336-81d9-31dc5bccf328,6550,ward,,,,,,,,no_exact,confirmed_non_admin,confirmed_non_admin,,,,no CoreMap or MIMU exact identity under township; keep as non-linked postal locality,02-postal-review-previews/654489ec37e1.json
3dfcc7b15bdf,0211002,1,ဈေးတန်း ရပ်ကွက်,Zay Tan Quarter,ဈေးတန်း,zaytan,Mingin Township,မင်းကင်း မြို့နယ်,ca7ddc81-3d99-4e57-af9d-9f3c15a4a808,6798,ward,,,,,,,,no_exact,confirmed_non_admin,confirmed_non_admin,,,,no CoreMap or MIMU exact identity under township; keep as non-linked postal locality,02-postal-review-previews/3dfcc7b15bdf.json
375f551540b8,0211003,1,သရက်တော ရပ်ကွက်,Tha Yet Taw Quarter,သရက်တော,thayettaw,Mingin Township,မင်းကင်း မြို့နယ်,ca7ddc81-3d99-4e57-af9d-9f3c15a4a808,6798,ward,,,,,,,,no_exact,confirmed_non_admin,confirmed_non_admin,,,,no CoreMap or MIMU exact identity under township; keep as non-linked postal locality,02-postal-review-previews/375f551540b8.json
4ce23ccf6b5b,0621205,1,လိုက်ကမ် ကျေးရွာအုပ်စု,Laik Kam Village Tract,လိုက်ကမ်,laikkam,Kunhing Township,ကွန်ဟိန်း မြို့နယ်,caa5fed0-b25b-4784-8fd5-ff2b22ba5fb8,6313,village_tract,,,,,,,,no_exact,confirmed_non_admin,confirmed_non_admin,,,,no CoreMap or MIMU exact identity under township; keep as non-linked postal locality,02-postal-review-previews/4ce23ccf6b5b.json
197b6c9a5be2,0302226,1,နှာဟရိန် (က) ကျေးရွာအုပ်စု,Hnaring (A) Village Tract,နှာဟရိန်က,hnaringa,Thantlang Township,ထန်တလန် မြို့နယ်,cc89cf83-55dc-4c9b-9286-69178c26c4d1,6745,village_tract,,,,,,,,no_exact,confirmed_non_admin,confirmed_non_admin,,,,no CoreMap or MIMU exact identity under township; keep as non-linked postal locality,02-postal-review-previews/197b6c9a5be2.json
992ad1d4ccd7,0302001,1,အမှတ် (၁) ရပ်ကွက်,No (1) Ward Quarter,၁,1,Thantlang Township,ထန်တလန် မြို့နယ်,cc89cf83-55dc-4c9b-9286-69178c26c4d1,6745,ward,,,,,,,,no_exact,confirmed_non_admin,confirmed_non_admin,,,,no CoreMap or MIMU exact identity under township; keep as non-linked postal locality,02-postal-review-previews/992ad1d4ccd7.json
4918376921ad,0302002,1,အမှတ် (၂) ရပ်ကွက်,No (2) Ward Quarter,၂,2,Thantlang Township,ထန်တလန် မြို့နယ်,cc89cf83-55dc-4c9b-9286-69178c26c4d1,6745,ward,,,,,,,,no_exact,confirmed_non_admin,confirmed_non_admin,,,,no CoreMap or MIMU exact identity under township; keep as non-linked postal locality,02-postal-review-previews/4918376921ad.json
df5012c899f2,0302003,1,အမှတ် (၃) ရပ်ကွက်,No (3) Ward Quarter,၃,3,Thantlang Township,ထန်တလန် မြို့နယ်,cc89cf83-55dc-4c9b-9286-69178c26c4d1,6745,ward,,,,,,,,no_exact,confirmed_non_admin,confirmed_non_admin,,,,no CoreMap or MIMU exact identity under township; keep as non-linked postal locality,02-postal-review-previews/df5012c899f2.json
c7626ced63ba,1507012,1,ကျည်တောင်ကန်အမှတ် (၁)  (မြို့သစ်) ရပ်ကွက်,Kyi Taung Kan No (1)  (Myo Thit) Quarter,ကျည်တောင်ကန်၁သစ်,kyitaungkan1myothit,Poke Ba Thi Ri Township,ပုဗ္ဗသီရိ မြို့နယ်,cf19b0d8-dcda-403b-af29-83858c97f8f6,6059,ward,,,,,,,,no_exact,confirmed_non_admin,confirmed_non_admin,,,,no CoreMap or MIMU exact identity under township; keep as non-linked postal locality,02-postal-review-previews/c7626ced63ba.json
7033d26526c5,1507013,1,ကျည်တောင်ကန်အမှတ် (၂)  (မြို့မ) ရပ်ကွက်,Kyi Taung Kan No (2)  (Myo Ma) Quarter,ကျည်တောင်ကန်၂မ,kyitaungkan2myoma,Poke Ba Thi Ri Township,ပုဗ္ဗသီရိ မြို့နယ်,cf19b0d8-dcda-403b-af29-83858c97f8f6,6059,ward,,,,,,,,no_exact,confirmed_non_admin,confirmed_non_admin,,,,no CoreMap or MIMU exact identity under township; keep as non-linked postal locality,02-postal-review-previews/7033d26526c5.json
1cc29b87e22d,1507014,1,ကျည်တောင်ကန်အမှတ် (၃)  (မြို့ဟောင်း) ရပ်ကွက်,Kyi Taung Kan No (3)  (Myo Haung) Quarter,ကျည်တောင်ကန်၃ဟောင်း,kyitaungkan3myohaung,Poke Ba Thi Ri Township,ပုဗ္ဗသီရိ မြို့နယ်,cf19b0d8-dcda-403b-af29-83858c97f8f6,6059,ward,,,,,,,,no_exact,confirmed_non_admin,confirmed_non_admin,,,,no CoreMap or MIMU exact identity under township; keep as non-linked postal locality,02-postal-review-previews/1cc29b87e22d.json
36082ed366d7,1507015,1,ကျည်တောင်ကန်အမှတ် (၄)  (ကမ်းနား) ရပ်ကွက်,Kyi Taung Kan No (4) (Kan Nar) Quarter,ကျည်တောင်ကန်၄ကမ်းနား,kyitaungkan4kannar,Poke Ba Thi Ri Township,ပုဗ္ဗသီရိ မြို့နယ်,cf19b0d8-dcda-403b-af29-83858c97f8f6,6059,ward,,,,,,,,no_exact,confirmed_non_admin,confirmed_non_admin,,,,no CoreMap or MIMU exact identity under township; keep as non-linked postal locality,02-postal-review-previews/36082ed366d7.json
2ec4b5a2c30e,1507016,1,ကျည်တောင်ကန်အမှတ် (၅)  (ဆုံကုန်း) ရပ်ကွက်,Kyi Taung Kan No (5)  (Sone Kone) Quarter,ကျည်တောင်ကန်၅ဆုံကုန်း,kyitaungkan5sonekone,Poke Ba Thi Ri Township,ပုဗ္ဗသီရိ မြို့နယ်,cf19b0d8-dcda-403b-af29-83858c97f8f6,6059,ward,,,,,,,,no_exact,confirmed_non_admin,confirmed_non_admin,,,,no CoreMap or MIMU exact identity under township; keep as non-linked postal locality,02-postal-review-previews/2ec4b5a2c30e.json
51b32c15dfa9,1507017,1,ကျည်တောင်ကန်အမှတ် (၆) (သဲကျွန်း) ရပ်ကွက်,Kyi Taung Kan No (6)  (Thae Kyun) Quarter,ကျည်တောင်ကန်၆သဲကျွန်း,kyitaungkan6thaekyun,Poke Ba Thi Ri Township,ပုဗ္ဗသီရိ မြို့နယ်,cf19b0d8-dcda-403b-af29-83858c97f8f6,6059,ward,,,,,,,,no_exact,confirmed_non_admin,confirmed_non_admin,,,,no CoreMap or MIMU exact identity under township; keep as non-linked postal locality,02-postal-review-previews/51b32c15dfa9.json
53c7df9ad406,1507002,1,အောင်သာယာ ရပ်ကွက်,Aung Thar Yar Quarter,အောင်သာယာ,aungtharyar,Poke Ba Thi Ri Township,ပုဗ္ဗသီရိ မြို့နယ်,cf19b0d8-dcda-403b-af29-83858c97f8f6,6059,ward,,,,,,,,no_exact,confirmed_non_admin,confirmed_non_admin,,,,no CoreMap or MIMU exact identity under township; keep as non-linked postal locality,02-postal-review-previews/53c7df9ad406.json
d70c18573392,1812213,1,တာပွန် ကျေးရွာအုပ်စု,Tar Pun Village Tract,တာပွန်,tarpun,Nattalin Township,နတ်တလင်း မြို့နယ်,d25c0246-f943-42a3-a97b-24f20150614f,7160,village_tract,,,,,,,,no_exact,confirmed_non_admin,confirmed_non_admin,,,,no CoreMap or MIMU exact identity under township; keep as non-linked postal locality,02-postal-review-previews/d70c18573392.json
426ac99b321d,1812276,1,ပျဉ်းမခေါင် ကျေးရွာအုပ်စု,Pyin Ma Khaung Village Tract,ပျဉ်းမခေါင်,pyinmakhaung,Nattalin Township,နတ်တလင်း မြို့နယ်,d25c0246-f943-42a3-a97b-24f20150614f,7160,village_tract,,,,,,,,no_exact,confirmed_non_admin,confirmed_non_admin,,,,no CoreMap or MIMU exact identity under township; keep as non-linked postal locality,02-postal-review-previews/426ac99b321d.json
eb75ac7c2eec,1812004,1,ဇီးကုန်းကလေး ရပ်ကွက်,Zee Kone Ka Lay Quarter,ဇီးကုန်းကလေး,zeekonekalay,Nattalin Township,နတ်တလင်း မြို့နယ်,d25c0246-f943-42a3-a97b-24f20150614f,7160,ward,,,,,,,,no_exact,confirmed_non_admin,confirmed_non_admin,,,,no CoreMap or MIMU exact identity under township; keep as non-linked postal locality,02-postal-review-previews/eb75ac7c2eec.json
135c3367a83f,1812001,1,မြို့မ ရပ်ကွက်,Myo Ma Quarter,မ,myoma,Nattalin Township,နတ်တလင်း မြို့နယ်,d25c0246-f943-42a3-a97b-24f20150614f,7160,ward,,,,,,,,no_exact,confirmed_non_admin,confirmed_non_admin,,,,no CoreMap or MIMU exact identity under township; keep as non-linked postal locality,02-postal-review-previews/135c3367a83f.json
ce15f58698e8,1812003,1,ရွာမ ရပ်ကွက်,Ywar Ma Quarter,ရွာမ,ywarma,Nattalin Township,နတ်တလင်း မြို့နယ်,d25c0246-f943-42a3-a97b-24f20150614f,7160,ward,,,,,,,,no_exact,confirmed_non_admin,confirmed_non_admin,,,,no CoreMap or MIMU exact identity under township; keep as non-linked postal locality,02-postal-review-previews/ce15f58698e8.json
d3d7277272d0,1812002,1,သာဇီ ရပ်ကွက်,Thar Zi Quarter,သာဇီ,tharzi,Nattalin Township,နတ်တလင်း မြို့နယ်,d25c0246-f943-42a3-a97b-24f20150614f,7160,ward,,,,,,,,no_exact,confirmed_non_admin,confirmed_non_admin,,,,no CoreMap or MIMU exact identity under township; keep as non-linked postal locality,02-postal-review-previews/d3d7277272d0.json
038de42c593f,0813006,1,ဆိပ်ကြီး ရပ်ကွက်,Seik Gyi Quarter,ဆိပ်ကြီး,seikgyi,Htantabin Township,ထန်းတပင် မြို့နယ်,d4213201-c14a-48cf-adef-9ae6be622006,5971,ward,,,,,,,,no_exact,confirmed_non_admin,confirmed_non_admin,,,,no CoreMap or MIMU exact identity under township; keep as non-linked postal locality,02-postal-review-previews/038de42c593f.json
3fa31730ee4a,0813003,1,သီရိရတနာ ရပ်ကွက်,Thi Ri Ya Da Nar Quarter,သီရိရတနာ,thiriyadanar,Htantabin Township,ထန်းတပင် မြို့နယ်,d4213201-c14a-48cf-adef-9ae6be622006,5971,ward,,,,,,,,no_exact,confirmed_non_admin,confirmed_non_admin,,,,no CoreMap or MIMU exact identity under township; keep as non-linked postal locality,02-postal-review-previews/3fa31730ee4a.json
443a98bab4e5,0813002,1,သီရိဟေမာ ရပ်ကွက်,Thi Ri Hay Mar Quarter,သီရိဟေမာ,thirihaymar,Htantabin Township,ထန်းတပင် မြို့နယ်,d4213201-c14a-48cf-adef-9ae6be622006,5971,ward,,,,,,,,no_exact,confirmed_non_admin,confirmed_non_admin,,,,no CoreMap or MIMU exact identity under township; keep as non-linked postal locality,02-postal-review-previews/443a98bab4e5.json
aa93b8e777fc,0813005,1,အောင်ချမ်းသာ ရပ်ကွက်,Aung Chan Thar Quarter,အောင်ချမ်းသာ,aungchanthar,Htantabin Township,ထန်းတပင် မြို့နယ်,d4213201-c14a-48cf-adef-9ae6be622006,5971,ward,,,,,,,,no_exact,confirmed_non_admin,confirmed_non_admin,,,,no CoreMap or MIMU exact identity under township; keep as non-linked postal locality,02-postal-review-previews/aa93b8e777fc.json
173376865d39,0813001,1,အောင်မင်္ဂလာ ရပ်ကွက်,Aung Min Ga Lar Quarter,အောင်မင်္ဂလာ,aungmingalar,Htantabin Township,ထန်းတပင် မြို့နယ်,d4213201-c14a-48cf-adef-9ae6be622006,5971,ward,,,,,,,,no_exact,confirmed_non_admin,confirmed_non_admin,,,,no CoreMap or MIMU exact identity under township; keep as non-linked postal locality,02-postal-review-previews/173376865d39.json
43f0625de69e,0813004,1,အောင်သုခ ရပ်ကွက်,Aung Thu Kha Quarter,အောင်သုခ,aungthukha,Htantabin Township,ထန်းတပင် မြို့နယ်,d4213201-c14a-48cf-adef-9ae6be622006,5971,ward,,,,,,,,no_exact,confirmed_non_admin,confirmed_non_admin,,,,no CoreMap or MIMU exact identity under township; keep as non-linked postal locality,02-postal-review-previews/43f0625de69e.json
26d2877e9fca,0812239,1,ကျွဲပွဲ ကျေးရွာအုပ်စု,Kywe Pwe Village Tract,ကျွဲပွဲ,kywepwe,Oktwin Township,အုတ်တွင်း မြို့နယ်,d62af6d8-d8cd-47e9-9efe-0963fa8f07d8,5943,village_tract,,,,,,,,no_exact,confirmed_non_admin,confirmed_non_admin,,,,no CoreMap or MIMU exact identity under township; keep as non-linked postal locality,02-postal-review-previews/26d2877e9fca.json
fe2761e9e599,0812002,1,ကသစ်တန်း ရပ်ကွက်,Ka Thit Tan Quarter,ကသစ်တန်း,kathittan,Oktwin Township,အုတ်တွင်း မြို့နယ်,d62af6d8-d8cd-47e9-9efe-0963fa8f07d8,5943,ward,,,,,,,,no_exact,confirmed_non_admin,confirmed_non_admin,,,,no CoreMap or MIMU exact identity under township; keep as non-linked postal locality,02-postal-review-previews/fe2761e9e599.json
d906fc1df786,0812005,1,ကြက်သွန်ခင်း (၁) ရပ်ကွက်,Kyet Thun Khin (1) Quarter,ကြက်သွန်ခင်း၁,kyetthunkhin1,Oktwin Township,အုတ်တွင်း မြို့နယ်,d62af6d8-d8cd-47e9-9efe-0963fa8f07d8,5943,ward,,,,,,,,no_exact,confirmed_non_admin,confirmed_non_admin,,,,no CoreMap or MIMU exact identity under township; keep as non-linked postal locality,02-postal-review-previews/d906fc1df786.json
4a51fbd24c71,0812006,1,ကြက်သွန်ခင်း (၂) ရပ်ကွက်,Kyet Thun Khin (2) Quarter,ကြက်သွန်ခင်း၂,kyetthunkhin2,Oktwin Township,အုတ်တွင်း မြို့နယ်,d62af6d8-d8cd-47e9-9efe-0963fa8f07d8,5943,ward,,,,,,,,no_exact,confirmed_non_admin,confirmed_non_admin,,,,no CoreMap or MIMU exact identity under township; keep as non-linked postal locality,02-postal-review-previews/4a51fbd24c71.json
e088a9482d5d,0812003,1,ဈေး ရပ်ကွက်,Zay Quarter,ဈေး,zay,Oktwin Township,အုတ်တွင်း မြို့နယ်,d62af6d8-d8cd-47e9-9efe-0963fa8f07d8,5943,ward,,,,,,,,no_exact,confirmed_non_admin,confirmed_non_admin,,,,no CoreMap or MIMU exact identity under township; keep as non-linked postal locality,02-postal-review-previews/e088a9482d5d.json
797223811f0c,0812004,1,ပဲခူးလမ်း ရပ်ကွက်,Bago Lan Quarter,ပဲခူးလမ်း,bagolan,Oktwin Township,အုတ်တွင်း မြို့နယ်,d62af6d8-d8cd-47e9-9efe-0963fa8f07d8,5943,ward,,,,,,,,no_exact,confirmed_non_admin,confirmed_non_admin,,,,no CoreMap or MIMU exact identity under township; keep as non-linked postal locality,02-postal-review-previews/797223811f0c.json
6b73bf6718bc,0812001,1,မဲကုန်း ရပ်ကွက်,Me Kone Quarter,မဲကုန်း,mekone,Oktwin Township,အုတ်တွင်း မြို့နယ်,d62af6d8-d8cd-47e9-9efe-0963fa8f07d8,5943,ward,,,,,,,,no_exact,confirmed_non_admin,confirmed_non_admin,,,,no CoreMap or MIMU exact identity under township; keep as non-linked postal locality,02-postal-review-previews/6b73bf6718bc.json
2cd079984cab,1704200,1,စွပ်ပလွေ ကျေးရွာအုပ်စု,Sut Pa Lway Village Tract,စွပ်ပလွေ,sutpalway,Mongla Township,မိုင်းလား မြို့နယ်,d675f613-6c3b-4bbb-be7c-aba321288cff,7526,village_tract,,,,,,,,no_exact,confirmed_non_admin,confirmed_non_admin,,,,no CoreMap or MIMU exact identity under township; keep as non-linked postal locality,02-postal-review-previews/2cd079984cab.json
3b743d339c5c,1704202,1,တာပုံ ကျေးရွာအုပ်စု,Tar Pong Village Tract,တာပုံ,tarpong,Mongla Township,မိုင်းလား မြို့နယ်,d675f613-6c3b-4bbb-be7c-aba321288cff,7526,village_tract,,,,,,,,no_exact,confirmed_non_admin,confirmed_non_admin,,,,no CoreMap or MIMU exact identity under township; keep as non-linked postal locality,02-postal-review-previews/3b743d339c5c.json
8938bdb89af1,1704205,1,မိုင်းဝ ကျေးရွာအုပ်စု,Mong Wa Village Tract,မိုင်းဝ,mongwa,Mongla Township,မိုင်းလား မြို့နယ်,d675f613-6c3b-4bbb-be7c-aba321288cff,7526,village_tract,,,,,,,,no_exact,confirmed_non_admin,confirmed_non_admin,,,,no CoreMap or MIMU exact identity under township; keep as non-linked postal locality,02-postal-review-previews/8938bdb89af1.json
1672243d6807,1704208,1,ဝမ်မိုင်းလုံ ကျေးရွာအုပ်စု,Wan Mong Long Village Tract,ဝမ်မိုင်းလုံ,wanmonglong,Mongla Township,မိုင်းလား မြို့နယ်,d675f613-6c3b-4bbb-be7c-aba321288cff,7526,village_tract,,,,,,,,no_exact,confirmed_non_admin,confirmed_non_admin,,,,no CoreMap or MIMU exact identity under township; keep as non-linked postal locality,02-postal-review-previews/1672243d6807.json
dda76c18546d,1704001,1,အမှတ် (၁) ရပ်ကွက်,No (1) Quarter,၁,1,Mongla Township,မိုင်းလား မြို့နယ်,d675f613-6c3b-4bbb-be7c-aba321288cff,7526,ward,,,,,,,,no_exact,confirmed_non_admin,confirmed_non_admin,,,,no CoreMap or MIMU exact identity under township; keep as non-linked postal locality,02-postal-review-previews/dda76c18546d.json
caeba77bb515,1704002,1,အမှတ် (၂) ရပ်ကွက်,No (2) Quarter,၂,2,Mongla Township,မိုင်းလား မြို့နယ်,d675f613-6c3b-4bbb-be7c-aba321288cff,7526,ward,,,,,,,,no_exact,confirmed_non_admin,confirmed_non_admin,,,,no CoreMap or MIMU exact identity under township; keep as non-linked postal locality,02-postal-review-previews/caeba77bb515.json
c2a9abf77d62,1706201,1,ကုန်းဆာ ကျေးရွာအုပ်စု,Kone Hsar Village Tract,ကုန်းဆာ,konehsar,Mongping Township,မိုင်းပျဉ်း မြို့နယ်,d69d7025-578c-4ad0-8a62-6525f6ba1e02,6312,village_tract,,,,,,,,no_exact,confirmed_non_admin,confirmed_non_admin,,,,no CoreMap or MIMU exact identity under township; keep as non-linked postal locality,02-postal-review-previews/c2a9abf77d62.json
5673fbd7d4f6,1706200,1,ကျောင်းခါး ကျေးရွာအုပ်စု,Kyawng Hkar Village Tract,ကျောင်းခါး,kyawnghkar,Mongping Township,မိုင်းပျဉ်း မြို့နယ်,d69d7025-578c-4ad0-8a62-6525f6ba1e02,6312,village_tract,,,,,,,,no_exact,confirmed_non_admin,confirmed_non_admin,,,,no CoreMap or MIMU exact identity under township; keep as non-linked postal locality,02-postal-review-previews/5673fbd7d4f6.json
063cbdd2a34e,1706203,1,ဆီပေါ့ ကျေးရွာအုပ်စု,Hsi Pawt Village Tract,ဆီပေါ့,hsipawt,Mongping Township,မိုင်းပျဉ်း မြို့နယ်,d69d7025-578c-4ad0-8a62-6525f6ba1e02,6312,village_tract,,,,,,,,no_exact,confirmed_non_admin,confirmed_non_admin,,,,no CoreMap or MIMU exact identity under township; keep as non-linked postal locality,02-postal-review-previews/063cbdd2a34e.json
7cfe65aa1c87,1706208,1,နားမော် ကျေးရွာအုပ်စု,Nar Maw Village Tract,နားမော်,narmaw,Mongping Township,မိုင်းပျဉ်း မြို့နယ်,d69d7025-578c-4ad0-8a62-6525f6ba1e02,6312,village_tract,,,,,,,,no_exact,confirmed_non_admin,confirmed_non_admin,,,,no CoreMap or MIMU exact identity under township; keep as non-linked postal locality,02-postal-review-previews/7cfe65aa1c87.json
55671a65c0f6,1706227,1,ဟွေခုရု ကျေးရွာအုပ်စု,Hway Hku Yu Village Tract,ဟွေခုရု,hwayhkuyu,Mongping Township,မိုင်းပျဉ်း မြို့နယ်,d69d7025-578c-4ad0-8a62-6525f6ba1e02,6312,village_tract,,,,,,,,no_exact,confirmed_non_admin,confirmed_non_admin,,,,no CoreMap or MIMU exact identity under township; keep as non-linked postal locality,02-postal-review-previews/55671a65c0f6.json
c7fb2d7d9622,0269001,1,ချမ်းအေးသာယာ ရပ်ကွက်,Chan Aye Thar Yar Quarter,ချမ်းအေးသာယာ,chanayetharyar,Zee Kone Town,ဇီးကုန်း မြို့,df682010-f157-4ea8-9528-353045731ea5,7162,ward,,,,,,,,no_exact,confirmed_non_admin,confirmed_non_admin,,,,no CoreMap or MIMU exact identity under township; keep as non-linked postal locality,02-postal-review-previews/c7fb2d7d9622.json
bcbb79aad7ac,0269006,1,နဂါးပေါ် ရပ်ကွက်,Nagar Paw Quarter,နဂါးပေါ်,nagarpaw,Zee Kone Town,ဇီးကုန်း မြို့,df682010-f157-4ea8-9528-353045731ea5,7162,ward,,,,,,,,no_exact,confirmed_non_admin,confirmed_non_admin,,,,no CoreMap or MIMU exact identity under township; keep as non-linked postal locality,02-postal-review-previews/bcbb79aad7ac.json
dab89586b12b,0269002,1,ရန်ကြီးအောင် ရပ်ကွက်,Yan Gyi Aung Quarter,ရန်ကြီးအောင်,yangyiaung,Zee Kone Town,ဇီးကုန်း မြို့,df682010-f157-4ea8-9528-353045731ea5,7162,ward,,,,,,,,no_exact,confirmed_non_admin,confirmed_non_admin,,,,no CoreMap or MIMU exact identity under township; keep as non-linked postal locality,02-postal-review-previews/dab89586b12b.json
3301664fafe8,0269003,1,ရန်နိုင်အေး ရပ်ကွက်,Yan Naing Aye Quarter,ရန်နိုင်အေး,yannaingaye,Zee Kone Town,ဇီးကုန်း မြို့,df682010-f157-4ea8-9528-353045731ea5,7162,ward,,,,,,,,no_exact,confirmed_non_admin,confirmed_non_admin,,,,no CoreMap or MIMU exact identity under township; keep as non-linked postal locality,02-postal-review-previews/3301664fafe8.json
6711a0b23d59,0269005,1,လက်ဆည် ရပ်ကွက်,Let Se Quarter,လက်ဆည်,letse,Zee Kone Town,ဇီးကုန်း မြို့,df682010-f157-4ea8-9528-353045731ea5,7162,ward,,,,,,,,no_exact,confirmed_non_admin,confirmed_non_admin,,,,no CoreMap or MIMU exact identity under township; keep as non-linked postal locality,02-postal-review-previews/6711a0b23d59.json
1d8905085a03,0269004,1,အောင်သိဒ္ဓိ ရပ်ကွက်,Aung Theik Di Quarter,အောင်သိဒ္ဓိ,aungtheikdi,Zee Kone Town,ဇီးကုန်း မြို့,df682010-f157-4ea8-9528-353045731ea5,7162,ward,,,,,,,,no_exact,confirmed_non_admin,confirmed_non_admin,,,,no CoreMap or MIMU exact identity under township; keep as non-linked postal locality,02-postal-review-previews/1d8905085a03.json
2db5c140d1f2,1811001,1,အမှတ် (၁) ရပ်ကွက်,No (1) Quarter,၁,1,Zigon Township,ဇီးကုန်း မြို့နယ်,df682010-f157-4ea8-9528-353045731ea5,7162,ward,,,,,,,,no_exact,confirmed_non_admin,confirmed_non_admin,,,,no CoreMap or MIMU exact identity under township; keep as non-linked postal locality,02-postal-review-previews/2db5c140d1f2.json
31aa96567785,1811002,1,အမှတ် (၂) ရပ်ကွက်,No (2) Quarter,၂,2,Zigon Township,ဇီးကုန်း မြို့နယ်,df682010-f157-4ea8-9528-353045731ea5,7162,ward,,,,,,,,no_exact,confirmed_non_admin,confirmed_non_admin,,,,no CoreMap or MIMU exact identity under township; keep as non-linked postal locality,02-postal-review-previews/31aa96567785.json
038466f67441,1811003,1,အမှတ် (၃) ရပ်ကွက်,No (3) Quarter,၃,3,Zigon Township,ဇီးကုန်း မြို့နယ်,df682010-f157-4ea8-9528-353045731ea5,7162,ward,,,,,,,,no_exact,confirmed_non_admin,confirmed_non_admin,,,,no CoreMap or MIMU exact identity under township; keep as non-linked postal locality,02-postal-review-previews/038466f67441.json
050b4a912ee5,1811004,1,အမှတ် (၄) ရပ်ကွက်,No (4) Quarter,၄,4,Zigon Township,ဇီးကုန်း မြို့နယ်,df682010-f157-4ea8-9528-353045731ea5,7162,ward,,,,,,,,no_exact,confirmed_non_admin,confirmed_non_admin,,,,no CoreMap or MIMU exact identity under township; keep as non-linked postal locality,02-postal-review-previews/050b4a912ee5.json
36e8a533d76d,1811005,1,အမှတ် (၅) ရပ်ကွက်,No (၅) Quarter,၅,no၅,Zigon Township,ဇီးကုန်း မြို့နယ်,df682010-f157-4ea8-9528-353045731ea5,7162,ward,,,,,,,,no_exact,confirmed_non_admin,confirmed_non_admin,,,,no CoreMap or MIMU exact identity under township; keep as non-linked postal locality,02-postal-review-previews/36e8a533d76d.json
b13adf709363,0113204,1,ဝက်ကုန်း ကျေးရွာအုပ်စု,Wet Kone Village Tract,ဝက်ကုန်း,wetkone,Bhamo Township,ဗန်းမော် မြို့နယ်,dfe77f04-45f5-47d4-9bb9-55c25c4c0e23,6612,village_tract,,,,,,,,no_exact,confirmed_non_admin,confirmed_non_admin,,,,no CoreMap or MIMU exact identity under township; keep as non-linked postal locality,02-postal-review-previews/b13adf709363.json
6f27283bd2f4,0113220,1,ဟန်းတဲ ကျေးရွာအုပ်စု,Han Te Village Tract,ဟန်းတဲ,hante,Bhamo Township,ဗန်းမော် မြို့နယ်,dfe77f04-45f5-47d4-9bb9-55c25c4c0e23,6612,village_tract,,,,,,,,no_exact,confirmed_non_admin,confirmed_non_admin,,,,no CoreMap or MIMU exact identity under township; keep as non-linked postal locality,02-postal-review-previews/6f27283bd2f4.json
1c227bc8c916,0113244,1,အောင်သာ ကျေးရွာအုပ်စု,Aung Thar Village Tract,အောင်သာ,aungthar,Bhamo Township,ဗန်းမော် မြို့နယ်,dfe77f04-45f5-47d4-9bb9-55c25c4c0e23,6612,village_tract,,,,,,,,no_exact,confirmed_non_admin,confirmed_non_admin,,,,no CoreMap or MIMU exact identity under township; keep as non-linked postal locality,02-postal-review-previews/1c227bc8c916.json
90cba8cc2dd3,0113001,1,ခွန်သာ ရပ်ကွက်,Khun Thar Quarter,ခွန်သာ,khunthar,Bhamo Township,ဗန်းမော် မြို့နယ်,dfe77f04-45f5-47d4-9bb9-55c25c4c0e23,6612,ward,,,,,,,,no_exact,confirmed_non_admin,confirmed_non_admin,,,,no CoreMap or MIMU exact identity under township; keep as non-linked postal locality,02-postal-review-previews/90cba8cc2dd3.json
5442bda70e57,0113010,1,ဆင်ကုန်း ရပ်ကွက်,Sin Kone Quarter,ဆင်ကုန်း,sinkone,Bhamo Township,ဗန်းမော် မြို့နယ်,dfe77f04-45f5-47d4-9bb9-55c25c4c0e23,6612,ward,,,,,,,,no_exact,confirmed_non_admin,confirmed_non_admin,,,,no CoreMap or MIMU exact identity under township; keep as non-linked postal locality,02-postal-review-previews/5442bda70e57.json
201f7dd49887,0113008,1,ညောင်ပင် ရပ်ကွက်,Nyaung Pin Quarter,ညောင်ပင်,nyaungpin,Bhamo Township,ဗန်းမော် မြို့နယ်,dfe77f04-45f5-47d4-9bb9-55c25c4c0e23,6612,ward,,,,,,,,no_exact,confirmed_non_admin,confirmed_non_admin,,,,no CoreMap or MIMU exact identity under township; keep as non-linked postal locality,02-postal-review-previews/201f7dd49887.json
090ed697b35f,0113011,1,နမ့်ဖား ရပ်ကွက်,Nam Hpar Quarter,နမ့်ဖား,namhpar,Bhamo Township,ဗန်းမော် မြို့နယ်,dfe77f04-45f5-47d4-9bb9-55c25c4c0e23,6612,ward,,,,,,,,no_exact,confirmed_non_admin,confirmed_non_admin,,,,no CoreMap or MIMU exact identity under township; keep as non-linked postal locality,02-postal-review-previews/090ed697b35f.json
0784ef525766,0113012,1,နောင်ခို ရပ်ကွက်,Nawng Kho Quarter,နောင်ခို,nawngkho,Bhamo Township,ဗန်းမော် မြို့နယ်,dfe77f04-45f5-47d4-9bb9-55c25c4c0e23,6612,ward,,,,,,,,no_exact,confirmed_non_admin,confirmed_non_admin,,,,no CoreMap or MIMU exact identity under township; keep as non-linked postal locality,02-postal-review-previews/0784ef525766.json
062b9383f6ba,0113006,1,ပေါက်ကုန်း ရပ်ကွက်,Pauk Kone Quarter,ပေါက်ကုန်း,paukkone,Bhamo Township,ဗန်းမော် မြို့နယ်,dfe77f04-45f5-47d4-9bb9-55c25c4c0e23,6612,ward,,,,,,,,no_exact,confirmed_non_admin,confirmed_non_admin,,,,no CoreMap or MIMU exact identity under township; keep as non-linked postal locality,02-postal-review-previews/062b9383f6ba.json
f416601794e4,0113002,1,မြို့မ ရပ်ကွက်,Myo Ma Quarter,မ,myoma,Bhamo Township,ဗန်းမော် မြို့နယ်,dfe77f04-45f5-47d4-9bb9-55c25c4c0e23,6612,ward,,,,,,,,no_exact,confirmed_non_admin,confirmed_non_admin,,,,no CoreMap or MIMU exact identity under township; keep as non-linked postal locality,02-postal-review-previews/f416601794e4.json
7e1d1c2f9b9a,0113004,1,မင်းကုန်း ရပ်ကွက်,Min Kone Quarter,မင်းကုန်း,minkone,Bhamo Township,ဗန်းမော် မြို့နယ်,dfe77f04-45f5-47d4-9bb9-55c25c4c0e23,6612,ward,,,,,,,,no_exact,confirmed_non_admin,confirmed_non_admin,,,,no CoreMap or MIMU exact identity under township; keep as non-linked postal locality,02-postal-review-previews/7e1d1c2f9b9a.json
8ec2789c4e58,0113007,1,မင်းကျောင်းကုန်း ရပ်ကွက်,Min Kyaung Kone Quarter,မင်းကျောင်းကုန်း,minkyaungkone,Bhamo Township,ဗန်းမော် မြို့နယ်,dfe77f04-45f5-47d4-9bb9-55c25c4c0e23,6612,ward,,,,,,,,no_exact,confirmed_non_admin,confirmed_non_admin,,,,no CoreMap or MIMU exact identity under township; keep as non-linked postal locality,02-postal-review-previews/8ec2789c4e58.json
5b4e888bc995,0113013,1,ရွှေကျီးနား ရပ်ကွက်,Shwe Kyee Nar Quarter,ရွှေကျီးနား,shwekyeenar,Bhamo Township,ဗန်းမော် မြို့နယ်,dfe77f04-45f5-47d4-9bb9-55c25c4c0e23,6612,ward,,,,,,,,no_exact,confirmed_non_admin,confirmed_non_admin,,,,no CoreMap or MIMU exact identity under township; keep as non-linked postal locality,02-postal-review-previews/5b4e888bc995.json
4a3222a4dc23,0113014,1,ရွှေပြည်သာ ရပ်ကွက်,Shwe Pyi Thar Ward Quarter,ရွှေပြည်သာ,shwepyithar,Bhamo Township,ဗန်းမော် မြို့နယ်,dfe77f04-45f5-47d4-9bb9-55c25c4c0e23,6612,ward,,,,,,,,no_exact,confirmed_non_admin,confirmed_non_admin,,,,no CoreMap or MIMU exact identity under township; keep as non-linked postal locality,02-postal-review-previews/4a3222a4dc23.json
844a1950e603,0113005,1,သာစည် ရပ်ကွက်,Thar Si Quarter,သာစည်,tharsi,Bhamo Township,ဗန်းမော် မြို့နယ်,dfe77f04-45f5-47d4-9bb9-55c25c4c0e23,6612,ward,,,,,,,,no_exact,confirmed_non_admin,confirmed_non_admin,,,,no CoreMap or MIMU exact identity under township; keep as non-linked postal locality,02-postal-review-previews/844a1950e603.json
fe8308d13765,0113009,1,သီရိ ရပ်ကွက်,Thi Ri Quarter,သီရိ,thiri,Bhamo Township,ဗန်းမော် မြို့နယ်,dfe77f04-45f5-47d4-9bb9-55c25c4c0e23,6612,ward,,,,,,,,no_exact,confirmed_non_admin,confirmed_non_admin,,,,no CoreMap or MIMU exact identity under township; keep as non-linked postal locality,02-postal-review-previews/fe8308d13765.json
3612020044b6,0113015,1,ဟန်းတဲ ရပ်ကွက်,Han Te Quarter,ဟန်းတဲ,hante,Bhamo Township,ဗန်းမော် မြို့နယ်,dfe77f04-45f5-47d4-9bb9-55c25c4c0e23,6612,ward,,,,,,,,no_exact,confirmed_non_admin,confirmed_non_admin,,,,no CoreMap or MIMU exact identity under township; keep as non-linked postal locality,02-postal-review-previews/3612020044b6.json
a75ace1174c8,0113003,1,အလည်ရပ် ရပ်ကွက်,Ah Lel Yat Quarter,အလည်ရပ်,ahlelyat,Bhamo Township,ဗန်းမော် မြို့နယ်,dfe77f04-45f5-47d4-9bb9-55c25c4c0e23,6612,ward,,,,,,,,no_exact,confirmed_non_admin,confirmed_non_admin,,,,no CoreMap or MIMU exact identity under township; keep as non-linked postal locality,02-postal-review-previews/a75ace1174c8.json
be51452d47bd,0113016,1,အောင်သာ ရပ်ကွက်,Aung Thar Quarter,အောင်သာ,aungthar,Bhamo Township,ဗန်းမော် မြို့နယ်,dfe77f04-45f5-47d4-9bb9-55c25c4c0e23,6612,ward,,,,,,,,no_exact,confirmed_non_admin,confirmed_non_admin,,,,no CoreMap or MIMU exact identity under township; keep as non-linked postal locality,02-postal-review-previews/be51452d47bd.json
818a4399c1c5,0417001,1,အမှတ် (၁) ရပ်ကွက်,No (1) Quarter,၁,1,Chauk Township,ချောက် မြို့နယ်,e05a66b5-54c8-49a1-ae5c-6c1397b0bb5d,7031,ward,,,,,,,,no_exact,confirmed_non_admin,confirmed_non_admin,,,,no CoreMap or MIMU exact identity under township; keep as non-linked postal locality,02-postal-review-previews/818a4399c1c5.json
97516abea07b,0417010,1,အမှတ် (၁၀) ရပ်ကွက်,No (10) Quarter,၁၀,10,Chauk Township,ချောက် မြို့နယ်,e05a66b5-54c8-49a1-ae5c-6c1397b0bb5d,7031,ward,,,,,,,,no_exact,confirmed_non_admin,confirmed_non_admin,,,,no CoreMap or MIMU exact identity under township; keep as non-linked postal locality,02-postal-review-previews/97516abea07b.json
cdcb2c8946fd,0417011,1,အမှတ် (၁၁) ရပ်ကွက်,No (11) Quarter,၁၁,11,Chauk Township,ချောက် မြို့နယ်,e05a66b5-54c8-49a1-ae5c-6c1397b0bb5d,7031,ward,,,,,,,,no_exact,confirmed_non_admin,confirmed_non_admin,,,,no CoreMap or MIMU exact identity under township; keep as non-linked postal locality,02-postal-review-previews/cdcb2c8946fd.json
239f637f08e7,0417012,1,အမှတ် (၁၂) ရပ်ကွက်,No (12) Quarter,၁၂,12,Chauk Township,ချောက် မြို့နယ်,e05a66b5-54c8-49a1-ae5c-6c1397b0bb5d,7031,ward,,,,,,,,no_exact,confirmed_non_admin,confirmed_non_admin,,,,no CoreMap or MIMU exact identity under township; keep as non-linked postal locality,02-postal-review-previews/239f637f08e7.json
e2a635ff9d28,0417013,1,အမှတ် (၁၃) ရပ်ကွက်,No (13) Quarter,၁၃,13,Chauk Township,ချောက် မြို့နယ်,e05a66b5-54c8-49a1-ae5c-6c1397b0bb5d,7031,ward,,,,,,,,no_exact,confirmed_non_admin,confirmed_non_admin,,,,no CoreMap or MIMU exact identity under township; keep as non-linked postal locality,02-postal-review-previews/e2a635ff9d28.json
7ebbee502fbf,0417014,1,အမှတ် (၁၄) ရပ်ကွက်,No (14) Quarter,၁၄,14,Chauk Township,ချောက် မြို့နယ်,e05a66b5-54c8-49a1-ae5c-6c1397b0bb5d,7031,ward,,,,,,,,no_exact,confirmed_non_admin,confirmed_non_admin,,,,no CoreMap or MIMU exact identity under township; keep as non-linked postal locality,02-postal-review-previews/7ebbee502fbf.json
8d091f02e8d6,0417015,1,အမှတ် (၁၅) ရပ်ကွက်,No (15) Quarter,၁၅,15,Chauk Township,ချောက် မြို့နယ်,e05a66b5-54c8-49a1-ae5c-6c1397b0bb5d,7031,ward,,,,,,,,no_exact,confirmed_non_admin,confirmed_non_admin,,,,no CoreMap or MIMU exact identity under township; keep as non-linked postal locality,02-postal-review-previews/8d091f02e8d6.json
072fc08ce0f9,0417002,1,အမှတ် (၂) ရပ်ကွက်,No (2) Quarter,၂,2,Chauk Township,ချောက် မြို့နယ်,e05a66b5-54c8-49a1-ae5c-6c1397b0bb5d,7031,ward,,,,,,,,no_exact,confirmed_non_admin,confirmed_non_admin,,,,no CoreMap or MIMU exact identity under township; keep as non-linked postal locality,02-postal-review-previews/072fc08ce0f9.json
9e250b43b30a,0417003,1,အမှတ် (၃) ရပ်ကွက်,No (3) Quarter,၃,3,Chauk Township,ချောက် မြို့နယ်,e05a66b5-54c8-49a1-ae5c-6c1397b0bb5d,7031,ward,,,,,,,,no_exact,confirmed_non_admin,confirmed_non_admin,,,,no CoreMap or MIMU exact identity under township; keep as non-linked postal locality,02-postal-review-previews/9e250b43b30a.json
6e599e2d819a,0417004,1,အမှတ် (၄) ရပ်ကွက်,No (4) Quarter,၄,4,Chauk Township,ချောက် မြို့နယ်,e05a66b5-54c8-49a1-ae5c-6c1397b0bb5d,7031,ward,,,,,,,,no_exact,confirmed_non_admin,confirmed_non_admin,,,,no CoreMap or MIMU exact identity under township; keep as non-linked postal locality,02-postal-review-previews/6e599e2d819a.json
07aecc2ead6c,0417005,1,အမှတ် (၅) ရပ်ကွက်,No (5) Quarter,၅,5,Chauk Township,ချောက် မြို့နယ်,e05a66b5-54c8-49a1-ae5c-6c1397b0bb5d,7031,ward,,,,,,,,no_exact,confirmed_non_admin,confirmed_non_admin,,,,no CoreMap or MIMU exact identity under township; keep as non-linked postal locality,02-postal-review-previews/07aecc2ead6c.json
6cea7032b270,0417006,1,အမှတ် (၆) ရပ်ကွက်,No (6) Quarter,၆,6,Chauk Township,ချောက် မြို့နယ်,e05a66b5-54c8-49a1-ae5c-6c1397b0bb5d,7031,ward,,,,,,,,no_exact,confirmed_non_admin,confirmed_non_admin,,,,no CoreMap or MIMU exact identity under township; keep as non-linked postal locality,02-postal-review-previews/6cea7032b270.json
52b00d263aba,0417007,1,အမှတ် (၇) ရပ်ကွက်,No (7) Quarter,၇,7,Chauk Township,ချောက် မြို့နယ်,e05a66b5-54c8-49a1-ae5c-6c1397b0bb5d,7031,ward,,,,,,,,no_exact,confirmed_non_admin,confirmed_non_admin,,,,no CoreMap or MIMU exact identity under township; keep as non-linked postal locality,02-postal-review-previews/52b00d263aba.json
174e176796a7,0417008,1,အမှတ် (၈) ရပ်ကွက်,No (8) Quarter,၈,8,Chauk Township,ချောက် မြို့နယ်,e05a66b5-54c8-49a1-ae5c-6c1397b0bb5d,7031,ward,,,,,,,,no_exact,confirmed_non_admin,confirmed_non_admin,,,,no CoreMap or MIMU exact identity under township; keep as non-linked postal locality,02-postal-review-previews/174e176796a7.json
ef24f63f011e,0417009,1,အမှတ် (၉) ရပ်ကွက်,No (9) Quarter,၉,9,Chauk Township,ချောက် မြို့နယ်,e05a66b5-54c8-49a1-ae5c-6c1397b0bb5d,7031,ward,,,,,,,,no_exact,confirmed_non_admin,confirmed_non_admin,,,,no CoreMap or MIMU exact identity under township; keep as non-linked postal locality,02-postal-review-previews/ef24f63f011e.json
51d3d75b0f90,0404300,1,ဆင်ဖြူကျွန်း (၁) ကျေးရွာအုပ်စု,Sin Hpyu Kyun (1) Village Tract,ဆင်ဖြူကျွန်း၁,sinhpyukyun1,Salin Township,စလင်း မြို့နယ်,e56e0039-0795-4131-8298-43d0fc96bbc4,7033,village_tract,,,,,,,,no_exact,confirmed_non_admin,confirmed_non_admin,,,,no CoreMap or MIMU exact identity under township; keep as non-linked postal locality,02-postal-review-previews/51d3d75b0f90.json
c3a8b39d5577,0404301,1,ဆင်ဖြူကျွန်း (၂) ကျေးရွာအုပ်စု,Sin Hpyu Kyun (2) Village Tract,ဆင်ဖြူကျွန်း၂,sinhpyukyun2,Salin Township,စလင်း မြို့နယ်,e56e0039-0795-4131-8298-43d0fc96bbc4,7033,village_tract,,,,,,,,no_exact,confirmed_non_admin,confirmed_non_admin,,,,no CoreMap or MIMU exact identity under township; keep as non-linked postal locality,02-postal-review-previews/c3a8b39d5577.json
86b98b1f79f9,0404222,1,မြေမိကုန်း ကျေးရွာအုပ်စု,Myay Mi Kone Village Tract,မြေမိကုန်း,myaymikone,Salin Township,စလင်း မြို့နယ်,e56e0039-0795-4131-8298-43d0fc96bbc4,7033,village_tract,,,,,,,,no_exact,confirmed_non_admin,confirmed_non_admin,,,,no CoreMap or MIMU exact identity under township; keep as non-linked postal locality,02-postal-review-previews/86b98b1f79f9.json
0a033041481b,0404008,1,စာစီကျောင်း ရပ်ကွက်,Sar Si Kyaung Quarter,စာစီကျောင်း,sarsikyaung,Salin Township,စလင်း မြို့နယ်,e56e0039-0795-4131-8298-43d0fc96bbc4,7033,ward,,,,,,,,no_exact,confirmed_non_admin,confirmed_non_admin,,,,no CoreMap or MIMU exact identity under township; keep as non-linked postal locality,02-postal-review-previews/0a033041481b.json
63d059be1d5c,0404007,1,မြေမိကုန်း ရပ်ကွက်,Myay Mi Kone Quarter,မြေမိကုန်း,myaymikone,Salin Township,စလင်း မြို့နယ်,e56e0039-0795-4131-8298-43d0fc96bbc4,7033,ward,,,,,,,,no_exact,confirmed_non_admin,confirmed_non_admin,,,,no CoreMap or MIMU exact identity under township; keep as non-linked postal locality,02-postal-review-previews/63d059be1d5c.json
8120f3732448,0202235,1,မခွါလယ် ကျေးရွာအုပ်စု,Ma Khwar Lel Village Tract,မခွါလယ်,makhwarlel,Lahe Township,လဟယ် မြို့နယ်,e5865555-62ad-4691-b0d5-4d1c32960fb8,6692,village_tract,,,,,,,,no_exact,confirmed_non_admin,confirmed_non_admin,,,,no CoreMap or MIMU exact identity under township; keep as non-linked postal locality,02-postal-review-previews/8120f3732448.json
ccfd5d2d7f66,0202002,1,လဟယ်ရွာမ ရပ်ကွက်,Lahe Ywar Ma Quarter,လဟယ်ရွာမ,laheywarma,Lahe Township,လဟယ် မြို့နယ်,e5865555-62ad-4691-b0d5-4d1c32960fb8,6692,ward,,,,,,,,no_exact,confirmed_non_admin,confirmed_non_admin,,,,no CoreMap or MIMU exact identity under township; keep as non-linked postal locality,02-postal-review-previews/ccfd5d2d7f66.json
203a5e93c05f,0202001,1,အမှုထမ်းများ ရပ်ကွက်,Ah Hmu Htan Quarter,အမှုထမ်းများ,ahhmuhtan,Lahe Township,လဟယ် မြို့နယ်,e5865555-62ad-4691-b0d5-4d1c32960fb8,6692,ward,,,,,,,,no_exact,confirmed_non_admin,confirmed_non_admin,,,,no CoreMap or MIMU exact identity under township; keep as non-linked postal locality,02-postal-review-previews/203a5e93c05f.json
adb443565dda,0202003,1,အမှတ် (၁) တိုးချဲ့ ရပ်ကွက်,No (1) Toe Cheit Quarter,၁တိုးချဲ့,1toecheit,Lahe Township,လဟယ် မြို့နယ်,e5865555-62ad-4691-b0d5-4d1c32960fb8,6692,ward,,,,,,,,no_exact,confirmed_non_admin,confirmed_non_admin,,,,no CoreMap or MIMU exact identity under township; keep as non-linked postal locality,02-postal-review-previews/adb443565dda.json
f0e3dc752c30,0202004,1,အမှတ် (၂) တိုးချဲ့ ရပ်ကွက်,No (2) Toe Cheit Quarter,၂တိုးချဲ့,2toecheit,Lahe Township,လဟယ် မြို့နယ်,e5865555-62ad-4691-b0d5-4d1c32960fb8,6692,ward,,,,,,,,no_exact,confirmed_non_admin,confirmed_non_admin,,,,no CoreMap or MIMU exact identity under township; keep as non-linked postal locality,02-postal-review-previews/f0e3dc752c30.json
01cf52aa72f8,1711201,1,ကျိမ်းခမ်း ကျေးရွာအုပ်စု,Kyein Hkam Village Tract,ကျိမ်းခမ်း,kyeinhkam,Ho Tawng (Ho Tao) Township,ဟိုတောင်း မြို့နယ်,e6a65d60-908b-4c8f-ac15-3d9a457e76bd,6460,village_tract,,,,,,,,no_exact,confirmed_non_admin,confirmed_non_admin,,,,no CoreMap or MIMU exact identity under township; keep as non-linked postal locality,02-postal-review-previews/01cf52aa72f8.json
c6137aba9e01,1711203,1,နမ့်တွန် ကျေးရွာအုပ်စု,Nam Tun Village Tract,နမ့်တွန်,namtun,Ho Tawng (Ho Tao) Township,ဟိုတောင်း မြို့နယ်,e6a65d60-908b-4c8f-ac15-3d9a457e76bd,6460,village_tract,,,,,,,,no_exact,confirmed_non_admin,confirmed_non_admin,,,,no CoreMap or MIMU exact identity under township; keep as non-linked postal locality,02-postal-review-previews/c6137aba9e01.json
89e925f87030,1711202,1,နမ်ဒူ ကျေးရွာအုပ်စု,Nam Du Village Tract,နမ်ဒူ,namdu,Ho Tawng (Ho Tao) Township,ဟိုတောင်း မြို့နယ်,e6a65d60-908b-4c8f-ac15-3d9a457e76bd,6460,village_tract,,,,,,,,no_exact,confirmed_non_admin,confirmed_non_admin,,,,no CoreMap or MIMU exact identity under township; keep as non-linked postal locality,02-postal-review-previews/89e925f87030.json
9165ff8d1bde,1711204,1,နောင်တောင်း ကျေးရွာအုပ်စု,Nawng Tawng Village Tract,နောင်တောင်း,nawngtawng,Ho Tawng (Ho Tao) Township,ဟိုတောင်း မြို့နယ်,e6a65d60-908b-4c8f-ac15-3d9a457e76bd,6460,village_tract,,,,,,,,no_exact,confirmed_non_admin,confirmed_non_admin,,,,no CoreMap or MIMU exact identity under township; keep as non-linked postal locality,02-postal-review-previews/9165ff8d1bde.json
58785778d377,1711200,1,ဟိုတောင်း ကျေးရွာအုပ်စု,Ho Tawng (Ho Tao) Village Tract,ဟိုတောင်း,hotawnghotao,Ho Tawng (Ho Tao) Township,ဟိုတောင်း မြို့နယ်,e6a65d60-908b-4c8f-ac15-3d9a457e76bd,6460,village_tract,,,,,,,,no_exact,confirmed_non_admin,confirmed_non_admin,,,,no CoreMap or MIMU exact identity under township; keep as non-linked postal locality,02-postal-review-previews/58785778d377.json
1b1a3cfb50b4,1505001,1,ကျန်စစ်သား ရပ်ကွက်,Kyan Sit Thar Quarter,ကျန်စစ်သား,kyansitthar,Zay Yar Thi Ri Township,ဇေယျာသီရိ မြို့နယ်,e6f440e6-4c98-453b-bd80-eb1c76d55803,6046,ward,,,,,,,,no_exact,confirmed_non_admin,confirmed_non_admin,,,,no CoreMap or MIMU exact identity under township; keep as non-linked postal locality,02-postal-review-previews/1b1a3cfb50b4.json
57b20eac04f2,1505005,1,ပုပ္ပါးကုန်း ရပ်ကွက်,Poke Par Kone Quarter,ပုပ္ပါးကုန်း,pokeparkone,Zay Yar Thi Ri Township,ဇေယျာသီရိ မြို့နယ်,e6f440e6-4c98-453b-bd80-eb1c76d55803,6046,ward,,,,,,,,no_exact,confirmed_non_admin,confirmed_non_admin,,,,no CoreMap or MIMU exact identity under township; keep as non-linked postal locality,02-postal-review-previews/57b20eac04f2.json
09d1055dbf95,1505003,1,ပြည်စံအောင် ရပ်ကွက်,Pyi San Aung Quarter,ပြည်စံအောင်,pyisanaung,Zay Yar Thi Ri Township,ဇေယျာသီရိ မြို့နယ်,e6f440e6-4c98-453b-bd80-eb1c76d55803,6046,ward,,,,,,,,no_exact,confirmed_non_admin,confirmed_non_admin,,,,no CoreMap or MIMU exact identity under township; keep as non-linked postal locality,02-postal-review-previews/09d1055dbf95.json
4e6c003348d3,1505002,1,အနော်ရထာ ရပ်ကွက်,Ah Naw Ra Htar Quarter,အနော်ရထာ,ahnawrahtar,Zay Yar Thi Ri Township,ဇေယျာသီရိ မြို့နယ်,e6f440e6-4c98-453b-bd80-eb1c76d55803,6046,ward,,,,,,,,no_exact,confirmed_non_admin,confirmed_non_admin,,,,no CoreMap or MIMU exact identity under township; keep as non-linked postal locality,02-postal-review-previews/4e6c003348d3.json
ea721f93df0d,1505004,1,အောင်ဇေယျ ရပ်ကွက်,Aung Zay Ya Quarter,အောင်ဇေယျ,aungzayya,Zay Yar Thi Ri Township,ဇေယျာသီရိ မြို့နယ်,e6f440e6-4c98-453b-bd80-eb1c76d55803,6046,ward,,,,,,,,no_exact,confirmed_non_admin,confirmed_non_admin,,,,no CoreMap or MIMU exact identity under township; keep as non-linked postal locality,02-postal-review-previews/ea721f93df0d.json
9afc6793bbd7,0522005,1,ကျောင်းတိုက်စု ရပ်ကွက်,Kyaung Taik Su Quarter,ကျောင်းတိုက်စု,kyaungtaiksu,Yamethin Township,ရမည်းသင်း မြို့နယ်,e7bf2f86-c2bc-4d53-a235-44873964e344,6069,ward,,,,,,,,no_exact,confirmed_non_admin,confirmed_non_admin,,,,no CoreMap or MIMU exact identity under township; keep as non-linked postal locality,02-postal-review-previews/9afc6793bbd7.json
a770602367ba,0522001,1,မြို့မ ရပ်ကွက်,Myo Ma Quarter,မ,myoma,Yamethin Township,ရမည်းသင်း မြို့နယ်,e7bf2f86-c2bc-4d53-a235-44873964e344,6069,ward,,,,,,,,no_exact,confirmed_non_admin,confirmed_non_admin,,,,no CoreMap or MIMU exact identity under township; keep as non-linked postal locality,02-postal-review-previews/a770602367ba.json
f512e2bca073,0522004,1,ရွှေစည်းခုံ ရပ်ကွက်,Shwe Si Khon Quarter,ရွှေစည်းခုံ,shwesikhon,Yamethin Township,ရမည်းသင်း မြို့နယ်,e7bf2f86-c2bc-4d53-a235-44873964e344,6069,ward,,,,,,,,no_exact,confirmed_non_admin,confirmed_non_admin,,,,no CoreMap or MIMU exact identity under township; keep as non-linked postal locality,02-postal-review-previews/f512e2bca073.json
e8943ff2968b,0522002,1,ဝါတိုး ရပ်ကွက်,War Toe Quarter,ဝါတိုး,wartoe,Yamethin Township,ရမည်းသင်း မြို့နယ်,e7bf2f86-c2bc-4d53-a235-44873964e344,6069,ward,,,,,,,,no_exact,confirmed_non_admin,confirmed_non_admin,,,,no CoreMap or MIMU exact identity under township; keep as non-linked postal locality,02-postal-review-previews/e8943ff2968b.json
726dbbb49be9,0522003,1,အောင်မင်္ဂလာ ရပ်ကွက်,Aung Min Ga Lar Quarter,အောင်မင်္ဂလာ,aungmingalar,Yamethin Township,ရမည်းသင်း မြို့နယ်,e7bf2f86-c2bc-4d53-a235-44873964e344,6069,ward,,,,,,,,no_exact,confirmed_non_admin,confirmed_non_admin,,,,no CoreMap or MIMU exact identity under township; keep as non-linked postal locality,02-postal-review-previews/726dbbb49be9.json
811d03d0e21c,0210001,1,အမှတ် (၁) ရွာသစ် ရပ်ကွက်,No (1) Ywar Thit Quarter,၁ရွာသစ်,1ywarthit,Kalewa Township,ကလေးဝ မြို့နယ်,e888b32b-b200-4e60-9779-35125d286ab0,6742,ward,,,,,,,,no_exact,confirmed_non_admin,confirmed_non_admin,,,,no CoreMap or MIMU exact identity under township; keep as non-linked postal locality,02-postal-review-previews/811d03d0e21c.json
70059d60f6d5,0210002,1,အမှတ် (၂) အောင်ချမ်းသာ ရပ်ကွက်,No (2) Aung Chan Thar Quarter,၂အောင်ချမ်းသာ,2aungchanthar,Kalewa Township,ကလေးဝ မြို့နယ်,e888b32b-b200-4e60-9779-35125d286ab0,6742,ward,,,,,,,,no_exact,confirmed_non_admin,confirmed_non_admin,,,,no CoreMap or MIMU exact identity under township; keep as non-linked postal locality,02-postal-review-previews/70059d60f6d5.json
607864bd33cb,0210003,1,အမှတ် (၃) အောင်မင်္ဂလာ ရပ်ကွက်,No (3) Aung Min Ga Lar Quarter,၃အောင်မင်္ဂလာ,3aungmingalar,Kalewa Township,ကလေးဝ မြို့နယ်,e888b32b-b200-4e60-9779-35125d286ab0,6742,ward,,,,,,,,no_exact,confirmed_non_admin,confirmed_non_admin,,,,no CoreMap or MIMU exact identity under township; keep as non-linked postal locality,02-postal-review-previews/607864bd33cb.json
b217a5b8a647,1130244,1,ဘိုကုန်း ကျေးရွာအုပ်စု,Boe Kone Village Tract,ဘိုကုန်း,boekone,Kyauktan Township,ကျောက်တန်း မြို့နယ်,e94864c7-fc7b-4d74-96a2-3abfd8539ecf,5144,village_tract,,,,,,,,no_exact,confirmed_non_admin,confirmed_non_admin,,,,no CoreMap or MIMU exact identity under township; keep as non-linked postal locality,02-postal-review-previews/b217a5b8a647.json
20e7b32c6f87,0801213,1,ဘုရားကြီး ကျေးရွာအုပ်စု,Hpa Yar Gyi Village Tract,ဘုရားကြီး,hpayargyi,Bago Township,ပဲခူး မြို့နယ်,ea329457-de24-49f8-84fe-a2012f2a6b4a,5924,village_tract,,,,,,,,no_exact,confirmed_non_admin,confirmed_non_admin,,,,no CoreMap or MIMU exact identity under township; keep as non-linked postal locality,02-postal-review-previews/20e7b32c6f87.json
19ce88e89878,0801247,1,သာယာကုန်း ကျေးရွာအုပ်စု,Thar Yar Kone Village Tract,သာယာကုန်း,tharyarkone,Bago Township,ပဲခူး မြို့နယ်,ea329457-de24-49f8-84fe-a2012f2a6b4a,5924,village_tract,,,,,,,,no_exact,confirmed_non_admin,confirmed_non_admin,,,,no CoreMap or MIMU exact identity under township; keep as non-linked postal locality,02-postal-review-previews/19ce88e89878.json
d96d7ae09d46,0801233,1,အင်းတကော် ကျေးရွာအုပ်စု,Inn Ta Kaw Village Tract,အင်းတကော်,inntakaw,Bago Township,ပဲခူး မြို့နယ်,ea329457-de24-49f8-84fe-a2012f2a6b4a,5924,village_tract,,,,,,,,no_exact,confirmed_non_admin,confirmed_non_admin,,,,no CoreMap or MIMU exact identity under township; keep as non-linked postal locality,02-postal-review-previews/d96d7ae09d46.json
e8a999e44d36,0801012,1,ကျောက်ကြီးစု ရပ်ကွက်,Kyauk Gyi Su Quarter,ကျောက်ကြီးစု,kyaukgyisu,Bago Township,ပဲခူး မြို့နယ်,ea329457-de24-49f8-84fe-a2012f2a6b4a,5924,ward,,,,,,,,no_exact,confirmed_non_admin,confirmed_non_admin,,,,no CoreMap or MIMU exact identity under township; keep as non-linked postal locality,02-postal-review-previews/e8a999e44d36.json
91db9eb72304,0801013,1,ဇိုင်းဂနိုင်း (တောင်) ရပ်ကွက်,Zyaing Ga Naing (South) Quarter,ဇိုင်းဂနိုင်းတောင်,zyaingganaingsouth,Bago Township,ပဲခူး မြို့နယ်,ea329457-de24-49f8-84fe-a2012f2a6b4a,5924,ward,,,,,,,,no_exact,confirmed_non_admin,confirmed_non_admin,,,,no CoreMap or MIMU exact identity under township; keep as non-linked postal locality,02-postal-review-previews/91db9eb72304.json
9f59b34f2a46,0801014,1,ဇိုင်းဂနိုင်း (မြောက်) ရပ်ကွက်,Zyaing Ga Naing (North) Quarter,ဇိုင်းဂနိုင်းမြောက်,zyaingganaingnorth,Bago Township,ပဲခူး မြို့နယ်,ea329457-de24-49f8-84fe-a2012f2a6b4a,5924,ward,,,,,,,,no_exact,confirmed_non_admin,confirmed_non_admin,,,,no CoreMap or MIMU exact identity under township; keep as non-linked postal locality,02-postal-review-previews/9f59b34f2a46.json
41dd8954f64a,0801008,1,ဈေးပိုင်း ရပ်ကွက်,Zay Paing Quarter,ဈေးပိုင်း,zaypaing,Bago Township,ပဲခူး မြို့နယ်,ea329457-de24-49f8-84fe-a2012f2a6b4a,5924,ward,,,,,,,,no_exact,confirmed_non_admin,confirmed_non_admin,,,,no CoreMap or MIMU exact identity under township; keep as non-linked postal locality,02-postal-review-previews/41dd8954f64a.json
94c2d32d18c3,0801009,1,ညောင်ဝိုင်း (တောင်) ရပ်ကွက်,Nyaung Waing (South) Quarter,ညောင်ဝိုင်းတောင်,nyaungwaingsouth,Bago Township,ပဲခူး မြို့နယ်,ea329457-de24-49f8-84fe-a2012f2a6b4a,5924,ward,,,,,,,,no_exact,confirmed_non_admin,confirmed_non_admin,,,,no CoreMap or MIMU exact identity under township; keep as non-linked postal locality,02-postal-review-previews/94c2d32d18c3.json
4f37bb6ad0da,0801010,1,ညောင်ဝိုင်း (မြောက်) ရပ်ကွက်,Nyaung Waing (North) Quarter,ညောင်ဝိုင်းမြောက်,nyaungwaingnorth,Bago Township,ပဲခူး မြို့နယ်,ea329457-de24-49f8-84fe-a2012f2a6b4a,5924,ward,,,,,,,,no_exact,confirmed_non_admin,confirmed_non_admin,,,,no CoreMap or MIMU exact identity under township; keep as non-linked postal locality,02-postal-review-previews/4f37bb6ad0da.json
9750aedbf732,0801003,1,မြို့တွင်းအနောက် (က) ရပ်ကွက်,Myo Twin (West-Ka Gyi) Quarter,တွင်းအနောက်က,myotwinwestkagyi,Bago Township,ပဲခူး မြို့နယ်,ea329457-de24-49f8-84fe-a2012f2a6b4a,5924,ward,,,,,,,,no_exact,confirmed_non_admin,confirmed_non_admin,,,,no CoreMap or MIMU exact identity under township; keep as non-linked postal locality,02-postal-review-previews/9750aedbf732.json
1b8dccaa74ba,0801004,1,မြို့တွင်းအနောက် (ခ) ရပ်ကွက်,Myo Twin (West-Kha Gway) Quarter,တွင်းအနောက်ခ,myotwinwestkhagway,Bago Township,ပဲခူး မြို့နယ်,ea329457-de24-49f8-84fe-a2012f2a6b4a,5924,ward,,,,,,,,no_exact,confirmed_non_admin,confirmed_non_admin,,,,no CoreMap or MIMU exact identity under township; keep as non-linked postal locality,02-postal-review-previews/1b8dccaa74ba.json
d66d1955dac6,0801001,1,မြို့တွင်းအရှေ့ (က) ရပ်ကွက်,Myo Twin (East-Ka Gyi) Quarter,တွင်းအရှေ့က,myotwineastkagyi,Bago Township,ပဲခူး မြို့နယ်,ea329457-de24-49f8-84fe-a2012f2a6b4a,5924,ward,,,,,,,,no_exact,confirmed_non_admin,confirmed_non_admin,,,,no CoreMap or MIMU exact identity under township; keep as non-linked postal locality,02-postal-review-previews/d66d1955dac6.json
9fc3bbe4d93f,0801002,1,မြို့တွင်းအရှေ့ (ခ) ရပ်ကွက်,Myo Twin (East-Kha Gway) Quarter,တွင်းအရှေ့ခ,myotwineastkhagway,Bago Township,ပဲခူး မြို့နယ်,ea329457-de24-49f8-84fe-a2012f2a6b4a,5924,ward,,,,,,,,no_exact,confirmed_non_admin,confirmed_non_admin,,,,no CoreMap or MIMU exact identity under township; keep as non-linked postal locality,02-postal-review-previews/9fc3bbe4d93f.json
761b6ddca57c,0801007,1,ပန်းလှိုင် ရပ်ကွက်,Pan Hlaing Quarter,ပန်းလှိုင်,panhlaing,Bago Township,ပဲခူး မြို့နယ်,ea329457-de24-49f8-84fe-a2012f2a6b4a,5924,ward,,,,,,,,no_exact,confirmed_non_admin,confirmed_non_admin,,,,no CoreMap or MIMU exact identity under township; keep as non-linked postal locality,02-postal-review-previews/761b6ddca57c.json
ce6982d62b23,0801006,1,ပုဏ္ဏားစု ရပ်ကွက်,Pon Nar Su Quarter,ပုဏ္ဏားစု,ponnarsu,Bago Township,ပဲခူး မြို့နယ်,ea329457-de24-49f8-84fe-a2012f2a6b4a,5924,ward,,,,,,,,no_exact,confirmed_non_admin,confirmed_non_admin,,,,no CoreMap or MIMU exact identity under township; keep as non-linked postal locality,02-postal-review-previews/ce6982d62b23.json
837a1753b937,0801019,1,ဗိုလ်ကုန်း ရပ်ကွက်,Bo Kone Quarter,ဗိုလ်ကုန်း,bokone,Bago Township,ပဲခူး မြို့နယ်,ea329457-de24-49f8-84fe-a2012f2a6b4a,5924,ward,,,,,,,,no_exact,confirmed_non_admin,confirmed_non_admin,,,,no CoreMap or MIMU exact identity under township; keep as non-linked postal locality,02-postal-review-previews/837a1753b937.json
a3b6d831e234,0801015,1,မဇင်း (က) ရပ်ကွက်,Ma Zin (Ka Gyi) Quarter,မဇင်းက,mazinkagyi,Bago Township,ပဲခူး မြို့နယ်,ea329457-de24-49f8-84fe-a2012f2a6b4a,5924,ward,,,,,,,,no_exact,confirmed_non_admin,confirmed_non_admin,,,,no CoreMap or MIMU exact identity under township; keep as non-linked postal locality,02-postal-review-previews/a3b6d831e234.json
79c0a719d0f3,0801016,1,မဇင်း (ခ) ရပ်ကွက်,Ma Zin (Kha Gway) Quarter,မဇင်းခ,mazinkhagway,Bago Township,ပဲခူး မြို့နယ်,ea329457-de24-49f8-84fe-a2012f2a6b4a,5924,ward,,,,,,,,no_exact,confirmed_non_admin,confirmed_non_admin,,,,no CoreMap or MIMU exact identity under township; keep as non-linked postal locality,02-postal-review-previews/79c0a719d0f3.json
ae6e111fd0bf,0801017,1,မဇင်း (ဂ) ရပ်ကွက်,Ma Zin( Ga Nge) Quarter,မဇင်းဂ,mazingange,Bago Township,ပဲခူး မြို့နယ်,ea329457-de24-49f8-84fe-a2012f2a6b4a,5924,ward,,,,,,,,no_exact,confirmed_non_admin,confirmed_non_admin,,,,no CoreMap or MIMU exact identity under township; keep as non-linked postal locality,02-postal-review-previews/ae6e111fd0bf.json
2e7d32360c3c,0801005,1,လိပ်ပြာကန် ရပ်ကွက်,Leik Pyar Kan Quarter,လိပ်ပြာကန်,leikpyarkan,Bago Township,ပဲခူး မြို့နယ်,ea329457-de24-49f8-84fe-a2012f2a6b4a,5924,ward,,,,,,,,no_exact,confirmed_non_admin,confirmed_non_admin,,,,no CoreMap or MIMU exact identity under township; keep as non-linked postal locality,02-postal-review-previews/2e7d32360c3c.json
18c1d8a96255,0801022,1,မြို့သစ် ရပ်ကွက်,Myo Thit Quarter,သစ်,myothit,Bago Township,ပဲခူး မြို့နယ်,ea329457-de24-49f8-84fe-a2012f2a6b4a,5924,ward,,,,,,,,no_exact,confirmed_non_admin,confirmed_non_admin,,,,no CoreMap or MIMU exact identity under township; keep as non-linked postal locality,02-postal-review-previews/18c1d8a96255.json
398ec5fc6f8b,0801011,1,သွန်းဘုရားကုန်း ရပ်ကွက်,Thun Hpa Yar Kone Quarter,သွန်းဘုရားကုန်း,thunhpayarkone,Bago Township,ပဲခူး မြို့နယ်,ea329457-de24-49f8-84fe-a2012f2a6b4a,5924,ward,,,,,,,,no_exact,confirmed_non_admin,confirmed_non_admin,,,,no CoreMap or MIMU exact identity under township; keep as non-linked postal locality,02-postal-review-previews/398ec5fc6f8b.json
5410e92dc10c,0801018,1,ဟင်္သာကုန်း ရပ်ကွက်,Hin Thar Kone Quarter,ဟင်္သာကုန်း,hintharkone,Bago Township,ပဲခူး မြို့နယ်,ea329457-de24-49f8-84fe-a2012f2a6b4a,5924,ward,,,,,,,,no_exact,confirmed_non_admin,confirmed_non_admin,,,,no CoreMap or MIMU exact identity under township; keep as non-linked postal locality,02-postal-review-previews/5410e92dc10c.json
0bed0a9d9e7a,0801020,1,ဟံသာဝတီ ရပ်ကွက်,Han Thar Wa Di Quarter,ဟံသာဝတီ,hantharwadi,Bago Township,ပဲခူး မြို့နယ်,ea329457-de24-49f8-84fe-a2012f2a6b4a,5924,ward,,,,,,,,no_exact,confirmed_non_admin,confirmed_non_admin,,,,no CoreMap or MIMU exact identity under township; keep as non-linked postal locality,02-postal-review-previews/0bed0a9d9e7a.json
7c76511accac,0801023,1,အမှတ် (၁) ရပ်ကွက်,No (1) Quarter,၁,1,Bago Township,ပဲခူး မြို့နယ်,ea329457-de24-49f8-84fe-a2012f2a6b4a,5924,ward,,,,,,,,no_exact,confirmed_non_admin,confirmed_non_admin,,,,no CoreMap or MIMU exact identity under township; keep as non-linked postal locality,02-postal-review-previews/7c76511accac.json
cb4e57e296a1,0801024,1,အမှတ် (၂) ရပ်ကွက်,No (2) Quarter,၂,2,Bago Township,ပဲခူး မြို့နယ်,ea329457-de24-49f8-84fe-a2012f2a6b4a,5924,ward,,,,,,,,no_exact,confirmed_non_admin,confirmed_non_admin,,,,no CoreMap or MIMU exact identity under township; keep as non-linked postal locality,02-postal-review-previews/cb4e57e296a1.json
f2f754411248,0801025,1,အမှတ် (၃) ရပ်ကွက်,No (3) Quarter,၃,3,Bago Township,ပဲခူး မြို့နယ်,ea329457-de24-49f8-84fe-a2012f2a6b4a,5924,ward,,,,,,,,no_exact,confirmed_non_admin,confirmed_non_admin,,,,no CoreMap or MIMU exact identity under township; keep as non-linked postal locality,02-postal-review-previews/f2f754411248.json
78383f850542,0801026,1,အမှတ် (၄) ရပ်ကွက်,No (4) Quarter,၄,4,Bago Township,ပဲခူး မြို့နယ်,ea329457-de24-49f8-84fe-a2012f2a6b4a,5924,ward,,,,,,,,no_exact,confirmed_non_admin,confirmed_non_admin,,,,no CoreMap or MIMU exact identity under township; keep as non-linked postal locality,02-postal-review-previews/78383f850542.json
62653c340394,0801027,1,အမှတ် (၅) ရပ်ကွက်,No (5) Quarter,၅,5,Bago Township,ပဲခူး မြို့နယ်,ea329457-de24-49f8-84fe-a2012f2a6b4a,5924,ward,,,,,,,,no_exact,confirmed_non_admin,confirmed_non_admin,,,,no CoreMap or MIMU exact identity under township; keep as non-linked postal locality,02-postal-review-previews/62653c340394.json
f7ec10d7c386,0801028,1,အမှတ် (၆) ရပ်ကွက်,No (6) Quarter,၆,6,Bago Township,ပဲခူး မြို့နယ်,ea329457-de24-49f8-84fe-a2012f2a6b4a,5924,ward,,,,,,,,no_exact,confirmed_non_admin,confirmed_non_admin,,,,no CoreMap or MIMU exact identity under township; keep as non-linked postal locality,02-postal-review-previews/f7ec10d7c386.json
9f520b36601c,0801029,1,အမှတ် (၇) ရပ်ကွက်,No (7) Quarter,၇,7,Bago Township,ပဲခူး မြို့နယ်,ea329457-de24-49f8-84fe-a2012f2a6b4a,5924,ward,,,,,,,,no_exact,confirmed_non_admin,confirmed_non_admin,,,,no CoreMap or MIMU exact identity under township; keep as non-linked postal locality,02-postal-review-previews/9f520b36601c.json
87e92cbe8ce7,0801030,1,အမှတ် (၈) ရပ်ကွက်,No (8) Quarter,၈,8,Bago Township,ပဲခူး မြို့နယ်,ea329457-de24-49f8-84fe-a2012f2a6b4a,5924,ward,,,,,,,,no_exact,confirmed_non_admin,confirmed_non_admin,,,,no CoreMap or MIMU exact identity under township; keep as non-linked postal locality,02-postal-review-previews/87e92cbe8ce7.json
7b76f19ddc3b,0801031,1,အမှတ် (၉) ရပ်ကွက်,No (9) Quarter,၉,9,Bago Township,ပဲခူး မြို့နယ်,ea329457-de24-49f8-84fe-a2012f2a6b4a,5924,ward,,,,,,,,no_exact,confirmed_non_admin,confirmed_non_admin,,,,no CoreMap or MIMU exact identity under township; keep as non-linked postal locality,02-postal-review-previews/7b76f19ddc3b.json
c662c42f504d,0112229,1,ကင်လားကောင် ကျေးရွာအုပ်စု,Kin La Kawng Village Tract,ကင်လားကောင်,kinlakawng,Shwegu Township,ရွှေကူ မြို့နယ်,ea3b5bf4-dfea-43ee-8561-3db7758b098e,6589,village_tract,,,,,,,,no_exact,confirmed_non_admin,confirmed_non_admin,,,,no CoreMap or MIMU exact identity under township; keep as non-linked postal locality,02-postal-review-previews/c662c42f504d.json
290cb7431ea8,0112234,1,ခါ့ဖောက် ကျေးရွာအုပ်စု,Hka Hpauk Village Tract,ခါ့ဖောက်,hkahpauk,Shwegu Township,ရွှေကူ မြို့နယ်,ea3b5bf4-dfea-43ee-8561-3db7758b098e,6589,village_tract,,,,,,,,no_exact,confirmed_non_admin,confirmed_non_admin,,,,no CoreMap or MIMU exact identity under township; keep as non-linked postal locality,02-postal-review-previews/290cb7431ea8.json
b1ab7f5584dd,0112228,1,ဒါ့ရှီလွယ်ဘော် ကျေးရွာအုပ်စု,Da Shee Loi Baw Village Tract,ဒါ့ရှီလွယ်ဘော်,dasheeloibaw,Shwegu Township,ရွှေကူ မြို့နယ်,ea3b5bf4-dfea-43ee-8561-3db7758b098e,6589,village_tract,,,,,,,,no_exact,confirmed_non_admin,confirmed_non_admin,,,,no CoreMap or MIMU exact identity under township; keep as non-linked postal locality,02-postal-review-previews/b1ab7f5584dd.json
c080526a9640,0112225,1,နမ့်ခူး ကျေးရွာအုပ်စု,Nam Hku Village Tract,နမ့်ခူး,namhku,Shwegu Township,ရွှေကူ မြို့နယ်,ea3b5bf4-dfea-43ee-8561-3db7758b098e,6589,village_tract,,,,,,,,no_exact,confirmed_non_admin,confirmed_non_admin,,,,no CoreMap or MIMU exact identity under township; keep as non-linked postal locality,02-postal-review-previews/c080526a9640.json
6563d4cb21b0,0112227,1,ဖလပ်လွယ်ဘော် ကျေးရွာအုပ်စု,Hpa Lat Loi Baw Village Tract,ဖလပ်လွယ်ဘော်,hpalatloibaw,Shwegu Township,ရွှေကူ မြို့နယ်,ea3b5bf4-dfea-43ee-8561-3db7758b098e,6589,village_tract,,,,,,,,no_exact,confirmed_non_admin,confirmed_non_admin,,,,no CoreMap or MIMU exact identity under township; keep as non-linked postal locality,02-postal-review-previews/6563d4cb21b0.json
2639756f41bd,0112230,1,ဖာ့ဝတ် ကျေးရွာအုပ်စု,Hpa Wut Village Tract,ဖာ့ဝတ်,hpawut,Shwegu Township,ရွှေကူ မြို့နယ်,ea3b5bf4-dfea-43ee-8561-3db7758b098e,6589,village_tract,,,,,,,,no_exact,confirmed_non_admin,confirmed_non_admin,,,,no CoreMap or MIMU exact identity under township; keep as non-linked postal locality,02-postal-review-previews/2639756f41bd.json
5319c522363b,0112236,1,ရွှေချောင်းသာ ကျေးရွာအုပ်စု,Shwe Chaung Thar Village Tract,ရွှေချောင်းသာ,shwechaungthar,Shwegu Township,ရွှေကူ မြို့နယ်,ea3b5bf4-dfea-43ee-8561-3db7758b098e,6589,village_tract,,,,,,,,no_exact,confirmed_non_admin,confirmed_non_admin,,,,no CoreMap or MIMU exact identity under township; keep as non-linked postal locality,02-postal-review-previews/5319c522363b.json
38530df97334,0112226,1,လဖိုင်ကထောင် ကျေးရွာအုပ်စု,La Hpai Ka Htaung Village Tract,လဖိုင်ကထောင်,lahpaikahtaung,Shwegu Township,ရွှေကူ မြို့နယ်,ea3b5bf4-dfea-43ee-8561-3db7758b098e,6589,village_tract,,,,,,,,no_exact,confirmed_non_admin,confirmed_non_admin,,,,no CoreMap or MIMU exact identity under township; keep as non-linked postal locality,02-postal-review-previews/38530df97334.json
0f8bddf2e27b,0112001,1,အမှတ် (၁) ရပ်ကွက်,No (1) Quarter,၁,1,Shwegu Township,ရွှေကူ မြို့နယ်,ea3b5bf4-dfea-43ee-8561-3db7758b098e,6589,ward,,,,,,,,no_exact,confirmed_non_admin,confirmed_non_admin,,,,no CoreMap or MIMU exact identity under township; keep as non-linked postal locality,02-postal-review-previews/0f8bddf2e27b.json
0cba5cc15ba9,0112002,1,အမှတ် (၂) ရပ်ကွက်,No (2) Quarter,၂,2,Shwegu Township,ရွှေကူ မြို့နယ်,ea3b5bf4-dfea-43ee-8561-3db7758b098e,6589,ward,,,,,,,,no_exact,confirmed_non_admin,confirmed_non_admin,,,,no CoreMap or MIMU exact identity under township; keep as non-linked postal locality,02-postal-review-previews/0cba5cc15ba9.json
e936fb99d4fa,0112003,1,အမှတ် (၃) ရပ်ကွက်,No (3) Quarter,၃,3,Shwegu Township,ရွှေကူ မြို့နယ်,ea3b5bf4-dfea-43ee-8561-3db7758b098e,6589,ward,,,,,,,,no_exact,confirmed_non_admin,confirmed_non_admin,,,,no CoreMap or MIMU exact identity under township; keep as non-linked postal locality,02-postal-review-previews/e936fb99d4fa.json
eb6132ab8c11,0112004,1,အမှတ် (၄) ရပ်ကွက်,No (4) Quarter,၄,4,Shwegu Township,ရွှေကူ မြို့နယ်,ea3b5bf4-dfea-43ee-8561-3db7758b098e,6589,ward,,,,,,,,no_exact,confirmed_non_admin,confirmed_non_admin,,,,no CoreMap or MIMU exact identity under township; keep as non-linked postal locality,02-postal-review-previews/eb6132ab8c11.json
47498ba228d9,0617203,1,နားလွိုင် ကျေးရွာအုပ်စု,Nar Loi Village Tract,နားလွိုင်,narloi,Mongnai Township,မိုးနဲ မြို့နယ်,ec322fbf-3285-42cb-ac6d-aaa5d99e3996,6362,village_tract,,,,,,,,no_exact,confirmed_non_admin,confirmed_non_admin,,,,no CoreMap or MIMU exact identity under township; keep as non-linked postal locality,02-postal-review-previews/47498ba228d9.json
307a49aed494,0617002,1,လွိုင်မြေ ရပ်ကွက်,Lwi Myay Quarter,လွိုင်မြေ,lwimyay,Mongnai Township,မိုးနဲ မြို့နယ်,ec322fbf-3285-42cb-ac6d-aaa5d99e3996,6362,ward,,,,,,,,no_exact,confirmed_non_admin,confirmed_non_admin,,,,no CoreMap or MIMU exact identity under township; keep as non-linked postal locality,02-postal-review-previews/307a49aed494.json
1446460230a5,1607213,1,ယောင်တီးယား ကျေးရွာအုပ်စု,Yawng Tee Yar Village Tract,ယောင်တီးယား,yawngteeyar,Pangwaun Township,ပန်ဝိုင် မြို့နယ်,eec6430f-edce-4897-81ce-3f8fc8191ee5,6451,village_tract,,,,,,,,no_exact,confirmed_non_admin,confirmed_non_admin,,,,no CoreMap or MIMU exact identity under township; keep as non-linked postal locality,02-postal-review-previews/1446460230a5.json
bd55c064f1c1,1607217,1,ယောင်နွန်း ကျေးရွာအုပ်စု,Yawng Nun Village Tract,ယောင်နွန်း,yawngnun,Pangwaun Township,ပန်ဝိုင် မြို့နယ်,eec6430f-edce-4897-81ce-3f8fc8191ee5,6451,village_tract,,,,,,,,no_exact,confirmed_non_admin,confirmed_non_admin,,,,no CoreMap or MIMU exact identity under township; keep as non-linked postal locality,02-postal-review-previews/bd55c064f1c1.json
a7949bcfc616,1502230,1,သာယာကုန်း ကျေးရွာအုပ်စု,Thar Yar Kone Village Tract,သာယာကုန်း,tharyarkone,Pyinmana Township,ပျဉ်းမနား မြို့နယ်,ef532f22-75cc-4a7d-9e20-a2b6e405e2aa,6038,village_tract,,,,,,,,no_exact,confirmed_non_admin,confirmed_non_admin,,,,no CoreMap or MIMU exact identity under township; keep as non-linked postal locality,02-postal-review-previews/a7949bcfc616.json
763145291b47,1502221,1,ဥယျာဉ်စု ကျေးရွာအုပ်စု,U Yin Su Village Tract,ဥယျာဉ်စု,uyinsu,Pyinmana Township,ပျဉ်းမနား မြို့နယ်,ef532f22-75cc-4a7d-9e20-a2b6e405e2aa,6038,village_tract,,,,,,,,no_exact,confirmed_non_admin,confirmed_non_admin,,,,no CoreMap or MIMU exact identity under township; keep as non-linked postal locality,02-postal-review-previews/763145291b47.json
fb3eff42bb7f,1502006,1,ဘောဂဝတီ ရပ်ကွက်,Baw Ga Wa Di Quarter,ဘောဂဝတီ,bawgawadi,Pyinmana Township,ပျဉ်းမနား မြို့နယ်,ef532f22-75cc-4a7d-9e20-a2b6e405e2aa,6038,ward,,,,,,,,no_exact,confirmed_non_admin,confirmed_non_admin,,,,no CoreMap or MIMU exact identity under township; keep as non-linked postal locality,02-postal-review-previews/fb3eff42bb7f.json
54090a278270,1502005,1,မင်္ဂလာ ရပ်ကွက်,Min Ga Lar Quarter,မင်္ဂလာ,mingalar,Pyinmana Township,ပျဉ်းမနား မြို့နယ်,ef532f22-75cc-4a7d-9e20-a2b6e405e2aa,6038,ward,,,,,,,,no_exact,confirmed_non_admin,confirmed_non_admin,,,,no CoreMap or MIMU exact identity under township; keep as non-linked postal locality,02-postal-review-previews/54090a278270.json
6f80ff286423,1502002,1,ရန်အောင် (၁) ရပ်ကွက်,Yan Aung (1) Quarter,ရန်အောင်၁,yanaung1,Pyinmana Township,ပျဉ်းမနား မြို့နယ်,ef532f22-75cc-4a7d-9e20-a2b6e405e2aa,6038,ward,,,,,,,,no_exact,confirmed_non_admin,confirmed_non_admin,,,,no CoreMap or MIMU exact identity under township; keep as non-linked postal locality,02-postal-review-previews/6f80ff286423.json
57fe079022cd,1502003,1,ရန်အောင် (၂) ရပ်ကွက်,Yan Aung (2) Quarter,ရန်အောင်၂,yanaung2,Pyinmana Township,ပျဉ်းမနား မြို့နယ်,ef532f22-75cc-4a7d-9e20-a2b6e405e2aa,6038,ward,,,,,,,,no_exact,confirmed_non_admin,confirmed_non_admin,,,,no CoreMap or MIMU exact identity under township; keep as non-linked postal locality,02-postal-review-previews/57fe079022cd.json
23c2ed5d9616,1502001,1,ရွာကောက် ရပ်ကွက်,Ywar Kauk Quarter,ရွာကောက်,ywarkauk,Pyinmana Township,ပျဉ်းမနား မြို့နယ်,ef532f22-75cc-4a7d-9e20-a2b6e405e2aa,6038,ward,,,,,,,,no_exact,confirmed_non_admin,confirmed_non_admin,,,,no CoreMap or MIMU exact identity under township; keep as non-linked postal locality,02-postal-review-previews/23c2ed5d9616.json
4f31fe1d7e2a,1502004,1,ရွှေချီ ရပ်ကွက်,Shwe Chi Quarter,ရွှေချီ,shwechi,Pyinmana Township,ပျဉ်းမနား မြို့နယ်,ef532f22-75cc-4a7d-9e20-a2b6e405e2aa,6038,ward,,,,,,,,no_exact,confirmed_non_admin,confirmed_non_admin,,,,no CoreMap or MIMU exact identity under township; keep as non-linked postal locality,02-postal-review-previews/4f31fe1d7e2a.json
4b1d6148b260,1502007,1,ဥယျာဉ်စု ရပ်ကွက်,U Yin Su Quarter,ဥယျာဉ်စု,uyinsu,Pyinmana Township,ပျဉ်းမနား မြို့နယ်,ef532f22-75cc-4a7d-9e20-a2b6e405e2aa,6038,ward,,,,,,,,no_exact,confirmed_non_admin,confirmed_non_admin,,,,no CoreMap or MIMU exact identity under township; keep as non-linked postal locality,02-postal-review-previews/4b1d6148b260.json
ec49ac0be8e6,1809229,1,စစ်ကွင်း ကျေးရွာအုပ်စု,Sit Kwin Village Tract,စစ်ကွင်း,sitkwin,Minhla Township,မင်းလှ မြို့နယ်,f03b16e4-2bbd-42f2-a62b-ad95b37579d6,7224,village_tract,,,,,,,,no_exact,confirmed_non_admin,confirmed_non_admin,,,,no CoreMap or MIMU exact identity under township; keep as non-linked postal locality,02-postal-review-previews/ec49ac0be8e6.json
7cacc9edc3bf,1809002,1,ကန်ကြီးတန်း ရပ်ကွက်,Kan Gyi Tan Quarter,ကန်ကြီးတန်း,kangyitan,Minhla Township,မင်းလှ မြို့နယ်,f03b16e4-2bbd-42f2-a62b-ad95b37579d6,7224,ward,,,,,,,,no_exact,confirmed_non_admin,confirmed_non_admin,,,,no CoreMap or MIMU exact identity under township; keep as non-linked postal locality,02-postal-review-previews/7cacc9edc3bf.json
90ce45408cae,1809001,1,ဇီးကုန်းလေး ရပ်ကွက်,Zee Kone Lay Quarter,ဇီးကုန်းလေး,zeekonelay,Minhla Township,မင်းလှ မြို့နယ်,f03b16e4-2bbd-42f2-a62b-ad95b37579d6,7224,ward,,,,,,,,no_exact,confirmed_non_admin,confirmed_non_admin,,,,no CoreMap or MIMU exact identity under township; keep as non-linked postal locality,02-postal-review-previews/90ce45408cae.json
2cd5419b73e9,1809006,1,ဈေးချိုတန်း ရပ်ကွက်,Zay Cho Tan Quarter,ဈေးချိုတန်း,zaychotan,Minhla Township,မင်းလှ မြို့နယ်,f03b16e4-2bbd-42f2-a62b-ad95b37579d6,7224,ward,,,,,,,,no_exact,confirmed_non_admin,confirmed_non_admin,,,,no CoreMap or MIMU exact identity under township; keep as non-linked postal locality,02-postal-review-previews/2cd5419b73e9.json
a65605a6ced0,1809008,1,ပန်းဘဲချောင် ရပ်ကွက်,Pan Be Chaung Quarter,ပန်းဘဲချောင်,panbechaung,Minhla Township,မင်းလှ မြို့နယ်,f03b16e4-2bbd-42f2-a62b-ad95b37579d6,7224,ward,,,,,,,,no_exact,confirmed_non_admin,confirmed_non_admin,,,,no CoreMap or MIMU exact identity under township; keep as non-linked postal locality,02-postal-review-previews/a65605a6ced0.json
1d68af43e3a1,1809007,1,ပြည်တော်သာ ရပ်ကွက်,Pyi Taw Thar Quarter,ပြည်တော်သာ,pyitawthar,Minhla Township,မင်းလှ မြို့နယ်,f03b16e4-2bbd-42f2-a62b-ad95b37579d6,7224,ward,,,,,,,,no_exact,confirmed_non_admin,confirmed_non_admin,,,,no CoreMap or MIMU exact identity under township; keep as non-linked postal locality,02-postal-review-previews/1d68af43e3a1.json
44269fd6ffc5,1809005,1,မင်းတန်း ရပ်ကွက်,Min Tan Quarter,မင်းတန်း,mintan,Minhla Township,မင်းလှ မြို့နယ်,f03b16e4-2bbd-42f2-a62b-ad95b37579d6,7224,ward,,,,,,,,no_exact,confirmed_non_admin,confirmed_non_admin,,,,no CoreMap or MIMU exact identity under township; keep as non-linked postal locality,02-postal-review-previews/44269fd6ffc5.json
ebd24c7255d0,1809004,1,ရုံးလမ်း ရပ်ကွက်,Yone Lan Quarter,ရုံးလမ်း,yonelan,Minhla Township,မင်းလှ မြို့နယ်,f03b16e4-2bbd-42f2-a62b-ad95b37579d6,7224,ward,,,,,,,,no_exact,confirmed_non_admin,confirmed_non_admin,,,,no CoreMap or MIMU exact identity under township; keep as non-linked postal locality,02-postal-review-previews/ebd24c7255d0.json
3ae6b728461c,1809003,1,လမ်းမတော် ရပ်ကွက်,Lan Ma Taw Quarter,လမ်းမတော်,lanmataw,Minhla Township,မင်းလှ မြို့နယ်,f03b16e4-2bbd-42f2-a62b-ad95b37579d6,7224,ward,,,,,,,,no_exact,confirmed_non_admin,confirmed_non_admin,,,,no CoreMap or MIMU exact identity under township; keep as non-linked postal locality,02-postal-review-previews/3ae6b728461c.json
fadebfa01272,0117001,1,ဆော့လော် ရပ်ကွက်,Tsawlaw Quarter,ဆော့လော်,tsawlaw,Tsawlaw Township,ဆော့လော် မြို့နယ်,f29af43f-7f83-43a5-b063-d3d12aa760e4,6688,ward,,,,,,,,no_exact,confirmed_non_admin,confirmed_non_admin,,,,no CoreMap or MIMU exact identity under township; keep as non-linked postal locality,02-postal-review-previews/fadebfa01272.json
c95ecc02340e,0305002,1,ခေါလိုင် / ဂိုးဇန် ရပ်ကွက်,Khualai (Gozan) Quarter,ခေါလိုင်ဂိုးဇန်,khualaigozan,Tonzang Township,တွန်းဇန် မြို့နယ်,f3446bb2-ea07-4eb5-9bf0-8f33131827c2,6712,ward,,,,,,,,no_exact,confirmed_non_admin,confirmed_non_admin,,,,no CoreMap or MIMU exact identity under township; keep as non-linked postal locality,02-postal-review-previews/c95ecc02340e.json
11053feb08fe,0305001,1,ခေါဝုန် / လေးဆန် ရပ်ကွက်,Khuavung (Laysan) Quarter,ခေါဝုန်လေးဆန်,khuavunglaysan,Tonzang Township,တွန်းဇန် မြို့နယ်,f3446bb2-ea07-4eb5-9bf0-8f33131827c2,6712,ward,,,,,,,,no_exact,confirmed_non_admin,confirmed_non_admin,,,,no CoreMap or MIMU exact identity under township; keep as non-linked postal locality,02-postal-review-previews/11053feb08fe.json
2db3fb13a12c,0425201,1,ရွာသစ် ကျေးရွာအုပ်စု,Ywar Thit Village Tract,ရွာသစ်,ywarthit,Seikphyu Township,ဆိပ်ဖြူ မြို့နယ်,f415d4d3-7d66-47ad-bbae-10e388fd10fa,6916,village_tract,,,,,,,,no_exact,confirmed_non_admin,confirmed_non_admin,,,,no CoreMap or MIMU exact identity under township; keep as non-linked postal locality,02-postal-review-previews/2db3fb13a12c.json
f7cf42775359,0425003,1,ယောဝ ရပ်ကွက်,Yaw Wa Quarter,ယောဝ,yawwa,Seikphyu Township,ဆိပ်ဖြူ မြို့နယ်,f415d4d3-7d66-47ad-bbae-10e388fd10fa,6916,ward,,,,,,,,no_exact,confirmed_non_admin,confirmed_non_admin,,,,no CoreMap or MIMU exact identity under township; keep as non-linked postal locality,02-postal-review-previews/f7cf42775359.json
eafc98518acb,0425004,1,ရွာသစ် ရပ်ကွက်,Ywar Thit Quarter,ရွာသစ်,ywarthit,Seikphyu Township,ဆိပ်ဖြူ မြို့နယ်,f415d4d3-7d66-47ad-bbae-10e388fd10fa,6916,ward,,,,,,,,no_exact,confirmed_non_admin,confirmed_non_admin,,,,no CoreMap or MIMU exact identity under township; keep as non-linked postal locality,02-postal-review-previews/eafc98518acb.json
c53d97fe3967,0425001,1,အနောက်ပိုင်း ရပ်ကွက်,Ah Nauk Paing Quarter,အနောက်ပိုင်း,ahnaukpaing,Seikphyu Township,ဆိပ်ဖြူ မြို့နယ်,f415d4d3-7d66-47ad-bbae-10e388fd10fa,6916,ward,,,,,,,,no_exact,confirmed_non_admin,confirmed_non_admin,,,,no CoreMap or MIMU exact identity under township; keep as non-linked postal locality,02-postal-review-previews/c53d97fe3967.json
b739d61aebf2,0425002,1,အလယ်ပိုင်း ရပ်ကွက်,Ah Lel Paing Quarter,အလယ်ပိုင်း,ahlelpaing,Seikphyu Township,ဆိပ်ဖြူ မြို့နယ်,f415d4d3-7d66-47ad-bbae-10e388fd10fa,6916,ward,,,,,,,,no_exact,confirmed_non_admin,confirmed_non_admin,,,,no CoreMap or MIMU exact identity under township; keep as non-linked postal locality,02-postal-review-previews/b739d61aebf2.json
85cc82aba83c,0230026,1,ကန်သာဦး ရပ်ကွက်,Kan Thar Oo Quarter,ကန်သာဦး,kantharoo,Monywa Township,မုံရွာ မြို့နယ်,f542f9e9-d5aa-43ff-a403-441ff3f89b91,6822,ward,,,,,,,,no_exact,confirmed_non_admin,confirmed_non_admin,,,,no CoreMap or MIMU exact identity under township; keep as non-linked postal locality,02-postal-review-previews/85cc82aba83c.json
f77a29689079,0230001,1,ကွေ့ကြီး ရပ်ကွက်,Kwayt Gyi Quarter,ကွေ့ကြီး,kwaytgyi,Monywa Township,မုံရွာ မြို့နယ်,f542f9e9-d5aa-43ff-a403-441ff3f89b91,6822,ward,,,,,,,,no_exact,confirmed_non_admin,confirmed_non_admin,,,,no CoreMap or MIMU exact identity under township; keep as non-linked postal locality,02-postal-review-previews/f77a29689079.json
f8b977ae7552,0230027,1,ချမ်းမြဝတီ ရပ်ကွက်,Chan Mya Wa Di Quarter,ချမ်းမြဝတီ,chanmyawadi,Monywa Township,မုံရွာ မြို့နယ်,f542f9e9-d5aa-43ff-a403-441ff3f89b91,6822,ward,,,,,,,,no_exact,confirmed_non_admin,confirmed_non_admin,,,,no CoreMap or MIMU exact identity under township; keep as non-linked postal locality,02-postal-review-previews/f8b977ae7552.json
6f123351da94,0230007,1,ချမ်းမြသာစည် ရပ်ကွက်,Chan Mya Thar Zi Quarter,ချမ်းမြသာစည်,chanmyatharzi,Monywa Township,မုံရွာ မြို့နယ်,f542f9e9-d5aa-43ff-a403-441ff3f89b91,6822,ward,,,,,,,,no_exact,confirmed_non_admin,confirmed_non_admin,,,,no CoreMap or MIMU exact identity under township; keep as non-linked postal locality,02-postal-review-previews/6f123351da94.json
76153358dbd9,0230025,1,စက်မှုဇုန် ရပ်ကွက်,Set Hmu Zon Quarter,စက်မှုဇုန်,sethmuzon,Monywa Township,မုံရွာ မြို့နယ်,f542f9e9-d5aa-43ff-a403-441ff3f89b91,6822,ward,,,,,,,,no_exact,confirmed_non_admin,confirmed_non_admin,,,,no CoreMap or MIMU exact identity under township; keep as non-linked postal locality,02-postal-review-previews/76153358dbd9.json
3c498509a17b,0230019,1,စစ်ပင် ရပ်ကွက်,Sit Pin Quarter,စစ်ပင်,sitpin,Monywa Township,မုံရွာ မြို့နယ်,f542f9e9-d5aa-43ff-a403-441ff3f89b91,6822,ward,,,,,,,,no_exact,confirmed_non_admin,confirmed_non_admin,,,,no CoreMap or MIMU exact identity under township; keep as non-linked postal locality,02-postal-review-previews/3c498509a17b.json
6bfad921022b,0230003,1,ဒေါနခြံ ရပ်ကွက်,Daw Na Chan Quarter,ဒေါနခြံ,dawnachan,Monywa Township,မုံရွာ မြို့နယ်,f542f9e9-d5aa-43ff-a403-441ff3f89b91,6822,ward,,,,,,,,no_exact,confirmed_non_admin,confirmed_non_admin,,,,no CoreMap or MIMU exact identity under township; keep as non-linked postal locality,02-postal-review-previews/6bfad921022b.json
a1b3e8f91551,0230024,1,နတ်လူထိပ်ပန် ရပ်ကွက်,Nat Lu Hteik Pan Quarter,နတ်လူထိပ်ပန်,natluhteikpan,Monywa Township,မုံရွာ မြို့နယ်,f542f9e9-d5aa-43ff-a403-441ff3f89b91,6822,ward,,,,,,,,no_exact,confirmed_non_admin,confirmed_non_admin,,,,no CoreMap or MIMU exact identity under township; keep as non-linked postal locality,02-postal-review-previews/a1b3e8f91551.json
8e866d60efd9,0230023,1,နန္ဒဝန် ရပ်ကွက်,Nan Da Wun Quarter,နန္ဒဝန်,nandawun,Monywa Township,မုံရွာ မြို့နယ်,f542f9e9-d5aa-43ff-a403-441ff3f89b91,6822,ward,,,,,,,,no_exact,confirmed_non_admin,confirmed_non_admin,,,,no CoreMap or MIMU exact identity under township; keep as non-linked postal locality,02-postal-review-previews/8e866d60efd9.json
c6f82837d5ab,0230029,1,ပြည်တော်သာ ရပ်ကွက်,Pyi Taw Thar Quarter,ပြည်တော်သာ,pyitawthar,Monywa Township,မုံရွာ မြို့နယ်,f542f9e9-d5aa-43ff-a403-441ff3f89b91,6822,ward,,,,,,,,no_exact,confirmed_non_admin,confirmed_non_admin,,,,no CoreMap or MIMU exact identity under township; keep as non-linked postal locality,02-postal-review-previews/c6f82837d5ab.json
5e0a3372836b,0230005,1,ဖုန်းစိုး ရပ်ကွက်,Hpone Soe Quarter,ဖုန်းစိုး,hponesoe,Monywa Township,မုံရွာ မြို့နယ်,f542f9e9-d5aa-43ff-a403-441ff3f89b91,6822,ward,,,,,,,,no_exact,confirmed_non_admin,confirmed_non_admin,,,,no CoreMap or MIMU exact identity under township; keep as non-linked postal locality,02-postal-review-previews/5e0a3372836b.json
9b9033ddb9b4,0230030,1,ဗန္ဓုလ ရပ်ကွက်,Ban Du La Quarter,ဗန္ဓုလ,bandula,Monywa Township,မုံရွာ မြို့နယ်,f542f9e9-d5aa-43ff-a403-441ff3f89b91,6822,ward,,,,,,,,no_exact,confirmed_non_admin,confirmed_non_admin,,,,no CoreMap or MIMU exact identity under township; keep as non-linked postal locality,02-postal-review-previews/9b9033ddb9b4.json
5eb59b115c75,0230016,1,ဘုရားကြီး ရပ်ကွက်,Hpa Yar Gyi Quarter,ဘုရားကြီး,hpayargyi,Monywa Township,မုံရွာ မြို့နယ်,f542f9e9-d5aa-43ff-a403-441ff3f89b91,6822,ward,,,,,,,,no_exact,confirmed_non_admin,confirmed_non_admin,,,,no CoreMap or MIMU exact identity under township; keep as non-linked postal locality,02-postal-review-previews/5eb59b115c75.json
d7ad70531623,0230014,1,မုံရွာတောင် ရပ်ကွက်,Monywa (South) Quarter,မုံရွာတောင်,monywasouth,Monywa Township,မုံရွာ မြို့နယ်,f542f9e9-d5aa-43ff-a403-441ff3f89b91,6822,ward,,,,,,,,no_exact,confirmed_non_admin,confirmed_non_admin,,,,no CoreMap or MIMU exact identity under township; keep as non-linked postal locality,02-postal-review-previews/d7ad70531623.json
14f1875dca39,0230015,1,မြဝတီ ရပ်ကွက်,Mya Wa Di Quarter,မြဝတီ,myawadi,Monywa Township,မုံရွာ မြို့နယ်,f542f9e9-d5aa-43ff-a403-441ff3f89b91,6822,ward,,,,,,,,no_exact,confirmed_non_admin,confirmed_non_admin,,,,no CoreMap or MIMU exact identity under township; keep as non-linked postal locality,02-postal-review-previews/14f1875dca39.json
e402edd1d882,0230006,1,ရတနာပုံ ရပ်ကွက်,Ya Da Nar Bon Quarter,ရတနာပုံ,yadanarbon,Monywa Township,မုံရွာ မြို့နယ်,f542f9e9-d5aa-43ff-a403-441ff3f89b91,6822,ward,,,,,,,,no_exact,confirmed_non_admin,confirmed_non_admin,,,,no CoreMap or MIMU exact identity under township; keep as non-linked postal locality,02-postal-review-previews/e402edd1d882.json
5771e7c1c7dc,0230009,1,ရန်ကင်း ရပ်ကွက်,Yan Kin Quarter,ရန်ကင်း,yankin,Monywa Township,မုံရွာ မြို့နယ်,f542f9e9-d5aa-43ff-a403-441ff3f89b91,6822,ward,,,,,,,,no_exact,confirmed_non_admin,confirmed_non_admin,,,,no CoreMap or MIMU exact identity under township; keep as non-linked postal locality,02-postal-review-previews/5771e7c1c7dc.json
fe6a9306126e,0230017,1,ရုံးကြီး ရပ်ကွက်,Yone Gyi Quarter,ရုံးကြီး,yonegyi,Monywa Township,မုံရွာ မြို့နယ်,f542f9e9-d5aa-43ff-a403-441ff3f89b91,6822,ward,,,,,,,,no_exact,confirmed_non_admin,confirmed_non_admin,,,,no CoreMap or MIMU exact identity under township; keep as non-linked postal locality,02-postal-review-previews/fe6a9306126e.json
e9f9e4473774,0230028,1,ရွှေဇလုပ် ရပ်ကွက်,Shwe Za Loke Quarter,ရွှေဇလုပ်,shwezaloke,Monywa Township,မုံရွာ မြို့နယ်,f542f9e9-d5aa-43ff-a403-441ff3f89b91,6822,ward,,,,,,,,no_exact,confirmed_non_admin,confirmed_non_admin,,,,no CoreMap or MIMU exact identity under township; keep as non-linked postal locality,02-postal-review-previews/e9f9e4473774.json
d134ae710019,0230031,1,ရွှေပြည်အေး ရပ်ကွက်,Shwe Pyi Aye Quarter,ရွှေပြည်အေး,shwepyiaye,Monywa Township,မုံရွာ မြို့နယ်,f542f9e9-d5aa-43ff-a403-441ff3f89b91,6822,ward,,,,,,,,no_exact,confirmed_non_admin,confirmed_non_admin,,,,no CoreMap or MIMU exact identity under township; keep as non-linked postal locality,02-postal-review-previews/d134ae710019.json
8c7a9748479a,0230004,1,လယ်တီ ရပ်ကွက်,Lel Di Quarter,လယ်တီ,leldi,Monywa Township,မုံရွာ မြို့နယ်,f542f9e9-d5aa-43ff-a403-441ff3f89b91,6822,ward,,,,,,,,no_exact,confirmed_non_admin,confirmed_non_admin,,,,no CoreMap or MIMU exact identity under township; keep as non-linked postal locality,02-postal-review-previews/8c7a9748479a.json
c4399f5276c8,0230022,1,မြို့သစ် ရပ်ကွက်,Myo Thit Quarter,သစ်,myothit,Monywa Township,မုံရွာ မြို့နယ်,f542f9e9-d5aa-43ff-a403-441ff3f89b91,6822,ward,,,,,,,,no_exact,confirmed_non_admin,confirmed_non_admin,,,,no CoreMap or MIMU exact identity under township; keep as non-linked postal locality,02-postal-review-previews/c4399f5276c8.json
359843583ee4,0230012,1,သန်းတော ရပ်ကွက်,Than Taw Quarter,သန်းတော,thantaw,Monywa Township,မုံရွာ မြို့နယ်,f542f9e9-d5aa-43ff-a403-441ff3f89b91,6822,ward,,,,,,,,no_exact,confirmed_non_admin,confirmed_non_admin,,,,no CoreMap or MIMU exact identity under township; keep as non-linked postal locality,02-postal-review-previews/359843583ee4.json
112bae4b80ab,0230010,1,သလ္လာ ရပ်ကွက်,Thar Lar Quarter,သလ္လာ,tharlar,Monywa Township,မုံရွာ မြို့နယ်,f542f9e9-d5aa-43ff-a403-441ff3f89b91,6822,ward,,,,,,,,no_exact,confirmed_non_admin,confirmed_non_admin,,,,no CoreMap or MIMU exact identity under township; keep as non-linked postal locality,02-postal-review-previews/112bae4b80ab.json
cda2b794bede,0230011,1,အလယ် ရပ်ကွက်,Ah Lel Quarter,အလယ်,ahlel,Monywa Township,မုံရွာ မြို့နယ်,f542f9e9-d5aa-43ff-a403-441ff3f89b91,6822,ward,,,,,,,,no_exact,confirmed_non_admin,confirmed_non_admin,,,,no CoreMap or MIMU exact identity under township; keep as non-linked postal locality,02-postal-review-previews/cda2b794bede.json
f3926e0bb94b,0230020,1,အလုံ ရပ်ကွက်,Ah Lone Quarter,အလုံ,ahlone,Monywa Township,မုံရွာ မြို့နယ်,f542f9e9-d5aa-43ff-a403-441ff3f89b91,6822,ward,,,,,,,,no_exact,confirmed_non_admin,confirmed_non_admin,,,,no CoreMap or MIMU exact identity under township; keep as non-linked postal locality,02-postal-review-previews/f3926e0bb94b.json
a595f0acd2ee,0230021,1,အိုးဘိုတောင် ရပ်ကွက်,Oe Bo (South) Quarter,အိုးဘိုတောင်,oebosouth,Monywa Township,မုံရွာ မြို့နယ်,f542f9e9-d5aa-43ff-a403-441ff3f89b91,6822,ward,,,,,,,,no_exact,confirmed_non_admin,confirmed_non_admin,,,,no CoreMap or MIMU exact identity under township; keep as non-linked postal locality,02-postal-review-previews/a595f0acd2ee.json
a1897593ac86,0230002,1,အောင်ချမ်းသာ ရပ်ကွက်,Aung Chan Thar Quarter,အောင်ချမ်းသာ,aungchanthar,Monywa Township,မုံရွာ မြို့နယ်,f542f9e9-d5aa-43ff-a403-441ff3f89b91,6822,ward,,,,,,,,no_exact,confirmed_non_admin,confirmed_non_admin,,,,no CoreMap or MIMU exact identity under township; keep as non-linked postal locality,02-postal-review-previews/a1897593ac86.json
3b524e7092fc,0230013,1,အောင်မင်္ဂလာ ရပ်ကွက်,Aung Min Ga Lar Quarter,အောင်မင်္ဂလာ,aungmingalar,Monywa Township,မုံရွာ မြို့နယ်,f542f9e9-d5aa-43ff-a403-441ff3f89b91,6822,ward,,,,,,,,no_exact,confirmed_non_admin,confirmed_non_admin,,,,no CoreMap or MIMU exact identity under township; keep as non-linked postal locality,02-postal-review-previews/3b524e7092fc.json
622a22e59bd2,0230008,1,အေးသာယာ ရပ်ကွက်,Aye Thar Yar Quarter,အေးသာယာ,ayetharyar,Monywa Township,မုံရွာ မြို့နယ်,f542f9e9-d5aa-43ff-a403-441ff3f89b91,6822,ward,,,,,,,,no_exact,confirmed_non_admin,confirmed_non_admin,,,,no CoreMap or MIMU exact identity under township; keep as non-linked postal locality,02-postal-review-previews/622a22e59bd2.json
9c3661d5b53f,1303001,1,အမှတ် (၁) ရပ်ကွက်,No (1) Quarter,၁,1,Hpapun Township,ဖာပွန် မြို့နယ်,f646fae8-f401-4af2-a4e3-a3adfb6b798d,5978,ward,,,,,,,,no_exact,confirmed_non_admin,confirmed_non_admin,,,,no CoreMap or MIMU exact identity under township; keep as non-linked postal locality,02-postal-review-previews/9c3661d5b53f.json
7a189b62d039,1303002,1,အမှတ် (၂) ရပ်ကွက်,No (2) Quarter,၂,2,Hpapun Township,ဖာပွန် မြို့နယ်,f646fae8-f401-4af2-a4e3-a3adfb6b798d,5978,ward,,,,,,,,no_exact,confirmed_non_admin,confirmed_non_admin,,,,no CoreMap or MIMU exact identity under township; keep as non-linked postal locality,02-postal-review-previews/7a189b62d039.json
cd2f51b5cac2,1303003,1,အမှတ် (၃) ရပ်ကွက်,No (3) Quarter,၃,3,Hpapun Township,ဖာပွန် မြို့နယ်,f646fae8-f401-4af2-a4e3-a3adfb6b798d,5978,ward,,,,,,,,no_exact,confirmed_non_admin,confirmed_non_admin,,,,no CoreMap or MIMU exact identity under township; keep as non-linked postal locality,02-postal-review-previews/cd2f51b5cac2.json
54a14f46b0e7,1303004,1,အမှတ် (၄) ရပ်ကွက်,No (4) Quarter,၄,4,Hpapun Township,ဖာပွန် မြို့နယ်,f646fae8-f401-4af2-a4e3-a3adfb6b798d,5978,ward,,,,,,,,no_exact,confirmed_non_admin,confirmed_non_admin,,,,no CoreMap or MIMU exact identity under township; keep as non-linked postal locality,02-postal-review-previews/54a14f46b0e7.json
a392082d3700,0515009,1,ကြက်မင်းတွန် ရပ်ကွက်,Kyet Min Tun Quarter,ကြက်မင်းတွန်,kyetmintun,Kyaukse Township,ကျောက်ဆည် မြို့နယ်,f74d4311-a45c-4acd-aa25-674834f9bbee,6198,ward,,,,,,,,no_exact,confirmed_non_admin,confirmed_non_admin,,,,no CoreMap or MIMU exact identity under township; keep as non-linked postal locality,02-postal-review-previews/a392082d3700.json
2ea79465f391,0515004,1,စုကြီး ရပ်ကွက်,Su Gyi Quarter,စုကြီး,sugyi,Kyaukse Township,ကျောက်ဆည် မြို့နယ်,f74d4311-a45c-4acd-aa25-674834f9bbee,6198,ward,,,,,,,,no_exact,confirmed_non_admin,confirmed_non_admin,,,,no CoreMap or MIMU exact identity under township; keep as non-linked postal locality,02-postal-review-previews/2ea79465f391.json
ea1c8b8ea06f,0515001,1,ဆူးကုန်း ရပ်ကွက်,Su Kone Quarter,ဆူးကုန်း,sukone,Kyaukse Township,ကျောက်ဆည် မြို့နယ်,f74d4311-a45c-4acd-aa25-674834f9bbee,6198,ward,,,,,,,,no_exact,confirmed_non_admin,confirmed_non_admin,,,,no CoreMap or MIMU exact identity under township; keep as non-linked postal locality,02-postal-review-previews/ea1c8b8ea06f.json
9a3d515bfbed,0515002,1,ဈေးတန်း ရပ်ကွက်,Zay Tan Quarter,ဈေးတန်း,zaytan,Kyaukse Township,ကျောက်ဆည် မြို့နယ်,f74d4311-a45c-4acd-aa25-674834f9bbee,6198,ward,,,,,,,,no_exact,confirmed_non_admin,confirmed_non_admin,,,,no CoreMap or MIMU exact identity under township; keep as non-linked postal locality,02-postal-review-previews/9a3d515bfbed.json
1406cf6dbda6,0515005,1,ပြည်လုံးနိုင် ရပ်ကွက်,Pyi Lone Naing Quarter,ပြည်လုံးနိုင်,pyilonenaing,Kyaukse Township,ကျောက်ဆည် မြို့နယ်,f74d4311-a45c-4acd-aa25-674834f9bbee,6198,ward,,,,,,,,no_exact,confirmed_non_admin,confirmed_non_admin,,,,no CoreMap or MIMU exact identity under township; keep as non-linked postal locality,02-postal-review-previews/1406cf6dbda6.json
0edc88a30bc0,0515003,1,ဖောင်ရွာ ရပ်ကွက်,Hpaung Ywar Quarter,ဖောင်ရွာ,hpaungywar,Kyaukse Township,ကျောက်ဆည် မြို့နယ်,f74d4311-a45c-4acd-aa25-674834f9bbee,6198,ward,,,,,,,,no_exact,confirmed_non_admin,confirmed_non_admin,,,,no CoreMap or MIMU exact identity under township; keep as non-linked postal locality,02-postal-review-previews/0edc88a30bc0.json
f41160d23e82,0515007,1,ဘောဂဝတီ ရပ်ကွက်,Baw Ga Wa Di Quarter,ဘောဂဝတီ,bawgawadi,Kyaukse Township,ကျောက်ဆည် မြို့နယ်,f74d4311-a45c-4acd-aa25-674834f9bbee,6198,ward,,,,,,,,no_exact,confirmed_non_admin,confirmed_non_admin,,,,no CoreMap or MIMU exact identity under township; keep as non-linked postal locality,02-postal-review-previews/f41160d23e82.json
36037c16e6f0,0515006,1,မင်းရပ် ရပ်ကွက်,Min Yat Quarter,မင်းရပ်,minyat,Kyaukse Township,ကျောက်ဆည် မြို့နယ်,f74d4311-a45c-4acd-aa25-674834f9bbee,6198,ward,,,,,,,,no_exact,confirmed_non_admin,confirmed_non_admin,,,,no CoreMap or MIMU exact identity under township; keep as non-linked postal locality,02-postal-review-previews/36037c16e6f0.json
2614d8c431a7,0515008,1,ရဲစု ရပ်ကွက်,Ye Su Quarter,ရဲစု,yesu,Kyaukse Township,ကျောက်ဆည် မြို့နယ်,f74d4311-a45c-4acd-aa25-674834f9bbee,6198,ward,,,,,,,,no_exact,confirmed_non_admin,confirmed_non_admin,,,,no CoreMap or MIMU exact identity under township; keep as non-linked postal locality,02-postal-review-previews/2614d8c431a7.json
266897cdf7a9,0515010,1,ဧမြကြည်လင် ရပ်ကွက်,Aye Mya Kyi Lin Quarter,ဧမြကြည်လင်,ayemyakyilin,Kyaukse Township,ကျောက်ဆည် မြို့နယ်,f74d4311-a45c-4acd-aa25-674834f9bbee,6198,ward,,,,,,,,no_exact,confirmed_non_admin,confirmed_non_admin,,,,no CoreMap or MIMU exact identity under township; keep as non-linked postal locality,02-postal-review-previews/266897cdf7a9.json
84ec21341fb6,1617223,1,ကြူဆာ ကျေးရွာအုပ်စု,Kyu Hsar Village Tract,ကြူဆာ,kyuhsar,Mongmit Township,မိုးမိတ် မြို့နယ်,f7a2ec31-1c24-4b7c-b4f4-cc46d2403490,6558,village_tract,,,,,,,,no_exact,confirmed_non_admin,confirmed_non_admin,,,,no CoreMap or MIMU exact identity under township; keep as non-linked postal locality,02-postal-review-previews/84ec21341fb6.json
0537dbd77d26,1617001,1,တောင်ပိုင်း ရပ်ကွက်,Taung Paing Quarter,တောင်ပိုင်း,taungpaing,Mongmit Township,မိုးမိတ် မြို့နယ်,f7a2ec31-1c24-4b7c-b4f4-cc46d2403490,6558,ward,,,,,,,,no_exact,confirmed_non_admin,confirmed_non_admin,,,,no CoreMap or MIMU exact identity under township; keep as non-linked postal locality,02-postal-review-previews/0537dbd77d26.json
16dd5d85fa7b,1617002,1,မြောက်ပိုင်း ရပ်ကွက်,Myauk Paing Quarter,မြောက်ပိုင်း,myaukpaing,Mongmit Township,မိုးမိတ် မြို့နယ်,f7a2ec31-1c24-4b7c-b4f4-cc46d2403490,6558,ward,,,,,,,,no_exact,confirmed_non_admin,confirmed_non_admin,,,,no CoreMap or MIMU exact identity under township; keep as non-linked postal locality,02-postal-review-previews/16dd5d85fa7b.json
11fdf25b849d,1617003,1,လက်ခုတ်တန်း ရပ်ကွက်,Let Khoke Tan Quarter,လက်ခုတ်တန်း,letkhoketan,Mongmit Township,မိုးမိတ် မြို့နယ်,f7a2ec31-1c24-4b7c-b4f4-cc46d2403490,6558,ward,,,,,,,,no_exact,confirmed_non_admin,confirmed_non_admin,,,,no CoreMap or MIMU exact identity under township; keep as non-linked postal locality,02-postal-review-previews/11fdf25b849d.json
49e8b3eee964,1617004,1,ဟော်ကုန်း (ဟော်နန်း) ရပ်ကွက်,Haw Kone (Haw Nan) Quarter,ဟော်ကုန်းဟော်နန်း,hawkonehawnan,Mongmit Township,မိုးမိတ် မြို့နယ်,f7a2ec31-1c24-4b7c-b4f4-cc46d2403490,6558,ward,,,,,,,,no_exact,confirmed_non_admin,confirmed_non_admin,,,,no CoreMap or MIMU exact identity under township; keep as non-linked postal locality,02-postal-review-previews/49e8b3eee964.json
1ccca9008792,1140204,1,ရေဥက္ကံ ကျေးရွာအုပ်စု | ဥက္ကံသောင်ကြား (ရေဥက္ကံ) ကျေးရွာအုပ်စု,Oke Kan Thaung Kyar (Yae Oke Kan) Village Tract | Yae Oke Kan Village Tract,ရေဥက္ကံဥက္ကံသောင်ကြားရေဥက္ကံ,okekanthaungkyaryaeokekanyaeokekan,- | Hlaingtharya(East) Township,- | လှိုင်သာယာ(အရှေ့) မြို့နယ်,f82dcfc5-7c66-47e6-b16d-7368ddfa32ba,5659,village_tract,,,,,,,,no_exact,confirmed_non_admin,confirmed_non_admin,,,,no CoreMap or MIMU exact identity under township; keep as non-linked postal locality,02-postal-review-previews/1ccca9008792.json
e225d7b9c5da,1606230,1,ကွန်ညှက် ကျေးရွာအုပ်စု,Kun Hnyet Village Tract,ကွန်ညှက်,kunhnyet,Narphan Township,နားဖန် မြို့နယ်,f91b8baf-5850-4770-928b-f6ae1ab6b94b,6456,village_tract,,,,,,,,no_exact,confirmed_non_admin,confirmed_non_admin,,,,no CoreMap or MIMU exact identity under township; keep as non-linked postal locality,02-postal-review-previews/e225d7b9c5da.json
cd2f2a757336,1606208,1,ဆုံလုံ ကျေးရွာအုပ်စု,Hson Long Village Tract,ဆုံလုံ,hsonlong,Narphan Township,နားဖန် မြို့နယ်,f91b8baf-5850-4770-928b-f6ae1ab6b94b,6456,village_tract,,,,,,,,no_exact,confirmed_non_admin,confirmed_non_admin,,,,no CoreMap or MIMU exact identity under township; keep as non-linked postal locality,02-postal-review-previews/cd2f2a757336.json
2e0376fec36b,1606226,1,ဈေးသစ် (ဟာခွန်) ကျေးရွာအုပ်စု,Zay Thit (Har Hkun) Village Tract,ဈေးသစ်ဟာခွန်,zaythitharhkun,Narphan Township,နားဖန် မြို့နယ်,f91b8baf-5850-4770-928b-f6ae1ab6b94b,6456,village_tract,,,,,,,,no_exact,confirmed_non_admin,confirmed_non_admin,,,,no CoreMap or MIMU exact identity under township; keep as non-linked postal locality,02-postal-review-previews/2e0376fec36b.json
48a0ae332f6b,1606232,1,ဖန်ခရို့ ကျေးရွာအုပ်စု,Hpan Hka Yoet Village Tract,ဖန်ခရို့,hpanhkayoet,Narphan Township,နားဖန် မြို့နယ်,f91b8baf-5850-4770-928b-f6ae1ab6b94b,6456,village_tract,,,,,,,,no_exact,confirmed_non_admin,confirmed_non_admin,,,,no CoreMap or MIMU exact identity under township; keep as non-linked postal locality,02-postal-review-previews/48a0ae332f6b.json
7413bfae2384,1712203,1,တုံဖ ကျေးရွာအုပ်စု,Ton Hpa Village Tract,တုံဖ,tonhpa,Mong Pawk Township,မိုင်းပေါက် မြို့နယ်,fa2adb75-605d-412f-b655-f48629901513,6466,village_tract,,,,,,,,no_exact,confirmed_non_admin,confirmed_non_admin,,,,no CoreMap or MIMU exact identity under township; keep as non-linked postal locality,02-postal-review-previews/7413bfae2384.json
6406aa403eeb,1712202,1,နမ့်မောင်း ကျေးရွာအုပ်စု,Nam Mawng Village Tract,နမ့်မောင်း,nammawng,Mong Pawk Township,မိုင်းပေါက် မြို့နယ်,fa2adb75-605d-412f-b655-f48629901513,6466,village_tract,,,,,,,,no_exact,confirmed_non_admin,confirmed_non_admin,,,,no CoreMap or MIMU exact identity under township; keep as non-linked postal locality,02-postal-review-previews/6406aa403eeb.json
01862f4519a4,1712201,1,နမ့်အူး ကျေးရွာအုပ်စု,Nam Au Village Tract,နမ့်အူး,namau,Mong Pawk Township,မိုင်းပေါက် မြို့နယ်,fa2adb75-605d-412f-b655-f48629901513,6466,village_tract,,,,,,,,no_exact,confirmed_non_admin,confirmed_non_admin,,,,no CoreMap or MIMU exact identity under township; keep as non-linked postal locality,02-postal-review-previews/01862f4519a4.json
55fede836b5b,1712200,1,မိုင်းပေါက် ကျေးရွာအုပ်စု,Mong Pawk Village Tract,မိုင်းပေါက်,mongpawk,Mong Pawk Township,မိုင်းပေါက် မြို့နယ်,fa2adb75-605d-412f-b655-f48629901513,6466,village_tract,,,,,,,,no_exact,confirmed_non_admin,confirmed_non_admin,,,,no CoreMap or MIMU exact identity under township; keep as non-linked postal locality,02-postal-review-previews/55fede836b5b.json
2f85abe3a85f,1712206,1,မိုင်းပေါက်ဈေး ကျေးရွာအုပ်စု,Mong Pawk Market Village Tract,မိုင်းပေါက်ဈေး,mongpawkmarket,Mong Pawk Township,မိုင်းပေါက် မြို့နယ်,fa2adb75-605d-412f-b655-f48629901513,6466,village_tract,,,,,,,,no_exact,confirmed_non_admin,confirmed_non_admin,,,,no CoreMap or MIMU exact identity under township; keep as non-linked postal locality,02-postal-review-previews/2f85abe3a85f.json
61f8cb4f6f92,1712205,1,ယောင်ဟတ် ကျေးရွာအုပ်စု,Yawng Hat Village Tract,ယောင်ဟတ်,yawnghat,Mong Pawk Township,မိုင်းပေါက် မြို့နယ်,fa2adb75-605d-412f-b655-f48629901513,6466,village_tract,,,,,,,,no_exact,confirmed_non_admin,confirmed_non_admin,,,,no CoreMap or MIMU exact identity under township; keep as non-linked postal locality,02-postal-review-previews/61f8cb4f6f92.json
9f387544aef7,1712204,1,ဝမ်းကောင် ကျေးရွာအုပ်စု,Wan Kawng Village Tract,ဝမ်းကောင်,wankawng,Mong Pawk Township,မိုင်းပေါက် မြို့နယ်,fa2adb75-605d-412f-b655-f48629901513,6466,village_tract,,,,,,,,no_exact,confirmed_non_admin,confirmed_non_admin,,,,no CoreMap or MIMU exact identity under township; keep as non-linked postal locality,02-postal-review-previews/9f387544aef7.json
f3a9c8d4ac78,1134216,1,တောင်ကုန်း ကျေးရွာအုပ်စု,Taung Kone 1 Village Tract,တောင်ကုန်း,taungkone1,Kungyangon Township,ကွမ်းခြံကုန်း မြို့နယ်,fa5a2d7d-4d4e-48b8-8c10-62cff99eefcc,5112,village_tract,21581,66d91f8e-2e34-43b7-8d9d-db72b1a79a08,တောင်ကုန်း / Taung Kone 1,mm=[];en=[],village_tract|parent=fa5a2d7d-4d4e-48b8-8c10-62cff99eefcc,21581/66d91f8e-2e34-43b7-8d9d-db72b1a79a08:village_tract:တောင်ကုန်း/Taung Kone 1(aliases_mm=;aliases_en=),MMR013029017:Taung Kone 1/တောင်ကုန်း;MMR013029042:Taung Kone 2/တောင်ကုန်း,unique_exact_bilingual,link_existing,link_existing,66d91f8e-2e34-43b7-8d9d-db72b1a79a08,,,unique exact bilingual identity → 66d91f8e-2e34-43b7-8d9d-db72b1a79a08,02-postal-review-previews/f3a9c8d4ac78.json
517b274a6188,1134241,1,တောင်ကုန်း ကျေးရွာအုပ်စု,Taung Kone 2 Village Tract,တောင်ကုန်း,taungkone2,Kungyangon Township,ကွမ်းခြံကုန်း မြို့နယ်,fa5a2d7d-4d4e-48b8-8c10-62cff99eefcc,5112,village_tract,21582,ba4e2d1d-d89a-4560-8782-ccbb20e8f564,တောင်ကုန်း / Taung Kone 2,mm=[];en=[],village_tract|parent=fa5a2d7d-4d4e-48b8-8c10-62cff99eefcc,21582/ba4e2d1d-d89a-4560-8782-ccbb20e8f564:village_tract:တောင်ကုန်း/Taung Kone 2(aliases_mm=;aliases_en=),MMR013029017:Taung Kone 1/တောင်ကုန်း;MMR013029042:Taung Kone 2/တောင်ကုန်း,unique_exact_bilingual,link_existing,link_existing,ba4e2d1d-d89a-4560-8782-ccbb20e8f564,,,unique exact bilingual identity → ba4e2d1d-d89a-4560-8782-ccbb20e8f564,02-postal-review-previews/517b274a6188.json
ca8f161a9f0d,1134003,1,ဈေးပိုင်း ရပ်ကွက်,Zay Paing Quarter,ဈေးပိုင်း,zaypaing,Kungyangon Township,ကွမ်းခြံကုန်း မြို့နယ်,fa5a2d7d-4d4e-48b8-8c10-62cff99eefcc,5112,ward,,,,,,,,no_exact,confirmed_non_admin,confirmed_non_admin,,,,no CoreMap or MIMU exact identity under township; keep as non-linked postal locality,02-postal-review-previews/ca8f161a9f0d.json
d7714b2cbfc6,1134001,1,မြို့မ ရပ်ကွက်,Myo Ma Quarter,မ,myoma,Kungyangon Township,ကွမ်းခြံကုန်း မြို့နယ်,fa5a2d7d-4d4e-48b8-8c10-62cff99eefcc,5112,ward,,,,,,,,no_exact,confirmed_non_admin,confirmed_non_admin,,,,no CoreMap or MIMU exact identity under township; keep as non-linked postal locality,02-postal-review-previews/d7714b2cbfc6.json
146b41b34e57,0803224,1,ပိန်းဇလုပ် ကျေးရွာအုပ်စု,Pein Za Loke Village Tract,ပိန်းဇလုပ်,peinzaloke,Nyaunglebin Township,ညောင်လေးပင် မြို့နယ်,fbb410fd-7f59-4a6a-a094-1d7f5809c02b,5910,village_tract,,,,,,,,no_exact,confirmed_non_admin,confirmed_non_admin,,,,no CoreMap or MIMU exact identity under township; keep as non-linked postal locality,02-postal-review-previews/146b41b34e57.json
9b2909195b65,1010001,1,အမှတ် (၁) ရပ်ကွက်,No (1) Quarter,၁,1,Kyaunggon Township,ကျောင်းကုန်း မြို့နယ်,fc5fb99f-0ec5-41d1-b5b0-064196e6385f,7286,ward,,,,,,,,no_exact,confirmed_non_admin,confirmed_non_admin,,,,no CoreMap or MIMU exact identity under township; keep as non-linked postal locality,02-postal-review-previews/9b2909195b65.json
721ac37a9005,1010002,1,အမှတ် (၂) ရပ်ကွက်,No (2) Quarter,၂,2,Kyaunggon Township,ကျောင်းကုန်း မြို့နယ်,fc5fb99f-0ec5-41d1-b5b0-064196e6385f,7286,ward,,,,,,,,no_exact,confirmed_non_admin,confirmed_non_admin,,,,no CoreMap or MIMU exact identity under township; keep as non-linked postal locality,02-postal-review-previews/721ac37a9005.json
8db9728bbfeb,1010003,1,အမှတ် (၃) ရပ်ကွက်,No (3) Quarter,၃,3,Kyaunggon Township,ကျောင်းကုန်း မြို့နယ်,fc5fb99f-0ec5-41d1-b5b0-064196e6385f,7286,ward,,,,,,,,no_exact,confirmed_non_admin,confirmed_non_admin,,,,no CoreMap or MIMU exact identity under township; keep as non-linked postal locality,02-postal-review-previews/8db9728bbfeb.json
58956ef9f913,0513001,1,အမှတ် (၁) ရပ်ကွက်,No (1) Quarter,၁,1,Tada-U Township,တံတားဦး မြို့နယ်,fcba5cec-db26-4dd3-99c3-14559fc484c0,6891,ward,,,,,,,,no_exact,confirmed_non_admin,confirmed_non_admin,,,,no CoreMap or MIMU exact identity under township; keep as non-linked postal locality,02-postal-review-previews/58956ef9f913.json
c7e1e91137b5,0513002,1,အမှတ် (၂) ရပ်ကွက်,No (2) Quarter,၂,2,Tada-U Township,တံတားဦး မြို့နယ်,fcba5cec-db26-4dd3-99c3-14559fc484c0,6891,ward,,,,,,,,no_exact,confirmed_non_admin,confirmed_non_admin,,,,no CoreMap or MIMU exact identity under township; keep as non-linked postal locality,02-postal-review-previews/c7e1e91137b5.json
3d452c99f9ef,0513003,1,အမှတ် (၃) ရပ်ကွက်,No (3) Quarter,၃,3,Tada-U Township,တံတားဦး မြို့နယ်,fcba5cec-db26-4dd3-99c3-14559fc484c0,6891,ward,,,,,,,,no_exact,confirmed_non_admin,confirmed_non_admin,,,,no CoreMap or MIMU exact identity under township; keep as non-linked postal locality,02-postal-review-previews/3d452c99f9ef.json
23e6f680ae71,1136226,1,ဘွက်ကြီး ကျေးရွာအုပ်စု,Bwet Gyi Village Tract,ဘွက်ကြီး,bwetgyi,Hmawbi Township,မှော်ဘီ မြို့နယ်,fe548c57-494c-4ec6-84a9-a7cb4cd8523a,5856,village_tract,,,,,,,,no_exact,confirmed_non_admin,confirmed_non_admin,,,,no CoreMap or MIMU exact identity under township; keep as non-linked postal locality,02-postal-review-previews/23e6f680ae71.json
9ffacd56ec5c,1136216,1,အင်ကြင်းကုန်း ကျေးရွာအုပ်စု,In Gyin Kone Village Tract,အင်ကြင်းကုန်း,ingyinkone,Hmawbi Township,မှော်ဘီ မြို့နယ်,fe548c57-494c-4ec6-84a9-a7cb4cd8523a,5856,village_tract,,,,,,,,no_exact,confirmed_non_admin,confirmed_non_admin,,,,no CoreMap or MIMU exact identity under township; keep as non-linked postal locality,02-postal-review-previews/9ffacd56ec5c.json
e5fdedd30c15,1601267,1,နောင်ကော် ကျေးရွာအုပ်စု,Nawng Kaw Village Tract,နောင်ကော်,nawngkaw,Lashio Township,လားရှိုး မြို့နယ်,ff921958-83f9-44df-919a-3093fc826112,6468,village_tract,,,,,,,,no_exact,confirmed_non_admin,confirmed_non_admin,,,,no CoreMap or MIMU exact identity under township; keep as non-linked postal locality,02-postal-review-previews/e5fdedd30c15.json
ed69e3e6e031,1601234,1,ပန်ကွဲ ကျေးရွာအုပ်စု,Pang Kwe Village Tract,ပန်ကွဲ,pangkwe,Lashio Township,လားရှိုး မြို့နယ်,ff921958-83f9-44df-919a-3093fc826112,6468,village_tract,,,,,,,,no_exact,confirmed_non_admin,confirmed_non_admin,,,,no CoreMap or MIMU exact identity under township; keep as non-linked postal locality,02-postal-review-previews/ed69e3e6e031.json
fd80366de462,1601269,1,မတ်ကျိုင်း ကျေးရွာအုပ်စု,Mak Keng Village Tract,မတ်ကျိုင်း,makkeng,Lashio Township,လားရှိုး မြို့နယ်,ff921958-83f9-44df-919a-3093fc826112,6468,village_tract,,,,,,,,no_exact,confirmed_non_admin,confirmed_non_admin,,,,no CoreMap or MIMU exact identity under township; keep as non-linked postal locality,02-postal-review-previews/fd80366de462.json
1733703bafd8,1601011,1,နမ့်ပါချီး ရပ်ကွက်,Nam Pa Hkyi Quarter,နမ့်ပါချီး,nampahkyi,Lashio Township,လားရှိုး မြို့နယ်,ff921958-83f9-44df-919a-3093fc826112,6468,ward,,,,,,,,no_exact,confirmed_non_admin,confirmed_non_admin,,,,no CoreMap or MIMU exact identity under township; keep as non-linked postal locality,02-postal-review-previews/1733703bafd8.json
cbef39f97f9c,1601009,1,မြန်မာခါးရိုး ရပ်ကွက်,Myanmar Khar Yoe Quarter,မြန်မာခါးရိုး,myanmarkharyoe,Lashio Township,လားရှိုး မြို့နယ်,ff921958-83f9-44df-919a-3093fc826112,6468,ward,,,,,,,,no_exact,confirmed_non_admin,confirmed_non_admin,,,,no CoreMap or MIMU exact identity under township; keep as non-linked postal locality,02-postal-review-previews/cbef39f97f9c.json
2ae5de6b5ce4,1601003,1,ရွှေဘုံသာ ရပ်ကွက်,Shwe Bon Thar Quarter,ရွှေဘုံသာ,shwebonthar,Lashio Township,လားရှိုး မြို့နယ်,ff921958-83f9-44df-919a-3093fc826112,6468,ward,,,,,,,,no_exact,confirmed_non_admin,confirmed_non_admin,,,,no CoreMap or MIMU exact identity under township; keep as non-linked postal locality,02-postal-review-previews/2ae5de6b5ce4.json
a4ee6daf4b1c,1601006,1,ရွှေလီ ရပ်ကွက်,Shwe Li Quarter,ရွှေလီ,shweli,Lashio Township,လားရှိုး မြို့နယ်,ff921958-83f9-44df-919a-3093fc826112,6468,ward,,,,,,,,no_exact,confirmed_non_admin,confirmed_non_admin,,,,no CoreMap or MIMU exact identity under township; keep as non-linked postal locality,02-postal-review-previews/a4ee6daf4b1c.json
93db8aa8d8c6,1601012,1,လားရှိုးကြီး ရပ်ကွက်,Lashio Gyi Quarter,လားရှိုးကြီး,lashiogyi,Lashio Township,လားရှိုး မြို့နယ်,ff921958-83f9-44df-919a-3093fc826112,6468,ward,,,,,,,,no_exact,confirmed_non_admin,confirmed_non_admin,,,,no CoreMap or MIMU exact identity under township; keep as non-linked postal locality,02-postal-review-previews/93db8aa8d8c6.json
c4379d05fb7b,1601010,1,မြို့ဝမ် ရပ်ကွက်,Myo Wan Quarter,ဝမ်,myowan,Lashio Township,လားရှိုး မြို့နယ်,ff921958-83f9-44df-919a-3093fc826112,6468,ward,,,,,,,,no_exact,confirmed_non_admin,confirmed_non_admin,,,,no CoreMap or MIMU exact identity under township; keep as non-linked postal locality,02-postal-review-previews/c4379d05fb7b.json
fe79e3d6cd8d,1601001,1,သီရိမဟာ ရပ်ကွက်,Thi Ri Ma Har Quarter,သီရိမဟာ,thirimahar,Lashio Township,လားရှိုး မြို့နယ်,ff921958-83f9-44df-919a-3093fc826112,6468,ward,,,,,,,,no_exact,confirmed_non_admin,confirmed_non_admin,,,,no CoreMap or MIMU exact identity under township; keep as non-linked postal locality,02-postal-review-previews/fe79e3d6cd8d.json
cd73040b5751,1601007,1,သံလွင် ရပ်ကွက်,Than Lwin Quarter,သံလွင်,thanlwin,Lashio Township,လားရှိုး မြို့နယ်,ff921958-83f9-44df-919a-3093fc826112,6468,ward,,,,,,,,no_exact,confirmed_non_admin,confirmed_non_admin,,,,no CoreMap or MIMU exact identity under township; keep as non-linked postal locality,02-postal-review-previews/cd73040b5751.json
ea9f14591894,1601004,1,အာရုံတော် ရပ်ကွက်,Ahr Yon Taw Quarter,အာရုံတော်,ahryontaw,Lashio Township,လားရှိုး မြို့နယ်,ff921958-83f9-44df-919a-3093fc826112,6468,ward,,,,,,,,no_exact,confirmed_non_admin,confirmed_non_admin,,,,no CoreMap or MIMU exact identity under township; keep as non-linked postal locality,02-postal-review-previews/ea9f14591894.json
9322fdc7d268,1601005,1,အောင်မင်္ဂလာ ရပ်ကွက်,Aung Min Ga Lar Quarter,အောင်မင်္ဂလာ,aungmingalar,Lashio Township,လားရှိုး မြို့နယ်,ff921958-83f9-44df-919a-3093fc826112,6468,ward,,,,,,,,no_exact,confirmed_non_admin,confirmed_non_admin,,,,no CoreMap or MIMU exact identity under township; keep as non-linked postal locality,02-postal-review-previews/9322fdc7d268.json
050538d0017a,1601002,1,အောင်မေတ္တာ ရပ်ကွက်,Aung Myit Tar Quarter,အောင်မေတ္တာ,aungmyittar,Lashio Township,လားရှိုး မြို့နယ်,ff921958-83f9-44df-919a-3093fc826112,6468,ward,,,,,,,,no_exact,confirmed_non_admin,confirmed_non_admin,,,,no CoreMap or MIMU exact identity under township; keep as non-linked postal locality,02-postal-review-previews/050538d0017a.json
816ec11bb9fd,1601008,1,အောင်သီတာ ရပ်ကွက်,Aung Thi Dar Quarter,အောင်သီတာ,aungthidar,Lashio Township,လားရှိုး မြို့နယ်,ff921958-83f9-44df-919a-3093fc826112,6468,ward,,,,,,,,no_exact,confirmed_non_admin,confirmed_non_admin,,,,no CoreMap or MIMU exact identity under township; keep as non-linked postal locality,02-postal-review-previews/816ec11bb9fd.json
