coremap_id,hierarchy_level,admin_area_type,canonical_name,coremap_path,parent_id,classification,action,preserve_existing_geom,review_reason,point_x,point_y,geom_md5
6378,state_region,state,ဝပြည်နယ် တောင်ပိုင်း,country:11:မြန်မာ > state_region:6378:ဝပြည်နယ် တောင်ပိုင်း,11,special_reference,mark_reference_only,True,Core-only Wa/de-facto first-level area; retain geom; exclude from official counts,99.0525929689254,20.13644585,e85b9915d1eeeb73f08ad7de3e71d5f2
6485,state_region,state,ဝပြည်နယ် မြောက်ပိုင်း,country:11:မြန်မာ > state_region:6485:ဝပြည်နယ် မြောက်ပိုင်း,11,special_reference,mark_reference_only,True,Core-only Wa/de-facto first-level area; retain geom; exclude from official counts,98.7067765910196,22.6239578,49baa1dcfb7c7fdfae9056bd93ca05e6
7279,state_region,region,ဧ​ရာဝတီတိုင်း,country:11:မြန်မာ > state_region:7279:ဧ​ရာဝတီတိုင်း,11,manual_review,manual_review,True,Active CoreMap area not claimed by an official matched source row,95.1446272966956,17.1086159,c0b8865a45ea26d64bc72f48f559a80b
12,district,district,သန်လျင်ခရိုင်,country:11:မြန်မာ > state_region:13:ရန်ကုန်တိုင်းဒေသကြီး > district:12:သန်လျင်ခရိုင်,13,manual_review,manual_review,True,Active CoreMap area not claimed by an official matched source row,96.4832603576102,16.7364033,57455ed3023476f7ff8c52ec0417bd6f
5036,district,district,ဘုတ်ပြင်းခရိုင်,country:11:မြန်မာ > state_region:7449:တနင်္သာရီတိုင်း > district:5036:ဘုတ်ပြင်းခရိုင်,7449,manual_review,manual_review,True,Active CoreMap area not claimed by an official matched source row,98.3118708911108,11.2196825,809201506f6c6d585b56f9356464a0cb
5134,district,district,တွံတေးခရိုင်,country:11:မြန်မာ > state_region:13:ရန်ကုန်တိုင်းဒေသကြီး > district:5134:တွံတေးခရိုင်,13,manual_review,manual_review,True,Active CoreMap area not claimed by an official matched source row,96.030371210609,16.61928365,aa206a6a70b109ffe55d8ebb6a4f98e0
5170,district,district,ဒဂုံမြို့သစ်ခရိုင်,country:11:မြန်မာ > state_region:13:ရန်ကုန်တိုင်းဒေသကြီး > district:5170:ဒဂုံမြို့သစ်ခရိုင်,13,manual_review,manual_review,True,Active CoreMap area not claimed by an official matched source row,96.2596472957992,16.90911035,5d2deaaf8ab691e18cf7bfae977fb99d
5282,district,district,သင်္ဃန်းကျွန်းခရိုင်,country:11:မြန်မာ > state_region:13:ရန်ကုန်တိုင်းဒေသကြီး > district:5282:သင်္ဃန်းကျွန်းခရိုင်,13,manual_review,manual_review,True,Active CoreMap area not claimed by an official matched source row,96.1850248215683,16.82855005,aec179e7f9fc3b4dab676eda78e6e07e
5310,district,district,ကမာရွတ်ခရိုင်,country:11:မြန်မာ > state_region:13:ရန်ကုန်တိုင်းဒေသကြီး > district:5310:ကမာရွတ်ခရိုင်,13,manual_review,manual_review,True,Active CoreMap area not claimed by an official matched source row,96.1469190761736,16.81697645,892d3059731463d6eb6dc59b2cd16480
5510,district,district,ကျောက်တံတားခရိုင်,country:11:မြန်မာ > state_region:13:ရန်ကုန်တိုင်းဒေသကြီး > district:5510:ကျောက်တံတားခရိုင်,13,manual_review,manual_review,True,Active CoreMap area not claimed by an official matched source row,96.1466067847244,16.78452125,1c9824add5c6fa8787982708558f9433
5601,district,district,အလုံခရိုင်,country:11:မြန်မာ > state_region:13:ရန်ကုန်တိုင်းဒေသကြီး > district:5601:အလုံခရိုင်,13,manual_review,manual_review,True,Active CoreMap area not claimed by an official matched source row,96.1210366699507,16.7977361,ef4f938a6fa76d8867570177a3aa98a1
5696,district,district,အင်းစိန်ခရိုင်,country:11:မြန်မာ > state_region:13:ရန်ကုန်တိုင်းဒေသကြီး > district:5696:အင်းစိန်ခရိုင်,13,manual_review,manual_review,True,Active CoreMap area not claimed by an official matched source row,96.065162265939,16.8828206,d08cf97c1e8d95a7e451968bebe01510
5706,district,district,မရမ်းကုန်း မြို့နယ်,country:11:မြန်မာ > state_region:13:ရန်ကုန်တိုင်းဒေသကြီး > district:5706:မရမ်းကုန်း မြို့နယ်,13,manual_review,manual_review,True,Active CoreMap area not claimed by an official matched source row,96.15011853895,16.89397855,227e05538c9046ea1fe502cd3f41d126
5802,district,district,မင်္ဂလာဒုံခရိုင်,country:11:မြန်မာ > state_region:13:ရန်ကုန်တိုင်းဒေသကြီး > district:5802:မင်္ဂလာဒုံခရိုင်,13,manual_review,manual_review,True,Active CoreMap area not claimed by an official matched source row,96.1030400966295,16.99308925,326d3785c13ebe80d3899da7d453f468
5858,district,district,လှည်းကူးခရိုင်,country:11:မြန်မာ > state_region:13:ရန်ကုန်တိုင်းဒေသကြီး > district:5858:လှည်းကူးခရိုင်,13,manual_review,manual_review,True,Active CoreMap area not claimed by an official matched source row,96.202686251361,17.2909161,e7f5d15f5d6a5d0872c723ec8aea577f
5882,district,district,ကျိုက်ထိုခရိုင်,country:11:မြန်မာ > state_region:5089:မွန်ပြည်နယ် > district:5882:ကျိုက်ထိုခရိုင်,5089,manual_review,manual_review,True,Active CoreMap area not claimed by an official matched source row,97.1874373191632,17.3102242,c77f9cc5cb4ce9dacbb4fc00ca2b885b
5960,district,district,မယ်စဲ့ခရိုင်,country:11:မြန်မာ > state_region:6007:ကယားပြည်နယ် > district:5960:မယ်စဲ့ခရိုင်,6007,manual_review,manual_review,True,Active CoreMap area not claimed by an official matched source row,97.5431188409926,18.7451515,9ec2bee39dcccdd6addd8d911483abd6
5974,district,district,ဘော်လခဲခရိုင်,country:11:မြန်မာ > state_region:6007:ကယားပြည်နယ် > district:5974:ဘော်လခဲခရိုင်,6007,manual_review,manual_review,True,Active CoreMap area not claimed by an official matched source row,97.2184929856452,18.9723844,6720143e94ccd3fcaec4049b8186d9fa
5991,district,district,လယ်ဝေးခရိုင်,country:11:မြန်မာ > state_region:6031:နေပြည်တော် ပြည်ထောင်စုနယ်မြေ > district:5991:လယ်ဝေးခရိုင်,6031,manual_review,manual_review,True,Active CoreMap area not claimed by an official matched source row,95.9563056413749,19.67885565,4b55011a556245b3ac1cb45cfb63d5fa
6017,district,district,သံတောင်ကြီးခရိုင်,country:11:မြန်မာ > state_region:5879:ကရင်ပြည်နယ် > district:6017:သံတောင်ကြီးခရိုင်,5879,manual_review,manual_review,True,Active CoreMap area not claimed by an official matched source row,96.7407115403549,19.0545611,fcf475fb34d4b1a73cdba73caa6be580
6037,district,district,ပျဉ်းမနားခရိုင်,country:11:မြန်မာ > state_region:6031:နေပြည်တော် ပြည်ထောင်စုနယ်မြေ > district:6037:ပျဉ်းမနားခရိုင်,6031,manual_review,manual_review,True,Active CoreMap area not claimed by an official matched source row,96.4630959854734,19.6438823,05fd24cfd845da4077e9fdd8ce507ee2
6042,district,district,ဇေယျာသီရိခရိုင်,country:11:မြန်မာ > state_region:6031:နေပြည်တော် ပြည်ထောင်စုနယ်မြေ > district:6042:ဇေယျာသီရိခရိုင်,6031,manual_review,manual_review,True,Active CoreMap area not claimed by an official matched source row,96.2994688500771,19.88430315,eacca2f19efcc992afb7f496cd50fd45
6072,district,district,ကလောခရိုင်,country:11:မြန်မာ > state_region:6329:ရှမ်းပြည်နယ် > district:6072:ကလောခရိုင်,6329,manual_review,manual_review,True,Active CoreMap area not claimed by an official matched source row,97.004743245667,20.1752032,a6617292ab5271ef1cb1445662aa6cf0
6207,district,district,အမရပူရခရိုင်,country:11:မြန်မာ > state_region:6832:မန္တလေးတိုင်း > district:6207:အမရပူရခရိုင်,6832,manual_review,manual_review,True,Active CoreMap area not claimed by an official matched source row,96.0980452577237,21.8577472,eb19f39c93452e4e40fc6703704cbb07
6224,district,district,မဟာအောင်မြေ,country:11:မြန်မာ > state_region:6832:မန္တလေးတိုင်း > district:6224:မဟာအောင်မြေ,6832,manual_review,manual_review,True,Active CoreMap area not claimed by an official matched source row,96.0953289122677,21.92842495,f8bb6af5d03c22a11457fce240dff73a
6293,district,district,ဆီလူးခရိုင်,country:11:မြန်မာ > state_region:6329:ရှမ်းပြည်နယ် > district:6293:ဆီလူးခရိုင်,6329,manual_review,manual_review,True,Active CoreMap area not claimed by an official matched source row,99.8022272274214,21.7945651,5e6ac727cfb5774f579df089c05e1719
6294,district,district,မိုင်းလားအထူးဒေသ,country:11:မြန်မာ > state_region:6329:ရှမ်းပြည်နယ် > district:6294:မိုင်းလားအထူးဒေသ,6329,manual_review,manual_review,True,Active CoreMap area not claimed by an official matched source row,99.9756833511192,21.48861695,39038b6938c6ac49201423677df0c259
6311,district,district,နမ့်စန်ခရိုင်,country:11:မြန်မာ > state_region:6329:ရှမ်းပြည်နယ် > district:6311:နမ့်စန်ခရိုင်,6329,manual_review,manual_review,True,Active CoreMap area not claimed by an official matched source row,98.3598594495825,21.02346375,ed7177613ab1f9e6afd5b87ad6e55efd
6315,district,district,မိုင်းရှူးခရိုင်,country:11:မြန်မာ > state_region:6329:ရှမ်းပြည်နယ် > district:6315:မိုင်းရှူးခရိုင်,6329,manual_review,manual_review,True,Active CoreMap area not claimed by an official matched source row,98.2458158861403,21.676656,4d2667fbbb4cd010daa55c0d3759d409
6325,district,district,မိုင်းယန်းခရိုင် (အမှန်တကယ်),country:11:မြန်မာ > state_region:6329:ရှမ်းပြည်နယ် > district:6325:မိုင်းယန်းခရိုင် (အမှန်တကယ်),6329,manual_review,manual_review,True,Active CoreMap area not claimed by an official matched source row,99.6295705263505,21.8190915,1e7f8cf43391a6177c2eb812939cb4dc
6335,district,district,မိုင်းပေါက်ခရိုင်,country:11:မြန်မာ > state_region:6485:ဝပြည်နယ် မြောက်ပိုင်း > district:6335:မိုင်းပေါက်ခရိုင်,6485,manual_review,manual_review,True,Active CoreMap area not claimed by an official matched source row,99.3639496597559,21.9601915,5e24d6f47fa456226f9399ba11e2ca1c
6384,district,district,မိုင်းတုံခရိုင်,country:11:မြန်မာ > state_region:6378:ဝပြည်နယ် တောင်ပိုင်း > district:6384:မိုင်းတုံခရိုင်,6378,manual_review,manual_review,True,Active CoreMap area not claimed by an official matched source row,98.9358965668511,20.23275115,9b89dccda41e0e090268ab9c683600cc
6392,district,district,နမ့်ပန်းခရိုင်,country:11:မြန်မာ > state_region:6329:ရှမ်းပြည်နယ် > district:6392:နမ့်ပန်းခရိုင်,6329,manual_review,manual_review,True,Active CoreMap area not claimed by an official matched source row,100.620416926303,21.3982732,73ad8e4349d800faea5d231c4ee6c7ac
6409,district,district,မိုင်းယောင်းခရိုင်,country:11:မြန်မာ > state_region:6329:ရှမ်းပြည်နယ် > district:6409:မိုင်းယောင်းခရိုင်,6329,manual_review,manual_review,True,Active CoreMap area not claimed by an official matched source row,100.278760891221,21.1596593,cfd395d8e66957141b660e83fd05f541
6411,district,district,ကိုးကန့်,country:11:မြန်မာ > state_region:6329:ရှမ်းပြည်နယ် > district:6411:ကိုးကန့်,6329,manual_review,manual_review,True,Active CoreMap area not claimed by an official matched source row,98.6223569759095,23.7784159,56236d42ab61fd74eed4f7b49c8f40ba
6413,district,district,မုံးကိုးခရိုင်,country:11:မြန်မာ > state_region:6329:ရှမ်းပြည်နယ် > district:6413:မုံးကိုးခရိုင်,6329,manual_review,manual_review,True,Active CoreMap area not claimed by an official matched source row,98.3976861796308,23.7567776,a216bf75198e1bddb270632fd01058f2
6444,district,district,မူပန်ခရိုင်,country:11:မြန်မာ > state_region:6329:ရှမ်းပြည်နယ် > district:6444:မူပန်ခရိုင်,6329,manual_review,manual_review,True,Active CoreMap area not claimed by an official matched source row,97.9886703699783,23.0500769,b56760b495ed282c8474b3037b4d8767
6447,district,district,ဟိုပန်ခရိုင်,country:11:မြန်မာ > state_region:6485:ဝပြည်နယ် မြောက်ပိုင်း > district:6447:ဟိုပန်ခရိုင်,6485,manual_review,manual_review,True,Active CoreMap area not claimed by an official matched source row,98.7811942135359,23.2207113,fc41dd802edbddd8c527e7b389147e1d
6452,district,district,မိုင်းမော,country:11:မြန်မာ > state_region:6485:ဝပြည်နယ် မြောက်ပိုင်း > district:6452:မိုင်းမော,6485,manual_review,manual_review,True,Active CoreMap area not claimed by an official matched source row,99.0518146976164,22.84806035,4bcefe039c40ee936987328fc0f77682
6463,district,district,တန့်ယန်းခရိုင်,country:11:မြန်မာ > state_region:6329:ရှမ်းပြည်နယ် > district:6463:တန့်ယန်းခရိုင်,6329,manual_review,manual_review,True,Active CoreMap area not claimed by an official matched source row,98.2097819937612,22.41137675,89e1d011b641baad8e6ac57139c473ec
6471,district,district,မိုင်းလင်းခရိုင်,country:11:မြန်မာ > state_region:6485:ဝပြည်နယ် မြောက်ပိုင်း > district:6471:မိုင်းလင်းခရိုင်,6485,manual_review,manual_review,True,Active CoreMap area not claimed by an official matched source row,98.9368691491202,22.3991299,b5484f680a979778f5a44dbf9dce6a15
6474,district,district,မက်မန်းခရိုင်,country:11:မြန်မာ > state_region:6485:ဝပြည်နယ် မြောက်ပိုင်း > district:6474:မက်မန်းခရိုင်,6485,manual_review,manual_review,True,Active CoreMap area not claimed by an official matched source row,98.8931512367857,22.1868086,5fef99dbb75017554c2b53e3c3570d42
6538,district,district,အောင်မြေသာစံ,country:11:မြန်မာ > state_region:6832:မန္တလေးတိုင်း > district:6538:အောင်မြေသာစံ,6832,manual_review,manual_review,True,Active CoreMap area not claimed by an official matched source row,96.182413638747,22.1067195,1915051747581af450de671ea2299e04
6552,district,district,သပိတ်ကျင်းခရိုင်,country:11:မြန်မာ > state_region:6832:မန္တလေးတိုင်း > district:6552:သပိတ်ကျင်းခရိုင်,6832,manual_review,manual_review,True,Active CoreMap area not claimed by an official matched source row,96.296628570868,22.9897841,da386eee21c9f250fac7bd89ced3cf2c
6598,district,district,ကွတ်ခိုင်ခရိုင်,country:11:မြန်မာ > state_region:6329:ရှမ်းပြည်နယ် > district:6598:ကွတ်ခိုင်ခရိုင်,6329,manual_review,manual_review,True,Active CoreMap area not claimed by an official matched source row,97.9496548693945,23.64664825,22c69e62eddd231fecda8b989f102c20
6665,district,district,တနိုင်းခရိုင်,country:11:မြန်မာ > state_region:6667:ကချင်ပြည်နယ် > district:6665:တနိုင်းခရိုင်,6667,manual_review,manual_review,True,Active CoreMap area not claimed by an official matched source row,96.6027948599737,26.4038138,6d615b5194295051519da88ef10eb4ef
6689,district,district,ချီဖွေခရိုင်,country:11:မြန်မာ > state_region:6667:ကချင်ပြည်နယ် > district:6689:ချီဖွေခရိုင်,6667,manual_review,manual_review,True,Active CoreMap area not claimed by an official matched source row,98.4374968675866,26.1992215,23ab4f8fd1f17171c3a6f72f73533fdc
6717,district,district,တီးတိန်ခရိုင်,country:11:မြန်မာ > state_region:6744:ချင်းပြည်နယ် > district:6717:တီးတိန်ခရိုင်,6744,manual_review,manual_review,True,Active CoreMap area not claimed by an official matched source row,93.7708078036937,23.6142651,722c40581f8a1d249869f239b221518e
6889,district,district,တံတားဦးခရိုင်,country:11:မြန်မာ > state_region:6832:မန္တလေးတိုင်း > district:6889:တံတားဦးခရိုင်,6832,manual_review,manual_review,True,Active CoreMap area not claimed by an official matched source row,95.77586995,21.7029491,1c0c452536b5e7b7601133e7fa78f942
6942,district,district,ပလက်ဝခရိုင်,country:11:မြန်မာ > state_region:6744:ချင်းပြည်နယ် > district:6942:ပလက်ဝခရိုင်,6744,manual_review,manual_review,True,Active CoreMap area not claimed by an official matched source row,92.9589822269102,21.43145105,1f6a3f7d9bc37a23f0d797c07019a6da
7097,district,district,အမ်းခရိုင်,country:11:မြန်မာ > state_region:6722:ရခိုင်ပြည်နယ် > district:7097:အမ်းခရိုင်,6722,manual_review,manual_review,True,Active CoreMap area not claimed by an official matched source row,94.0341348056656,19.9236582,c3a99f3879b6e3aa523f34e2ae089517
7108,district,district,တောင်ကုတ်ခရိုင်,country:11:မြန်မာ > state_region:6722:ရခိုင်ပြည်နယ် > district:7108:တောင်ကုတ်ခရိုင်,6722,manual_review,manual_review,True,Active CoreMap area not claimed by an official matched source row,94.3788930648353,19.0801413,43c9e07cbc27dd746280979c7d591aa0
7155,district,district,မြန်အောင်ခရိုင်,country:11:မြန်မာ > state_region:7279:ဧ​ရာဝတီတိုင်း > district:7155:မြန်အောင်ခရိုင်,7279,manual_review,manual_review,True,Active CoreMap area not claimed by an official matched source row,95.1565488589636,18.0733374,0d691705c7e3c6d6bdd559527773d0fa
7209,district,district,ဟင်္သာတခရိုင်,country:11:မြန်မာ > state_region:7279:ဧ​ရာဝတီတိုင်း > district:7209:ဟင်္သာတခရိုင်,7279,manual_review,manual_review,True,Active CoreMap area not claimed by an official matched source row,95.2332719944551,17.586973,0a6f99be085ea2a3d6d72a2c4c1ac96d
7234,district,district,တိုက်ကြီးခရိုင်,country:11:မြန်မာ > state_region:13:ရန်ကုန်တိုင်းဒေသကြီး > district:7234:တိုက်ကြီးခရိုင်,13,manual_review,manual_review,True,Active CoreMap area not claimed by an official matched source row,95.9088424738698,17.48331815,3a8e13ed5a61bc6f937a395a6f47fef2
7283,district,district,ကျုံပျော်ခရိုင်,country:11:မြန်မာ > state_region:7279:ဧ​ရာဝတီတိုင်း > district:7283:ကျုံပျော်ခရိုင်,7279,manual_review,manual_review,True,Active CoreMap area not claimed by an official matched source row,95.2062287528018,17.2322771,d8248f6fadcef3345f6902b11dc89158
7296,district,district,မှော်ဘီခရိုင်,country:11:မြန်မာ > state_region:13:ရန်ကုန်တိုင်းဒေသကြီး > district:7296:မှော်ဘီခရိုင်,13,manual_review,manual_review,True,Active CoreMap area not claimed by an official matched source row,95.9648724155888,17.07360775,5d9662b4a3cae66942f16602f90b42cb
7299,district,district,မအူပင်ခရိုင်,country:11:မြန်မာ > state_region:7279:ဧ​ရာဝတီတိုင်း > district:7299:မအူပင်ခရိုင်,7279,manual_review,manual_review,True,Active CoreMap area not claimed by an official matched source row,95.5357383855371,16.95681085,634c76139443e4a678767fbe24ef4e7f
7324,district,district,မြောင်းမြခရိုင်,country:11:မြန်မာ > state_region:7279:ဧ​ရာဝတီတိုင်း > district:7324:မြောင်းမြခရိုင်,7279,manual_review,manual_review,True,Active CoreMap area not claimed by an official matched source row,95.1197879709579,16.6202077,726284b21765079c19a0be628067b98c
7363,district,district,ပုသိမ်ခရိုင်,country:11:မြန်မာ > state_region:7279:ဧ​ရာဝတီတိုင်း > district:7363:ပုသိမ်ခရိုင်,7279,manual_review,manual_review,True,Active CoreMap area not claimed by an official matched source row,94.5211290371288,16.7137102,a95dbaa5222e2c05d20e410dc60dcf5a
7377,district,district,လပွတ္တာခရိုင်,country:11:မြန်မာ > state_region:7279:ဧ​ရာဝတီတိုင်း > district:7377:လပွတ္တာခရိုင်,7279,manual_review,manual_review,True,Active CoreMap area not claimed by an official matched source row,95.2528990740399,16.3527339,ec690259f6338da0b1f87a696f6f3cd9
7428,district,district,ဖျာပုံခရိုင်,country:11:မြန်မာ > state_region:7279:ဧ​ရာဝတီတိုင်း > district:7428:ဖျာပုံခရိုင်,7279,manual_review,manual_review,True,Active CoreMap area not claimed by an official matched source row,95.5452034175258,16.1701061,c0a6a19de37a2966c0531a0abc280626
7490,district,district,ရေးခရိုင်,country:11:မြန်မာ > state_region:5089:မွန်ပြည်နယ် > district:7490:ရေးခရိုင်,5089,manual_review,manual_review,True,Active CoreMap area not claimed by an official matched source row,97.890443525336,15.2775064,bf74019dd39cf901da80be7004dbb30a
7501,district,district,ကြာအင်းဆိပ်ကြီးခရိုင်,country:11:မြန်မာ > state_region:5879:ကရင်ပြည်နယ် > district:7501:ကြာအင်းဆိပ်ကြီးခရိုင်,5879,manual_review,manual_review,True,Active CoreMap area not claimed by an official matched source row,98.2222984547169,15.83939235,e96a508054f1b8d8d9be36532c4e1e4d
6115,self_administered_zone,self_administered_zone,ပအိုဝ်းကိုယ်ပိုင်အုပ်ချုပ်ခွင့်ရဒေသ,country:11:မြန်မာ > state_region:6031:နေပြည်တော် ပြည်ထောင်စုနယ်မြေ > district:6042:ဇေယျာသီရိခရိုင် > self_administered_zone:6115:ပအိုဝ်းကိုယ်ပိုင်အုပ်ချုပ်ခွင့်ရဒေသ,6042,manual_review,manual_review,True,Active CoreMap area not claimed by an official matched source row,96.6736600265614,20.137476,04c5c25db33704e1984f7c96557eba1c
6192,self_administered_zone,self_administered_zone,ဓနုကိုယ်ပိုင်အုပ်ချုပ်ခွင့်ရဒေသ,country:11:မြန်မာ > state_region:6832:မန္တလေးတိုင်း > district:6197:ကျောက်ဆည်ခရိုင် > self_administered_zone:6192:ဓနုကိုယ်ပိုင်အုပ်ချုပ်ခွင့်ရဒေသ,6197,manual_review,manual_review,True,Active CoreMap area not claimed by an official matched source row,96.5084304728615,21.2212715,41530091f7b4f58b7b7cf0f23afe1f95
6693,self_administered_zone,self_administered_zone,နာဂ ကိုယ်ပိုင်အုပ်ချုပ်ခွင့်ရဒေသ,country:11:မြန်မာ > state_region:6667:ကချင်ပြည်နယ် > district:6665:တနိုင်းခရိုင် > self_administered_zone:6693:နာဂ ကိုယ်ပိုင်အုပ်ချုပ်ခွင့်ရဒေသ,6665,manual_review,manual_review,True,Active CoreMap area not claimed by an official matched source row,95.6517840262124,26.56562355,6435eee84395c2d4160f2256399bb18c
5213,township,township,ဒဂုံဆိပ်ကမ်း,country:11:မြန်မာ > state_region:13:ရန်ကုန်တိုင်းဒေသကြီး > district:5170:ဒဂုံမြို့သစ်ခရိုင် > township:5213:ဒဂုံဆိပ်ကမ်း,5170,manual_review,manual_review,True,Active CoreMap area not claimed by an official matched source row,96.2921740427255,16.87483215,ec80399279d0d2f643f45d718ed83d13
5985,township,township,อำเภอเวียงแหง,country:11:မြန်မာ > state_region:6378:ဝပြည်နယ် တောင်ပိုင်း > district:6384:မိုင်းတုံခရိုင် > township:5985:อำเภอเวียงแหง,6384,foreign,disable_foreign,True,Confirmed foreign polygon outside Myanmar country geometry,98.6389739981198,19.59057745,abed0304c579f67256e97a5672da965b
5986,township,township,อำเภอปางมะผ้า,country:11:မြန်မာ > state_region:6378:ဝပြည်နယ် တောင်ပိုင်း > district:6384:မိုင်းတုံခရိုင် > township:5986:อำเภอปางมะผ้า,6384,foreign,disable_foreign,True,Confirmed foreign polygon outside Myanmar country geometry,98.2240780054758,19.591551,c2c293038da26e95d4a0d74310f9b5f2
6006,township,township,ဘော်လခဲမြို့နယ်,country:11:မြန်မာ > state_region:6007:ကယားပြည်နယ် > district:5974:ဘော်လခဲခရိုင် > township:6006:ဘော်လခဲမြို့နယ်,5974,manual_review,manual_review,True,Active CoreMap area not claimed by an official matched source row,97.5215965602392,19.0901063649668,5d42f4274785e05fe5fa2a31f4715bdb
6073,township,township,ပင်လောင်းမြို့နယ်,country:11:မြန်မာ > state_region:6031:နေပြည်တော် ပြည်ထောင်စုနယ်မြေ > district:6042:ဇေယျာသီရိခရိုင် > township:6073:ပင်လောင်းမြို့နယ်,6042,manual_review,manual_review,True,Active CoreMap area not claimed by an official matched source row,96.6736600265614,20.137476,8316f78e018eb199d946d61a5e78e7b5
6091,township,township,ဆီဆိုင်မြို့နယ်,country:11:မြန်မာ > state_region:6007:ကယားပြည်နယ် > district:5999:လွိုင်ကော်‌ခရိုင် > township:6091:ဆီဆိုင်မြို့နယ်,5999,manual_review,manual_review,True,Active CoreMap area not claimed by an official matched source row,97.3063255218525,20.24277865,72639e6e337c19bdb729124ee776e4c0
6187,township,township,ရွာငံမြို့နယ်,country:11:မြန်မာ > state_region:6832:မန္တလေးတိုင်း > district:6197:ကျောက်ဆည်ခရိုင် > township:6187:ရွာငံမြို့နယ်,6197,manual_review,manual_review,True,Active CoreMap area not claimed by an official matched source row,96.5009363659952,21.2837617,055828a1385e306c574f67fc5d103320
6288,township,township,မိုင်းဖျန်မြို့နယ်,country:11:မြန်မာ > state_region:6485:ဝပြည်နယ် မြောက်ပိုင်း > district:6335:မိုင်းပေါက်ခရိုင် > township:6288:မိုင်းဖျန်မြို့နယ်,6335,manual_review,manual_review,True,Active CoreMap area not claimed by an official matched source row,99.6458547257921,21.9656796,e2cc0e101548d3d53c71366b5a862ca8
6328,township,township,မက်မန်းမြို့နယ်,country:11:မြန်မာ > state_region:6485:ဝပြည်နယ် မြောက်ပိုင်း > district:6474:မက်မန်းခရိုင် > township:6328:မက်မန်းမြို့နယ်,6474,manual_review,manual_review,True,Active CoreMap area not claimed by an official matched source row,98.7942998392497,21.870731,e4e90c3edd2bf77ddbdb9f1ae5855d9e
6334,township,township,နမ့်ဖိုင်မြို့နယ်,country:11:မြန်မာ > state_region:6485:ဝပြည်နယ် မြောက်ပိုင်း > district:6335:မိုင်းပေါက်ခရိုင် > township:6334:နမ့်ဖိုင်မြို့နယ်,6335,manual_review,manual_review,True,Active CoreMap area not claimed by an official matched source row,99.1136222394679,21.99252585,838ce796c4eb94f62d853f8e89e89a27
6336,township,township,မိုင်းကာမြို့နယ်,country:11:မြန်မာ > state_region:6485:ဝပြည်နယ် မြောက်ပိုင်း > district:6335:မိုင်းပေါက်ခရိုင် > township:6336:မိုင်းကာမြို့နယ်,6335,manual_review,manual_review,True,Active CoreMap area not claimed by an official matched source row,99.4700553953228,21.87843675,805671e1c7aa73ebb3c45fbde049768c
6385,township,township,မိုင်းတုံမြို့နယ်,country:11:မြန်မာ > state_region:6378:ဝပြည်နယ် တောင်ပိုင်း > district:6384:မိုင်းတုံခရိုင် > township:6385:မိုင်းတုံမြို့နယ်,6384,manual_review,manual_review,True,Active CoreMap area not claimed by an official matched source row,98.9358965668511,20.23275115,3b2e97f7b6dea1b0e2e060646f5bf89c
6399,township,township,တုံချိန်မြို့နယ်,country:11:မြန်မာ > state_region:6329:ရှမ်းပြည်နယ် > district:6411:ကိုးကန့် > township:6399:တုံချိန်မြို့နယ်,6411,manual_review,manual_review,True,Active CoreMap area not claimed by an official matched source row,98.8061436183123,23.6864487,972bf124e93b307f63f5a9facca22020
6408,township,township,မိုင်းယောင်းမြို့နယ် (အမှန်တကယ်),country:11:မြန်မာ > state_region:6329:ရှမ်းပြည်နယ် > district:6409:မိုင်းယောင်းခရိုင် > township:6408:မိုင်းယောင်းမြို့နယ် (အမှန်တကယ်),6409,manual_review,manual_review,True,Active CoreMap area not claimed by an official matched source row,100.562328133327,21.3701558474087,e36966956b54e10f9529fd1291651e17
6412,township,township,ရှင်းဝမ်မြို့နယ်,country:11:မြန်မာ > state_region:6329:ရှမ်းပြည်နယ် > district:6411:ကိုးကန့် > township:6412:ရှင်းဝမ်မြို့နယ်,6411,manual_review,manual_review,True,Active CoreMap area not claimed by an official matched source row,98.5078120353828,23.9043668325812,5e5695728a6566b24e226077fae7c083
6414,township,township,တာမိုးညဲမြို့နယ်,country:11:မြန်မာ > state_region:6329:ရှမ်းပြည်နယ် > district:6598:ကွတ်ခိုင်ခရိုင် > township:6414:တာမိုးညဲမြို့နယ်,6598,manual_review,manual_review,True,Active CoreMap area not claimed by an official matched source row,98.2733581558239,23.7313910079581,0f6dd369a7cecf7fcadf39475815dc25
6416,township,township,တုန်းရှမ်းမြို့နယ်,country:11:မြန်မာ > state_region:6329:ရှမ်းပြည်နယ် > district:6411:ကိုးကန့် > township:6416:တုန်းရှမ်းမြို့နယ်,6411,manual_review,manual_review,True,Active CoreMap area not claimed by an official matched source row,98.7286807333186,23.5610159839368,56fffc068d176800db02c3546850c7fb
6419,township,township,ကျင့်ရှမ်းချိန်မြို့နယ်,country:11:မြန်မာ > state_region:6329:ရှမ်းပြည်နယ် > district:6411:ကိုးကန့် > township:6419:ကျင့်ရှမ်းချိန်မြို့နယ်,6411,manual_review,manual_review,True,Active CoreMap area not claimed by an official matched source row,98.7916620229958,23.7336346,98c2dae89f1aaf92774e766814d1c4ba
6429,township,township,ဟိုပန်မြို့နယ်,country:11:မြန်မာ > state_region:6485:ဝပြည်နယ် မြောက်ပိုင်း > district:6447:ဟိုပန်ခရိုင် > township:6429:ဟိုပန်မြို့နယ်,6447,manual_review,manual_review,True,Active CoreMap area not claimed by an official matched source row,98.7520019997413,23.39219915,34aecc17a083bb4f8be11821e7d798d9
6430,township,township,နမ့်တစ်မြို့နယ်,country:11:မြန်မာ > state_region:6485:ဝပြည်နယ် မြောက်ပိုင်း > district:6447:ဟိုပန်ခရိုင် > township:6430:နမ့်တစ်မြို့နယ်,6447,manual_review,manual_review,True,Active CoreMap area not claimed by an official matched source row,98.8759726982264,23.3065918,bca6ddd7bf76ff7ce7dd6fbb7d7a9fc4
6432,township,township,ပန်လုံမြို့နယ်,country:11:မြန်မာ > state_region:6485:ဝပြည်နယ် မြောက်ပိုင်း > district:6447:ဟိုပန်ခရိုင် > township:6432:ပန်လုံမြို့နယ်,6447,manual_review,manual_review,True,Active CoreMap area not claimed by an official matched source row,98.7716811309624,23.2596614,7fdcd9d570634dec3da15c79792b0adf
6434,township,township,ကန်မိန်းမြို့နယ်,country:11:မြန်မာ > state_region:6329:ရှမ်းပြည်နယ် > district:6444:မူပန်ခရိုင် > township:6434:ကန်မိန်းမြို့နယ်,6444,manual_review,manual_review,True,Active CoreMap area not claimed by an official matched source row,98.514334593968,23.33440285,dc1655ee872513f8f264717b206e0807
6443,township,township,မိုင်ယော်မြို့နယ်,country:11:မြန်မာ > state_region:6329:ရှမ်းပြည်နယ် > district:6444:မူပန်ခရိုင် > township:6443:မိုင်ယော်မြို့နယ်,6444,manual_review,manual_review,True,Active CoreMap area not claimed by an official matched source row,98.2186297376373,23.09066745,7e12e84ffe70df2f09797abcbdc2db15
6445,township,township,မန်မတ်မြို့နယ်,country:11:မြန်မာ > state_region:6329:ရှမ်းပြည်နယ် > district:6444:မူပန်ခရိုင် > township:6445:မန်မတ်မြို့နယ်,6444,manual_review,manual_review,True,Active CoreMap area not claimed by an official matched source row,98.3751803809539,23.04628775,42ddee60c2cc6f1bfea7081309e9fad8
6446,township,township,နာဝီးမြို့နယ်,country:11:မြန်မာ > state_region:6485:ဝပြည်နယ် မြောက်ပိုင်း > district:6447:ဟိုပန်ခရိုင် > township:6446:နာဝီးမြို့နယ်,6447,manual_review,manual_review,True,Active CoreMap area not claimed by an official matched source row,98.679829570656,23.09238535,22f78b02801b696c5401205de7405d8e
6448,township,township,ပန်ဝိုင်မြို့နယ်,country:11:မြန်မာ > state_region:6485:ဝပြည်နယ် မြောက်ပိုင်း > district:6447:ဟိုပန်ခရိုင် > township:6448:ပန်ဝိုင်မြို့နယ်,6447,manual_review,manual_review,True,Active CoreMap area not claimed by an official matched source row,99.0947029099172,23.0863955,815fa80ebccc228375bcc0cf19af5972
6450,township,township,ခွန်းမားမြို့နယ်,country:11:မြန်မာ > state_region:6485:ဝပြည်နယ် မြောက်ပိုင်း > district:6452:မိုင်းမော > township:6450:ခွန်းမားမြို့နယ်,6452,manual_review,manual_review,True,Active CoreMap area not claimed by an official matched source row,99.4591540174852,22.994535,1fe127a784aff9e5210c41792f7e32e3
6451,township,township,ယောင်လင်းမြို့နယ်,country:11:မြန်မာ > state_region:6485:ဝပြည်နယ် မြောက်ပိုင်း > district:6452:မိုင်းမော > township:6451:ယောင်လင်းမြို့နယ်,6452,manual_review,manual_review,True,Active CoreMap area not claimed by an official matched source row,99.2487584071446,22.9324504,2d1b4e2e1e9ba36d5fe3ff87dddb4e68
6453,township,township,အိုက်ချိန်မြို့နယ်,country:11:မြန်မာ > state_region:6485:ဝပြည်နယ် မြောက်ပိုင်း > district:6474:မက်မန်းခရိုင် > township:6453:အိုက်ချိန်မြို့နယ်,6474,manual_review,manual_review,True,Active CoreMap area not claimed by an official matched source row,99.1663578569795,22.79898505,2d1b311b2b6b2f28b343fa5ac2b4e94f
6454,township,township,လုံထန်မြို့နယ်,country:11:မြန်မာ > state_region:6485:ဝပြည်နယ် မြောက်ပိုင်း > district:6474:မက်မန်းခရိုင် > township:6454:လုံထန်မြို့နယ်,6474,manual_review,manual_review,True,Active CoreMap area not claimed by an official matched source row,99.3547657250934,22.84040365,be28d2af0bd5f72be2a1326501f00f05
6456,township,township,ရင်ဖန့်မြို့နယ်,country:11:မြန်မာ > state_region:6485:ဝပြည်နယ် မြောက်ပိုင်း > district:6474:မက်မန်းခရိုင် > township:6456:ရင်ဖန့်မြို့နယ်,6474,manual_review,manual_review,True,Active CoreMap area not claimed by an official matched source row,99.1856716179591,22.6196687680154,7b6351ba1ad46b642fe10926ed459beb
6460,township,township,ဟိုတောင်းမြို့နယ်,country:11:မြန်မာ > state_region:6485:ဝပြည်နယ် မြောက်ပိုင်း > district:6335:မိုင်းပေါက်ခရိုင် > township:6460:ဟိုတောင်းမြို့နယ်,6335,manual_review,manual_review,True,Active CoreMap area not claimed by an official matched source row,99.5322531445857,22.0025765,c05a596c1d0ca1bb6fe26f4dd0491c5f
6466,township,township,မိုင်းပေါက်မြို့နယ်,country:11:မြန်မာ > state_region:6485:ဝပြည်နယ် မြောက်ပိုင်း > district:6335:မိုင်းပေါက်ခရိုင် > township:6466:မိုင်းပေါက်မြို့နယ်,6335,manual_review,manual_review,True,Active CoreMap area not claimed by an official matched source row,99.3609879048822,22.016889,732ad356456408fb29ac958cf5dc7a7c
6468,township,township,လျင်ဟိုမြို့နယ်,country:11:မြန်မာ > state_region:6329:ရှမ်းပြည်နယ် > district:6444:မူပန်ခရိုင် > township:6468:လျင်ဟိုမြို့နယ်,6444,manual_review,manual_review,True,Active CoreMap area not claimed by an official matched source row,97.8868579698707,22.9104796,188c603c5a1d857e512faded4b29b86a
6469,township,township,ပန်ခမ်းအထူးမြို့နယ်,country:11:မြန်မာ > state_region:6485:ဝပြည်နယ် မြောက်ပိုင်း > district:6474:မက်မန်းခရိုင် > township:6469:ပန်ခမ်းအထူးမြို့နယ်,6474,manual_review,manual_review,True,Active CoreMap area not claimed by an official matched source row,99.1313844261781,22.2593333,601526c316557d1ddcedb7ed680b70fb
6470,township,township,နော်ခမ်းဦးမြို့နယ်,country:11:မြန်မာ > state_region:6485:ဝပြည်နယ် မြောက်ပိုင်း > district:6471:မိုင်းလင်းခရိုင် > township:6470:နော်ခမ်းဦးမြို့နယ်,6471,manual_review,manual_review,True,Active CoreMap area not claimed by an official matched source row,99.1782663442935,22.4490604,77a40d0a81bcd765e0e8393631802d80
6472,township,township,နောင်ခစ်မြို့နယ်,country:11:မြန်မာ > state_region:6485:ဝပြည်နယ် မြောက်ပိုင်း > district:6471:မိုင်းလင်းခရိုင် > township:6472:နောင်ခစ်မြို့နယ်,6471,manual_review,manual_review,True,Active CoreMap area not claimed by an official matched source row,98.967382885709,22.39808745,412cdf9f430431b97fbbc2aa149cade8
6473,township,township,နားကောင်းမြို့နယ်,country:11:မြန်မာ > state_region:6485:ဝပြည်နယ် မြောက်ပိုင်း > district:6471:မိုင်းလင်းခရိုင် > township:6473:နားကောင်းမြို့နယ်,6471,manual_review,manual_review,True,Active CoreMap area not claimed by an official matched source row,98.7247048031146,22.33448205,9344e32fe7f5e9806d72a5e1adc53db7
6484,township,township,မန်မန်ဆိုင်မြို့နယ်,country:11:မြန်မာ > state_region:6485:ဝပြည်နယ် မြောက်ပိုင်း > district:6471:မိုင်းလင်းခရိုင် > township:6484:မန်မန်ဆိုင်မြို့နယ်,6471,manual_review,manual_review,True,Active CoreMap area not claimed by an official matched source row,98.63778988735,22.60257435,3d0ef29020ae1e0e7991738c3e191efa
6486,township,township,လင်ဟော်မြို့နယ်,country:11:မြန်မာ > state_region:6485:ဝပြည်နယ် မြောက်ပိုင်း > district:6474:မက်မန်းခရိုင် > township:6486:လင်ဟော်မြို့နယ်,6474,manual_review,manual_review,True,Active CoreMap area not claimed by an official matched source row,98.8749318274822,22.74354355,e8e47250ef36e5b7ca6d200b607e8dfc
6487,township,township,ကလောင်ဖာမြို့နယ်,country:11:မြန်မာ > state_region:6485:ဝပြည်နယ် မြောက်ပိုင်း > district:6474:မက်မန်းခရိုင် > township:6487:ကလောင်ဖာမြို့နယ်,6474,manual_review,manual_review,True,Active CoreMap area not claimed by an official matched source row,98.7030838716907,22.70632075,19d0f8f4c905ccd2024b26ee7f5bbf84
6488,township,township,ကောင်မင်ဆန်းမြို့နယ်,country:11:မြန်မာ > state_region:6485:ဝပြည်နယ် မြောက်ပိုင်း > district:6447:ဟိုပန်ခရိုင် > township:6488:ကောင်မင်ဆန်းမြို့နယ်,6447,manual_review,manual_review,True,Active CoreMap area not claimed by an official matched source row,98.9346953615928,22.95422545,428c2981710dd34b516274c885fd47c7
6491,township,township,မန်တွန်းမြို့နယ်,country:11:မြန်မာ > state_region:6485:ဝပြည်နယ် မြောက်ပိုင်း > district:6447:ဟိုပန်ခရိုင် > township:6491:မန်တွန်းမြို့နယ်,6447,manual_review,manual_review,True,Active CoreMap area not claimed by an official matched source row,98.7139399766744,22.92624055,9f034068d8db4104c9ba152737947f2d
6562,township,township,မိုင်းပါးမြို့နယ်,country:11:မြန်မာ > state_region:6329:ရှမ်းပြည်နယ် > district:6444:မူပန်ခရိုင် > township:6562:မိုင်းပါးမြို့နယ်,6444,manual_review,manual_review,True,Active CoreMap area not claimed by an official matched source row,97.9764185308651,23.2000931,3114dec534d859d5dc57da0bd179a56b
6597,township,township,နမ့်ဖက်ကာမြို့နယ်,country:11:မြန်မာ > state_region:6329:ရှမ်းပြည်နယ် > district:6598:ကွတ်ခိုင်ခရိုင် > township:6597:နမ့်ဖက်ကာမြို့နယ်,6598,manual_review,manual_review,True,Active CoreMap area not claimed by an official matched source row,97.8640546242107,23.65716385,0e1360c535d66e11d89ac0114a5b2e6f
6620,township,township,ဟုန်ရှင်းမြို့နယ်,country:11:မြန်မာ > state_region:6329:ရှမ်းပြည်နယ် > district:6411:ကိုးကန့် > township:6620:ဟုန်ရှင်းမြို့နယ်,6411,manual_review,manual_review,True,Active CoreMap area not claimed by an official matched source row,98.6685978632398,24.030344,2b8ed9a4943f4423071ff33152a5c1b2
6674,township,township,နန်းယွန်းမြို့နယ်,country:11:မြန်မာ > state_region:6667:ကချင်ပြည်နယ် > district:6665:တနိုင်းခရိုင် > township:6674:နန်းယွန်းမြို့နယ်,6665,manual_review,manual_review,True,Active CoreMap area not claimed by an official matched source row,96.0152141506724,26.91620955,5c112131042de36049ec91c8eab932e7
6675,township,township,Vijoynagar EAC,country:11:မြန်မာ > state_region:6667:ကချင်ပြည်နယ် > district:6665:တနိုင်းခရိုင် > township:6675:Vijoynagar EAC,6665,foreign,disable_foreign,True,Confirmed foreign polygon outside Myanmar country geometry,96.9533856405611,27.2693978,05a8d5ef4a000bc322e4e98324b4faef
6734,township,township,S' Bungtlang,country:11:မြန်မာ > state_region:6744:ချင်းပြည်နယ် > district:6942:ပလက်ဝခရိုင် > township:6734:S' Bungtlang,6942,foreign,disable_foreign,True,Confirmed foreign polygon outside Myanmar country geometry,92.6855943376827,22.2889376,b08cae67b9679f690868065a2351a1ed
6735,township,township,Tipa,country:11:မြန်မာ > state_region:6744:ချင်းပြည်နယ် > district:6921:မတူပီခရိုင် > township:6735:Tipa,6921,foreign,disable_foreign,True,Confirmed foreign polygon outside Myanmar country geometry,92.9441945166032,22.1698234,a19779383fec53797b1b0a8e2909717a
6767,township,township,မြန်အောင်မြို့နယ်,country:11:မြန်မာ > state_region:7279:ဧ​ရာဝတီတိုင်း > district:7155:မြန်အောင်ခရိုင် > township:6767:မြန်အောင်မြို့နယ်,7155,manual_review,manual_review,True,Active CoreMap area not claimed by an official matched source row,95.1432180992729,18.1085255,62b07048e40136d0261beaae993c7cc8
6778,township,township,ပန်းတောင်းမြို့နယ်,country:11:မြန်မာ > state_region:7279:ဧ​ရာဝတီတိုင်း > district:7155:မြန်အောင်ခရိုင် > township:6778:ပန်းတောင်းမြို့နယ်,7155,manual_review,manual_review,True,Active CoreMap area not claimed by an official matched source row,94.9270938586962,18.67043455,1d23a9cb6f03443dfa12439297004eae
7018,township,township,မင်းဘူး(စကု)မြို့နယ်,country:11:မြန်မာ > state_region:7027:မကွေးတိုင်းဒေသကြီး > district:7029:မင်းဘူးခရိုင် > township:7018:မင်းဘူး(စကု)မြို့နယ်,7029,manual_review,manual_review,True,Active CoreMap area not claimed by an official matched source row,94.7334077203955,20.09605435,7b09049cdf3cb562f9f1c6a04979c7a7
7026,township,township,စေတုတ္တရာမြို့နယ်,country:11:မြန်မာ > state_region:7027:မကွေးတိုင်းဒေသကြီး > district:7029:မင်းဘူးခရိုင် > township:7026:စေတုတ္တရာမြို့နယ်,7029,manual_review,manual_review,True,Active CoreMap area not claimed by an official matched source row,94.1640474198576,20.53296285,070857cad9d6ac87515c07f47a5398d2
7090,township,township,အထက်မင်းလှမြို့နယ်,country:11:မြန်မာ > state_region:7027:မကွေးတိုင်းဒေသကြီး > district:7128:သရက်ခရိုင် > township:7090:အထက်မင်းလှမြို့နယ်,7128,manual_review,manual_review,True,Active CoreMap area not claimed by an official matched source row,94.7260456650606,19.76628245,9dde2a382340e19ce79a52a039c2f26c
7139,township,township,ပြည်မြို့နယ်,country:11:မြန်မာ > state_region:7027:မကွေးတိုင်းဒေသကြီး > district:7128:သရက်ခရိုင် > township:7139:ပြည်မြို့နယ်,7128,manual_review,manual_review,True,Active CoreMap area not claimed by an official matched source row,95.2746607315258,18.91393295,957c30c7d8d496320d811066b99edf35
7151,township,township,ရွှေတောင်မြို့နယ်,country:11:မြန်မာ > state_region:7279:ဧ​ရာဝတီတိုင်း > district:7155:မြန်အောင်ခရိုင် > township:7151:ရွှေတောင်မြို့နယ်,7155,manual_review,manual_review,True,Active CoreMap area not claimed by an official matched source row,95.171741800965,18.5613267,3876b101662a66dbfeaff930d1a29118
7172,township,township,ကြံခင်းမြို့နယ်,country:11:မြန်မာ > state_region:7279:ဧ​ရာဝတီတိုင်း > district:7155:မြန်အောင်ခရိုင် > township:7172:ကြံခင်းမြို့နယ်,7155,manual_review,manual_review,True,Active CoreMap area not claimed by an official matched source row,95.0577917325826,18.31680815,1521b63ec1480b5d50aa27ce92ff54b3
7186,township,township,သာပေါင်းမြို့နယ်,country:11:မြန်မာ > state_region:7279:ဧ​ရာဝတီတိုင်း > district:7363:ပုသိမ်ခရိုင် > township:7186:သာပေါင်းမြို့နယ်,7363,manual_review,manual_review,True,Active CoreMap area not claimed by an official matched source row,94.7555370444819,17.1807133,d592d60854964333ea29460d043bf6de
7187,township,township,ရေကြည်မြို့နယ်,country:11:မြန်မာ > state_region:7279:ဧ​ရာဝတီတိုင်း > district:7283:ကျုံပျော်ခရိုင် > township:7187:ရေကြည်မြို့နယ်,7283,manual_review,manual_review,True,Active CoreMap area not claimed by an official matched source row,94.9563195942686,17.3501109,4a0c9b94f6259efb01f3758a4eaa574b
7194,township,township,လေးမျက်နှာမြို့နယ်,country:11:မြန်မာ > state_region:7279:ဧ​ရာဝတီတိုင်း > district:7209:ဟင်္သာတခရိုင် > township:7194:လေးမျက်နှာမြို့နယ်,7209,manual_review,manual_review,True,Active CoreMap area not claimed by an official matched source row,95.0002042437998,17.60274745,4e52690f36b16320dd415c7044d60651
7208,township,township,ဟင်္သာတမြို့နယ်,country:11:မြန်မာ > state_region:7279:ဧ​ရာဝတီတိုင်း > district:7209:ဟင်္သာတခရိုင် > township:7208:ဟင်္သာတမြို့နယ်,7209,manual_review,manual_review,True,Active CoreMap area not claimed by an official matched source row,95.391174943473,17.62063325,c91771554e47ce80594f8b62703c69e7
7215,township,township,အင်္ဂပူမြို့နယ်,country:11:မြန်မာ > state_region:7279:ဧ​ရာဝတီတိုင်း > district:7155:မြန်အောင်ခရိုင် > township:7215:အင်္ဂပူမြို့နယ်,7155,manual_review,manual_review,True,Active CoreMap area not claimed by an official matched source row,95.1810327820324,17.84032085,6e464d237551f593f44d5b1321057fea
7259,township,township,ဇလွန်မြို့နယ်,country:11:မြန်မာ > state_region:7279:ဧ​ရာဝတီတိုင်း > district:7209:ဟင်္သာတခရိုင် > township:7259:ဇလွန်မြို့နယ်,7209,manual_review,manual_review,True,Active CoreMap area not claimed by an official matched source row,95.6182252308341,17.480958,fb833f198ed3f07c9b540b99b25b3de2
7282,township,township,ကျုံပျော်မြို့နယ်,country:11:မြန်မာ > state_region:7279:ဧ​ရာဝတီတိုင်း > district:7283:ကျုံပျော်ခရိုင် > township:7282:ကျုံပျော်မြို့နယ်,7283,manual_review,manual_review,True,Active CoreMap area not claimed by an official matched source row,95.2861113076288,17.3195013,857a3438513371e1bb73383f227e7a2a
7286,township,township,ကျောင်းကုန်းမြို့နယ်,country:11:မြန်မာ > state_region:7279:ဧ​ရာဝတီတိုင်း > district:7283:ကျုံပျော်ခရိုင် > township:7286:ကျောင်းကုန်းမြို့နယ်,7283,manual_review,manual_review,True,Active CoreMap area not claimed by an official matched source row,95.187736458583,17.05761315,c4b3a49ad1ed2bf54e45a9aac0a05877
7295,township,township,ဓနုဖြူမြို့နယ်,country:11:မြန်မာ > state_region:7279:ဧ​ရာဝတီတိုင်း > district:7299:မအူပင်ခရိုင် > township:7295:ဓနုဖြူမြို့နယ်,7299,manual_review,manual_review,True,Active CoreMap area not claimed by an official matched source row,95.5541206415588,17.24214205,019924ce3cc7309140b4856c43a52f85
7309,township,township,ကျိုက်လတ်မြို့နယ်,country:11:မြန်မာ > state_region:7279:ဧ​ရာဝတီတိုင်း > district:7428:ဖျာပုံခရိုင် > township:7309:ကျိုက်လတ်မြို့နယ်,7428,manual_review,manual_review,True,Active CoreMap area not claimed by an official matched source row,95.6491504388031,16.5139196,e9b74605354bb7244b66da2887463192
7323,township,township,ဝါးခယ်မမြို့နယ်,country:11:မြန်မာ > state_region:7279:ဧ​ရာဝတီတိုင်း > district:7324:မြောင်းမြခရိုင် > township:7323:ဝါးခယ်မမြို့နယ်,7324,manual_review,manual_review,True,Active CoreMap area not claimed by an official matched source row,95.2243617278456,16.5519323,f114d24aef2add171752a9edcba50ff3
7326,township,township,အိမ်မဲမြို့နယ်,country:11:မြန်မာ > state_region:7279:ဧ​ရာဝတီတိုင်း > district:7324:မြောင်းမြခရိုင် > township:7326:အိမ်မဲမြို့နယ်,7324,manual_review,manual_review,True,Active CoreMap area not claimed by an official matched source row,95.0811752682709,16.7645637,398a43a6b4d509ae25feffc8bb24bd20
7332,township,township,ပန်းတနော်မြို့နယ်,country:11:မြန်မာ > state_region:7279:ဧ​ရာဝတီတိုင်း > district:7299:မအူပင်ခရိုင် > township:7332:ပန်းတနော်မြို့နယ်,7299,manual_review,manual_review,True,Active CoreMap area not claimed by an official matched source row,95.3823975989418,16.99004095,c21e8965f1725e0229aca92b0ce68d95
7335,township,township,မြောင်းမြမြို့နယ်,country:11:မြန်မာ > state_region:7279:ဧ​ရာဝတီတိုင်း > district:7324:မြောင်းမြခရိုင် > township:7335:မြောင်းမြမြို့နယ်,7324,manual_review,manual_review,True,Active CoreMap area not claimed by an official matched source row,94.9137227747764,16.53129735,4580d9106ad43529865a8d82998ce6e0
7344,township,township,ကန်ကြီးတောင့်မြို့နယ်,country:11:မြန်မာ > state_region:7279:ဧ​ရာဝတီတိုင်း > district:7363:ပုသိမ်ခရိုင် > township:7344:ကန်ကြီးတောင့်မြို့နယ်,7363,manual_review,manual_review,True,Active CoreMap area not claimed by an official matched source row,94.887347812871,16.7904381,741b49af09b5330c64ba99c425cf77d6
7362,township,township,ပုသိမ်မြို့နယ်,country:11:မြန်မာ > state_region:7279:ဧ​ရာဝတီတိုင်း > district:7363:ပုသိမ်ခရိုင် > township:7362:ပုသိမ်မြို့နယ်,7363,manual_review,manual_review,True,Active CoreMap area not claimed by an official matched source row,94.5518816911132,16.90814715,a256a08dabf6c0da12e823b138095c26
7364,township,township,ငပုတောမြို့နယ်,country:11:မြန်မာ > state_region:7279:ဧ​ရာဝတီတိုင်း > district:7363:ပုသိမ်ခရိုင် > township:7364:ငပုတောမြို့နယ်,7363,manual_review,manual_review,True,Active CoreMap area not claimed by an official matched source row,94.4205405606471,16.3429079309948,b13453aef8e172436f36d178b60fc045
7374,township,township,လပွတ္တာမြို့နယ်,country:11:မြန်မာ > state_region:7279:ဧ​ရာဝတီတိုင်း > district:7377:လပွတ္တာခရိုင် > township:7374:လပွတ္တာမြို့နယ်,7377,manual_review,manual_review,True,Active CoreMap area not claimed by an official matched source row,94.949543450098,15.96214255,a17de9424801ed9ee1694c31d30d7354
7375,township,township,ဖျာပုံမြို့နယ်,country:11:မြန်မာ > state_region:7279:ဧ​ရာဝတီတိုင်း > district:7428:ဖျာပုံခရိုင် > township:7375:ဖျာပုံမြို့နယ်,7428,manual_review,manual_review,True,Active CoreMap area not claimed by an official matched source row,95.649468997275,16.06170115,6a8435c303c10b3eea86626ae842cd73
7376,township,township,ဘိုကလေးမြို့နယ်,country:11:မြန်မာ > state_region:7279:ဧ​ရာဝတီတိုင်း > district:7428:ဖျာပုံခရိုင် > township:7376:ဘိုကလေးမြို့နယ်,7428,manual_review,manual_review,True,Active CoreMap area not claimed by an official matched source row,95.4500727913145,16.1280167065971,5d58af0e8e75561c60bfdf0a93f50d40
7392,township,township,မော်လမြိုင်ကျွန်းမြို့နယ်,country:11:မြန်မာ > state_region:7279:ဧ​ရာဝတီတိုင်း > district:7377:လပွတ္တာခရိုင် > township:7392:မော်လမြိုင်ကျွန်းမြို့နယ်,7377,manual_review,manual_review,True,Active CoreMap area not claimed by an official matched source row,95.2528990740399,16.3527339,dc72e7e0d307dddf442cbe4f29082565
7427,township,township,ဒေးဒရဲမြို့နယ်,country:11:မြန်မာ > state_region:7279:ဧ​ရာဝတီတိုင်း > district:7428:ဖျာပုံခရိုင် > township:7427:ဒေးဒရဲမြို့နယ်,7428,manual_review,manual_review,True,Active CoreMap area not claimed by an official matched source row,95.7974684910502,16.30351175,defeaaabad03b1891f6831dc80a6888b
7444,township,township,ကော့သောင်မြို့နယ်,country:11:မြန်မာ > state_region:7449:တနင်္သာရီတိုင်း > district:7438:ကော့သောင်းခရိုင် > township:7444:ကော့သောင်မြို့နယ်,7438,manual_review,manual_review,True,Active CoreMap area not claimed by an official matched source row,98.1243799122834,10.2280883,c09e7afdb910376a0daece5ddbab1149
7524,township,township,ညောင်တုန်းမြို့နယ်,country:11:မြန်မာ > state_region:7279:ဧ​ရာဝတီတိုင်း > district:7299:မအူပင်ခရိုင် > township:7524:ညောင်တုန်းမြို့နယ်,7299,manual_review,manual_review,True,Active CoreMap area not claimed by an official matched source row,95.6844808620882,17.0322986200853,c21006519bcd07bbb481b1686db78281
7525,township,township,မအူပင်မြို့နယ်,country:11:မြန်မာ > state_region:7279:ဧ​ရာဝတီတိုင်း > district:7299:မအူပင်ခရိုင် > township:7525:မအူပင်မြို့နယ်,7299,manual_review,manual_review,True,Active CoreMap area not claimed by an official matched source row,95.6451544885936,16.7153549423268,78a5a733a856ba50a157391d43223d33
5271,town,town,ရန်ကုန်မြို့,country:11:မြန်မာ > state_region:13:ရန်ကုန်တိုင်းဒေသကြီး > town:5271:ရန်ကုန်မြို့,13,special_reference,mark_reference_only,True,Core town not in official MIMU admin target population for this reconciliation,96.1861308766357,16.8415019,8d2ee5c084629ae250419cd0dba509c6
5853,town,town,ပန်းတနော်မြို့,country:11:မြန်မာ > state_region:7279:ဧ​ရာဝတီတိုင်း > district:7299:မအူပင်ခရိုင် > town:5853:ပန်းတနော်မြို့,7299,special_reference,mark_reference_only,True,Core town not in official MIMU admin target population for this reconciliation,95.4642771826668,16.98330625,498dca71e329ef4e730244ba569dafb5
5979,town,special_area,ပုံပါကျင်မြို့နယ်ခွဲ,country:11:မြန်မာ > state_region:6378:ဝပြည်နယ် တောင်ပိုင်း > district:6384:မိုင်းတုံခရိုင် > town:5979:ပုံပါကျင်မြို့နယ်ခွဲ,6384,special_reference,mark_reference_only,True,Core town not in official MIMU admin target population for this reconciliation,98.9641019436766,19.95546215,b9b42f73ba1fc5d4eca6d263ae323449
5983,town,town,ပုံပါကျင်မြို့,country:11:မြန်မာ > state_region:6378:ဝပြည်နယ် တောင်ပိုင်း > district:6384:မိုင်းတုံခရိုင် > town:5979:ပုံပါကျင်မြို့နယ်ခွဲ > town:5983:ပုံပါကျင်မြို့,5979,special_reference,mark_reference_only,True,Core town not in official MIMU admin target population for this reconciliation,98.9321700915522,19.89633955,81f907aeb8b7ba66f0e64d2417ade7df
6124,town,town,ဟိုပုန်းမြို့,country:11:မြန်မာ > state_region:6329:ရှမ်းပြည်နယ် > district:6176:တောင်ကြီးခရိုင် > township:6310:ဟိုပုံးမြို့နယ် > town:6124:ဟိုပုန်းမြို့,6310,special_reference,mark_reference_only,True,Core town not in official MIMU admin target population for this reconciliation,97.1690442042094,20.79471835,8418b47a7aad812a5accac018dcc0947
6148,town,town,ကလောမြို့,country:11:မြန်မာ > state_region:6329:ရှမ်းပြည်နယ် > district:6072:ကလောခရိုင် > township:6160:ကလောမြို့နယ် > town:6148:ကလောမြို့,6160,special_reference,mark_reference_only,True,Core town not in official MIMU admin target population for this reconciliation,96.561607116308,20.62041825,be03bd47896a1a3d4ed75bed63cfeb7e
6273,town,town,မန္တလေးမြို့,country:11:မြန်မာ > state_region:6832:မန္တလေးတိုင်း > town:6273:မန္တလေးမြို့,6832,special_reference,mark_reference_only,True,Core town not in official MIMU admin target population for this reconciliation,96.1557650878573,21.9700209,cc6a0cd143ea1ca5eeb3ced7b972cc74
6337,town,town,မိုင်းညင်းမြို့နယ်,country:11:မြန်မာ > state_region:6485:ဝပြည်နယ် မြောက်ပိုင်း > district:6335:မိုင်းပေါက်ခရိုင် > town:6337:မိုင်းညင်းမြို့နယ်,6335,special_reference,mark_reference_only,True,Core town not in official MIMU admin target population for this reconciliation,99.2904366409435,21.8335641,f6dd5b26db91713c8ca279e71bdf7e66
6340,town,town,မိုင်းယန်းမြို့,country:11:မြန်မာ > state_region:6329:ရှမ်းပြည်နယ် > district:6325:မိုင်းယန်းခရိုင် (အမှန်တကယ်) > township:6338:မိုင်းယန်းမြို့နယ် (အမှန်တကယ်) > town:6340:မိုင်းယန်းမြို့,6338,special_reference,mark_reference_only,True,Core town not in official MIMU admin target population for this reconciliation,99.6802323195655,21.8426209,0d8285f546fb3739f575c2be9a28827d
6356,town,town,ကျိုင်းတုံမြို့,country:11:မြန်မာ > state_region:6329:ရှမ်းပြည်နယ် > district:6361:ကျိုင်းတုံခရိုင် > township:6360:ကျိုင်းတုံမြို့နယ် > town:6356:ကျိုင်းတုံမြို့,6360,special_reference,mark_reference_only,True,Core town not in official MIMU admin target population for this reconciliation,99.6052259695691,21.2915368,3e37e477919dd7ec9f3ecdb06f70cb27
6364,town,town,မိုင်းပျဥ်းမြို့,country:11:မြန်မာ > state_region:6329:ရှမ်းပြည်နယ် > district:6361:ကျိုင်းတုံခရိုင် > township:6312:မိုင်းပြင်းမြို့နယ် > town:6364:မိုင်းပျဥ်းမြို့,6312,special_reference,mark_reference_only,True,Core town not in official MIMU admin target population for this reconciliation,99.0270756037766,21.3495609,9d8faa9b6a9d615ddc526fc973c47423
6400,town,town,မိုင်းယောင်းမြို့,country:11:မြန်မာ > state_region:6329:ရှမ်းပြည်နယ် > district:6409:မိုင်းယောင်းခရိုင် > township:6408:မိုင်းယောင်းမြို့နယ် (အမှန်တကယ်) > town:6400:မိုင်းယောင်းမြို့,6408,special_reference,mark_reference_only,True,Core town not in official MIMU admin target population for this reconciliation,100.357239193294,21.17946915,50a46fd381b4c2f5e78d44b07584adeb
6407,town,town,လောက်ကိုင်မြို့,country:11:မြန်မာ > state_region:6329:ရှမ်းပြည်နယ် > district:6411:ကိုးကန့် > town:6407:လောက်ကိုင်မြို့,6411,special_reference,mark_reference_only,True,Core town not in official MIMU admin target population for this reconciliation,98.7789483713487,23.71084015,aa4a5c721e17f0862cd957983fb9be22
6462,town,town,ပန်ယန်းမြို့နယ်,country:11:မြန်မာ > state_region:6485:ဝပြည်နယ် မြောက်ပိုင်း > district:6471:မိုင်းလင်းခရိုင် > town:6462:ပန်ယန်းမြို့နယ်,6471,special_reference,mark_reference_only,True,Core town not in official MIMU admin target population for this reconciliation,98.889658971522,22.11568645,63869fdd0340a1fc0ddb16a56cbe0c71
6483,town,town,တန်ဃန်း,country:11:မြန်မာ > state_region:6329:ရှမ်းပြည်နယ် > district:6463:တန့်ယန်းခရိုင် > town:6483:တန်ဃန်း,6463,special_reference,mark_reference_only,True,Core town not in official MIMU admin target population for this reconciliation,98.4315937561691,22.6022841,fd5b1657a01c8b24d38a5401984805b1
6497,town,town,လားရှိုးမြို့,country:11:မြန်မာ > state_region:6329:ရှမ်းပြည်နယ် > district:6444:မူပန်ခရိုင် > town:6497:လားရှိုးမြို့,6444,special_reference,mark_reference_only,True,Core town not in official MIMU admin target population for this reconciliation,97.7449014601611,22.9581188,7667b43a69499f3e88229d101c18b2d3
6565,town,town,မူပန်မြို့,country:11:မြန်မာ > state_region:6329:ရှမ်းပြည်နယ် > district:6444:မူပန်ခရိုင် > township:6562:မိုင်းပါးမြို့နယ် > town:6565:မူပန်မြို့,6562,special_reference,mark_reference_only,True,Core town not in official MIMU admin target population for this reconciliation,97.9628787197686,23.3014119,07950d717d29575d7856e502ccb6f3b6
6575,town,town,ကွတ်ခိုင်မြို့,country:11:မြန်မာ > state_region:6329:ရှမ်းပြည်နယ် > district:6598:ကွတ်ခိုင်ခရိုင် > township:6569:ကွတ်ခိုင်မြို့နယ် > town:6575:ကွတ်ခိုင်မြို့,6569,special_reference,mark_reference_only,True,Core town not in official MIMU admin target population for this reconciliation,97.9431128850015,23.44596485,02d1b2476747ea6a467cc3e432b8b512
6673,town,town,နန်းယွန်းမြို့,country:11:မြန်မာ > state_region:6667:ကချင်ပြည်နယ် > district:6665:တနိုင်းခရိုင် > township:6674:နန်းယွန်းမြို့နယ် > town:6673:နန်းယွန်းမြို့,6674,special_reference,mark_reference_only,True,Core town not in official MIMU admin target population for this reconciliation,96.1675631368618,26.98004395,d82be34791dca564e2a345588112ee4e
7523,town,special_area,ပုဇွန်တောင်မြို့နယ်,country:11:မြန်မာ > state_region:13:ရန်ကုန်တိုင်းဒေသကြီး > town:7523:ပုဇွန်တောင်မြို့နယ်,13,special_reference,mark_reference_only,True,Core town not in official MIMU admin target population for this reconciliation,96.1931393247155,16.7882185,d346739ab035d0edd0c84a8ac62cdc64
5041,ward_village_tract,ward,အမှတ် (၇၆) ရပ်ကွက်,country:11:မြန်မာ > state_region:13:ရန်ကုန်တိုင်းဒေသကြီး > district:5170:ဒဂုံမြို့သစ်ခရိုင် > township:5213:ဒဂုံဆိပ်ကမ်း > ward_village_tract:5041:အမှတ် (၇၆) ရပ်ကွက်,5213,manual_review,manual_review,True,Core WVT not matched to an official MIMU ward/village-tract row,96.2538884382886,16.8222145,5bd7ae41152821fea3a55eacb41cb345
5063,ward_village_tract,ward,အမှတ် (၇၇) ရပ်ကွက်,country:11:မြန်မာ > state_region:13:ရန်ကုန်တိုင်းဒေသကြီး > district:5170:ဒဂုံမြို့သစ်ခရိုင် > township:5213:ဒဂုံဆိပ်ကမ်း > ward_village_tract:5063:အမှတ် (၇၇) ရပ်ကွက်,5213,manual_review,manual_review,True,Core WVT not matched to an official MIMU ward/village-tract row,96.2566843373616,16.83119655,e33dae03610e0de412738aafcd97fae8
5084,ward_village_tract,ward,နောင်ခရိရပ်ကွက်,country:11:မြန်မာ > state_region:5089:မွန်ပြည်နယ် > district:5099:မော်လမြိုင်ခရိုင် > township:5108:မုဒုံ > ward_village_tract:5084:နောင်ခရိရပ်ကွက်,5108,manual_review,manual_review,True,Core WVT not matched to an official MIMU ward/village-tract row,97.6559899102079,16.4010236,cfc56e4fa0a656a27ee8c2bcaa93cf95
5092,ward_village_tract,island,Ye Kyun,country:11:မြန်မာ > state_region:6722:ရခိုင်ပြည်နယ် > ward_village_tract:5092:Ye Kyun,6722,manual_review,manual_review,True,Core WVT not matched to an official MIMU ward/village-tract row,93.7911446959319,18.6359711,f05173cd0d85500135a15a3bb1abd696
5094,ward_village_tract,special_area,Industrial Zone,country:11:မြန်မာ > state_region:13:ရန်ကုန်တိုင်းဒေသကြီး > district:5170:ဒဂုံမြို့သစ်ခရိုင် > ward_village_tract:5094:Industrial Zone,5170,duplicate,merge_duplicate,True,Candidate merge with sibling CoreMap rows sharing parent and normalized name,96.3291791729992,16.91946275,8adab87d661f5c2dfa2508b08f87bfa1
5101,ward_village_tract,ward,ဈေးချိုရပ်ကွက်,country:11:မြန်မာ > state_region:5089:မွန်ပြည်နယ် > district:5099:မော်လမြိုင်ခရိုင် > township:5070:မော်လမြိုင် > ward_village_tract:5101:ဈေးချိုရပ်ကွက်,5070,manual_review,manual_review,True,Core WVT not matched to an official MIMU ward/village-tract row,97.6469322734707,16.43430395,d53abbbca3d22d64c23ae35a5bba8e36
5105,ward_village_tract,special_area,Industrial Zone,country:11:မြန်မာ > state_region:13:ရန်ကုန်တိုင်းဒေသကြီး > district:5170:ဒဂုံမြို့သစ်ခရိုင် > ward_village_tract:5105:Industrial Zone,5170,duplicate,merge_duplicate,True,Candidate merge with sibling CoreMap rows sharing parent and normalized name,96.3344827203998,16.9094869,235b7196b86208bd01d0b11c94e2501f
5113,ward_village_tract,ward,တောင်ဘက်ပိုင်းရပ်ကွက်,country:11:မြန်မာ > state_region:13:ရန်ကုန်တိုင်းဒေသကြီး > district:5134:တွံတေးခရိုင် > township:5112:ကွမ်းခြံကုန်းမြို့နယ် > ward_village_tract:5113:တောင်ဘက်ပိုင်းရပ်ကွက်,5112,duplicate,merge_duplicate,True,Candidate merge with sibling CoreMap rows sharing parent and normalized name,96.0121672195467,16.43597145,a0de67bdef1e2665af104794669ace31
5117,ward_village_tract,ward,သုခသိဒ္ဓိရပ်ကွက်,country:11:မြန်မာ > state_region:6031:နေပြည်တော် ပြည်ထောင်စုနယ်မြေ > district:6037:ပျဉ်းမနားခရိုင် > township:6029:ဇမ္ဗူသီရိမြို့နယ် > ward_village_tract:5117:သုခသိဒ္ဓိရပ်ကွက်,6029,duplicate,merge_duplicate,True,Candidate merge with sibling CoreMap rows sharing parent and normalized name,96.0473997968632,19.7524464,25fe22326c9dcb0cb4a87e3f1abc7ce1
5119,ward_village_tract,ward,တောင်ဘက်ပိုင်းရပ်ကွက်,country:11:မြန်မာ > state_region:13:ရန်ကုန်တိုင်းဒေသကြီး > district:5134:တွံတေးခရိုင် > township:5112:ကွမ်းခြံကုန်းမြို့နယ် > ward_village_tract:5119:တောင်ဘက်ပိုင်းရပ်ကွက်,5112,duplicate,merge_duplicate,True,Candidate merge with sibling CoreMap rows sharing parent and normalized name,96.0187089334236,16.44345375,9f9fc307271b26c46e2c24c2c3b9fca6
5123,ward_village_tract,special_area,Industrial Zone,country:11:မြန်မာ > state_region:13:ရန်ကုန်တိုင်းဒေသကြီး > district:5170:ဒဂုံမြို့သစ်ခရိုင် > ward_village_tract:5123:Industrial Zone,5170,duplicate,merge_duplicate,True,Candidate merge with sibling CoreMap rows sharing parent and normalized name,96.3379828169933,16.9210355,0d2036347078d2aeef6d0f32a076937c
5126,ward_village_tract,ward,ဝဏ္ဏသိဒ္ဒိရပ်ကွက်,country:11:မြန်မာ > state_region:6031:နေပြည်တော် ပြည်ထောင်စုနယ်မြေ > district:6037:ပျဉ်းမနားခရိုင် > township:6029:ဇမ္ဗူသီရိမြို့နယ် > ward_village_tract:5126:ဝဏ္ဏသိဒ္ဒိရပ်ကွက်,6029,manual_review,manual_review,True,Core WVT not matched to an official MIMU ward/village-tract row,96.0442524664568,19.76489845,71f7c964e7a6d496daa2bd117abe224f
5136,ward_village_tract,special_area,Industrial Zone,country:11:မြန်မာ > state_region:13:ရန်ကုန်တိုင်းဒေသကြီး > district:5170:ဒဂုံမြို့သစ်ခရိုင် > ward_village_tract:5136:Industrial Zone,5170,duplicate,merge_duplicate,True,Candidate merge with sibling CoreMap rows sharing parent and normalized name,96.343410287234,16.9280149,3bfedaaee71ff4404e2160eddf680819
5138,ward_village_tract,ward,အမှတ် (၇၄) ရပ်ကွက်,country:11:မြန်မာ > state_region:13:ရန်ကုန်တိုင်းဒေသကြီး > district:5170:ဒဂုံမြို့သစ်ခရိုင် > township:5213:ဒဂုံဆိပ်ကမ်း > ward_village_tract:5138:အမှတ် (၇၄) ရပ်ကွက်,5213,manual_review,manual_review,True,Core WVT not matched to an official MIMU ward/village-tract row,96.2592829821959,16.81369545,3443b44c3f2d0bdca1063d6ecec6a2b1
5151,ward_village_tract,island,Taung Kyun,country:11:မြန်မာ > state_region:6722:ရခိုင်ပြည်နယ် > ward_village_tract:5151:Taung Kyun,6722,manual_review,manual_review,True,Core WVT not matched to an official MIMU ward/village-tract row,93.7813560589586,18.5836198,3131f41d1ff2dee6e6e5f35f62cc7023
5153,ward_village_tract,ward,အမှတ် (၈၄) ရပ်ကွက်,country:11:မြန်မာ > state_region:13:ရန်ကုန်တိုင်းဒေသကြီး > district:5170:ဒဂုံမြို့သစ်ခရိုင် > township:5213:ဒဂုံဆိပ်ကမ်း > ward_village_tract:5153:အမှတ် (၈၄) ရပ်ကွက်,5213,manual_review,manual_review,True,Core WVT not matched to an official MIMU ward/village-tract row,96.270163086167,16.85733435,515602d75f3ca2f8cc513b095110a67c
5156,ward_village_tract,ward,အမှတ် (၁၅၃) ရပ်ကွက်,country:11:မြန်မာ > state_region:13:ရန်ကုန်တိုင်းဒေသကြီး > district:5170:ဒဂုံမြို့သစ်ခရိုင် > township:5165:ဒဂုံမြို့သစ်အရှေ့ပိုင်း > ward_village_tract:5156:အမှတ် (၁၅၃) ရပ်ကွက်,5165,manual_review,manual_review,True,Core WVT not matched to an official MIMU ward/village-tract row,96.2697713064923,16.9110777,8e56a2d8885dac1af38a9f0b2363ccf4
5157,ward_village_tract,ward,လေးဒေါင့်ကန် (တောင်) ရပ်ကွက်,country:11:မြန်မာ > state_region:13:ရန်ကုန်တိုင်းဒေသကြီး > district:5170:ဒဂုံမြို့သစ်ခရိုင် > township:5165:ဒဂုံမြို့သစ်အရှေ့ပိုင်း > ward_village_tract:5157:လေးဒေါင့်ကန် (တောင်) ရပ်ကွက်,5165,manual_review,manual_review,True,Core WVT not matched to an official MIMU ward/village-tract row,96.3199697161174,16.98011295,8d7b24485b81abf057ddfc6ac5fddbfc
5158,ward_village_tract,ward,ရှမ်းတဲကြီး (တောင်) ရပ်ကွက်,country:11:မြန်မာ > state_region:13:ရန်ကုန်တိုင်းဒေသကြီး > district:5170:ဒဂုံမြို့သစ်ခရိုင် > township:5165:ဒဂုံမြို့သစ်အရှေ့ပိုင်း > ward_village_tract:5158:ရှမ်းတဲကြီး (တောင်) ရပ်ကွက်,5165,manual_review,manual_review,True,Core WVT not matched to an official MIMU ward/village-tract row,96.3156954790295,16.99872115,0c4b09ad92262d9f25e81a26301f0981
5160,ward_village_tract,ward,စိုက်ပျိုးမွေးမြူရေး အမှတ် (၁) ရပ်ကွက်,country:11:မြန်မာ > state_region:13:ရန်ကုန်တိုင်းဒေသကြီး > district:5170:ဒဂုံမြို့သစ်ခရိုင် > township:5165:ဒဂုံမြို့သစ်အရှေ့ပိုင်း > ward_village_tract:5160:စိုက်ပျိုးမွေးမြူရေး အမှတ် (၁) ရပ်ကွက်,5165,manual_review,manual_review,True,Core WVT not matched to an official MIMU ward/village-tract row,96.3129813354476,16.95534735,b52428405cbb0643c02e8cd8bc701b6b
5166,ward_village_tract,ward,အမှတ် (၁၅၄) ရပ်ကွက်,country:11:မြန်မာ > state_region:13:ရန်ကုန်တိုင်းဒေသကြီး > district:5170:ဒဂုံမြို့သစ်ခရိုင် > township:5165:ဒဂုံမြို့သစ်အရှေ့ပိုင်း > ward_village_tract:5166:အမှတ် (၁၅၄) ရပ်ကွက်,5165,manual_review,manual_review,True,Core WVT not matched to an official MIMU ward/village-tract row,96.28767635916,16.9244724,ffe662d4d1d1eb5f4a191a2474f95444
5167,ward_village_tract,ward,သုံးခွ (တောင်) ရပ်ကွက်,country:11:မြန်မာ > state_region:13:ရန်ကုန်တိုင်းဒေသကြီး > district:5170:ဒဂုံမြို့သစ်ခရိုင် > township:5165:ဒဂုံမြို့သစ်အရှေ့ပိုင်း > ward_village_tract:5167:သုံးခွ (တောင်) ရပ်ကွက်,5165,manual_review,manual_review,True,Core WVT not matched to an official MIMU ward/village-tract row,96.2804334256743,16.9338413,c46bf682f2be188b844499f6ae414a6d
5169,ward_village_tract,ward,ရွာသာကြီး (တောင်) ရပ်ကွက်,country:11:မြန်မာ > state_region:13:ရန်ကုန်တိုင်းဒေသကြီး > district:5170:ဒဂုံမြို့သစ်ခရိုင် > township:5165:ဒဂုံမြို့သစ်အရှေ့ပိုင်း > ward_village_tract:5169:ရွာသာကြီး (တောင်) ရပ်ကွက်,5165,manual_review,manual_review,True,Core WVT not matched to an official MIMU ward/village-tract row,96.2586709550637,16.9129205,f1bfed4e5593162357bb7f6fc29ef473
5171,ward_village_tract,ward,အမှတ် (၁၅၀) ရပ်ကွက်,country:11:မြန်မာ > state_region:13:ရန်ကုန်တိုင်းဒေသကြီး > district:5170:ဒဂုံမြို့သစ်ခရိုင် > township:5165:ဒဂုံမြို့သစ်အရှေ့ပိုင်း > ward_village_tract:5171:အမှတ် (၁၅၀) ရပ်ကွက်,5165,manual_review,manual_review,True,Core WVT not matched to an official MIMU ward/village-tract row,96.2872092664091,16.90872025,dc6285c383f4294fd75495d981673025
5172,ward_village_tract,ward,အမှတ် (၉၃) ရပ်ကွက်,country:11:မြန်မာ > state_region:13:ရန်ကုန်တိုင်းဒေသကြီး > district:5170:ဒဂုံမြို့သစ်ခရိုင် > township:5213:ဒဂုံဆိပ်ကမ်း > ward_village_tract:5172:အမှတ် (၉၃) ရပ်ကွက်,5213,manual_review,manual_review,True,Core WVT not matched to an official MIMU ward/village-tract row,96.2716889855997,16.82079675,99c6fed38f9ec13a6344bc55aa3f7563
5173,ward_village_tract,ward,အမှတ် (၁၄၉) ရပ်ကွက်,country:11:မြန်မာ > state_region:13:ရန်ကုန်တိုင်းဒေသကြီး > district:5170:ဒဂုံမြို့သစ်ခရိုင် > township:5165:ဒဂုံမြို့သစ်အရှေ့ပိုင်း > ward_village_tract:5173:အမှတ် (၁၄၉) ရပ်ကွက်,5165,manual_review,manual_review,True,Core WVT not matched to an official MIMU ward/village-tract row,96.2912980923944,16.898262,eacb9e036f00c7c7a8421ef470397331
5174,ward_village_tract,ward,အမှတ် (၁၅၁) ရပ်ကွက်,country:11:မြန်မာ > state_region:13:ရန်ကုန်တိုင်းဒေသကြီး > district:5170:ဒဂုံမြို့သစ်ခရိုင် > township:5165:ဒဂုံမြို့သစ်အရှေ့ပိုင်း > ward_village_tract:5174:အမှတ် (၁၅၁) ရပ်ကွက်,5165,manual_review,manual_review,True,Core WVT not matched to an official MIMU ward/village-tract row,96.2796852019438,16.9002209,938ee87f6e19177950c0660b9cefaf20
5179,ward_village_tract,ward,အမှတ် (၈၉) ရပ်ကွက်,country:11:မြန်မာ > state_region:13:ရန်ကုန်တိုင်းဒေသကြီး > district:5170:ဒဂုံမြို့သစ်ခရိုင် > township:5213:ဒဂုံဆိပ်ကမ်း > ward_village_tract:5179:အမှတ် (၈၉) ရပ်ကွက်,5213,manual_review,manual_review,True,Core WVT not matched to an official MIMU ward/village-tract row,96.2791315487171,16.8469594,435eaa1fddbb3fcfcd730152cfb264f0
5182,ward_village_tract,ward,အမှတ် (၁၀၆) ရပ်ကွက်,country:11:မြန်မာ > state_region:13:ရန်ကုန်တိုင်းဒေသကြီး > district:5170:ဒဂုံမြို့သစ်ခရိုင် > township:5231:ဒဂုံမြို့သစ်တောင်ပိုင်း > ward_village_tract:5182:အမှတ် (၁၀၆) ရပ်ကွက်,5231,duplicate,merge_duplicate,True,Candidate merge with sibling CoreMap rows sharing parent and normalized name,96.2603717631193,16.88504285,18d3bc15dd88b54accfd1efa44590428
5183,ward_village_tract,ward,အမှတ် (၁၀၆) ရပ်ကွက်,country:11:မြန်မာ > state_region:13:ရန်ကုန်တိုင်းဒေသကြီး > district:5170:ဒဂုံမြို့သစ်ခရိုင် > township:5231:ဒဂုံမြို့သစ်တောင်ပိုင်း > ward_village_tract:5183:အမှတ် (၁၀၆) ရပ်ကွက်,5231,duplicate,merge_duplicate,True,Candidate merge with sibling CoreMap rows sharing parent and normalized name,96.2603717631193,16.88504285,18d3bc15dd88b54accfd1efa44590428
5185,ward_village_tract,ward,အမှတ် (၁၀၅) ရပ်ကွက်,country:11:မြန်မာ > state_region:13:ရန်ကုန်တိုင်းဒေသကြီး > district:5170:ဒဂုံမြို့သစ်ခရိုင် > township:5231:ဒဂုံမြို့သစ်တောင်ပိုင်း > ward_village_tract:5185:အမှတ် (၁၀၅) ရပ်ကွက်,5231,duplicate,merge_duplicate,True,Candidate merge with sibling CoreMap rows sharing parent and normalized name,96.2692011159559,16.8780193,6aa452348dceab7c1df6321ff4b34475
5186,ward_village_tract,ward,အမှတ် (၁၀၅) ရပ်ကွက်,country:11:မြန်မာ > state_region:13:ရန်ကုန်တိုင်းဒေသကြီး > district:5170:ဒဂုံမြို့သစ်ခရိုင် > township:5231:ဒဂုံမြို့သစ်တောင်ပိုင်း > ward_village_tract:5186:အမှတ် (၁၀၅) ရပ်ကွက်,5231,duplicate,merge_duplicate,True,Candidate merge with sibling CoreMap rows sharing parent and normalized name,96.2692011159559,16.8780193,6aa452348dceab7c1df6321ff4b34475
5187,ward_village_tract,ward,အမှတ် (၁၄၈) ရပ်ကွက်,country:11:မြန်မာ > state_region:13:ရန်ကုန်တိုင်းဒေသကြီး > district:5170:ဒဂုံမြို့သစ်ခရိုင် > township:5213:ဒဂုံဆိပ်ကမ်း > ward_village_tract:5187:အမှတ် (၁၄၈) ရပ်ကွက်,5213,manual_review,manual_review,True,Core WVT not matched to an official MIMU ward/village-tract row,96.2808620374992,16.88037525,4278433754c4bf18a71cbb736b0fa322
5192,ward_village_tract,ward,အမှတ် (၉၂) ရပ်ကွက်,country:11:မြန်မာ > state_region:13:ရန်ကုန်တိုင်းဒေသကြီး > district:5170:ဒဂုံမြို့သစ်ခရိုင် > township:5213:ဒဂုံဆိပ်ကမ်း > ward_village_tract:5192:အမှတ် (၉၂) ရပ်ကွက်,5213,manual_review,manual_review,True,Core WVT not matched to an official MIMU ward/village-tract row,96.2730342838107,16.82792015,3b9d9d9486e6ea60789bb27d795bbd20
5193,ward_village_tract,ward,အမှတ် (၇၈) ရပ်ကွက်,country:11:မြန်မာ > state_region:13:ရန်ကုန်တိုင်းဒေသကြီး > district:5170:ဒဂုံမြို့သစ်ခရိုင် > township:5213:ဒဂုံဆိပ်ကမ်း > ward_village_tract:5193:အမှတ် (၇၈) ရပ်ကွက်,5213,manual_review,manual_review,True,Core WVT not matched to an official MIMU ward/village-tract row,96.2613595450515,16.8279306,aed0320c5c09590daf385cf88a020dd3
5194,ward_village_tract,ward,အမှတ် (၈၁) ရပ်ကွက်,country:11:မြန်မာ > state_region:13:ရန်ကုန်တိုင်းဒေသကြီး > district:5170:ဒဂုံမြို့သစ်ခရိုင် > township:5213:ဒဂုံဆိပ်ကမ်း > ward_village_tract:5194:အမှတ် (၈၁) ရပ်ကွက်,5213,manual_review,manual_review,True,Core WVT not matched to an official MIMU ward/village-tract row,96.2682951927048,16.8507166,3e9711094f3794a8ba6b34b096d8b319
5197,ward_village_tract,ward,အမှတ် (၇၃) ရပ်ကွက်,country:11:မြန်မာ > state_region:13:ရန်ကုန်တိုင်းဒေသကြီး > district:5170:ဒဂုံမြို့သစ်ခရိုင် > township:5213:ဒဂုံဆိပ်ကမ်း > ward_village_tract:5197:အမှတ် (၇၃) ရပ်ကွက်,5213,manual_review,manual_review,True,Core WVT not matched to an official MIMU ward/village-tract row,96.2513462998238,16.8134303,0871f7790806f5b05238f76799dfac86
5198,ward_village_tract,ward,အမှတ် (၇၅) ရပ်ကွက်,country:11:မြန်မာ > state_region:13:ရန်ကုန်တိုင်းဒေသကြီး > district:5170:ဒဂုံမြို့သစ်ခရိုင် > township:5213:ဒဂုံဆိပ်ကမ်း > ward_village_tract:5198:အမှတ် (၇၅) ရပ်ကွက်,5213,manual_review,manual_review,True,Core WVT not matched to an official MIMU ward/village-tract row,96.2653799903925,16.81707465,4177af0c70a6139f86b9c8ce36a9a6c8
5200,ward_village_tract,ward,အမှတ် (၉၄) ရပ်ကွက်,country:11:မြန်မာ > state_region:13:ရန်ကုန်တိုင်းဒေသကြီး > district:5170:ဒဂုံမြို့သစ်ခရိုင် > township:5213:ဒဂုံဆိပ်ကမ်း > ward_village_tract:5200:အမှတ် (၉၄) ရပ်ကွက်,5213,manual_review,manual_review,True,Core WVT not matched to an official MIMU ward/village-tract row,96.2660689180147,16.824154,d82fceb8ef0dc5366ac5c6e9b6ede78e
5201,ward_village_tract,ward,အမှတ် (၅၉) ရပ်ကွက်,country:11:မြန်မာ > state_region:13:ရန်ကုန်တိုင်းဒေသကြီး > district:5170:ဒဂုံမြို့သစ်ခရိုင် > township:5213:ဒဂုံဆိပ်ကမ်း > ward_village_tract:5201:အမှတ် (၅၉) ရပ်ကွက်,5213,manual_review,manual_review,True,Core WVT not matched to an official MIMU ward/village-tract row,96.2540410999692,16.84131375,3be2731a6008eac49fb779e3fecb929d
5202,ward_village_tract,ward,အမှတ် (၈၀) ရပ်ကွက်,country:11:မြန်မာ > state_region:13:ရန်ကုန်တိုင်းဒေသကြီး > district:5170:ဒဂုံမြို့သစ်ခရိုင် > township:5213:ဒဂုံဆိပ်ကမ်း > ward_village_tract:5202:အမှတ် (၈၀) ရပ်ကွက်,5213,manual_review,manual_review,True,Core WVT not matched to an official MIMU ward/village-tract row,96.2629021668451,16.8434576,ef17b32983e53230b38ca9a8c621f2f8
5203,ward_village_tract,ward,အမှတ် (၇၉) ရပ်ကွက်,country:11:မြန်မာ > state_region:13:ရန်ကုန်တိုင်းဒေသကြီး > district:5170:ဒဂုံမြို့သစ်ခရိုင် > township:5213:ဒဂုံဆိပ်ကမ်း > ward_village_tract:5203:အမှတ် (၇၉) ရပ်ကွက်,5213,manual_review,manual_review,True,Core WVT not matched to an official MIMU ward/village-tract row,96.2609969413513,16.8370356,b40cae04390e523ed556a78620655583
5204,ward_village_tract,ward,အမှတ် (၉၀) ရပ်ကွက်,country:11:မြန်မာ > state_region:13:ရန်ကုန်တိုင်းဒေသကြီး > district:5170:ဒဂုံမြို့သစ်ခရိုင် > township:5213:ဒဂုံဆိပ်ကမ်း > ward_village_tract:5204:အမှတ် (၉၀) ရပ်ကွက်,5213,manual_review,manual_review,True,Core WVT not matched to an official MIMU ward/village-tract row,96.2733913090517,16.84056325,464efd8eba6030b3c1127f64eaf080f2
5205,ward_village_tract,ward,အမှတ် (၈၂) ရပ်ကွက်,country:11:မြန်မာ > state_region:13:ရန်ကုန်တိုင်းဒေသကြီး > district:5170:ဒဂုံမြို့သစ်ခရိုင် > township:5213:ဒဂုံဆိပ်ကမ်း > ward_village_tract:5205:အမှတ် (၈၂) ရပ်ကွက်,5213,manual_review,manual_review,True,Core WVT not matched to an official MIMU ward/village-tract row,96.2631733248972,16.8515627,fc24c8c8d1b1f2caed3673dce73cadcf
5206,ward_village_tract,ward,အမှတ် (၉၁) ရပ်ကွက်,country:11:မြန်မာ > state_region:13:ရန်ကုန်တိုင်းဒေသကြီး > district:5170:ဒဂုံမြို့သစ်ခရိုင် > township:5213:ဒဂုံဆိပ်ကမ်း > ward_village_tract:5206:အမှတ် (၉၁) ရပ်ကွက်,5213,manual_review,manual_review,True,Core WVT not matched to an official MIMU ward/village-tract row,96.2716230437657,16.83494935,f7e8bdeec1d99c91860b52d36eff19e9
5207,ward_village_tract,special_area,Industrial Zone,country:11:မြန်မာ > state_region:13:ရန်ကုန်တိုင်းဒေသကြီး > district:5170:ဒဂုံမြို့သစ်ခရိုင် > ward_village_tract:5207:Industrial Zone,5170,duplicate,merge_duplicate,True,Candidate merge with sibling CoreMap rows sharing parent and normalized name,96.2880517450668,16.83458235,d5ac6fe8f34ccbda09a5451638df5c5f
5208,ward_village_tract,ward,အမှတ် (၉၈) ရပ်ကွက်,country:11:မြန်မာ > state_region:13:ရန်ကုန်တိုင်းဒေသကြီး > district:5170:ဒဂုံမြို့သစ်ခရိုင် > township:5213:ဒဂုံဆိပ်ကမ်း > ward_village_tract:5208:အမှတ် (၉၈) ရပ်ကွက်,5213,manual_review,manual_review,True,Core WVT not matched to an official MIMU ward/village-tract row,96.2999422443238,16.8416746,41d02b0b2a3d80b5ea8a02ee05f42fab
5209,ward_village_tract,ward,အမှတ် (၈၃) ရပ်ကွက်,country:11:မြန်မာ > state_region:13:ရန်ကုန်တိုင်းဒေသကြီး > district:5170:ဒဂုံမြို့သစ်ခရိုင် > township:5213:ဒဂုံဆိပ်ကမ်း > ward_village_tract:5209:အမှတ် (၈၃) ရပ်ကွက်,5213,manual_review,manual_review,True,Core WVT not matched to an official MIMU ward/village-tract row,96.2656413059232,16.8590851,cd887ab2f31853252316bcfa8335adfd
5210,ward_village_tract,ward,အမှတ် (၈၈) ရပ်ကွက်,country:11:မြန်မာ > state_region:13:ရန်ကုန်တိုင်းဒေသကြီး > district:5170:ဒဂုံမြို့သစ်ခရိုင် > township:5213:ဒဂုံဆိပ်ကမ်း > ward_village_tract:5210:အမှတ် (၈၈) ရပ်ကွက်,5213,manual_review,manual_review,True,Core WVT not matched to an official MIMU ward/village-tract row,96.2731432409863,16.84729865,f2bd6b1435c56ac6d17b3062a3fdcb6d
5212,ward_village_tract,ward,အမှတ် (၆၈) ရပ်ကွက်,country:11:မြန်မာ > state_region:13:ရန်ကုန်တိုင်းဒေသကြီး > district:5170:ဒဂုံမြို့သစ်ခရိုင် > township:5213:ဒဂုံဆိပ်ကမ်း > ward_village_tract:5212:အမှတ် (၆၈) ရပ်ကွက်,5213,manual_review,manual_review,True,Core WVT not matched to an official MIMU ward/village-tract row,96.2546769243212,16.85054355,43a9e11d503014f96506353a7009b192
5214,ward_village_tract,ward,အမှတ် (၁၆၈) ရပ်ကွက်,country:11:မြန်မာ > state_region:13:ရန်ကုန်တိုင်းဒေသကြီး > district:5170:ဒဂုံမြို့သစ်ခရိုင် > township:5213:ဒဂုံဆိပ်ကမ်း > ward_village_tract:5214:အမှတ် (၁၆၈) ရပ်ကွက်,5213,manual_review,manual_review,True,Core WVT not matched to an official MIMU ward/village-tract row,96.2861032423195,16.86600145,3e518a3b1a23f3203bd51f928cade46d
5215,ward_village_tract,special_area,Industrial Zone,country:11:မြန်မာ > state_region:13:ရန်ကုန်တိုင်းဒေသကြီး > district:5170:ဒဂုံမြို့သစ်ခရိုင် > ward_village_tract:5215:Industrial Zone,5170,duplicate,merge_duplicate,True,Candidate merge with sibling CoreMap rows sharing parent and normalized name,96.2898339599131,16.8486173,f711d1531525c71c46549c6ab0aa7cb4
5216,ward_village_tract,ward,အမှတ် (၈၇) ရပ်ကွက်,country:11:မြန်မာ > state_region:13:ရန်ကုန်တိုင်းဒေသကြီး > district:5170:ဒဂုံမြို့သစ်ခရိုင် > township:5213:ဒဂုံဆိပ်ကမ်း > ward_village_tract:5216:အမှတ် (၈၇) ရပ်ကွက်,5213,manual_review,manual_review,True,Core WVT not matched to an official MIMU ward/village-tract row,96.2769089404147,16.85604955,0bbf69b1ed2483256a233e16f8bd3107
5217,ward_village_tract,ward,အမှတ် (၆၉) ရပ်ကွက်,country:11:မြန်မာ > state_region:13:ရန်ကုန်တိုင်းဒေသကြီး > district:5170:ဒဂုံမြို့သစ်ခရိုင် > township:5213:ဒဂုံဆိပ်ကမ်း > ward_village_tract:5217:အမှတ် (၆၉) ရပ်ကွက်,5213,manual_review,manual_review,True,Core WVT not matched to an official MIMU ward/village-tract row,96.2581979093353,16.8563929,7dade8157233aed63ae5a2ddd75e40c6
5220,ward_village_tract,ward,အမှတ် (၈၆) ရပ်ကွက်,country:11:မြန်မာ > state_region:13:ရန်ကုန်တိုင်းဒေသကြီး > district:5170:ဒဂုံမြို့သစ်ခရိုင် > township:5213:ဒဂုံဆိပ်ကမ်း > ward_village_tract:5220:အမှတ် (၈၆) ရပ်ကွက်,5213,manual_review,manual_review,True,Core WVT not matched to an official MIMU ward/village-tract row,96.2775511437699,16.8623368,61275b76cd545b030fffecda480ef939
5221,ward_village_tract,ward,အမှတ် (၈၅) ရပ်ကွက်,country:11:မြန်မာ > state_region:13:ရန်ကုန်တိုင်းဒေသကြီး > district:5170:ဒဂုံမြို့သစ်ခရိုင် > township:5213:ဒဂုံဆိပ်ကမ်း > ward_village_tract:5221:အမှတ် (၈၅) ရပ်ကွက်,5213,manual_review,manual_review,True,Core WVT not matched to an official MIMU ward/village-tract row,96.2738684268995,16.8686037,b55f48e56b6a3f3f84305ba7632cdf01
5239,ward_village_tract,ward,၁၄/၂ ရပ်ကွက်,country:11:မြန်မာ > state_region:13:ရန်ကုန်တိုင်းဒေသကြီး > district:5282:သင်္ဃန်းကျွန်းခရိုင် > township:5267:တောင်ဥက္ကလာပ > ward_village_tract:5239:၁၄/၂ ရပ်ကွက်,5267,manual_review,manual_review,True,Core WVT not matched to an official MIMU ward/village-tract row,96.1899408356696,16.8518979,0996dc43b493a5e7ad4a78c43692447f
5263,ward_village_tract,ward,၁၄/၃ ရပ်ကွက်,country:11:မြန်မာ > state_region:13:ရန်ကုန်တိုင်းဒေသကြီး > district:5282:သင်္ဃန်းကျွန်းခရိုင် > township:5267:တောင်ဥက္ကလာပ > ward_village_tract:5263:၁၄/၃ ရပ်ကွက်,5267,manual_review,manual_review,True,Core WVT not matched to an official MIMU ward/village-tract row,96.1848264022451,16.85606955,64c5dbdda6035a6cf9932998e7991dd5
5318,ward_village_tract,ward,အဇစ်ကုန်းရပ်ကွက် (ဆရာစံရပ်ကွက်),country:11:မြန်မာ > state_region:13:ရန်ကုန်တိုင်းဒေသကြီး > district:5310:ကမာရွတ်ခရိုင် > township:5565:ဗဟန်း > ward_village_tract:5318:အဇစ်ကုန်းရပ်ကွက် (ဆရာစံရပ်ကွက်),5565,manual_review,manual_review,True,Core WVT not matched to an official MIMU ward/village-tract row,96.157397747961,16.82225495,1a7f40db958c7cf865fa9f331066acd8
5331,ward_village_tract,ward,အမှတ် (၂၄) သုဝဏ္ဏရပ်ကွက်,country:11:မြန်မာ > state_region:13:ရန်ကုန်တိုင်းဒေသကြီး > district:5282:သင်္ဃန်းကျွန်းခရိုင် > township:5344:သင်္ဃန်းကျွန်း > ward_village_tract:5331:အမှတ် (၂၄) သုဝဏ္ဏရပ်ကွက်,5344,manual_review,manual_review,True,Core WVT not matched to an official MIMU ward/village-tract row,96.1948132320374,16.81360765,ac75441823a74935e4a0fc77793c179d
5334,ward_village_tract,ward,အမှတ် (၂၉) သုဝဏ္ဏရပ်ကွက်,country:11:မြန်မာ > state_region:13:ရန်ကုန်တိုင်းဒေသကြီး > district:5282:သင်္ဃန်းကျွန်းခရိုင် > township:5344:သင်္ဃန်းကျွန်း > ward_village_tract:5334:အမှတ် (၂၉) သုဝဏ္ဏရပ်ကွက်,5344,manual_review,manual_review,True,Core WVT not matched to an official MIMU ward/village-tract row,96.2093257469365,16.817051,c3f88cd00a3e8545bbadb6655b1e6af3
5335,ward_village_tract,ward,အမှတ် (၂၅) သုဝဏ္ဏရပ်ကွက်,country:11:မြန်မာ > state_region:13:ရန်ကုန်တိုင်းဒေသကြီး > district:5282:သင်္ဃန်းကျွန်းခရိုင် > township:5344:သင်္ဃန်းကျွန်း > ward_village_tract:5335:အမှတ် (၂၅) သုဝဏ္ဏရပ်ကွက်,5344,manual_review,manual_review,True,Core WVT not matched to an official MIMU ward/village-tract row,96.2033863912768,16.8231535,554c52ba103bb976a3cf99979501e8b8
5367,ward_village_tract,ward,အမှတ် (၅၈) ရပ်ကွက်,country:11:မြန်မာ > state_region:13:ရန်ကုန်တိုင်းဒေသကြီး > district:5170:ဒဂုံမြို့သစ်ခရိုင် > township:5231:ဒဂုံမြို့သစ်တောင်ပိုင်း > ward_village_tract:5367:အမှတ် (၅၈) ရပ်ကွက်,5231,manual_review,manual_review,True,Core WVT not matched to an official MIMU ward/village-tract row,96.2482026109067,16.84167625,e2dfb14e92c4c5f79713b88983a84d7e
5369,ward_village_tract,ward,အမှတ် (၆၀) ရပ်ကွက်,country:11:မြန်မာ > state_region:13:ရန်ကုန်တိုင်းဒေသကြီး > district:5170:ဒဂုံမြို့သစ်ခရိုင် > township:5213:ဒဂုံဆိပ်ကမ်း > ward_village_tract:5369:အမှတ် (၆၀) ရပ်ကွက်,5213,manual_review,manual_review,True,Core WVT not matched to an official MIMU ward/village-tract row,96.2480057525185,16.8316307,de4984755fd32ca9ac99c5cf4d71702c
5370,ward_village_tract,ward,အမှတ် (၆၁) ရပ်ကွက်,country:11:မြန်မာ > state_region:13:ရန်ကုန်တိုင်းဒေသကြီး > district:5170:ဒဂုံမြို့သစ်ခရိုင် > township:5213:ဒဂုံဆိပ်ကမ်း > ward_village_tract:5370:အမှတ် (၆၁) ရပ်ကွက်,5213,manual_review,manual_review,True,Core WVT not matched to an official MIMU ward/village-tract row,96.2447557012962,16.820313,0ba76d9244d5d0f8ed3e4dc196486304
5373,ward_village_tract,ward,အမှတ် (၆၇) ရပ်ကွက်,country:11:မြန်မာ > state_region:13:ရန်ကုန်တိုင်းဒေသကြီး > district:5170:ဒဂုံမြို့သစ်ခရိုင် > township:5213:ဒဂုံဆိပ်ကမ်း > ward_village_tract:5373:အမှတ် (၆၇) ရပ်ကွက်,5213,manual_review,manual_review,True,Core WVT not matched to an official MIMU ward/village-tract row,96.2404842112439,16.80952535,7c05b0fd31e46507cdfe6a7cb5121cae
5376,ward_village_tract,ward,အမှတ် (၁) ရပ်ကွက်,country:11:မြန်မာ > state_region:6378:ဝပြည်နယ် တောင်ပိုင်း > district:6384:မိုင်းတုံခရိုင် > town:5979:ပုံပါကျင်မြို့နယ်ခွဲ > ward_village_tract:5376:အမှတ် (၁) ရပ်ကွက်,5979,manual_review,manual_review,True,Core WVT not matched to an official MIMU ward/village-tract row,98.9305319508708,19.8988459,320bd3755cdae6ea2a1f3e8418330e3b
5442,ward_village_tract,ward,ဆိပ်ကမ်းမိသားစုရိပ်သာရပ်ကွက်,country:11:မြန်မာ > state_region:13:ရန်ကုန်တိုင်းဒေသကြီး > district:5510:ကျောက်တံတားခရိုင် > township:5476:လမ်းမတော် > ward_village_tract:5442:ဆိပ်ကမ်းမိသားစုရိပ်သာရပ်ကွက်,5476,manual_review,manual_review,True,Core WVT not matched to an official MIMU ward/village-tract row,96.1601580401886,16.76923355,9e67bcc66d773608e11d228f03147630
5493,ward_village_tract,ward,ဆရာမှတ်ကြီး (အနောက်) ရပ်ကွက် (စောရန်ပိုင်(အနောက်)),country:11:မြန်မာ > state_region:13:ရန်ကုန်တိုင်းဒေသကြီး > district:5601:အလုံခရိုင် > township:5494:အလုံ > ward_village_tract:5493:ဆရာမှတ်ကြီး (အနောက်) ရပ်ကွက် (စောရန်ပိုင်(အနောက်)),5494,manual_review,manual_review,True,Core WVT not matched to an official MIMU ward/village-tract row,96.127033101134,16.78026645,81cf81cdd449d30c845968370bd26788
5496,ward_village_tract,ward,ဆရာမှတ်ကြီး (အရှေ့) ရပ်ကွက် (စောရန်ပိုင်(အရှေ့)),country:11:မြန်မာ > state_region:13:ရန်ကုန်တိုင်းဒေသကြီး > district:5601:အလုံခရိုင် > township:5494:အလုံ > ward_village_tract:5496:ဆရာမှတ်ကြီး (အရှေ့) ရပ်ကွက် (စောရန်ပိုင်(အရှေ့)),5494,manual_review,manual_review,True,Core WVT not matched to an official MIMU ward/village-tract row,96.1335417608808,16.7836708,dadbc65f7e35d4705eaa8781de505d45
5497,ward_village_tract,ward,ဆူပါပင် (တောင်) ရပ်ကွက် (စောရန်ပိုင်(တောင်)),country:11:မြန်မာ > state_region:13:ရန်ကုန်တိုင်းဒေသကြီး > district:5601:အလုံခရိုင် > township:5494:အလုံ > ward_village_tract:5497:ဆူပါပင် (တောင်) ရပ်ကွက် (စောရန်ပိုင်(တောင်)),5494,manual_review,manual_review,True,Core WVT not matched to an official MIMU ward/village-tract row,96.1299661451212,16.78629775,ec552fdc2786824c4c19d8fca9a924db
5501,ward_village_tract,ward,ဆူပါပင် (မြောက်) ရပ်ကွက် (စောရန်ပိုင်(မြောက်)),country:11:မြန်မာ > state_region:13:ရန်ကုန်တိုင်းဒေသကြီး > district:5601:အလုံခရိုင် > township:5494:အလုံ > ward_village_tract:5501:ဆူပါပင် (မြောက်) ရပ်ကွက် (စောရန်ပိုင်(မြောက်)),5494,manual_review,manual_review,True,Core WVT not matched to an official MIMU ward/village-tract row,96.1268623923389,16.79143525,9c0abf7dfb6810090bcc77971fbd072e
5544,ward_village_tract,ward,ဂျမား (၁) ရပ်ကွက် (ဗိုလ်ချို(၁)ရပ်ကွက်),country:11:မြန်မာ > state_region:13:ရန်ကုန်တိုင်းဒေသကြီး > district:5310:ကမာရွတ်ခရိုင် > township:5565:ဗဟန်း > ward_village_tract:5544:ဂျမား (၁) ရပ်ကွက် (ဗိုလ်ချို(၁)ရပ်ကွက်),5565,manual_review,manual_review,True,Core WVT not matched to an official MIMU ward/village-tract row,96.1599267323318,16.80181485,da3b2ed8d4435493766f4e16091b57f3
5545,ward_village_tract,ward,ဂျမား (၂) ရပ်ကွက် (ဗိုလ်ချို(၂)ရပ်ကွက်),country:11:မြန်မာ > state_region:13:ရန်ကုန်တိုင်းဒေသကြီး > district:5310:ကမာရွတ်ခရိုင် > township:5565:ဗဟန်း > ward_village_tract:5545:ဂျမား (၂) ရပ်ကွက် (ဗိုလ်ချို(၂)ရပ်ကွက်),5565,manual_review,manual_review,True,Core WVT not matched to an official MIMU ward/village-tract row,96.1667034086214,16.8025413,49422b116edb2d2981fd37f4de6c5e19
5554,ward_village_tract,ward,ဗျိုင်းရေအိုးစဉ်ရွာမရပ်ကွက်,country:11:မြန်မာ > state_region:13:ရန်ကုန်တိုင်းဒေသကြီး > district:5282:သင်္ဃန်းကျွန်းခရိုင် > township:5568:တာမွေ > ward_village_tract:5554:ဗျိုင်းရေအိုးစဉ်ရွာမရပ်ကွက်,5568,manual_review,manual_review,True,Core WVT not matched to an official MIMU ward/village-tract row,96.1751077786971,16.8048852,31c594a2940ba5c49012ebcb9886590b
5555,ward_village_tract,ward,ဗျိုင်းရေအိုးစဉ်ကွက်သစ်ရပ်ကွက်,country:11:မြန်မာ > state_region:13:ရန်ကုန်တိုင်းဒေသကြီး > district:5282:သင်္ဃန်းကျွန်းခရိုင် > township:5568:တာမွေ > ward_village_tract:5555:ဗျိုင်းရေအိုးစဉ်ကွက်သစ်ရပ်ကွက်,5568,manual_review,manual_review,True,Core WVT not matched to an official MIMU ward/village-tract row,96.1731417892329,16.80642015,df59a7fd8431cbfe33bf0aad81fe019c
5572,ward_village_tract,ward,ဗဟန်းမြို့မ ရပ်ကွက်,country:11:မြန်မာ > state_region:13:ရန်ကုန်တိုင်းဒေသကြီး > district:5310:ကမာရွတ်ခရိုင် > township:5565:ဗဟန်း > ward_village_tract:5572:ဗဟန်းမြို့မ ရပ်ကွက်,5565,manual_review,manual_review,True,Core WVT not matched to an official MIMU ward/village-tract row,96.1562917343656,16.79779105,b7cba39977699e01a38c3b31e4c3098e
5599,ward_village_tract,ward,ဘော်ကာရပ်ကွက် (ဘောဂရပ်ကွက်),country:11:မြန်မာ > state_region:13:ရန်ကုန်တိုင်းဒေသကြီး > district:5601:အလုံခရိုင် > township:5596:ကြည့်မြင်တိုင် > ward_village_tract:5599:ဘော်ကာရပ်ကွက် (ဘောဂရပ်ကွက်),5596,manual_review,manual_review,True,Core WVT not matched to an official MIMU ward/village-tract row,96.1242456208819,16.80205665,c0e95599696d0cb3f439b0fd71db86ed
5600,ward_village_tract,ward,ချင်းချောင်းဟုမ်းလမ်းရပ်ကွက် (ပန်းလှိုင်ရပ်ကွက်),country:11:မြန်မာ > state_region:13:ရန်ကုန်တိုင်းဒေသကြီး > district:5601:အလုံခရိုင် > township:5596:ကြည့်မြင်တိုင် > ward_village_tract:5600:ချင်းချောင်းဟုမ်းလမ်းရပ်ကွက် (ပန်းလှိုင်ရပ်ကွက်),5596,manual_review,manual_review,True,Core WVT not matched to an official MIMU ward/village-tract row,96.1242413495674,16.79928685,c7310826e2df78a48147e4f2fb7361b5
5689,ward_village_tract,ward,ကင်းရပ်ကွက်,country:11:မြန်မာ > state_region:7279:ဧ​ရာဝတီတိုင်း > district:7209:ဟင်္သာတခရိုင် > township:7208:ဟင်္သာတမြို့နယ် > ward_village_tract:5689:ကင်းရပ်ကွက်,7208,manual_review,manual_review,True,Core WVT not matched to an official MIMU ward/village-tract row,95.4769826113099,17.64066395,af08163aa6befcbb7896b31d2e08156c
5705,ward_village_tract,ward,ကြံခင်းစုရပ်ကွက်,country:11:မြန်မာ > state_region:13:ရန်ကုန်တိုင်းဒေသကြီး > district:5706:မရမ်းကုန်း မြို့နယ် > township:5253:မရမ်းကုန်း > ward_village_tract:5705:ကြံခင်းစုရပ်ကွက်,5253,manual_review,manual_review,True,Core WVT not matched to an official MIMU ward/village-tract row,96.142912289067,16.8981885,d3c023604395fcf756dd3a56829ec293
5836,ward_village_tract,ward,လမ်းဆုံပိုင်းရပ်ကွက် (ထောက်ကြံ့လမ်းဆုံ),country:11:မြန်မာ > state_region:13:ရန်ကုန်တိုင်းဒေသကြီး > district:5802:မင်္ဂလာဒုံခရိုင် > township:5801:မင်္ဂလာဒုံ > ward_village_tract:5836:လမ်းဆုံပိုင်းရပ်ကွက် (ထောက်ကြံ့လမ်းဆုံ),5801,manual_review,manual_review,True,Core WVT not matched to an official MIMU ward/village-tract row,96.1311828639155,17.04062845,7fedb23c2b84a5c818a7faed3db0976b
5838,ward_village_tract,ward,ရွာမပိုင်းရပ်ကွက် (ထောက်ကြံ့ရွာမ),country:11:မြန်မာ > state_region:13:ရန်ကုန်တိုင်းဒေသကြီး > district:5802:မင်္ဂလာဒုံခရိုင် > township:5801:မင်္ဂလာဒုံ > ward_village_tract:5838:ရွာမပိုင်းရပ်ကွက် (ထောက်ကြံ့ရွာမ),5801,manual_review,manual_review,True,Core WVT not matched to an official MIMU ward/village-tract row,96.1674491323452,17.0541718,f744af67e24900d93b76e8ba8ccdead5
5843,ward_village_tract,ward,ဈေးပိုင်းရပ်ကွက် (ထောက်ကြံ့ဈေး),country:11:မြန်မာ > state_region:13:ရန်ကုန်တိုင်းဒေသကြီး > district:5802:မင်္ဂလာဒုံခရိုင် > township:5801:မင်္ဂလာဒုံ > ward_village_tract:5843:ဈေးပိုင်းရပ်ကွက် (ထောက်ကြံ့ဈေး),5801,manual_review,manual_review,True,Core WVT not matched to an official MIMU ward/village-tract row,96.1362613920166,17.0431329,248f543b802b1257acd028894308c7a8
5886,ward_village_tract,ward,အေးရိပ်ငြိမ်ကွက်သစ်,country:11:မြန်မာ > state_region:5089:မွန်ပြည်နယ် > district:5882:ကျိုက်ထိုခရိုင် > township:5889:ကျိုက်ထိုမြို့နယ် > ward_village_tract:5886:အေးရိပ်ငြိမ်ကွက်သစ်,5889,manual_review,manual_review,True,Core WVT not matched to an official MIMU ward/village-tract row,97.0011876733491,17.31970085,17b97b6022aa5822229172805b35bde8
5891,ward_village_tract,ward,ဂန့်ဂေါ်ဝိုင်းရပ်ကွက်,country:11:မြန်မာ > state_region:7169:ပဲခူးတိုင်းဒေသကြီး > district:5923:ပဲခူးခရိုင် > township:5920:ရွှေကျင်မြို့နယ် > ward_village_tract:5891:ဂန့်ဂေါ်ဝိုင်းရပ်ကွက်,5920,duplicate,merge_duplicate,True,Candidate merge with sibling CoreMap rows sharing parent and normalized name,96.8773249306656,17.9262682,8b5b3b834a761c5fb117fa8893ba6f52
5897,ward_village_tract,ward,ဂန့်ဂေါ်ဝိုင်းရပ်ကွက်,country:11:မြန်မာ > state_region:7169:ပဲခူးတိုင်းဒေသကြီး > district:5923:ပဲခူးခရိုင် > township:5920:ရွှေကျင်မြို့နယ် > ward_village_tract:5897:ဂန့်ဂေါ်ဝိုင်းရပ်ကွက်,5920,duplicate,merge_duplicate,True,Candidate merge with sibling CoreMap rows sharing parent and normalized name,96.8773249306656,17.9262682,8b5b3b834a761c5fb117fa8893ba6f52
5980,ward_village_tract,ward,အမှတ် (၄) ရပ်ကွက်,country:11:မြန်မာ > state_region:6378:ဝပြည်နယ် တောင်ပိုင်း > district:6384:မိုင်းတုံခရိုင် > town:5979:ပုံပါကျင်မြို့နယ်ခွဲ > ward_village_tract:5980:အမှတ် (၄) ရပ်ကွက်,5979,manual_review,manual_review,True,Core WVT not matched to an official MIMU ward/village-tract row,98.9404914154971,19.88429515,2b072c62ca5f83b8c2f9083fc0e4f86d
5981,ward_village_tract,ward,အမှတ် (၅) ရပ်ကွက်,country:11:မြန်မာ > state_region:6378:ဝပြည်နယ် တောင်ပိုင်း > district:6384:မိုင်းတုံခရိုင် > town:5979:ပုံပါကျင်မြို့နယ်ခွဲ > ward_village_tract:5981:အမှတ် (၅) ရပ်ကွက်,5979,manual_review,manual_review,True,Core WVT not matched to an official MIMU ward/village-tract row,98.9463215828287,19.8905287,384010f00890f99d0af1e4d50725f33a
5982,ward_village_tract,ward,အမှတ် (၂) ရပ်ကွက်,country:11:မြန်မာ > state_region:6378:ဝပြည်နယ် တောင်ပိုင်း > district:6384:မိုင်းတုံခရိုင် > town:5979:ပုံပါကျင်မြို့နယ်ခွဲ > ward_village_tract:5982:အမှတ် (၂) ရပ်ကွက်,5979,manual_review,manual_review,True,Core WVT not matched to an official MIMU ward/village-tract row,98.9399544072886,19.8881196,a4f9f37fc13e25c48b48c31be147db6c
5984,ward_village_tract,ward,အမှတ် (၃) ရပ်ကွက်,country:11:မြန်မာ > state_region:6378:ဝပြည်နယ် တောင်ပိုင်း > district:6384:မိုင်းတုံခရိုင် > town:5979:ပုံပါကျင်မြို့နယ်ခွဲ > ward_village_tract:5984:အမှတ် (၃) ရပ်ကွက်,5979,manual_review,manual_review,True,Core WVT not matched to an official MIMU ward/village-tract row,98.9339652346728,19.88458455,d21345f4215c27f3f214680867b0e05d
5989,ward_village_tract,ward,ရွှေအင်ကြင်းရပ်ကွက်,country:11:မြန်မာ > state_region:6031:နေပြည်တော် ပြည်ထောင်စုနယ်မြေ > district:5991:လယ်ဝေးခရိုင် > township:5990:လယ်ဝေး > ward_village_tract:5989:ရွှေအင်ကြင်းရပ်ကွက်,5990,manual_review,manual_review,True,Core WVT not matched to an official MIMU ward/village-tract row,96.0927073496453,19.64492125,fabf4097503001ccb9b4b35f18087921
6011,ward_village_tract,ward,ဓနသိဒ္ဓိရပ်ကွက်,country:11:မြန်မာ > state_region:6031:နေပြည်တော် ပြည်ထောင်စုနယ်မြေ > district:6037:ပျဉ်းမနားခရိုင် > township:6029:ဇမ္ဗူသီရိမြို့နယ် > ward_village_tract:6011:ဓနသိဒ္ဓိရပ်ကွက်,6029,duplicate,merge_duplicate,True,Candidate merge with sibling CoreMap rows sharing parent and normalized name,96.0598042298327,19.71825925,2d99fe063f615bef53cd563db588b5d2
6012,ward_village_tract,ward,ဉာဏသိဒ္ဓိရပ်ကွက်,country:11:မြန်မာ > state_region:6031:နေပြည်တော် ပြည်ထောင်စုနယ်မြေ > district:6037:ပျဉ်းမနားခရိုင် > township:6029:ဇမ္ဗူသီရိမြို့နယ် > ward_village_tract:6012:ဉာဏသိဒ္ဓိရပ်ကွက်,6029,duplicate,merge_duplicate,True,Candidate merge with sibling CoreMap rows sharing parent and normalized name,96.0708365777362,19.74509525,d8fea9dfbf73eb44fe6f8aad146a0170
6022,ward_village_tract,ward,ဉာဏသိဒ္ဓိရပ်ကွက်,country:11:မြန်မာ > state_region:6031:နေပြည်တော် ပြည်ထောင်စုနယ်မြေ > district:6037:ပျဉ်းမနားခရိုင် > township:6029:ဇမ္ဗူသီရိမြို့နယ် > ward_village_tract:6022:ဉာဏသိဒ္ဓိရပ်ကွက်,6029,duplicate,merge_duplicate,True,Candidate merge with sibling CoreMap rows sharing parent and normalized name,96.0566941978303,19.74876515,9d38c86098bdcb09c10ca06f1025ebbc
6023,ward_village_tract,ward,ဗလသိဒ္ဓိရပ်ကွက်,country:11:မြန်မာ > state_region:6031:နေပြည်တော် ပြည်ထောင်စုနယ်မြေ > district:6037:ပျဉ်းမနားခရိုင် > township:6029:ဇမ္ဗူသီရိမြို့နယ် > ward_village_tract:6023:ဗလသိဒ္ဓိရပ်ကွက်,6029,duplicate,merge_duplicate,True,Candidate merge with sibling CoreMap rows sharing parent and normalized name,96.0593441155129,19.7347278,f6e643c7e72c8ac836a821a6a0ff5619
6024,ward_village_tract,ward,ဓနသိဒ္ဓိရပ်ကွက်,country:11:မြန်မာ > state_region:6031:နေပြည်တော် ပြည်ထောင်စုနယ်မြေ > district:6037:ပျဉ်းမနားခရိုင် > township:6029:ဇမ္ဗူသီရိမြို့နယ် > ward_village_tract:6024:ဓနသိဒ္ဓိရပ်ကွက်,6029,duplicate,merge_duplicate,True,Candidate merge with sibling CoreMap rows sharing parent and normalized name,96.0611154037132,19.72940385,7b9cfa9b76005bbd3a7b7c6543fe4183
6025,ward_village_tract,ward,ဗလသိဒ္ဓိရပ်ကွက်,country:11:မြန်မာ > state_region:6031:နေပြည်တော် ပြည်ထောင်စုနယ်မြေ > district:6037:ပျဉ်းမနားခရိုင် > township:6029:ဇမ္ဗူသီရိမြို့နယ် > ward_village_tract:6025:ဗလသိဒ္ဓိရပ်ကွက်,6029,duplicate,merge_duplicate,True,Candidate merge with sibling CoreMap rows sharing parent and normalized name,96.055627995298,19.72986165,83101487c2643eef08c8ca69b4ca0f4d
6054,ward_village_tract,ward,သုခသိဒ္ဓိရပ်ကွက်,country:11:မြန်မာ > state_region:6031:နေပြည်တော် ပြည်ထောင်စုနယ်မြေ > district:6037:ပျဉ်းမနားခရိုင် > township:6029:ဇမ္ဗူသီရိမြို့နယ် > ward_village_tract:6054:သုခသိဒ္ဓိရပ်ကွက်,6029,duplicate,merge_duplicate,True,Candidate merge with sibling CoreMap rows sharing parent and normalized name,96.0602542440073,19.76048485,422f7f5af753d765ba9921c328d37daa
6070,ward_village_tract,ward,ဘန့်ဖယ်ရပ်ကွက်,country:11:မြန်မာ > state_region:6031:နေပြည်တော် ပြည်ထောင်စုနယ်မြေ > district:6042:ဇေယျာသီရိခရိုင် > township:6073:ပင်လောင်းမြို့နယ် > ward_village_tract:6070:ဘန့်ဖယ်ရပ်ကွက်,6073,manual_review,manual_review,True,Core WVT not matched to an official MIMU ward/village-tract row,96.7795023383992,20.1302534,0ecc3e3b112f27b8e426ef84d6a38fec
6071,ward_village_tract,ward,ဘုရားမြောက်ရပ်ကွက်,country:11:မြန်မာ > state_region:6031:နေပြည်တော် ပြည်ထောင်စုနယ်မြေ > district:6042:ဇေယျာသီရိခရိုင် > township:6073:ပင်လောင်းမြို့နယ် > ward_village_tract:6071:ဘုရားမြောက်ရပ်ကွက်,6073,manual_review,manual_review,True,Core WVT not matched to an official MIMU ward/village-tract row,96.7805656359467,20.128191,0fece5801cf57874c2f229771b9ed69b
6074,ward_village_tract,ward,ကန်သာဦးရပ်ကွက်,country:11:မြန်မာ > state_region:6031:နေပြည်တော် ပြည်ထောင်စုနယ်မြေ > district:6042:ဇေယျာသီရိခရိုင် > township:6073:ပင်လောင်းမြို့နယ် > ward_village_tract:6074:ကန်သာဦးရပ်ကွက်,6073,manual_review,manual_review,True,Core WVT not matched to an official MIMU ward/village-tract row,96.7854874133185,20.1144454,8ba00e943a39d3df65b5f270c5002ddd
6075,ward_village_tract,ward,ရင်းမှီးရပ်ကွက်,country:11:မြန်မာ > state_region:6031:နေပြည်တော် ပြည်ထောင်စုနယ်မြေ > district:6042:ဇေယျာသီရိခရိုင် > township:6073:ပင်လောင်းမြို့နယ် > ward_village_tract:6075:ရင်းမှီးရပ်ကွက်,6073,manual_review,manual_review,True,Core WVT not matched to an official MIMU ward/village-tract row,96.7882055168077,20.0886514,3dd9cc6e3dea8eac83cf735ed236b6bf
6077,ward_village_tract,ward,အရှေ့ရပ်ကွက်,country:11:မြန်မာ > state_region:6031:နေပြည်တော် ပြည်ထောင်စုနယ်မြေ > district:6042:ဇေယျာသီရိခရိုင် > township:6073:ပင်လောင်းမြို့နယ် > ward_village_tract:6077:အရှေ့ရပ်ကွက်,6073,manual_review,manual_review,True,Core WVT not matched to an official MIMU ward/village-tract row,96.7834643429016,20.1274065,bf15b7dd362809868e02daf95d3c267c
6078,ward_village_tract,ward,ဈေးတန်းရပ်ကွက်,country:11:မြန်မာ > state_region:6031:နေပြည်တော် ပြည်ထောင်စုနယ်မြေ > district:6042:ဇေယျာသီရိခရိုင် > township:6073:ပင်လောင်းမြို့နယ် > ward_village_tract:6078:ဈေးတန်းရပ်ကွက်,6073,manual_review,manual_review,True,Core WVT not matched to an official MIMU ward/village-tract row,96.7775085333546,20.1235322,510b1c2c7af649872d4ff60a0e6d0b6d
6079,ward_village_tract,ward,အနောက်ရပ်ကွက်,country:11:မြန်မာ > state_region:6031:နေပြည်တော် ပြည်ထောင်စုနယ်မြေ > district:6042:ဇေယျာသီရိခရိုင် > township:6073:ပင်လောင်းမြို့နယ် > ward_village_tract:6079:အနောက်ရပ်ကွက်,6073,manual_review,manual_review,True,Core WVT not matched to an official MIMU ward/village-tract row,96.7809046197846,20.1238959,7a04d9aed4a951b844280d933face8b1
6080,ward_village_tract,ward,ရုံးဝင်းရပ်ကွက်,country:11:မြန်မာ > state_region:6031:နေပြည်တော် ပြည်ထောင်စုနယ်မြေ > district:6042:ဇေယျာသီရိခရိုင် > township:6073:ပင်လောင်းမြို့နယ် > ward_village_tract:6080:ရုံးဝင်းရပ်ကွက်,6073,manual_review,manual_review,True,Core WVT not matched to an official MIMU ward/village-tract row,96.7806424029777,20.1155082,ca79ecadb61b5b7d941842dace09daa7
6082,ward_village_tract,ward,မင်္ဂလာကွက်သစ်ရပ်ကွက်,country:11:မြန်မာ > state_region:6031:နေပြည်တော် ပြည်ထောင်စုနယ်မြေ > district:6042:ဇေယျာသီရိခရိုင် > township:6073:ပင်လောင်းမြို့နယ် > ward_village_tract:6082:မင်္ဂလာကွက်သစ်ရပ်ကွက်,6073,manual_review,manual_review,True,Core WVT not matched to an official MIMU ward/village-tract row,96.782869166628,20.114333,613ca90a0ccf4b89735e35647238ba8c
6083,ward_village_tract,ward,ကိုးခေါင်ရပ်ကွက်,country:11:မြန်မာ > state_region:6031:နေပြည်တော် ပြည်ထောင်စုနယ်မြေ > district:6042:ဇေယျာသီရိခရိုင် > township:6073:ပင်လောင်းမြို့နယ် > ward_village_tract:6083:ကိုးခေါင်ရပ်ကွက်,6073,manual_review,manual_review,True,Core WVT not matched to an official MIMU ward/village-tract row,96.7827484251156,20.1015981,87756973b48a3dac5704c2d136d0cb9d
6084,ward_village_tract,ward,မင်္ဂလာရပ်ကွက်,country:11:မြန်မာ > state_region:6007:ကယားပြည်နယ် > district:5999:လွိုင်ကော်‌ခရိုင် > township:6091:ဆီဆိုင်မြို့နယ် > ward_village_tract:6084:မင်္ဂလာရပ်ကွက်,6091,manual_review,manual_review,True,Core WVT not matched to an official MIMU ward/village-tract row,97.2493385794514,20.1653126,ddc0f791956eb933afbd103c81cc59d0
6085,ward_village_tract,ward,သီရိရပ်ကွက်,country:11:မြန်မာ > state_region:6007:ကယားပြည်နယ် > district:5999:လွိုင်ကော်‌ခရိုင် > township:6091:ဆီဆိုင်မြို့နယ် > ward_village_tract:6085:သီရိရပ်ကွက်,6091,manual_review,manual_review,True,Core WVT not matched to an official MIMU ward/village-tract row,97.2503620635479,20.1615503,497cb69d14ccc03195c547b41d66770b
6087,ward_village_tract,ward,အောင်သပြေရပ်ကွက်,country:11:မြန်မာ > state_region:6007:ကယားပြည်နယ် > district:5999:လွိုင်ကော်‌ခရိုင် > township:6091:ဆီဆိုင်မြို့နယ် > ward_village_tract:6087:အောင်သပြေရပ်ကွက်,6091,manual_review,manual_review,True,Core WVT not matched to an official MIMU ward/village-tract row,97.2506626232652,20.15444675,5e1cad0570b188c41714312f7fc630ba
6088,ward_village_tract,ward,အောင်ချမ်းသာရပ်ကွက်,country:11:မြန်မာ > state_region:6007:ကယားပြည်နယ် > district:5999:လွိုင်ကော်‌ခရိုင် > township:6091:ဆီဆိုင်မြို့နယ် > ward_village_tract:6088:အောင်ချမ်းသာရပ်ကွက်,6091,manual_review,manual_review,True,Core WVT not matched to an official MIMU ward/village-tract row,97.2596694921555,20.1526882,4ab9ca2779faac94033a568d1442271c
6089,ward_village_tract,ward,မြကန်သာရပ်ကွက်,country:11:မြန်မာ > state_region:6007:ကယားပြည်နယ် > district:5999:လွိုင်ကော်‌ခရိုင် > township:6091:ဆီဆိုင်မြို့နယ် > ward_village_tract:6089:မြကန်သာရပ်ကွက်,6091,manual_review,manual_review,True,Core WVT not matched to an official MIMU ward/village-tract row,97.2562629460075,20.16770325,bf486a518069e31781203ce62143b7cf
6090,ward_village_tract,ward,ဟိုခဲရပ်ကွက်,country:11:မြန်မာ > state_region:6007:ကယားပြည်နယ် > district:5999:လွိုင်ကော်‌ခရိုင် > township:6091:ဆီဆိုင်မြို့နယ် > ward_village_tract:6090:ဟိုခဲရပ်ကွက်,6091,manual_review,manual_review,True,Core WVT not matched to an official MIMU ward/village-tract row,97.2520176169887,20.1693552,d3bd9194a3e84292c472f83cd252dbfc
6098,ward_village_tract,ward,အမှတ် (၉) ရပ်ကွက်,country:11:မြန်မာ > state_region:7279:ဧ​ရာဝတီတိုင်း > district:7299:မအူပင်ခရိုင် > township:7295:ဓနုဖြူမြို့နယ် > ward_village_tract:6098:အမှတ် (၉) ရပ်ကွက်,7295,manual_review,manual_review,True,Core WVT not matched to an official MIMU ward/village-tract row,95.5914514584603,17.2560619,e5d610643a4059c93bb7298666f2ccb5
6173,ward_village_tract,ward,ရွာမရပ်ကွက်,country:11:မြန်မာ > state_region:6832:မန္တလေးတိုင်း > district:6197:ကျောက်ဆည်ခရိုင် > township:6187:ရွာငံမြို့နယ် > ward_village_tract:6173:ရွာမရပ်ကွက်,6187,manual_review,manual_review,True,Core WVT not matched to an official MIMU ward/village-tract row,96.4471021673239,21.1693201,5aac9b0bd517994c1ee04c39e3c396e0
6175,ward_village_tract,ward,မြို့ကုန်းရပ်ကွက်,country:11:မြန်မာ > state_region:6832:မန္တလေးတိုင်း > district:6197:ကျောက်ဆည်ခရိုင် > township:6187:ရွာငံမြို့နယ် > ward_village_tract:6175:မြို့ကုန်းရပ်ကွက်,6187,manual_review,manual_review,True,Core WVT not matched to an official MIMU ward/village-tract row,96.4436283986351,21.1729907,57d101a1ebdde53a70e1a62964e2b903
6186,ward_village_tract,ward,ဈေးတန်းရပ်ကွက်,country:11:မြန်မာ > state_region:6832:မန္တလေးတိုင်း > district:6197:ကျောက်ဆည်ခရိုင် > township:6187:ရွာငံမြို့နယ် > ward_village_tract:6186:ဈေးတန်းရပ်ကွက်,6187,manual_review,manual_review,True,Core WVT not matched to an official MIMU ward/village-tract row,96.4437475394919,21.1572457,82c8855425325305d5069a0f691d426e
6209,ward_village_tract,ward,(ဈ) ရပ်ကွက်,country:11:မြန်မာ > state_region:6832:မန္တလေးတိုင်း > district:6538:အောင်မြေသာစံ > township:6276:ပုသိမ်ကြီးမြို့နယ် > ward_village_tract:6209:(ဈ) ရပ်ကွက်,6276,manual_review,manual_review,True,Core WVT not matched to an official MIMU ward/village-tract row,96.1146793782127,21.87992815,6635e40fffb10c29d0561738921da8b5
6211,ward_village_tract,ward,ငွေတော်ကြည်ကုန်းရပ်ကွက်,country:11:မြန်မာ > state_region:6832:မန္တလေးတိုင်း > district:6224:မဟာအောင်မြေ > township:6203:ပြည်ကြီးတံခွန် > ward_village_tract:6211:ငွေတော်ကြည်ကုန်းရပ်ကွက်,6203,duplicate,merge_duplicate,True,Candidate merge with sibling CoreMap rows sharing parent and normalized name,96.0947443212228,21.91211105,289c5c0b67299769f499f6e9702b3efe
6212,ward_village_tract,ward,ငွေတော်ကြည်ကုန်းရပ်ကွက်,country:11:မြန်မာ > state_region:6832:မန္တလေးတိုင်း > district:6224:မဟာအောင်မြေ > township:6203:ပြည်ကြီးတံခွန် > ward_village_tract:6212:ငွေတော်ကြည်ကုန်းရပ်ကွက်,6203,duplicate,merge_duplicate,True,Candidate merge with sibling CoreMap rows sharing parent and normalized name,96.0947443212228,21.91211105,289c5c0b67299769f499f6e9702b3efe
6243,ward_village_tract,special_area,မန္တလေးနန်းတော်,country:11:မြန်မာ > state_region:6832:မန္တလေးတိုင်း > town:6273:မန္တလေးမြို့ > ward_village_tract:6243:မန္တလေးနန်းတော်,6273,manual_review,manual_review,True,Core WVT not matched to an official MIMU ward/village-tract row,96.0961940758373,21.9929149,161205060383ed8d073be5ba4e5b0788
6256,ward_village_tract,ward,တက္ကသိုလ်ရပ်ကွက်,country:11:မြန်မာ > state_region:6832:မန္တလေးတိုင်း > district:6224:မဟာအောင်မြေ > township:6223:ချမ်းမြသာစည် > ward_village_tract:6256:တက္ကသိုလ်ရပ်ကွက်,6223,manual_review,manual_review,True,Core WVT not matched to an official MIMU ward/village-tract row,96.0971164619131,21.95414795,e082928d374e42f28ff895887c0f3c3d
6291,ward_village_tract,ward,အမှတ် (၂) ရပ်ကွက်,country:11:မြန်မာ > state_region:6329:ရှမ်းပြည်နယ် > district:6444:မူပန်ခရိုင် > town:6497:လားရှိုးမြို့ > ward_village_tract:6291:အမှတ် (၂) ရပ်ကွက်,6497,manual_review,manual_review,True,Core WVT not matched to an official MIMU ward/village-tract row,97.7483831591449,22.9412063,760661e29784b21acb7480a74120de99
6357,ward_village_tract,ward,အမှတ် (၃) ရပ်ကွက်,country:11:မြန်မာ > state_region:6329:ရှမ်းပြည်နယ် > district:6411:ကိုးကန့် > township:6412:ရှင်းဝမ်မြို့နယ် > ward_village_tract:6357:အမှတ် (၃) ရပ်ကွက်,6412,manual_review,manual_review,True,Core WVT not matched to an official MIMU ward/village-tract row,98.5411508188645,23.82657455,38024326929de4dd355f2b56ca057e1e
6366,ward_village_tract,ward,အမှတ် (၁၁) ရပ်ကွက်,country:11:မြန်မာ > state_region:6329:ရှမ်းပြည်နယ် > district:6444:မူပန်ခရိုင် > town:6497:လားရှိုးမြို့ > ward_village_tract:6366:အမှတ် (၁၁) ရပ်ကွက်,6497,manual_review,manual_review,True,Core WVT not matched to an official MIMU ward/village-tract row,97.7188879791997,22.9596369,dafa2499e6008a03e9a5f9da1fa62062
6377,ward_village_tract,village_tract,မိုင်းဟန်ကျေးရွာအုပ်စု,country:11:မြန်မာ > state_region:6378:ဝပြည်နယ် တောင်ပိုင်း > district:6384:မိုင်းတုံခရိုင် > town:5979:ပုံပါကျင်မြို့နယ်ခွဲ > ward_village_tract:6377:မိုင်းဟန်ကျေးရွာအုပ်စု,5979,manual_review,manual_review,True,Core WVT not matched to an official MIMU ward/village-tract row,98.9364755292249,20.0435074,a4e1954d9f0c80ff8fb9cdede463b277
6381,ward_village_tract,ward,မန်မိုင်ရပ်ကွက်,country:11:မြန်မာ > state_region:6485:ဝပြည်နယ် မြောက်ပိုင်း > district:6447:ဟိုပန်ခရိုင် > township:6429:ဟိုပန်မြို့နယ် > ward_village_tract:6381:မန်မိုင်ရပ်ကွက်,6429,manual_review,manual_review,True,Core WVT not matched to an official MIMU ward/village-tract row,98.7523606769163,23.4406293,3630073b21f6ff7072ec5f98bd6e7b9f
6386,ward_village_tract,special_area,ဝမ်ခိုးဒိုင်နယ်,country:11:မြန်မာ > state_region:6329:ရှမ်းပြည်နယ် > district:6392:နမ့်ပန်းခရိုင် > ward_village_tract:6386:ဝမ်ခိုးဒိုင်နယ်,6392,manual_review,manual_review,True,Core WVT not matched to an official MIMU ward/village-tract row,100.532814719202,21.124268,1255eac25791142c2afb91ed086b451d
6387,ward_village_tract,ward,အမှတ် (၇) ရပ်ကွက်,country:11:မြန်မာ > state_region:6329:ရှမ်းပြည်နယ် > district:6409:မိုင်းယောင်းခရိုင် > township:6408:မိုင်းယောင်းမြို့နယ် (အမှန်တကယ်) > ward_village_tract:6387:အမှတ် (၇) ရပ်ကွက်,6408,manual_review,manual_review,True,Core WVT not matched to an official MIMU ward/village-tract row,100.360253737367,21.18054675,92043ccd951cf4595c057723495cbdfc
6388,ward_village_tract,ward,အမှတ် (၂) ရပ်ကွက်,country:11:မြန်မာ > state_region:6329:ရှမ်းပြည်နယ် > district:6409:မိုင်းယောင်းခရိုင် > township:6408:မိုင်းယောင်းမြို့နယ် (အမှန်တကယ်) > ward_village_tract:6388:အမှတ် (၂) ရပ်ကွက်,6408,manual_review,manual_review,True,Core WVT not matched to an official MIMU ward/village-tract row,100.356669206488,21.17686475,fbcc99a11def156650fe79d4239c76d3
6389,ward_village_tract,special_area,ເຂດ​ຊັ້ນນອກ 外特区,country:11:မြန်မာ > state_region:6329:ရှမ်းပြည်နယ် > district:6391:တာချီလိတ်ခရိုင် > ward_village_tract:6389:ເຂດ​ຊັ້ນນອກ 外特区,6391,manual_review,manual_review,True,Core WVT not matched to an official MIMU ward/village-tract row,100.152488741461,20.32790385,a6fc636a8c97c13b5015dee19ac53852
6395,ward_village_tract,ward,အမှတ် (၉) ရပ်ကွက်,country:11:မြန်မာ > state_region:6329:ရှမ်းပြည်နယ် > district:6409:မိုင်းယောင်းခရိုင် > township:6408:မိုင်းယောင်းမြို့နယ် (အမှန်တကယ်) > ward_village_tract:6395:အမှတ် (၉) ရပ်ကွက်,6408,manual_review,manual_review,True,Core WVT not matched to an official MIMU ward/village-tract row,100.361274650423,21.1830955,f68510637adfce9351e340e0d99d7d9a
6396,ward_village_tract,ward,အမှတ် (၆) ရပ်ကွက်,country:11:မြန်မာ > state_region:6329:ရှမ်းပြည်နယ် > district:6409:မိုင်းယောင်းခရိုင် > township:6408:မိုင်းယောင်းမြို့နယ် (အမှန်တကယ်) > ward_village_tract:6396:အမှတ် (၆) ရပ်ကွက်,6408,manual_review,manual_review,True,Core WVT not matched to an official MIMU ward/village-tract row,100.356580560458,21.18562915,9a378af00783c37872a563aee05873a7
6397,ward_village_tract,ward,အမှတ် (၅) ရပ်ကွက်,country:11:မြန်မာ > state_region:6329:ရှမ်းပြည်နယ် > district:6409:မိုင်းယောင်းခရိုင် > township:6408:မိုင်းယောင်းမြို့နယ် (အမှန်တကယ်) > ward_village_tract:6397:အမှတ် (၅) ရပ်ကွက်,6408,manual_review,manual_review,True,Core WVT not matched to an official MIMU ward/village-tract row,100.353006383342,21.182748,9fb60263a6de665889b884dc31973bcc
6398,ward_village_tract,ward,အမှတ် (၄) ရပ်ကွက်,country:11:မြန်မာ > state_region:6329:ရှမ်းပြည်နယ် > district:6409:မိုင်းယောင်းခရိုင် > township:6408:မိုင်းယောင်းမြို့နယ် (အမှန်တကယ်) > ward_village_tract:6398:အမှတ် (၄) ရပ်ကွက်,6408,manual_review,manual_review,True,Core WVT not matched to an official MIMU ward/village-tract row,100.356439053709,21.1822274,25bfc3dace479636b89866bf98ee8ed6
6401,ward_village_tract,ward,အမှတ် (၃) ရပ်ကွက်,country:11:မြန်မာ > state_region:6329:ရှမ်းပြည်နယ် > district:6409:မိုင်းယောင်းခရိုင် > township:6408:မိုင်းယောင်းမြို့နယ် (အမှန်တကယ်) > ward_village_tract:6401:အမှတ် (၃) ရပ်ကွက်,6408,manual_review,manual_review,True,Core WVT not matched to an official MIMU ward/village-tract row,100.355467219928,21.17936805,362ebde17880e353431fff44a29516d1
6402,ward_village_tract,ward,အမှတ် (၁) ရပ်ကွက်,country:11:မြန်မာ > state_region:6329:ရှမ်းပြည်နယ် > district:6409:မိုင်းယောင်းခရိုင် > township:6408:မိုင်းယောင်းမြို့နယ် (အမှန်တကယ်) > ward_village_tract:6402:အမှတ် (၁) ရပ်ကွက်,6408,manual_review,manual_review,True,Core WVT not matched to an official MIMU ward/village-tract row,100.355922354308,21.1741128,0727d081fa39964a6a9aa74c301cedac
6403,ward_village_tract,ward,အမှတ် (၈) ရပ်ကွက်,country:11:မြန်မာ > state_region:6329:ရှမ်းပြည်နယ် > district:6409:မိုင်းယောင်းခရိုင် > township:6408:မိုင်းယောင်းမြို့နယ် (အမှန်တကယ်) > ward_village_tract:6403:အမှတ် (၈) ရပ်ကွက်,6408,manual_review,manual_review,True,Core WVT not matched to an official MIMU ward/village-tract row,100.360955642708,21.1769448,9b94e0c4b54ddc30244e7d3d77086ac8
6404,ward_village_tract,ward,အမှတ် (၂) ရပ်ကွက်,country:11:မြန်မာ > state_region:6329:ရှမ်းပြည်နယ် > district:6411:ကိုးကန့် > township:6412:ရှင်းဝမ်မြို့နယ် > ward_village_tract:6404:အမှတ် (၂) ရပ်ကွက်,6412,manual_review,manual_review,True,Core WVT not matched to an official MIMU ward/village-tract row,98.5383076655455,23.82972025,53a7104efb4d6fe34cf17c5a6249bee6
6406,ward_village_tract,ward,အမှတ် (၁) ရပ်ကွက်,country:11:မြန်မာ > state_region:6329:ရှမ်းပြည်နယ် > district:6411:ကိုးကန့် > township:6412:ရှင်းဝမ်မြို့နယ် > ward_village_tract:6406:အမှတ် (၁) ရပ်ကွက်,6412,manual_review,manual_review,True,Core WVT not matched to an official MIMU ward/village-tract row,98.5368100138034,23.8336641,35ad79558bf0adf202c3a06874e91960
6415,ward_village_tract,ward,မန်ခွန်ရပ်ကွက်,country:11:မြန်မာ > state_region:6485:ဝပြည်နယ် မြောက်ပိုင်း > district:6447:ဟိုပန်ခရိုင် > township:6429:ဟိုပန်မြို့နယ် > ward_village_tract:6415:မန်ခွန်ရပ်ကွက်,6429,manual_review,manual_review,True,Core WVT not matched to an official MIMU ward/village-tract row,98.7476434196348,23.42768145,307ac28a0e40fbb1d1898dfa0339bd95
6420,ward_village_tract,ward,ရုံးကုန်းရပ်ကွက်,country:11:မြန်မာ > state_region:6485:ဝပြည်နယ် မြောက်ပိုင်း > district:6447:ဟိုပန်ခရိုင် > township:6429:ဟိုပန်မြို့နယ် > ward_village_tract:6420:ရုံးကုန်းရပ်ကွက်,6429,manual_review,manual_review,True,Core WVT not matched to an official MIMU ward/village-tract row,98.768685272585,23.42868475,6352b2aa086163b8a73bfe181bdf638a
6422,ward_village_tract,ward,ကောင်းဟုန်းရပ်ကွက်,country:11:မြန်မာ > state_region:6485:ဝပြည်နယ် မြောက်ပိုင်း > district:6447:ဟိုပန်ခရိုင် > township:6429:ဟိုပန်မြို့နယ် > ward_village_tract:6422:ကောင်းဟုန်းရပ်ကွက်,6429,manual_review,manual_review,True,Core WVT not matched to an official MIMU ward/village-tract row,98.7542224746667,23.4266219,ef0bb04ee5b26ab2a2f71738b9d60312
6423,ward_village_tract,ward,ဟိုပန်ရပ်ကွက်,country:11:မြန်မာ > state_region:6485:ဝပြည်နယ် မြောက်ပိုင်း > district:6447:ဟိုပန်ခရိုင် > township:6429:ဟိုပန်မြို့နယ် > ward_village_tract:6423:ဟိုပန်ရပ်ကွက်,6429,manual_review,manual_review,True,Core WVT not matched to an official MIMU ward/village-tract row,98.7737679266946,23.42612505,d2ea97c265e0630840b750137fce677a
6424,ward_village_tract,ward,ဘုရားကြီးရပ်ကွက်,country:11:မြန်မာ > state_region:7279:ဧ​ရာဝတီတိုင်း > district:7209:ဟင်္သာတခရိုင် > township:7208:ဟင်္သာတမြို့နယ် > ward_village_tract:6424:ဘုရားကြီးရပ်ကွက်,7208,manual_review,manual_review,True,Core WVT not matched to an official MIMU ward/village-tract row,95.4576484448911,17.644513,6e18c44a414647b389d7045bff2976d3
6425,ward_village_tract,ward,ပန်လုံလမ်းရပ်ကွက်,country:11:မြန်မာ > state_region:6485:ဝပြည်နယ် မြောက်ပိုင်း > district:6447:ဟိုပန်ခရိုင် > township:6429:ဟိုပန်မြို့နယ် > ward_village_tract:6425:ပန်လုံလမ်းရပ်ကွက်,6429,manual_review,manual_review,True,Core WVT not matched to an official MIMU ward/village-tract row,98.7504239827112,23.4203414,003cb96a61cd00fbe4e0c299171b361b
6426,ward_village_tract,ward,မိုင်းပန်း (လွယ်လ) ရပ်ကွက်,country:11:မြန်မာ > state_region:6485:ဝပြည်နယ် မြောက်ပိုင်း > district:6447:ဟိုပန်ခရိုင် > township:6429:ဟိုပန်မြို့နယ် > ward_village_tract:6426:မိုင်းပန်း (လွယ်လ) ရပ်ကွက်,6429,manual_review,manual_review,True,Core WVT not matched to an official MIMU ward/village-tract row,98.7526966069365,23.41463915,da0ee743816a2b1207003b09ab5d1406
6428,ward_village_tract,ward,မိန်းပန်းရပ်ကွက်,country:11:မြန်မာ > state_region:6485:ဝပြည်နယ် မြောက်ပိုင်း > district:6447:ဟိုပန်ခရိုင် > township:6429:ဟိုပန်မြို့နယ် > ward_village_tract:6428:မိန်းပန်းရပ်ကွက်,6429,manual_review,manual_review,True,Core WVT not matched to an official MIMU ward/village-tract row,98.75817945,23.41644075,10fba8480076ebc574fd7a4a86b617bb
6431,ward_village_tract,ward,နမ့်လျံရပ်ကွက်,country:11:မြန်မာ > state_region:6485:ဝပြည်နယ် မြောက်ပိုင်း > district:6447:ဟိုပန်ခရိုင် > township:6429:ဟိုပန်မြို့နယ် > ward_village_tract:6431:နမ့်လျံရပ်ကွက်,6429,manual_review,manual_review,True,Core WVT not matched to an official MIMU ward/village-tract row,98.7496777438028,23.43395715,a94655cfed1a804e5241c79480e38681
6433,ward_village_tract,ward,ဈေးရပ်ကွက်,country:11:မြန်မာ > state_region:6485:ဝပြည်နယ် မြောက်ပိုင်း > district:6447:ဟိုပန်ခရိုင် > township:6429:ဟိုပန်မြို့နယ် > ward_village_tract:6433:ဈေးရပ်ကွက်,6429,manual_review,manual_review,True,Core WVT not matched to an official MIMU ward/village-tract row,98.7474028061206,23.42397925,d5d8d3bba07eea32a357a94070cb852d
6442,ward_village_tract,ward,အမှတ် (၁၀) ရပ်ကွက်,country:11:မြန်မာ > state_region:6329:ရှမ်းပြည်နယ် > district:6444:မူပန်ခရိုင် > town:6497:လားရှိုးမြို့ > ward_village_tract:6442:အမှတ် (၁၀) ရပ်ကွက်,6497,manual_review,manual_review,True,Core WVT not matched to an official MIMU ward/village-tract row,97.7321017115045,22.9604231,d0c5f189a1af71ae3789399d364c6dbf
6455,ward_village_tract,special_area,新厂镇,country:11:မြန်မာ > state_region:6485:ဝပြည်နယ် မြောက်ပိုင်း > district:6474:မက်မန်းခရိုင် > township:6454:လုံထန်မြို့နယ် > ward_village_tract:6455:新厂镇,6454,manual_review,manual_review,True,Core WVT not matched to an official MIMU ward/village-tract row,99.4956694404605,22.86663985,83efb6759a2896c3f24c6f9819390540
6459,ward_village_tract,special_area,နမ့်ခပ်ဒိုင်နယ်,country:11:မြန်မာ > state_region:6329:ရှမ်းပြည်နယ် > district:6293:ဆီလူးခရိုင် > ward_village_tract:6459:နမ့်ခပ်ဒိုင်နယ်,6293,manual_review,manual_review,True,Core WVT not matched to an official MIMU ward/village-tract row,99.7318291921341,22.00155695,b39f7ba7d55556610116e91972a5cc97
6465,ward_village_tract,special_area,芒信镇,country:11:မြန်မာ > state_region:6485:ဝပြည်နယ် မြောက်ပိုင်း > district:6335:မိုင်းပေါက်ခရိုင် > township:6288:မိုင်းဖျန်မြို့နယ် > ward_village_tract:6465:芒信镇,6288,manual_review,manual_review,True,Core WVT not matched to an official MIMU ward/village-tract row,99.585959547142,22.21544035,0b8921a80cd49c06efc774b6c837511b
6475,ward_village_tract,ward,အမှတ် (၃) ရပ်ကွက်,country:11:မြန်မာ > state_region:6329:ရှမ်းပြည်နယ် > district:6444:မူပန်ခရိုင် > town:6497:လားရှိုးမြို့ > ward_village_tract:6475:အမှတ် (၃) ရပ်ကွက်,6497,manual_review,manual_review,True,Core WVT not matched to an official MIMU ward/village-tract row,97.7482936299912,22.9384017,aabc1d1523766f1e67facb0657ea5345
6480,ward_village_tract,ward,အမှတ် (၇) ရပ်ကွက်,country:11:မြန်မာ > state_region:6329:ရှမ်းပြည်နယ် > district:6444:မူပန်ခရိုင် > town:6497:လားရှိုးမြို့ > ward_village_tract:6480:အမှတ် (၇) ရပ်ကွက်,6497,manual_review,manual_review,True,Core WVT not matched to an official MIMU ward/village-tract row,97.7656234695252,22.94001175,6f38e8a716979f1e6ba2e700bb6f0ce5
6481,ward_village_tract,ward,အမှတ် (၉) ရပ်ကွက်,country:11:မြန်မာ > state_region:6329:ရှမ်းပြည်နယ် > district:6444:မူပန်ခရိုင် > town:6497:လားရှိုးမြို့ > ward_village_tract:6481:အမှတ် (၉) ရပ်ကွက်,6497,manual_review,manual_review,True,Core WVT not matched to an official MIMU ward/village-tract row,97.7286523908239,22.98911665,a48bc1da53e8ec7ddb068e6dfef74a75
6489,ward_village_tract,ward,အမှတ် (၆) ရပ်ကွက်,country:11:မြန်မာ > state_region:6329:ရှမ်းပြည်နယ် > district:6444:မူပန်ခရိုင် > town:6497:လားရှိုးမြို့ > ward_village_tract:6489:အမှတ် (၆) ရပ်ကွက်,6497,manual_review,manual_review,True,Core WVT not matched to an official MIMU ward/village-tract row,97.7566368178557,22.9343572,35c7443b917e3329ccd372b3173aea94
6490,ward_village_tract,ward,အမှတ် (၅) ရပ်ကွက်,country:11:မြန်မာ > state_region:6329:ရှမ်းပြည်နယ် > district:6444:မူပန်ခရိုင် > town:6497:လားရှိုးမြို့ > ward_village_tract:6490:အမှတ် (၅) ရပ်ကွက်,6497,manual_review,manual_review,True,Core WVT not matched to an official MIMU ward/village-tract row,97.755748479459,22.91659985,2c11ed14280eec87640dabf9fe5d2269
6492,ward_village_tract,ward,အမှတ် (၄) ရပ်ကွက်,country:11:မြန်မာ > state_region:6329:ရှမ်းပြည်နယ် > district:6444:မူပန်ခရိုင် > town:6497:လားရှိုးမြို့ > ward_village_tract:6492:အမှတ် (၄) ရပ်ကွက်,6497,manual_review,manual_review,True,Core WVT not matched to an official MIMU ward/village-tract row,97.7374583702797,22.92278505,e638f1a01e3ea1b91577317de7c04f63
6493,ward_village_tract,special_area,莱莫区,country:11:မြန်မာ > state_region:6329:ရှမ်းပြည်နယ် > district:6463:တန့်ယန်းခရိုင် > township:6467:တန့်ယန်းမြို့နယ် > ward_village_tract:6493:莱莫区,6467,manual_review,manual_review,True,Core WVT not matched to an official MIMU ward/village-tract row,98.2816226137856,22.777818,ec4d61045ba7f5dbb4b1aeba09278d95
6494,ward_village_tract,ward,အမှတ် (၁) ရပ်ကွက်,country:11:မြန်မာ > state_region:6329:ရှမ်းပြည်နယ် > district:6444:မူပန်ခရိုင် > town:6497:လားရှိုးမြို့ > ward_village_tract:6494:အမှတ် (၁) ရပ်ကွက်,6497,manual_review,manual_review,True,Core WVT not matched to an official MIMU ward/village-tract row,97.7337776982132,22.9361268,b89462e03c8633ab0ff0f09da06c7264
6495,ward_village_tract,ward,အမှတ် (၁၂) ရပ်ကွက်,country:11:မြန်မာ > state_region:6329:ရှမ်းပြည်နယ် > district:6444:မူပန်ခရိုင် > town:6497:လားရှိုးမြို့ > ward_village_tract:6495:အမှတ် (၁၂) ရပ်ကွက်,6497,manual_review,manual_review,True,Core WVT not matched to an official MIMU ward/village-tract row,97.7533391512284,22.96918255,49df34f83896c931e16a6d473a137437
6496,ward_village_tract,ward,အမှတ် (၈) ရပ်ကွက်,country:11:မြန်မာ > state_region:6329:ရှမ်းပြည်နယ် > district:6444:မူပန်ခရိုင် > town:6497:လားရှိုးမြို့ > ward_village_tract:6496:အမှတ် (၈) ရပ်ကွက်,6497,manual_review,manual_review,True,Core WVT not matched to an official MIMU ward/village-tract row,97.7560601184389,22.94712115,0b037315fc5b0e3d36d9b16403856aa4
6514,ward_village_tract,ward,တောင်မြို့တိုးချဲ့ရပ်ကွက်,country:11:မြန်မာ > state_region:6329:ရှမ်းပြည်နယ် > district:6500:ကျောက်မဲခရိုင် > township:6523:သီပေါမြို့နယ် > ward_village_tract:6514:တောင်မြို့တိုးချဲ့ရပ်ကွက်,6523,manual_review,manual_review,True,Core WVT not matched to an official MIMU ward/village-tract row,97.2920377602546,22.6160833,5538ee69a0efe3b734c0f6268f153a49
6515,ward_village_tract,ward,ကောင်းနောင်ရပ်ကွက်,country:11:မြန်မာ > state_region:6329:ရှမ်းပြည်နယ် > ward_village_tract:6515:ကောင်းနောင်ရပ်ကွက်,6329,manual_review,manual_review,True,Core WVT not matched to an official MIMU ward/village-tract row,97.8978676508974,23.99956475,4b5b4691c1e6a699fbf43460af25ecf4
6561,ward_village_tract,village_tract,ဟိုပိတ်ကျေးရွာအုပ်စု,country:11:မြန်မာ > state_region:6329:ရှမ်းပြည်နယ် > district:6444:မူပန်ခရိုင် > township:6562:မိုင်းပါးမြို့နယ် > ward_village_tract:6561:ဟိုပိတ်ကျေးရွာအုပ်စု,6562,manual_review,manual_review,True,Core WVT not matched to an official MIMU ward/village-tract row,97.7506334541468,23.0601875,5dfc984d979f6582d1e9f9d33e430770
6563,ward_village_tract,ward,အမှတ် (၄)ရပ်ကွက်,country:11:မြန်မာ > state_region:6329:ရှမ်းပြည်နယ် > district:6444:မူပန်ခရိုင် > township:6562:မိုင်းပါးမြို့နယ် > ward_village_tract:6563:အမှတ် (၄)ရပ်ကွက်,6562,manual_review,manual_review,True,Core WVT not matched to an official MIMU ward/village-tract row,97.9737036678787,23.3042213,e77f39cac6b496fb416c0e41ed8c5210
6564,ward_village_tract,ward,အမှတ် (၃)ရပ်ကွက်,country:11:မြန်မာ > state_region:6329:ရှမ်းပြည်နယ် > district:6444:မူပန်ခရိုင် > township:6562:မိုင်းပါးမြို့နယ် > ward_village_tract:6564:အမှတ် (၃)ရပ်ကွက်,6562,manual_review,manual_review,True,Core WVT not matched to an official MIMU ward/village-tract row,97.9639413549681,23.3037536,17094e48820dc2a692df586e0c5a49e1
6566,ward_village_tract,ward,အမှတ် (၁)ရပ်ကွက်,country:11:မြန်မာ > state_region:6329:ရှမ်းပြည်နယ် > district:6444:မူပန်ခရိုင် > township:6562:မိုင်းပါးမြို့နယ် > ward_village_tract:6566:အမှတ် (၁)ရပ်ကွက်,6562,manual_review,manual_review,True,Core WVT not matched to an official MIMU ward/village-tract row,97.9592079557038,23.2987479,a5b2346fcb07e1b06e357e4fba47189c
6567,ward_village_tract,ward,အမှတ် (၂)ရပ်ကွက်,country:11:မြန်မာ > state_region:6329:ရှမ်းပြည်နယ် > district:6444:မူပန်ခရိုင် > township:6562:မိုင်းပါးမြို့နယ် > ward_village_tract:6567:အမှတ် (၂)ရပ်ကွက်,6562,manual_review,manual_review,True,Core WVT not matched to an official MIMU ward/village-tract row,97.9561978812907,23.2995529,17ac3cda0165588e4fc6129bf3e61ff9
6577,ward_village_tract,ward,ခရစ်ယာန်ရပ်ကွက်,country:11:မြန်မာ > state_region:6329:ရှမ်းပြည်နယ် > ward_village_tract:6577:ခရစ်ယာန်ရပ်ကွက်,6329,manual_review,manual_review,True,Core WVT not matched to an official MIMU ward/village-tract row,97.8962809912928,23.9963049,d56441eb99faf9e5b59be776eaf1b3f5
6578,ward_village_tract,special_area,户育乡,country:11:မြန်မာ > state_region:6667:ကချင်ပြည်နယ် > district:6594:ဗန်းမော်ခရိုင် > township:6584:မံစီမြို့နယ် > ward_village_tract:6578:户育乡,6584,manual_review,manual_review,True,Core WVT not matched to an official MIMU ward/village-tract row,97.6867640153672,23.98952585,098a2bc05e4d98aeddbefad4ed3a560d
6582,ward_village_tract,special_area,姐相镇,country:11:မြန်မာ > state_region:6329:ရှမ်းပြည်နယ် > ward_village_tract:6582:姐相镇,6329,manual_review,manual_review,True,Core WVT not matched to an official MIMU ward/village-tract row,97.7208251422782,23.93345625,861ba01e7c421df245ac4ccd26dcf585
6583,ward_village_tract,special_area,弄岛镇,country:11:မြန်မာ > state_region:6667:ကချင်ပြည်နယ် > district:6594:ဗန်းမော်ခရိုင် > township:6584:မံစီမြို့နယ် > ward_village_tract:6583:弄岛镇,6584,manual_review,manual_review,True,Core WVT not matched to an official MIMU ward/village-tract row,97.5900672637326,23.9175396,fefce35aa86521e2799c3a920c9b183e
6592,ward_village_tract,ward,ကောင်းမူးတုံရပ်ကွက်,country:11:မြန်မာ > state_region:6329:ရှမ်းပြည်နယ် > ward_village_tract:6592:ကောင်းမူးတုံရပ်ကွက်,6329,manual_review,manual_review,True,Core WVT not matched to an official MIMU ward/village-tract row,97.9197237284221,23.98973725,262789ce9dc86dd26588c649b2e50363
6596,ward_village_tract,ward,စွမ်တော်ရပ်ကွက်,country:11:မြန်မာ > state_region:6329:ရှမ်းပြည်နယ် > ward_village_tract:6596:စွမ်တော်ရပ်ကွက်,6329,manual_review,manual_review,True,Core WVT not matched to an official MIMU ward/village-tract row,97.8939585711193,23.9716567,a24b1211f517ada0ac9e93bc664ba02e
6602,ward_village_tract,special_area,ကြယ်ဂေါင် နယ်စပ်ကုန်သွယ်ရေး စီးပွားရေးဇုန်,country:11:မြန်မာ > state_region:6329:ရှမ်းပြည်နယ် > ward_village_tract:6602:ကြယ်ဂေါင် နယ်စပ်ကုန်သွယ်ရေး စီးပွားရေးဇုန်,6329,manual_review,manual_review,True,Core WVT not matched to an official MIMU ward/village-tract row,97.8851619583844,23.9846137,369b97c5dfc1aae06beaa50351879c7d
6603,ward_village_tract,ward,ဈေးရပ်ကွက်,country:11:မြန်မာ > state_region:6329:ရှမ်းပြည်နယ် > ward_village_tract:6603:ဈေးရပ်ကွက်,6329,manual_review,manual_review,True,Core WVT not matched to an official MIMU ward/village-tract row,97.8987692055876,23.99361,039558fcefd171d9661c2bbae31fdee8
6604,ward_village_tract,ward,တောင်ရပ်ကွက်,country:11:မြန်မာ > state_region:6329:ရှမ်းပြည်နယ် > ward_village_tract:6604:တောင်ရပ်ကွက်,6329,manual_review,manual_review,True,Core WVT not matched to an official MIMU ward/village-tract row,97.9026138047032,23.9920846,c84eebcafbc33f44b26102e902b48414
6616,ward_village_tract,ward,တော်ရွက်ရပ်ကွက်,country:11:မြန်မာ > state_region:6329:ရှမ်းပြည်နယ် > ward_village_tract:6616:တော်ရွက်ရပ်ကွက်,6329,manual_review,manual_review,True,Core WVT not matched to an official MIMU ward/village-tract row,97.8925401642227,24.00235545,195a26400619cb4402c301da76b7216d
6617,ward_village_tract,ward,မြောက်ရပ်ကွက်,country:11:မြန်မာ > state_region:6329:ရှမ်းပြည်နယ် > ward_village_tract:6617:မြောက်ရပ်ကွက်,6329,manual_review,manual_review,True,Core WVT not matched to an official MIMU ward/village-tract row,97.9020925602175,24.00163005,d80a74ea58a51f54ef67c71f6d011b5b
6618,ward_village_tract,ward,ဟိုမွန်ရပ်ကွက်,country:11:မြန်မာ > state_region:6329:ရှမ်းပြည်နယ် > ward_village_tract:6618:ဟိုမွန်ရပ်ကွက်,6329,manual_review,manual_review,True,Core WVT not matched to an official MIMU ward/village-tract row,97.9083470985632,24.0081106,34bf60e0c4ba50598c6ff14445779265
6619,ward_village_tract,special_area,畹町镇,country:11:မြန်မာ > state_region:6329:ရှမ်းပြည်နယ် > district:6598:ကွတ်ခိုင်ခရိုင် > township:6600:မူဆယ်မြို့နယ် > ward_village_tract:6619:畹町镇,6600,manual_review,manual_review,True,Core WVT not matched to an official MIMU ward/village-tract row,98.0372458437349,24.08832265,24ba996c965d95c8b3d2f1d9548961fb
6621,ward_village_tract,special_area,鲁掌镇,country:11:မြန်မာ > state_region:6667:ကချင်ပြည်နယ် > district:6689:ချီဖွေခရိုင် > township:6690:ချီဖွေမြို့နယ် > ward_village_tract:6621:鲁掌镇,6690,manual_review,manual_review,True,Core WVT not matched to an official MIMU ward/village-tract row,98.7615977427477,25.97111125,1b6a7739a49f114cdb744431fd7b0c0b
6624,ward_village_tract,special_area,勐秀乡,country:11:မြန်မာ > state_region:6667:ကချင်ပြည်နယ် > district:6594:ဗန်းမော်ခရိုင် > township:6584:မံစီမြို့နယ် > ward_village_tract:6624:勐秀乡,6584,manual_review,manual_review,True,Core WVT not matched to an official MIMU ward/village-tract row,97.794657678993,24.08278305,a33014caa0938109d0f5c22bcac3a8ce
6670,ward_village_tract,ward,ရောကောရပ်ကွက်,country:11:မြန်မာ > state_region:6667:ကချင်ပြည်နယ် > district:6665:တနိုင်းခရိုင် > township:6674:နန်းယွန်းမြို့နယ် > ward_village_tract:6670:ရောကောရပ်ကွက်,6674,manual_review,manual_review,True,Core WVT not matched to an official MIMU ward/village-tract row,96.1608943931755,26.9849131,dbb4b711fc56a0dfdb826ecc25b9bdc3
6671,ward_village_tract,ward,ရှရရပ်ကွက်,country:11:မြန်မာ > state_region:6667:ကချင်ပြည်နယ် > district:6665:တနိုင်းခရိုင် > township:6674:နန်းယွန်းမြို့နယ် > ward_village_tract:6671:ရှရရပ်ကွက်,6674,manual_review,manual_review,True,Core WVT not matched to an official MIMU ward/village-tract row,96.169720877268,26.9760633,b0a7ee5ed1d29dee6e7809f43021bc6a
6672,ward_village_tract,ward,မြို့မရပ်ကွက်,country:11:မြန်မာ > state_region:6667:ကချင်ပြည်နယ် > district:6665:တနိုင်းခရိုင် > township:6674:နန်းယွန်းမြို့နယ် > ward_village_tract:6672:မြို့မရပ်ကွက်,6674,manual_review,manual_review,True,Core WVT not matched to an official MIMU ward/village-tract row,96.1667029403543,26.98235675,aada0242fe47f5ffa2f22028b166aced
6680,ward_village_tract,special_area,Nampong SDO,country:11:မြန်မာ > state_region:6703:စစ်ကိုင်းတိုင်းဒေသကြီး > ward_village_tract:6680:Nampong SDO,6703,manual_review,manual_review,True,Core WVT not matched to an official MIMU ward/village-tract row,96.4278348204278,27.36054425,af23eebdbc38b5872e76c039d55f41a4
6691,ward_village_tract,special_area,Renuk Circle,country:11:မြန်မာ > state_region:6703:စစ်ကိုင်းတိုင်းဒေသကြီး > ward_village_tract:6691:Renuk Circle,6703,manual_review,manual_review,True,Core WVT not matched to an official MIMU ward/village-tract row,95.9428147394078,27.1462992,6ac732da94611049e964958090759dae
6696,ward_village_tract,special_area,片马镇,country:11:မြန်မာ > state_region:6667:ကချင်ပြည်နယ် > district:6689:ချီဖွေခရိုင် > township:6690:ချီဖွေမြို့နယ် > ward_village_tract:6696:片马镇,6690,manual_review,manual_review,True,Core WVT not matched to an official MIMU ward/village-tract row,98.6438565287436,26.0401738,96c38f4a7ffdae6dc80ec7eadf97e901
6727,ward_village_tract,ward,ကုန်းတန်းရပ်ကွက်,country:11:မြန်မာ > state_region:6722:ရခိုင်ပြည်နယ် > district:6988:စစ်တွေခရိုင် > township:6993:စစ်တွေမြို့နယ် > ward_village_tract:6727:ကုန်းတန်းရပ်ကွက်,6993,manual_review,manual_review,True,Core WVT not matched to an official MIMU ward/village-tract row,92.8908694998651,20.14437185,d73eecf985ce8744ff2f055c296bd6dc
6794,ward_village_tract,ward,မဟာမြိုင်ရပ်ကွက်,country:11:မြန်မာ > state_region:6703:စစ်ကိုင်းတိုင်းဒေသကြီး > district:6799:ကလေးခရိုင် > township:6766:တန့်ဆည်မြို့နယ် > ward_village_tract:6794:မဟာမြိုင်ရပ်ကွက်,6766,duplicate,merge_duplicate,True,Candidate merge with sibling CoreMap rows sharing parent and normalized name,95.3722660785046,22.94172895,4a373c018919da70a9afda17c403d156
6797,ward_village_tract,ward,မဟာမြိုင်ရပ်ကွက်,country:11:မြန်မာ > state_region:6703:စစ်ကိုင်းတိုင်းဒေသကြီး > district:6799:ကလေးခရိုင် > township:6766:တန့်ဆည်မြို့နယ် > ward_village_tract:6797:မဟာမြိုင်ရပ်ကွက်,6766,duplicate,merge_duplicate,True,Candidate merge with sibling CoreMap rows sharing parent and normalized name,95.3734349841426,22.94788485,0aa8655e6abc119b2fcc32ee3baf5902
6849,ward_village_tract,ward,ဧမြဝတီရပ်ကွက်,country:11:မြန်မာ > state_region:6703:စစ်ကိုင်းတိုင်းဒေသကြီး > district:6861:စစ်ကိုင်းခရိုင် > township:6831:စစ်ကိုင်းမြို့နယ် > ward_village_tract:6849:ဧမြဝတီရပ်ကွက်,6831,duplicate,merge_duplicate,True,Candidate merge with sibling CoreMap rows sharing parent and normalized name,95.9710691758949,21.87293785,dfb3da3d1033c94b8bbd2ef69e41692c
6853,ward_village_tract,ward,ဧမြဝတီရပ်ကွက်,country:11:မြန်မာ > state_region:6703:စစ်ကိုင်းတိုင်းဒေသကြီး > district:6861:စစ်ကိုင်းခရိုင် > township:6831:စစ်ကိုင်းမြို့နယ် > ward_village_tract:6853:ဧမြဝတီရပ်ကွက်,6831,duplicate,merge_duplicate,True,Candidate merge with sibling CoreMap rows sharing parent and normalized name,95.9710691758949,21.87293785,dfb3da3d1033c94b8bbd2ef69e41692c
6907,ward_village_tract,ward,ဈေးရပ်ကွက်,country:11:မြန်မာ > state_region:6832:မန္တလေးတိုင်း > district:6721:မြင်းခြံခရိုင် > township:6903:တောင်သာမြို့နယ် > ward_village_tract:6907:ဈေးရပ်ကွက်,6903,duplicate,merge_duplicate,True,Candidate merge with sibling CoreMap rows sharing parent and normalized name,95.443927589806,21.2803041,48b1b611c6e845c1cf0e4eecbf40377a
6908,ward_village_tract,ward,ဈေးရပ်ကွက်,country:11:မြန်မာ > state_region:6832:မန္တလေးတိုင်း > district:6721:မြင်းခြံခရိုင် > township:6903:တောင်သာမြို့နယ် > ward_village_tract:6908:ဈေးရပ်ကွက်,6903,duplicate,merge_duplicate,True,Candidate merge with sibling CoreMap rows sharing parent and normalized name,95.443927589806,21.2803041,48b1b611c6e845c1cf0e4eecbf40377a
6939,ward_village_tract,special_area,Camp 14,country:11:မြန်မာ > state_region:6722:ရခိုင်ပြည်နယ် > district:6967:မောင်တောခရိုင် > ward_village_tract:6939:Camp 14,6967,manual_review,manual_review,True,Core WVT not matched to an official MIMU ward/village-tract row,92.1441038787591,21.16738465,0ecb21795881955a7a53404f71eb9fe5
6940,ward_village_tract,special_area,Camp 11,country:11:မြန်မာ > state_region:6722:ရခိုင်ပြည်နယ် > district:6967:မောင်တောခရိုင် > ward_village_tract:6940:Camp 11,6967,manual_review,manual_review,True,Core WVT not matched to an official MIMU ward/village-tract row,92.1559391270414,21.18164225,6ca380c69fd9c75ab1f708f1552ef481
6968,ward_village_tract,special_area,Camp 25,country:11:မြန်မာ > ward_village_tract:6968:Camp 25,11,manual_review,manual_review,True,Core WVT not matched to an official MIMU ward/village-tract row,92.2467521350368,20.9794995,af2d9cd91fe92fda490420afe7b01ca0
6969,ward_village_tract,special_area,Leda D,country:11:မြန်မာ > ward_village_tract:6969:Leda D,11,manual_review,manual_review,True,Core WVT not matched to an official MIMU ward/village-tract row,92.245048901167,20.9801799,ab75440f3faaaa9a65b24314cb97dd3a
6970,ward_village_tract,special_area,Leda MS,country:11:မြန်မာ > ward_village_tract:6970:Leda MS,11,manual_review,manual_review,True,Core WVT not matched to an official MIMU ward/village-tract row,92.2438634855919,20.97379995,56fea8a81301d5c0669fda0380ee5698
6971,ward_village_tract,special_area,Camp 27,country:11:မြန်မာ > ward_village_tract:6971:Camp 27,11,manual_review,manual_review,True,Core WVT not matched to an official MIMU ward/village-tract row,92.2625640336431,20.93334715,16b7cbaf8a90d168d0347d27586f822a
6972,ward_village_tract,special_area,Camp 26,country:11:မြန်မာ > ward_village_tract:6972:Camp 26,11,manual_review,manual_review,True,Core WVT not matched to an official MIMU ward/village-tract row,92.2541790573495,20.95546,825abe6b2b4daae50c959943f84560da
6976,ward_village_tract,special_area,Camp 24,country:11:မြန်မာ > ward_village_tract:6976:Camp 24,11,manual_review,manual_review,True,Core WVT not matched to an official MIMU ward/village-tract row,92.2477025713528,20.97043545,74f2541f4c7d36c09145fc914ae557c4
6991,ward_village_tract,island,Oyster Island,country:11:မြန်မာ > state_region:6722:ရခိုင်ပြည်နယ် > ward_village_tract:6991:Oyster Island,6722,manual_review,manual_review,True,Core WVT not matched to an official MIMU ward/village-tract row,92.5382179673095,20.19757305,00d9c59ce8c7546577f6589edc2a5314
7011,ward_village_tract,ward,လက်သမားမြောက်ရပ်ကွက်,country:11:မြန်မာ > state_region:7279:ဧ​ရာဝတီတိုင်း > district:7209:ဟင်္သာတခရိုင် > township:7208:ဟင်္သာတမြို့နယ် > ward_village_tract:7011:လက်သမားမြောက်ရပ်ကွက်,7208,manual_review,manual_review,True,Core WVT not matched to an official MIMU ward/village-tract row,95.4607013002454,17.65388765,d13f40282d0d0fa8daa70c69549a1baa
7023,ward_village_tract,ward,အမှတ် (၂) ရပ်ကွက်,country:11:မြန်မာ > state_region:7027:မကွေးတိုင်းဒေသကြီး > district:7029:မင်းဘူးခရိုင် > township:7026:စေတုတ္တရာမြို့နယ် > ward_village_tract:7023:အမှတ် (၂) ရပ်ကွက်,7026,manual_review,manual_review,True,Core WVT not matched to an official MIMU ward/village-tract row,94.2465520954386,20.45280295,555a47e74ee0dc390ca3781444152848
7030,ward_village_tract,ward,အမှတ် (၁) ရပ်ကွက်,country:11:မြန်မာ > state_region:7027:မကွေးတိုင်းဒေသကြီး > district:7029:မင်းဘူးခရိုင် > township:7026:စေတုတ္တရာမြို့နယ် > ward_village_tract:7030:အမှတ် (၁) ရပ်ကွက်,7026,manual_review,manual_review,True,Core WVT not matched to an official MIMU ward/village-tract row,94.2463238050736,20.44580045,1fca52d03b65e95053b7fff543c3beaf
7041,ward_village_tract,ward,တာငါးဆယ်တောင်ရပ်ကွက်,country:11:မြန်မာ > state_region:7279:ဧ​ရာဝတီတိုင်း > district:7209:ဟင်္သာတခရိုင် > township:7208:ဟင်္သာတမြို့နယ် > ward_village_tract:7041:တာငါးဆယ်တောင်ရပ်ကွက်,7208,manual_review,manual_review,True,Core WVT not matched to an official MIMU ward/village-tract row,95.4559450195931,17.6558007,9026a8501e1821228db8e3e19096e819
7063,ward_village_tract,ward,ရုံးကြီးရပ်ကွက်,country:11:မြန်မာ > state_region:7279:ဧ​ရာဝတီတိုင်း > district:7209:ဟင်္သာတခရိုင် > township:7208:ဟင်္သာတမြို့နယ် > ward_village_tract:7063:ရုံးကြီးရပ်ကွက်,7208,manual_review,manual_review,True,Core WVT not matched to an official MIMU ward/village-tract row,95.4592999268785,17.6509745,15171736572693febc30900c08deb882
7083,ward_village_tract,ward,ရုံးရပ်ကွက်(တောင်ပိုင်း) (အမှတ် (၆) ရပ်ကွက်),country:11:မြန်မာ > state_region:7027:မကွေးတိုင်းဒေသကြီး > district:7128:သရက်ခရိုင် > township:7090:အထက်မင်းလှမြို့နယ် > ward_village_tract:7083:ရုံးရပ်ကွက်(တောင်ပိုင်း) (အမှတ် (၆) ရပ်ကွက်),7090,manual_review,manual_review,True,Core WVT not matched to an official MIMU ward/village-tract row,95.0365094974131,19.9619091,601b36830e0e41a070af86990f1c6578
7084,ward_village_tract,ward,ရုံးရပ်ကွက်(မြောက်ပိုင်း) (အမှတ် (၅) ရပ်ကွက်),country:11:မြန်မာ > state_region:7027:မကွေးတိုင်းဒေသကြီး > district:7128:သရက်ခရိုင် > township:7090:အထက်မင်းလှမြို့နယ် > ward_village_tract:7084:ရုံးရပ်ကွက်(မြောက်ပိုင်း) (အမှတ် (၅) ရပ်ကွက်),7090,manual_review,manual_review,True,Core WVT not matched to an official MIMU ward/village-tract row,95.0335053984008,19.9679868,1145548f133a1e9a8d4a939271d3088e
7085,ward_village_tract,ward,တောင်ရပ်ကွက် (အမှတ် (၃) ရပ်ကွက်),country:11:မြန်မာ > state_region:7027:မကွေးတိုင်းဒေသကြီး > district:7128:သရက်ခရိုင် > township:7090:အထက်မင်းလှမြို့နယ် > ward_village_tract:7085:တောင်ရပ်ကွက် (အမှတ် (၃) ရပ်ကွက်),7090,manual_review,manual_review,True,Core WVT not matched to an official MIMU ward/village-tract row,95.0465308963768,19.9661568,de4c2b982c90239e1c35cc8d3bbc6d74
7086,ward_village_tract,ward,မြို့မရပ်ကွက် (အမှတ် (၂) ရပ်ကွက်),country:11:မြန်မာ > state_region:7027:မကွေးတိုင်းဒေသကြီး > district:7128:သရက်ခရိုင် > township:7090:အထက်မင်းလှမြို့နယ် > ward_village_tract:7086:မြို့မရပ်ကွက် (အမှတ် (၂) ရပ်ကွက်),7090,manual_review,manual_review,True,Core WVT not matched to an official MIMU ward/village-tract row,95.0434448939606,19.96975875,bc64a404f11b29ba49514e21feca6880
7087,ward_village_tract,ward,ကွက်သစ်ရပ်ကွက် (အမှတ် (၄) ရပ်ကွက်),country:11:မြန်မာ > state_region:7027:မကွေးတိုင်းဒေသကြီး > district:7128:သရက်ခရိုင် > township:7090:အထက်မင်းလှမြို့နယ် > ward_village_tract:7087:ကွက်သစ်ရပ်ကွက် (အမှတ် (၄) ရပ်ကွက်),7090,manual_review,manual_review,True,Core WVT not matched to an official MIMU ward/village-tract row,95.0402264946673,19.96912525,4f8ae3536d68e122092cc349da731bcc
7089,ward_village_tract,ward,မြောက်ရပ်ကွက် (အမှတ် (၁) ရပ်ကွက်),country:11:မြန်မာ > state_region:7027:မကွေးတိုင်းဒေသကြီး > district:7128:သရက်ခရိုင် > township:7090:အထက်မင်းလှမြို့နယ် > ward_village_tract:7089:မြောက်ရပ်ကွက် (အမှတ် (၁) ရပ်ကွက်),7090,manual_review,manual_review,True,Core WVT not matched to an official MIMU ward/village-tract row,95.0362992576613,19.97467845,cadd2025151b76df37b58021a0f1cd41
7091,ward_village_tract,ward,ဥယျာဉ်တောင်ရပ်ကွက်,country:11:မြန်မာ > state_region:7279:ဧ​ရာဝတီတိုင်း > district:7209:ဟင်္သာတခရိုင် > township:7208:ဟင်္သာတမြို့နယ် > ward_village_tract:7091:ဥယျာဉ်တောင်ရပ်ကွက်,7208,manual_review,manual_review,True,Core WVT not matched to an official MIMU ward/village-tract row,95.4643121290486,17.6463209,2deebc1923926b1bf59b64401a7d6302
7094,ward_village_tract,ward,ဥယျာဉ်မြောက်ရပ်ကွက်,country:11:မြန်မာ > state_region:7279:ဧ​ရာဝတီတိုင်း > district:7209:ဟင်္သာတခရိုင် > township:7208:ဟင်္သာတမြို့နယ် > ward_village_tract:7094:ဥယျာဉ်မြောက်ရပ်ကွက်,7208,manual_review,manual_review,True,Core WVT not matched to an official MIMU ward/village-tract row,95.461143981497,17.64660865,6c5e0d527631e6ca4997687bd9e8a88d
7101,ward_village_tract,ward,လေယာဉ်ပျံကွင်းရပ်ကွက်,country:11:မြန်မာ > state_region:6722:ရခိုင်ပြည်နယ် > district:7097:အမ်းခရိုင် > township:7098:အမ်း > ward_village_tract:7101:လေယာဉ်ပျံကွင်းရပ်ကွက်,7098,manual_review,manual_review,True,Core WVT not matched to an official MIMU ward/village-tract row,94.0302713364853,19.78055395,3401135c98eefd2d3a4022c68ad24c72
7103,ward_village_tract,ward,ရွှေကူရပ်ကွက်,country:11:မြန်မာ > state_region:7279:ဧ​ရာဝတီတိုင်း > district:7209:ဟင်္သာတခရိုင် > township:7208:ဟင်္သာတမြို့နယ် > ward_village_tract:7103:ရွှေကူရပ်ကွက်,7208,manual_review,manual_review,True,Core WVT not matched to an official MIMU ward/village-tract row,95.4677020079016,17.64439115,4c8d93252473d41c854e36b7d5915b27
7111,ward_village_tract,ward,ကြခပ်ရပ်ကွက်,country:11:မြန်မာ > state_region:7279:ဧ​ရာဝတီတိုင်း > district:7155:မြန်အောင်ခရိုင် > township:6778:ပန်းတောင်းမြို့နယ် > ward_village_tract:7111:ကြခပ်ရပ်ကွက်,6778,manual_review,manual_review,True,Core WVT not matched to an official MIMU ward/village-tract row,95.1573311517875,18.7180728,b2835dd6d21756141f1e5b483854c30d
7115,ward_village_tract,ward,အမှတ် (၆) ရပ်ကွက်,country:11:မြန်မာ > state_region:7279:ဧ​ရာဝတီတိုင်း > district:7299:မအူပင်ခရိုင် > township:7295:ဓနုဖြူမြို့နယ် > ward_village_tract:7115:အမှတ် (၆) ရပ်ကွက်,7295,manual_review,manual_review,True,Core WVT not matched to an official MIMU ward/village-tract row,95.590093873142,17.2591858,16c2c28812e5d2d745ee3b1797f6851c
7117,ward_village_tract,ward,စီသာရပ်ကွက်,country:11:မြန်မာ > state_region:7279:ဧ​ရာဝတီတိုင်း > district:7155:မြန်အောင်ခရိုင် > township:6778:ပန်းတောင်းမြို့နယ် > ward_village_tract:7117:စီသာရပ်ကွက်,6778,manual_review,manual_review,True,Core WVT not matched to an official MIMU ward/village-tract row,95.1320585468303,18.70831635,f28375030d102a191bb39f8b4c1cf7ff
7134,ward_village_tract,ward,ညောင်ပင်ရပ်ကွက်,country:11:မြန်မာ > state_region:7279:ဧ​ရာဝတီတိုင်း > district:7209:ဟင်္သာတခရိုင် > township:7208:ဟင်္သာတမြို့နယ် > ward_village_tract:7134:ညောင်ပင်ရပ်ကွက်,7208,manual_review,manual_review,True,Core WVT not matched to an official MIMU ward/village-tract row,95.4515116671737,17.6635246,de16fe999690da7e8ec4f261745a6f85
7141,ward_village_tract,ward,ယွန်းတန်းရပ်ကွက်,country:11:မြန်မာ > state_region:7279:ဧ​ရာဝတီတိုင်း > district:7155:မြန်အောင်ခရိုင် > township:7151:ရွှေတောင်မြို့နယ် > ward_village_tract:7141:ယွန်းတန်းရပ်ကွက်,7151,manual_review,manual_review,True,Core WVT not matched to an official MIMU ward/village-tract row,95.2060795279525,18.70041035,9ea00ee8e97cea986b0fb333c11eb7ad
7142,ward_village_tract,ward,ကြာနီကန်ရပ်ကွက်,country:11:မြန်မာ > state_region:7279:ဧ​ရာဝတီတိုင်း > district:7155:မြန်အောင်ခရိုင် > township:7151:ရွှေတောင်မြို့နယ် > ward_village_tract:7142:ကြာနီကန်ရပ်ကွက်,7151,manual_review,manual_review,True,Core WVT not matched to an official MIMU ward/village-tract row,95.217045218836,18.69693885,4671a16a68771cfe6285e039988dd63e
7143,ward_village_tract,ward,သရက်တောရပ်ကွက်,country:11:မြန်မာ > state_region:7279:ဧ​ရာဝတီတိုင်း > district:7155:မြန်အောင်ခရိုင် > township:7151:ရွှေတောင်မြို့နယ် > ward_village_tract:7143:သရက်တောရပ်ကွက်,7151,manual_review,manual_review,True,Core WVT not matched to an official MIMU ward/village-tract row,95.2109434646504,18.71358755,ab2de016fb0755e1bde0e5b53a4ec266
7144,ward_village_tract,ward,မင်းရပ်ရပ်ကွက်,country:11:မြန်မာ > state_region:7279:ဧ​ရာဝတီတိုင်း > district:7155:မြန်အောင်ခရိုင် > township:6778:ပန်းတောင်းမြို့နယ် > ward_village_tract:7144:မင်းရပ်ရပ်ကွက်,6778,manual_review,manual_review,True,Core WVT not matched to an official MIMU ward/village-tract row,95.1476608516593,18.71606455,01b046bcf2178cd267d1f8d26bc924c2
7145,ward_village_tract,ward,ဝန်လိုရပ်ကွက်,country:11:မြန်မာ > state_region:7279:ဧ​ရာဝတီတိုင်း > district:7155:မြန်အောင်ခရိုင် > township:6778:ပန်းတောင်းမြို့နယ် > ward_village_tract:7145:ဝန်လိုရပ်ကွက်,6778,manual_review,manual_review,True,Core WVT not matched to an official MIMU ward/village-tract row,95.1412706487865,18.71296745,a651e527d460785b3cd2d9c80c2ef71b
7146,ward_village_tract,ward,ရွှေပင်ရပ်ကွက်,country:11:မြန်မာ > state_region:7279:ဧ​ရာဝတီတိုင်း > district:7155:မြန်အောင်ခရိုင် > township:6778:ပန်းတောင်းမြို့နယ် > ward_village_tract:7146:ရွှေပင်ရပ်ကွက်,6778,manual_review,manual_review,True,Core WVT not matched to an official MIMU ward/village-tract row,95.0142122182875,18.68852645,3c806bbd224a899cf30db6b2ca226833
7147,ward_village_tract,ward,ဖောင်းကံရပ်ကွက်,country:11:မြန်မာ > state_region:7279:ဧ​ရာဝတီတိုင်း > district:7155:မြန်အောင်ခရိုင် > township:6778:ပန်းတောင်းမြို့နယ် > ward_village_tract:7147:ဖောင်းကံရပ်ကွက်,6778,manual_review,manual_review,True,Core WVT not matched to an official MIMU ward/village-tract row,95.1218398952314,18.70492825,0866ddc6ccd1a89cbae52684a62a8dc7
7148,ward_village_tract,ward,ပြည်တော်သာရပ်ကွက်,country:11:မြန်မာ > state_region:7279:ဧ​ရာဝတီတိုင်း > district:7155:မြန်အောင်ခရိုင် > township:6778:ပန်းတောင်းမြို့နယ် > ward_village_tract:7148:ပြည်တော်သာရပ်ကွက်,6778,manual_review,manual_review,True,Core WVT not matched to an official MIMU ward/village-tract row,95.0163346866739,18.68314935,0e8cf9cbea33d9b6ec71586b398ba415
7149,ward_village_tract,ward,ရတနာပုံရပ်ကွက်,country:11:မြန်မာ > state_region:7279:ဧ​ရာဝတီတိုင်း > district:7155:မြန်အောင်ခရိုင် > township:6778:ပန်းတောင်းမြို့နယ် > ward_village_tract:7149:ရတနာပုံရပ်ကွက်,6778,manual_review,manual_review,True,Core WVT not matched to an official MIMU ward/village-tract row,95.0058980890266,18.6877091,ba9fbbb9e98544f40b760209a6d46b38
7164,ward_village_tract,ward,အမှတ် (၁) ရပ်ကွက်,country:11:မြန်မာ > state_region:7279:ဧ​ရာဝတီတိုင်း > district:7155:မြန်အောင်ခရိုင် > township:6767:မြန်အောင်မြို့နယ် > ward_village_tract:7164:အမှတ် (၁) ရပ်ကွက်,6767,manual_review,manual_review,True,Core WVT not matched to an official MIMU ward/village-tract row,95.3104516933355,18.2992418,c04a2774a84ad9f1aa4a9315e53e0471
7165,ward_village_tract,ward,အမှတ် (၃) ရပ်ကွက်,country:11:မြန်မာ > state_region:7279:ဧ​ရာဝတီတိုင်း > district:7155:မြန်အောင်ခရိုင် > township:6767:မြန်အောင်မြို့နယ် > ward_village_tract:7165:အမှတ် (၃) ရပ်ကွက်,6767,manual_review,manual_review,True,Core WVT not matched to an official MIMU ward/village-tract row,95.3088660249292,18.29736665,ee43f817832b10876ad0d3256670a9f6
7166,ward_village_tract,ward,အမှတ် (၂) ရပ်ကွက်,country:11:မြန်မာ > state_region:7279:ဧ​ရာဝတီတိုင်း > district:7155:မြန်အောင်ခရိုင် > township:6767:မြန်အောင်မြို့နယ် > ward_village_tract:7166:အမှတ် (၂) ရပ်ကွက်,6767,manual_review,manual_review,True,Core WVT not matched to an official MIMU ward/village-tract row,95.3124346763649,18.29092715,2313cf3ffbcf79d2227c533f1127ed58
7167,ward_village_tract,ward,အမှတ် (၄) ရပ်ကွက်,country:11:မြန်မာ > state_region:7279:ဧ​ရာဝတီတိုင်း > district:7155:မြန်အောင်ခရိုင် > township:6767:မြန်အောင်မြို့နယ် > ward_village_tract:7167:အမှတ် (၄) ရပ်ကွက်,6767,manual_review,manual_review,True,Core WVT not matched to an official MIMU ward/village-tract row,95.3164921097858,18.28215245,e34dcd91129c600370670304c50b2889
7174,ward_village_tract,ward,အမှတ် (၅) ရပ်ကွက်,country:11:မြန်မာ > state_region:7279:ဧ​ရာဝတီတိုင်း > district:7155:မြန်အောင်ခရိုင် > township:6767:မြန်အောင်မြို့နယ် > ward_village_tract:7174:အမှတ် (၅) ရပ်ကွက်,6767,manual_review,manual_review,True,Core WVT not matched to an official MIMU ward/village-tract row,95.3248187401201,18.2846464,b5d676a6b21ade00d9e14d3b10d920c0
7175,ward_village_tract,ward,အမှတ် (၆) ရပ်ကွက်,country:11:မြန်မာ > state_region:7279:ဧ​ရာဝတီတိုင်း > district:7155:မြန်အောင်ခရိုင် > township:6767:မြန်အောင်မြို့နယ် > ward_village_tract:7175:အမှတ် (၆) ရပ်ကွက်,6767,manual_review,manual_review,True,Core WVT not matched to an official MIMU ward/village-tract row,95.3266346241014,18.2740389,5a438f4acdb376226466e3764281a0bf
7177,ward_village_tract,island,Taik Kyun,country:11:မြန်မာ > state_region:6722:ရခိုင်ပြည်နယ် > ward_village_tract:7177:Taik Kyun,6722,manual_review,manual_review,True,Core WVT not matched to an official MIMU ward/village-tract row,93.81336242806,18.72237795,08ef92211483b9b1167ea1c9028bd5ec
7179,ward_village_tract,ward,တာငါးဆယ်မြောက်ရပ်ကွက်,country:11:မြန်မာ > state_region:7279:ဧ​ရာဝတီတိုင်း > district:7209:ဟင်္သာတခရိုင် > township:7208:ဟင်္သာတမြို့နယ် > ward_village_tract:7179:တာငါးဆယ်မြောက်ရပ်ကွက်,7208,manual_review,manual_review,True,Core WVT not matched to an official MIMU ward/village-tract row,95.4542990604304,17.658885,efb5823d8de31354b3a56cfda687c79e
7189,ward_village_tract,ward,အမှတ် (၇) ရပ်ကွက်,country:11:မြန်မာ > state_region:7279:ဧ​ရာဝတီတိုင်း > district:7299:မအူပင်ခရိုင် > township:7295:ဓနုဖြူမြို့နယ် > ward_village_tract:7189:အမှတ် (၇) ရပ်ကွက်,7295,manual_review,manual_review,True,Core WVT not matched to an official MIMU ward/village-tract row,95.5933891204951,17.2584889,3de37c4660a1ad6855186b51801e715d
7190,ward_village_tract,ward,ပန်းဘဲတန်းရပ်ကွက်,country:11:မြန်မာ > state_region:7279:ဧ​ရာဝတီတိုင်း > district:7209:ဟင်္သာတခရိုင် > township:7208:ဟင်္သာတမြို့နယ် > ward_village_tract:7190:ပန်းဘဲတန်းရပ်ကွက်,7208,manual_review,manual_review,True,Core WVT not matched to an official MIMU ward/village-tract row,95.4568956598464,17.6370255,e88dd6ff9a20b084e7eaadbb50baf0fd
7195,ward_village_tract,ward,အမှတ် (၂) ရပ်ကွက်,country:11:မြန်မာ > state_region:7279:ဧ​ရာဝတီတိုင်း > district:7209:ဟင်္သာတခရိုင် > township:7194:လေးမျက်နှာမြို့နယ် > ward_village_tract:7195:အမှတ် (၂) ရပ်ကွက်,7194,manual_review,manual_review,True,Core WVT not matched to an official MIMU ward/village-tract row,95.1825777696965,17.60158215,e686206cb414ca177d1c3b3d85cdee62
7196,ward_village_tract,ward,အမှတ် (၄) ရပ်ကွက်,country:11:မြန်မာ > state_region:7279:ဧ​ရာဝတီတိုင်း > district:7209:ဟင်္သာတခရိုင် > township:7194:လေးမျက်နှာမြို့နယ် > ward_village_tract:7196:အမှတ် (၄) ရပ်ကွက်,7194,manual_review,manual_review,True,Core WVT not matched to an official MIMU ward/village-tract row,95.1703777143903,17.59954225,3e3b8820ab026d14bdb305398a454dc4
7197,ward_village_tract,ward,အမှတ် (၅) ရပ်ကွက်,country:11:မြန်မာ > state_region:7279:ဧ​ရာဝတီတိုင်း > district:7209:ဟင်္သာတခရိုင် > township:7194:လေးမျက်နှာမြို့နယ် > ward_village_tract:7197:အမှတ် (၅) ရပ်ကွက်,7194,manual_review,manual_review,True,Core WVT not matched to an official MIMU ward/village-tract row,95.1606966417702,17.5973272,31d622d97c6ec96d927f627d6de4c545
7198,ward_village_tract,ward,အမှတ် (၃) ရပ်ကွက်,country:11:မြန်မာ > state_region:7279:ဧ​ရာဝတီတိုင်း > district:7209:ဟင်္သာတခရိုင် > township:7194:လေးမျက်နှာမြို့နယ် > ward_village_tract:7198:အမှတ် (၃) ရပ်ကွက်,7194,manual_review,manual_review,True,Core WVT not matched to an official MIMU ward/village-tract row,95.1768129830569,17.59844725,b49b2ab1febc4f1b9fc3acf0e1c1b2e4
7199,ward_village_tract,ward,အမှတ် (၁) ရပ်ကွက်,country:11:မြန်မာ > state_region:7279:ဧ​ရာဝတီတိုင်း > district:7209:ဟင်္သာတခရိုင် > township:7194:လေးမျက်နှာမြို့နယ် > ward_village_tract:7199:အမှတ် (၁) ရပ်ကွက်,7194,manual_review,manual_review,True,Core WVT not matched to an official MIMU ward/village-tract row,95.1827728442258,17.59536045,d3ece1299e8a7a140942a53c78e5d05b
7200,ward_village_tract,ward,အမှတ် (၄) ရပ်ကွက်,country:11:မြန်မာ > state_region:7279:ဧ​ရာဝတီတိုင်း > district:7209:ဟင်္သာတခရိုင် > township:7208:ဟင်္သာတမြို့နယ် > ward_village_tract:7200:အမှတ် (၄) ရပ်ကွက်,7208,manual_review,manual_review,True,Core WVT not matched to an official MIMU ward/village-tract row,95.4633869238212,17.54651785,c5f362a815f96ebfd6b7403f3bc4ef53
7201,ward_village_tract,ward,တာကလေးရပ်ကွက်,country:11:မြန်မာ > state_region:7279:ဧ​ရာဝတီတိုင်း > district:7209:ဟင်္သာတခရိုင် > township:7208:ဟင်္သာတမြို့နယ် > ward_village_tract:7201:တာကလေးရပ်ကွက်,7208,manual_review,manual_review,True,Core WVT not matched to an official MIMU ward/village-tract row,95.4693481966459,17.6367559,018bdaebdef4a71fb83d20b3e72ebdd2
7202,ward_village_tract,ward,အမှတ် (၃) ရပ်ကွက်,country:11:မြန်မာ > state_region:7279:ဧ​ရာဝတီတိုင်း > district:7209:ဟင်္သာတခရိုင် > township:7208:ဟင်္သာတမြို့နယ် > ward_village_tract:7202:အမှတ် (၃) ရပ်ကွက်,7208,manual_review,manual_review,True,Core WVT not matched to an official MIMU ward/village-tract row,95.4794117881373,17.55087335,b2f0c2ac2a02498bca821cb156131e74
7203,ward_village_tract,ward,အမှတ် (၅) ရပ်ကွက်,country:11:မြန်မာ > state_region:7279:ဧ​ရာဝတီတိုင်း > district:7209:ဟင်္သာတခရိုင် > township:7208:ဟင်္သာတမြို့နယ် > ward_village_tract:7203:အမှတ် (၅) ရပ်ကွက်,7208,manual_review,manual_review,True,Core WVT not matched to an official MIMU ward/village-tract row,95.4591761827213,17.55744765,81d2484c93202400f54eb8c849347e99
7204,ward_village_tract,ward,အမှတ် (၂) ရပ်ကွက်,country:11:မြန်မာ > state_region:7279:ဧ​ရာဝတီတိုင်း > district:7209:ဟင်္သာတခရိုင် > township:7208:ဟင်္သာတမြို့နယ် > ward_village_tract:7204:အမှတ် (၂) ရပ်ကွက်,7208,manual_review,manual_review,True,Core WVT not matched to an official MIMU ward/village-tract row,95.4743583451996,17.5651792,628b9804e8c183aea9276eea4f15d629
7205,ward_village_tract,ward,အမှတ် (၁) ရပ်ကွက်,country:11:မြန်မာ > state_region:7279:ဧ​ရာဝတီတိုင်း > district:7209:ဟင်္သာတခရိုင် > township:7208:ဟင်္သာတမြို့နယ် > ward_village_tract:7205:အမှတ် (၁) ရပ်ကွက်,7208,manual_review,manual_review,True,Core WVT not matched to an official MIMU ward/village-tract row,95.4809474511403,17.56855025,f17b6f7d30183a66af781b6ef899d28c
7206,ward_village_tract,ward,ပခန်းချောင်းရပ်ကွက်,country:11:မြန်မာ > state_region:7279:ဧ​ရာဝတီတိုင်း > district:7209:ဟင်္သာတခရိုင် > township:7208:ဟင်္သာတမြို့နယ် > ward_village_tract:7206:ပခန်းချောင်းရပ်ကွက်,7208,manual_review,manual_review,True,Core WVT not matched to an official MIMU ward/village-tract row,95.4846054602452,17.6380782,389487a162e28bf35a3e046bbfaea6af
7207,ward_village_tract,ward,ဇကာရပ်ကွက်,country:11:မြန်မာ > state_region:7279:ဧ​ရာဝတီတိုင်း > district:7209:ဟင်္သာတခရိုင် > township:7208:ဟင်္သာတမြို့နယ် > ward_village_tract:7207:ဇကာရပ်ကွက်,7208,manual_review,manual_review,True,Core WVT not matched to an official MIMU ward/village-tract row,95.4729000971888,17.64166035,53952a71b56cf273d8268bfecd87087f
7211,ward_village_tract,ward,ကနောင်စုရပ်ကွက်,country:11:မြန်မာ > state_region:7279:ဧ​ရာဝတီတိုင်း > district:7209:ဟင်္သာတခရိုင် > township:7208:ဟင်္သာတမြို့နယ် > ward_village_tract:7211:ကနောင်စုရပ်ကွက်,7208,manual_review,manual_review,True,Core WVT not matched to an official MIMU ward/village-tract row,95.4477430552999,17.6407385,97f45c2e835036e8a81122a289e4faf7
7212,ward_village_tract,ward,ပျဉ်းမချောင်းရပ်ကွက်,country:11:မြန်မာ > state_region:7279:ဧ​ရာဝတီတိုင်း > district:7209:ဟင်္သာတခရိုင် > township:7208:ဟင်္သာတမြို့နယ် > ward_village_tract:7212:ပျဉ်းမချောင်းရပ်ကွက်,7208,manual_review,manual_review,True,Core WVT not matched to an official MIMU ward/village-tract row,95.4442922285294,17.6735185,10ca2c2fd851b64283305a245cc9adb2
7213,ward_village_tract,ward,လယ်တီကွင်းရပ်ကွက်,country:11:မြန်မာ > state_region:7279:ဧ​ရာဝတီတိုင်း > district:7209:ဟင်္သာတခရိုင် > township:7208:ဟင်္သာတမြို့နယ် > ward_village_tract:7213:လယ်တီကွင်းရပ်ကွက်,7208,manual_review,manual_review,True,Core WVT not matched to an official MIMU ward/village-tract row,95.4389158845204,17.6656252,fed295bcde1f06919b801b7e76c92083
7214,ward_village_tract,ward,အေးမြသာယာရပ်ကွက်,country:11:မြန်မာ > state_region:7279:ဧ​ရာဝတီတိုင်း > district:7209:ဟင်္သာတခရိုင် > township:7208:ဟင်္သာတမြို့နယ် > ward_village_tract:7214:အေးမြသာယာရပ်ကွက်,7208,manual_review,manual_review,True,Core WVT not matched to an official MIMU ward/village-tract row,95.434449894086,17.6574533,8c7532eb88e180c31b7348615fffecdd
7216,ward_village_tract,ward,အမှတ် (၂) ရပ်ကွက်,country:11:မြန်မာ > state_region:7279:ဧ​ရာဝတီတိုင်း > district:7155:မြန်အောင်ခရိုင် > township:7215:အင်္ဂပူမြို့နယ် > ward_village_tract:7216:အမှတ် (၂) ရပ်ကွက်,7215,manual_review,manual_review,True,Core WVT not matched to an official MIMU ward/village-tract row,95.2714707925651,17.8166539,47a2df35f15397af2400ac6faff220f0
7217,ward_village_tract,ward,အမှတ် (၃) ရပ်ကွက်,country:11:မြန်မာ > state_region:7279:ဧ​ရာဝတီတိုင်း > district:7155:မြန်အောင်ခရိုင် > township:7215:အင်္ဂပူမြို့နယ် > ward_village_tract:7217:အမှတ် (၃) ရပ်ကွက်,7215,manual_review,manual_review,True,Core WVT not matched to an official MIMU ward/village-tract row,95.2666740009361,17.80566065,a996340dbd796fcc4d295f10d5fd71fa
7218,ward_village_tract,ward,အမှတ် (၃) ရပ်ကွက်,country:11:မြန်မာ > state_region:7279:ဧ​ရာဝတီတိုင်း > district:7299:မအူပင်ခရိုင် > township:7295:ဓနုဖြူမြို့နယ် > ward_village_tract:7218:အမှတ် (၃) ရပ်ကွက်,7295,manual_review,manual_review,True,Core WVT not matched to an official MIMU ward/village-tract row,95.5891434938291,17.26131305,cb0ce0df66ec0a0766d2266a47e6e9b4
7219,ward_village_tract,ward,အမှတ် (၁) ရပ်ကွက်,country:11:မြန်မာ > state_region:7279:ဧ​ရာဝတီတိုင်း > district:7155:မြန်အောင်ခရိုင် > township:7215:အင်္ဂပူမြို့နယ် > ward_village_tract:7219:အမှတ် (၁) ရပ်ကွက်,7215,manual_review,manual_review,True,Core WVT not matched to an official MIMU ward/village-tract row,95.2666063601952,17.81198675,ae1a05225720909a507543f6e6524b33
7223,ward_village_tract,ward,အမှတ် (၄) ရပ်ကွက်,country:11:မြန်မာ > state_region:7279:ဧ​ရာဝတီတိုင်း > district:7299:မအူပင်ခရိုင် > township:7295:ဓနုဖြူမြို့နယ် > ward_village_tract:7223:အမှတ် (၄) ရပ်ကွက်,7295,manual_review,manual_review,True,Core WVT not matched to an official MIMU ward/village-tract row,95.5923079859854,17.26164435,19059b909f417aa2f0f9066534a7aa99
7229,ward_village_tract,ward,အမှတ် (၅) ရပ်ကွက်,country:11:မြန်မာ > state_region:7279:ဧ​ရာဝတီတိုင်း > district:7299:မအူပင်ခရိုင် > township:7295:ဓနုဖြူမြို့နယ် > ward_village_tract:7229:အမှတ် (၅) ရပ်ကွက်,7295,manual_review,manual_review,True,Core WVT not matched to an official MIMU ward/village-tract row,95.592819620153,17.25961195,e8244edba31e1829d8af3e84792ffa95
7239,ward_village_tract,ward,အမှတ် (၁၂) ရပ်ကွက်,country:11:မြန်မာ > state_region:7279:ဧ​ရာဝတီတိုင်း > district:7299:မအူပင်ခရိုင် > township:7295:ဓနုဖြူမြို့နယ် > ward_village_tract:7239:အမှတ် (၁၂) ရပ်ကွက်,7295,manual_review,manual_review,True,Core WVT not matched to an official MIMU ward/village-tract row,95.5874332357612,17.2586408,d4daf6f9714da659553f9aa7a2849de2
7243,ward_village_tract,ward,အမှတ် (၈) ရပ်ကွက်,country:11:မြန်မာ > state_region:7279:ဧ​ရာဝတီတိုင်း > district:7299:မအူပင်ခရိုင် > township:7295:ဓနုဖြူမြို့နယ် > ward_village_tract:7243:အမှတ် (၈) ရပ်ကွက်,7295,manual_review,manual_review,True,Core WVT not matched to an official MIMU ward/village-tract row,95.5945769376242,17.25644275,453c07232b02a18409f087cee680ea2a
7244,ward_village_tract,ward,အမှတ် (၂) ရပ်ကွက်,country:11:မြန်မာ > state_region:7279:ဧ​ရာဝတီတိုင်း > district:7299:မအူပင်ခရိုင် > township:7295:ဓနုဖြူမြို့နယ် > ward_village_tract:7244:အမှတ် (၂) ရပ်ကွက်,7295,manual_review,manual_review,True,Core WVT not matched to an official MIMU ward/village-tract row,95.590182674682,17.2635392,269bd9d0010104ed7bea9e508474d706
7245,ward_village_tract,ward,အမှတ် (၁၁) ရပ်ကွက်,country:11:မြန်မာ > state_region:7279:ဧ​ရာဝတီတိုင်း > district:7299:မအူပင်ခရိုင် > township:7295:ဓနုဖြူမြို့နယ် > ward_village_tract:7245:အမှတ် (၁၁) ရပ်ကွက်,7295,manual_review,manual_review,True,Core WVT not matched to an official MIMU ward/village-tract row,95.5855535610403,17.2651551,a48d331b53f3502a82c0f3a7dce7b5ad
7246,ward_village_tract,ward,အမှတ် (၁၃) ရပ်ကွက်,country:11:မြန်မာ > state_region:7279:ဧ​ရာဝတီတိုင်း > district:7299:မအူပင်ခရိုင် > township:7295:ဓနုဖြူမြို့နယ် > ward_village_tract:7246:အမှတ် (၁၃) ရပ်ကွက်,7295,manual_review,manual_review,True,Core WVT not matched to an official MIMU ward/village-tract row,95.5885279830234,17.254396,ed503736f6b9585848982ceddd6b5438
7247,ward_village_tract,ward,အမှတ် (၁၀) ရပ်ကွက်,country:11:မြန်မာ > state_region:7279:ဧ​ရာဝတီတိုင်း > district:7299:မအူပင်ခရိုင် > township:7295:ဓနုဖြူမြို့နယ် > ward_village_tract:7247:အမှတ် (၁၀) ရပ်ကွက်,7295,manual_review,manual_review,True,Core WVT not matched to an official MIMU ward/village-tract row,95.5947163302046,17.2509916,7ea2e603d084fd40ebcb94dfc1291aec
7248,ward_village_tract,ward,အမှတ် (၁၄) ရပ်ကွက်,country:11:မြန်မာ > state_region:7279:ဧ​ရာဝတီတိုင်း > district:7299:မအူပင်ခရိုင် > township:7295:ဓနုဖြူမြို့နယ် > ward_village_tract:7248:အမှတ် (၁၄) ရပ်ကွက်,7295,manual_review,manual_review,True,Core WVT not matched to an official MIMU ward/village-tract row,95.5902336064317,17.2514307,e8290494f6cc540a23739ecc070307a4
7249,ward_village_tract,ward,အမှတ် (၁၇) ရပ်ကွက်,country:11:မြန်မာ > state_region:7279:ဧ​ရာဝတီတိုင်း > district:7299:မအူပင်ခရိုင် > township:7295:ဓနုဖြူမြို့နယ် > ward_village_tract:7249:အမှတ် (၁၇) ရပ်ကွက်,7295,manual_review,manual_review,True,Core WVT not matched to an official MIMU ward/village-tract row,95.5830733634706,17.25515025,80509f472229d33a235e6a7688b8c778
7250,ward_village_tract,ward,အမှတ် (၁၈) ရပ်ကွက်,country:11:မြန်မာ > state_region:7279:ဧ​ရာဝတီတိုင်း > district:7299:မအူပင်ခရိုင် > township:7295:ဓနုဖြူမြို့နယ် > ward_village_tract:7250:အမှတ် (၁၈) ရပ်ကွက်,7295,manual_review,manual_review,True,Core WVT not matched to an official MIMU ward/village-tract row,95.5805147402789,17.26733905,75aadedadea81642adcdcd0c4723005d
7251,ward_village_tract,ward,အမှတ် (၁) ရပ်ကွက်,country:11:မြန်မာ > state_region:7279:ဧ​ရာဝတီတိုင်း > district:7299:မအူပင်ခရိုင် > township:7295:ဓနုဖြူမြို့နယ် > ward_village_tract:7251:အမှတ် (၁) ရပ်ကွက်,7295,manual_review,manual_review,True,Core WVT not matched to an official MIMU ward/village-tract row,95.5887908464333,17.26622255,802c282f6e46e5d19eac4a5ec88ea742
7252,ward_village_tract,ward,အမှတ် (၁၅) ရပ်ကွက်,country:11:မြန်မာ > state_region:7279:ဧ​ရာဝတီတိုင်း > district:7299:မအူပင်ခရိုင် > township:7295:ဓနုဖြူမြို့နယ် > ward_village_tract:7252:အမှတ် (၁၅) ရပ်ကွက်,7295,manual_review,manual_review,True,Core WVT not matched to an official MIMU ward/village-tract row,95.5859734375357,17.2701368,d0a72dcf0e23d019c91040db1c8137da
7253,ward_village_tract,ward,အမှတ် (၁၆) ရပ်ကွက်,country:11:မြန်မာ > state_region:7279:ဧ​ရာဝတီတိုင်း > district:7299:မအူပင်ခရိုင် > township:7295:ဓနုဖြူမြို့နယ် > ward_village_tract:7253:အမှတ် (၁၆) ရပ်ကွက်,7295,manual_review,manual_review,True,Core WVT not matched to an official MIMU ward/village-tract row,95.5848965938876,17.2726655,873ba45823d190c578da0bb83cf739eb
7254,ward_village_tract,ward,ကမ်းနားရပ်ကွက်,country:11:မြန်မာ > state_region:7279:ဧ​ရာဝတီတိုင်း > district:7209:ဟင်္သာတခရိုင် > township:7259:ဇလွန်မြို့နယ် > ward_village_tract:7254:ကမ်းနားရပ်ကွက်,7259,manual_review,manual_review,True,Core WVT not matched to an official MIMU ward/village-tract row,95.5658950664928,17.48124385,f3822273a17650817ade301dae83f609
7255,ward_village_tract,ward,လမ္မတော်တောင်ရပ်ကွက်,country:11:မြန်မာ > state_region:7279:ဧ​ရာဝတီတိုင်း > district:7209:ဟင်္သာတခရိုင် > township:7259:ဇလွန်မြို့နယ် > ward_village_tract:7255:လမ္မတော်တောင်ရပ်ကွက်,7259,manual_review,manual_review,True,Core WVT not matched to an official MIMU ward/village-tract row,95.5620033079586,17.4752374,3fa208fc105d852c02cae4d482f9b02e
7256,ward_village_tract,ward,လမ္မတော်မြောက်ရပ်ကွက်,country:11:မြန်မာ > state_region:7279:ဧ​ရာဝတီတိုင်း > district:7209:ဟင်္သာတခရိုင် > township:7259:ဇလွန်မြို့နယ် > ward_village_tract:7256:လမ္မတော်မြောက်ရပ်ကွက်,7259,manual_review,manual_review,True,Core WVT not matched to an official MIMU ward/village-tract row,95.5554395375,17.478966,3a43506cf3d2b7a2c068fb1fa2bda2ab
7257,ward_village_tract,ward,ညောင်ပင်ဈေးရပ်ကွက်,country:11:မြန်မာ > state_region:7279:ဧ​ရာဝတီတိုင်း > district:7209:ဟင်္သာတခရိုင် > township:7259:ဇလွန်မြို့နယ် > ward_village_tract:7257:ညောင်ပင်ဈေးရပ်ကွက်,7259,manual_review,manual_review,True,Core WVT not matched to an official MIMU ward/village-tract row,95.545965160895,17.4666134,6565f7af49577508199309a07caf47f7
7258,ward_village_tract,ward,ဆန်တန်းရပ်ကွက်,country:11:မြန်မာ > state_region:7279:ဧ​ရာဝတီတိုင်း > district:7209:ဟင်္သာတခရိုင် > township:7259:ဇလွန်မြို့နယ် > ward_village_tract:7258:ဆန်တန်းရပ်ကွက်,7259,manual_review,manual_review,True,Core WVT not matched to an official MIMU ward/village-tract row,95.5563837012106,17.48573825,15e8c724064d1cd7c144d1a5b42c9991
7260,ward_village_tract,ward,မြို.သစ်ရပ်ကွက်,country:11:မြန်မာ > state_region:7279:ဧ​ရာဝတီတိုင်း > district:7283:ကျုံပျော်ခရိုင် > township:7187:ရေကြည်မြို့နယ် > ward_village_tract:7260:မြို.သစ်ရပ်ကွက်,7187,manual_review,manual_review,True,Core WVT not matched to an official MIMU ward/village-tract row,95.074757424236,17.3855982,838218d6c6395d88ef8610cc21a789df
7261,ward_village_tract,ward,သောင်တန်း(အောင်ဆန်း)ရပ်ကွက်,country:11:မြန်မာ > state_region:7279:ဧ​ရာဝတီတိုင်း > district:7283:ကျုံပျော်ခရိုင် > township:7187:ရေကြည်မြို့နယ် > ward_village_tract:7261:သောင်တန်း(အောင်ဆန်း)ရပ်ကွက်,7187,manual_review,manual_review,True,Core WVT not matched to an official MIMU ward/village-tract row,95.0695399677998,17.38566735,03470e69caa0b7667384be712c62b7a7
7262,ward_village_tract,ward,မြို့မရပ်ကွက်,country:11:မြန်မာ > state_region:7279:ဧ​ရာဝတီတိုင်း > district:7283:ကျုံပျော်ခရိုင် > township:7187:ရေကြည်မြို့နယ် > ward_village_tract:7262:မြို့မရပ်ကွက်,7187,duplicate,merge_duplicate,True,Candidate merge with sibling CoreMap rows sharing parent and normalized name,95.0666156376953,17.39322555,55d32ef8900b7d7746ca4f7b3b318581
7263,ward_village_tract,ward,အမှတ် (၄) ရပ်ကွက်,country:11:မြန်မာ > state_region:7279:ဧ​ရာဝတီတိုင်း > district:7283:ကျုံပျော်ခရိုင် > township:7187:ရေကြည်မြို့နယ် > ward_village_tract:7263:အမှတ် (၄) ရပ်ကွက်,7187,manual_review,manual_review,True,Core WVT not matched to an official MIMU ward/village-tract row,95.0789738365136,17.20471995,1f334aae02ee2693172f8af11ccfe733
7264,ward_village_tract,ward,ရှေ.ဆောင်ရပ်ကွက်,country:11:မြန်မာ > state_region:7279:ဧ​ရာဝတီတိုင်း > district:7283:ကျုံပျော်ခရိုင် > township:7187:ရေကြည်မြို့နယ် > ward_village_tract:7264:ရှေ.ဆောင်ရပ်ကွက်,7187,manual_review,manual_review,True,Core WVT not matched to an official MIMU ward/village-tract row,95.0698881464458,17.39197855,37ddf6dec8875f9a1f833104790fa817
7265,ward_village_tract,ward,ငဝန်ရပ်ကွက်,country:11:မြန်မာ > state_region:7279:ဧ​ရာဝတီတိုင်း > district:7283:ကျုံပျော်ခရိုင် > township:7187:ရေကြည်မြို့နယ် > ward_village_tract:7265:ငဝန်ရပ်ကွက်,7187,manual_review,manual_review,True,Core WVT not matched to an official MIMU ward/village-tract row,95.0717429926411,17.4033642,32199ee92aab6a9ce70c7c350a3e71af
7266,ward_village_tract,ward,ရွှေဘိုရပ်ကွက်,country:11:မြန်မာ > state_region:7279:ဧ​ရာဝတီတိုင်း > district:7283:ကျုံပျော်ခရိုင် > township:7187:ရေကြည်မြို့နယ် > ward_village_tract:7266:ရွှေဘိုရပ်ကွက်,7187,manual_review,manual_review,True,Core WVT not matched to an official MIMU ward/village-tract row,95.0792194351149,17.399942,09705dd64985d9007c0cdb789a13d6f4
7267,ward_village_tract,ward,နေဝင်းရပ်ကွက်,country:11:မြန်မာ > state_region:7279:ဧ​ရာဝတီတိုင်း > district:7283:ကျုံပျော်ခရိုင် > township:7187:ရေကြည်မြို့နယ် > ward_village_tract:7267:နေဝင်းရပ်ကွက်,7187,manual_review,manual_review,True,Core WVT not matched to an official MIMU ward/village-tract row,95.1208158153387,17.35093235,a9d1b096dfd4c77fd216b2daa73ad534
7268,ward_village_tract,ward,ဆရာစံရပ်ကွက်,country:11:မြန်မာ > state_region:7279:ဧ​ရာဝတီတိုင်း > district:7283:ကျုံပျော်ခရိုင် > township:7187:ရေကြည်မြို့နယ် > ward_village_tract:7268:ဆရာစံရပ်ကွက်,7187,manual_review,manual_review,True,Core WVT not matched to an official MIMU ward/village-tract row,95.1240000958877,17.34576505,4a1953adee55d02e04d08e8445340fb5
7269,ward_village_tract,ward,မြို့မရပ်ကွက်,country:11:မြန်မာ > state_region:7279:ဧ​ရာဝတီတိုင်း > district:7283:ကျုံပျော်ခရိုင် > township:7187:ရေကြည်မြို့နယ် > ward_village_tract:7269:မြို့မရပ်ကွက်,7187,duplicate,merge_duplicate,True,Candidate merge with sibling CoreMap rows sharing parent and normalized name,95.102043677351,17.3510593,891624d8ae7f9d4619e21499793b9015
7270,ward_village_tract,ward,ဗထူးရပ်ကွက်,country:11:မြန်မာ > state_region:7279:ဧ​ရာဝတီတိုင်း > district:7283:ကျုံပျော်ခရိုင် > township:7187:ရေကြည်မြို့နယ် > ward_village_tract:7270:ဗထူးရပ်ကွက်,7187,manual_review,manual_review,True,Core WVT not matched to an official MIMU ward/village-tract row,95.1136934014743,17.3432129,3b145d0b4dab37cd5eba8d02f5be5c0f
7271,ward_village_tract,ward,အောင်ဆန်းရပ်ကွက်,country:11:မြန်မာ > state_region:7279:ဧ​ရာဝတီတိုင်း > district:7283:ကျုံပျော်ခရိုင် > township:7187:ရေကြည်မြို့နယ် > ward_village_tract:7271:အောင်ဆန်းရပ်ကွက်,7187,manual_review,manual_review,True,Core WVT not matched to an official MIMU ward/village-tract row,95.1182858306803,17.34246765,a8d48cf5033846604a52130b476c917a
7272,ward_village_tract,ward,အမှတ် (၅) ရပ်ကွက်,country:11:မြန်မာ > state_region:7279:ဧ​ရာဝတီတိုင်း > district:7299:မအူပင်ခရိုင် > ward_village_tract:7272:အမှတ် (၅) ရပ်ကွက်,7299,manual_review,manual_review,True,Core WVT not matched to an official MIMU ward/village-tract row,95.6306848222917,17.0458952,32b8339d6c63263d0cce134ad85fe6b4
7273,ward_village_tract,ward,ပင်လုံရပ်ကွက်,country:11:မြန်မာ > state_region:7279:ဧ​ရာဝတီတိုင်း > district:7283:ကျုံပျော်ခရိုင် > township:7282:ကျုံပျော်မြို့နယ် > ward_village_tract:7273:ပင်လုံရပ်ကွက်,7282,manual_review,manual_review,True,Core WVT not matched to an official MIMU ward/village-tract row,95.2056442861715,17.29492445,d85dc0c564d9154507f44cade27f7b15
7274,ward_village_tract,ward,အောင်ဆန်းရပ်ကွက်,country:11:မြန်မာ > state_region:7279:ဧ​ရာဝတီတိုင်း > district:7283:ကျုံပျော်ခရိုင် > township:7282:ကျုံပျော်မြို့နယ် > ward_village_tract:7274:အောင်ဆန်းရပ်ကွက်,7282,manual_review,manual_review,True,Core WVT not matched to an official MIMU ward/village-tract row,95.1923433309663,17.2997031,0d1a98d26852e2bfddaeb870bd33cc8c
7275,ward_village_tract,ward,တေဇရပ်ကွက်,country:11:မြန်မာ > state_region:7279:ဧ​ရာဝတီတိုင်း > district:7283:ကျုံပျော်ခရိုင် > township:7282:ကျုံပျော်မြို့နယ် > ward_village_tract:7275:တေဇရပ်ကွက်,7282,manual_review,manual_review,True,Core WVT not matched to an official MIMU ward/village-tract row,95.1913976201666,17.30802775,05fdc301c3ee8bc3b1bcb10cde3cda69
7276,ward_village_tract,ward,မြဝတီရပ်ကွက်,country:11:မြန်မာ > state_region:7279:ဧ​ရာဝတီတိုင်း > district:7283:ကျုံပျော်ခရိုင် > township:7282:ကျုံပျော်မြို့နယ် > ward_village_tract:7276:မြဝတီရပ်ကွက်,7282,manual_review,manual_review,True,Core WVT not matched to an official MIMU ward/village-tract row,95.1958284973597,17.30771335,17581691ef4cffc3f7182bb9440c384c
7277,ward_village_tract,ward,အမှတ် (၁) ရပ်ကွက်,country:11:မြန်မာ > state_region:7279:ဧ​ရာဝတီတိုင်း > district:7283:ကျုံပျော်ခရိုင် > township:7187:ရေကြည်မြို့နယ် > ward_village_tract:7277:အမှတ် (၁) ရပ်ကွက်,7187,manual_review,manual_review,True,Core WVT not matched to an official MIMU ward/village-tract row,95.086142122525,17.18973255,43bd855d7550f14d1fb07ed1777f8254
7278,ward_village_tract,ward,အမှတ် (၂) ရပ်ကွက်,country:11:မြန်မာ > state_region:7279:ဧ​ရာဝတီတိုင်း > district:7283:ကျုံပျော်ခရိုင် > township:7187:ရေကြည်မြို့နယ် > ward_village_tract:7278:အမှတ် (၂) ရပ်ကွက်,7187,manual_review,manual_review,True,Core WVT not matched to an official MIMU ward/village-tract row,95.0881613122071,17.2032383,84b21ab626071edef4bf6a776206198d
7280,ward_village_tract,ward,အမှတ် (၃) ရပ်ကွက်,country:11:မြန်မာ > state_region:7279:ဧ​ရာဝတီတိုင်း > district:7283:ကျုံပျော်ခရိုင် > township:7187:ရေကြည်မြို့နယ် > ward_village_tract:7280:အမှတ် (၃) ရပ်ကွက်,7187,manual_review,manual_review,True,Core WVT not matched to an official MIMU ward/village-tract row,95.0780701030689,17.19899255,e48452e97473f8d6ac20888a71f038ac
7281,ward_village_tract,ward,အမှတ် (၄) ရပ်ကွက်,country:11:မြန်မာ > state_region:7279:ဧ​ရာဝတီတိုင်း > district:7299:မအူပင်ခရိုင် > ward_village_tract:7281:အမှတ် (၄) ရပ်ကွက်,7299,manual_review,manual_review,True,Core WVT not matched to an official MIMU ward/village-tract row,95.633045410209,17.04894125,025758b75fc6ef6d1915d81e5b52c038
7284,ward_village_tract,ward,အမှတ် (၅) ရပ်ကွက်,country:11:မြန်မာ > state_region:7279:ဧ​ရာဝတီတိုင်း > district:7283:ကျုံပျော်ခရိုင် > township:7187:ရေကြည်မြို့နယ် > ward_village_tract:7284:အမှတ် (၅) ရပ်ကွက်,7187,manual_review,manual_review,True,Core WVT not matched to an official MIMU ward/village-tract row,95.0748348924403,17.2083577,11989a8909b6f31c31f51481d24f1dd7
7285,ward_village_tract,ward,အမှတ် (၉) ရပ်ကွက်,country:11:မြန်မာ > state_region:7279:ဧ​ရာဝတီတိုင်း > district:7299:မအူပင်ခရိုင် > ward_village_tract:7285:အမှတ် (၉) ရပ်ကွက်,7299,manual_review,manual_review,True,Core WVT not matched to an official MIMU ward/village-tract row,95.6506911795596,17.0442049,a29d1935a7b30f5181c9ede784ea96c3
7288,ward_village_tract,ward,အမှတ် (၈) ရပ်ကွက်,country:11:မြန်မာ > state_region:7279:ဧ​ရာဝတီတိုင်း > district:7299:မအူပင်ခရိုင် > ward_village_tract:7288:အမှတ် (၈) ရပ်ကွက်,7299,manual_review,manual_review,True,Core WVT not matched to an official MIMU ward/village-tract row,95.643572271875,17.04555415,f87ddfa7627f5bff903bbe49c03b16e1
7289,ward_village_tract,ward,အမှတ် (၁၀) ရပ်ကွက်,country:11:မြန်မာ > state_region:7279:ဧ​ရာဝတီတိုင်း > district:7299:မအူပင်ခရိုင် > ward_village_tract:7289:အမှတ် (၁၀) ရပ်ကွက်,7299,manual_review,manual_review,True,Core WVT not matched to an official MIMU ward/village-tract row,95.6497236721652,17.03997835,3a9b8b9527a6c2943ec892bcb68bcb6e
7290,ward_village_tract,ward,အမှတ် (၆) ရပ်ကွက်,country:11:မြန်မာ > state_region:7279:ဧ​ရာဝတီတိုင်း > district:7299:မအူပင်ခရိုင် > ward_village_tract:7290:အမှတ် (၆) ရပ်ကွက်,7299,manual_review,manual_review,True,Core WVT not matched to an official MIMU ward/village-tract row,95.6319033222886,17.0371104,0337b8b21502bd4c335925ce723268a2
7291,ward_village_tract,ward,အမှတ် (၇) ရပ်ကွက်,country:11:မြန်မာ > state_region:7279:ဧ​ရာဝတီတိုင်း > district:7299:မအူပင်ခရိုင် > ward_village_tract:7291:အမှတ် (၇) ရပ်ကွက်,7299,manual_review,manual_review,True,Core WVT not matched to an official MIMU ward/village-tract row,95.641765772477,17.0406527,a35a6b9a1296d324dcee24178877bc6b
7292,ward_village_tract,ward,အမှတ် (၃) ရပ်ကွက်,country:11:မြန်မာ > state_region:7279:ဧ​ရာဝတီတိုင်း > district:7299:မအူပင်ခရိုင် > ward_village_tract:7292:အမှတ် (၃) ရပ်ကွက်,7299,manual_review,manual_review,True,Core WVT not matched to an official MIMU ward/village-tract row,95.6375544377948,17.047644,138585cc85e63d1b892b51d73bb348c8
7293,ward_village_tract,ward,အမှတ် (၂) ရပ်ကွက်,country:11:မြန်မာ > state_region:7279:ဧ​ရာဝတီတိုင်း > district:7299:မအူပင်ခရိုင် > ward_village_tract:7293:အမှတ် (၂) ရပ်ကွက်,7299,manual_review,manual_review,True,Core WVT not matched to an official MIMU ward/village-tract row,95.6416307440559,17.0495646,73e4abf468c5e5d896724c0d40b2bf4a
7294,ward_village_tract,ward,အမှတ် (၁) ရပ်ကွက်,country:11:မြန်မာ > state_region:7279:ဧ​ရာဝတီတိုင်း > district:7299:မအူပင်ခရိုင် > ward_village_tract:7294:အမှတ် (၁) ရပ်ကွက်,7299,manual_review,manual_review,True,Core WVT not matched to an official MIMU ward/village-tract row,95.6497141565564,17.05008565,02eb70ec42ec7608a2c8de938205e226
7307,ward_village_tract,ward,ပေါ်တော်မူရပ်ကွက်,country:11:မြန်မာ > state_region:7279:ဧ​ရာဝတီတိုင်း > district:7299:မအူပင်ခရိုင် > ward_village_tract:7307:ပေါ်တော်မူရပ်ကွက်,7299,manual_review,manual_review,True,Core WVT not matched to an official MIMU ward/village-tract row,95.6493020774439,16.7238795,85c4a03e195ddb9e105241f67746b0ad
7310,ward_village_tract,ward,ဈေးရပ်ကွက်,country:11:မြန်မာ > state_region:7279:ဧ​ရာဝတီတိုင်း > district:7299:မအူပင်ခရိုင် > ward_village_tract:7310:ဈေးရပ်ကွက်,7299,manual_review,manual_review,True,Core WVT not matched to an official MIMU ward/village-tract row,95.6575893127944,16.7154808,b3e24126e180c29d93fa5b06709af7d2
7311,ward_village_tract,ward,ဘောလုံးကွင်းရပ်ကွက်,country:11:မြန်မာ > state_region:7279:ဧ​ရာဝတီတိုင်း > district:7299:မအူပင်ခရိုင် > ward_village_tract:7311:ဘောလုံးကွင်းရပ်ကွက်,7299,manual_review,manual_review,True,Core WVT not matched to an official MIMU ward/village-tract row,95.6536072426919,16.7318659,d6294507c1e305bb3da203fcc09f34c8
7312,ward_village_tract,ward,လှေဆိပ်တောင်ပိုင်းရပ်ကွက်,country:11:မြန်မာ > state_region:7279:ဧ​ရာဝတီတိုင်း > district:7299:မအူပင်ခရိုင် > ward_village_tract:7312:လှေဆိပ်တောင်ပိုင်းရပ်ကွက်,7299,manual_review,manual_review,True,Core WVT not matched to an official MIMU ward/village-tract row,95.6464704434718,16.73369725,3ba6ef182c7bf4e452074a0fc641664e
7313,ward_village_tract,ward,မဟာဗောဓဓိရပ်ကွက်,country:11:မြန်မာ > state_region:7279:ဧ​ရာဝတီတိုင်း > district:7299:မအူပင်ခရိုင် > ward_village_tract:7313:မဟာဗောဓဓိရပ်ကွက်,7299,manual_review,manual_review,True,Core WVT not matched to an official MIMU ward/village-tract row,95.6453826081565,16.72959625,6c936d3bea7054bc543725eee5e79a00
7314,ward_village_tract,ward,လယ်ပေါ်ပိုင်းရပ်ကွက်,country:11:မြန်မာ > state_region:7279:ဧ​ရာဝတီတိုင်း > district:7324:မြောင်းမြခရိုင် > township:7326:အိမ်မဲမြို့နယ် > ward_village_tract:7314:လယ်ပေါ်ပိုင်းရပ်ကွက်,7326,manual_review,manual_review,True,Core WVT not matched to an official MIMU ward/village-tract row,95.1808590567149,16.88753975,3fdc983f3f940963246c05992c62c0d8
7315,ward_village_tract,ward,လှေဆိပ်မြောက်ပိုင်းရပ်ကွက်,country:11:မြန်မာ > state_region:7279:ဧ​ရာဝတီတိုင်း > district:7299:မအူပင်ခရိုင် > ward_village_tract:7315:လှေဆိပ်မြောက်ပိုင်းရပ်ကွက်,7299,manual_review,manual_review,True,Core WVT not matched to an official MIMU ward/village-tract row,95.6524327880858,16.7292302,a894b1def143dbe0a33dbb1b1be3e995
7316,ward_village_tract,ward,စာရေးကုန်းရပ်ကွက်,country:11:မြန်မာ > state_region:7279:ဧ​ရာဝတီတိုင်း > district:7299:မအူပင်ခရိုင် > ward_village_tract:7316:စာရေးကုန်းရပ်ကွက်,7299,manual_review,manual_review,True,Core WVT not matched to an official MIMU ward/village-tract row,95.6537818378363,16.725942,8f3c459751c476d66ffeb902975a742d
7317,ward_village_tract,ward,ဆေးရုံရပ်ကွက်,country:11:မြန်မာ > state_region:7279:ဧ​ရာဝတီတိုင်း > district:7299:မအူပင်ခရိုင် > ward_village_tract:7317:ဆေးရုံရပ်ကွက်,7299,manual_review,manual_review,True,Core WVT not matched to an official MIMU ward/village-tract row,95.6540581059154,16.72083015,d99032282783147a6158a7fb2b202da3
7318,ward_village_tract,ward,မြို့လယ်ကျောင်းရပ်ကွက်,country:11:မြန်မာ > state_region:7279:ဧ​ရာဝတီတိုင်း > district:7299:မအူပင်ခရိုင် > ward_village_tract:7318:မြို့လယ်ကျောင်းရပ်ကွက်,7299,manual_review,manual_review,True,Core WVT not matched to an official MIMU ward/village-tract row,95.6453893554862,16.7251653,1e4e5eadd0935932c0b9c81f0c2e51e0
7319,ward_village_tract,ward,အမှတ် (၂) ရပ်ကွက်,country:11:မြန်မာ > state_region:7279:ဧ​ရာဝတီတိုင်း > district:7428:ဖျာပုံခရိုင် > township:7376:ဘိုကလေးမြို့နယ် > ward_village_tract:7319:အမှတ် (၂) ရပ်ကွက်,7376,manual_review,manual_review,True,Core WVT not matched to an official MIMU ward/village-tract row,95.3987893792002,16.2985106,716d793166bc262993c115d07a08124b
7320,ward_village_tract,ward,အောင်မြေသာဇီရပ်ကွက်,country:11:မြန်မာ > state_region:7279:ဧ​ရာဝတီတိုင်း > district:7299:မအူပင်ခရိုင် > ward_village_tract:7320:အောင်မြေသာဇီရပ်ကွက်,7299,manual_review,manual_review,True,Core WVT not matched to an official MIMU ward/village-tract row,95.6560623710749,16.7352605,c69cc707299f944b7594c3cfcf72e7ea
7321,ward_village_tract,ward,အထက(၂)ကျောင်းရပ်ကွက်,country:11:မြန်မာ > state_region:7279:ဧ​ရာဝတီတိုင်း > district:7299:မအူပင်ခရိုင် > ward_village_tract:7321:အထက(၂)ကျောင်းရပ်ကွက်,7299,manual_review,manual_review,True,Core WVT not matched to an official MIMU ward/village-tract row,95.6488829067895,16.7376932,ec88df80b96b8f564f9647544223a4cc
7322,ward_village_tract,ward,အထက(၁)ကျောင်းရပ်ကွက်,country:11:မြန်မာ > state_region:7279:ဧ​ရာဝတီတိုင်း > district:7299:မအူပင်ခရိုင် > ward_village_tract:7322:အထက(၁)ကျောင်းရပ်ကွက်,7299,manual_review,manual_review,True,Core WVT not matched to an official MIMU ward/village-tract row,95.6534251432715,16.74261445,91ab1262b84e19e05d91f493f0db8f7a
7325,ward_village_tract,ward,အနောက်ပိုင်းရပ်ကွက်,country:11:မြန်မာ > state_region:7279:ဧ​ရာဝတီတိုင်း > district:7299:မအူပင်ခရိုင် > town:5853:ပန်းတနော်မြို့ > ward_village_tract:7325:အနောက်ပိုင်းရပ်ကွက်,5853,manual_review,manual_review,True,Core WVT not matched to an official MIMU ward/village-tract row,95.4592797891824,16.98381875,7cadfe3fe3d4b49a14a8a1bc7f19c62c
7327,ward_village_tract,ward,အလယ်ပိုင်းရပ်ကွက်,country:11:မြန်မာ > state_region:7279:ဧ​ရာဝတီတိုင်း > district:7299:မအူပင်ခရိုင် > town:5853:ပန်းတနော်မြို့ > ward_village_tract:7327:အလယ်ပိုင်းရပ်ကွက်,5853,manual_review,manual_review,True,Core WVT not matched to an official MIMU ward/village-tract row,95.4632989017418,16.9816721,9a0e0aa34535a12e0027977ec25a64bd
7328,ward_village_tract,ward,အရှေ့ပိုင်းရပ်ကွက်,country:11:မြန်မာ > state_region:7279:ဧ​ရာဝတီတိုင်း > district:7299:မအူပင်ခရိုင် > town:5853:ပန်းတနော်မြို့ > ward_village_tract:7328:အရှေ့ပိုင်းရပ်ကွက်,5853,manual_review,manual_review,True,Core WVT not matched to an official MIMU ward/village-tract row,95.4751641704118,16.979044,b281ca4f6ce265adb26c20fdb4a32135
7329,ward_village_tract,ward,အိမ်မဲကြီးပိုင်းရပ်ကွက်,country:11:မြန်မာ > state_region:7279:ဧ​ရာဝတီတိုင်း > district:7324:မြောင်းမြခရိုင် > township:7326:အိမ်မဲမြို့နယ် > ward_village_tract:7329:အိမ်မဲကြီးပိုင်းရပ်ကွက်,7326,manual_review,manual_review,True,Core WVT not matched to an official MIMU ward/village-tract row,95.1812841648576,16.8902233,059c38a09a2bcdb28f7354afae97e0ca
7330,ward_village_tract,ward,အမှတ် (၁၃) ရွှေဝတ်မှုန် ရပ်ကွက်,country:11:မြန်မာ > state_region:7279:ဧ​ရာဝတီတိုင်း > district:7363:ပုသိမ်ခရိုင် > township:7362:ပုသိမ်မြို့နယ် > ward_village_tract:7330:အမှတ် (၁၃) ရွှေဝတ်မှုန် ရပ်ကွက်,7362,manual_review,manual_review,True,Core WVT not matched to an official MIMU ward/village-tract row,94.7671527289796,16.7957698,615decec733c781027d0dbfd86c71892
7331,ward_village_tract,ward,မြို့ကွက်သစ်ရပ်ကွက်,country:11:မြန်မာ > state_region:7279:ဧ​ရာဝတီတိုင်း > district:7299:မအူပင်ခရိုင် > township:7332:ပန်းတနော်မြို့နယ် > ward_village_tract:7331:မြို့ကွက်သစ်ရပ်ကွက်,7332,manual_review,manual_review,True,Core WVT not matched to an official MIMU ward/village-tract row,95.4630718989749,16.9889229,ca0f42a12ce7f1951580dc7d433c8808
7333,ward_village_tract,ward,ချောင်းဝပိုင်းရပ်ကွက်ရပ်ကွက်,country:11:မြန်မာ > state_region:7279:ဧ​ရာဝတီတိုင်း > district:7324:မြောင်းမြခရိုင် > township:7326:အိမ်မဲမြို့နယ် > ward_village_tract:7333:ချောင်းဝပိုင်းရပ်ကွက်ရပ်ကွက်,7326,manual_review,manual_review,True,Core WVT not matched to an official MIMU ward/village-tract row,95.1812132999626,16.9020457,60853284f01e46c4ef36b00e7880ae39
7334,ward_village_tract,ward,အထက်ပိုင်းရပ်ကွက်,country:11:မြန်မာ > state_region:7279:ဧ​ရာဝတီတိုင်း > district:7324:မြောင်းမြခရိုင် > township:7326:အိမ်မဲမြို့နယ် > ward_village_tract:7334:အထက်ပိုင်းရပ်ကွက်,7326,manual_review,manual_review,True,Core WVT not matched to an official MIMU ward/village-tract row,95.1814496584532,16.89536715,840d447dc17b82d48114e82d6bde2a35
7336,ward_village_tract,ward,စာချွန်ခံပိုင်းရပ်ကွက်,country:11:မြန်မာ > state_region:7279:ဧ​ရာဝတီတိုင်း > district:7324:မြောင်းမြခရိုင် > township:7326:အိမ်မဲမြို့နယ် > ward_village_tract:7336:စာချွန်ခံပိုင်းရပ်ကွက်,7326,manual_review,manual_review,True,Core WVT not matched to an official MIMU ward/village-tract row,95.1786637368886,16.88123985,13d8f0a674263a34b3877f450af8436d
7337,ward_village_tract,ward,အမှတ် (၁) ရပ်ကွက်,country:11:မြန်မာ > state_region:7279:ဧ​ရာဝတီတိုင်း > district:7363:ပုသိမ်ခရိုင် > township:7344:ကန်ကြီးတောင့်မြို့နယ် > ward_village_tract:7337:အမှတ် (၁) ရပ်ကွက်,7344,manual_review,manual_review,True,Core WVT not matched to an official MIMU ward/village-tract row,94.8853463179438,16.93910235,62967eb0f5f35a6e526e2e1c542fbbba
7338,ward_village_tract,ward,အမှတ် (၇) ရပ်ကွက်,country:11:မြန်မာ > state_region:7279:ဧ​ရာဝတီတိုင်း > district:7363:ပုသိမ်ခရိုင် > township:7344:ကန်ကြီးတောင့်မြို့နယ် > ward_village_tract:7338:အမှတ် (၇) ရပ်ကွက်,7344,manual_review,manual_review,True,Core WVT not matched to an official MIMU ward/village-tract row,94.9083891721031,16.89183975,d253fc4eb5fa851f6fbd747f4eee612e
7339,ward_village_tract,ward,အမှတ် (၆) ရပ်ကွက်,country:11:မြန်မာ > state_region:7279:ဧ​ရာဝတီတိုင်း > district:7363:ပုသိမ်ခရိုင် > township:7344:ကန်ကြီးတောင့်မြို့နယ် > ward_village_tract:7339:အမှတ် (၆) ရပ်ကွက်,7344,manual_review,manual_review,True,Core WVT not matched to an official MIMU ward/village-tract row,94.9066197872974,16.90151385,f9288c04b7a7476ab5368d56210d7804
7340,ward_village_tract,ward,အမှတ် (၃) ရပ်ကွက်,country:11:မြန်မာ > state_region:7279:ဧ​ရာဝတီတိုင်း > district:7363:ပုသိမ်ခရိုင် > township:7344:ကန်ကြီးတောင့်မြို့နယ် > ward_village_tract:7340:အမှတ် (၃) ရပ်ကွက်,7344,manual_review,manual_review,True,Core WVT not matched to an official MIMU ward/village-tract row,94.8975528653099,16.91194095,f674b31f356d48824ce52c9f9ccd9e4b
7341,ward_village_tract,ward,အမှတ် (၂) ရပ်ကွက်,country:11:မြန်မာ > state_region:7279:ဧ​ရာဝတီတိုင်း > district:7363:ပုသိမ်ခရိုင် > township:7344:ကန်ကြီးတောင့်မြို့နယ် > ward_village_tract:7341:အမှတ် (၂) ရပ်ကွက်,7344,manual_review,manual_review,True,Core WVT not matched to an official MIMU ward/village-tract row,94.8935648988212,16.92311125,5a74fb5a308b2c924d824c62e4bf1e4f
7342,ward_village_tract,ward,အမှတ် (၄) ရပ်ကွက်,country:11:မြန်မာ > state_region:7279:ဧ​ရာဝတီတိုင်း > district:7363:ပုသိမ်ခရိုင် > township:7344:ကန်ကြီးတောင့်မြို့နယ် > ward_village_tract:7342:အမှတ် (၄) ရပ်ကွက်,7344,manual_review,manual_review,True,Core WVT not matched to an official MIMU ward/village-tract row,94.909800323145,16.92339445,1c657ef39f730f569896ed58adb50e46
7343,ward_village_tract,ward,အမှတ် (၅) ရပ်ကွက်,country:11:မြန်မာ > state_region:7279:ဧ​ရာဝတီတိုင်း > district:7363:ပုသိမ်ခရိုင် > township:7344:ကန်ကြီးတောင့်မြို့နယ် > ward_village_tract:7343:အမှတ် (၅) ရပ်ကွက်,7344,manual_review,manual_review,True,Core WVT not matched to an official MIMU ward/village-tract row,94.9168891870966,16.9114768,82be66599850bb9e2beea35285e54b03
7345,ward_village_tract,ward,အမှတ် (၁၅) ရပ်ကွက်,country:11:မြန်မာ > state_region:7279:ဧ​ရာဝတီတိုင်း > district:7363:ပုသိမ်ခရိုင် > township:7362:ပုသိမ်မြို့နယ် > ward_village_tract:7345:အမှတ် (၁၅) ရပ်ကွက်,7362,manual_review,manual_review,True,Core WVT not matched to an official MIMU ward/village-tract row,94.7769334894066,16.81710745,50f2b0ff0f8a5cc322bbbfe6ba832b75
7346,ward_village_tract,ward,အမှတ် (၁၁) ရပ်ကွက်(ကန်တိုမင်),country:11:မြန်မာ > state_region:7279:ဧ​ရာဝတီတိုင်း > district:7363:ပုသိမ်ခရိုင် > township:7362:ပုသိမ်မြို့နယ် > ward_village_tract:7346:အမှတ် (၁၁) ရပ်ကွက်(ကန်တိုမင်),7362,manual_review,manual_review,True,Core WVT not matched to an official MIMU ward/village-tract row,94.7573149107796,16.8331809,96e3b705754b2a0616cb1bf837a44e0a
7347,ward_village_tract,ward,အမှတ် (၁၀) ရပ်ကွက်,country:11:မြန်မာ > state_region:7279:ဧ​ရာဝတီတိုင်း > district:7377:လပွတ္တာခရိုင် > township:7374:လပွတ္တာမြို့နယ် > ward_village_tract:7347:အမှတ် (၁၀) ရပ်ကွက်,7374,manual_review,manual_review,True,Core WVT not matched to an official MIMU ward/village-tract row,94.7557150411639,16.1533018,1314dbd2d0c2bf7ce10b91d1c9b8b315
7348,ward_village_tract,ward,အမှတ် (၁) ရပ်ကွက်,country:11:မြန်မာ > state_region:7279:ဧ​ရာဝတီတိုင်း > district:7363:ပုသိမ်ခရိုင် > township:7362:ပုသိမ်မြို့နယ် > ward_village_tract:7348:အမှတ် (၁) ရပ်ကွက်,7362,manual_review,manual_review,True,Core WVT not matched to an official MIMU ward/village-tract row,94.7417544133905,16.8094914,cfe1baeb507324f1e2e4288c535fcfb7
7349,ward_village_tract,ward,အမှတ် (၉) ရပ်ကွက်,country:11:မြန်မာ > state_region:7279:ဧ​ရာဝတီတိုင်း > district:7363:ပုသိမ်ခရိုင် > township:7362:ပုသိမ်မြို့နယ် > ward_village_tract:7349:အမှတ် (၉) ရပ်ကွက်,7362,manual_review,manual_review,True,Core WVT not matched to an official MIMU ward/village-tract row,94.7262991087681,16.80604475,89cd66e8e6cbcd8200151a7a49fc256b
7350,ward_village_tract,ward,အမှတ် (၂) ရပ်ကွက်,country:11:မြန်မာ > state_region:7279:ဧ​ရာဝတီတိုင်း > district:7363:ပုသိမ်ခရိုင် > township:7362:ပုသိမ်မြို့နယ် > ward_village_tract:7350:အမှတ် (၂) ရပ်ကွက်,7362,manual_review,manual_review,True,Core WVT not matched to an official MIMU ward/village-tract row,94.7316480512182,16.79040335,33684c2f8c70522201b1c399fb5bd6a4
7351,ward_village_tract,ward,အမှတ် (၃) ရပ်ကွက်,country:11:မြန်မာ > state_region:7279:ဧ​ရာဝတီတိုင်း > district:7363:ပုသိမ်ခရိုင် > township:7362:ပုသိမ်မြို့နယ် > ward_village_tract:7351:အမှတ် (၃) ရပ်ကွက်,7362,manual_review,manual_review,True,Core WVT not matched to an official MIMU ward/village-tract row,94.7508995098027,16.7934709,115ba1382836942236a9d3023c4fe818
7352,ward_village_tract,ward,အမှတ် (၅) ရပ်ကွက်,country:11:မြန်မာ > state_region:7279:ဧ​ရာဝတီတိုင်း > district:7363:ပုသိမ်ခရိုင် > township:7362:ပုသိမ်မြို့နယ် > ward_village_tract:7352:အမှတ် (၅) ရပ်ကွက်,7362,manual_review,manual_review,True,Core WVT not matched to an official MIMU ward/village-tract row,94.7481495475204,16.77737005,986afe7d3606fa1ced7255a6bd2af0fc
7353,ward_village_tract,ward,အမှတ် (၄) ရပ်ကွက်,country:11:မြန်မာ > state_region:7279:ဧ​ရာဝတီတိုင်း > district:7363:ပုသိမ်ခရိုင် > township:7362:ပုသိမ်မြို့နယ် > ward_village_tract:7353:အမှတ် (၄) ရပ်ကွက်,7362,manual_review,manual_review,True,Core WVT not matched to an official MIMU ward/village-tract row,94.7343963781986,16.7798548,2be8ca889c1b4b9cdf22f5328e06ad7b
7354,ward_village_tract,ward,ရပ်ကွက် (၃)မြို့ဦးရပ်ကွက်,country:11:မြန်မာ > state_region:7279:ဧ​ရာဝတီတိုင်း > district:7428:ဖျာပုံခရိုင် > township:7375:ဖျာပုံမြို့နယ် > ward_village_tract:7354:ရပ်ကွက် (၃)မြို့ဦးရပ်ကွက်,7375,manual_review,manual_review,True,Core WVT not matched to an official MIMU ward/village-tract row,95.6782481028551,16.29602385,a7be51c797fc4d45ea0c8dd3d61f0400
7355,ward_village_tract,ward,အမှတ် (၆) ရပ်ကွက်,country:11:မြန်မာ > state_region:7279:ဧ​ရာဝတီတိုင်း > district:7363:ပုသိမ်ခရိုင် > township:7362:ပုသိမ်မြို့နယ် > ward_village_tract:7355:အမှတ် (၆) ရပ်ကွက်,7362,manual_review,manual_review,True,Core WVT not matched to an official MIMU ward/village-tract row,94.7315862547686,16.7732272,848d87f84d473ce38820e4e9867e3e86
7356,ward_village_tract,ward,အမှတ် (၇) ရပ်ကွက်,country:11:မြန်မာ > state_region:7279:ဧ​ရာဝတီတိုင်း > district:7363:ပုသိမ်ခရိုင် > township:7362:ပုသိမ်မြို့နယ် > ward_village_tract:7356:အမှတ် (၇) ရပ်ကွက်,7362,manual_review,manual_review,True,Core WVT not matched to an official MIMU ward/village-tract row,94.7194947331831,16.76682075,1745e5eace35f835bc02b989577669bc
7357,ward_village_tract,ward,အမှတ် (၁၄) ရပ်ကွက်,country:11:မြန်မာ > state_region:7279:ဧ​ရာဝတီတိုင်း > district:7363:ပုသိမ်ခရိုင် > township:7362:ပုသိမ်မြို့နယ် > ward_village_tract:7357:အမှတ် (၁၄) ရပ်ကွက်,7362,manual_review,manual_review,True,Core WVT not matched to an official MIMU ward/village-tract row,94.7466513316014,16.76694415,0a0635b87ee18a7113ef6676a5633c77
7358,ward_village_tract,ward,အမှတ် (၁၂) ရပ်ကွက်(ရေကြည်ဦး),country:11:မြန်မာ > state_region:7279:ဧ​ရာဝတီတိုင်း > district:7363:ပုသိမ်ခရိုင် > township:7362:ပုသိမ်မြို့နယ် > ward_village_tract:7358:အမှတ် (၁၂) ရပ်ကွက်(ရေကြည်ဦး),7362,manual_review,manual_review,True,Core WVT not matched to an official MIMU ward/village-tract row,94.741314798307,16.74894655,f02db30b5445b8e211384f4ecb614480
7359,ward_village_tract,ward,အမှတ် (၈) ရပ်ကွက်,country:11:မြန်မာ > state_region:7279:ဧ​ရာဝတီတိုင်း > district:7363:ပုသိမ်ခရိုင် > township:7362:ပုသိမ်မြို့နယ် > ward_village_tract:7359:အမှတ် (၈) ရပ်ကွက်,7362,manual_review,manual_review,True,Core WVT not matched to an official MIMU ward/village-tract row,94.7212228894834,16.7545492,12a003d9917ba6c55c85e828afdd64eb
7360,ward_village_tract,ward,အမှတ် (၂) ရပ်ကွက်,country:11:မြန်မာ > state_region:7279:ဧ​ရာဝတီတိုင်း > district:7428:ဖျာပုံခရိုင် > township:7309:ကျိုက်လတ်မြို့နယ် > ward_village_tract:7360:အမှတ် (၂) ရပ်ကွက်,7309,manual_review,manual_review,True,Core WVT not matched to an official MIMU ward/village-tract row,95.7292883092219,16.4453234,f26877d7aa02bab53810e308b21d5592
7361,ward_village_tract,ward,အမှတ် (၁၀) ရပ်ကွက်,country:11:မြန်မာ > state_region:7279:ဧ​ရာဝတီတိုင်း > district:7363:ပုသိမ်ခရိုင် > township:7362:ပုသိမ်မြို့နယ် > ward_village_tract:7361:အမှတ် (၁၀) ရပ်ကွက်,7362,manual_review,manual_review,True,Core WVT not matched to an official MIMU ward/village-tract row,94.7076831566221,16.76662455,15ac87aed2dea5151d19de486c65d74e
7365,ward_village_tract,ward,အမှတ် (၂) ရပ်ကွက်,country:11:မြန်မာ > state_region:7279:ဧ​ရာဝတီတိုင်း > district:7377:လပွတ္တာခရိုင် > township:7374:လပွတ္တာမြို့နယ် > ward_village_tract:7365:အမှတ် (၂) ရပ်ကွက်,7374,manual_review,manual_review,True,Core WVT not matched to an official MIMU ward/village-tract row,94.7477141346439,16.1419365,470ddd4c7abacb0427d6a7584c694622
7366,ward_village_tract,ward,အမှတ် (၃) ရပ်ကွက်,country:11:မြန်မာ > state_region:7279:ဧ​ရာဝတီတိုင်း > district:7377:လပွတ္တာခရိုင် > township:7374:လပွတ္တာမြို့နယ် > ward_village_tract:7366:အမှတ် (၃) ရပ်ကွက်,7374,manual_review,manual_review,True,Core WVT not matched to an official MIMU ward/village-tract row,94.7540048404778,16.1479473,5844e3daf9a5d495b4b58a9ede3bbcca
7367,ward_village_tract,ward,အမှတ် (၁) ရပ်ကွက်,country:11:မြန်မာ > state_region:7279:ဧ​ရာဝတီတိုင်း > district:7377:လပွတ္တာခရိုင် > township:7374:လပွတ္တာမြို့နယ် > ward_village_tract:7367:အမှတ် (၁) ရပ်ကွက်,7374,manual_review,manual_review,True,Core WVT not matched to an official MIMU ward/village-tract row,94.7514248694235,16.14058975,c992c08c2a82fcfbaa8da28a398ab204
7368,ward_village_tract,ward,အမှတ် (၄) ရပ်ကွက်,country:11:မြန်မာ > state_region:7279:ဧ​ရာဝတီတိုင်း > district:7377:လပွတ္တာခရိုင် > township:7374:လပွတ္တာမြို့နယ် > ward_village_tract:7368:အမှတ် (၄) ရပ်ကွက်,7374,manual_review,manual_review,True,Core WVT not matched to an official MIMU ward/village-tract row,94.7558062307147,16.14363895,6f20fe59143fdff9179f656da9311a10
7369,ward_village_tract,ward,အမှတ် (၆) ရပ်ကွက်,country:11:မြန်မာ > state_region:7279:ဧ​ရာဝတီတိုင်း > district:7377:လပွတ္တာခရိုင် > township:7374:လပွတ္တာမြို့နယ် > ward_village_tract:7369:အမှတ် (၆) ရပ်ကွက်,7374,manual_review,manual_review,True,Core WVT not matched to an official MIMU ward/village-tract row,94.7618155552789,16.1477357,9e44a0e2b1d5f2e316ffb645eacf51e7
7370,ward_village_tract,ward,အမှတ် (၅) ရပ်ကွက်,country:11:မြန်မာ > state_region:7279:ဧ​ရာဝတီတိုင်း > district:7377:လပွတ္တာခရိုင် > township:7374:လပွတ္တာမြို့နယ် > ward_village_tract:7370:အမှတ် (၅) ရပ်ကွက်,7374,manual_review,manual_review,True,Core WVT not matched to an official MIMU ward/village-tract row,94.7579330008423,16.1477279,f75c40ff1b274cbb2f8c981ab806f39e
7371,ward_village_tract,ward,အမှတ် (၉) ရပ်ကွက်,country:11:မြန်မာ > state_region:7279:ဧ​ရာဝတီတိုင်း > district:7377:လပွတ္တာခရိုင် > township:7374:လပွတ္တာမြို့နယ် > ward_village_tract:7371:အမှတ် (၉) ရပ်ကွက်,7374,manual_review,manual_review,True,Core WVT not matched to an official MIMU ward/village-tract row,94.7664533817074,16.15311005,a6823d2758b049f25e2e7a216b8493c8
7372,ward_village_tract,ward,အမှတ် (၇) ရပ်ကွက်,country:11:မြန်မာ > state_region:7279:ဧ​ရာဝတီတိုင်း > district:7377:လပွတ္တာခရိုင် > township:7374:လပွတ္တာမြို့နယ် > ward_village_tract:7372:အမှတ် (၇) ရပ်ကွက်,7374,manual_review,manual_review,True,Core WVT not matched to an official MIMU ward/village-tract row,94.7609545514653,16.1519245,d503d2a5e8a1e6212b1d25259c56d4fc
7373,ward_village_tract,ward,အမှတ် (၈) ရပ်ကွက်,country:11:မြန်မာ > state_region:7279:ဧ​ရာဝတီတိုင်း > district:7377:လပွတ္တာခရိုင် > township:7374:လပွတ္တာမြို့နယ် > ward_village_tract:7373:အမှတ် (၈) ရပ်ကွက်,7374,manual_review,manual_review,True,Core WVT not matched to an official MIMU ward/village-tract row,94.7712398125766,16.15235975,cdde3531ef3d4cb229cc7e447926aeb8
7378,ward_village_tract,ward,အမှတ် (၉) ရပ်ကွက်,country:11:မြန်မာ > state_region:7279:ဧ​ရာဝတီတိုင်း > district:7377:လပွတ္တာခရိုင် > township:7392:မော်လမြိုင်ကျွန်းမြို့နယ် > ward_village_tract:7378:အမှတ် (၉) ရပ်ကွက်,7392,manual_review,manual_review,True,Core WVT not matched to an official MIMU ward/village-tract row,95.2570795365223,16.37899975,91d3d0f3bf8b5b2a5df6d209609e8527
7379,ward_village_tract,ward,အမှတ် (၂) ရပ်ကွက်,country:11:မြန်မာ > state_region:7279:ဧ​ရာဝတီတိုင်း > district:7377:လပွတ္တာခရိုင် > township:7392:မော်လမြိုင်ကျွန်းမြို့နယ် > ward_village_tract:7379:အမှတ် (၂) ရပ်ကွက်,7392,manual_review,manual_review,True,Core WVT not matched to an official MIMU ward/village-tract row,95.2624175312568,16.3819008,f42839e2aec6966d13ab5edd635f8557
7380,ward_village_tract,ward,အမှတ် (၄) ရပ်ကွက်,country:11:မြန်မာ > state_region:7279:ဧ​ရာဝတီတိုင်း > district:7377:လပွတ္တာခရိုင် > township:7392:မော်လမြိုင်ကျွန်းမြို့နယ် > ward_village_tract:7380:အမှတ် (၄) ရပ်ကွက်,7392,manual_review,manual_review,True,Core WVT not matched to an official MIMU ward/village-tract row,95.265340243825,16.37824515,d4e95028a141e8fd1b90eb0bcbc02ac0
7381,ward_village_tract,ward,အမှတ် (၃) ရပ်ကွက်,country:11:မြန်မာ > state_region:7279:ဧ​ရာဝတီတိုင်း > district:7428:ဖျာပုံခရိုင် > township:7309:ကျိုက်လတ်မြို့နယ် > ward_village_tract:7381:အမှတ် (၃) ရပ်ကွက်,7309,manual_review,manual_review,True,Core WVT not matched to an official MIMU ward/village-tract row,95.7247791792676,16.4475411,ff49b98ed4b991dfa1dd6920595a850f
7382,ward_village_tract,ward,အမှတ် (၈) ရပ်ကွက်,country:11:မြန်မာ > state_region:7279:ဧ​ရာဝတီတိုင်း > district:7377:လပွတ္တာခရိုင် > township:7392:မော်လမြိုင်ကျွန်းမြို့နယ် > ward_village_tract:7382:အမှတ် (၈) ရပ်ကွက်,7392,manual_review,manual_review,True,Core WVT not matched to an official MIMU ward/village-tract row,95.2539113108797,16.37564935,5a2b5407e35633e32f636efeaa7af07e
7383,ward_village_tract,ward,အမှတ် (၇) ရပ်ကွက်,country:11:မြန်မာ > state_region:7279:ဧ​ရာဝတီတိုင်း > district:7377:လပွတ္တာခရိုင် > township:7392:မော်လမြိုင်ကျွန်းမြို့နယ် > ward_village_tract:7383:အမှတ် (၇) ရပ်ကွက်,7392,manual_review,manual_review,True,Core WVT not matched to an official MIMU ward/village-tract row,95.2628439412763,16.3755719,e124abffa9d33db6e8c42922c8c4c929
7384,ward_village_tract,ward,အမှတ် (၅) ရပ်ကွက်,country:11:မြန်မာ > state_region:7279:ဧ​ရာဝတီတိုင်း > district:7377:လပွတ္တာခရိုင် > township:7392:မော်လမြိုင်ကျွန်းမြို့နယ် > ward_village_tract:7384:အမှတ် (၅) ရပ်ကွက်,7392,manual_review,manual_review,True,Core WVT not matched to an official MIMU ward/village-tract row,95.2675803998162,16.3769532,1ebf3d174dca39a5d56131b63ebb6427
7385,ward_village_tract,ward,အမှတ် (၃) ရပ်ကွက်,country:11:မြန်မာ > state_region:7279:ဧ​ရာဝတီတိုင်း > district:7377:လပွတ္တာခရိုင် > township:7392:မော်လမြိုင်ကျွန်းမြို့နယ် > ward_village_tract:7385:အမှတ် (၃) ရပ်ကွက်,7392,manual_review,manual_review,True,Core WVT not matched to an official MIMU ward/village-tract row,95.2661137881464,16.3798133,a0a3b4527ab8cab27ace135859225209
7386,ward_village_tract,ward,အမှတ် (၁) ရပ်ကွက်,country:11:မြန်မာ > state_region:7279:ဧ​ရာဝတီတိုင်း > district:7377:လပွတ္တာခရိုင် > township:7392:မော်လမြိုင်ကျွန်းမြို့နယ် > ward_village_tract:7386:အမှတ် (၁) ရပ်ကွက်,7392,manual_review,manual_review,True,Core WVT not matched to an official MIMU ward/village-tract row,95.2671188074094,16.38184435,7ae2995c70282a98388071c5951978db
7387,ward_village_tract,ward,အမှတ် (၁၂) ရပ်ကွက်,country:11:မြန်မာ > state_region:7279:ဧ​ရာဝတီတိုင်း > district:7377:လပွတ္တာခရိုင် > township:7392:မော်လမြိုင်ကျွန်းမြို့နယ် > ward_village_tract:7387:အမှတ် (၁၂) ရပ်ကွက်,7392,manual_review,manual_review,True,Core WVT not matched to an official MIMU ward/village-tract row,95.2646089190985,16.38889695,718fea01c702b9bc68abc149043292ff
7388,ward_village_tract,ward,ချမ်းမြေ့သာယာရပ်ကွက်(အမှတ်(၁၃)ရပ်ကွက်),country:11:မြန်မာ > state_region:7279:ဧ​ရာဝတီတိုင်း > district:7377:လပွတ္တာခရိုင် > township:7392:မော်လမြိုင်ကျွန်းမြို့နယ် > ward_village_tract:7388:ချမ်းမြေ့သာယာရပ်ကွက်(အမှတ်(၁၃)ရပ်ကွက်),7392,manual_review,manual_review,True,Core WVT not matched to an official MIMU ward/village-tract row,95.2579609968714,16.3899358,3c193821d003cdc15c7cbde56798ef8a
7389,ward_village_tract,ward,အမှတ် (၁၁) ရပ်ကွက်,country:11:မြန်မာ > state_region:7279:ဧ​ရာဝတီတိုင်း > district:7377:လပွတ္တာခရိုင် > township:7392:မော်လမြိုင်ကျွန်းမြို့နယ် > ward_village_tract:7389:အမှတ် (၁၁) ရပ်ကွက်,7392,manual_review,manual_review,True,Core WVT not matched to an official MIMU ward/village-tract row,95.2665797002228,16.3858654,a8c93c8e08f64790a10ee370785d5c1c
7390,ward_village_tract,ward,အမှတ် (၁၀) ရပ်ကွက်,country:11:မြန်မာ > state_region:7279:ဧ​ရာဝတီတိုင်း > district:7377:လပွတ္တာခရိုင် > township:7392:မော်လမြိုင်ကျွန်းမြို့နယ် > ward_village_tract:7390:အမှတ် (၁၀) ရပ်ကွက်,7392,manual_review,manual_review,True,Core WVT not matched to an official MIMU ward/village-tract row,95.2590104267696,16.38395765,1fc46797a94559434ad7ff109a0e50ca
7391,ward_village_tract,ward,အမှတ် (၆) ရပ်ကွက်,country:11:မြန်မာ > state_region:7279:ဧ​ရာဝတီတိုင်း > district:7377:လပွတ္တာခရိုင် > township:7392:မော်လမြိုင်ကျွန်းမြို့နယ် > ward_village_tract:7391:အမှတ် (၆) ရပ်ကွက်,7392,manual_review,manual_review,True,Core WVT not matched to an official MIMU ward/village-tract row,95.267831729815,16.3749609,898b250832f3320c07f16e6ce38bd025
7393,ward_village_tract,ward,အမှတ် (၉) ရပ်ကွက်,country:11:မြန်မာ > state_region:7279:ဧ​ရာဝတီတိုင်း > district:7428:ဖျာပုံခရိုင် > township:7376:ဘိုကလေးမြို့နယ် > ward_village_tract:7393:အမှတ် (၉) ရပ်ကွက်,7376,manual_review,manual_review,True,Core WVT not matched to an official MIMU ward/village-tract row,95.3943029865314,16.27781805,74bba2027803fbcdb58357641335b60a
7394,ward_village_tract,ward,အမှတ် (၈) ရပ်ကွက်,country:11:မြန်မာ > state_region:7279:ဧ​ရာဝတီတိုင်း > district:7428:ဖျာပုံခရိုင် > township:7376:ဘိုကလေးမြို့နယ် > ward_village_tract:7394:အမှတ် (၈) ရပ်ကွက်,7376,manual_review,manual_review,True,Core WVT not matched to an official MIMU ward/village-tract row,95.3969582467163,16.2834607,bd57df9eea4744ed73ba679f188ce6c9
7395,ward_village_tract,ward,အမှတ် (၇) ရပ်ကွက်,country:11:မြန်မာ > state_region:7279:ဧ​ရာဝတီတိုင်း > district:7428:ဖျာပုံခရိုင် > township:7376:ဘိုကလေးမြို့နယ် > ward_village_tract:7395:အမှတ် (၇) ရပ်ကွက်,7376,manual_review,manual_review,True,Core WVT not matched to an official MIMU ward/village-tract row,95.4028518692466,16.2886776,ce3e08e89b5cf8ce6c2acb3b172d0b16
7396,ward_village_tract,ward,အမှတ် (၄) ရပ်ကွက်,country:11:မြန်မာ > state_region:7279:ဧ​ရာဝတီတိုင်း > district:7428:ဖျာပုံခရိုင် > township:7376:ဘိုကလေးမြို့နယ် > ward_village_tract:7396:အမှတ် (၄) ရပ်ကွက်,7376,manual_review,manual_review,True,Core WVT not matched to an official MIMU ward/village-tract row,95.3982330126001,16.2919281,801a0490f7632496f99e2cde62e21bd0
7397,ward_village_tract,ward,အမှတ် (၅) ရပ်ကွက်,country:11:မြန်မာ > state_region:7279:ဧ​ရာဝတီတိုင်း > district:7428:ဖျာပုံခရိုင် > township:7376:ဘိုကလေးမြို့နယ် > ward_village_tract:7397:အမှတ် (၅) ရပ်ကွက်,7376,manual_review,manual_review,True,Core WVT not matched to an official MIMU ward/village-tract row,95.3947709617739,16.28920355,f8361f3f01589573971cedf7aef06173
7398,ward_village_tract,ward,ရပ်ကွက် (၁၈) ကန်တော်မင်္ဂလာရပ်ကွက်,country:11:မြန်မာ > state_region:7279:ဧ​ရာဝတီတိုင်း > district:7428:ဖျာပုံခရိုင် > township:7375:ဖျာပုံမြို့နယ် > ward_village_tract:7398:ရပ်ကွက် (၁၈) ကန်တော်မင်္ဂလာရပ်ကွက်,7375,manual_review,manual_review,True,Core WVT not matched to an official MIMU ward/village-tract row,95.6812351306793,16.2697175,4312a64a532db018f8a43be3a448a29f
7399,ward_village_tract,ward,အမှတ် (၆) ရပ်ကွက်,country:11:မြန်မာ > state_region:7279:ဧ​ရာဝတီတိုင်း > district:7428:ဖျာပုံခရိုင် > township:7376:ဘိုကလေးမြို့နယ် > ward_village_tract:7399:အမှတ် (၆) ရပ်ကွက်,7376,manual_review,manual_review,True,Core WVT not matched to an official MIMU ward/village-tract row,95.4051329407013,16.29507515,dbe1d85ad03e96d5a1b5454317e43ceb
7400,ward_village_tract,ward,အမှတ် (၃) ရပ်ကွက်,country:11:မြန်မာ > state_region:7279:ဧ​ရာဝတီတိုင်း > district:7428:ဖျာပုံခရိုင် > township:7376:ဘိုကလေးမြို့နယ် > ward_village_tract:7400:အမှတ် (၃) ရပ်ကွက်,7376,manual_review,manual_review,True,Core WVT not matched to an official MIMU ward/village-tract row,95.3946284675654,16.29500175,f9b91f6ad8100522436e4b67f10d9cb5
7401,ward_village_tract,ward,အမှတ် (၁) ရပ်ကွက်,country:11:မြန်မာ > state_region:7279:ဧ​ရာဝတီတိုင်း > district:7428:ဖျာပုံခရိုင် > township:7376:ဘိုကလေးမြို့နယ် > ward_village_tract:7401:အမှတ် (၁) ရပ်ကွက်,7376,manual_review,manual_review,True,Core WVT not matched to an official MIMU ward/village-tract row,95.3948223291538,16.2987384,58b9e78ae489392300d54549a0f22936
7402,ward_village_tract,ward,အမှတ် (၁၀) ရပ်ကွက်,country:11:မြန်မာ > state_region:7279:ဧ​ရာဝတီတိုင်း > district:7428:ဖျာပုံခရိုင် > township:7376:ဘိုကလေးမြို့နယ် > ward_village_tract:7402:အမှတ် (၁၀) ရပ်ကွက်,7376,manual_review,manual_review,True,Core WVT not matched to an official MIMU ward/village-tract row,95.4070456159307,16.2849858,8e00974cc0b8f3697b2645202b7f2e7f
7403,ward_village_tract,ward,ရပ်ကွက် (၁၇) လိပ်ဥကုန်းကွက်သစ်ရပ်ကွက်,country:11:မြန်မာ > state_region:7279:ဧ​ရာဝတီတိုင်း > district:7428:ဖျာပုံခရိုင် > township:7375:ဖျာပုံမြို့နယ် > ward_village_tract:7403:ရပ်ကွက် (၁၇) လိပ်ဥကုန်းကွက်သစ်ရပ်ကွက်,7375,manual_review,manual_review,True,Core WVT not matched to an official MIMU ward/village-tract row,95.676955907791,16.27639465,f94199ce57e5f8f21f65bceb64f44c51
7404,ward_village_tract,ward,ရပ်ကွက် (၁၂)စစ်တန်းရပ်ကွက်,country:11:မြန်မာ > state_region:7279:ဧ​ရာဝတီတိုင်း > district:7428:ဖျာပုံခရိုင် > township:7375:ဖျာပုံမြို့နယ် > ward_village_tract:7404:ရပ်ကွက် (၁၂)စစ်တန်းရပ်ကွက်,7375,manual_review,manual_review,True,Core WVT not matched to an official MIMU ward/village-tract row,95.6835435426633,16.2787124,76af3ec4e3482be7bd9de471092eb20a
7405,ward_village_tract,ward,ရပ်ကွက် (၁၉) တူးမြောင်းရပ်ကွက်,country:11:မြန်မာ > state_region:7279:ဧ​ရာဝတီတိုင်း > district:7428:ဖျာပုံခရိုင် > township:7375:ဖျာပုံမြို့နယ် > ward_village_tract:7405:ရပ်ကွက် (၁၉) တူးမြောင်းရပ်ကွက်,7375,manual_review,manual_review,True,Core WVT not matched to an official MIMU ward/village-tract row,95.6925976145597,16.26740215,cd777bbb9d995d25aec108e5494fd4ea
7406,ward_village_tract,ward,ရပ်ကွက် (၁၃)သိမ်ဘုရားရပ်ကွက်,country:11:မြန်မာ > state_region:7279:ဧ​ရာဝတီတိုင်း > district:7428:ဖျာပုံခရိုင် > township:7375:ဖျာပုံမြို့နယ် > ward_village_tract:7406:ရပ်ကွက် (၁၃)သိမ်ဘုရားရပ်ကွက်,7375,manual_review,manual_review,True,Core WVT not matched to an official MIMU ward/village-tract row,95.6908402287963,16.27246665,55f1b84e37e0d2197872f91e0ba4c452
7407,ward_village_tract,ward,ရပ်ကွက် (၁၆) အကြီးကွက်ရပ်ကွက်,country:11:မြန်မာ > state_region:7279:ဧ​ရာဝတီတိုင်း > district:7428:ဖျာပုံခရိုင် > township:7375:ဖျာပုံမြို့နယ် > ward_village_tract:7407:ရပ်ကွက် (၁၆) အကြီးကွက်ရပ်ကွက်,7375,manual_review,manual_review,True,Core WVT not matched to an official MIMU ward/village-tract row,95.6757722676591,16.30280635,68872b12c5af43abf0e4eea95cd564b2
7408,ward_village_tract,ward,ရပ်ကွက် (၁၄)စစ်ကွက်ရပ်ကွက်,country:11:မြန်မာ > state_region:7279:ဧ​ရာဝတီတိုင်း > district:7428:ဖျာပုံခရိုင် > township:7375:ဖျာပုံမြို့နယ် > ward_village_tract:7408:ရပ်ကွက် (၁၄)စစ်ကွက်ရပ်ကွက်,7375,manual_review,manual_review,True,Core WVT not matched to an official MIMU ward/village-tract row,95.6808401136005,16.3027191,c5528feeb8a1dcf5feb6e78a5ef2b817
7409,ward_village_tract,ward,ဓရပ်ကွက် (၁) ဓနိတောရပ်ကွက်ဓ,country:11:မြန်မာ > state_region:7279:ဧ​ရာဝတီတိုင်း > district:7428:ဖျာပုံခရိုင် > township:7375:ဖျာပုံမြို့နယ် > ward_village_tract:7409:ဓရပ်ကွက် (၁) ဓနိတောရပ်ကွက်ဓ,7375,manual_review,manual_review,True,Core WVT not matched to an official MIMU ward/village-tract row,95.6823135095833,16.2963564,b861f626636acbec312d808b3851e3f3
7410,ward_village_tract,ward,ရပ်ကွက် (၁၅)ဗိုလ်ချုပ်ကွက်သစ်ရပ်ကွက်,country:11:မြန်မာ > state_region:7279:ဧ​ရာဝတီတိုင်း > district:7428:ဖျာပုံခရိုင် > township:7375:ဖျာပုံမြို့နယ် > ward_village_tract:7410:ရပ်ကွက် (၁၅)ဗိုလ်ချုပ်ကွက်သစ်ရပ်ကွက်,7375,manual_review,manual_review,True,Core WVT not matched to an official MIMU ward/village-tract row,95.6729081594275,16.29577425,d8c6d6956910c7c60c58a60d4c21ae04
7411,ward_village_tract,ward,ရပ်ကွက် (၄)မကျီးတန်းရပ်ကွက်,country:11:မြန်မာ > state_region:7279:ဧ​ရာဝတီတိုင်း > district:7428:ဖျာပုံခရိုင် > township:7375:ဖျာပုံမြို့နယ် > ward_village_tract:7411:ရပ်ကွက် (၄)မကျီးတန်းရပ်ကွက်,7375,manual_review,manual_review,True,Core WVT not matched to an official MIMU ward/village-tract row,95.6794793159556,16.29223375,2699788a0d07b3a1912e46f0700e7f98
7412,ward_village_tract,ward,ရပ်ကွက် (၇)ရွှေဂူချောင်ရပ်ကွက်,country:11:မြန်မာ > state_region:7279:ဧ​ရာဝတီတိုင်း > district:7428:ဖျာပုံခရိုင် > township:7375:ဖျာပုံမြို့နယ် > ward_village_tract:7412:ရပ်ကွက် (၇)ရွှေဂူချောင်ရပ်ကွက်,7375,manual_review,manual_review,True,Core WVT not matched to an official MIMU ward/village-tract row,95.6749657184764,16.29120075,50af1c3707b1250b333e2dcefe9e2a6b
7413,ward_village_tract,ward,ရပ်ကွက် (၂)ဈေးပိုင်းရပ်ကွက်,country:11:မြန်မာ > state_region:7279:ဧ​ရာဝတီတိုင်း > district:7428:ဖျာပုံခရိုင် > township:7375:ဖျာပုံမြို့နယ် > ward_village_tract:7413:ရပ်ကွက် (၂)ဈေးပိုင်းရပ်ကွက်,7375,manual_review,manual_review,True,Core WVT not matched to an official MIMU ward/village-tract row,95.6820507251398,16.29135945,ba4f7e29500070e14da17aaf50654871
7414,ward_village_tract,ward,ရပ်ကွက် (၅)ရွာလည်ဘုရားရပ်ကွက်,country:11:မြန်မာ > state_region:7279:ဧ​ရာဝတီတိုင်း > district:7428:ဖျာပုံခရိုင် > township:7375:ဖျာပုံမြို့နယ် > ward_village_tract:7414:ရပ်ကွက် (၅)ရွာလည်ဘုရားရပ်ကွက်,7375,manual_review,manual_review,True,Core WVT not matched to an official MIMU ward/village-tract row,95.6809131615948,16.2887066,04c9ecbd188532011a160edda2a04cfd
7415,ward_village_tract,ward,ရပ်ကွက် (၆)သင်္ဘောဆိပ်ရပ်ကွက်,country:11:မြန်မာ > state_region:7279:ဧ​ရာဝတီတိုင်း > district:7428:ဖျာပုံခရိုင် > township:7375:ဖျာပုံမြို့နယ် > ward_village_tract:7415:ရပ်ကွက် (၆)သင်္ဘောဆိပ်ရပ်ကွက်,7375,manual_review,manual_review,True,Core WVT not matched to an official MIMU ward/village-tract row,95.6813658224565,16.2864718,da522ca68013239c8396f7302a0ac1f5
7416,ward_village_tract,ward,ရပ်ကွက် (၁၀)ကွက်သစ်အလယ်ရပ်ကွက်,country:11:မြန်မာ > state_region:7279:ဧ​ရာဝတီတိုင်း > district:7428:ဖျာပုံခရိုင် > township:7375:ဖျာပုံမြို့နယ် > ward_village_tract:7416:ရပ်ကွက် (၁၀)ကွက်သစ်အလယ်ရပ်ကွက်,7375,manual_review,manual_review,True,Core WVT not matched to an official MIMU ward/village-tract row,95.6773619702112,16.2842104,a6ab8ebd88c26520dc283a098398fc23
7417,ward_village_tract,ward,ရပ်ကွက် (၁၁)ကွက်သစ်တောင်ရပ်ကွက်,country:11:မြန်မာ > state_region:7279:ဧ​ရာဝတီတိုင်း > district:7428:ဖျာပုံခရိုင် > township:7375:ဖျာပုံမြို့နယ် > ward_village_tract:7417:ရပ်ကွက် (၁၁)ကွက်သစ်တောင်ရပ်ကွက်,7375,manual_review,manual_review,True,Core WVT not matched to an official MIMU ward/village-tract row,95.6788548923299,16.2825102,1541403aabf230ed9b49011af36e9309
7418,ward_village_tract,ward,ရပ်ကွက် (၉)ကွက်သစ်မြောက်ရပ်ကွက်,country:11:မြန်မာ > state_region:7279:ဧ​ရာဝတီတိုင်း > district:7428:ဖျာပုံခရိုင် > township:7375:ဖျာပုံမြို့နယ် > ward_village_tract:7418:ရပ်ကွက် (၉)ကွက်သစ်မြောက်ရပ်ကွက်,7375,manual_review,manual_review,True,Core WVT not matched to an official MIMU ward/village-tract row,95.6768980153758,16.2863592,44d0bd29507c809f16513b28d3898ed7
7419,ward_village_tract,ward,ရပ်ကွက် (၈)အပြောင်ရပ်ကွက်,country:11:မြန်မာ > state_region:7279:ဧ​ရာဝတီတိုင်း > district:7428:ဖျာပုံခရိုင် > township:7375:ဖျာပုံမြို့နယ် > ward_village_tract:7419:ရပ်ကွက် (၈)အပြောင်ရပ်ကွက်,7375,manual_review,manual_review,True,Core WVT not matched to an official MIMU ward/village-tract row,95.6762397730718,16.28837825,4e844aad315ba30fa07ccae231dc84dc
7420,ward_village_tract,ward,အမှတ် (၆) ရပ်ကွက်,country:11:မြန်မာ > state_region:7279:ဧ​ရာဝတီတိုင်း > district:7428:ဖျာပုံခရိုင် > township:7309:ကျိုက်လတ်မြို့နယ် > ward_village_tract:7420:အမှတ် (၆) ရပ်ကွက်,7309,manual_review,manual_review,True,Core WVT not matched to an official MIMU ward/village-tract row,95.7186555091051,16.4545216,f7135b54e3c46aa5a1be73e42ce711e6
7421,ward_village_tract,ward,အမှတ် (၅) ရပ်ကွက်,country:11:မြန်မာ > state_region:7279:ဧ​ရာဝတီတိုင်း > district:7428:ဖျာပုံခရိုင် > township:7309:ကျိုက်လတ်မြို့နယ် > ward_village_tract:7421:အမှတ် (၅) ရပ်ကွက်,7309,manual_review,manual_review,True,Core WVT not matched to an official MIMU ward/village-tract row,95.7080691600366,16.4536787,95265a71034ce2698861986252eb01ea
7422,ward_village_tract,ward,အမှတ် (၄) ရပ်ကွက်,country:11:မြန်မာ > state_region:7279:ဧ​ရာဝတီတိုင်း > district:7428:ဖျာပုံခရိုင် > township:7309:ကျိုက်လတ်မြို့နယ် > ward_village_tract:7422:အမှတ် (၄) ရပ်ကွက်,7309,manual_review,manual_review,True,Core WVT not matched to an official MIMU ward/village-tract row,95.7172119088187,16.44400615,464c421f3e34549011a6d0468cace13e
7423,ward_village_tract,ward,အမှတ် (၁) ရပ်ကွက်,country:11:မြန်မာ > state_region:7279:ဧ​ရာဝတီတိုင်း > district:7428:ဖျာပုံခရိုင် > township:7309:ကျိုက်လတ်မြို့နယ် > ward_village_tract:7423:အမှတ် (၁) ရပ်ကွက်,7309,manual_review,manual_review,True,Core WVT not matched to an official MIMU ward/village-tract row,95.7268779970973,16.43596905,d317cfcdd3c3e7e6c1f8f919a28c1c45
7424,ward_village_tract,ward,အမှတ် (၃) ရပ်ကွက်,country:11:မြန်မာ > state_region:7279:ဧ​ရာဝတီတိုင်း > district:7428:ဖျာပုံခရိုင် > township:7427:ဒေးဒရဲမြို့နယ် > ward_village_tract:7424:အမှတ် (၃) ရပ်ကွက်,7427,manual_review,manual_review,True,Core WVT not matched to an official MIMU ward/village-tract row,95.8976177308554,16.40396515,b0a422eec112f1296451a8095d4e2c05
7425,ward_village_tract,ward,အမှတ် (၂) ရပ်ကွက်,country:11:မြန်မာ > state_region:7279:ဧ​ရာဝတီတိုင်း > district:7428:ဖျာပုံခရိုင် > township:7427:ဒေးဒရဲမြို့နယ် > ward_village_tract:7425:အမှတ် (၂) ရပ်ကွက်,7427,manual_review,manual_review,True,Core WVT not matched to an official MIMU ward/village-tract row,95.8868200955574,16.40449795,3147496f2f3e1fe054bb4870de620dc2
7426,ward_village_tract,ward,အမှတ် (၁) ရပ်ကွက်,country:11:မြန်မာ > state_region:7279:ဧ​ရာဝတီတိုင်း > district:7428:ဖျာပုံခရိုင် > township:7427:ဒေးဒရဲမြို့နယ် > ward_village_tract:7426:အမှတ် (၁) ရပ်ကွက်,7427,manual_review,manual_review,True,Core WVT not matched to an official MIMU ward/village-tract row,95.8798633445878,16.40521245,1e91c95292d820e9ba2c9c550466dc14
7429,ward_village_tract,ward,ရွှေဟင်္သသာရပ်ကွက်,country:11:မြန်မာ > state_region:7449:တနင်္သာရီတိုင်း > district:7438:ကော့သောင်းခရိုင် > township:7444:ကော့သောင်မြို့နယ် > ward_village_tract:7429:ရွှေဟင်္သသာရပ်ကွက်,7444,manual_review,manual_review,True,Core WVT not matched to an official MIMU ward/village-tract row,98.5554765235794,9.98503915,cb43d1c4f669bfcb080cbb1d053f9f70
7430,ward_village_tract,ward,အောင်သုခရပ်ကွက်,country:11:မြန်မာ > state_region:7449:တနင်္သာရီတိုင်း > district:7438:ကော့သောင်းခရိုင် > township:7444:ကော့သောင်မြို့နယ် > ward_village_tract:7430:အောင်သုခရပ်ကွက်,7444,manual_review,manual_review,True,Core WVT not matched to an official MIMU ward/village-tract row,98.5455450912898,9.98634095,c0c30c7ffb3e33a8f0f9676816877065
7431,ward_village_tract,ward,အေးမြကန်သာရပ်ကွက်,country:11:မြန်မာ > state_region:7449:တနင်္သာရီတိုင်း > district:7438:ကော့သောင်းခရိုင် > township:7444:ကော့သောင်မြို့နယ် > ward_village_tract:7431:အေးမြကန်သာရပ်ကွက်,7444,manual_review,manual_review,True,Core WVT not matched to an official MIMU ward/village-tract row,98.5457032919379,9.9953417,b56f34825bf3f5e3f4ae49983f7ce2fe
7432,ward_village_tract,island,ဟိုင်းကြီးကျွန်း,country:11:မြန်မာ > state_region:7279:ဧ​ရာဝတီတိုင်း > ward_village_tract:7432:ဟိုင်းကြီးကျွန်း,7279,manual_review,manual_review,True,Core WVT not matched to an official MIMU ward/village-tract row,94.3152173724083,15.9986697,29b5bef34889f9db49709a1c5d2818ff
7433,ward_village_tract,island,စိန်ကျွန်း,country:11:မြန်မာ > state_region:7279:ဧ​ရာဝတီတိုင်း > ward_village_tract:7433:စိန်ကျွန်း,7279,manual_review,manual_review,True,Core WVT not matched to an official MIMU ward/village-tract row,94.2764702288358,15.86430595,672b179139f09e64b1c8094794b8b91a
7434,ward_village_tract,ward,ဘုရင့်နောင်ရပ်ကွက်,country:11:မြန်မာ > state_region:7449:တနင်္သာရီတိုင်း > district:7438:ကော့သောင်းခရိုင် > township:7444:ကော့သောင်မြို့နယ် > ward_village_tract:7434:ဘုရင့်နောင်ရပ်ကွက်,7444,manual_review,manual_review,True,Core WVT not matched to an official MIMU ward/village-tract row,98.5476481668541,9.9785852,6b7594e1b101e9fabf37c0238bdf2b31
7435,ward_village_tract,ward,အဏ္ဏဝါရပ်ကွက်,country:11:မြန်မာ > state_region:7449:တနင်္သာရီတိုင်း > district:7438:ကော့သောင်းခရိုင် > township:7444:ကော့သောင်မြို့နယ် > ward_village_tract:7435:အဏ္ဏဝါရပ်ကွက်,7444,manual_review,manual_review,True,Core WVT not matched to an official MIMU ward/village-tract row,98.5518618322929,9.9799006,5451b7de26b6793b7cac756ed45babe9
7436,ward_village_tract,ward,ရွှေဇင်ယော်ရပ်ကွက်,country:11:မြန်မာ > state_region:7449:တနင်္သာရီတိုင်း > district:7438:ကော့သောင်းခရိုင် > township:7444:ကော့သောင်မြို့နယ် > ward_village_tract:7436:ရွှေဇင်ယော်ရပ်ကွက်,7444,manual_review,manual_review,True,Core WVT not matched to an official MIMU ward/village-tract row,98.5555444055703,9.99584405,1e81aaa07fafedc62166d0af67302718
7437,ward_village_tract,ward,ပိတောက်ရွှေဝါရပ်ကွက်,country:11:မြန်မာ > state_region:7449:တနင်္သာရီတိုင်း > district:7438:ကော့သောင်းခရိုင် > township:7444:ကော့သောင်မြို့နယ် > ward_village_tract:7437:ပိတောက်ရွှေဝါရပ်ကွက်,7444,manual_review,manual_review,True,Core WVT not matched to an official MIMU ward/village-tract row,98.5510809713991,9.98477935,30d112434521078baaed59c2cf5c22e3
7441,ward_village_tract,ward,ရွှေပြည်သာရပ်ကွက်,country:11:မြန်မာ > state_region:7449:တနင်္သာရီတိုင်း > district:7438:ကော့သောင်းခရိုင် > township:7444:ကော့သောင်မြို့နယ် > ward_village_tract:7441:ရွှေပြည်သာရပ်ကွက်,7444,manual_review,manual_review,True,Core WVT not matched to an official MIMU ward/village-tract row,98.566421085751,10.021718,d9137bed6f6597e6785fd53f64d06595
7442,ward_village_tract,ward,အေးရိပ်ငြိမ်ရပ်ကွက်,country:11:မြန်မာ > state_region:7449:တနင်္သာရီတိုင်း > district:7438:ကော့သောင်းခရိုင် > township:7444:ကော့သောင်မြို့နယ် > ward_village_tract:7442:အေးရိပ်ငြိမ်ရပ်ကွက်,7444,manual_review,manual_review,True,Core WVT not matched to an official MIMU ward/village-tract row,98.5557738185213,10.00831055,8fe8f4058cab075c904df689a4467cc2
7443,ward_village_tract,ward,သီရိမြိုင်ရပ်ကွက်,country:11:မြန်မာ > state_region:7449:တနင်္သာရီတိုင်း > district:7438:ကော့သောင်းခရိုင် > township:7444:ကော့သောင်မြို့နယ် > ward_village_tract:7443:သီရိမြိုင်ရပ်ကွက်,7444,manual_review,manual_review,True,Core WVT not matched to an official MIMU ward/village-tract row,98.5414611681556,10.0037415,5872809368de87703d3e2f4346b942af
7483,ward_village_tract,ward,ကြန့်ခိုင်ရေးရပ်ကွက်,country:11:မြန်မာ > state_region:5089:မွန်ပြည်နယ် > district:5099:မော်လမြိုင်ခရိုင် > township:7482:သံဖြူဇရပ် > ward_village_tract:7483:ကြန့်ခိုင်ရေးရပ်ကွက်,7482,manual_review,manual_review,True,Core WVT not matched to an official MIMU ward/village-tract row,97.7176046953784,15.97025875,36c8f0b5f4a3fc20d52c5a37eda70d45
