entity_type,status,region,source_pcode,name_en,name_my,ts_pcode,vt_pcode,source_file,source_row,reasons,flags,lon,lat
village_tract,flagged,Ayeyarwady,MMR017013903,,,MMR017013,,village_tract_boundary_Ayeyarwady_v94.zip:mmr_ady_polbnda_adm4_mimu_250k.shp,112,outside_source_township,missing_name|outside_source_township,94.95416901,17.92743650
village_tract,flagged,Ayeyarwady,MMR017012902,,,MMR017012,,village_tract_boundary_Ayeyarwady_v94.zip:mmr_ady_polbnda_adm4_mimu_250k.shp,192,outside_source_township,missing_name|outside_source_township,94.95148698,18.28785771
village_tract,flagged,Ayeyarwady,MMR017010901,,,MMR017010,,village_tract_boundary_Ayeyarwady_v94.zip:mmr_ady_polbnda_adm4_mimu_250k.shp,229,outside_source_township,missing_name|outside_source_township,94.88167241,17.60296941
village_tract,flagged,Ayeyarwady,MMR017011901,,,MMR017011,,village_tract_boundary_Ayeyarwady_v94.zip:mmr_ady_polbnda_adm4_mimu_250k.shp,269,outside_source_township,missing_name|outside_source_township,94.96909424,18.03536029
village_tract,flagged,Ayeyarwady,MMR017016110,Kaing Thaung,ကိုင်းသောင်,MMR017016,,village_tract_boundary_Ayeyarwady_v94.zip:mmr_ady_polbnda_adm4_mimu_250k.shp,410,outside_source_township,outside_source_township,95.04340084,15.73018406
village_tract,flagged,Ayeyarwady,MMR017018040,Kyet Shar,ကြက်ရှာ,MMR017018,,village_tract_boundary_Ayeyarwady_v94.zip:mmr_ady_polbnda_adm4_mimu_250k.shp,535,outside_source_township,outside_source_township,95.23284098,16.17516128
village_tract,flagged,Ayeyarwady,MMR017018107,Yae Twin Kone,ရေတွင်းကုန်း,MMR017018,,village_tract_boundary_Ayeyarwady_v94.zip:mmr_ady_polbnda_adm4_mimu_250k.shp,630,outside_source_township,outside_source_township,95.04116640,16.08844309
village_tract,flagged,Ayeyarwady,MMR017004071,Hpaung Doe,ဖေါင်ဒိုး,MMR017004,,village_tract_boundary_Ayeyarwady_v94.zip:mmr_ady_polbnda_adm4_mimu_250k.shp,1379,outside_source_township,outside_source_township,94.23315635,16.17835505
village_tract,flagged,Ayeyarwady,MMR017001040,Kan Gyi,ကံကြီး,MMR017001,,village_tract_boundary_Ayeyarwady_v94.zip:mmr_ady_polbnda_adm4_mimu_250k.shp,1467,outside_source_township,outside_source_township,94.52754397,16.93041781
village_tract,flagged,Ayeyarwady,MMR017001044,Ma Gyi Zin,မကျီးဇင်,MMR017001,,village_tract_boundary_Ayeyarwady_v94.zip:mmr_ady_polbnda_adm4_mimu_250k.shp,1481,outside_source_township,outside_source_township,94.59743057,17.39289474
village_tract,flagged,Ayeyarwady,MMR017001042,Tha Bawt Kan,သဘော့ကန်,MMR017001,,village_tract_boundary_Ayeyarwady_v94.zip:mmr_ady_polbnda_adm4_mimu_250k.shp,1500,outside_source_township,outside_source_township,94.56371200,17.19399498
village_tract,flagged,Ayeyarwady,MMR017001704,Urban,,MMR017001,,village_tract_boundary_Ayeyarwady_v94.zip:mmr_ady_polbnda_adm4_mimu_250k.shp,1508,outside_source_township,outside_source_township,94.44976096,16.96214049
village_tract,flagged,Ayeyarwady,MMR017003902,,,MMR017003,,village_tract_boundary_Ayeyarwady_v94.zip:mmr_ady_polbnda_adm4_mimu_250k.shp,1516,outside_source_township,missing_name|outside_source_township,94.78157733,17.24473552
village_tract,flagged,Ayeyarwady,MMR017003066,Kyun Hlyar Gyi,ကျွန်းလျှားကြီး,MMR017003,,village_tract_boundary_Ayeyarwady_v94.zip:mmr_ady_polbnda_adm4_mimu_250k.shp,1542,outside_source_township,outside_source_township,94.65764635,17.14680880
village_tract,flagged,Ayeyarwady,MMR017006901,,,MMR017006,,village_tract_boundary_Ayeyarwady_v94.zip:mmr_ady_polbnda_adm4_mimu_250k.shp,1578,outside_source_township,missing_name|outside_source_township,94.83823140,17.43638240
village_tract,flagged,Ayeyarwady,MMR017003067,Thit Hpyu,သစ်ဖြူ,MMR017003,,village_tract_boundary_Ayeyarwady_v94.zip:mmr_ady_polbnda_adm4_mimu_250k.shp,1580,outside_source_township,outside_source_township,94.66008145,17.35689787
village_tract,flagged,Ayeyarwady,MMR017024070,Aye Yar,အေရာ,MMR017024,,village_tract_boundary_Ayeyarwady_v94.zip:mmr_ady_polbnda_adm4_mimu_250k.shp,1677,outside_source_township,outside_source_township,95.12733594,15.82210075
village_tract,flagged,Ayeyarwady,MMR017024069,Kyun Thar Yar,ကျွန်းသာယာ,MMR017024,,village_tract_boundary_Ayeyarwady_v94.zip:mmr_ady_polbnda_adm4_mimu_250k.shp,1712,outside_source_township,outside_source_township,95.13524186,16.04681606
village_tract,flagged,Bago (West),MMR008003902,,,MMR008003,,village_tract_boundary_Bago_v94.zip:mmr_bgo_polbnda_adm4_mimu_250k_1.shp,2,outside_source_township,missing_name|outside_source_township,94.83118438,18.67036880
village_tract,flagged,Bago (West),MMR008005904,,,MMR008005,,village_tract_boundary_Bago_v94.zip:mmr_bgo_polbnda_adm4_mimu_250k_1.shp,262,outside_source_township,missing_name|outside_source_township,95.47902055,18.73437389
village_tract,flagged,Bago (West),MMR008014901,,,MMR008014,,village_tract_boundary_Bago_v94.zip:mmr_bgo_polbnda_adm4_mimu_250k_1.shp,316,outside_source_township,missing_name|outside_source_township,95.89456889,18.35044623
village_tract,flagged,Bago (West),MMR008008901,,,MMR008008,,village_tract_boundary_Bago_v94.zip:mmr_bgo_polbnda_adm4_mimu_250k_1.shp,367,outside_source_township,missing_name|outside_source_township,95.98279339,17.94961344
village_tract,flagged,Bago (West),MMR008009901,,,MMR008009,,village_tract_boundary_Bago_v94.zip:mmr_bgo_polbnda_adm4_mimu_250k_1.shp,416,outside_source_township,missing_name|outside_source_township,95.86725933,18.05458617
village_tract,flagged,Bago (West),MMR008012902,,,MMR008012,,village_tract_boundary_Bago_v94.zip:mmr_bgo_polbnda_adm4_mimu_250k_1.shp,519,outside_source_township,missing_name|outside_source_township,95.89239217,18.60761441
village_tract,flagged,Bago (West),MMR008010903,,,MMR008010,,village_tract_boundary_Bago_v94.zip:mmr_bgo_polbnda_adm4_mimu_250k_1.shp,592,outside_source_township,missing_name|outside_source_township,95.95099498,18.21436990
village_tract,flagged,Bago (West),MMR008007901,,,MMR008007,,village_tract_boundary_Bago_v94.zip:mmr_bgo_polbnda_adm4_mimu_250k_1.shp,656,outside_source_township,missing_name|outside_source_township,95.98658472,17.79512623
village_tract,flagged,Bago (East),MMR007006901,,,MMR007006,,village_tract_boundary_Bago_v94.zip:mmr_bgo_polbnda_adm4_mimu_250k_1.shp,946,outside_source_township,missing_name|outside_source_township,96.26810856,18.19494376
village_tract,flagged,Bago (East),MMR007013901,,,MMR007013,,village_tract_boundary_Bago_v94.zip:mmr_bgo_polbnda_adm4_mimu_250k_1.shp,1289,outside_source_township,missing_name|outside_source_township,96.06093095,18.81162801
village_tract,flagged,Bago (East),MMR007012901,,,MMR007012,,village_tract_boundary_Bago_v94.zip:mmr_bgo_polbnda_adm4_mimu_250k_1.shp,1333,outside_source_township,missing_name|outside_source_township,96.16808125,18.60499447
village_tract,flagged,Bago (East),MMR007009035,Ka Nyin Myaung,ကညင်မြောင်,MMR007009,,village_tract_boundary_Bago_v94.zip:mmr_bgo_polbnda_adm4_mimu_250k_1.shp,1409,outside_source_township,outside_source_township,96.25981831,19.01015448
village_tract,flagged,Bago (East),MMR007009036,Na Gar Mauk,နဂါးမောက်,MMR007009,,village_tract_boundary_Bago_v94.zip:mmr_bgo_polbnda_adm4_mimu_250k_1.shp,1421,outside_source_township,outside_source_township,96.64078114,18.94173302
village_tract,flagged,Bago (East),MMR007009032,Wet Khauk Sein,ဝက်ခေါက်စိန်,MMR007009,,village_tract_boundary_Bago_v94.zip:mmr_bgo_polbnda_adm4_mimu_250k_1.shp,1438,outside_source_township,outside_source_township,96.03468852,19.00814536
village_tract,flagged,Bago (East),MMR007010036,Lone Yan,လုံးရမ်း,MMR007010,,village_tract_boundary_Bago_v94.zip:mmr_bgo_polbnda_adm4_mimu_250k_1.shp,1454,outside_source_township,outside_source_township,96.13547925,19.24947015
village_tract,flagged,Bago (East),MMR007010031,Sa Kway (Ma Yoe Khon),စကွေး(မရိုးခုံ),MMR007010,,village_tract_boundary_Bago_v94.zip:mmr_bgo_polbnda_adm4_mimu_250k_1.shp,1465,outside_source_township,outside_source_township,96.00925801,19.16059906
village_tract,flagged,Bago (East),MMR007010035,San Taw Poet,ဆံတော်ပို့,MMR007010,,village_tract_boundary_Bago_v94.zip:mmr_bgo_polbnda_adm4_mimu_250k_1.shp,1466,outside_source_township,outside_source_township,95.98256803,19.35614976
village_tract,flagged,Bago (East),MMR007010032,Yae Ngan,ရေငန်း,MMR007010,,village_tract_boundary_Bago_v94.zip:mmr_bgo_polbnda_adm4_mimu_250k_1.shp,1476,outside_source_township,outside_source_township,95.90888245,19.29737366
village_tract,flagged,Bago (East),MMR007010034,Thit Poke Pin,သစ်ပုတ်ပင်,MMR007010,,village_tract_boundary_Bago_v94.zip:mmr_bgo_polbnda_adm4_mimu_250k_1.shp,1477,outside_source_township,outside_source_township,96.06544834,19.41543425
village_tract,flagged,Chin,MMR004004003,Khiangzang,ခိန်းဇန်,MMR004004,,village_tract_boundary_Chin_v94.zip:mmr_chn_polbnda_adm4_mimu_250k.shp,110,outside_source_township,outside_source_township,93.95553789,23.45784906
village_tract,flagged,Kachin,MMR001010901,,,MMR001010,,village_tract_boundary_Kachin_v94.zip:mmr_kch_polbnda_adm4_mimu_250k.shp,1,outside_source_township,missing_name|outside_source_township,97.13986671,24.53333661
village_tract,flagged,Kachin,MMR001010902,,,MMR001010,,village_tract_boundary_Kachin_v94.zip:mmr_kch_polbnda_adm4_mimu_250k.shp,7,outside_source_township,missing_name|outside_source_township,96.93829972,23.92895206
village_tract,flagged,Kachin,MMR001010046,Kawng Ton,ကောင်းတုံ,MMR001010,,village_tract_boundary_Kachin_v94.zip:mmr_kch_polbnda_adm4_mimu_250k.shp,8,outside_source_township,outside_source_township,97.14259906,24.11048656
village_tract,flagged,Kachin,MMR001010045,Hsin Hkan,စင်းခန်း,MMR001010,,village_tract_boundary_Kachin_v94.zip:mmr_kch_polbnda_adm4_mimu_250k.shp,11,outside_source_township,outside_source_township,97.07487990,24.08618962
village_tract,flagged,Kachin,MMR001010047,Nawng Mo,နောင်မို,MMR001010,,village_tract_boundary_Kachin_v94.zip:mmr_kch_polbnda_adm4_mimu_250k.shp,36,outside_source_township,outside_source_township,97.08237960,24.18147288
village_tract,flagged,Kachin,MMR001011034,Pang Hkun Yang,ပန်ခွန်ယန်,MMR001011,,village_tract_boundary_Kachin_v94.zip:mmr_kch_polbnda_adm4_mimu_250k.shp,167,outside_source_township,outside_source_township,96.85920057,24.53996210
village_tract,flagged,Kachin,MMR001007004,Kar Tu,ကာတူ,MMR001007,,village_tract_boundary_Kachin_v94.zip:mmr_kch_polbnda_adm4_mimu_250k.shp,250,outside_source_township,outside_source_township,96.03656406,24.84881512
village_tract,flagged,Kachin,MMR001001011,In Jit Yang,အင်ဂျစ်ယန်,MMR001001,,village_tract_boundary_Kachin_v94.zip:mmr_kch_polbnda_adm4_mimu_250k.shp,395,outside_source_township,outside_source_township,97.29573073,25.91234228
village_tract,flagged,Kachin,MMR001001010,Tang Hpe,တန်ဖဲ,MMR001001,,village_tract_boundary_Kachin_v94.zip:mmr_kch_polbnda_adm4_mimu_250k.shp,413,outside_source_township,outside_source_township,97.27084750,25.67363280
village_tract,flagged,Kachin,MMR001001012,Ti Yang Zug,တီယန်ဇွပ်,MMR001001,,village_tract_boundary_Kachin_v94.zip:mmr_kch_polbnda_adm4_mimu_250k.shp,418,outside_source_township,outside_source_township,97.25194044,26.05303070
village_tract,flagged,Kachin,MMR001016005,Man No,မန်နို,MMR001016,,village_tract_boundary_Kachin_v94.zip:mmr_kch_polbnda_adm4_mimu_250k.shp,537,outside_source_township,outside_source_township,97.46237556,27.58650261
village_tract,flagged,Kachin,MMR001014901,,,MMR001014,,village_tract_boundary_Kachin_v94.zip:mmr_kch_polbnda_adm4_mimu_250k.shp,555,outside_source_township,missing_name|outside_source_township,97.08775196,27.46362277
village_tract,flagged,Kachin,MMR001014012,Long Sha Yang,လုံယှာယန်,MMR001014,,village_tract_boundary_Kachin_v94.zip:mmr_kch_polbnda_adm4_mimu_250k.shp,561,outside_source_township,outside_source_township,97.65523849,27.05513682
village_tract,flagged,Kachin,MMR001014013,Tsum Pi Yang,ဆွမ်ပီယန်,MMR001014,,village_tract_boundary_Kachin_v94.zip:mmr_kch_polbnda_adm4_mimu_250k.shp,569,outside_source_township,outside_source_township,97.43114323,26.95260360
village_tract,flagged,Kayah,MMR002001012,Law Da Lay,လောဓလေး,MMR002001,,village_tract_boundary_Kayah_v94.zip:mmr_kyh_polbnda_adm4_250k_mimu_1.shp,71,outside_source_township,outside_source_township,97.45777533,19.43399354
village_tract,flagged,Kayah,MMR002004003,Shadaw (Middle),ရှားတောအလယ်ပိုင်း,MMR002004,,village_tract_boundary_Kayah_v94.zip:mmr_kyh_polbnda_adm4_250k_mimu_1.shp,82,outside_source_township,outside_source_township,97.67677175,19.44273743
village_tract,flagged,Kayah,MMR002004001,Shadaw (North),ရှားတောမြောက်ပိုင်း,MMR002004,,village_tract_boundary_Kayah_v94.zip:mmr_kyh_polbnda_adm4_250k_mimu_1.shp,83,outside_source_township,outside_source_township,97.51010910,19.76820217
village_tract,flagged,Kayah,MMR002004002,Shadaw (South),ရှားတောတောင်ပိုင်း,MMR002004,,village_tract_boundary_Kayah_v94.zip:mmr_kyh_polbnda_adm4_250k_mimu_1.shp,84,outside_source_township,outside_source_township,97.47707439,19.57494394
village_tract,flagged,Kayin,MMR003002027,Yae Ta Khun,ရေတံခွန်,MMR003002,,village_tract_boundary_Kayin_v94.zip:mmr_kyn_polbnda_adm4_unhcr_mimu_250k.shp,76,outside_source_township,outside_source_township,97.72615022,17.74010744
village_tract,flagged,Kayin,MMR003001058,Pyin Ma Pin Seik,ပျဉ်းမပင်ဆိပ်,MMR003001,,village_tract_boundary_Kayin_v94.zip:mmr_kyn_polbnda_adm4_unhcr_mimu_250k.shp,151,outside_source_township,outside_source_township,97.43697486,17.57913912
village_tract,flagged,Magway,MMR009007901,,,MMR009007,,village_tract_boundary_Magway_v94.zip:mmr_mgy_polbnda_adm4_wfp_mimu_250k_1.shp,571,outside_source_township,missing_name|outside_source_township,94.52087854,20.15612473
village_tract,flagged,Magway,MMR009008007,Chaung Son,ချောင်းဆုံ,MMR009008,,village_tract_boundary_Magway_v94.zip:mmr_mgy_polbnda_adm4_wfp_mimu_250k_1.shp,678,outside_source_township,outside_source_township,94.51009783,20.45198135
village_tract,flagged,Magway,MMR009008003,Sin Lu Myauk,ဆင်လူးမြောက်,MMR009008,,village_tract_boundary_Magway_v94.zip:mmr_mgy_polbnda_adm4_wfp_mimu_250k_1.shp,712,outside_source_township,outside_source_township,94.43142491,20.44586141
village_tract,flagged,Magway,MMR009010086,Kywe U,ကျွဲဦး,MMR009010,,village_tract_boundary_Magway_v94.zip:mmr_mgy_polbnda_adm4_wfp_mimu_250k_1.shp,735,outside_source_township,outside_source_township,94.30688191,20.78649660
village_tract,flagged,Magway,MMR009010902,,,MMR009010,,village_tract_boundary_Magway_v94.zip:mmr_mgy_polbnda_adm4_wfp_mimu_250k_1.shp,736,outside_source_township,missing_name|outside_source_township,94.50924583,20.82221990
village_tract,flagged,Magway,MMR009010089,Shwe Zan Thee,ရွှေဇံသီး,MMR009010,,village_tract_boundary_Magway_v94.zip:mmr_mgy_polbnda_adm4_wfp_mimu_250k_1.shp,792,outside_source_township,outside_source_township,94.57994417,20.92720586
village_tract,flagged,Magway,MMR009011009,Nat Gyi,နတ်ကြီး,MMR009011,,village_tract_boundary_Magway_v94.zip:mmr_mgy_polbnda_adm4_wfp_mimu_250k_1.shp,864,outside_source_township,outside_source_township,94.07075918,20.55678737
village_tract,flagged,Magway,MMR009015901,,,MMR009015,,village_tract_boundary_Magway_v94.zip:mmr_mgy_polbnda_adm4_wfp_mimu_250k_1.shp,1305,outside_source_township,missing_name|outside_source_township,94.76285614,19.02249164
village_tract,flagged,Mandalay,MMR010013902,,,MMR010013,,village_tract_boundary_Mandalay_v94.zip:mmr_mdy_polbnda_adm4_mimu_250k.shp,2,outside_source_township,missing_name|outside_source_township,96.56641675,21.67739526
village_tract,flagged,Mandalay,MMR010013084,Ohn Kyaw,အုန်းကြော,MMR010013,,village_tract_boundary_Mandalay_v94.zip:mmr_mdy_polbnda_adm4_mimu_250k.shp,50,outside_source_township,outside_source_township,96.77918029,21.86373757
village_tract,flagged,Mandalay,MMR010013082,Ye,ရဲ,MMR010013,,village_tract_boundary_Mandalay_v94.zip:mmr_mdy_polbnda_adm4_mimu_250k.shp,85,outside_source_township,outside_source_township,96.40800107,21.66809022
village_tract,flagged,Mandalay,MMR010013085,Za Yit Khe,ဇရစ်ခဲ,MMR010013,,village_tract_boundary_Mandalay_v94.zip:mmr_mdy_polbnda_adm4_mimu_250k.shp,93,outside_source_township,outside_source_township,96.58882844,21.79329152
village_tract,flagged,Mandalay,MMR010015901,,,MMR010015,,village_tract_boundary_Mandalay_v94.zip:mmr_mdy_polbnda_adm4_mimu_250k.shp,94,outside_source_township,missing_name|outside_source_township,96.26516313,21.20811880
village_tract,flagged,Mandalay,MMR010015080,Khin Lel,ခင်လယ်,MMR010015,,village_tract_boundary_Mandalay_v94.zip:mmr_mdy_polbnda_adm4_mimu_250k.shp,115,outside_source_township,outside_source_township,96.32467248,21.25495120
village_tract,flagged,Mandalay,MMR010015081,Kyi Taing,ကျီတိုင်,MMR010015,,village_tract_boundary_Mandalay_v94.zip:mmr_mdy_polbnda_adm4_mimu_250k.shp,121,outside_source_township,outside_source_township,96.34319752,21.19982499
village_tract,flagged,Mandalay,MMR010014004,Sun Ye,စွန်ရဲ,MMR010014,,village_tract_boundary_Mandalay_v94.zip:mmr_mdy_polbnda_adm4_mimu_250k.shp,213,outside_source_township,outside_source_township,96.21942880,21.73919898
village_tract,flagged,Mandalay,MMR010007901,,,MMR010007,,village_tract_boundary_Mandalay_v94.zip:mmr_mdy_polbnda_adm4_mimu_250k.shp,345,outside_source_township,missing_name|outside_source_township,96.26598574,22.00742665
village_tract,flagged,Mandalay,MMR010030018,Kywe Tat Son,ကျွဲတပ်ဆုံ,MMR010030,,village_tract_boundary_Mandalay_v94.zip:mmr_mdy_polbnda_adm4_mimu_250k.shp,546,outside_source_township,outside_source_township,96.24302495,20.79883742
village_tract,flagged,Mandalay,MMR010030079,Lel Pyin,လယ်ပြင်,MMR010030,,village_tract_boundary_Mandalay_v94.zip:mmr_mdy_polbnda_adm4_mimu_250k.shp,547,outside_source_township,outside_source_township,96.39608411,20.62508073
village_tract,flagged,Mandalay,MMR010030073,Pyi Nyaung,ပြည်ညောင်,MMR010030,,village_tract_boundary_Mandalay_v94.zip:mmr_mdy_polbnda_adm4_mimu_250k.shp,567,outside_source_township,outside_source_township,96.36157585,20.85081574
village_tract,flagged,Mandalay,MMR010030050,Thet Kei Deik,သက္ကယ်ဒိတ်,MMR010030,,village_tract_boundary_Mandalay_v94.zip:mmr_mdy_polbnda_adm4_mimu_250k.shp,578,outside_source_township,outside_source_township,96.30445547,20.90969774
village_tract,flagged,Mandalay,MMR010030075,War Ywet,ဝါးရွက်,MMR010030,,village_tract_boundary_Mandalay_v94.zip:mmr_mdy_polbnda_adm4_mimu_250k.shp,584,outside_source_township,outside_source_township,96.46936977,20.89696745
village_tract,flagged,Mandalay,MMR010030072,Yin Mar Pin,ယင်းမာပင်,MMR010030,,village_tract_boundary_Mandalay_v94.zip:mmr_mdy_polbnda_adm4_mimu_250k.shp,586,outside_source_township,outside_source_township,96.37268737,20.76839786
village_tract,flagged,Mandalay,MMR010009038,Yae Kyi,ရေကြည်,MMR010009,,village_tract_boundary_Mandalay_v94.zip:mmr_mdy_polbnda_adm4_mimu_250k.shp,1183,outside_source_township,outside_source_township,96.31199358,22.15134761
village_tract,flagged,Mandalay,MMR010011017,Ohn Dan,အုန်ဒန်,MMR010011,,village_tract_boundary_Mandalay_v94.zip:mmr_mdy_polbnda_adm4_mimu_250k.shp,1206,outside_source_township,outside_source_township,96.25601275,22.98154043
village_tract,flagged,Mandalay,MMR010011021,Shwe Nyaung Pin,ရွှေညောင်ပင်,MMR010011,,village_tract_boundary_Mandalay_v94.zip:mmr_mdy_polbnda_adm4_mimu_250k.shp,1209,outside_source_township,outside_source_township,96.21631541,22.86656647
village_tract,flagged,Mandalay,MMR010010901,,,MMR010010,,village_tract_boundary_Mandalay_v94.zip:mmr_mdy_polbnda_adm4_mimu_250k.shp,1257,outside_source_township,missing_name|outside_source_township,96.19325291,22.56583927
village_tract,flagged,Mandalay,MMR010010003,Shwe Kyin,ရွှေကျင်,MMR010010,,village_tract_boundary_Mandalay_v94.zip:mmr_mdy_polbnda_adm4_mimu_250k.shp,1285,outside_source_township,outside_source_township,95.94128559,22.72601020
village_tract,flagged,Mandalay,MMR010012019,Maing Daing,မိုင်းဒိုင်း,MMR010012,,village_tract_boundary_Mandalay_v94.zip:mmr_mdy_polbnda_adm4_mimu_250k.shp,1313,outside_source_township,outside_source_township,96.29497235,23.55826977
village_tract,flagged,Mandalay,MMR010024036,Pay Pin Shey,ပေပင်ရှည်,MMR010024,,village_tract_boundary_Mandalay_v94.zip:mmr_mdy_polbnda_adm4_mimu_250k.shp,1367,outside_source_township,outside_source_township,95.75596207,20.45010997
village_tract,flagged,Mandalay,MMR010023033,Nan Khwe,နန်းခွဲ,MMR010023,,village_tract_boundary_Mandalay_v94.zip:mmr_mdy_polbnda_adm4_mimu_250k.shp,1431,outside_source_township,outside_source_township,96.39535577,20.53409122
village_tract,flagged,Mandalay,MMR010023021,Sin Twin Kyaung Kone,ဆင်တွင်းကျောင်းကုန်း,MMR010023,,village_tract_boundary_Mandalay_v94.zip:mmr_mdy_polbnda_adm4_mimu_250k.shp,1440,outside_source_township,outside_source_township,96.39206242,20.43903020
village_tract,flagged,Mon,MMR011004024,Wea Kha Mi,ဝဲခမိ,MMR011004,,village_tract_boundary_Mon_v94.zip:mmr_mon_polbnda_adm4_unicef_mimu_250k.shp,176,outside_source_township,outside_source_township,97.83760438,15.72388599
village_tract,flagged,Mon,MMR011006901,,,MMR011006,,village_tract_boundary_Mon_v94.zip:mmr_mon_polbnda_adm4_unicef_mimu_250k.shp,179,outside_source_township,missing_name|outside_source_township,98.08568766,15.19124912
village_tract,flagged,Mon,MMR011006017,Ku Lar Koke,ကုလားကုတ်,MMR011006,,village_tract_boundary_Mon_v94.zip:mmr_mon_polbnda_adm4_unicef_mimu_250k.shp,201,outside_source_township,outside_source_township,97.65488911,15.54328682
village_tract,flagged,Mon,MMR011010043,Baw Naw Khee,ဘောနောခီး,MMR011010,,village_tract_boundary_Mon_v94.zip:mmr_mon_polbnda_adm4_unicef_mimu_250k.shp,220,outside_source_township,outside_source_township,97.34926440,17.63987155
village_tract,flagged,Mon,MMR011010045,Win Tar Pan,ဝင်းတာပန်,MMR011010,,village_tract_boundary_Mon_v94.zip:mmr_mon_polbnda_adm4_unicef_mimu_250k.shp,253,outside_source_township,outside_source_township,97.44682858,17.24934520
village_tract,flagged,Mon,MMR011010010,Zoke Ka Li,ဇုက္ကလီ,MMR011010,,village_tract_boundary_Mon_v94.zip:mmr_mon_polbnda_adm4_unicef_mimu_250k.shp,258,outside_source_township,outside_source_township,97.08642621,17.07861551
village_tract,flagged,Nay Pyi Taw,MMR018007012,Chaung Gwa,ချောင်းခွ,MMR018007,,village_tract_boundary_Nay_Pyi_Taw_v94.zip:mmr_npt_polbnda_adm4_250k_mimu_1.shp,16,outside_source_township,outside_source_township,95.84810997,19.48766327
village_tract,flagged,Nay Pyi Taw,MMR018007020,Da Lant Chun,ဒလန့်ချွန်,MMR018007,,village_tract_boundary_Nay_Pyi_Taw_v94.zip:mmr_npt_polbnda_adm4_250k_mimu_1.shp,18,outside_source_township,outside_source_township,95.76752842,19.60674167
village_tract,flagged,Nay Pyi Taw,MMR018007059,Oke Shit Hlaing,ဥသျှစ်လှိုင်း,MMR018007,,village_tract_boundary_Nay_Pyi_Taw_v94.zip:mmr_npt_polbnda_adm4_250k_mimu_1.shp,22,outside_source_township,outside_source_township,95.94646403,19.76085529
village_tract,flagged,Nay Pyi Taw,MMR018007033,Lel Tar Gyi,လယ်တာကြီး,MMR018007,,village_tract_boundary_Nay_Pyi_Taw_v94.zip:mmr_npt_polbnda_adm4_250k_mimu_1.shp,31,outside_source_township,outside_source_township,95.86716066,19.86495072
village_tract,flagged,Nay Pyi Taw,MMR018007040,Min Pyin,မင်းပြင်,MMR018007,,village_tract_boundary_Nay_Pyi_Taw_v94.zip:mmr_npt_polbnda_adm4_250k_mimu_1.shp,33,outside_source_township,outside_source_township,95.84142535,19.59569720
village_tract,flagged,Nay Pyi Taw,MMR018007016,Swei Taw Hmyaung,စွယ်တော်မျှောင်,MMR018007,,village_tract_boundary_Nay_Pyi_Taw_v94.zip:mmr_npt_polbnda_adm4_250k_mimu_1.shp,50,outside_source_township,outside_source_township,95.82422461,19.69273543
village_tract,flagged,Nay Pyi Taw,MMR018007043,Tha Yet Chaung,သရက်ချောင်း,MMR018007,,village_tract_boundary_Nay_Pyi_Taw_v94.zip:mmr_npt_polbnda_adm4_250k_mimu_1.shp,54,outside_source_township,outside_source_township,95.83426419,19.76809295
village_tract,flagged,Nay Pyi Taw,MMR018007058,Zali Hnget Gyi Taung,ဇလီငှက်ကြီးတောင်,MMR018007,,village_tract_boundary_Nay_Pyi_Taw_v94.zip:mmr_npt_polbnda_adm4_250k_mimu_1.shp,70,outside_source_township,outside_source_township,96.43088334,19.53869544
village_tract,flagged,Nay Pyi Taw,MMR018006029,Ah Lel Chaung,အလယ်ချောင်း,MMR018006,,village_tract_boundary_Nay_Pyi_Taw_v94.zip:mmr_npt_polbnda_adm4_250k_mimu_1.shp,74,outside_source_township,outside_source_township,96.60458583,19.50740113
village_tract,flagged,Nay Pyi Taw,MMR018006024,Bant Bar,ဘန့်ဘား,MMR018006,,village_tract_boundary_Nay_Pyi_Taw_v94.zip:mmr_npt_polbnda_adm4_250k_mimu_1.shp,75,outside_source_township,outside_source_township,96.43654296,19.59789467
village_tract,flagged,Nay Pyi Taw,MMR018006027,Boet Ma,ဘို့မ,MMR018006,,village_tract_boundary_Nay_Pyi_Taw_v94.zip:mmr_npt_polbnda_adm4_250k_mimu_1.shp,76,outside_source_township,outside_source_township,96.51636924,19.57574746
village_tract,flagged,Nay Pyi Taw,MMR018006023,Koe Tit,ကိုးတစ်,MMR018006,,village_tract_boundary_Nay_Pyi_Taw_v94.zip:mmr_npt_polbnda_adm4_250k_mimu_1.shp,81,outside_source_township,outside_source_township,96.53235638,19.49922634
village_tract,flagged,Nay Pyi Taw,MMR018006028,Me Pauk,မဲပေါက်,MMR018006,,village_tract_boundary_Nay_Pyi_Taw_v94.zip:mmr_npt_polbnda_adm4_250k_mimu_1.shp,89,outside_source_township,outside_source_township,96.47739928,19.80572307
village_tract,flagged,Nay Pyi Taw,MMR018006026,Pyay Taung Koe,ပြည်တောင်ကိုး,MMR018006,,village_tract_boundary_Nay_Pyi_Taw_v94.zip:mmr_npt_polbnda_adm4_250k_mimu_1.shp,96,outside_source_township,outside_source_township,96.56515723,19.70119842
village_tract,flagged,Nay Pyi Taw,MMR018006025,Thit Tun,သစ်တွန်,MMR018006,,village_tract_boundary_Nay_Pyi_Taw_v94.zip:mmr_npt_polbnda_adm4_250k_mimu_1.shp,104,outside_source_township,outside_source_township,96.40187928,19.70320713
village_tract,flagged,Nay Pyi Taw,MMR018005010,Wea Gyi,ဝဲကြီး,MMR018005,,village_tract_boundary_Nay_Pyi_Taw_v94.zip:mmr_npt_polbnda_adm4_250k_mimu_1.shp,139,outside_source_township,outside_source_township,96.23359372,19.98419969
village_tract,flagged,Rakhine,MMR012014022,Dar Let,ဒါးလက်,MMR012014,,village_tract_boundary_Rakhine_v94.zip:mmr_rke_polbnda_adm4_mimu_who_250k.shp,8,outside_source_township,outside_source_township,93.92264940,20.22637432
village_tract,flagged,Rakhine,MMR012012035,Taik Kyun,တိုက်ကျွန်း,MMR012012,,village_tract_boundary_Rakhine_v94.zip:mmr_rke_polbnda_adm4_mimu_who_250k.shp,118,outside_source_township,outside_source_township,93.81329905,18.72229462
village_tract,flagged,Rakhine,MMR012012036,Ye Kyun,ရဲကျွန်း,MMR012012,,village_tract_boundary_Rakhine_v94.zip:mmr_rke_polbnda_adm4_mimu_who_250k.shp,126,outside_source_township,outside_source_township,93.78961595,18.63507112
village_tract,flagged,Rakhine,MMR012013016,Ku Lar Bone,ကုလားဘုန်း,MMR012013,,village_tract_boundary_Rakhine_v94.zip:mmr_rke_polbnda_adm4_mimu_who_250k.shp,139,outside_source_township,outside_source_township,93.89307324,19.24999146
village_tract,flagged,Rakhine,MMR012013018,Yan Thit Chay,ရမ်းသစ်ချေ,MMR012013,,village_tract_boundary_Rakhine_v94.zip:mmr_rke_polbnda_adm4_mimu_who_250k.shp,177,outside_source_township,outside_source_township,93.98382610,19.27571951
village_tract,flagged,Rakhine,MMR012010001,Ba Da Kar,ဘဒကား,MMR012010,,village_tract_boundary_Rakhine_v94.zip:mmr_rke_polbnda_adm4_mimu_who_250k.shp,184,outside_source_township,outside_source_township,92.46042994,21.28490188
village_tract,flagged,Rakhine,MMR012010025,Kha Maung Chaung,ခမောင်းချောင်း,MMR012010,,village_tract_boundary_Rakhine_v94.zip:mmr_rke_polbnda_adm4_mimu_who_250k.shp,202,outside_source_township,outside_source_township,92.58124940,21.16802574
village_tract,flagged,Rakhine,MMR012010026,Laung Yon,လောင်းယုံ,MMR012010,,village_tract_boundary_Rakhine_v94.zip:mmr_rke_polbnda_adm4_mimu_who_250k.shp,213,outside_source_township,outside_source_township,92.67183025,21.15291239
village_tract,flagged,Rakhine,MMR012009001,In Tu Lar,အင်တူလာ,MMR012009,,village_tract_boundary_Rakhine_v94.zip:mmr_rke_polbnda_adm4_mimu_who_250k.shp,272,outside_source_township,outside_source_township,92.28619571,21.40241908
village_tract,flagged,Rakhine,MMR012009002,Tat Chaung,တပ်ချောင်း,MMR012009,,village_tract_boundary_Rakhine_v94.zip:mmr_rke_polbnda_adm4_mimu_who_250k.shp,323,outside_source_township,outside_source_township,92.37835188,21.42260877
village_tract,flagged,Rakhine,MMR012004001,Tha Lu Chaung,သလူချောင်း,MMR012004,,village_tract_boundary_Rakhine_v94.zip:mmr_rke_polbnda_adm4_mimu_who_250k.shp,415,outside_source_township,outside_source_township,92.80006570,20.94997009
village_tract,flagged,Rakhine,MMR012005901,,,MMR012005,,village_tract_boundary_Rakhine_v94.zip:mmr_rke_polbnda_adm4_mimu_who_250k.shp,433,outside_source_township,missing_name|outside_source_township,93.60899480,20.57743402
village_tract,flagged,Rakhine,MMR012005031,Min Ku Lan,မင်းကူးလမ်း,MMR012005,,village_tract_boundary_Rakhine_v94.zip:mmr_rke_polbnda_adm4_mimu_who_250k.shp,462,outside_source_township,outside_source_township,93.49461342,20.30714917
village_tract,flagged,Rakhine,MMR012003013,Pyi Lone Gyi,ပြည်လုံးကြီး,MMR012003,,village_tract_boundary_Rakhine_v94.zip:mmr_rke_polbnda_adm4_mimu_who_250k.shp,566,outside_source_township,outside_source_township,93.20234715,20.81470500
village_tract,flagged,Rakhine,MMR012002001,Ah Htet Thin Pone Tan,အထက်သင်ပုန်းတန်း,MMR012002,,village_tract_boundary_Rakhine_v94.zip:mmr_rke_polbnda_adm4_mimu_who_250k.shp,729,outside_source_township,outside_source_township,92.75143914,20.82404033
village_tract,flagged,Rakhine,MMR012015006,Yae Kauk,ရေကောက်,MMR012015,,village_tract_boundary_Rakhine_v94.zip:mmr_rke_polbnda_adm4_mimu_who_250k.shp,916,outside_source_township,outside_source_township,94.65239325,18.48666492
village_tract,flagged,Rakhine,MMR012017032,Ba Win (Let Pan Khon),ဘဝင် (လက်ပံခုံ),MMR012017,,village_tract_boundary_Rakhine_v94.zip:mmr_rke_polbnda_adm4_mimu_who_250k.shp,922,outside_source_township,outside_source_township,94.79188238,17.84458929
village_tract,flagged,Rakhine,MMR012015019,Ah Htu,အထူး,MMR012015,,village_tract_boundary_Rakhine_v94.zip:mmr_rke_polbnda_adm4_mimu_who_250k.shp,956,outside_source_township,outside_source_township,94.53993171,18.38508971
village_tract,flagged,Rakhine,MMR012015034,Ka Nyin Kone,ကညင်ကုန်း,MMR012015,,village_tract_boundary_Rakhine_v94.zip:mmr_rke_polbnda_adm4_mimu_who_250k.shp,966,outside_source_township,outside_source_township,94.69464574,18.26258431
village_tract,flagged,Rakhine,MMR012015061,Pyin Ma Khon,ပျဉ်းမခုံ,MMR012015,,village_tract_boundary_Rakhine_v94.zip:mmr_rke_polbnda_adm4_mimu_who_250k.shp,996,outside_source_township,outside_source_township,94.70771549,18.08846121
village_tract,flagged,Rakhine,MMR012016901,,,MMR012016,,village_tract_boundary_Rakhine_v94.zip:mmr_rke_polbnda_adm4_mimu_who_250k.shp,1013,outside_source_township,missing_name|outside_source_township,94.37746459,19.34589381
village_tract,flagged,Rakhine,MMR012016902,,,MMR012016,,village_tract_boundary_Rakhine_v94.zip:mmr_rke_polbnda_adm4_mimu_who_250k.shp,1014,outside_source_township,missing_name|outside_source_township,94.53518293,18.98030564
village_tract,flagged,Sagaing,MMR005034050,Man Sein,မန်စိမ်း,MMR005034,,village_tract_boundary_Sagaing_v94.zip:mmr_sag_polbnda_adm4_250k_mimu_1.shp,62,outside_source_township,outside_source_township,95.96848697,25.12199432
village_tract,flagged,Sagaing,MMR005028902,,,MMR005028,,village_tract_boundary_Sagaing_v94.zip:mmr_sag_polbnda_adm4_250k_mimu_1.shp,165,outside_source_township,missing_name|outside_source_township,94.71525042,23.31259880
village_tract,flagged,Sagaing,MMR005028903,,,MMR005028,,village_tract_boundary_Sagaing_v94.zip:mmr_sag_polbnda_adm4_250k_mimu_1.shp,166,outside_source_township,missing_name|outside_source_township,94.21492370,23.04149927
village_tract,flagged,Sagaing,MMR005028035,Chin Chaung,ချင်းချောင်း,MMR005028,,village_tract_boundary_Sagaing_v94.zip:mmr_sag_polbnda_adm4_250k_mimu_1.shp,167,outside_source_township,outside_source_township,94.83539252,23.42637024
village_tract,flagged,Sagaing,MMR005028007,Thet Kei Kyin,သက္ကယ်ကျင်း,MMR005028,,village_tract_boundary_Sagaing_v94.zip:mmr_sag_polbnda_adm4_250k_mimu_1.shp,193,outside_source_township,outside_source_township,94.57353332,23.17169302
village_tract,flagged,Sagaing,MMR005029047,Pyin Kaing,ပျဉ်းကိုင်း,MMR005029,,village_tract_boundary_Sagaing_v94.zip:mmr_sag_polbnda_adm4_250k_mimu_1.shp,247,outside_source_township,outside_source_township,94.84309350,23.17411800
village_tract,flagged,Sagaing,MMR005029015,Win Wa,ဝင်ဝ,MMR005029,,village_tract_boundary_Sagaing_v94.zip:mmr_sag_polbnda_adm4_250k_mimu_1.shp,255,outside_source_township,outside_source_township,94.33927303,22.49881003
village_tract,flagged,Sagaing,MMR005007026,Gar Tar,ဂါးတာ,MMR005007,,village_tract_boundary_Sagaing_v94.zip:mmr_sag_polbnda_adm4_250k_mimu_1.shp,272,outside_source_township,outside_source_township,95.64358361,23.24833096
village_tract,flagged,Sagaing,MMR005007022,Hin Thaw,ဟင်သော်,MMR005007,,village_tract_boundary_Sagaing_v94.zip:mmr_sag_polbnda_adm4_250k_mimu_1.shp,274,outside_source_township,outside_source_township,95.82322739,23.50581129
village_tract,flagged,Sagaing,MMR005007012,Myauk Pay Kone,မြောက်ပေကုန်း,MMR005007,,village_tract_boundary_Sagaing_v94.zip:mmr_sag_polbnda_adm4_250k_mimu_1.shp,307,outside_source_township,outside_source_township,95.79785207,23.40466434
village_tract,flagged,Sagaing,MMR005007020,Nyaung Kone,ညောင်ကုန်း,MMR005007,,village_tract_boundary_Sagaing_v94.zip:mmr_sag_polbnda_adm4_250k_mimu_1.shp,316,outside_source_township,outside_source_township,95.49419848,23.47062907
village_tract,flagged,Sagaing,MMR005007013,Zin,ဇင်း,MMR005007,,village_tract_boundary_Sagaing_v94.zip:mmr_sag_polbnda_adm4_250k_mimu_1.shp,351,outside_source_township,outside_source_township,95.86855468,23.32039037
village_tract,flagged,Sagaing,MMR005031028,Law Thar,လောသာ,MMR005031,,village_tract_boundary_Sagaing_v94.zip:mmr_sag_polbnda_adm4_250k_mimu_1.shp,708,outside_source_township,outside_source_township,94.80290494,23.68786878
village_tract,flagged,Sagaing,MMR005037001,Pinongsuk,ပီနောင်စွပ်,MMR005037,,village_tract_boundary_Sagaing_v94.zip:mmr_sag_polbnda_adm4_250k_mimu_1.shp,1034,outside_source_township,outside_source_township,96.71670328,27.17648007
village_tract,flagged,Sagaing,MMR005010901,,,MMR005010,,village_tract_boundary_Sagaing_v94.zip:mmr_sag_polbnda_adm4_250k_mimu_1.shp,1364,outside_source_township,missing_name|outside_source_township,94.85936148,22.74881171
village_tract,flagged,Sagaing,MMR005010051,Sat Lu,ဆပ်လူး,MMR005010,,village_tract_boundary_Sagaing_v94.zip:mmr_sag_polbnda_adm4_250k_mimu_1.shp,1398,outside_source_township,outside_source_township,94.95287786,22.67455597
village_tract,flagged,Sagaing,MMR005010052,Se Taw,ဆယ်တော,MMR005010,,village_tract_boundary_Sagaing_v94.zip:mmr_sag_polbnda_adm4_250k_mimu_1.shp,1400,outside_source_township,outside_source_township,94.94222935,22.75304873
village_tract,flagged,Sagaing,MMR005010050,Thit Ya Aik,သစ်ရအိုက်,MMR005010,,village_tract_boundary_Sagaing_v94.zip:mmr_sag_polbnda_adm4_250k_mimu_1.shp,1414,outside_source_township,outside_source_township,95.06550562,22.76261890
village_tract,flagged,Sagaing,MMR005011005,Chaung Son (North),ချောင်းဆုံ (မြောက်),MMR005011,,village_tract_boundary_Sagaing_v94.zip:mmr_sag_polbnda_adm4_250k_mimu_1.shp,1426,outside_source_township,outside_source_township,95.17955637,23.14151001
village_tract,flagged,Sagaing,MMR005011028,Na Nwin Taw,နနွင်းတော,MMR005011,,village_tract_boundary_Sagaing_v94.zip:mmr_sag_polbnda_adm4_250k_mimu_1.shp,1455,outside_source_township,outside_source_township,95.23035497,23.23261963
village_tract,flagged,Sagaing,MMR005011040,Sein Nan,စိန်းနန်း,MMR005011,,village_tract_boundary_Sagaing_v94.zip:mmr_sag_polbnda_adm4_250k_mimu_1.shp,1464,outside_source_township,outside_source_township,95.04116653,23.23068237
village_tract,flagged,Sagaing,MMR005009901,,,MMR005009,,village_tract_boundary_Sagaing_v94.zip:mmr_sag_polbnda_adm4_250k_mimu_1.shp,1545,outside_source_township,missing_name|outside_source_township,94.96825041,22.89194486
village_tract,flagged,Sagaing,MMR005009022,Inn Gyi,အင်းကြီး,MMR005009,,village_tract_boundary_Sagaing_v94.zip:mmr_sag_polbnda_adm4_250k_mimu_1.shp,1569,outside_source_township,outside_source_township,95.02712871,22.83639264
village_tract,flagged,Sagaing,MMR005009028,Khin Pin,ခင်ပင်,MMR005009,,village_tract_boundary_Sagaing_v94.zip:mmr_sag_polbnda_adm4_250k_mimu_1.shp,1572,outside_source_township,outside_source_township,95.09991715,23.00061536
village_tract,flagged,Sagaing,MMR005009005,Ywar Nge,ရွာငယ်,MMR005009,,village_tract_boundary_Sagaing_v94.zip:mmr_sag_polbnda_adm4_250k_mimu_1.shp,1611,outside_source_township,outside_source_township,95.09341709,22.91764604
village_tract,flagged,Shan (East),MMR016007021,Mong Pu Gyi,မိုင်းပုကြီး,MMR016007,,village_tract_boundary_Shan_v94.zip:mmr_shn_polbnda_adm4_250k_mimu_1.shp,79,outside_source_township,outside_source_township,98.65970680,20.84675363
village_tract,flagged,Shan (East),MMR016003002,Mong Lway,မိုင်းလွေ,MMR016003,,village_tract_boundary_Shan_v94.zip:mmr_shn_polbnda_adm4_250k_mimu_1.shp,104,outside_source_township,outside_source_township,99.73824889,21.75960417
village_tract,flagged,Shan (East),MMR016003013,Mong Pauk (Kachin),မိုင်းပေါက် (ကချင်),MMR016003,,village_tract_boundary_Shan_v94.zip:mmr_shn_polbnda_adm4_250k_mimu_1.shp,106,outside_source_township,outside_source_township,99.15346301,22.04261416
village_tract,flagged,Shan (East),MMR016003001,Mong Yang,မိုင်းယန်း,MMR016003,,village_tract_boundary_Shan_v94.zip:mmr_shn_polbnda_adm4_250k_mimu_1.shp,108,outside_source_township,outside_source_township,99.55974753,21.90806363
village_tract,flagged,Shan (East),MMR016003011,Mun Hkam Hing,မွန်ခမ်းဟိန်း,MMR016003,,village_tract_boundary_Shan_v94.zip:mmr_shn_polbnda_adm4_250k_mimu_1.shp,109,outside_source_township,outside_source_township,99.37858521,21.91563818
village_tract,flagged,Shan (East),MMR016003008,Nam Mawng,နမ့်မောင်း,MMR016003,,village_tract_boundary_Shan_v94.zip:mmr_shn_polbnda_adm4_250k_mimu_1.shp,112,outside_source_township,outside_source_township,99.80288396,21.99137871
village_tract,flagged,Shan (North),,,,MMR015007,,village_tract_boundary_Shan_v94.zip:mmr_shn_polbnda_adm4_250k_mimu_1.shp,312,outside_source_township,missing_source_pcode|missing_name|outside_source_township,99.28890014,22.91447963
village_tract,flagged,Shan (North),MMR015023012,Shin Hwar (Shin Hpyin Kai),ရှင်းဟွာ (ရှင်ဖျင်ကိုင်),MMR015023,,village_tract_boundary_Shan_v94.zip:mmr_shn_polbnda_adm4_250k_mimu_1.shp,335,outside_source_township,outside_source_township,98.49167818,23.97470753
village_tract,flagged,Shan (North),MMR015013027,Doe Pin,ဒိုးပင်,MMR015013,,village_tract_boundary_Shan_v94.zip:mmr_shn_polbnda_adm4_250k_mimu_1.shp,509,outside_source_township,outside_source_township,96.35651450,22.64403356
village_tract,flagged,Shan (North),MMR015317003,Dein Aw,ဒိန်း အော,MMR015005,,village_tract_boundary_Shan_v94.zip:mmr_shn_polbnda_adm4_250k_mimu_1.shp,809,outside_source_township,outside_source_township,99.20645137,22.31614161
village_tract,flagged,Shan (North),MMR015317006,Nam Hpat,နမ့် ဖတ်,MMR015005,,village_tract_boundary_Shan_v94.zip:mmr_shn_polbnda_adm4_250k_mimu_1.shp,851,outside_source_township,outside_source_township,99.02121396,22.20374447
village_tract,flagged,Shan (North),MMR015316002,Ong Long,အုံး လုံ,MMR015005,,village_tract_boundary_Shan_v94.zip:mmr_shn_polbnda_adm4_250k_mimu_1.shp,869,outside_source_township,outside_source_township,98.81371293,22.32182802
village_tract,flagged,Shan (North),MMR015314001,Wein Kawng,ဝိန်း ကောင်,MMR015005,,village_tract_boundary_Shan_v94.zip:mmr_shn_polbnda_adm4_250k_mimu_1.shp,886,outside_source_township,outside_source_township,98.93479732,22.28198323
village_tract,flagged,Shan (South),MMR014007009,Kyun Gyi,ကျွန်းကြီး,MMR014007,,village_tract_boundary_Shan_v94.zip:mmr_shn_polbnda_adm4_250k_mimu_1.shp,1218,outside_source_township,outside_source_township,96.62744676,21.57554128
village_tract,flagged,Shan (South),MMR014018010,Ma Aun Lawng,မအွန်လောင်း,MMR014018,,village_tract_boundary_Shan_v94.zip:mmr_shn_polbnda_adm4_250k_mimu_1.shp,1227,outside_source_township,outside_source_township,97.90930321,20.16586438
village_tract,flagged,Shan (South),MMR014018009,Nar Kan,နားကန်း,MMR014018,,village_tract_boundary_Shan_v94.zip:mmr_shn_polbnda_adm4_250k_mimu_1.shp,1237,outside_source_township,outside_source_township,97.81206193,20.14558781
village_tract,flagged,Shan (South),MMR014018005,Haik Kwayt,ဟိုက်ကွေ့,MMR014018,,village_tract_boundary_Shan_v94.zip:mmr_shn_polbnda_adm4_250k_mimu_1.shp,1239,outside_source_township,outside_source_township,98.08173911,20.51771009
village_tract,flagged,Shan (South),MMR014018013,Hkon Long,ခုံလုံ,MMR014018,,village_tract_boundary_Shan_v94.zip:mmr_shn_polbnda_adm4_250k_mimu_1.shp,1240,outside_source_township,outside_source_township,97.90080294,19.82872219
village_tract,flagged,Shan (South),MMR014018006,Wan Sa Lawng,ဝမ်စလောင်း,MMR014018,,village_tract_boundary_Shan_v94.zip:mmr_shn_polbnda_adm4_250k_mimu_1.shp,1241,outside_source_township,outside_source_township,97.78365500,19.97142674
village_tract,flagged,Shan (South),MMR014018007,Loi Long,လွိုင်လုံ,MMR014018,,village_tract_boundary_Shan_v94.zip:mmr_shn_polbnda_adm4_250k_mimu_1.shp,1242,outside_source_township,outside_source_township,98.04843344,20.09198629
village_tract,flagged,Shan (South),MMR014018012,Nawng Aw,နောင်အော,MMR014018,,village_tract_boundary_Shan_v94.zip:mmr_shn_polbnda_adm4_250k_mimu_1.shp,1244,outside_source_township,outside_source_township,98.14309397,19.85712384
village_tract,flagged,Shan (South),MMR014018004,Wan Sit,ဝမ်စစ်,MMR014018,,village_tract_boundary_Shan_v94.zip:mmr_shn_polbnda_adm4_250k_mimu_1.shp,1251,outside_source_township,outside_source_township,98.17800171,20.47943910
village_tract,flagged,Shan (South),MMR014020002,Ho Loi,ဟိုလွိုင်,MMR014020,,village_tract_boundary_Shan_v94.zip:mmr_shn_polbnda_adm4_250k_mimu_1.shp,1254,outside_source_township,outside_source_township,97.73853788,20.36452148
village_tract,flagged,Shan (South),MMR014020006,Ho Nam,ဟိုနမ့်,MMR014020,,village_tract_boundary_Shan_v94.zip:mmr_shn_polbnda_adm4_250k_mimu_1.shp,1255,outside_source_township,outside_source_township,97.54010797,20.22804872
village_tract,flagged,Shan (South),MMR014020008,Ka Du Gyi,ကဒူးကြီး,MMR014020,,village_tract_boundary_Shan_v94.zip:mmr_shn_polbnda_adm4_250k_mimu_1.shp,1256,outside_source_township,outside_source_township,97.62219562,19.88800300
village_tract,flagged,Shan (South),MMR014020001,Nam Lut,နမ့်လွတ်,MMR014020,,village_tract_boundary_Shan_v94.zip:mmr_shn_polbnda_adm4_250k_mimu_1.shp,1262,outside_source_township,outside_source_township,97.66945804,20.13281261
village_tract,flagged,Shan (South),MMR014020007,Pang Tan,ပန်းတန်,MMR014020,,village_tract_boundary_Shan_v94.zip:mmr_shn_polbnda_adm4_250k_mimu_1.shp,1263,outside_source_township,outside_source_township,97.55797744,20.42527465
village_tract,flagged,Shan (South),MMR014021011,Nar Mun,နားမွန်,MMR014021,,village_tract_boundary_Shan_v94.zip:mmr_shn_polbnda_adm4_250k_mimu_1.shp,1286,outside_source_township,outside_source_township,98.19545154,20.13157786
village_tract,flagged,Shan (South),MMR014021004,Nawng Lum,နောင်လွမ်း,MMR014021,,village_tract_boundary_Shan_v94.zip:mmr_shn_polbnda_adm4_250k_mimu_1.shp,1288,outside_source_township,outside_source_township,98.35267728,20.11287794
village_tract,flagged,Shan (South),MMR014021007,Woe Laing,ဝိုးလိုင်း,MMR014021,,village_tract_boundary_Shan_v94.zip:mmr_shn_polbnda_adm4_250k_mimu_1.shp,1294,outside_source_township,outside_source_township,98.56425951,20.28659514
village_tract,flagged,Shan (South),MMR014014005,Wan Pat,ဝမ်ပတ်,MMR014014,,village_tract_boundary_Shan_v94.zip:mmr_shn_polbnda_adm4_250k_mimu_1.shp,1307,outside_source_township,outside_source_township,98.47087077,21.52559157
village_tract,flagged,Shan (South),MMR014011010,Nawng Lai Mu Hpeik,နောင်လိုင်မူဖိတ်,MMR014011,,village_tract_boundary_Shan_v94.zip:mmr_shn_polbnda_adm4_250k_mimu_1.shp,1373,outside_source_township,outside_source_township,97.44490765,20.54888507
village_tract,flagged,Shan (South),MMR014005009,Nang Taing,နန်းတိုင်း,MMR014005,,village_tract_boundary_Shan_v94.zip:mmr_shn_polbnda_adm4_250k_mimu_1.shp,1512,outside_source_township,outside_source_township,96.64298870,20.48736410
village_tract,flagged,Shan (South),MMR014005023,Baw Hseng,ဘော်ဆိုင်း,MMR014005,,village_tract_boundary_Shan_v94.zip:mmr_shn_polbnda_adm4_250k_mimu_1.shp,1513,outside_source_township,outside_source_township,96.78158176,20.95386946
village_tract,flagged,Shan (South),MMR014005024,Baw Nin,ဘော်နင်း,MMR014005,,village_tract_boundary_Shan_v94.zip:mmr_shn_polbnda_adm4_250k_mimu_1.shp,1514,outside_source_township,outside_source_township,96.80385851,20.64394761
village_tract,flagged,Shan (South),MMR014005010,Kan Bar Ni,ကမ္ဘားနီ,MMR014005,,village_tract_boundary_Shan_v94.zip:mmr_shn_polbnda_adm4_250k_mimu_1.shp,1515,outside_source_township,outside_source_township,96.71768210,20.66447371
village_tract,flagged,Shan (South),MMR014005022,Kyauk Htat,ကျောက်ထပ်,MMR014005,,village_tract_boundary_Shan_v94.zip:mmr_shn_polbnda_adm4_250k_mimu_1.shp,1516,outside_source_township,outside_source_township,96.79786870,20.84294374
village_tract,flagged,Shan (South),MMR014005006,Taung Kwe,တောင်ကွဲ,MMR014005,,village_tract_boundary_Shan_v94.zip:mmr_shn_polbnda_adm4_250k_mimu_1.shp,1520,outside_source_township,outside_source_township,96.56297540,20.52360316
village_tract,flagged,Shan (South),MMR014005002,Nang Naing,နန်းနိုင်,MMR014005,,village_tract_boundary_Shan_v94.zip:mmr_shn_polbnda_adm4_250k_mimu_1.shp,1525,outside_source_township,outside_source_township,96.57132339,20.46032980
village_tract,flagged,Shan (South),MMR014005018,Ngoke,ငုတ်,MMR014005,,village_tract_boundary_Shan_v94.zip:mmr_shn_polbnda_adm4_250k_mimu_1.shp,1526,outside_source_township,outside_source_township,96.76468570,20.53587228
village_tract,flagged,Shan (South),MMR014005007,Wet Hpyu Yae,ဝက်ဖြူရေ,MMR014005,,village_tract_boundary_Shan_v94.zip:mmr_shn_polbnda_adm4_250k_mimu_1.shp,1540,outside_source_township,outside_source_township,96.51703374,20.70986445
village_tract,flagged,Shan (South),MMR014008013,Keng Hkam,ကျိုင်းခမ်း,MMR014008,,village_tract_boundary_Shan_v94.zip:mmr_shn_polbnda_adm4_250k_mimu_1.shp,1547,outside_source_township,outside_source_township,97.07856542,21.47730119
village_tract,flagged,Shan (South),MMR014008017,Nawng Woe,နောင်ဝိုး,MMR014008,,village_tract_boundary_Shan_v94.zip:mmr_shn_polbnda_adm4_250k_mimu_1.shp,1555,outside_source_township,outside_source_township,97.08827373,21.81630875
village_tract,flagged,Shan (South),MMR014008018,Nawng Long,နောင်လုံ,MMR014008,,village_tract_boundary_Shan_v94.zip:mmr_shn_polbnda_adm4_250k_mimu_1.shp,1557,outside_source_township,outside_source_township,97.11404021,22.01582895
village_tract,flagged,Shan (South),MMR014010010,Ah Lel Pa Daung,အလယ်ပ​ဒေါင်,MMR014010,,village_tract_boundary_Shan_v94.zip:mmr_shn_polbnda_adm4_250k_mimu_1.shp,1582,outside_source_township,outside_source_township,96.84308198,19.52937743
village_tract,flagged,Shan (South),MMR014010011,Byeat Taik,ဗျဲ့တိုက်,MMR014010,,village_tract_boundary_Shan_v94.zip:mmr_shn_polbnda_adm4_250k_mimu_1.shp,1589,outside_source_township,outside_source_township,96.85553097,19.38014684
village_tract,flagged,Shan (South),MMR014010009,Thi Kyeik,သိကျိတ်,MMR014010,,village_tract_boundary_Shan_v94.zip:mmr_shn_polbnda_adm4_250k_mimu_1.shp,1596,outside_source_township,outside_source_township,96.64559836,19.61124005
village_tract,flagged,Shan (South),MMR014010007,Yi Nwe,ရီနွဲ,MMR014010,,village_tract_boundary_Shan_v94.zip:mmr_shn_polbnda_adm4_250k_mimu_1.shp,1600,outside_source_township,outside_source_township,96.81512669,19.71278140
village_tract,flagged,Tanintharyi,MMR006001018,Ah Myar,အမြား,MMR006001,,village_tract_boundary_Tanintharyi_v94.zip:mmr_tni_polbnda_adm4_unhcr_mimu_250k.shp,1,outside_source_township,outside_source_township,98.99437105,13.64981003
village_tract,flagged,Tanintharyi,MMR006001008,Ah Nyar Hpyar,အညာဖျား,MMR006001,,village_tract_boundary_Tanintharyi_v94.zip:mmr_tni_polbnda_adm4_unhcr_mimu_250k.shp,2,outside_source_township,outside_source_township,98.35484413,14.06141374
village_tract,flagged,Tanintharyi,MMR006001009,Har Myin Gyi,ဟာမြင်းကြီး,MMR006001,,village_tract_boundary_Tanintharyi_v94.zip:mmr_tni_polbnda_adm4_unhcr_mimu_250k.shp,3,outside_source_township,outside_source_township,98.33837382,14.22528579
village_tract,flagged,Tanintharyi,MMR006001022,Hein Dar,ဟိန္ဒား,MMR006001,,village_tract_boundary_Tanintharyi_v94.zip:mmr_tni_polbnda_adm4_unhcr_mimu_250k.shp,4,outside_source_township,outside_source_township,98.45957157,14.08650871
village_tract,flagged,Tanintharyi,MMR006001023,Hpaung Taw Gyi,ဖောင်းတောကြီး,MMR006001,,village_tract_boundary_Tanintharyi_v94.zip:mmr_tni_polbnda_adm4_unhcr_mimu_250k.shp,5,outside_source_township,outside_source_township,98.57703739,14.06842038
village_tract,flagged,Tanintharyi,MMR006001024,Ka Lit Gyi,ကလစ်ကြီး,MMR006001,,village_tract_boundary_Tanintharyi_v94.zip:mmr_tni_polbnda_adm4_unhcr_mimu_250k.shp,6,outside_source_township,outside_source_township,98.58182362,14.22623250
village_tract,flagged,Tanintharyi,MMR006001021,Myay Khan Baw,မြေးခံဘော်,MMR006001,,village_tract_boundary_Tanintharyi_v94.zip:mmr_tni_polbnda_adm4_unhcr_mimu_250k.shp,12,outside_source_township,outside_source_township,98.45004791,14.38739807
village_tract,flagged,Tanintharyi,MMR006001011,Pyar Thar Chaung,ပျားသားချောင်း,MMR006001,,village_tract_boundary_Tanintharyi_v94.zip:mmr_tni_polbnda_adm4_unhcr_mimu_250k.shp,15,outside_source_township,outside_source_township,98.69181614,13.70597880
village_tract,flagged,Tanintharyi,MMR006001025,Sin Hpyu Taing,ဆင်ဖြူတိုင်,MMR006001,,village_tract_boundary_Tanintharyi_v94.zip:mmr_tni_polbnda_adm4_unhcr_mimu_250k.shp,18,outside_source_township,outside_source_township,98.73970686,14.12694394
village_tract,flagged,Tanintharyi,MMR006001010,Wa Kone,ဝကုန်း,MMR006001,,village_tract_boundary_Tanintharyi_v94.zip:mmr_tni_polbnda_adm4_unhcr_mimu_250k.shp,27,outside_source_township,outside_source_township,98.35383141,14.15336062
village_tract,flagged,Tanintharyi,MMR006003030,Kayin Taung Pyauk,ကရင်တောင်ပျောက်,MMR006003,,village_tract_boundary_Tanintharyi_v94.zip:mmr_tni_polbnda_adm4_unhcr_mimu_250k.shp,82,outside_source_township,outside_source_township,98.52868616,13.75962617
village_tract,flagged,Tanintharyi,MMR006003028,Mei Ke,မယ်ကဲ,MMR006003,,village_tract_boundary_Tanintharyi_v94.zip:mmr_tni_polbnda_adm4_unhcr_mimu_250k.shp,86,outside_source_township,outside_source_township,98.44663432,13.87513164
village_tract,flagged,Tanintharyi,MMR006003035,Pa Dauk,ပဒေါက်,MMR006003,,village_tract_boundary_Tanintharyi_v94.zip:mmr_tni_polbnda_adm4_unhcr_mimu_250k.shp,92,outside_source_township,outside_source_township,98.57083434,13.51710584
village_tract,flagged,Tanintharyi,MMR006003031,Yae Pu,ရေပူ,MMR006003,,village_tract_boundary_Tanintharyi_v94.zip:mmr_tni_polbnda_adm4_unhcr_mimu_250k.shp,98,outside_source_township,outside_source_township,98.53704434,13.64833276
village_tract,flagged,Tanintharyi,MMR006009800,,,MMR006009,,village_tract_boundary_Tanintharyi_v94.zip:mmr_tni_polbnda_adm4_unhcr_mimu_250k.shp,136,outside_source_township,missing_name|outside_source_township,97.92259708,10.44908509
village_tract,flagged,Tanintharyi,MMR006010800,,,MMR006010,,village_tract_boundary_Tanintharyi_v94.zip:mmr_tni_polbnda_adm4_unhcr_mimu_250k.shp,159,outside_source_township,missing_name|outside_source_township,97.91057603,10.88890447
village_tract,flagged,Tanintharyi,MMR006010006,Ah Lel Man,အလယ်မာန်,MMR006010,,village_tract_boundary_Tanintharyi_v94.zip:mmr_tni_polbnda_adm4_unhcr_mimu_250k.shp,162,outside_source_township,outside_source_township,98.54153413,11.29281032
village_tract,flagged,Tanintharyi,MMR006009901,,,MMR006009,,village_tract_boundary_Tanintharyi_v94.zip:mmr_tni_polbnda_adm4_unhcr_mimu_250k.shp,180,outside_source_township,missing_name|outside_source_township,98.70799257,10.60197702
village_tract,flagged,Tanintharyi,MMR006009005,Ban Ka Chun,ဘန်းကချွန်,MMR006009,,village_tract_boundary_Tanintharyi_v94.zip:mmr_tni_polbnda_adm4_unhcr_mimu_250k.shp,182,outside_source_township,outside_source_township,98.57742298,10.13927296
village_tract,flagged,Tanintharyi,MMR006009007,Chan Hpan,ချမ်းဖန်း,MMR006009,,village_tract_boundary_Tanintharyi_v94.zip:mmr_tni_polbnda_adm4_unhcr_mimu_250k.shp,183,outside_source_township,outside_source_township,98.52701882,10.24985343
village_tract,flagged,Tanintharyi,MMR006009006,Ma Li Wan,မလိဝမ်း,MMR006009,,village_tract_boundary_Tanintharyi_v94.zip:mmr_tni_polbnda_adm4_unhcr_mimu_250k.shp,190,outside_source_township,outside_source_township,98.62286794,10.26277722
village_tract,flagged,Tanintharyi,MMR006009018,Pa Ret Saing,ပရက်ဆိုင်,MMR006009,,village_tract_boundary_Tanintharyi_v94.zip:mmr_tni_polbnda_adm4_unhcr_mimu_250k.shp,194,outside_source_township,outside_source_township,98.72463392,10.34586962
village_tract,flagged,Tanintharyi,MMR006009009,Su Nge Bar Laing,စူငယ်ဘာလိုင်း,MMR006009,,village_tract_boundary_Tanintharyi_v94.zip:mmr_tni_polbnda_adm4_unhcr_mimu_250k.shp,197,outside_source_township,outside_source_township,98.52822979,10.52938605
village_tract,flagged,Tanintharyi,MMR006009002,Zar Det Gyi Kyun,ဇာဒက်ကြီးကျွန်း,MMR006009,,village_tract_boundary_Tanintharyi_v94.zip:mmr_tni_polbnda_adm4_unhcr_mimu_250k.shp,201,outside_source_township,outside_source_township,98.18720967,9.95334446
village_tract,flagged,Tanintharyi,MMR006006800,,,MMR006006,,village_tract_boundary_Tanintharyi_v94.zip:mmr_tni_polbnda_adm4_unhcr_mimu_250k.shp,202,outside_source_township,missing_name|outside_source_township,97.46263861,11.78487433
village_tract,flagged,Tanintharyi,MMR006007014,Ma Li,မလိ,MMR006007,,village_tract_boundary_Tanintharyi_v94.zip:mmr_tni_polbnda_adm4_unhcr_mimu_250k.shp,257,outside_source_township,outside_source_township,98.29070452,13.06564795
village_tract,flagged,Tanintharyi,MMR006008017,Thin Baw U,သင်္ဘောဦး,MMR006008,,village_tract_boundary_Tanintharyi_v94.zip:mmr_tni_polbnda_adm4_unhcr_mimu_250k.shp,293,outside_source_township,outside_source_township,98.99198704,13.10320615
village_tract,flagged,Yangon,MMR013004901,,,MMR013004,,village_tract_boundary_Yangon_v94.zip:mmr_ygn_polbnda_adm4_mimu_250k_1.shp,38,outside_source_township,missing_name|outside_source_township,96.14634291,17.46891722
village_tract,flagged,Yangon,MMR013032800,,,MMR013032,,village_tract_boundary_Yangon_v94.zip:mmr_ygn_polbnda_adm4_mimu_250k_1.shp,263,outside_source_township,missing_name|outside_source_township,93.62049852,14.87041159
village_tract,flagged,Yangon,MMR013032701,Urban,,MMR013032,,village_tract_boundary_Yangon_v94.zip:mmr_ygn_polbnda_adm4_mimu_250k_1.shp,265,outside_source_township,outside_source_township,93.36912499,14.10139319
village,excluded,Ayeyarwady,160409,Shwe Pan Ngu Yat Kwet Thit,​ရွှေပန်းငူရပ်ကွက်သစ်,MMR017007,MMR017007063,village_point_Ayeyarwady_v96.zip:mmr_ady_pplp2_250k_mimu.shp,4307,ward_label_not_village,,,
village,flagged,Ayeyarwady,157432,Me Khin Chaung,မဲခင်ချောင်,MMR017011,MMR017011041,village_point_Ayeyarwady_v96.zip:mmr_ady_pplp2_250k_mimu.shp,6779,outside_source_township,outside_source_township,95.47926331,17.94231987
village,flagged,Ayeyarwady,157434,Nan Taw Kyun,နန်းတော်ကျွန်း,MMR017011,MMR017011041,village_point_Ayeyarwady_v96.zip:mmr_ady_pplp2_250k_mimu.shp,6780,outside_source_township,outside_source_township,95.47678729,17.95707587
village,flagged,Bago (West),218982,Shwe Taung Ngwe Taung,ရွှေတောင်ငွေတောင်,MMR008002,MMR008002053,village_point_Bago_v96.zip:mmr_bgo_pplp2_250k_mimu.shp,4322,outside_source_township,outside_source_township,95.87714400,18.88458900
village,excluded,Kayah,218797,No.1 Yat Kwet,အမှတ် (၁) ရပ်ကွက်,MMR002001,MMR002001012,village_point_Kayah_v96.zip:mmr_kyh_pplp2_250k_mimu.shp,374,ward_label_not_village,,,
village,flagged,Sagaing,176761,Monwen,မော်နွမ်း,MMR005035,MMR005035023,village_point_Sagaing_v96.zip:mmr_sag_pplp2_250k_mimu.shp,2587,outside_source_township,outside_source_township,94.64166260,24.83514977
village,flagged,Shan (East),216128,Baw Mai Ni,ဘောမိုင်နီ,MMR016320,MMR016320002,village_point_Shan_v96.zip:mmr_shn_pplp2_250k_unodc_mimu.shp,1,township_geom_missing,township_geom_missing,99.58312988,21.94993019
village,flagged,Shan (East),216129,Ga Hkar Day,ဂခါးဒေ,MMR016320,MMR016320002,village_point_Shan_v96.zip:mmr_shn_pplp2_250k_unodc_mimu.shp,2,township_geom_missing,township_geom_missing,99.54364014,21.94980049
village,flagged,Shan (East),216130,Gu Twaing,ဂူတွိုင်း,MMR016320,MMR016320002,village_point_Shan_v96.zip:mmr_shn_pplp2_250k_unodc_mimu.shp,3,township_geom_missing,township_geom_missing,99.52320862,21.94191933
village,flagged,Shan (East),216131,Hko Hkit,ခိုခစ်,MMR016320,MMR016320002,village_point_Shan_v96.zip:mmr_shn_pplp2_250k_unodc_mimu.shp,4,township_geom_missing,township_geom_missing,99.48592377,21.96969032
village,flagged,Shan (East),216132,Ho Li,ဟိုလီ,MMR016320,MMR016320002,village_point_Shan_v96.zip:mmr_shn_pplp2_250k_unodc_mimu.shp,5,township_geom_missing,township_geom_missing,99.51466370,21.92122078
village,flagged,Shan (East),216133,Ho Nar,ဟိုနား,MMR016320,MMR016320002,village_point_Shan_v96.zip:mmr_shn_pplp2_250k_unodc_mimu.shp,6,township_geom_missing,township_geom_missing,99.58589935,21.90842056
village,flagged,Shan (East),216134,Kyein Hkam (New),ကျိမ်းခမ်း (သစ်),MMR016320,MMR016320002,village_point_Shan_v96.zip:mmr_shn_pplp2_250k_unodc_mimu.shp,7,township_geom_missing,township_geom_missing,99.53555298,21.96829987
village,flagged,Shan (East),216135,Kyein Hkam (Upper),ကျိမ်းခမ်း  (အထက်),MMR016320,MMR016320002,village_point_Shan_v96.zip:mmr_shn_pplp2_250k_unodc_mimu.shp,8,township_geom_missing,township_geom_missing,99.51283264,21.96677971
village,flagged,Shan (East),216136,Mong Nwet,မိုင်းနွဲ့,MMR016320,MMR016320002,village_point_Shan_v96.zip:mmr_shn_pplp2_250k_unodc_mimu.shp,9,township_geom_missing,township_geom_missing,99.55323792,21.97948074
village,flagged,Shan (East),216137,Nam Yin,နမ့်ယင်း,MMR016320,MMR016320002,village_point_Shan_v96.zip:mmr_shn_pplp2_250k_unodc_mimu.shp,10,township_geom_missing,township_geom_missing,99.47559357,21.94511986
village,flagged,Shan (East),216138,Pang Hpawng (Lower),ပန်ဖေါင်း (အောက်),MMR016320,MMR016320002,village_point_Shan_v96.zip:mmr_shn_pplp2_250k_unodc_mimu.shp,11,township_geom_missing,township_geom_missing,99.57473755,21.91827965
village,flagged,Shan (East),216139,Pang Hpawng (Upper),ပန်ဖေါင်း (အထက်),MMR016320,MMR016320002,village_point_Shan_v96.zip:mmr_shn_pplp2_250k_unodc_mimu.shp,12,township_geom_missing,township_geom_missing,99.56854248,21.92427063
village,flagged,Shan (East),216140,Pu Mar Mun,ပူမားမွန်,MMR016320,MMR016320002,village_point_Shan_v96.zip:mmr_shn_pplp2_250k_unodc_mimu.shp,13,township_geom_missing,township_geom_missing,99.59397125,21.91888046
village,flagged,Shan (East),216141,Ton Hkaw,တုံခေါ်,MMR016320,MMR016320002,village_point_Shan_v96.zip:mmr_shn_pplp2_250k_unodc_mimu.shp,14,township_geom_missing,township_geom_missing,99.56581879,21.96327972
village,flagged,Shan (East),216142,Ton Nu,တုံနု,MMR016320,MMR016320002,village_point_Shan_v96.zip:mmr_shn_pplp2_250k_unodc_mimu.shp,15,township_geom_missing,township_geom_missing,99.49278259,22.00906944
village,flagged,Shan (East),216143,Hkar Lan,ခါလန်း,MMR016320,MMR016320003,village_point_Shan_v96.zip:mmr_shn_pplp2_250k_unodc_mimu.shp,16,township_geom_missing,township_geom_missing,99.53175354,22.09478951
village,flagged,Shan (East),216144,Hway Ann,ဟွေအန်း,MMR016320,MMR016320003,village_point_Shan_v96.zip:mmr_shn_pplp2_250k_unodc_mimu.shp,17,township_geom_missing,township_geom_missing,99.54348755,22.09828949
village,flagged,Shan (East),216145,Hway Kar (Wa),ဟွေကာ (ဝ),MMR016320,MMR016320003,village_point_Shan_v96.zip:mmr_shn_pplp2_250k_unodc_mimu.shp,18,township_geom_missing,township_geom_missing,99.55739126,22.10553764
village,flagged,Shan (East),216146,Hway Yu Lel,ဟွေယူလယ်,MMR016320,MMR016320003,village_point_Shan_v96.zip:mmr_shn_pplp2_250k_unodc_mimu.shp,19,township_geom_missing,township_geom_missing,99.51740265,22.06122017
village,flagged,Shan (East),216147,Lar Tei (Lar Hu),လားတယ် (လားဟူ),MMR016320,MMR016320003,village_point_Shan_v96.zip:mmr_shn_pplp2_250k_unodc_mimu.shp,20,township_geom_missing,township_geom_missing,99.46027374,22.11367035
village,flagged,Shan (East),216148,Lar Tei (Li Suu),လားတယ် (လီဆူး),MMR016320,MMR016320003,village_point_Shan_v96.zip:mmr_shn_pplp2_250k_unodc_mimu.shp,21,township_geom_missing,township_geom_missing,99.47370148,22.09297943
village,flagged,Shan (East),216149,Lar Tei (Wa),လားတယ် (ဝ),MMR016320,MMR016320003,village_point_Shan_v96.zip:mmr_shn_pplp2_250k_unodc_mimu.shp,22,township_geom_missing,township_geom_missing,99.48264313,22.10330963
village,flagged,Shan (East),216150,Nam Du (Lower),နမ်ဒူ (အောက်),MMR016320,MMR016320003,village_point_Shan_v96.zip:mmr_shn_pplp2_250k_unodc_mimu.shp,23,township_geom_missing,township_geom_missing,99.50389862,22.08367920
village,flagged,Shan (East),216166,Ho Pang,ဟိုပန်,MMR016320,MMR016320005,village_point_Shan_v96.zip:mmr_shn_pplp2_250k_unodc_mimu.shp,24,township_geom_missing,township_geom_missing,99.55299377,22.05526924
village,flagged,Shan (East),216167,Ma Moe Gyei,မမိုးဂျယ်,MMR016320,MMR016320005,village_point_Shan_v96.zip:mmr_shn_pplp2_250k_unodc_mimu.shp,25,township_geom_missing,township_geom_missing,99.55027771,22.08090973
village,flagged,Shan (East),216168,Nam Tun,နမ့်တွန်,MMR016320,MMR016320005,village_point_Shan_v96.zip:mmr_shn_pplp2_250k_unodc_mimu.shp,26,township_geom_missing,township_geom_missing,99.55869293,22.05068016
village,flagged,Shan (East),216169,Pang Kawng (Wa),ပန်ကောင် (ဝ),MMR016320,MMR016320005,village_point_Shan_v96.zip:mmr_shn_pplp2_250k_unodc_mimu.shp,27,township_geom_missing,township_geom_missing,99.56204042,22.11042931
village,flagged,Shan (East),216170,Pun Hkaw,ပွန်ခေါ,MMR016320,MMR016320005,village_point_Shan_v96.zip:mmr_shn_pplp2_250k_unodc_mimu.shp,28,township_geom_missing,township_geom_missing,99.53846741,22.07086945
village,flagged,Shan (East),216171,Sin Chying,စင်ချွင်း,MMR016320,MMR016320005,village_point_Shan_v96.zip:mmr_shn_pplp2_250k_unodc_mimu.shp,29,township_geom_missing,township_geom_missing,99.55477142,22.05098915
village,flagged,Shan (East),216172,Wan Kat,ဝမ်ကတ်,MMR016320,MMR016320005,village_point_Shan_v96.zip:mmr_shn_pplp2_250k_unodc_mimu.shp,30,township_geom_missing,township_geom_missing,99.55348206,22.04311943
village,flagged,Shan (East),216173,Wan Mai,ဝမ်မိုင်,MMR016320,MMR016320005,village_point_Shan_v96.zip:mmr_shn_pplp2_250k_unodc_mimu.shp,31,township_geom_missing,township_geom_missing,99.54788971,22.04213905
village,flagged,Shan (East),216152,Ahr Hkay Par Du,အားခေပါဒူ,MMR016320,MMR016320004,village_point_Shan_v96.zip:mmr_shn_pplp2_250k_unodc_mimu.shp,32,township_geom_missing,township_geom_missing,99.52424622,22.00721931
village,flagged,Shan (East),216153,Ahr Hkay Wan Kan,အားခေဝမ်ကန်,MMR016320,MMR016320004,village_point_Shan_v96.zip:mmr_shn_pplp2_250k_unodc_mimu.shp,33,township_geom_missing,township_geom_missing,99.52951050,22.00140953
village,flagged,Shan (East),216154,Ahr Hkay Wan Nu,အားခေဝမ်နူ,MMR016320,MMR016320004,village_point_Shan_v96.zip:mmr_shn_pplp2_250k_unodc_mimu.shp,35,township_geom_missing,township_geom_missing,99.52467346,22.00498962
village,flagged,Shan (East),216156,Ha Dar,ဟဒါ,MMR016320,MMR016320004,village_point_Shan_v96.zip:mmr_shn_pplp2_250k_unodc_mimu.shp,36,township_geom_missing,township_geom_missing,99.56743622,21.99398994
village,flagged,Shan (East),216157,Kya Leik Hka,ကျလိခ,MMR016320,MMR016320004,village_point_Shan_v96.zip:mmr_shn_pplp2_250k_unodc_mimu.shp,37,township_geom_missing,township_geom_missing,99.52024841,22.01429939
village,flagged,Shan (East),216159,Na Ka (Haung),နက (ဟောင်း),MMR016320,MMR016320004,village_point_Shan_v96.zip:mmr_shn_pplp2_250k_unodc_mimu.shp,38,township_geom_missing,township_geom_missing,99.52056885,22.04413033
village,flagged,Shan (East),216158,Na Ka (New),နက (သစ်),MMR016320,MMR016320004,village_point_Shan_v96.zip:mmr_shn_pplp2_250k_unodc_mimu.shp,39,township_geom_missing,township_geom_missing,99.53939819,22.05201912
village,flagged,Shan (East),216160,Nam Pawt,နမ်ပေါ့,MMR016320,MMR016320004,village_point_Shan_v96.zip:mmr_shn_pplp2_250k_unodc_mimu.shp,40,township_geom_missing,township_geom_missing,99.52252960,22.02692986
village,flagged,Shan (East),216161,Nawng Par Hkar (New),နောင်ပါခါး (သစ်),MMR016320,MMR016320004,village_point_Shan_v96.zip:mmr_shn_pplp2_250k_unodc_mimu.shp,41,township_geom_missing,township_geom_missing,99.59474182,21.98794937
village,flagged,Shan (East),216162,Nawng Par Kan,နောင်ပါကန်,MMR016320,MMR016320004,village_point_Shan_v96.zip:mmr_shn_pplp2_250k_unodc_mimu.shp,42,township_geom_missing,township_geom_missing,99.59735107,21.98191071
village,flagged,Shan (East),216164,Ti Hkio,တိချို,MMR016320,MMR016320004,village_point_Shan_v96.zip:mmr_shn_pplp2_250k_unodc_mimu.shp,43,township_geom_missing,township_geom_missing,99.56764984,22.01259995
village,flagged,Shan (East),216165,Wan Kawng,ဝမ်ကောင်,MMR016320,MMR016320004,village_point_Shan_v96.zip:mmr_shn_pplp2_250k_unodc_mimu.shp,44,township_geom_missing,township_geom_missing,99.55178833,22.03429985
village,flagged,Shan (East),216380,Aw Ma,​အောမ,MMR016319,MMR016319001,village_point_Shan_v96.zip:mmr_shn_pplp2_250k_unodc_mimu.shp,758,township_geom_missing,township_geom_missing,99.67253113,21.95907021
village,flagged,Shan (East),216381,Hko Mone,ခိုမုံး,MMR016319,MMR016319001,village_point_Shan_v96.zip:mmr_shn_pplp2_250k_unodc_mimu.shp,759,township_geom_missing,township_geom_missing,99.67606354,21.99035072
village,flagged,Shan (East),216382,Ho Hin,ဟိုဟင်,MMR016319,MMR016319001,village_point_Shan_v96.zip:mmr_shn_pplp2_250k_unodc_mimu.shp,760,township_geom_missing,township_geom_missing,99.65560150,21.97384071
village,flagged,Shan (East),216383,Hway Say,ဟွေဆေ,MMR016319,MMR016319001,village_point_Shan_v96.zip:mmr_shn_pplp2_250k_unodc_mimu.shp,761,township_geom_missing,township_geom_missing,99.66937256,21.97175980
village,flagged,Shan (East),216384,Nam Htay,နမ့်ထေး,MMR016319,MMR016319001,village_point_Shan_v96.zip:mmr_shn_pplp2_250k_unodc_mimu.shp,762,township_geom_missing,township_geom_missing,99.67101288,21.98055077
village,flagged,Shan (East),216385,Nam Par Hkar,နမ့်ပါခါး,MMR016319,MMR016319001,village_point_Shan_v96.zip:mmr_shn_pplp2_250k_unodc_mimu.shp,763,township_geom_missing,township_geom_missing,99.66809845,22.01417923
village,flagged,Shan (East),216386,Naw Kaw (Lower),နမ်ကော်  (အောက်),MMR016319,MMR016319001,village_point_Shan_v96.zip:mmr_shn_pplp2_250k_unodc_mimu.shp,764,township_geom_missing,township_geom_missing,99.65080261,21.95253944
village,flagged,Shan (East),216394,Waw Hpar,ဝေါ်ဖါ,MMR016319,MMR016319001,village_point_Shan_v96.zip:mmr_shn_pplp2_250k_unodc_mimu.shp,765,township_geom_missing,township_geom_missing,99.64794922,22.00144005
village,flagged,Shan (East),216395,Yang Hkam,ယမ်းခမ်း,MMR016319,MMR016319001,village_point_Shan_v96.zip:mmr_shn_pplp2_250k_unodc_mimu.shp,766,township_geom_missing,township_geom_missing,99.64443207,21.96969986
village,flagged,Shan (East),216398,Mong Hpen (Haung),မိုင်းဖျန်  (ဟောင်း),MMR016319,MMR016319002,village_point_Shan_v96.zip:mmr_shn_pplp2_250k_unodc_mimu.shp,767,township_geom_missing,township_geom_missing,99.62394714,21.98052025
village,flagged,Shan (East),216399,Nam Long,နမ်လုံ,MMR016319,MMR016319002,village_point_Shan_v96.zip:mmr_shn_pplp2_250k_unodc_mimu.shp,768,township_geom_missing,township_geom_missing,99.61556244,21.99242020
village,flagged,Shan (East),216400,Nam Wa,နမ်ဝ,MMR016319,MMR016319002,village_point_Shan_v96.zip:mmr_shn_pplp2_250k_unodc_mimu.shp,769,township_geom_missing,township_geom_missing,99.63005066,21.97139931
village,flagged,Shan (East),216401,Nar Long (New),နားလုံ  (သစ်),MMR016319,MMR016319002,village_point_Shan_v96.zip:mmr_shn_pplp2_250k_unodc_mimu.shp,770,township_geom_missing,township_geom_missing,99.64260101,22.00620079
village,flagged,Shan (East),216403,Nar Mu (New),နာမူး (သစ်),MMR016319,MMR016319002,village_point_Shan_v96.zip:mmr_shn_pplp2_250k_unodc_mimu.shp,771,township_geom_missing,township_geom_missing,99.65110779,22.01609993
village,flagged,Shan (East),216405,Nawng Hoi,နောင်ဟွိုင်း,MMR016319,MMR016319002,village_point_Shan_v96.zip:mmr_shn_pplp2_250k_unodc_mimu.shp,772,township_geom_missing,township_geom_missing,99.63137817,21.97598076
village,flagged,Shan (East),216409,Hsun Ke,ဆွန်ကဲ,MMR016319,MMR016319003,village_point_Shan_v96.zip:mmr_shn_pplp2_250k_unodc_mimu.shp,773,township_geom_missing,township_geom_missing,99.61975098,21.93644905
village,flagged,Shan (East),216411,Htan Mun,ထမ်မွန်း,MMR016319,MMR016319003,village_point_Shan_v96.zip:mmr_shn_pplp2_250k_unodc_mimu.shp,774,township_geom_missing,township_geom_missing,99.61112213,21.84761047
village,flagged,Shan (East),216412,Hway Long,ဟွေလုံ,MMR016319,MMR016319003,village_point_Shan_v96.zip:mmr_shn_pplp2_250k_unodc_mimu.shp,775,township_geom_missing,township_geom_missing,99.61621857,21.85877037
village,flagged,Shan (East),216414,Kawng Sang,ကောင်းစန်း,MMR016319,MMR016319003,village_point_Shan_v96.zip:mmr_shn_pplp2_250k_unodc_mimu.shp,776,township_geom_missing,township_geom_missing,99.62140656,21.86705017
village,flagged,Shan (East),216416,Lum Kaw,လွမ်းကော်,MMR016319,MMR016319003,village_point_Shan_v96.zip:mmr_shn_pplp2_250k_unodc_mimu.shp,777,township_geom_missing,township_geom_missing,99.63024139,21.88822937
village,flagged,Shan (East),216417,Mong Tway,မိုင်းတွေး,MMR016319,MMR016319003,village_point_Shan_v96.zip:mmr_shn_pplp2_250k_unodc_mimu.shp,778,township_geom_missing,township_geom_missing,99.62927246,21.87811089
village,flagged,Shan (East),216418,Wan Li (Buddhist),ဝမ်လီ  (ဗုဒ္ဓဘာသာ),MMR016319,MMR016319003,village_point_Shan_v96.zip:mmr_shn_pplp2_250k_unodc_mimu.shp,779,township_geom_missing,township_geom_missing,99.63595175,21.89124775
village,flagged,Shan (East),216419,Wan Li (Christian),ဝမ်လီ (ခရစ်ယာန်),MMR016319,MMR016319003,village_point_Shan_v96.zip:mmr_shn_pplp2_250k_unodc_mimu.shp,780,township_geom_missing,township_geom_missing,99.64327954,21.88855484
village,flagged,Shan (East),216420,Way Pang,ဝေပန်,MMR016319,MMR016319003,village_point_Shan_v96.zip:mmr_shn_pplp2_250k_unodc_mimu.shp,781,township_geom_missing,township_geom_missing,99.60861969,21.85639954
village,flagged,Shan (East),216421,Yang Mai,ယန်းမိုင်,MMR016319,MMR016319003,village_point_Shan_v96.zip:mmr_shn_pplp2_250k_unodc_mimu.shp,782,township_geom_missing,township_geom_missing,99.62339783,21.90825081
village,flagged,Shan (East),216422,Ho Po,ဟိုပို,MMR016319,MMR016319004,village_point_Shan_v96.zip:mmr_shn_pplp2_250k_unodc_mimu.shp,783,township_geom_missing,township_geom_missing,99.64112854,22.06353951
village,flagged,Shan (East),216423,Kaw Ni Gyei,ကော်နီဂျယ်,MMR016319,MMR016319004,village_point_Shan_v96.zip:mmr_shn_pplp2_250k_unodc_mimu.shp,784,township_geom_missing,township_geom_missing,99.66313934,22.04682922
village,flagged,Shan (East),216424,Mar Mun Kyei,မားမွန်ကျယ်,MMR016319,MMR016319004,village_point_Shan_v96.zip:mmr_shn_pplp2_250k_unodc_mimu.shp,785,township_geom_missing,township_geom_missing,99.66728973,22.05970955
village,flagged,Shan (East),216425,Pang Hkoke (Lower),ပန်ခုတ် (အောက်),MMR016319,MMR016319004,village_point_Shan_v96.zip:mmr_shn_pplp2_250k_unodc_mimu.shp,786,township_geom_missing,township_geom_missing,99.65312195,22.05895042
village,flagged,Shan (East),216426,Pang Hkoke (Upper),ပန်ခုတ်  (ထက်),MMR016319,MMR016319004,village_point_Shan_v96.zip:mmr_shn_pplp2_250k_unodc_mimu.shp,787,township_geom_missing,township_geom_missing,99.65203857,22.06078911
village,flagged,Shan (East),216430,Par Hsan Kya (Haung),ပါဆံကျ  (ဟောင်း),MMR016319,MMR016319004,village_point_Shan_v96.zip:mmr_shn_pplp2_250k_unodc_mimu.shp,788,township_geom_missing,township_geom_missing,99.69121904,22.06755884
village,flagged,Shan (East),216429,Par Hsan Kya (New),ပါဆံကျ  (သစ်),MMR016319,MMR016319004,village_point_Shan_v96.zip:mmr_shn_pplp2_250k_unodc_mimu.shp,789,township_geom_missing,township_geom_missing,99.65744781,22.06185913
village,flagged,Shan (East),216427,Par Mai Hkawng (Lower),ပါမိုင်ခေါင် (အောက်),MMR016319,MMR016319004,village_point_Shan_v96.zip:mmr_shn_pplp2_250k_unodc_mimu.shp,790,township_geom_missing,township_geom_missing,99.65969086,22.08007050
village,flagged,Shan (East),216428,Par Mai Hkawng (Upper),ပါမိုင်ခေါင် (ထက်),MMR016319,MMR016319004,village_point_Shan_v96.zip:mmr_shn_pplp2_250k_unodc_mimu.shp,791,township_geom_missing,township_geom_missing,99.65917206,22.08394051
village,flagged,Shan (East),216431,Har Su,ဟားစူ,MMR016319,MMR016319005,village_point_Shan_v96.zip:mmr_shn_pplp2_250k_unodc_mimu.shp,792,township_geom_missing,township_geom_missing,99.58933258,22.04063034
village,flagged,Shan (East),216432,Hpa Waing (Ah Kar),ဖဝိုင်း  (အခါ),MMR016319,MMR016319005,village_point_Shan_v96.zip:mmr_shn_pplp2_250k_unodc_mimu.shp,793,township_geom_missing,township_geom_missing,99.59735870,22.01124001
village,flagged,Shan (East),216433,Hpa Waing (Lar Hu),ဖဝိုင်း  (လားဟူ),MMR016319,MMR016319005,village_point_Shan_v96.zip:mmr_shn_pplp2_250k_unodc_mimu.shp,794,township_geom_missing,township_geom_missing,99.59883118,22.03132057
village,flagged,Shan (East),216434,Ka Se (Kan Sang),ကစဲ (ကန်ဆန်း),MMR016319,MMR016319005,village_point_Shan_v96.zip:mmr_shn_pplp2_250k_unodc_mimu.shp,795,township_geom_missing,township_geom_missing,99.62008667,22.02223969
village,flagged,Shan (East),216436,Law Mai,လောမိုင်,MMR016319,MMR016319005,village_point_Shan_v96.zip:mmr_shn_pplp2_250k_unodc_mimu.shp,796,township_geom_missing,township_geom_missing,99.64137268,22.02561951
village,flagged,Shan (East),216439,Law Maw (Haung),လောမော်  (ဟောင်း),MMR016319,MMR016319005,village_point_Shan_v96.zip:mmr_shn_pplp2_250k_unodc_mimu.shp,797,township_geom_missing,township_geom_missing,99.61387634,22.03476906
village,flagged,Shan (East),216438,Law Maw (New),လောမော် (သစ်),MMR016319,MMR016319005,village_point_Shan_v96.zip:mmr_shn_pplp2_250k_unodc_mimu.shp,798,township_geom_missing,township_geom_missing,99.61557770,22.03189087
village,flagged,Shan (East),216442,Maw Ku (Haung),မော်ကူ (ဟောင်း),MMR016319,MMR016319005,village_point_Shan_v96.zip:mmr_shn_pplp2_250k_unodc_mimu.shp,799,township_geom_missing,township_geom_missing,99.62487793,22.06291962
village,flagged,Shan (East),216441,Maw Ku (New),မော်ကူ  (သစ်),MMR016319,MMR016319005,village_point_Shan_v96.zip:mmr_shn_pplp2_250k_unodc_mimu.shp,800,township_geom_missing,township_geom_missing,99.62870026,22.06384087
village,flagged,Shan (East),216443,Maw Ku (Wa),မော်ကူ (ဝ),MMR016319,MMR016319005,village_point_Shan_v96.zip:mmr_shn_pplp2_250k_unodc_mimu.shp,801,township_geom_missing,township_geom_missing,99.62689972,22.06237030
village,flagged,Shan (East),216445,Shea Kyan (Lower),ရှဲကျန်  (အောက်),MMR016319,MMR016319005,village_point_Shan_v96.zip:mmr_shn_pplp2_250k_unodc_mimu.shp,802,township_geom_missing,township_geom_missing,99.61554718,22.04207039
village,flagged,Shan (East),216446,Shea Kyan (Upper),ရှဲကျန်  (ထက်),MMR016319,MMR016319005,village_point_Shan_v96.zip:mmr_shn_pplp2_250k_unodc_mimu.shp,803,township_geom_missing,township_geom_missing,99.63744354,22.03109932
village,flagged,Shan (East),216447,Ton Nga,တုံင,MMR016319,MMR016319005,village_point_Shan_v96.zip:mmr_shn_pplp2_250k_unodc_mimu.shp,804,township_geom_missing,township_geom_missing,99.57456207,22.01859093
village,flagged,Shan (East),216448,Hway Jar (New),ဟွေဂျား (သစ်),MMR016319,MMR016319006,village_point_Shan_v96.zip:mmr_shn_pplp2_250k_unodc_mimu.shp,805,township_geom_missing,township_geom_missing,99.56156921,22.05751991
village,flagged,Shan (East),216449,Hway Jar (Old),ဟွေဂျား,MMR016319,MMR016319006,village_point_Shan_v96.zip:mmr_shn_pplp2_250k_unodc_mimu.shp,806,township_geom_missing,township_geom_missing,99.57879639,22.06147957
village,flagged,Shan (East),216450,Kyan Sang (Lower),ကျန်စန်း (အောက်),MMR016319,MMR016319006,village_point_Shan_v96.zip:mmr_shn_pplp2_250k_unodc_mimu.shp,807,township_geom_missing,township_geom_missing,99.63253784,22.08667946
village,flagged,Shan (East),216451,Kyan Sang (Upper),ကျန်စန်း (ထက်),MMR016319,MMR016319006,village_point_Shan_v96.zip:mmr_shn_pplp2_250k_unodc_mimu.shp,808,township_geom_missing,township_geom_missing,99.63391113,22.08518028
village,flagged,Shan (East),216452,Mong Nun (Lar Hu),မိုင်းနွန်း  (လားဟူ),MMR016319,MMR016319006,village_point_Shan_v96.zip:mmr_shn_pplp2_250k_unodc_mimu.shp,809,township_geom_missing,township_geom_missing,99.57514191,22.05031967
village,flagged,Shan (East),216453,Mong Nun (New),မိုင်းနွန်း (သစ်),MMR016319,MMR016319006,village_point_Shan_v96.zip:mmr_shn_pplp2_250k_unodc_mimu.shp,810,township_geom_missing,township_geom_missing,99.56536865,22.04496956
village,flagged,Shan (East),216455,Nam Pu,နမ်ပူ,MMR016319,MMR016319006,village_point_Shan_v96.zip:mmr_shn_pplp2_250k_unodc_mimu.shp,811,township_geom_missing,township_geom_missing,99.64660645,22.09630966
village,flagged,Shan (East),216456,Nar Ae,နာအဲ,MMR016319,MMR016319006,village_point_Shan_v96.zip:mmr_shn_pplp2_250k_unodc_mimu.shp,812,township_geom_missing,township_geom_missing,99.56185913,22.03169060
village,flagged,Shan (East),216457,Ton Long (Christian),တုံလုံ (ခရစ်ယာန်),MMR016319,MMR016319006,village_point_Shan_v96.zip:mmr_shn_pplp2_250k_unodc_mimu.shp,813,township_geom_missing,township_geom_missing,99.59413147,22.08897972
village,flagged,Shan (East),216460,Ton Long (Haung),တုံလုံ (ဟောင်း),MMR016319,MMR016319006,village_point_Shan_v96.zip:mmr_shn_pplp2_250k_unodc_mimu.shp,814,township_geom_missing,township_geom_missing,99.60193634,22.08420944
village,flagged,Shan (East),216458,Ton Long (Lower),တုံလုံ (အောက်),MMR016319,MMR016319006,village_point_Shan_v96.zip:mmr_shn_pplp2_250k_unodc_mimu.shp,815,township_geom_missing,township_geom_missing,99.59442902,22.08303070
village,flagged,Shan (East),216459,Ton Long (New),တုံလုံ (သစ်),MMR016319,MMR016319006,village_point_Shan_v96.zip:mmr_shn_pplp2_250k_unodc_mimu.shp,816,township_geom_missing,township_geom_missing,99.59883881,22.09407043
village,flagged,Shan (East),216461,Ton Taw,တုံတော်,MMR016319,MMR016319006,village_point_Shan_v96.zip:mmr_shn_pplp2_250k_unodc_mimu.shp,817,township_geom_missing,township_geom_missing,99.58318329,22.05286980
village,flagged,Shan (East),216319,Hway Lawng,ဟွေလောင်း,MMR016322,MMR016322003,village_point_Shan_v96.zip:mmr_shn_pplp2_250k_unodc_mimu.shp,818,township_geom_missing,township_geom_missing,99.57023621,21.85861969
village,flagged,Shan (East),216320,Pang Hai,ပန်ဟိုင်း,MMR016322,MMR016322003,village_point_Shan_v96.zip:mmr_shn_pplp2_250k_unodc_mimu.shp,819,township_geom_missing,township_geom_missing,99.55429840,21.84159088
village,flagged,Shan (East),216323,Pang Hpyar (Haung),ပန်ဖျား (ဟောင်း),MMR016322,MMR016322003,village_point_Shan_v96.zip:mmr_shn_pplp2_250k_unodc_mimu.shp,820,township_geom_missing,township_geom_missing,99.55673981,21.88822937
village,flagged,Shan (East),216321,Pang Hpyar (Lower),ပန်ဖျား (အောက်),MMR016322,MMR016322003,village_point_Shan_v96.zip:mmr_shn_pplp2_250k_unodc_mimu.shp,821,township_geom_missing,township_geom_missing,99.55493927,21.87949944
village,flagged,Shan (East),216325,Ton Kyein Hkam,တုံကျိမ်ခမ်း,MMR016322,MMR016322003,village_point_Shan_v96.zip:mmr_shn_pplp2_250k_unodc_mimu.shp,822,township_geom_missing,township_geom_missing,99.52868652,21.88301086
village,flagged,Shan (East),216324,Ton Lel,တုံလယ်,MMR016322,MMR016322003,village_point_Shan_v96.zip:mmr_shn_pplp2_250k_unodc_mimu.shp,823,township_geom_missing,township_geom_missing,99.48436737,21.91496086
village,flagged,Shan (East),216326,Wan Kan,ဝမ်ကန်,MMR016322,MMR016322003,village_point_Shan_v96.zip:mmr_shn_pplp2_250k_unodc_mimu.shp,824,township_geom_missing,township_geom_missing,99.49169159,21.87011909
village,flagged,Shan (East),216327,Wan Mar Kaw,ဝမ်မာကော်,MMR016322,MMR016322003,village_point_Shan_v96.zip:mmr_shn_pplp2_250k_unodc_mimu.shp,825,township_geom_missing,township_geom_missing,99.50981140,21.86462021
village,flagged,Shan (East),216300,Ngawt Ho,ငေါ့ဟို,MMR016322,MMR016322001,village_point_Shan_v96.zip:mmr_shn_pplp2_250k_unodc_mimu.shp,826,township_geom_missing,township_geom_missing,99.43122101,21.88298988
village,flagged,Shan (East),216301,Wan Hkum,ဝမ်ခွမ့်,MMR016322,MMR016322001,village_point_Shan_v96.zip:mmr_shn_pplp2_250k_unodc_mimu.shp,827,township_geom_missing,township_geom_missing,99.42796326,21.85639954
village,flagged,Shan (East),216302,Wan Hway,ဝမ်ဟွေ,MMR016322,MMR016322001,village_point_Shan_v96.zip:mmr_shn_pplp2_250k_unodc_mimu.shp,828,township_geom_missing,township_geom_missing,99.41783905,21.87203026
village,flagged,Shan (East),216303,Wein Sun,ဝိန်းစွန်,MMR016322,MMR016322001,village_point_Shan_v96.zip:mmr_shn_pplp2_250k_unodc_mimu.shp,829,township_geom_missing,township_geom_missing,99.44631195,21.85598946
village,flagged,Shan (East),216304,Yang Kawng,ယန်းကောင်,MMR016322,MMR016322001,village_point_Shan_v96.zip:mmr_shn_pplp2_250k_unodc_mimu.shp,830,township_geom_missing,township_geom_missing,99.42166138,21.84647942
village,flagged,Shan (East),216314,Pa Lawng War Lo,ပလောင်ဝါလို,MMR016322,MMR016322002,village_point_Shan_v96.zip:mmr_shn_pplp2_250k_unodc_mimu.shp,831,township_geom_missing,township_geom_missing,99.41831970,21.91484070
village,flagged,Shan (East),216313,Par Hket,ပါခက်,MMR016322,MMR016322002,village_point_Shan_v96.zip:mmr_shn_pplp2_250k_unodc_mimu.shp,832,township_geom_missing,township_geom_missing,99.38960266,21.87685966
village,flagged,Shan (East),216316,Par Nauk (Upper),ပါနောက် (ထက်),MMR016322,MMR016322002,village_point_Shan_v96.zip:mmr_shn_pplp2_250k_unodc_mimu.shp,833,township_geom_missing,township_geom_missing,99.39488220,21.88471031
village,flagged,Shan (East),216318,Wan Keng,ဝမ်ကျိုင်း,MMR016322,MMR016322002,village_point_Shan_v96.zip:mmr_shn_pplp2_250k_unodc_mimu.shp,834,township_geom_missing,township_geom_missing,99.36341858,21.88434029
village,flagged,Shan (East),216174,Ahr Hun Day,အာဟွန်းဒေ,MMR016321,MMR016321001,village_point_Shan_v96.zip:mmr_shn_pplp2_250k_unodc_mimu.shp,835,township_geom_missing,township_geom_missing,99.34744263,22.04763985
village,flagged,Shan (East),216175,Hku Law,ခူလော,MMR016321,MMR016321001,village_point_Shan_v96.zip:mmr_shn_pplp2_250k_unodc_mimu.shp,836,township_geom_missing,township_geom_missing,99.34300232,22.01980019
village,flagged,Shan (East),216177,Ke Ka Lar,ကဲကလား,MMR016321,MMR016321001,village_point_Shan_v96.zip:mmr_shn_pplp2_250k_unodc_mimu.shp,837,township_geom_missing,township_geom_missing,99.32273102,22.02371979
village,flagged,Shan (East),216178,Ke Ka Lar (New),ကဲကလား (သစ်),MMR016321,MMR016321001,village_point_Shan_v96.zip:mmr_shn_pplp2_250k_unodc_mimu.shp,838,township_geom_missing,township_geom_missing,99.22952271,22.07472992
village,flagged,Shan (East),216179,Kya Taw,ကျတော်,MMR016321,MMR016321001,village_point_Shan_v96.zip:mmr_shn_pplp2_250k_unodc_mimu.shp,839,township_geom_missing,township_geom_missing,99.32517242,22.00922966
village,flagged,Shan (East),216181,Ma Hin Kawng (Upper),မဟင်ကောင် (ထက်),MMR016321,MMR016321001,village_point_Shan_v96.zip:mmr_shn_pplp2_250k_unodc_mimu.shp,840,township_geom_missing,township_geom_missing,99.30538940,22.07957077
village,flagged,Shan (East),216182,Ma Hin Kawng(New),မဟင်ကောင် (သစ်),MMR016321,MMR016321001,village_point_Shan_v96.zip:mmr_shn_pplp2_250k_unodc_mimu.shp,841,township_geom_missing,township_geom_missing,99.30570984,22.08423042
village,flagged,Shan (East),216183,Ma Hin Kyan (Lower),မဟင်ကျန် (အောက်),MMR016321,MMR016321001,village_point_Shan_v96.zip:mmr_shn_pplp2_250k_unodc_mimu.shp,842,township_geom_missing,township_geom_missing,99.37185669,22.00169945
village,flagged,Shan (East),216189,Mong Pawk (Lower),မိုင်းပေါက် (အောက်),MMR016321,MMR016321001,village_point_Shan_v96.zip:mmr_shn_pplp2_250k_unodc_mimu.shp,843,township_geom_missing,township_geom_missing,99.32334137,22.01762009
village,flagged,Shan (East),216191,Mong Pawk (New),မိုးပေါက်သစ်,MMR016321,MMR016321001,village_point_Shan_v96.zip:mmr_shn_pplp2_250k_unodc_mimu.shp,844,township_geom_missing,township_geom_missing,99.32028961,22.02071953
village,flagged,Shan (East),216193,Mong Pawk (Upper),မိုင်းပေါက် (ထက်),MMR016321,MMR016321001,village_point_Shan_v96.zip:mmr_shn_pplp2_250k_unodc_mimu.shp,845,township_geom_missing,township_geom_missing,99.32363129,22.02264977
village,flagged,Shan (East),216195,Nam Kwee (Lower),နမ့်ကွီး (အောက်),MMR016321,MMR016321001,village_point_Shan_v96.zip:mmr_shn_pplp2_250k_unodc_mimu.shp,846,township_geom_missing,township_geom_missing,99.34918976,21.99636078
village,flagged,Shan (East),216197,Nam Kwee (Upper),နမ့်ကွီး (ထက်),MMR016321,MMR016321001,village_point_Shan_v96.zip:mmr_shn_pplp2_250k_unodc_mimu.shp,847,township_geom_missing,township_geom_missing,99.34699249,21.98928070
village,flagged,Shan (East),216199,Nam Ta,နမ်တ,MMR016321,MMR016321001,village_point_Shan_v96.zip:mmr_shn_pplp2_250k_unodc_mimu.shp,848,township_geom_missing,township_geom_missing,99.20906830,22.06294060
village,flagged,Shan (East),216201,Nam Wan,နမ်ဝမ်,MMR016321,MMR016321001,village_point_Shan_v96.zip:mmr_shn_pplp2_250k_unodc_mimu.shp,849,township_geom_missing,township_geom_missing,99.31575775,22.06422043
village,flagged,Shan (East),216184,Nam Yat,နမ်ယတ်,MMR016321,MMR016321001,village_point_Shan_v96.zip:mmr_shn_pplp2_250k_unodc_mimu.shp,850,township_geom_missing,township_geom_missing,99.25652313,22.05964088
village,flagged,Shan (East),216186,Nam Yawng,နမ့်ယောင်း,MMR016321,MMR016321001,village_point_Shan_v96.zip:mmr_shn_pplp2_250k_unodc_mimu.shp,851,township_geom_missing,township_geom_missing,99.35619354,22.05172920
village,flagged,Shan (East),216192,Pang Hai (Lar Hu),ပန်ဟိုင်း (လားဟူ),MMR016321,MMR016321001,village_point_Shan_v96.zip:mmr_shn_pplp2_250k_unodc_mimu.shp,852,township_geom_missing,township_geom_missing,99.22811890,22.07678032
village,flagged,Shan (East),216196,Pang Hai (Wa),ပန်ဟိုင်း (ဝ),MMR016321,MMR016321001,village_point_Shan_v96.zip:mmr_shn_pplp2_250k_unodc_mimu.shp,853,township_geom_missing,township_geom_missing,99.21254730,22.07445908
village,flagged,Shan (East),216198,Paw Kwee,ပေါ်ကွီး,MMR016321,MMR016321001,village_point_Shan_v96.zip:mmr_shn_pplp2_250k_unodc_mimu.shp,854,township_geom_missing,township_geom_missing,99.33381653,22.01531982
village,flagged,Shan (East),216200,Pway Pway,ပွေပွေ,MMR016321,MMR016321001,village_point_Shan_v96.zip:mmr_shn_pplp2_250k_unodc_mimu.shp,855,township_geom_missing,township_geom_missing,99.31897736,22.08633041
village,flagged,Shan (East),216202,Ton Hai,တုံဟိုင်း,MMR016321,MMR016321001,village_point_Shan_v96.zip:mmr_shn_pplp2_250k_unodc_mimu.shp,856,township_geom_missing,township_geom_missing,99.30451202,22.07173920
village,flagged,Shan (East),216203,Ton Long,တုံလုံ,MMR016321,MMR016321001,village_point_Shan_v96.zip:mmr_shn_pplp2_250k_unodc_mimu.shp,857,township_geom_missing,township_geom_missing,99.34238692,22.09785670
village,flagged,Shan (East),216204,Wan Kawng (2),ဝမ်ကောင် (၂),MMR016321,MMR016321001,village_point_Shan_v96.zip:mmr_shn_pplp2_250k_unodc_mimu.shp,858,township_geom_missing,township_geom_missing,99.29112959,22.10877466
village,flagged,Shan (East),216206,Ka Pa Law Nyi (Haung),ကပလောညီ (ဟောင်း),MMR016321,MMR016321002,village_point_Shan_v96.zip:mmr_shn_pplp2_250k_unodc_mimu.shp,859,township_geom_missing,township_geom_missing,99.35417938,21.91818047
village,flagged,Shan (East),216205,Ka Pa Law Nyi (New),ကပလောညီ (သစ်),MMR016321,MMR016321002,village_point_Shan_v96.zip:mmr_shn_pplp2_250k_unodc_mimu.shp,860,township_geom_missing,township_geom_missing,99.35643768,21.91987991
village,flagged,Shan (East),216207,Kei Hkam Shen (Lower),ကယ်ခမ်းရှဲန်း (အောက်),MMR016321,MMR016321002,village_point_Shan_v96.zip:mmr_shn_pplp2_250k_unodc_mimu.shp,861,township_geom_missing,township_geom_missing,99.35930634,21.95569992
village,flagged,Shan (East),216209,Kei Par,ကယ်ပါ,MMR016321,MMR016321002,village_point_Shan_v96.zip:mmr_shn_pplp2_250k_unodc_mimu.shp,862,township_geom_missing,township_geom_missing,99.37423706,21.95929909
village,flagged,Shan (East),216210,Ma Naw Day (Haung),မနောဒေ (ဟောင်း),MMR016321,MMR016321002,village_point_Shan_v96.zip:mmr_shn_pplp2_250k_unodc_mimu.shp,863,township_geom_missing,township_geom_missing,99.43792725,21.94046021
village,flagged,Shan (East),216212,Mong Kaw,မိုင်းကော်,MMR016321,MMR016321002,village_point_Shan_v96.zip:mmr_shn_pplp2_250k_unodc_mimu.shp,864,township_geom_missing,township_geom_missing,99.39746094,21.99905968
village,flagged,Shan (East),216213,Mun Hkan Mun (Lower),မွန်ခန်းမွန်း (အောက်),MMR016321,MMR016321002,village_point_Shan_v96.zip:mmr_shn_pplp2_250k_unodc_mimu.shp,865,township_geom_missing,township_geom_missing,99.41266632,21.96598053
village,flagged,Shan (East),216214,Mun Hkan Mun (Upper),မွန်ခန်းမွန်း (ထက်),MMR016321,MMR016321002,village_point_Shan_v96.zip:mmr_shn_pplp2_250k_unodc_mimu.shp,866,township_geom_missing,township_geom_missing,99.40637207,21.96869087
village,flagged,Shan (East),216216,Nam Kar Long (Haung),နမ်ကာလုံ (ဟောင်း),MMR016321,MMR016321002,village_point_Shan_v96.zip:mmr_shn_pplp2_250k_unodc_mimu.shp,867,township_geom_missing,township_geom_missing,99.35484314,21.90777016
village,flagged,Shan (East),216215,Nam Kar Long (New),နမ်ကာလုံ (သစ်),MMR016321,MMR016321002,village_point_Shan_v96.zip:mmr_shn_pplp2_250k_unodc_mimu.shp,868,township_geom_missing,township_geom_missing,99.33908081,21.91901970
village,flagged,Shan (East),216217,Nan Kar Noi (New),နမ်ကာနွိုင်း (သစ်),MMR016321,MMR016321002,village_point_Shan_v96.zip:mmr_shn_pplp2_250k_unodc_mimu.shp,869,township_geom_missing,township_geom_missing,99.34504700,21.91176033
village,flagged,Shan (East),216220,Nar Hsu (New),နာဆူး (သစ်),MMR016321,MMR016321002,village_point_Shan_v96.zip:mmr_shn_pplp2_250k_unodc_mimu.shp,870,township_geom_missing,township_geom_missing,99.39745331,21.95649910
village,flagged,Shan (East),216221,Shea Wi (New),ရှဲဝီး (သစ်),MMR016321,MMR016321002,village_point_Shan_v96.zip:mmr_shn_pplp2_250k_unodc_mimu.shp,871,township_geom_missing,township_geom_missing,99.36196136,21.91184044
village,flagged,Shan (East),216223,Ton Gyi (Lower),တုံဂျီး (အောက်),MMR016321,MMR016321002,village_point_Shan_v96.zip:mmr_shn_pplp2_250k_unodc_mimu.shp,872,township_geom_missing,township_geom_missing,99.36985016,21.97841072
village,flagged,Shan (East),216224,Ton Gyi (Upper),တုံဂျီး (ထက်),MMR016321,MMR016321002,village_point_Shan_v96.zip:mmr_shn_pplp2_250k_unodc_mimu.shp,873,township_geom_missing,township_geom_missing,99.37288666,21.98225021
village,flagged,Shan (East),216225,Wein Sang (Lower),ဝိန်းဆန်း (အောက်),MMR016321,MMR016321002,village_point_Shan_v96.zip:mmr_shn_pplp2_250k_unodc_mimu.shp,874,township_geom_missing,township_geom_missing,99.40808868,21.99435043
village,flagged,Shan (East),216226,Wein Sang (Upper),ဝိန်းဆန်း (ထက်),MMR016321,MMR016321002,village_point_Shan_v96.zip:mmr_shn_pplp2_250k_unodc_mimu.shp,875,township_geom_missing,township_geom_missing,99.40376282,21.99074936
village,flagged,Shan (East),216230,Ah Hkee Day,အခီးဒေ,MMR016321,MMR016321003,village_point_Shan_v96.zip:mmr_shn_pplp2_250k_unodc_mimu.shp,876,township_geom_missing,township_geom_missing,99.25771332,21.96888924
village,flagged,Shan (East),216231,Ahr Hpu Day,အာဖူးဒေ,MMR016321,MMR016321003,village_point_Shan_v96.zip:mmr_shn_pplp2_250k_unodc_mimu.shp,877,township_geom_missing,township_geom_missing,99.26512909,21.94321060
village,flagged,Shan (East),216227,Au Hpu Day,အူးဖူးဒေ,MMR016321,MMR016321003,village_point_Shan_v96.zip:mmr_shn_pplp2_250k_unodc_mimu.shp,878,township_geom_missing,township_geom_missing,99.27133179,21.94964027
village,flagged,Shan (East),216228,Chi Na Day,ချီနဒေ,MMR016321,MMR016321003,village_point_Shan_v96.zip:mmr_shn_pplp2_250k_unodc_mimu.shp,879,township_geom_missing,township_geom_missing,99.25457001,21.96339035
village,flagged,Shan (East),216229,Har Ko,ဟားကို,MMR016321,MMR016321003,village_point_Shan_v96.zip:mmr_shn_pplp2_250k_unodc_mimu.shp,880,township_geom_missing,township_geom_missing,99.26921844,21.96286964
village,flagged,Shan (East),216232,Ho Pi Par,ဟိုပိပါ,MMR016321,MMR016321003,village_point_Shan_v96.zip:mmr_shn_pplp2_250k_unodc_mimu.shp,881,township_geom_missing,township_geom_missing,99.26925659,21.93206024
village,flagged,Shan (East),216233,Hpaw Long,ဖေါလုံ,MMR016321,MMR016321003,village_point_Shan_v96.zip:mmr_shn_pplp2_250k_unodc_mimu.shp,882,township_geom_missing,township_geom_missing,99.30182648,21.90761948
village,flagged,Shan (East),216235,Kaw Law Su (Haung),ကောလောဆု (ဟောင်း),MMR016321,MMR016321003,village_point_Shan_v96.zip:mmr_shn_pplp2_250k_unodc_mimu.shp,883,township_geom_missing,township_geom_missing,99.24239349,21.98679924
village,flagged,Shan (East),216234,Kaw Law Su (New),ကောလောဆု (သစ်),MMR016321,MMR016321003,village_point_Shan_v96.zip:mmr_shn_pplp2_250k_unodc_mimu.shp,884,township_geom_missing,township_geom_missing,99.24748993,21.98678017
village,flagged,Shan (East),216236,Le Po,လဲပို,MMR016321,MMR016321003,village_point_Shan_v96.zip:mmr_shn_pplp2_250k_unodc_mimu.shp,885,township_geom_missing,township_geom_missing,99.21740723,21.99715042
village,flagged,Shan (East),216237,Nam Hsaw Kan,နမ်ဆောကန်,MMR016321,MMR016321003,village_point_Shan_v96.zip:mmr_shn_pplp2_250k_unodc_mimu.shp,886,township_geom_missing,township_geom_missing,99.30705261,21.90279007
village,flagged,Shan (East),216238,Nam Mawng Tai,နမ့်မောင်းတိုင်,MMR016321,MMR016321003,village_point_Shan_v96.zip:mmr_shn_pplp2_250k_unodc_mimu.shp,887,township_geom_missing,township_geom_missing,99.22949219,21.96607018
village,flagged,Shan (East),216239,Nan Hsaw Nu (New),နမ်ဆောနူ (သစ်),MMR016321,MMR016321003,village_point_Shan_v96.zip:mmr_shn_pplp2_250k_unodc_mimu.shp,888,township_geom_missing,township_geom_missing,99.29093170,21.91441917
village,flagged,Shan (East),216242,Taw Pa (2),တော်ပ (၂),MMR016321,MMR016321003,village_point_Shan_v96.zip:mmr_shn_pplp2_250k_unodc_mimu.shp,889,township_geom_missing,township_geom_missing,99.26535034,21.98207092
village,flagged,Shan (East),216243,Ton Mun,တုံမွန်း,MMR016321,MMR016321003,village_point_Shan_v96.zip:mmr_shn_pplp2_250k_unodc_mimu.shp,890,township_geom_missing,township_geom_missing,99.22223663,21.94574928
village,flagged,Shan (East),216244,Ha Ku Bee,ဟကူဘီး,MMR016321,MMR016321004,village_point_Shan_v96.zip:mmr_shn_pplp2_250k_unodc_mimu.shp,891,township_geom_missing,township_geom_missing,99.40956879,22.05097008
village,flagged,Shan (East),216245,Hkar Kyar Day,ခါကျားဒေ,MMR016321,MMR016321004,village_point_Shan_v96.zip:mmr_shn_pplp2_250k_unodc_mimu.shp,892,township_geom_missing,township_geom_missing,99.43247986,22.06838036
village,flagged,Shan (East),216246,Ho Ahr,ဟိုအာ,MMR016321,MMR016321004,village_point_Shan_v96.zip:mmr_shn_pplp2_250k_unodc_mimu.shp,893,township_geom_missing,township_geom_missing,99.44953156,22.09033966
village,flagged,Shan (East),216247,Ho Ton,ဟိုတုံ,MMR016321,MMR016321004,village_point_Shan_v96.zip:mmr_shn_pplp2_250k_unodc_mimu.shp,894,township_geom_missing,township_geom_missing,99.44774628,22.08900070
village,flagged,Shan (East),216248,Hpa Ku Day,ဖကူးဒေ,MMR016321,MMR016321004,village_point_Shan_v96.zip:mmr_shn_pplp2_250k_unodc_mimu.shp,895,township_geom_missing,township_geom_missing,99.43105316,22.06465912
village,flagged,Shan (East),216249,Hway Long,ဟွေလုံ,MMR016321,MMR016321004,village_point_Shan_v96.zip:mmr_shn_pplp2_250k_unodc_mimu.shp,896,township_geom_missing,township_geom_missing,99.43942261,22.01968002
village,flagged,Shan (East),216250,Lar Hu Si,လာဟူစီ,MMR016321,MMR016321004,village_point_Shan_v96.zip:mmr_shn_pplp2_250k_unodc_mimu.shp,897,township_geom_missing,township_geom_missing,99.42913055,22.04334068
village,flagged,Shan (East),216252,Nam Par Kei (1),နမ်ပါကယ် (၁),MMR016321,MMR016321004,village_point_Shan_v96.zip:mmr_shn_pplp2_250k_unodc_mimu.shp,898,township_geom_missing,township_geom_missing,99.46700287,22.02889061
village,flagged,Shan (East),216253,Naw Shea Hkar,နောရှဲခါး,MMR016321,MMR016321004,village_point_Shan_v96.zip:mmr_shn_pplp2_250k_unodc_mimu.shp,899,township_geom_missing,township_geom_missing,99.42803955,22.04060936
village,flagged,Shan (East),216254,Par Hpe Ko,ပါဖဲကို,MMR016321,MMR016321004,village_point_Shan_v96.zip:mmr_shn_pplp2_250k_unodc_mimu.shp,900,township_geom_missing,township_geom_missing,99.45337677,22.08744049
village,flagged,Shan (East),216255,Par Shan,ပါရှန်,MMR016321,MMR016321004,village_point_Shan_v96.zip:mmr_shn_pplp2_250k_unodc_mimu.shp,901,township_geom_missing,township_geom_missing,99.42842865,22.05647087
village,flagged,Shan (East),216256,Shar Ton Hpa,ရှားတုံဖ,MMR016321,MMR016321004,village_point_Shan_v96.zip:mmr_shn_pplp2_250k_unodc_mimu.shp,902,township_geom_missing,township_geom_missing,99.39946747,22.03199959
village,flagged,Shan (East),216257,Taw Pang (3),တောပန် (၃),MMR016321,MMR016321004,village_point_Shan_v96.zip:mmr_shn_pplp2_250k_unodc_mimu.shp,903,township_geom_missing,township_geom_missing,99.41043854,22.02522087
village,flagged,Shan (East),216258,Ton Hpa,တုံဖ,MMR016321,MMR016321004,village_point_Shan_v96.zip:mmr_shn_pplp2_250k_unodc_mimu.shp,904,township_geom_missing,township_geom_missing,99.42211914,22.03076935
village,flagged,Shan (East),216259,Ton Ka Pu,တောကပူ,MMR016321,MMR016321004,village_point_Shan_v96.zip:mmr_shn_pplp2_250k_unodc_mimu.shp,905,township_geom_missing,township_geom_missing,99.41417694,22.07028008
village,flagged,Shan (East),216261,Ae Kaw,အဲကော,MMR016321,MMR016321005,village_point_Shan_v96.zip:mmr_shn_pplp2_250k_unodc_mimu.shp,906,township_geom_missing,township_geom_missing,99.29589844,21.99988937
village,flagged,Shan (East),216260,Ah Yaw Day,အယောဒေ,MMR016321,MMR016321005,village_point_Shan_v96.zip:mmr_shn_pplp2_250k_unodc_mimu.shp,907,township_geom_missing,township_geom_missing,99.29849243,21.97179031
village,flagged,Shan (East),216262,Ho Ku (Chinese),ဟိုကု (တရုတ်),MMR016321,MMR016321005,village_point_Shan_v96.zip:mmr_shn_pplp2_250k_unodc_mimu.shp,908,township_geom_missing,township_geom_missing,99.30600739,22.01770020
village,flagged,Shan (East),216263,Ho Mun,ဟိုမွန်,MMR016321,MMR016321005,village_point_Shan_v96.zip:mmr_shn_pplp2_250k_unodc_mimu.shp,909,township_geom_missing,township_geom_missing,99.30445099,22.02560997
village,flagged,Shan (East),216264,Kya Li Par,ကျလီပါ,MMR016321,MMR016321005,village_point_Shan_v96.zip:mmr_shn_pplp2_250k_unodc_mimu.shp,910,township_geom_missing,township_geom_missing,99.28317261,22.03270912
village,flagged,Shan (East),216265,Mar Lar Day,မားလာဒေ,MMR016321,MMR016321005,village_point_Shan_v96.zip:mmr_shn_pplp2_250k_unodc_mimu.shp,911,township_geom_missing,township_geom_missing,99.28077698,22.00103951
village,flagged,Shan (East),216267,Na Man Day (New),နမန်းဒေ (သစ်),MMR016321,MMR016321005,village_point_Shan_v96.zip:mmr_shn_pplp2_250k_unodc_mimu.shp,912,township_geom_missing,township_geom_missing,99.31990814,21.98300934
village,flagged,Shan (East),216268,Nam Naw Bar,နမ်နောဘာ,MMR016321,MMR016321005,village_point_Shan_v96.zip:mmr_shn_pplp2_250k_unodc_mimu.shp,913,township_geom_missing,township_geom_missing,99.32906342,21.94226074
village,flagged,Shan (East),216269,Nam Naw Bar Kai,နမ်နောဘာကိုင်,MMR016321,MMR016321005,village_point_Shan_v96.zip:mmr_shn_pplp2_250k_unodc_mimu.shp,914,township_geom_missing,township_geom_missing,99.32749176,21.95115089
village,flagged,Shan (East),216270,Nam Naw Bar Na,နမ်နောဘာန,MMR016321,MMR016321005,village_point_Shan_v96.zip:mmr_shn_pplp2_250k_unodc_mimu.shp,915,township_geom_missing,township_geom_missing,99.32753754,21.96389008
village,flagged,Shan (East),216271,Nam Naw Nu,နမ်နောနူ,MMR016321,MMR016321005,village_point_Shan_v96.zip:mmr_shn_pplp2_250k_unodc_mimu.shp,916,township_geom_missing,township_geom_missing,99.32408142,21.95541954
village,flagged,Shan (East),216273,Nam Tin,နမ်တင်း,MMR016321,MMR016321005,village_point_Shan_v96.zip:mmr_shn_pplp2_250k_unodc_mimu.shp,917,township_geom_missing,township_geom_missing,99.29107666,22.01856041
village,flagged,Shan (East),216274,Nam Tin Law Hkaw,နမ့်တင်းလောခေါ,MMR016321,MMR016321005,village_point_Shan_v96.zip:mmr_shn_pplp2_250k_unodc_mimu.shp,918,township_geom_missing,township_geom_missing,99.26445007,22.02399063
village,flagged,Shan (East),216277,Nawng Hkam (2),နောင်ခမ်း (၂),MMR016321,MMR016321005,village_point_Shan_v96.zip:mmr_shn_pplp2_250k_unodc_mimu.shp,919,township_geom_missing,township_geom_missing,99.30703735,22.01375961
village,flagged,Shan (East),216278,Pang Len (Lower),ပန်လင်း (အောက်),MMR016321,MMR016321005,village_point_Shan_v96.zip:mmr_shn_pplp2_250k_unodc_mimu.shp,920,township_geom_missing,township_geom_missing,99.31880188,21.98871994
village,flagged,Shan (East),216279,Pang Len (New),ပန်လင်း (သစ်),MMR016321,MMR016321005,village_point_Shan_v96.zip:mmr_shn_pplp2_250k_unodc_mimu.shp,921,township_geom_missing,township_geom_missing,99.31088257,21.99548912
village,flagged,Shan (East),216280,Pang Len (Upper),ပန်လင်း (ထက်),MMR016321,MMR016321005,village_point_Shan_v96.zip:mmr_shn_pplp2_250k_unodc_mimu.shp,922,township_geom_missing,township_geom_missing,99.32102203,21.99023056
village,flagged,Shan (East),216281,Par Hpe Ko,ပါဖဲကို,MMR016321,MMR016321005,village_point_Shan_v96.zip:mmr_shn_pplp2_250k_unodc_mimu.shp,923,township_geom_missing,township_geom_missing,99.33056641,21.97464943
village,flagged,Shan (East),216282,Pauk Noi Nu,ပေါက်နွိုင်နူး,MMR016321,MMR016321005,village_point_Shan_v96.zip:mmr_shn_pplp2_250k_unodc_mimu.shp,924,township_geom_missing,township_geom_missing,99.30050659,21.97343063
village,flagged,Shan (East),216283,Taw Pa (1),တော်ပ (၁),MMR016321,MMR016321005,village_point_Shan_v96.zip:mmr_shn_pplp2_250k_unodc_mimu.shp,925,township_geom_missing,township_geom_missing,99.26677704,22.03568077
village,flagged,Shan (East),216284,Wan Kawng,ဝမ်ကောင်,MMR016321,MMR016321005,village_point_Shan_v96.zip:mmr_shn_pplp2_250k_unodc_mimu.shp,926,township_geom_missing,township_geom_missing,99.32848358,21.95368958
village,flagged,Shan (East),216285,Kaw La,ကော်လ,MMR016321,MMR016321006,village_point_Shan_v96.zip:mmr_shn_pplp2_250k_unodc_mimu.shp,927,township_geom_missing,township_geom_missing,99.19940948,22.12126923
village,flagged,Shan (East),216286,Kawng Huong,ကောင်းဟုန်,MMR016321,MMR016321006,village_point_Shan_v96.zip:mmr_shn_pplp2_250k_unodc_mimu.shp,928,township_geom_missing,township_geom_missing,99.13761902,22.14905930
village,flagged,Shan (East),216288,Loi Hkam,လွိုင်ခမ်း,MMR016321,MMR016321006,village_point_Shan_v96.zip:mmr_shn_pplp2_250k_unodc_mimu.shp,929,township_geom_missing,township_geom_missing,99.17627716,22.09597969
village,flagged,Shan (East),216289,Man Aye,မန်အေး,MMR016321,MMR016321006,village_point_Shan_v96.zip:mmr_shn_pplp2_250k_unodc_mimu.shp,930,township_geom_missing,township_geom_missing,99.17986298,22.13907051
village,flagged,Shan (East),216290,Man Hai,မန်ဟိုင်း,MMR016321,MMR016321006,village_point_Shan_v96.zip:mmr_shn_pplp2_250k_unodc_mimu.shp,931,township_geom_missing,township_geom_missing,99.15641022,22.14612961
village,flagged,Shan (East),216292,Nam Hpat,နမ့်ဖတ်,MMR016321,MMR016321006,village_point_Shan_v96.zip:mmr_shn_pplp2_250k_unodc_mimu.shp,932,township_geom_missing,township_geom_missing,99.26026917,22.08992004
village,flagged,Shan (East),216291,Nam Kway,နမ်ကွေး,MMR016321,MMR016321006,village_point_Shan_v96.zip:mmr_shn_pplp2_250k_unodc_mimu.shp,933,township_geom_missing,township_geom_missing,99.25337982,22.10778999
village,flagged,Shan (East),216293,Pang Hpawng (Lower),ပန်ဖေါင်း (အောက်),MMR016321,MMR016321006,village_point_Shan_v96.zip:mmr_shn_pplp2_250k_unodc_mimu.shp,934,township_geom_missing,township_geom_missing,99.16708374,22.11639977
village,flagged,Shan (East),216294,Pang Hpawng (Upper),ပန်ဖေါင်း (ထက်),MMR016321,MMR016321006,village_point_Shan_v96.zip:mmr_shn_pplp2_250k_unodc_mimu.shp,935,township_geom_missing,township_geom_missing,99.17018127,22.11673927
village,flagged,Shan (East),216295,Pang Kan,ပန်ကန်း,MMR016321,MMR016321006,village_point_Shan_v96.zip:mmr_shn_pplp2_250k_unodc_mimu.shp,936,township_geom_missing,township_geom_missing,99.23674011,22.09597015
village,flagged,Shan (East),216297,Tar Long,တာလုံ,MMR016321,MMR016321006,village_point_Shan_v96.zip:mmr_shn_pplp2_250k_unodc_mimu.shp,937,township_geom_missing,township_geom_missing,99.15917206,22.15016937
village,flagged,Shan (East),216298,Yawng Hat,ယောင်ဟတ်,MMR016321,MMR016321006,village_point_Shan_v96.zip:mmr_shn_pplp2_250k_unodc_mimu.shp,938,township_geom_missing,township_geom_missing,99.19363336,22.13221201
village,flagged,Shan (East),221454,Ho Kar Par Nauk,ဟိုကာပါနောက်,MMR016002,MMR016002003,village_point_Shan_v96.zip:mmr_shn_pplp2_250k_unodc_mimu.shp,1299,outside_source_township,outside_source_township,99.37162020,21.95794540
village,flagged,Shan (East),222141,24 Maing,၂၄ မိုင်,MMR016005,MMR016005002,village_point_Shan_v96.zip:mmr_shn_pplp2_250k_unodc_mimu.shp,1421,outside_source_township,outside_source_township,99.56318470,21.55459110
village,flagged,Shan (East),213378,24 Maing Ywar,၂၄ မိုင်ရွာ,MMR016005,MMR016005002,village_point_Shan_v96.zip:mmr_shn_pplp2_250k_unodc_mimu.shp,1422,outside_source_township,outside_source_township,99.54964160,21.54939690
village,flagged,Shan (East),213377,26 Maing Ywar,၂၆ မိုင်ရွာ,MMR016005,MMR016005002,village_point_Shan_v96.zip:mmr_shn_pplp2_250k_unodc_mimu.shp,1423,outside_source_township,outside_source_township,99.52937340,21.56109820
village,flagged,Shan (East),213376,27 Maing Ywar,၂၇ မိုင်ရွာ,MMR016005,MMR016005002,village_point_Shan_v96.zip:mmr_shn_pplp2_250k_unodc_mimu.shp,1424,outside_source_township,outside_source_township,99.51761460,21.56884100
village,flagged,Shan (East),222142,28 Maing,၂၈ မိုင်,MMR016005,MMR016005002,village_point_Shan_v96.zip:mmr_shn_pplp2_250k_unodc_mimu.shp,1425,outside_source_township,outside_source_township,99.51317070,21.57965360
village,flagged,Shan (East),213382,Hway Hoke,ဟွေဟုတ်,MMR016005,MMR016005002,village_point_Shan_v96.zip:mmr_shn_pplp2_250k_unodc_mimu.shp,1426,outside_source_township,outside_source_township,99.54340900,21.58919110
village,flagged,Shan (East),213380,Hway Hpar,ဟွေဖာ,MMR016005,MMR016005002,village_point_Shan_v96.zip:mmr_shn_pplp2_250k_unodc_mimu.shp,1427,outside_source_township,outside_source_township,99.55349410,21.57666050
village,flagged,Shan (East),213379,Nam Kar Thit,နမ့်ကာသစ်,MMR016005,MMR016005002,village_point_Shan_v96.zip:mmr_shn_pplp2_250k_unodc_mimu.shp,1428,outside_source_township,outside_source_township,99.55596440,21.53969150
village,flagged,Shan (East),213383,Wa Htam Nu,ဝထမ်းနု,MMR016005,MMR016005002,village_point_Shan_v96.zip:mmr_shn_pplp2_250k_unodc_mimu.shp,1429,outside_source_township,outside_source_township,99.64279250,21.50986680
village,flagged,Shan (East),221692,Hway Lit,ဟွေလစ်,MMR016007,MMR016007008,village_point_Shan_v96.zip:mmr_shn_pplp2_250k_unodc_mimu.shp,1795,outside_source_township,outside_source_township,99.00997780,21.81621380
village,flagged,Shan (East),222158,Wan Hat,ဝန်ဟတ်,MMR016007,MMR016007008,village_point_Shan_v96.zip:mmr_shn_pplp2_250k_unodc_mimu.shp,1799,outside_source_township,outside_source_township,99.02726970,21.76242790
village,flagged,Shan (East),214028,Wan Kha Na (1),ဝမ်ခဏ (၁),MMR016007,MMR016007008,village_point_Shan_v96.zip:mmr_shn_pplp2_250k_unodc_mimu.shp,1800,outside_source_township,outside_source_township,98.97459890,21.70058440
village,flagged,Shan (East),221665,Wun Taw,ဝမ်တော်,MMR016007,MMR016007008,village_point_Shan_v96.zip:mmr_shn_pplp2_250k_unodc_mimu.shp,1803,outside_source_township,outside_source_township,99.00815140,21.77829800
village,flagged,Shan (East),221625,Yawng Sun,ယောင်စွန်,MMR016007,MMR016007008,village_point_Shan_v96.zip:mmr_shn_pplp2_250k_unodc_mimu.shp,1806,outside_source_township,outside_source_township,98.97781050,21.73900940
village,flagged,Shan (East),221626,Yawng Wa,ယောင်ဝ,MMR016007,MMR016007008,village_point_Shan_v96.zip:mmr_shn_pplp2_250k_unodc_mimu.shp,1807,outside_source_township,outside_source_township,99.00611070,21.73339700
village,flagged,Shan (East),212939,Kaw Shea Mai Kawng,ကော်ရှဲမိုင်ကောင်,MMR016003,MMR016003004,village_point_Shan_v96.zip:mmr_shn_pplp2_250k_unodc_mimu.shp,1968,outside_source_township,outside_source_township,99.58555840,21.67031080
village,flagged,Shan (East),216328,Han Ton,ဟန်တုံ,MMR016323,MMR016323001,village_point_Shan_v96.zip:mmr_shn_pplp2_250k_unodc_mimu.shp,2081,township_geom_missing,township_geom_missing,99.11949921,22.06892967
village,flagged,Shan (East),216330,Kawng Hkam,ကောင်းခမ်း,MMR016323,MMR016323001,village_point_Shan_v96.zip:mmr_shn_pplp2_250k_unodc_mimu.shp,2082,township_geom_missing,township_geom_missing,99.13002014,22.10897064
village,flagged,Shan (East),216331,Loi Kywan,လွိုင်ကျွမ်း,MMR016323,MMR016323001,village_point_Shan_v96.zip:mmr_shn_pplp2_250k_unodc_mimu.shp,2083,township_geom_missing,township_geom_missing,99.14575958,22.10837936
village,flagged,Shan (East),216332,Long Nauk,လုံးနောက်,MMR016323,MMR016323001,village_point_Shan_v96.zip:mmr_shn_pplp2_250k_unodc_mimu.shp,2084,township_geom_missing,township_geom_missing,99.13704681,22.11037064
village,flagged,Shan (East),216333,Nawng Tawng,နောင်တောင်း,MMR016323,MMR016323001,village_point_Shan_v96.zip:mmr_shn_pplp2_250k_unodc_mimu.shp,2085,township_geom_missing,township_geom_missing,99.10102844,22.01981926
village,flagged,Shan (East),216334,Pang Kay,ပန်ကေး,MMR016323,MMR016323001,village_point_Shan_v96.zip:mmr_shn_pplp2_250k_unodc_mimu.shp,2086,township_geom_missing,township_geom_missing,99.11794281,22.07076073
village,flagged,Shan (East),216335,Pang Waun,ပန်ဝိုင်,MMR016323,MMR016323001,village_point_Shan_v96.zip:mmr_shn_pplp2_250k_unodc_mimu.shp,2087,township_geom_missing,township_geom_missing,99.13500977,22.05397034
village,flagged,Shan (East),216336,Ton Hpat,တုံဖတ်,MMR016323,MMR016323001,village_point_Shan_v96.zip:mmr_shn_pplp2_250k_unodc_mimu.shp,2088,township_geom_missing,township_geom_missing,99.14604187,22.11912918
village,flagged,Shan (East),216337,Wan Wein,ဝမ်ဝိန်း,MMR016323,MMR016323001,village_point_Shan_v96.zip:mmr_shn_pplp2_250k_unodc_mimu.shp,2089,township_geom_missing,township_geom_missing,99.13224030,22.03113937
village,flagged,Shan (East),216338,Hoke Pong (Upper),ဟုတ်ပုံ (ထက်),MMR016323,MMR016323002,village_point_Shan_v96.zip:mmr_shn_pplp2_250k_unodc_mimu.shp,2090,township_geom_missing,township_geom_missing,99.23268127,22.03804016
village,flagged,Shan (East),216339,Kan Ka (Wa),ကန်က (ဝ),MMR016323,MMR016323002,village_point_Shan_v96.zip:mmr_shn_pplp2_250k_unodc_mimu.shp,2091,township_geom_missing,township_geom_missing,99.06690216,21.96871948
village,flagged,Shan (East),216340,Kawng Par Su,ကောင်းပါဆု,MMR016323,MMR016323002,village_point_Shan_v96.zip:mmr_shn_pplp2_250k_unodc_mimu.shp,2092,township_geom_missing,township_geom_missing,99.18074036,21.99266052
village,flagged,Shan (East),216342,Kawng Peit (Haung),ကောင်းပဲ့ (ဟောင်း),MMR016323,MMR016323002,village_point_Shan_v96.zip:mmr_shn_pplp2_250k_unodc_mimu.shp,2093,township_geom_missing,township_geom_missing,99.21930695,22.02310944
village,flagged,Shan (East),216341,Kawng Peit (New),ကောင်းပဲ့ (သစ်),MMR016323,MMR016323002,village_point_Shan_v96.zip:mmr_shn_pplp2_250k_unodc_mimu.shp,2094,township_geom_missing,township_geom_missing,99.21900177,22.02915001
village,flagged,Shan (East),216343,Kyein Tawng,ကြိမ်းတောင်း,MMR016323,MMR016323002,village_point_Shan_v96.zip:mmr_shn_pplp2_250k_unodc_mimu.shp,2095,township_geom_missing,township_geom_missing,99.03378296,21.99699020
village,flagged,Shan (East),216344,Nam Pa,နမ်ပ,MMR016323,MMR016323002,village_point_Shan_v96.zip:mmr_shn_pplp2_250k_unodc_mimu.shp,2096,township_geom_missing,township_geom_missing,99.18984985,22.00614929
village,flagged,Shan (East),216345,Nam Pong Kan,နမ့်ပုံကန်,MMR016323,MMR016323002,village_point_Shan_v96.zip:mmr_shn_pplp2_250k_unodc_mimu.shp,2097,township_geom_missing,township_geom_missing,99.14129639,21.99464989
village,flagged,Shan (East),216346,Nam Pong Tai,နမ့်ပုံတိုင်,MMR016323,MMR016323002,village_point_Shan_v96.zip:mmr_shn_pplp2_250k_unodc_mimu.shp,2098,township_geom_missing,township_geom_missing,99.12522888,21.99205017
village,flagged,Shan (East),216347,Par Li,ပါလီ,MMR016323,MMR016323002,village_point_Shan_v96.zip:mmr_shn_pplp2_250k_unodc_mimu.shp,2099,township_geom_missing,township_geom_missing,99.20086670,22.02532959
village,flagged,Shan (East),216348,Pin Wun,ပင်ဝန်,MMR016323,MMR016323002,village_point_Shan_v96.zip:mmr_shn_pplp2_250k_unodc_mimu.shp,2100,township_geom_missing,township_geom_missing,99.15206146,21.99085999
village,flagged,Shan (East),216349,Pu Tar Law,ပူတာလော,MMR016323,MMR016323002,village_point_Shan_v96.zip:mmr_shn_pplp2_250k_unodc_mimu.shp,2101,township_geom_missing,township_geom_missing,99.20345306,22.01848030
village,flagged,Shan (East),216350,Wan Hmi,ဝမ်မှီ,MMR016323,MMR016323002,village_point_Shan_v96.zip:mmr_shn_pplp2_250k_unodc_mimu.shp,2102,township_geom_missing,township_geom_missing,99.07366943,22.00056076
village,flagged,Shan (East),216351,Wan Mu,ဝမ်မူ,MMR016323,MMR016323002,village_point_Shan_v96.zip:mmr_shn_pplp2_250k_unodc_mimu.shp,2103,township_geom_missing,township_geom_missing,99.04225159,21.99876976
village,flagged,Shan (East),216352,Yang Hkam,ယန်းခမ်း,MMR016323,MMR016323002,village_point_Shan_v96.zip:mmr_shn_pplp2_250k_unodc_mimu.shp,2104,township_geom_missing,township_geom_missing,99.04274750,22.00090027
village,flagged,Shan (East),216366,Hkar Day,ခါးဒေ,MMR016323,MMR016323005,village_point_Shan_v96.zip:mmr_shn_pplp2_250k_unodc_mimu.shp,2105,township_geom_missing,township_geom_missing,99.30606079,21.84704018
village,flagged,Shan (East),216365,Hkar Kyar Day,ခါကျဒေ,MMR016323,MMR016323005,village_point_Shan_v96.zip:mmr_shn_pplp2_250k_unodc_mimu.shp,2106,township_geom_missing,township_geom_missing,99.21597290,21.84638977
village,flagged,Shan (East),216367,Hway Yoke,ဟွေယုတ်,MMR016323,MMR016323005,village_point_Shan_v96.zip:mmr_shn_pplp2_250k_unodc_mimu.shp,2107,township_geom_missing,township_geom_missing,99.29241943,21.83794022
village,flagged,Shan (East),216368,Hway Yone,ဟွေယုံး,MMR016323,MMR016323005,village_point_Shan_v96.zip:mmr_shn_pplp2_250k_unodc_mimu.shp,2108,township_geom_missing,township_geom_missing,99.21443176,21.89500046
village,flagged,Shan (East),216369,Ke Kaw (Lar Hu),ကဲကော် (လားဟူ),MMR016323,MMR016323005,village_point_Shan_v96.zip:mmr_shn_pplp2_250k_unodc_mimu.shp,2109,township_geom_missing,township_geom_missing,99.18382263,21.83462906
village,flagged,Shan (East),216370,Nam Han,နမ့်ဟန်,MMR016323,MMR016323005,village_point_Shan_v96.zip:mmr_shn_pplp2_250k_unodc_mimu.shp,2110,township_geom_missing,township_geom_missing,99.23394012,21.87751007
village,flagged,Shan (East),216372,Nam Yang Lone,နမ့်ယန်လုံး,MMR016323,MMR016323005,village_point_Shan_v96.zip:mmr_shn_pplp2_250k_unodc_mimu.shp,2111,township_geom_missing,township_geom_missing,99.22956085,21.89492035
village,flagged,Shan (East),216373,Nam Yang Nu,နမ့်ယန်နူ,MMR016323,MMR016323005,village_point_Shan_v96.zip:mmr_shn_pplp2_250k_unodc_mimu.shp,2112,township_geom_missing,township_geom_missing,99.23799133,21.89586067
village,flagged,Shan (East),216374,Nar Kwee,နာကွီး,MMR016323,MMR016323005,village_point_Shan_v96.zip:mmr_shn_pplp2_250k_unodc_mimu.shp,2113,township_geom_missing,township_geom_missing,99.27272034,21.83670044
village,flagged,Shan (East),216376,Par Hkar Long (Haung),ပါခါးလုံ (ဟောင်း),MMR016323,MMR016323005,village_point_Shan_v96.zip:mmr_shn_pplp2_250k_unodc_mimu.shp,2114,township_geom_missing,township_geom_missing,99.25686646,21.86988068
village,flagged,Shan (East),216378,Paw Day,ပေါဒေ,MMR016323,MMR016323005,village_point_Shan_v96.zip:mmr_shn_pplp2_250k_unodc_mimu.shp,2115,township_geom_missing,township_geom_missing,99.25981140,21.89719963
village,flagged,Shan (East),216379,Tone Yawng,တုံးယောင်,MMR016323,MMR016323005,village_point_Shan_v96.zip:mmr_shn_pplp2_250k_unodc_mimu.shp,2116,township_geom_missing,township_geom_missing,99.24384308,21.87191963
village,flagged,Shan (East),216354,Hoe Ta (Lahu),ဟိုးတ,MMR016323,MMR016323004,village_point_Shan_v96.zip:mmr_shn_pplp2_250k_unodc_mimu.shp,2117,township_geom_missing,township_geom_missing,99.19062042,21.94931030
village,flagged,Shan (East),216356,Nam Hpai (New),နမ့်ဖိုင် (သစ်),MMR016323,MMR016323004,village_point_Shan_v96.zip:mmr_shn_pplp2_250k_unodc_mimu.shp,2118,township_geom_missing,township_geom_missing,99.21807098,21.92474937
village,flagged,Shan (East),216358,Nam Hpai (Upper),နမ့်ဖိုင် (ထက်),MMR016323,MMR016323004,village_point_Shan_v96.zip:mmr_shn_pplp2_250k_unodc_mimu.shp,2119,township_geom_missing,township_geom_missing,99.20503235,21.92395973
village,flagged,Shan (East),216359,Pong Kyawng,ပုံကျောင်း,MMR016323,MMR016323004,village_point_Shan_v96.zip:mmr_shn_pplp2_250k_unodc_mimu.shp,2120,township_geom_missing,township_geom_missing,99.09908295,21.94939995
village,flagged,Shan (East),216360,Shee Hkeit,ရှီးခဲ့,MMR016323,MMR016323004,village_point_Shan_v96.zip:mmr_shn_pplp2_250k_unodc_mimu.shp,2121,township_geom_missing,township_geom_missing,99.20710754,21.91198921
village,flagged,Shan (East),216377,Wan Kawng (Upper),ဝမ်ကောင်း (ထက်),MMR016323,MMR016323004,village_point_Shan_v96.zip:mmr_shn_pplp2_250k_unodc_mimu.shp,2122,township_geom_missing,township_geom_missing,99.19026184,21.91797066
village,flagged,Shan (East),216361,Wan Kwei (Lower),ဝမ်ကွယ် (အောက်),MMR016323,MMR016323004,village_point_Shan_v96.zip:mmr_shn_pplp2_250k_unodc_mimu.shp,2123,township_geom_missing,township_geom_missing,99.12397003,21.94687080
village,flagged,Shan (East),216362,Wan Kwei (Upper),ဝမ်ကွယ် (ထက်),MMR016323,MMR016323004,village_point_Shan_v96.zip:mmr_shn_pplp2_250k_unodc_mimu.shp,2124,township_geom_missing,township_geom_missing,99.12754059,21.94577026
village,flagged,Shan (East),216363,Wan Ton,ဝမ်တုံ,MMR016323,MMR016323004,village_point_Shan_v96.zip:mmr_shn_pplp2_250k_unodc_mimu.shp,2125,township_geom_missing,township_geom_missing,99.21540833,21.95202065
village,flagged,Shan (East),216364,War Len,ဝါလင်း,MMR016323,MMR016323004,village_point_Shan_v96.zip:mmr_shn_pplp2_250k_unodc_mimu.shp,2126,township_geom_missing,township_geom_missing,99.20316315,21.91539001
village,flagged,Shan (North),215463,Aik Chan,အိုက်ချန်,MMR015311,MMR015311001,village_point_Shan_v96.zip:mmr_shn_pplp2_250k_unodc_mimu.shp,2301,township_geom_missing,township_geom_missing,99.26780701,22.73892975
village,flagged,Shan (North),215464,Hsee Na,ဆီးန,MMR015311,MMR015311001,village_point_Shan_v96.zip:mmr_shn_pplp2_250k_unodc_mimu.shp,2302,township_geom_missing,township_geom_missing,99.30509186,22.73258018
village,flagged,Shan (North),215465,Yawng Pin,ယောင်ပင်း,MMR015311,MMR015311001,village_point_Shan_v96.zip:mmr_shn_pplp2_250k_unodc_mimu.shp,2303,township_geom_missing,township_geom_missing,99.28195953,22.71524048
village,flagged,Shan (North),215466,Yawng Tu,ယောင်တူ,MMR015311,MMR015311001,village_point_Shan_v96.zip:mmr_shn_pplp2_250k_unodc_mimu.shp,2304,township_geom_missing,township_geom_missing,99.26232147,22.71014023
village,flagged,Shan (North),215509,Hpan Pa Long,ဖန်ပလုံ,MMR015311,MMR015311006,village_point_Shan_v96.zip:mmr_shn_pplp2_250k_unodc_mimu.shp,2305,township_geom_missing,township_geom_missing,99.08055115,22.75383949
village,flagged,Shan (North),215510,Mi Net,မီနက်,MMR015311,MMR015311006,village_point_Shan_v96.zip:mmr_shn_pplp2_250k_unodc_mimu.shp,2306,township_geom_missing,township_geom_missing,99.07671356,22.75667953
village,flagged,Shan (North),215470,Hpu Hkay,ဖူခေး,MMR015311,MMR015311002,village_point_Shan_v96.zip:mmr_shn_pplp2_250k_unodc_mimu.shp,2307,township_geom_missing,township_geom_missing,99.29515839,22.70656967
village,flagged,Shan (North),215471,Ka Lawng Sun,ကလောင်ဆွမ်,MMR015311,MMR015311002,village_point_Shan_v96.zip:mmr_shn_pplp2_250k_unodc_mimu.shp,2308,township_geom_missing,township_geom_missing,99.22267914,22.76897049
village,flagged,Shan (North),215481,Yawng Shin,ယောင်ရှင်,MMR015311,MMR015311002,village_point_Shan_v96.zip:mmr_shn_pplp2_250k_unodc_mimu.shp,2309,township_geom_missing,township_geom_missing,99.30532074,22.70908928
village,flagged,Shan (North),215483,Hkun Min,ခွန်မင်း,MMR015311,MMR015311003,village_point_Shan_v96.zip:mmr_shn_pplp2_250k_unodc_mimu.shp,2310,township_geom_missing,township_geom_missing,99.09716797,22.84444046
village,flagged,Shan (North),215485,Kun Hnyet,ကွန်ညှက်,MMR015311,MMR015311003,village_point_Shan_v96.zip:mmr_shn_pplp2_250k_unodc_mimu.shp,2311,township_geom_missing,township_geom_missing,99.17639160,22.83428001
village,flagged,Shan (North),215490,Yawng Ke,ယောင်ကဲ,MMR015311,MMR015311003,village_point_Shan_v96.zip:mmr_shn_pplp2_250k_unodc_mimu.shp,2312,township_geom_missing,township_geom_missing,99.12683105,22.83802032
village,flagged,Shan (North),215487,Yawng Mut,ယောင်မွတ်,MMR015311,MMR015311003,village_point_Shan_v96.zip:mmr_shn_pplp2_250k_unodc_mimu.shp,2313,township_geom_missing,township_geom_missing,99.12741852,22.82033920
village,flagged,Shan (North),215488,Yawng Pang,ယောင်ပန်,MMR015311,MMR015311003,village_point_Shan_v96.zip:mmr_shn_pplp2_250k_unodc_mimu.shp,2314,township_geom_missing,township_geom_missing,99.16721344,22.85054016
village,flagged,Shan (North),215489,Yawng Ran,ယောင်ရမ်,MMR015311,MMR015311003,village_point_Shan_v96.zip:mmr_shn_pplp2_250k_unodc_mimu.shp,2315,township_geom_missing,township_geom_missing,99.14170074,22.83070946
village,flagged,Shan (North),215494,Kun Yoe,ကွန်ရိုး,MMR015311,MMR015311004,village_point_Shan_v96.zip:mmr_shn_pplp2_250k_unodc_mimu.shp,2316,township_geom_missing,township_geom_missing,99.21591187,22.83527946
village,flagged,Shan (North),215497,Twi Pa La,တွီပလ,MMR015311,MMR015311004,village_point_Shan_v96.zip:mmr_shn_pplp2_250k_unodc_mimu.shp,2317,township_geom_missing,township_geom_missing,99.12104797,22.88114929
village,flagged,Shan (North),215498,Yawng Hkawng,ယောင်ခေါင်း,MMR015311,MMR015311004,village_point_Shan_v96.zip:mmr_shn_pplp2_250k_unodc_mimu.shp,2319,township_geom_missing,township_geom_missing,99.15434265,22.88215065
village,flagged,Shan (North),215499,Yawng Laik,ယောင်လိုက်,MMR015311,MMR015311004,village_point_Shan_v96.zip:mmr_shn_pplp2_250k_unodc_mimu.shp,2320,township_geom_missing,township_geom_missing,99.21147156,22.84049988
village,flagged,Shan (North),215500,Yawng Lawng,ယောင်လောင်,MMR015311,MMR015311004,village_point_Shan_v96.zip:mmr_shn_pplp2_250k_unodc_mimu.shp,2321,township_geom_missing,township_geom_missing,99.14890289,22.87776947
village,flagged,Shan (North),215501,Yawng Nwan,ယောင်နွမ်း,MMR015311,MMR015311004,village_point_Shan_v96.zip:mmr_shn_pplp2_250k_unodc_mimu.shp,2322,township_geom_missing,township_geom_missing,99.20451355,22.88339043
village,flagged,Shan (North),215503,Long Tone,လုံတုံး,MMR015311,MMR015311005,village_point_Shan_v96.zip:mmr_shn_pplp2_250k_unodc_mimu.shp,2323,township_geom_missing,township_geom_missing,99.28112793,22.76725006
village,flagged,Shan (North),215505,Yawng Maw,ယောင်မော်,MMR015311,MMR015311005,village_point_Shan_v96.zip:mmr_shn_pplp2_250k_unodc_mimu.shp,2324,township_geom_missing,township_geom_missing,99.27040100,22.77319908
village,flagged,Shan (North),215507,Yawng Teit,ယောင်တဲ့,MMR015311,MMR015311005,village_point_Shan_v96.zip:mmr_shn_pplp2_250k_unodc_mimu.shp,2325,township_geom_missing,township_geom_missing,99.23531342,22.77463913
village,flagged,Shan (North),215517,Mut Sa Toke,မွတ်စတုတ်,MMR015311,MMR015311007,village_point_Shan_v96.zip:mmr_shn_pplp2_250k_unodc_mimu.shp,2326,township_geom_missing,township_geom_missing,99.24696350,22.82574081
village,flagged,Shan (North),215518,Par Nawng,ပါနောင်း,MMR015311,MMR015311007,village_point_Shan_v96.zip:mmr_shn_pplp2_250k_unodc_mimu.shp,2327,township_geom_missing,township_geom_missing,99.21408081,22.81250000
village,flagged,Shan (North),215519,Si Na,စီန,MMR015311,MMR015311007,village_point_Shan_v96.zip:mmr_shn_pplp2_250k_unodc_mimu.shp,2328,township_geom_missing,township_geom_missing,99.26718140,22.84947968
village,flagged,Shan (North),215520,Yawng Awt,ယောင်အော့,MMR015311,MMR015311007,village_point_Shan_v96.zip:mmr_shn_pplp2_250k_unodc_mimu.shp,2329,township_geom_missing,township_geom_missing,99.22860718,22.82776070
village,flagged,Shan (North),215521,Yawng Pang,ယောင်ပန်း,MMR015311,MMR015311007,village_point_Shan_v96.zip:mmr_shn_pplp2_250k_unodc_mimu.shp,2330,township_geom_missing,township_geom_missing,99.25473022,22.83745003
village,flagged,Shan (North),215522,Am Leit,အမ်လဲ့,MMR015311,MMR015311008,village_point_Shan_v96.zip:mmr_shn_pplp2_250k_unodc_mimu.shp,2331,township_geom_missing,township_geom_missing,99.03685760,22.67761993
village,flagged,Shan (North),215523,Hpong Pa Long,ဖုံပလုံး,MMR015311,MMR015311008,village_point_Shan_v96.zip:mmr_shn_pplp2_250k_unodc_mimu.shp,2332,township_geom_missing,township_geom_missing,99.14585114,22.70225906
village,flagged,Shan (North),215524,Loke Kein,လုပ်ကိန်း,MMR015311,MMR015311008,village_point_Shan_v96.zip:mmr_shn_pplp2_250k_unodc_mimu.shp,2333,township_geom_missing,township_geom_missing,99.14456177,22.69956017
village,flagged,Shan (North),215526,Man Ping,မန်ပိန်း,MMR015311,MMR015311008,village_point_Shan_v96.zip:mmr_shn_pplp2_250k_unodc_mimu.shp,2334,township_geom_missing,township_geom_missing,99.15064240,22.70859909
village,flagged,Shan (North),215528,Wan Kawng,ဝမ်ကောင်း,MMR015311,MMR015311008,village_point_Shan_v96.zip:mmr_shn_pplp2_250k_unodc_mimu.shp,2335,township_geom_missing,township_geom_missing,99.10502625,22.73177910
village,flagged,Shan (North),215529,Yawng Ma Laing,ယောင်မလိုင်း,MMR015311,MMR015311008,village_point_Shan_v96.zip:mmr_shn_pplp2_250k_unodc_mimu.shp,2336,township_geom_missing,township_geom_missing,99.15059662,22.70862007
village,flagged,Shan (North),215530,Yawng Pa Loke,ယောင်ပလုတ်,MMR015311,MMR015311008,village_point_Shan_v96.zip:mmr_shn_pplp2_250k_unodc_mimu.shp,2337,township_geom_missing,township_geom_missing,99.14251709,22.70269966
village,flagged,Shan (North),215531,Yawng Tu,ယောင်တူး,MMR015311,MMR015311008,village_point_Shan_v96.zip:mmr_shn_pplp2_250k_unodc_mimu.shp,2338,township_geom_missing,township_geom_missing,99.10733795,22.72764015
village,flagged,Shan (North),215544,Mut Leit,မွတ်လဲ့,MMR015306,MMR015306004,village_point_Shan_v96.zip:mmr_shn_pplp2_250k_unodc_mimu.shp,2339,township_geom_missing,township_geom_missing,99.42613983,22.98797035
village,flagged,Shan (North),215545,Yawng Laik (Yawng Nawng),ယောင်လိုက် (ယောင်နောင်),MMR015306,MMR015306005,village_point_Shan_v96.zip:mmr_shn_pplp2_250k_unodc_mimu.shp,2340,township_geom_missing,township_geom_missing,99.48657227,23.01333046
village,flagged,Shan (North),215923,Hsawng Ke,ဆောင်လဲ့,MMR015305,MMR015305001,village_point_Shan_v96.zip:mmr_shn_pplp2_250k_unodc_mimu.shp,2361,township_geom_missing,township_geom_missing,99.33862305,23.10379982
village,flagged,Shan (North),215926,Maw Loe,မောလိုး,MMR015305,MMR015305001,village_point_Shan_v96.zip:mmr_shn_pplp2_250k_unodc_mimu.shp,2362,township_geom_missing,township_geom_missing,99.33609772,23.09222031
village,flagged,Shan (North),215928,Yawng Lan,ယောင်လန်း,MMR015305,MMR015305001,village_point_Shan_v96.zip:mmr_shn_pplp2_250k_unodc_mimu.shp,2363,township_geom_missing,township_geom_missing,99.33640289,23.10338020
village,flagged,Shan (North),215933,Kun Pway,ကွန်ပွေး,MMR015305,MMR015305002,village_point_Shan_v96.zip:mmr_shn_pplp2_250k_unodc_mimu.shp,2364,township_geom_missing,township_geom_missing,99.26882935,23.05290985
village,flagged,Shan (North),215940,Awt Hsi Ye,​အော့ဆီရဲ့,MMR015305,MMR015305003,village_point_Shan_v96.zip:mmr_shn_pplp2_250k_unodc_mimu.shp,2365,township_geom_missing,township_geom_missing,98.99787903,23.07571030
village,flagged,Shan (North),215941,Gaung Gee,ဂေါင်ဂီး,MMR015305,MMR015305003,village_point_Shan_v96.zip:mmr_shn_pplp2_250k_unodc_mimu.shp,2366,township_geom_missing,township_geom_missing,99.04519653,23.11319923
village,flagged,Shan (North),215944,Maw Roe,မော်ရိုး,MMR015305,MMR015305003,village_point_Shan_v96.zip:mmr_shn_pplp2_250k_unodc_mimu.shp,2367,township_geom_missing,township_geom_missing,99.05599213,23.11428070
village,flagged,Shan (North),215945,Nam Tone,နမ့်တုံး,MMR015305,MMR015305003,village_point_Shan_v96.zip:mmr_shn_pplp2_250k_unodc_mimu.shp,2368,township_geom_missing,township_geom_missing,99.02945709,23.11350060
village,flagged,Shan (North),215951,Pyawng Pa long,ပြောင်ပလုံ,MMR015305,MMR015305004,village_point_Shan_v96.zip:mmr_shn_pplp2_250k_unodc_mimu.shp,2369,township_geom_missing,township_geom_missing,99.09162140,23.02091980
village,flagged,Shan (North),215957,Hpan Yone,ဖန်ရူန်း,MMR015305,MMR015305005,village_point_Shan_v96.zip:mmr_shn_pplp2_250k_unodc_mimu.shp,2370,township_geom_missing,township_geom_missing,99.19448090,23.07308960
village,flagged,Shan (North),215958,Ka Lawng Rei,ကလောင်းရယ်,MMR015305,MMR015305005,village_point_Shan_v96.zip:mmr_shn_pplp2_250k_unodc_mimu.shp,2371,township_geom_missing,township_geom_missing,99.22535706,23.03738976
village,flagged,Shan (North),215959,Kon Nei,ကုန်နယ်,MMR015305,MMR015305005,village_point_Shan_v96.zip:mmr_shn_pplp2_250k_unodc_mimu.shp,2372,township_geom_missing,township_geom_missing,99.22849274,23.06850052
village,flagged,Shan (North),215961,Pang Waing,ပန်ဝိုင်း,MMR015305,MMR015305005,village_point_Shan_v96.zip:mmr_shn_pplp2_250k_unodc_mimu.shp,2373,township_geom_missing,township_geom_missing,99.21240997,23.08459091
village,flagged,Shan (North),215962,Taw Pawng,တော်ပေါင်း,MMR015305,MMR015305005,village_point_Shan_v96.zip:mmr_shn_pplp2_250k_unodc_mimu.shp,2374,township_geom_missing,township_geom_missing,99.22052765,23.08300972
village,flagged,Shan (North),215963,Yawng Ka Let,ယောင်ကလက်,MMR015305,MMR015305005,village_point_Shan_v96.zip:mmr_shn_pplp2_250k_unodc_mimu.shp,2375,township_geom_missing,township_geom_missing,99.20115662,23.07193947
village,flagged,Shan (North),215964,Yawng Kwa,ယောင်ကွ,MMR015305,MMR015305005,village_point_Shan_v96.zip:mmr_shn_pplp2_250k_unodc_mimu.shp,2376,township_geom_missing,township_geom_missing,99.23243713,23.08871078
village,flagged,Shan (North),215965,Yawng Ting,ယောင်တိန်း,MMR015305,MMR015305005,village_point_Shan_v96.zip:mmr_shn_pplp2_250k_unodc_mimu.shp,2377,township_geom_missing,township_geom_missing,99.21119690,23.03286934
village,flagged,Shan (North),215971,Pyan Hpan,ပြန်ဖန်း,MMR015305,MMR015305006,village_point_Shan_v96.zip:mmr_shn_pplp2_250k_unodc_mimu.shp,2378,township_geom_missing,township_geom_missing,99.19685364,23.09098053
village,flagged,Shan (North),215976,Tway Long,တွေလုံ,MMR015305,MMR015305007,village_point_Shan_v96.zip:mmr_shn_pplp2_250k_unodc_mimu.shp,2379,township_geom_missing,township_geom_missing,99.31221771,23.08198929
village,flagged,Shan (North),215979,Yawng Laik,ယောင်လိုက်,MMR015305,MMR015305007,village_point_Shan_v96.zip:mmr_shn_pplp2_250k_unodc_mimu.shp,2380,township_geom_missing,township_geom_missing,99.33332062,23.06571007
village,flagged,Shan (North),215982,Ngaik Hlyan,ငိုက်လျှံ,MMR015305,MMR015305008,village_point_Shan_v96.zip:mmr_shn_pplp2_250k_unodc_mimu.shp,2381,township_geom_missing,township_geom_missing,99.08470154,23.07088089
village,flagged,Shan (North),215985,Yawng Maw,ယောင်မော,MMR015305,MMR015305008,village_point_Shan_v96.zip:mmr_shn_pplp2_250k_unodc_mimu.shp,2382,township_geom_missing,township_geom_missing,99.11517334,23.08989906
village,flagged,Shan (North),215986,Hpyan Mwayt,ဖြန်မွေ့,MMR015305,MMR015305009,village_point_Shan_v96.zip:mmr_shn_pplp2_250k_unodc_mimu.shp,2383,township_geom_missing,township_geom_missing,99.15104675,23.02065086
village,flagged,Shan (North),215987,Yawng Maw,ယောင်မော,MMR015305,MMR015305009,village_point_Shan_v96.zip:mmr_shn_pplp2_250k_unodc_mimu.shp,2384,township_geom_missing,township_geom_missing,99.16688758,23.03105016
village,flagged,Shan (North),215988,Yawng Nun,ယောင်နွန်း,MMR015305,MMR015305009,village_point_Shan_v96.zip:mmr_shn_pplp2_250k_unodc_mimu.shp,2385,township_geom_missing,township_geom_missing,99.17086792,23.03685951
village,flagged,Shan (North),215989,Yawng Pang,ယောင်ပန်း,MMR015305,MMR015305009,village_point_Shan_v96.zip:mmr_shn_pplp2_250k_unodc_mimu.shp,2386,township_geom_missing,township_geom_missing,99.17182922,23.03589058
village,flagged,Shan (North),215553,Yawng Li,ယောင်လိ,MMR015310,MMR015310001,village_point_Shan_v96.zip:mmr_shn_pplp2_250k_unodc_mimu.shp,2851,township_geom_missing,township_geom_missing,98.76969910,22.59194946
village,flagged,Shan (North),215555,Ka Lawng Hpar,ကလောင်ဖါ,MMR015310,MMR015310002,village_point_Shan_v96.zip:mmr_shn_pplp2_250k_unodc_mimu.shp,2852,township_geom_missing,township_geom_missing,98.71647644,22.78981972
village,flagged,Shan (North),215557,La Nun,လနွန်း,MMR015310,MMR015310002,village_point_Shan_v96.zip:mmr_shn_pplp2_250k_unodc_mimu.shp,2853,township_geom_missing,township_geom_missing,98.70938110,22.81841087
village,flagged,Shan (North),215558,Man Kyon,မန်ကြုံ,MMR015310,MMR015310002,village_point_Shan_v96.zip:mmr_shn_pplp2_250k_unodc_mimu.shp,2854,township_geom_missing,township_geom_missing,98.73150635,22.76209068
village,flagged,Shan (North),215560,Ngweit Mawng,ငွေ့မောင်း,MMR015310,MMR015310002,village_point_Shan_v96.zip:mmr_shn_pplp2_250k_unodc_mimu.shp,2855,township_geom_missing,township_geom_missing,98.73606873,22.78298950
village,flagged,Shan (North),215561,Yawng Aut,ယောင်အွတ်,MMR015310,MMR015310002,village_point_Shan_v96.zip:mmr_shn_pplp2_250k_unodc_mimu.shp,2856,township_geom_missing,township_geom_missing,98.69763947,22.85906982
village,flagged,Shan (North),215562,Yawng Hkwa,ယောင်ခွ,MMR015310,MMR015310002,village_point_Shan_v96.zip:mmr_shn_pplp2_250k_unodc_mimu.shp,2857,township_geom_missing,township_geom_missing,98.69605037,22.86106634
village,flagged,Shan (North),215563,Yawng Mut,ယောင်မွတ်,MMR015310,MMR015310002,village_point_Shan_v96.zip:mmr_shn_pplp2_250k_unodc_mimu.shp,2858,township_geom_missing,township_geom_missing,98.68430328,22.82946968
village,flagged,Shan (North),215564,Yawng Yint,ယောင်ယင့်,MMR015310,MMR015310002,village_point_Shan_v96.zip:mmr_shn_pplp2_250k_unodc_mimu.shp,2859,township_geom_missing,township_geom_missing,98.72393036,22.80168915
village,flagged,Shan (North),215565,Kaik Kyin,ကိုက်ကျင်း,MMR015310,MMR015310003,village_point_Shan_v96.zip:mmr_shn_pplp2_250k_unodc_mimu.shp,2860,township_geom_missing,township_geom_missing,98.74223328,22.64625931
village,flagged,Shan (North),215566,Kawng Ta,ကောင်တ,MMR015310,MMR015310003,village_point_Shan_v96.zip:mmr_shn_pplp2_250k_unodc_mimu.shp,2861,township_geom_missing,township_geom_missing,98.72476196,22.62449074
village,flagged,Shan (North),215567,Kun Hlan,ကွန်လျန်း,MMR015310,MMR015310003,village_point_Shan_v96.zip:mmr_shn_pplp2_250k_unodc_mimu.shp,2862,township_geom_missing,township_geom_missing,98.78399658,22.61642075
village,flagged,Shan (North),215568,Man Hkar,မန်ခါး,MMR015310,MMR015310003,village_point_Shan_v96.zip:mmr_shn_pplp2_250k_unodc_mimu.shp,2863,township_geom_missing,township_geom_missing,98.75936890,22.63842964
village,flagged,Shan (North),215569,Man Kawng,မန်ကောင်,MMR015310,MMR015310003,village_point_Shan_v96.zip:mmr_shn_pplp2_250k_unodc_mimu.shp,2864,township_geom_missing,township_geom_missing,98.76950073,22.65483093
village,flagged,Shan (North),215570,Mut Kyit,မွတ်ကျစ်,MMR015310,MMR015310003,village_point_Shan_v96.zip:mmr_shn_pplp2_250k_unodc_mimu.shp,2865,township_geom_missing,township_geom_missing,98.70326996,22.63373947
village,flagged,Shan (North),215571,Yawng Lun,ယောင်လွန်း,MMR015310,MMR015310003,village_point_Shan_v96.zip:mmr_shn_pplp2_250k_unodc_mimu.shp,2866,township_geom_missing,township_geom_missing,98.71523285,22.63478088
village,flagged,Shan (North),215572,Yawng Naw,ယောင်နော,MMR015310,MMR015310003,village_point_Shan_v96.zip:mmr_shn_pplp2_250k_unodc_mimu.shp,2867,township_geom_missing,township_geom_missing,98.74218750,22.67676926
village,flagged,Shan (North),215574,Kaik Tun,ကိုက်တွန်း,MMR015310,MMR015310004,village_point_Shan_v96.zip:mmr_shn_pplp2_250k_unodc_mimu.shp,2868,township_geom_missing,township_geom_missing,98.71022797,22.66959953
village,flagged,Shan (North),215583,Mut Pa Loke,မွတ်ပလုတ်,MMR015310,MMR015310007,village_point_Shan_v96.zip:mmr_shn_pplp2_250k_unodc_mimu.shp,2869,township_geom_missing,township_geom_missing,98.72580719,22.77767944
village,flagged,Shan (North),215588,Hsee Na,ဆီးန,MMR015310,MMR015310009,village_point_Shan_v96.zip:mmr_shn_pplp2_250k_unodc_mimu.shp,2870,township_geom_missing,township_geom_missing,98.71109772,22.69845009
village,flagged,Shan (North),215589,Man Kun,မန်ကွန်,MMR015310,MMR015310009,village_point_Shan_v96.zip:mmr_shn_pplp2_250k_unodc_mimu.shp,2871,township_geom_missing,township_geom_missing,98.69937897,22.72237968
village,flagged,Shan (North),215590,Man Mai,မန်မိုင်,MMR015310,MMR015310009,village_point_Shan_v96.zip:mmr_shn_pplp2_250k_unodc_mimu.shp,2872,township_geom_missing,township_geom_missing,98.68074799,22.72917938
village,flagged,Shan (North),215591,Man Nauk,မန်နောက်,MMR015310,MMR015310009,village_point_Shan_v96.zip:mmr_shn_pplp2_250k_unodc_mimu.shp,2873,township_geom_missing,township_geom_missing,98.74034882,22.74218941
village,flagged,Shan (North),215594,Ton Hpa Lant,တုံဖလန့်,MMR015310,MMR015310009,village_point_Shan_v96.zip:mmr_shn_pplp2_250k_unodc_mimu.shp,2874,township_geom_missing,township_geom_missing,98.73062897,22.70619011
village,flagged,Shan (North),215595,Yawng Leit,ယောင်လဲ့,MMR015310,MMR015310009,village_point_Shan_v96.zip:mmr_shn_pplp2_250k_unodc_mimu.shp,2875,township_geom_missing,township_geom_missing,98.67658997,22.69675064
village,flagged,Shan (North),215596,Yay Hsun,ယေးဆွန်,MMR015310,MMR015310009,village_point_Shan_v96.zip:mmr_shn_pplp2_250k_unodc_mimu.shp,2876,township_geom_missing,township_geom_missing,98.72454834,22.72016907
village,flagged,Shan (North),215613,Kawng Lin,ကောင်းလင်း,MMR015304,MMR015304003,village_point_Shan_v96.zip:mmr_shn_pplp2_250k_unodc_mimu.shp,2877,township_geom_missing,township_geom_missing,98.95236969,23.00225067
village,flagged,Shan (North),215614,Kyone Nawng,ကျုံးနောင်,MMR015304,MMR015304003,village_point_Shan_v96.zip:mmr_shn_pplp2_250k_unodc_mimu.shp,2878,township_geom_missing,township_geom_missing,98.93958282,23.00819016
village,flagged,Shan (North),215615,Pyan Wein,ပြန်ဝိန်း,MMR015304,MMR015304003,village_point_Shan_v96.zip:mmr_shn_pplp2_250k_unodc_mimu.shp,2879,township_geom_missing,township_geom_missing,98.97650146,23.03959084
village,flagged,Shan (North),215616,Pyan Yawng,ပြန်ယောင်,MMR015304,MMR015304003,village_point_Shan_v96.zip:mmr_shn_pplp2_250k_unodc_mimu.shp,2880,township_geom_missing,township_geom_missing,98.94117737,23.02054024
village,flagged,Shan (North),215617,Yawng Laik,ယောင်လိုက်,MMR015304,MMR015304003,village_point_Shan_v96.zip:mmr_shn_pplp2_250k_unodc_mimu.shp,2881,township_geom_missing,township_geom_missing,98.97869873,23.02021980
village,flagged,Shan (North),215618,Yawng Pa Loke,ယောင်ပလုတ်,MMR015304,MMR015304003,village_point_Shan_v96.zip:mmr_shn_pplp2_250k_unodc_mimu.shp,2882,township_geom_missing,township_geom_missing,98.92749786,23.01256943
village,flagged,Shan (North),215619,Hman Kawng,မှန်ကောင်း,MMR015304,MMR015304004,village_point_Shan_v96.zip:mmr_shn_pplp2_250k_unodc_mimu.shp,2883,township_geom_missing,township_geom_missing,99.00277710,22.79817009
village,flagged,Shan (North),215620,Hman Nar,မှန်နား,MMR015304,MMR015304004,village_point_Shan_v96.zip:mmr_shn_pplp2_250k_unodc_mimu.shp,2884,township_geom_missing,township_geom_missing,98.95912170,22.83111954
village,flagged,Shan (North),215621,Hpan Layt,ဖန်လေ့,MMR015304,MMR015304004,village_point_Shan_v96.zip:mmr_shn_pplp2_250k_unodc_mimu.shp,2885,township_geom_missing,township_geom_missing,99.01210022,22.81192970
village,flagged,Shan (North),215622,Kone Kar,ကုန်းကာ,MMR015304,MMR015304004,village_point_Shan_v96.zip:mmr_shn_pplp2_250k_unodc_mimu.shp,2886,township_geom_missing,township_geom_missing,98.98206329,22.82337952
village,flagged,Shan (North),215623,Mauk Si Pang,မောက်စီပန်း,MMR015304,MMR015304004,village_point_Shan_v96.zip:mmr_shn_pplp2_250k_unodc_mimu.shp,2887,township_geom_missing,township_geom_missing,99.00824738,22.83234978
village,flagged,Shan (North),215624,Maw Pawt,မောပေါ့,MMR015304,MMR015304004,village_point_Shan_v96.zip:mmr_shn_pplp2_250k_unodc_mimu.shp,2888,township_geom_missing,township_geom_missing,99.01399231,22.84778023
village,flagged,Shan (North),215625,Ngeit Char,ငဲ့ချာ,MMR015304,MMR015304004,village_point_Shan_v96.zip:mmr_shn_pplp2_250k_unodc_mimu.shp,2889,township_geom_missing,township_geom_missing,99.01275635,22.81381989
village,flagged,Shan (North),215626,Pang Kyo,ပန်ကျို,MMR015304,MMR015304004,village_point_Shan_v96.zip:mmr_shn_pplp2_250k_unodc_mimu.shp,2890,township_geom_missing,township_geom_missing,98.97799683,22.80805969
village,flagged,Shan (North),215627,Yawng Hti Yan,ယောင်ထီရန်း,MMR015304,MMR015304004,village_point_Shan_v96.zip:mmr_shn_pplp2_250k_unodc_mimu.shp,2891,township_geom_missing,township_geom_missing,99.01152802,22.79457092
village,flagged,Shan (North),215628,Yawng Lai,ယောင်လိုင်း,MMR015304,MMR015304004,village_point_Shan_v96.zip:mmr_shn_pplp2_250k_unodc_mimu.shp,2892,township_geom_missing,township_geom_missing,98.98262787,22.82043076
village,flagged,Shan (North),215606,Daik Nyeit,ဒိုက်ညဲ့,MMR015304,MMR015304002,village_point_Shan_v96.zip:mmr_shn_pplp2_250k_unodc_mimu.shp,2893,township_geom_missing,township_geom_missing,98.88243103,23.09004974
village,flagged,Shan (North),215607,Kone Kee,ကုန်းကီး,MMR015304,MMR015304002,village_point_Shan_v96.zip:mmr_shn_pplp2_250k_unodc_mimu.shp,2894,township_geom_missing,township_geom_missing,98.86451721,23.09394073
village,flagged,Shan (North),215608,Lat Ku,လတ်ကူး,MMR015304,MMR015304002,village_point_Shan_v96.zip:mmr_shn_pplp2_250k_unodc_mimu.shp,2895,township_geom_missing,township_geom_missing,98.90567017,23.07035065
village,flagged,Shan (North),215609,Pang Leint,ပန်လိမ့်,MMR015304,MMR015304002,village_point_Shan_v96.zip:mmr_shn_pplp2_250k_unodc_mimu.shp,2896,township_geom_missing,township_geom_missing,98.90661621,23.10619926
village,flagged,Shan (North),215610,Yawng Hlaik,ယောင်လှိုက်,MMR015304,MMR015304002,village_point_Shan_v96.zip:mmr_shn_pplp2_250k_unodc_mimu.shp,2897,township_geom_missing,township_geom_missing,98.89034271,23.08387947
village,flagged,Shan (North),215612,Yawng Hpa Le,ယောင်ဖလဲ,MMR015304,MMR015304002,village_point_Shan_v96.zip:mmr_shn_pplp2_250k_unodc_mimu.shp,2898,township_geom_missing,township_geom_missing,98.91951752,23.07686043
village,flagged,Shan (North),215634,Dauk Na,ဒေါက်န,MMR015304,MMR015304006,village_point_Shan_v96.zip:mmr_shn_pplp2_250k_unodc_mimu.shp,2899,township_geom_missing,township_geom_missing,98.99407196,22.97802925
village,flagged,Shan (North),215635,Hpa Kaw,ဖါကော်,MMR015304,MMR015304006,village_point_Shan_v96.zip:mmr_shn_pplp2_250k_unodc_mimu.shp,2900,township_geom_missing,township_geom_missing,98.98130798,22.97023010
village,flagged,Shan (North),215636,Kawng Pi,ကောင်ပီ,MMR015304,MMR015304006,village_point_Shan_v96.zip:mmr_shn_pplp2_250k_unodc_mimu.shp,2901,township_geom_missing,township_geom_missing,98.92381287,22.96302986
village,flagged,Shan (North),215637,Yawng Hka Lauk,ယောင်ခလောက်,MMR015304,MMR015304006,village_point_Shan_v96.zip:mmr_shn_pplp2_250k_unodc_mimu.shp,2902,township_geom_missing,township_geom_missing,98.99198914,22.97682953
village,flagged,Shan (North),215638,Yawng Nawng,ယောင်နောင်း,MMR015304,MMR015304006,village_point_Shan_v96.zip:mmr_shn_pplp2_250k_unodc_mimu.shp,2903,township_geom_missing,township_geom_missing,98.97178650,22.97052002
village,flagged,Shan (North),215639,Yawng Pa Yin,ယောင်ပရင်း,MMR015304,MMR015304006,village_point_Shan_v96.zip:mmr_shn_pplp2_250k_unodc_mimu.shp,2904,township_geom_missing,township_geom_missing,98.99436951,22.97901917
village,flagged,Shan (North),215629,Lar Ret,လာရက်,MMR015304,MMR015304005,village_point_Shan_v96.zip:mmr_shn_pplp2_250k_unodc_mimu.shp,2905,township_geom_missing,township_geom_missing,98.88110352,22.94297028
village,flagged,Shan (North),215630,Mwayt Lawng,မွေ့လောင်း,MMR015304,MMR015304005,village_point_Shan_v96.zip:mmr_shn_pplp2_250k_unodc_mimu.shp,2906,township_geom_missing,township_geom_missing,98.87698364,22.95178986
village,flagged,Shan (North),215631,Yawng Hka Lauk,ယောင်ခလောက်,MMR015304,MMR015304005,village_point_Shan_v96.zip:mmr_shn_pplp2_250k_unodc_mimu.shp,2907,township_geom_missing,township_geom_missing,98.88198853,22.94319916
village,flagged,Shan (North),215632,Yawng Ngeint,ယောင်ငြိမ့်,MMR015304,MMR015304005,village_point_Shan_v96.zip:mmr_shn_pplp2_250k_unodc_mimu.shp,2908,township_geom_missing,township_geom_missing,98.86892700,22.97266960
village,flagged,Shan (North),215633,Yawng Pa Laik,ယောင်ပလိုက်,MMR015304,MMR015304005,village_point_Shan_v96.zip:mmr_shn_pplp2_250k_unodc_mimu.shp,2909,township_geom_missing,township_geom_missing,98.88361359,22.91361046
village,flagged,Shan (North),215640,Hsar Ree,ဆာရီး,MMR015304,MMR015304007,village_point_Shan_v96.zip:mmr_shn_pplp2_250k_unodc_mimu.shp,2910,township_geom_missing,township_geom_missing,98.72366333,22.99164963
village,flagged,Shan (North),215641,Mway Lat,မွေလတ်,MMR015304,MMR015304007,village_point_Shan_v96.zip:mmr_shn_pplp2_250k_unodc_mimu.shp,2911,township_geom_missing,township_geom_missing,98.73956299,22.97829056
village,flagged,Shan (North),215643,Yawng Mwayt,ယောင်မွေ့,MMR015304,MMR015304007,village_point_Shan_v96.zip:mmr_shn_pplp2_250k_unodc_mimu.shp,2912,township_geom_missing,township_geom_missing,98.75390625,22.98291969
village,flagged,Shan (North),215644,Yawng Tin,ယောင်တင်း,MMR015304,MMR015304007,village_point_Shan_v96.zip:mmr_shn_pplp2_250k_unodc_mimu.shp,2913,township_geom_missing,township_geom_missing,98.74157715,22.98699951
village,flagged,Shan (North),215645,Yawng Waw,ယောင်ဝေါ,MMR015304,MMR015304007,village_point_Shan_v96.zip:mmr_shn_pplp2_250k_unodc_mimu.shp,2914,township_geom_missing,township_geom_missing,98.75531006,22.98049927
village,flagged,Shan (North),215646,Yawng Yoke,ယောင်ယုတ်,MMR015304,MMR015304007,village_point_Shan_v96.zip:mmr_shn_pplp2_250k_unodc_mimu.shp,2915,township_geom_missing,township_geom_missing,98.72551727,22.99316025
village,flagged,Shan (North),215647,Kaing Sang,ကိုင်ဆန်း,MMR015304,MMR015304008,village_point_Shan_v96.zip:mmr_shn_pplp2_250k_unodc_mimu.shp,2916,township_geom_missing,township_geom_missing,99.04934692,22.92234039
village,flagged,Shan (North),215648,Mwayt Ngway,မွေ့ငွေး,MMR015304,MMR015304008,village_point_Shan_v96.zip:mmr_shn_pplp2_250k_unodc_mimu.shp,2917,township_geom_missing,township_geom_missing,99.02565765,22.92857933
village,flagged,Shan (North),215649,Nge Laing,ငယ်လိုင်း,MMR015304,MMR015304008,village_point_Shan_v96.zip:mmr_shn_pplp2_250k_unodc_mimu.shp,2918,township_geom_missing,township_geom_missing,99.00765228,22.90645027
village,flagged,Shan (North),215650,Oke Swar,အုပ်စွား,MMR015304,MMR015304008,village_point_Shan_v96.zip:mmr_shn_pplp2_250k_unodc_mimu.shp,2919,township_geom_missing,township_geom_missing,99.00491333,22.92790985
village,flagged,Shan (North),215651,Oke Swar (Upper),အုပ်စွား  (အထက်),MMR015304,MMR015304008,village_point_Shan_v96.zip:mmr_shn_pplp2_250k_unodc_mimu.shp,2920,township_geom_missing,township_geom_missing,99.00440216,22.92775917
village,flagged,Shan (North),215652,Pyan Nun,ပြန်နွန်း,MMR015304,MMR015304008,village_point_Shan_v96.zip:mmr_shn_pplp2_250k_unodc_mimu.shp,2921,township_geom_missing,township_geom_missing,99.04110718,22.92347908
village,flagged,Shan (North),215654,Yawng Ba Lat,ယောင်ဗလတ်,MMR015304,MMR015304008,village_point_Shan_v96.zip:mmr_shn_pplp2_250k_unodc_mimu.shp,2922,township_geom_missing,township_geom_missing,98.99542236,22.91621017
village,flagged,Shan (North),215597,Gyi Kawng,ဂျီကောင်,MMR015304,MMR015304001,village_point_Shan_v96.zip:mmr_shn_pplp2_250k_unodc_mimu.shp,2923,township_geom_missing,township_geom_missing,98.96524048,22.95684052
village,flagged,Shan (North),215598,Hpar Ping,ဖါပိန်,MMR015304,MMR015304001,village_point_Shan_v96.zip:mmr_shn_pplp2_250k_unodc_mimu.shp,2924,township_geom_missing,township_geom_missing,98.96222687,22.94906998
village,flagged,Shan (North),215599,Ka Lawng Tawng,ကလောင်တောင်း,MMR015304,MMR015304001,village_point_Shan_v96.zip:mmr_shn_pplp2_250k_unodc_mimu.shp,2925,township_geom_missing,township_geom_missing,98.94602966,22.95146942
village,flagged,Shan (North),215600,Kaw Tat,ကောတပ်,MMR015304,MMR015304001,village_point_Shan_v96.zip:mmr_shn_pplp2_250k_unodc_mimu.shp,2926,township_geom_missing,township_geom_missing,98.97061157,22.95776939
village,flagged,Shan (North),215601,Laik Pa Rin,လိုက်ပရင်း,MMR015304,MMR015304001,village_point_Shan_v96.zip:mmr_shn_pplp2_250k_unodc_mimu.shp,2927,township_geom_missing,township_geom_missing,98.97370911,22.96507072
village,flagged,Shan (North),215602,Pyan Hsun,ပြန်ဆွန်,MMR015304,MMR015304001,village_point_Shan_v96.zip:mmr_shn_pplp2_250k_unodc_mimu.shp,2928,township_geom_missing,township_geom_missing,98.95620728,22.94186020
village,flagged,Shan (North),215603,Ra He Yar,ရာဟဲယား,MMR015304,MMR015304001,village_point_Shan_v96.zip:mmr_shn_pplp2_250k_unodc_mimu.shp,2929,township_geom_missing,township_geom_missing,98.97651672,22.96763039
village,flagged,Shan (North),215604,Tar Keng,တာကျိုင်း,MMR015304,MMR015304001,village_point_Shan_v96.zip:mmr_shn_pplp2_250k_unodc_mimu.shp,2930,township_geom_missing,township_geom_missing,98.97001648,22.96058083
village,flagged,Shan (North),215605,Yawng Pa Lone,ယောင်ပလုံး,MMR015304,MMR015304001,village_point_Shan_v96.zip:mmr_shn_pplp2_250k_unodc_mimu.shp,2931,township_geom_missing,township_geom_missing,98.95848846,22.96192932
village,flagged,Shan (North),215655,Lan Pang,လန်ပန်း,MMR015304,MMR015304009,village_point_Shan_v96.zip:mmr_shn_pplp2_250k_unodc_mimu.shp,2932,township_geom_missing,township_geom_missing,98.94589996,22.92071915
village,flagged,Shan (North),215656,Nyei Weit (Auk),ညယ်ဝဲ့  (အောက်),MMR015304,MMR015304009,village_point_Shan_v96.zip:mmr_shn_pplp2_250k_unodc_mimu.shp,2933,township_geom_missing,township_geom_missing,98.92147827,22.91982079
village,flagged,Shan (North),215657,Nyei Weit (Upper),ညယ်ဝဲ့  (အထက်),MMR015304,MMR015304009,village_point_Shan_v96.zip:mmr_shn_pplp2_250k_unodc_mimu.shp,2934,township_geom_missing,township_geom_missing,98.92568970,22.91991997
village,flagged,Shan (North),215658,Ro Mong,ရိုမိုင်း,MMR015304,MMR015304009,village_point_Shan_v96.zip:mmr_shn_pplp2_250k_unodc_mimu.shp,2935,township_geom_missing,township_geom_missing,98.92320251,22.90479088
village,flagged,Shan (North),215659,Yawng Houn,ယောင်ဟုန်,MMR015304,MMR015304009,village_point_Shan_v96.zip:mmr_shn_pplp2_250k_unodc_mimu.shp,2936,township_geom_missing,township_geom_missing,98.96431732,22.89135933
village,flagged,Shan (North),215660,Yawng Hsan,ယောင်ဆန်,MMR015304,MMR015304009,village_point_Shan_v96.zip:mmr_shn_pplp2_250k_unodc_mimu.shp,2937,township_geom_missing,township_geom_missing,98.96685791,22.91592026
village,flagged,Shan (North),215661,Yawng Hse,ယောင်ဆဲ,MMR015304,MMR015304009,village_point_Shan_v96.zip:mmr_shn_pplp2_250k_unodc_mimu.shp,2938,township_geom_missing,township_geom_missing,98.96705627,22.91493034
village,flagged,Shan (North),215662,Yawng Nun,ယောင်နွန်း,MMR015304,MMR015304009,village_point_Shan_v96.zip:mmr_shn_pplp2_250k_unodc_mimu.shp,2939,township_geom_missing,township_geom_missing,98.96978760,22.85557938
village,flagged,Shan (North),215664,Yawng Pa Lat,ယောင်ပလတ်,MMR015304,MMR015304009,village_point_Shan_v96.zip:mmr_shn_pplp2_250k_unodc_mimu.shp,2940,township_geom_missing,township_geom_missing,98.92244720,22.85947037
village,flagged,Shan (North),215677,Kawng Ku,ကောင်ကူ,MMR015304,MMR015304011,village_point_Shan_v96.zip:mmr_shn_pplp2_250k_unodc_mimu.shp,2941,township_geom_missing,township_geom_missing,98.84645844,23.02779007
village,flagged,Shan (North),215676,Kawng Nyan,ကောင်ညမ်း,MMR015304,MMR015304011,village_point_Shan_v96.zip:mmr_shn_pplp2_250k_unodc_mimu.shp,2942,township_geom_missing,township_geom_missing,98.75132751,23.04859924
village,flagged,Shan (North),215678,Man Waung,မန်ဝေါင်,MMR015304,MMR015304011,village_point_Shan_v96.zip:mmr_shn_pplp2_250k_unodc_mimu.shp,2943,township_geom_missing,township_geom_missing,98.80328369,23.04216003
village,flagged,Shan (North),215679,Mong Hit,မိုင်းဟစ်,MMR015304,MMR015304011,village_point_Shan_v96.zip:mmr_shn_pplp2_250k_unodc_mimu.shp,2944,township_geom_missing,township_geom_missing,98.80551910,23.08914948
village,flagged,Shan (North),215680,None Hman,နူန်းမှန်း,MMR015304,MMR015304011,village_point_Shan_v96.zip:mmr_shn_pplp2_250k_unodc_mimu.shp,2945,township_geom_missing,township_geom_missing,98.86022186,23.05114937
village,flagged,Shan (North),215681,Yawng Hsan,ယော်ဆန်,MMR015304,MMR015304011,village_point_Shan_v96.zip:mmr_shn_pplp2_250k_unodc_mimu.shp,2946,township_geom_missing,township_geom_missing,98.88957977,23.05138016
village,flagged,Shan (North),215682,Yawng Long,ယောင်လုံ,MMR015304,MMR015304011,village_point_Shan_v96.zip:mmr_shn_pplp2_250k_unodc_mimu.shp,2947,township_geom_missing,township_geom_missing,98.77078247,23.05644035
village,flagged,Shan (North),215665,Aum Pa Laing,အွမ့်ပလိုင်,MMR015304,MMR015304010,village_point_Shan_v96.zip:mmr_shn_pplp2_250k_unodc_mimu.shp,2948,township_geom_missing,township_geom_missing,98.86791992,22.98564911
village,flagged,Shan (North),215666,Ka Let Tu,ကလက်တူး,MMR015304,MMR015304010,village_point_Shan_v96.zip:mmr_shn_pplp2_250k_unodc_mimu.shp,2949,township_geom_missing,township_geom_missing,98.81153870,22.98805046
village,flagged,Shan (North),215667,Long Teit,လုံတဲ့,MMR015304,MMR015304010,village_point_Shan_v96.zip:mmr_shn_pplp2_250k_unodc_mimu.shp,2950,township_geom_missing,township_geom_missing,98.85810089,22.97396088
village,flagged,Shan (North),215668,Mway Ga Yet,မွေဂရက်,MMR015304,MMR015304010,village_point_Shan_v96.zip:mmr_shn_pplp2_250k_unodc_mimu.shp,2951,township_geom_missing,township_geom_missing,98.82987213,22.95302963
village,flagged,Shan (North),215670,Pyan Wein,ပြန်ဝိန်း,MMR015304,MMR015304010,village_point_Shan_v96.zip:mmr_shn_pplp2_250k_unodc_mimu.shp,2952,township_geom_missing,township_geom_missing,98.80193329,22.98891068
village,flagged,Shan (North),215671,Yawng Hka Yoe,ယောင်ခရိုး,MMR015304,MMR015304010,village_point_Shan_v96.zip:mmr_shn_pplp2_250k_unodc_mimu.shp,2953,township_geom_missing,township_geom_missing,98.81620789,23.01017952
village,flagged,Shan (North),215673,Yawng Ka Law,ယောင်ကလော,MMR015304,MMR015304010,village_point_Shan_v96.zip:mmr_shn_pplp2_250k_unodc_mimu.shp,2954,township_geom_missing,township_geom_missing,98.81741333,22.98472977
village,flagged,Shan (North),215674,Yawng Lu,ယောင်လု,MMR015304,MMR015304010,village_point_Shan_v96.zip:mmr_shn_pplp2_250k_unodc_mimu.shp,2955,township_geom_missing,township_geom_missing,98.85449219,22.97706032
village,flagged,Shan (North),215672,Yawng Sang,ယောင်ဆန်း,MMR015304,MMR015304010,village_point_Shan_v96.zip:mmr_shn_pplp2_250k_unodc_mimu.shp,2956,township_geom_missing,township_geom_missing,98.80792999,22.98895073
village,flagged,Shan (North),215675,Yawng Tin,ယောင်တင်း,MMR015304,MMR015304010,village_point_Shan_v96.zip:mmr_shn_pplp2_250k_unodc_mimu.shp,2957,township_geom_missing,township_geom_missing,98.80159760,22.98703003
village,flagged,Shan (North),217606,Chin Chaik Htan,ချင်းချိုက်ထန်,MMR015201,MMR015201008,village_point_Shan_v96.zip:mmr_shn_pplp2_250k_unodc_mimu.shp,3040,township_geom_missing,township_geom_missing,98.51402283,23.85678291
village,flagged,Shan (North),217608,Chon Gan,ချုံကန်,MMR015201,MMR015201008,village_point_Shan_v96.zip:mmr_shn_pplp2_250k_unodc_mimu.shp,3041,township_geom_missing,township_geom_missing,98.45791626,23.87862778
village,flagged,Shan (North),217615,Kone Kan Hsan,ကုန်းကန်စန်,MMR015201,MMR015201008,village_point_Shan_v96.zip:mmr_shn_pplp2_250k_unodc_mimu.shp,3042,township_geom_missing,township_geom_missing,98.53220367,23.84818649
village,flagged,Shan (North),217618,Man Ton,မန်တုံ,MMR015201,MMR015201008,village_point_Shan_v96.zip:mmr_shn_pplp2_250k_unodc_mimu.shp,3043,township_geom_missing,township_geom_missing,98.45279694,23.88203049
village,flagged,Shan (North),217570,Kyin Nyeit (Juin Nyeh),ကျင်ညဲ့,MMR015201,MMR015201006,village_point_Shan_v96.zip:mmr_shn_pplp2_250k_unodc_mimu.shp,3044,township_geom_missing,township_geom_missing,98.57506561,23.86544037
village,flagged,Shan (North),217573,Ma Jee Keng,မာကျီးကျိုင်း,MMR015201,MMR015201006,village_point_Shan_v96.zip:mmr_shn_pplp2_250k_unodc_mimu.shp,3045,township_geom_missing,township_geom_missing,98.56672668,23.96599007
village,flagged,Shan (North),217574,Ma Lu Keng,မာလုကျိုင်း,MMR015201,MMR015201006,village_point_Shan_v96.zip:mmr_shn_pplp2_250k_unodc_mimu.shp,3046,township_geom_missing,township_geom_missing,98.59841919,23.95274734
village,flagged,Shan (North),217575,Man Kan,မန်ကန်,MMR015201,MMR015201006,village_point_Shan_v96.zip:mmr_shn_pplp2_250k_unodc_mimu.shp,3047,township_geom_missing,township_geom_missing,98.54164886,23.88701248
village,flagged,Shan (North),217577,Man May,မန်မေ,MMR015201,MMR015201006,village_point_Shan_v96.zip:mmr_shn_pplp2_250k_unodc_mimu.shp,3048,township_geom_missing,township_geom_missing,98.55618286,23.89353180
village,flagged,Shan (North),217578,Par Si Lin(Hua Qiao Shan),ပါစီလင် (ဟွားရှောင်ရှန်း),MMR015201,MMR015201006,village_point_Shan_v96.zip:mmr_shn_pplp2_250k_unodc_mimu.shp,3049,township_geom_missing,township_geom_missing,98.48652649,23.92229080
village,flagged,Shan (North),217580,Shao Hsin Su,ရှော်ဆင်ရှူ,MMR015201,MMR015201006,village_point_Shan_v96.zip:mmr_shn_pplp2_250k_unodc_mimu.shp,3050,township_geom_missing,township_geom_missing,98.56273651,23.92501831
village,flagged,Shan (North),217569,Shar Hsaw Par Keng (Chao Ba Zhai),ရှားဆော်ပါကျိုင်း,MMR015201,MMR015201006,village_point_Shan_v96.zip:mmr_shn_pplp2_250k_unodc_mimu.shp,3051,township_geom_missing,township_geom_missing,98.58941650,23.90626335
village,flagged,Shan (North),217583,Tar Kon Hsar,တာကုန်းဆာ,MMR015201,MMR015201006,village_point_Shan_v96.zip:mmr_shn_pplp2_250k_unodc_mimu.shp,3052,township_geom_missing,township_geom_missing,98.53536987,23.94661522
village,flagged,Shan (North),215683,Hti Koe,ထိကိုး,MMR015309,MMR015309001,village_point_Shan_v96.zip:mmr_shn_pplp2_250k_unodc_mimu.shp,4007,township_geom_missing,township_geom_missing,98.86975098,22.70537949
village,flagged,Shan (North),215684,Kawng Lai,ကောင်လိုင်း,MMR015309,MMR015309001,village_point_Shan_v96.zip:mmr_shn_pplp2_250k_unodc_mimu.shp,4008,township_geom_missing,township_geom_missing,98.86869049,22.72159958
village,flagged,Shan (North),215685,Lai Ngeint,လိုင်ငြိမ့်,MMR015309,MMR015309001,village_point_Shan_v96.zip:mmr_shn_pplp2_250k_unodc_mimu.shp,4009,township_geom_missing,township_geom_missing,98.84143066,22.71316910
village,flagged,Shan (North),215686,Lan Na,လန်န,MMR015309,MMR015309001,village_point_Shan_v96.zip:mmr_shn_pplp2_250k_unodc_mimu.shp,4010,township_geom_missing,township_geom_missing,98.84076691,22.67210960
village,flagged,Shan (North),215688,Loi Long,လွယ်လုံ,MMR015309,MMR015309001,village_point_Shan_v96.zip:mmr_shn_pplp2_250k_unodc_mimu.shp,4011,township_geom_missing,township_geom_missing,98.90644073,22.70248985
village,flagged,Shan (North),215687,Loke Ku,လုတ်ကူး,MMR015309,MMR015309001,village_point_Shan_v96.zip:mmr_shn_pplp2_250k_unodc_mimu.shp,4012,township_geom_missing,township_geom_missing,98.82044983,22.68434906
village,flagged,Shan (North),215689,Tar Laik,တာလိုက်,MMR015309,MMR015309001,village_point_Shan_v96.zip:mmr_shn_pplp2_250k_unodc_mimu.shp,4013,township_geom_missing,township_geom_missing,98.90339661,22.70309067
village,flagged,Shan (North),215690,Yawng Kawng,ယောင်ကောင်း,MMR015309,MMR015309001,village_point_Shan_v96.zip:mmr_shn_pplp2_250k_unodc_mimu.shp,4014,township_geom_missing,township_geom_missing,98.90335083,22.70363045
village,flagged,Shan (North),215692,Yawng Lan,ယောင်လန်း,MMR015309,MMR015309001,village_point_Shan_v96.zip:mmr_shn_pplp2_250k_unodc_mimu.shp,4015,township_geom_missing,township_geom_missing,98.87590027,22.69285011
village,flagged,Shan (North),215693,Yawng Nawng,ယောင်နောင်း,MMR015309,MMR015309001,village_point_Shan_v96.zip:mmr_shn_pplp2_250k_unodc_mimu.shp,4016,township_geom_missing,township_geom_missing,98.90306854,22.70796013
village,flagged,Shan (North),215694,Yawng Pang,ယောင်ပန်း,MMR015309,MMR015309001,village_point_Shan_v96.zip:mmr_shn_pplp2_250k_unodc_mimu.shp,4017,township_geom_missing,township_geom_missing,98.82215881,22.70141029
village,flagged,Shan (North),215695,Aung Lant,အောင်လန့်,MMR015309,MMR015309002,village_point_Shan_v96.zip:mmr_shn_pplp2_250k_unodc_mimu.shp,4018,township_geom_missing,township_geom_missing,98.80590057,22.83073997
village,flagged,Shan (North),215697,Aung Twar,အောင်တွာ,MMR015309,MMR015309002,village_point_Shan_v96.zip:mmr_shn_pplp2_250k_unodc_mimu.shp,4019,township_geom_missing,township_geom_missing,98.86099243,22.83011055
village,flagged,Shan (North),215699,Hpan Laing (Middle),ဖန်လိုင်း (အလယ်),MMR015309,MMR015309002,village_point_Shan_v96.zip:mmr_shn_pplp2_250k_unodc_mimu.shp,4020,township_geom_missing,township_geom_missing,98.85500336,22.85556030
village,flagged,Shan (North),215700,Hpan Laing (Upper),ဖန်လိုင်း (အထက်),MMR015309,MMR015309002,village_point_Shan_v96.zip:mmr_shn_pplp2_250k_unodc_mimu.shp,4021,township_geom_missing,township_geom_missing,98.84407806,22.85100937
village,flagged,Shan (North),215702,Hto Loke,ထိုလုတ်,MMR015309,MMR015309002,village_point_Shan_v96.zip:mmr_shn_pplp2_250k_unodc_mimu.shp,4022,township_geom_missing,township_geom_missing,98.79606628,22.84691048
village,flagged,Shan (North),215703,Lai Man,လိုင်မန်း,MMR015309,MMR015309002,village_point_Shan_v96.zip:mmr_shn_pplp2_250k_unodc_mimu.shp,4023,township_geom_missing,township_geom_missing,98.79958344,22.83326912
village,flagged,Shan (North),215704,Man Hkei,မန်ခယ်,MMR015309,MMR015309002,village_point_Shan_v96.zip:mmr_shn_pplp2_250k_unodc_mimu.shp,4024,township_geom_missing,township_geom_missing,98.80168152,22.81369972
village,flagged,Shan (North),215705,Man Hsun,မန်ဆွန်း,MMR015309,MMR015309002,village_point_Shan_v96.zip:mmr_shn_pplp2_250k_unodc_mimu.shp,4025,township_geom_missing,township_geom_missing,98.82665253,22.85149956
village,flagged,Shan (North),215706,Man Kyawng,မန်ကျောင်း,MMR015309,MMR015309002,village_point_Shan_v96.zip:mmr_shn_pplp2_250k_unodc_mimu.shp,4026,township_geom_missing,township_geom_missing,98.87699890,22.83563995
village,flagged,Shan (North),215707,Man Laing Kyan,မန်လိုင်းကျန်,MMR015309,MMR015309002,village_point_Shan_v96.zip:mmr_shn_pplp2_250k_unodc_mimu.shp,4027,township_geom_missing,township_geom_missing,98.82527924,22.84094048
village,flagged,Shan (North),215708,Man Mai,မန်မိုင်,MMR015309,MMR015309002,village_point_Shan_v96.zip:mmr_shn_pplp2_250k_unodc_mimu.shp,4028,township_geom_missing,township_geom_missing,98.81706238,22.82287979
village,flagged,Shan (North),215709,Yawng Mut (Lower),ယောင်မွတ် (အောက်),MMR015309,MMR015309002,village_point_Shan_v96.zip:mmr_shn_pplp2_250k_unodc_mimu.shp,4029,township_geom_missing,township_geom_missing,98.87911987,22.82776070
village,flagged,Shan (North),215710,Yawng Mut (Upper),ယောင်မွတ် (အထက်),MMR015309,MMR015309002,village_point_Shan_v96.zip:mmr_shn_pplp2_250k_unodc_mimu.shp,4030,township_geom_missing,township_geom_missing,98.87812042,22.83196068
village,flagged,Shan (North),215711,Yawng Nawng,ယောင်နောင်,MMR015309,MMR015309002,village_point_Shan_v96.zip:mmr_shn_pplp2_250k_unodc_mimu.shp,4031,township_geom_missing,township_geom_missing,98.79290009,22.81681061
village,flagged,Shan (North),215719,Mar Teit,မာတဲ့,MMR015309,MMR015309003,village_point_Shan_v96.zip:mmr_shn_pplp2_250k_unodc_mimu.shp,4032,township_geom_missing,township_geom_missing,98.78846741,22.71529961
village,flagged,Shan (North),215718,Maw Hpai,မောဖိုင်း,MMR015309,MMR015309003,village_point_Shan_v96.zip:mmr_shn_pplp2_250k_unodc_mimu.shp,4033,township_geom_missing,township_geom_missing,98.79644775,22.68243980
village,flagged,Shan (North),215722,Aung Nawng,အောင်နောင်,MMR015309,MMR015309004,village_point_Shan_v96.zip:mmr_shn_pplp2_250k_unodc_mimu.shp,4034,township_geom_missing,township_geom_missing,98.83641052,22.77461052
village,flagged,Shan (North),215723,Kawng Lauk,ကောင်လောက်,MMR015309,MMR015309004,village_point_Shan_v96.zip:mmr_shn_pplp2_250k_unodc_mimu.shp,4035,township_geom_missing,township_geom_missing,98.80438995,22.75267029
village,flagged,Shan (North),215725,Man Kawng,မန်ကောင်,MMR015309,MMR015309004,village_point_Shan_v96.zip:mmr_shn_pplp2_250k_unodc_mimu.shp,4036,township_geom_missing,township_geom_missing,98.84863281,22.76976013
village,flagged,Shan (North),215727,Man Shen,မန်ရှဲန်,MMR015309,MMR015309004,village_point_Shan_v96.zip:mmr_shn_pplp2_250k_unodc_mimu.shp,4037,township_geom_missing,township_geom_missing,98.84957123,22.76997948
village,flagged,Shan (North),215730,Oh Mone (Upper),အိုမုန်း (အထက်),MMR015309,MMR015309004,village_point_Shan_v96.zip:mmr_shn_pplp2_250k_unodc_mimu.shp,4038,township_geom_missing,township_geom_missing,98.83592224,22.80229950
village,flagged,Shan (North),215742,Shin Keng,ရှင်ကျိုင်း,MMR015309,MMR015309005,village_point_Shan_v96.zip:mmr_shn_pplp2_250k_unodc_mimu.shp,4039,township_geom_missing,township_geom_missing,98.77346039,22.80076027
village,flagged,Shan (North),215751,Hpan Hpa Lar,ဖန်ဖလား,MMR015309,MMR015309007,village_point_Shan_v96.zip:mmr_shn_pplp2_250k_unodc_mimu.shp,4040,township_geom_missing,township_geom_missing,98.93289948,22.64048004
village,flagged,Shan (North),215752,Hsawng Ke,ဆောင်ကဲ,MMR015309,MMR015309007,village_point_Shan_v96.zip:mmr_shn_pplp2_250k_unodc_mimu.shp,4041,township_geom_missing,township_geom_missing,98.91441345,22.63849068
village,flagged,Shan (North),215753,Kyi Ran,ကျီရန်,MMR015309,MMR015309007,village_point_Shan_v96.zip:mmr_shn_pplp2_250k_unodc_mimu.shp,4042,township_geom_missing,township_geom_missing,98.90534973,22.58589935
village,flagged,Shan (North),215754,Loi Htwar,လွယ်ထွာ,MMR015309,MMR015309007,village_point_Shan_v96.zip:mmr_shn_pplp2_250k_unodc_mimu.shp,4043,township_geom_missing,township_geom_missing,99.03304291,22.58658028
village,flagged,Shan (North),215755,Man Mai,မန်မိုင်,MMR015309,MMR015309007,village_point_Shan_v96.zip:mmr_shn_pplp2_250k_unodc_mimu.shp,4044,township_geom_missing,township_geom_missing,98.97461700,22.64265060
village,flagged,Shan (North),215757,Tat Wa,တပ်ဝ,MMR015309,MMR015309007,village_point_Shan_v96.zip:mmr_shn_pplp2_250k_unodc_mimu.shp,4045,township_geom_missing,township_geom_missing,98.94309998,22.60214043
village,flagged,Shan (North),215758,Yawng Kawng,ယောင်ကောင်း,MMR015309,MMR015309007,village_point_Shan_v96.zip:mmr_shn_pplp2_250k_unodc_mimu.shp,4046,township_geom_missing,township_geom_missing,98.94719696,22.59832001
village,flagged,Shan (North),215760,Yawng Maw,ယောင်မော,MMR015309,MMR015309007,village_point_Shan_v96.zip:mmr_shn_pplp2_250k_unodc_mimu.shp,4047,township_geom_missing,township_geom_missing,98.98948669,22.55899048
village,flagged,Shan (North),215761,Yawng Rone,ယောင်ရုန်း,MMR015309,MMR015309007,village_point_Shan_v96.zip:mmr_shn_pplp2_250k_unodc_mimu.shp,4048,township_geom_missing,township_geom_missing,98.94310760,22.61002922
village,flagged,Shan (North),215765,Maw Oke,မောအုပ်,MMR015309,MMR015309008,village_point_Shan_v96.zip:mmr_shn_pplp2_250k_unodc_mimu.shp,4049,township_geom_missing,township_geom_missing,98.85758972,22.77695084
village,flagged,Shan (North),215784,Htet Son,ထက်စုံး,MMR015307,MMR015307002,village_point_Shan_v96.zip:mmr_shn_pplp2_250k_unodc_mimu.shp,4050,township_geom_missing,township_geom_missing,99.41670227,22.88294983
village,flagged,Shan (North),215785,Yawng Lwin,ယောင်လွင်း,MMR015307,MMR015307002,village_point_Shan_v96.zip:mmr_shn_pplp2_250k_unodc_mimu.shp,4051,township_geom_missing,township_geom_missing,99.40940094,22.86655998
village,flagged,Shan (North),215786,Yawng Yay,ယောင်ရေး,MMR015307,MMR015307002,village_point_Shan_v96.zip:mmr_shn_pplp2_250k_unodc_mimu.shp,4052,township_geom_missing,township_geom_missing,99.41790771,22.87788963
village,flagged,Shan (North),215787,Yawng Yu,ယောင်ယူး,MMR015307,MMR015307002,village_point_Shan_v96.zip:mmr_shn_pplp2_250k_unodc_mimu.shp,4053,township_geom_missing,township_geom_missing,99.42355347,22.87504005
village,flagged,Shan (North),215802,Aik Hsay (Lower),အိုက်ဆေး (အောက်),MMR015307,MMR015307007,village_point_Shan_v96.zip:mmr_shn_pplp2_250k_unodc_mimu.shp,4054,township_geom_missing,township_geom_missing,99.34095001,22.85985947
village,flagged,Shan (North),215803,Kum Hsone,ကွမ်ဆုံး,MMR015307,MMR015307007,village_point_Shan_v96.zip:mmr_shn_pplp2_250k_unodc_mimu.shp,4055,township_geom_missing,township_geom_missing,99.33863068,22.87377930
village,flagged,Shan (North),215804,Kum Lawng,ကွမ်လောင်း,MMR015307,MMR015307007,village_point_Shan_v96.zip:mmr_shn_pplp2_250k_unodc_mimu.shp,4056,township_geom_missing,township_geom_missing,99.33735657,22.86877060
village,flagged,Shan (North),215805,Sa Lauk,စလောက်,MMR015307,MMR015307007,village_point_Shan_v96.zip:mmr_shn_pplp2_250k_unodc_mimu.shp,4057,township_geom_missing,township_geom_missing,99.32171631,22.90774918
village,flagged,Shan (North),215806,Yawng La,ယောင်လ,MMR015307,MMR015307007,village_point_Shan_v96.zip:mmr_shn_pplp2_250k_unodc_mimu.shp,4058,township_geom_missing,township_geom_missing,99.32476807,22.88834000
village,flagged,Shan (North),215788,Kum Chaung,ကွမ်ချောင်,MMR015307,MMR015307003,village_point_Shan_v96.zip:mmr_shn_pplp2_250k_unodc_mimu.shp,4059,township_geom_missing,township_geom_missing,99.36533356,22.79775047
village,flagged,Shan (North),215789,Mut Khu,မွတ်ခူး,MMR015307,MMR015307003,village_point_Shan_v96.zip:mmr_shn_pplp2_250k_unodc_mimu.shp,4060,township_geom_missing,township_geom_missing,99.34387970,22.77733040
village,flagged,Shan (North),215790,Shi Ku,ရှီကူ,MMR015307,MMR015307003,village_point_Shan_v96.zip:mmr_shn_pplp2_250k_unodc_mimu.shp,4061,township_geom_missing,township_geom_missing,99.33332825,22.79459000
village,flagged,Shan (North),215791,Yawng Ke,ယောင်ကဲ,MMR015307,MMR015307003,village_point_Shan_v96.zip:mmr_shn_pplp2_250k_unodc_mimu.shp,4062,township_geom_missing,township_geom_missing,99.34040070,22.81117058
village,flagged,Shan (North),215792,Long Htan Tat Mi Thar Zu,လုံထန်တပ်မိသားစု,MMR015307,MMR015307004,village_point_Shan_v96.zip:mmr_shn_pplp2_250k_unodc_mimu.shp,4063,township_geom_missing,township_geom_missing,99.36531067,22.90431976
village,flagged,Shan (North),215793,Tar La Lau (Ywar Thit),တာလာလောက်ရွာသစ်,MMR015307,MMR015307004,village_point_Shan_v96.zip:mmr_shn_pplp2_250k_unodc_mimu.shp,4064,township_geom_missing,township_geom_missing,99.37886047,22.90653992
village,flagged,Shan (North),215794,Tar La Lauk,တာလာလောက်,MMR015307,MMR015307004,village_point_Shan_v96.zip:mmr_shn_pplp2_250k_unodc_mimu.shp,4065,township_geom_missing,township_geom_missing,99.40113068,22.92519951
village,flagged,Shan (North),216701,Ba La,ဗလ,MMR015313,MMR015313005,village_point_Shan_v96.zip:mmr_shn_pplp2_250k_unodc_mimu.shp,4114,township_geom_missing,township_geom_missing,98.74890137,22.42415047
village,flagged,Shan (North),216703,Hnyet Leit,ညှက်လဲ့,MMR015313,MMR015313005,village_point_Shan_v96.zip:mmr_shn_pplp2_250k_unodc_mimu.shp,4115,township_geom_missing,township_geom_missing,98.77729797,22.43608093
village,flagged,Shan (North),216687,Man Pat,မန်ပတ်,MMR015313,MMR015313002,village_point_Shan_v96.zip:mmr_shn_pplp2_250k_unodc_mimu.shp,4116,township_geom_missing,township_geom_missing,98.74976349,22.52024078
village,flagged,Shan (North),216691,Man Hkar,မန်ခါး,MMR015313,MMR015313003,village_point_Shan_v96.zip:mmr_shn_pplp2_250k_unodc_mimu.shp,4117,township_geom_missing,township_geom_missing,98.66464996,22.58457947
village,flagged,Shan (North),216682,Kone Hsar,ကုန်းဆာ,MMR015313,MMR015313001,village_point_Shan_v96.zip:mmr_shn_pplp2_250k_unodc_mimu.shp,4118,township_geom_missing,township_geom_missing,98.77796936,22.48595047
village,flagged,Shan (North),216683,Man Man Hseng,မန်မန်ဆိုင်,MMR015313,MMR015313001,village_point_Shan_v96.zip:mmr_shn_pplp2_250k_unodc_mimu.shp,4119,township_geom_missing,township_geom_missing,98.76689911,22.50308990
village,flagged,Shan (North),216684,Wein Kyan,ဝိန်းကျန်,MMR015313,MMR015313001,village_point_Shan_v96.zip:mmr_shn_pplp2_250k_unodc_mimu.shp,4120,township_geom_missing,township_geom_missing,98.76634979,22.49827003
village,flagged,Shan (North),216685,Yawng Au,ယောင်အူ,MMR015313,MMR015313001,village_point_Shan_v96.zip:mmr_shn_pplp2_250k_unodc_mimu.shp,4121,township_geom_missing,township_geom_missing,98.81729126,22.48300934
village,flagged,Shan (North),215816,Lawng Long,လောင်လုံ,MMR015303,MMR015303002,village_point_Shan_v96.zip:mmr_shn_pplp2_250k_unodc_mimu.shp,4122,township_geom_missing,township_geom_missing,98.82871246,22.87874031
village,flagged,Shan (North),215819,Loi Rone,လွယ်ရုန်း,MMR015303,MMR015303002,village_point_Shan_v96.zip:mmr_shn_pplp2_250k_unodc_mimu.shp,4123,township_geom_missing,township_geom_missing,98.79635620,22.89259911
village,flagged,Shan (North),215817,Long Hkwa,လုံခွ,MMR015303,MMR015303002,village_point_Shan_v96.zip:mmr_shn_pplp2_250k_unodc_mimu.shp,4124,township_geom_missing,township_geom_missing,98.82279968,22.88031006
village,flagged,Shan (North),215807,Kan Hso/Kan Swe,ကန်းဆို  / ကန်စွေ,MMR015303,MMR015303001,village_point_Shan_v96.zip:mmr_shn_pplp2_250k_unodc_mimu.shp,4125,township_geom_missing,township_geom_missing,98.73209381,22.94145966
village,flagged,Shan (North),215808,Kawng Hlyan,ကောင်းလျှံ,MMR015303,MMR015303001,village_point_Shan_v96.zip:mmr_shn_pplp2_250k_unodc_mimu.shp,4126,township_geom_missing,township_geom_missing,98.69947052,22.95244980
village,flagged,Shan (North),215809,Nar Hlyan,နားလျှံ,MMR015303,MMR015303001,village_point_Shan_v96.zip:mmr_shn_pplp2_250k_unodc_mimu.shp,4127,township_geom_missing,township_geom_missing,98.74392700,22.92873955
village,flagged,Shan (North),215810,Sun Kway,စွန်ကွေ,MMR015303,MMR015303001,village_point_Shan_v96.zip:mmr_shn_pplp2_250k_unodc_mimu.shp,4128,township_geom_missing,township_geom_missing,98.73689270,22.93734932
village,flagged,Shan (North),215811,Wan Awt,ဝမ်းအော့,MMR015303,MMR015303001,village_point_Shan_v96.zip:mmr_shn_pplp2_250k_unodc_mimu.shp,4129,township_geom_missing,township_geom_missing,98.73708344,22.94021034
village,flagged,Shan (North),215812,Wein Kawng,ဝိန်းကောင်,MMR015303,MMR015303001,village_point_Shan_v96.zip:mmr_shn_pplp2_250k_unodc_mimu.shp,4130,township_geom_missing,township_geom_missing,98.75273895,22.93610001
village,flagged,Shan (North),215857,Man Nawt (Upper),မန်နော့  (အထက်),MMR015303,MMR015303012,village_point_Shan_v96.zip:mmr_shn_pplp2_250k_unodc_mimu.shp,4131,township_geom_missing,township_geom_missing,98.72631836,22.87347031
village,flagged,Shan (North),215858,Ngeit Hse,ငဲ့ဆဲ,MMR015303,MMR015303012,village_point_Shan_v96.zip:mmr_shn_pplp2_250k_unodc_mimu.shp,4132,township_geom_missing,township_geom_missing,98.72548676,22.87291908
village,flagged,Shan (North),215826,Man Sun,မန်စွန်,MMR015303,MMR015303003,village_point_Shan_v96.zip:mmr_shn_pplp2_250k_unodc_mimu.shp,4133,township_geom_missing,township_geom_missing,98.78954315,22.90509987
village,flagged,Shan (North),215827,Mut Ngway,မွတ်ငွေး,MMR015303,MMR015303003,village_point_Shan_v96.zip:mmr_shn_pplp2_250k_unodc_mimu.shp,4134,township_geom_missing,township_geom_missing,98.76210785,22.87038994
village,flagged,Shan (North),215830,Yawng Ting,ယောင်တိန်း,MMR015303,MMR015303003,village_point_Shan_v96.zip:mmr_shn_pplp2_250k_unodc_mimu.shp,4135,township_geom_missing,township_geom_missing,98.77954865,22.92837906
village,flagged,Shan (North),215839,Yawng Aun (Upper),ယောင်အွန်  (အထက်),MMR015303,MMR015303004,village_point_Shan_v96.zip:mmr_shn_pplp2_250k_unodc_mimu.shp,4136,township_geom_missing,township_geom_missing,98.64124298,22.91534042
village,flagged,Shan (North),215852,Loi Hei,လွယ်ဟယ်,MMR015303,MMR015303011,village_point_Shan_v96.zip:mmr_shn_pplp2_250k_unodc_mimu.shp,4137,township_geom_missing,township_geom_missing,98.60723877,22.96752930
village,flagged,Shan (North),215853,Man Kyawng,မန်ကျောင်း,MMR015303,MMR015303011,village_point_Shan_v96.zip:mmr_shn_pplp2_250k_unodc_mimu.shp,4138,township_geom_missing,township_geom_missing,98.63603973,22.96927071
village,flagged,Shan (North),215854,Wein An,ဝိန်းအန်,MMR015303,MMR015303011,village_point_Shan_v96.zip:mmr_shn_pplp2_250k_unodc_mimu.shp,4139,township_geom_missing,township_geom_missing,98.63361359,22.97640991
village,flagged,Shan (North),215855,Yawng Lan,ယောင်လန်း,MMR015303,MMR015303011,village_point_Shan_v96.zip:mmr_shn_pplp2_250k_unodc_mimu.shp,4140,township_geom_missing,township_geom_missing,98.63507843,22.96422958
village,flagged,Shan (North),215840,Tar Kway,တာကွေး,MMR015303,MMR015303007,village_point_Shan_v96.zip:mmr_shn_pplp2_250k_unodc_mimu.shp,4141,township_geom_missing,township_geom_missing,98.70944214,22.90587044
village,flagged,Shan (North),215842,Yawng Maw,ယောင်မော,MMR015303,MMR015303007,village_point_Shan_v96.zip:mmr_shn_pplp2_250k_unodc_mimu.shp,4142,township_geom_missing,township_geom_missing,98.75150299,22.91193962
village,flagged,Shan (North),215843,Yawng Maw Ywar Thit,ယောင်မောရွာသစ်,MMR015303,MMR015303007,village_point_Shan_v96.zip:mmr_shn_pplp2_250k_unodc_mimu.shp,4143,township_geom_missing,township_geom_missing,98.73999023,22.91852951
village,flagged,Shan (North),216616,Ho Hpar,ဟိုဖါး,MMR015315,MMR015315004,village_point_Shan_v96.zip:mmr_shn_pplp2_250k_unodc_mimu.shp,4735,township_geom_missing,township_geom_missing,99.24456024,22.36377907
village,flagged,Shan (North),216617,Hsi Hsaw,ဆီဆော်,MMR015315,MMR015315004,village_point_Shan_v96.zip:mmr_shn_pplp2_250k_unodc_mimu.shp,4736,township_geom_missing,township_geom_missing,99.18560791,22.39421082
village,flagged,Shan (North),216618,Kaik Lin,ကိုက်လင်း,MMR015315,MMR015315004,village_point_Shan_v96.zip:mmr_shn_pplp2_250k_unodc_mimu.shp,4737,township_geom_missing,township_geom_missing,99.15529633,22.35108948
village,flagged,Shan (North),216619,Kun Kein,ကွန်ကိန်း,MMR015315,MMR015315004,village_point_Shan_v96.zip:mmr_shn_pplp2_250k_unodc_mimu.shp,4738,township_geom_missing,township_geom_missing,99.26396179,22.35928917
village,flagged,Shan (North),216621,Nam Kan,နမ့်ကန်,MMR015315,MMR015315004,village_point_Shan_v96.zip:mmr_shn_pplp2_250k_unodc_mimu.shp,4739,township_geom_missing,township_geom_missing,99.24794006,22.34303093
village,flagged,Shan (North),216593,Ahr Ywet Teit,အာရွက်တေ့,MMR015315,MMR015315002,village_point_Shan_v96.zip:mmr_shn_pplp2_250k_unodc_mimu.shp,4740,township_geom_missing,township_geom_missing,99.12035370,22.42777061
village,flagged,Shan (North),216594,Kum Son,ကွမ်စုန်း,MMR015315,MMR015315002,village_point_Shan_v96.zip:mmr_shn_pplp2_250k_unodc_mimu.shp,4741,township_geom_missing,township_geom_missing,99.11502075,22.40444946
village,flagged,Shan (North),216595,Layt Sum,လေ့စွမ်,MMR015315,MMR015315002,village_point_Shan_v96.zip:mmr_shn_pplp2_250k_unodc_mimu.shp,4742,township_geom_missing,township_geom_missing,99.11660767,22.42402077
village,flagged,Shan (North),216596,Man Bein,မန်ဘိန်း,MMR015315,MMR015315002,village_point_Shan_v96.zip:mmr_shn_pplp2_250k_unodc_mimu.shp,4743,township_geom_missing,township_geom_missing,99.11309814,22.39875984
village,flagged,Shan (North),216597,Nam Hpyan,နမ့်ဖြန်း,MMR015315,MMR015315002,village_point_Shan_v96.zip:mmr_shn_pplp2_250k_unodc_mimu.shp,4744,township_geom_missing,township_geom_missing,99.11138153,22.39757919
village,flagged,Shan (North),216598,Nyan Hpaik,ညဏ်ဖိုက်,MMR015315,MMR015315002,village_point_Shan_v96.zip:mmr_shn_pplp2_250k_unodc_mimu.shp,4745,township_geom_missing,township_geom_missing,99.07708740,22.36664963
village,flagged,Shan (North),216600,Yawng Maw,ယောင်မော်,MMR015315,MMR015315002,village_point_Shan_v96.zip:mmr_shn_pplp2_250k_unodc_mimu.shp,4746,township_geom_missing,township_geom_missing,99.11591339,22.40172958
village,flagged,Shan (North),216580,Hpan Lat,ဖန်လတ်,MMR015315,MMR015315001,village_point_Shan_v96.zip:mmr_shn_pplp2_250k_unodc_mimu.shp,4747,township_geom_missing,township_geom_missing,99.14499664,22.43499947
village,flagged,Shan (North),216581,Hpan Lein,ဖန်လိင့်,MMR015315,MMR015315001,village_point_Shan_v96.zip:mmr_shn_pplp2_250k_unodc_mimu.shp,4748,township_geom_missing,township_geom_missing,99.22805786,22.47407913
village,flagged,Shan (North),216582,Kaing Hsan,ကိုင်းဆန်,MMR015315,MMR015315001,village_point_Shan_v96.zip:mmr_shn_pplp2_250k_unodc_mimu.shp,4749,township_geom_missing,township_geom_missing,99.15599060,22.43156052
village,flagged,Shan (North),216583,Kun Htwei,ကွန်ထွယ်,MMR015315,MMR015315001,village_point_Shan_v96.zip:mmr_shn_pplp2_250k_unodc_mimu.shp,4750,township_geom_missing,township_geom_missing,99.20828247,22.52769089
village,flagged,Shan (North),216584,Kun Lan,ကွန်လန်း,MMR015315,MMR015315001,village_point_Shan_v96.zip:mmr_shn_pplp2_250k_unodc_mimu.shp,4751,township_geom_missing,township_geom_missing,99.17127228,22.52346992
village,flagged,Shan (North),216585,Mut Thon,မွတ်သုံ,MMR015315,MMR015315001,village_point_Shan_v96.zip:mmr_shn_pplp2_250k_unodc_mimu.shp,4752,township_geom_missing,township_geom_missing,99.18522644,22.49625015
village,flagged,Shan (North),216586,Nam Hkam Wu,နမ့်ခမ်းဝူး,MMR015315,MMR015315001,village_point_Shan_v96.zip:mmr_shn_pplp2_250k_unodc_mimu.shp,4753,township_geom_missing,township_geom_missing,99.18628693,22.47715950
village,flagged,Shan (North),216587,Nam Hkone,နမ့်ခုံး,MMR015315,MMR015315001,village_point_Shan_v96.zip:mmr_shn_pplp2_250k_unodc_mimu.shp,4754,township_geom_missing,township_geom_missing,99.20760345,22.47896957
village,flagged,Shan (North),216588,Nam Pa Loke,နမ့်ပလုပ်,MMR015315,MMR015315001,village_point_Shan_v96.zip:mmr_shn_pplp2_250k_unodc_mimu.shp,4755,township_geom_missing,township_geom_missing,99.10814667,22.50979042
village,flagged,Shan (North),216589,Nam Ton,နမ့်တုံ,MMR015315,MMR015315001,village_point_Shan_v96.zip:mmr_shn_pplp2_250k_unodc_mimu.shp,4756,township_geom_missing,township_geom_missing,99.19011688,22.42712975
village,flagged,Shan (North),216590,Si Na (Man Mai),စီန (မန်မိုင်),MMR015315,MMR015315001,village_point_Shan_v96.zip:mmr_shn_pplp2_250k_unodc_mimu.shp,4757,township_geom_missing,township_geom_missing,99.15940094,22.48081017
village,flagged,Shan (North),216591,Wan Hawng,ဝမ်ဟောင်,MMR015315,MMR015315001,village_point_Shan_v96.zip:mmr_shn_pplp2_250k_unodc_mimu.shp,4758,township_geom_missing,township_geom_missing,99.19387817,22.48286057
village,flagged,Shan (North),216592,Yon Mut,ယုံမွတ်,MMR015315,MMR015315001,village_point_Shan_v96.zip:mmr_shn_pplp2_250k_unodc_mimu.shp,4759,township_geom_missing,township_geom_missing,99.14465332,22.52166939
village,flagged,Shan (North),216633,Nar Yawng,နားယောင်း,MMR015315,MMR015315005,village_point_Shan_v96.zip:mmr_shn_pplp2_250k_unodc_mimu.shp,4760,township_geom_missing,township_geom_missing,99.08486176,22.44371986
village,flagged,Shan (North),216634,Ngaik Yan,ငိုက်ရန်း,MMR015315,MMR015315005,village_point_Shan_v96.zip:mmr_shn_pplp2_250k_unodc_mimu.shp,4761,township_geom_missing,township_geom_missing,99.08094788,22.46069908
village,flagged,Shan (North),216635,Nyet Teit (Upper),ညကတဲ့  (အထက်),MMR015315,MMR015315005,village_point_Shan_v96.zip:mmr_shn_pplp2_250k_unodc_mimu.shp,4762,township_geom_missing,township_geom_missing,99.05570221,22.47208023
village,flagged,Shan (North),216601,Kawng Pya (Lower),ကောင်ပြာ့ (အောက်),MMR015315,MMR015315003,village_point_Shan_v96.zip:mmr_shn_pplp2_250k_unodc_mimu.shp,4763,township_geom_missing,township_geom_missing,99.21428680,22.43129921
village,flagged,Shan (North),216603,Lin Hkam (Lower),လင်းခမ်း (အောက်),MMR015315,MMR015315003,village_point_Shan_v96.zip:mmr_shn_pplp2_250k_unodc_mimu.shp,4764,township_geom_missing,township_geom_missing,99.25596619,22.46319008
village,flagged,Shan (North),216604,Lin Hkam (Upper),လင်းခမ်း (အထက်),MMR015315,MMR015315003,village_point_Shan_v96.zip:mmr_shn_pplp2_250k_unodc_mimu.shp,4765,township_geom_missing,township_geom_missing,99.25019073,22.46528053
village,flagged,Shan (North),216605,Long Hpawt,လုံဖေါ့,MMR015315,MMR015315003,village_point_Shan_v96.zip:mmr_shn_pplp2_250k_unodc_mimu.shp,4766,township_geom_missing,township_geom_missing,99.26982880,22.45137024
village,flagged,Shan (North),216606,Par Lin (Lower),ပါလင်း (အောက်),MMR015315,MMR015315003,village_point_Shan_v96.zip:mmr_shn_pplp2_250k_unodc_mimu.shp,4767,township_geom_missing,township_geom_missing,99.27761078,22.42036057
village,flagged,Shan (North),216608,Par Lin (Upper),ပါလင်း (အထက်),MMR015315,MMR015315003,village_point_Shan_v96.zip:mmr_shn_pplp2_250k_unodc_mimu.shp,4768,township_geom_missing,township_geom_missing,99.28076172,22.42498016
village,flagged,Shan (North),216610,Shi Htong (Upper),ရှီထုံး (အထက်),MMR015315,MMR015315003,village_point_Shan_v96.zip:mmr_shn_pplp2_250k_unodc_mimu.shp,4769,township_geom_missing,township_geom_missing,99.25363159,22.42559052
village,flagged,Shan (North),215441,Shawng Kon Lone,ရှောင်ကုံလုံး,MMR015301,MMR015301008,village_point_Shan_v96.zip:mmr_shn_pplp2_250k_unodc_mimu.shp,4770,township_geom_missing,township_geom_missing,98.83934784,23.27018929
village,flagged,Shan (North),215443,Hpu Sum,ဖူစွမ်,MMR015301,MMR015301009,village_point_Shan_v96.zip:mmr_shn_pplp2_250k_unodc_mimu.shp,4771,township_geom_missing,township_geom_missing,98.87336731,23.39431953
village,flagged,Shan (North),215444,Kyawng Par Keng,ကျောင်ပါကျိုင်,MMR015301,MMR015301009,village_point_Shan_v96.zip:mmr_shn_pplp2_250k_unodc_mimu.shp,4772,township_geom_missing,township_geom_missing,98.91531372,23.37779999
village,flagged,Shan (North),215446,Mar Lawt,မာလော့,MMR015301,MMR015301009,village_point_Shan_v96.zip:mmr_shn_pplp2_250k_unodc_mimu.shp,4773,township_geom_missing,township_geom_missing,98.91648102,23.41320038
village,flagged,Shan (North),215445,Mar Ong Par,မာအုံပါး,MMR015301,MMR015301009,village_point_Shan_v96.zip:mmr_shn_pplp2_250k_unodc_mimu.shp,4774,township_geom_missing,township_geom_missing,98.83560181,23.41155052
village,flagged,Shan (North),215447,Nan Tar,နန်တာ,MMR015301,MMR015301009,village_point_Shan_v96.zip:mmr_shn_pplp2_250k_unodc_mimu.shp,4775,township_geom_missing,township_geom_missing,98.89389801,23.38459969
village,flagged,Shan (North),215448,Tawng Mein,တေင်းမိုမ်,MMR015301,MMR015301009,village_point_Shan_v96.zip:mmr_shn_pplp2_250k_unodc_mimu.shp,4776,township_geom_missing,township_geom_missing,98.81758118,23.43415070
village,flagged,Shan (North),215449,Yay Ching,ယေချိန်း,MMR015301,MMR015301009,village_point_Shan_v96.zip:mmr_shn_pplp2_250k_unodc_mimu.shp,4777,township_geom_missing,township_geom_missing,98.87239838,23.41354942
village,flagged,Shan (North),215415,Kon Mu,ကုံမူ,MMR015301,MMR015301001,village_point_Shan_v96.zip:mmr_shn_pplp2_250k_unodc_mimu.shp,4778,township_geom_missing,township_geom_missing,98.89971924,23.44009018
village,flagged,Shan (North),215421,Man Han,မန်ဟန်,MMR015301,MMR015301007,village_point_Shan_v96.zip:mmr_shn_pplp2_250k_unodc_mimu.shp,4779,township_geom_missing,township_geom_missing,98.87006378,23.14765930
village,flagged,Shan (North),215422,Man Lar,မန်လား,MMR015301,MMR015301007,village_point_Shan_v96.zip:mmr_shn_pplp2_250k_unodc_mimu.shp,4780,township_geom_missing,township_geom_missing,98.85859680,23.17915916
village,flagged,Shan (North),215423,Nam Hsi Yang,နမ့်ဆီယမ်,MMR015301,MMR015301007,village_point_Shan_v96.zip:mmr_shn_pplp2_250k_unodc_mimu.shp,4781,township_geom_missing,township_geom_missing,98.81900787,23.15640068
village,flagged,Shan (North),215424,Nam Mu,နာမ်မူး,MMR015301,MMR015301007,village_point_Shan_v96.zip:mmr_shn_pplp2_250k_unodc_mimu.shp,4782,township_geom_missing,township_geom_missing,98.87793732,23.19194031
village,flagged,Shan (North),215425,Nar Hsant,နားဆန့်  (လ်),MMR015301,MMR015301007,village_point_Shan_v96.zip:mmr_shn_pplp2_250k_unodc_mimu.shp,4783,township_geom_missing,township_geom_missing,98.83444977,23.18420029
village,flagged,Shan (North),215426,Pang Hkaw,ပန်ခေါ်,MMR015301,MMR015301007,village_point_Shan_v96.zip:mmr_shn_pplp2_250k_unodc_mimu.shp,4784,township_geom_missing,township_geom_missing,98.84230804,23.22300911
village,flagged,Shan (North),215427,Yawng Maw,ယောင်မော,MMR015301,MMR015301007,village_point_Shan_v96.zip:mmr_shn_pplp2_250k_unodc_mimu.shp,4785,township_geom_missing,township_geom_missing,98.86309814,23.15339088
village,flagged,Shan (North),215428,Yawng Ngeit,ယောင်ငှဲ့,MMR015301,MMR015301007,village_point_Shan_v96.zip:mmr_shn_pplp2_250k_unodc_mimu.shp,4786,township_geom_missing,township_geom_missing,98.84382629,23.16501999
village,flagged,Shan (North),215429,Yawng Pang,ယောင်ပန်း,MMR015301,MMR015301007,village_point_Shan_v96.zip:mmr_shn_pplp2_250k_unodc_mimu.shp,4787,township_geom_missing,township_geom_missing,98.85064697,23.19631958
village,flagged,Shan (North),210523,Nam Aum,နမ့်အွမ်,MMR015015,MMR015015019,village_point_Shan_v96.zip:mmr_shn_pplp2_250k_unodc_mimu.shp,5181,outside_source_township,outside_source_township,97.67893982,23.18547058
village,flagged,Shan (North),217452,Haw Put,​ဟောပွတ်,MMR015316,MMR015316001,village_point_Shan_v96.zip:mmr_shn_pplp2_250k_unodc_mimu.shp,5187,township_geom_missing,township_geom_missing,98.72083282,22.40082932
village,flagged,Shan (North),216547,Kun Lawng,ကွန်လောင်,MMR015316,MMR015316001,village_point_Shan_v96.zip:mmr_shn_pplp2_250k_unodc_mimu.shp,5188,township_geom_missing,township_geom_missing,98.62165070,22.38944054
village,flagged,Shan (North),217457,Nar Kaw,နာကော်,MMR015316,MMR015316001,village_point_Shan_v96.zip:mmr_shn_pplp2_250k_unodc_mimu.shp,5189,township_geom_missing,township_geom_missing,98.67138672,22.38611031
village,flagged,Shan (North),216549,Nar Kawng,နားကောင်း,MMR015316,MMR015316001,village_point_Shan_v96.zip:mmr_shn_pplp2_250k_unodc_mimu.shp,5190,township_geom_missing,township_geom_missing,98.71166992,22.37528038
village,flagged,Shan (North),217453,Nar Saing (Lower),နားဆိုင် (အောက်),MMR015316,MMR015316001,village_point_Shan_v96.zip:mmr_shn_pplp2_250k_unodc_mimu.shp,5191,township_geom_missing,township_geom_missing,98.70027924,22.39749908
village,flagged,Shan (North),216550,Nar Saing (Upper),နားစိုင်,MMR015316,MMR015316001,village_point_Shan_v96.zip:mmr_shn_pplp2_250k_unodc_mimu.shp,5192,township_geom_missing,township_geom_missing,98.71138763,22.39666939
village,flagged,Shan (North),217451,Wan Kawng,မ၀မ်ကောင်း,MMR015316,MMR015316001,village_point_Shan_v96.zip:mmr_shn_pplp2_250k_unodc_mimu.shp,5193,township_geom_missing,township_geom_missing,98.70082855,22.36778069
village,flagged,Shan (North),217454,Wan Kawng,၀မ်ကောင်း,MMR015316,MMR015316001,village_point_Shan_v96.zip:mmr_shn_pplp2_250k_unodc_mimu.shp,5194,township_geom_missing,township_geom_missing,98.70361328,22.36916924
village,flagged,Shan (North),217455,Wan Long,၀မ်လုံ,MMR015316,MMR015316001,village_point_Shan_v96.zip:mmr_shn_pplp2_250k_unodc_mimu.shp,5195,township_geom_missing,township_geom_missing,98.70889282,22.36972046
village,flagged,Shan (North),217456,Wan Nar,၀မ်နား,MMR015316,MMR015316001,village_point_Shan_v96.zip:mmr_shn_pplp2_250k_unodc_mimu.shp,5196,township_geom_missing,township_geom_missing,98.70999908,22.37277985
village,flagged,Shan (North),216553,Nam Htu,နမ့်ထူ,MMR015316,MMR015316002,village_point_Shan_v96.zip:mmr_shn_pplp2_250k_unodc_mimu.shp,5197,township_geom_missing,township_geom_missing,98.83894348,22.38611031
village,flagged,Shan (North),216554,Ong Long,အုံးလုံ,MMR015316,MMR015316002,village_point_Shan_v96.zip:mmr_shn_pplp2_250k_unodc_mimu.shp,5198,township_geom_missing,township_geom_missing,98.82592010,22.35029984
village,flagged,Shan (North),216555,Pang Kum,ပန်ကွမ်,MMR015316,MMR015316002,village_point_Shan_v96.zip:mmr_shn_pplp2_250k_unodc_mimu.shp,5199,township_geom_missing,township_geom_missing,98.80148315,22.28764915
village,flagged,Shan (North),216556,Wan Sum,ဝမ်စွမ်,MMR015316,MMR015316002,village_point_Shan_v96.zip:mmr_shn_pplp2_250k_unodc_mimu.shp,5200,township_geom_missing,township_geom_missing,98.79282379,22.38939095
village,flagged,Shan (North),216557,Wan Tone,ဝမ်တုံး,MMR015316,MMR015316002,village_point_Shan_v96.zip:mmr_shn_pplp2_250k_unodc_mimu.shp,5201,township_geom_missing,township_geom_missing,98.83908844,22.43276024
village,flagged,Shan (North),216559,Ho Nyan,ဟိုညဏ်,MMR015316,MMR015316003,village_point_Shan_v96.zip:mmr_shn_pplp2_250k_unodc_mimu.shp,5202,township_geom_missing,township_geom_missing,98.76483154,22.23557091
village,flagged,Shan (North),216560,Ho Pong,ဟိုပုံ,MMR015316,MMR015316003,village_point_Shan_v96.zip:mmr_shn_pplp2_250k_unodc_mimu.shp,5203,township_geom_missing,township_geom_missing,98.66535950,22.31804085
village,flagged,Shan (North),216562,Kawng Lan,ကောင်းလမ်း,MMR015316,MMR015316003,village_point_Shan_v96.zip:mmr_shn_pplp2_250k_unodc_mimu.shp,5204,township_geom_missing,township_geom_missing,98.66277313,22.29092026
village,flagged,Shan (North),216561,Kawng Sang,ကောင်းဆန်း,MMR015316,MMR015316003,village_point_Shan_v96.zip:mmr_shn_pplp2_250k_unodc_mimu.shp,5205,township_geom_missing,township_geom_missing,98.71244812,22.23007965
village,flagged,Shan (North),216563,Loi Pa Lawng,လိယ်ပလောင်,MMR015316,MMR015316003,village_point_Shan_v96.zip:mmr_shn_pplp2_250k_unodc_mimu.shp,5206,township_geom_missing,township_geom_missing,98.69441223,22.24263000
village,flagged,Shan (North),216564,Ma Hin Pyan,မဟင်ပျံ,MMR015316,MMR015316003,village_point_Shan_v96.zip:mmr_shn_pplp2_250k_unodc_mimu.shp,5207,township_geom_missing,township_geom_missing,98.72412872,22.22883034
village,flagged,Shan (North),216565,Nam Pauk,နမ့်ပေါက်,MMR015316,MMR015316003,village_point_Shan_v96.zip:mmr_shn_pplp2_250k_unodc_mimu.shp,5208,township_geom_missing,township_geom_missing,98.62309265,22.26466942
village,flagged,Shan (North),216566,Nam Put,နမ့်ပွတ်,MMR015316,MMR015316003,village_point_Shan_v96.zip:mmr_shn_pplp2_250k_unodc_mimu.shp,5209,township_geom_missing,township_geom_missing,98.71469116,22.21458054
village,flagged,Shan (North),216558,Nan Aw,နန်အော်,MMR015316,MMR015316003,village_point_Shan_v96.zip:mmr_shn_pplp2_250k_unodc_mimu.shp,5210,township_geom_missing,township_geom_missing,98.60742950,22.27541924
village,flagged,Shan (North),216567,Nar Mum,နားမွမ်,MMR015316,MMR015316003,village_point_Shan_v96.zip:mmr_shn_pplp2_250k_unodc_mimu.shp,5211,township_geom_missing,township_geom_missing,98.62590790,22.29908943
village,flagged,Shan (North),216568,Pang Kawng,ပန်ကောင်,MMR015316,MMR015316003,village_point_Shan_v96.zip:mmr_shn_pplp2_250k_unodc_mimu.shp,5212,township_geom_missing,township_geom_missing,98.67587280,22.23930931
village,flagged,Shan (North),216569,Ping Son,ပိန်းစုံ,MMR015316,MMR015316003,village_point_Shan_v96.zip:mmr_shn_pplp2_250k_unodc_mimu.shp,5213,township_geom_missing,township_geom_missing,98.58142090,22.27633095
village,flagged,Shan (North),216570,Ton Nauk,တုမ်နောက်,MMR015316,MMR015316003,village_point_Shan_v96.zip:mmr_shn_pplp2_250k_unodc_mimu.shp,5214,township_geom_missing,township_geom_missing,98.68300629,22.23162079
village,flagged,Shan (North),216571,Wan Hpant,ဝမ်ဖမ့်,MMR015316,MMR015316003,village_point_Shan_v96.zip:mmr_shn_pplp2_250k_unodc_mimu.shp,5215,township_geom_missing,township_geom_missing,98.63771820,22.29594040
village,flagged,Shan (North),216572,Wan Hsam,ဝမ်ဆမ်,MMR015316,MMR015316003,village_point_Shan_v96.zip:mmr_shn_pplp2_250k_unodc_mimu.shp,5216,township_geom_missing,township_geom_missing,98.62703705,22.21643066
village,flagged,Shan (North),216573,Wan Yang,ဝမ်ယန်း,MMR015316,MMR015316003,village_point_Shan_v96.zip:mmr_shn_pplp2_250k_unodc_mimu.shp,5217,township_geom_missing,township_geom_missing,98.63993835,22.24658012
village,flagged,Shan (North),216574,Wein Hkee,ဝိန်ခီး,MMR015316,MMR015316003,village_point_Shan_v96.zip:mmr_shn_pplp2_250k_unodc_mimu.shp,5218,township_geom_missing,township_geom_missing,98.68701935,22.23012924
village,flagged,Shan (North),215863,Pang Hkone,ပန်ခုံး,MMR015302,MMR015302001,village_point_Shan_v96.zip:mmr_shn_pplp2_250k_unodc_mimu.shp,5219,township_geom_missing,township_geom_missing,98.64208221,23.06077957
village,flagged,Shan (North),215878,Nam Ye,နမ့်ရဲ,MMR015302,MMR015302002,village_point_Shan_v96.zip:mmr_shn_pplp2_250k_unodc_mimu.shp,5220,township_geom_missing,township_geom_missing,98.67662048,23.11569977
village,flagged,Shan (North),215880,Nar Wee (Chinese),နာဝီး  တရုတ်,MMR015302,MMR015302002,village_point_Shan_v96.zip:mmr_shn_pplp2_250k_unodc_mimu.shp,5221,township_geom_missing,township_geom_missing,98.66448975,23.11157036
village,flagged,Shan (North),215881,Nar Wee (Wa),နာဝီး ဝ,MMR015302,MMR015302002,village_point_Shan_v96.zip:mmr_shn_pplp2_250k_unodc_mimu.shp,5222,township_geom_missing,township_geom_missing,98.66053009,23.10948944
village,flagged,Shan (North),215882,Nar Wee Long,နာဝီးလုံ,MMR015302,MMR015302002,village_point_Shan_v96.zip:mmr_shn_pplp2_250k_unodc_mimu.shp,5223,township_geom_missing,township_geom_missing,98.64250183,23.10038948
village,flagged,Shan (North),215890,Hman Oh,မှန်အို,MMR015302,MMR015302004,village_point_Shan_v96.zip:mmr_shn_pplp2_250k_unodc_mimu.shp,5224,township_geom_missing,township_geom_missing,98.48961639,23.17904091
village,flagged,Shan (North),215892,Kawng Hsant,ကောင်ဆန့်,MMR015302,MMR015302004,village_point_Shan_v96.zip:mmr_shn_pplp2_250k_unodc_mimu.shp,5225,township_geom_missing,township_geom_missing,98.51103210,23.16753006
village,flagged,Shan (North),215893,Mong Ngin,မိုင်းငင်း,MMR015302,MMR015302004,village_point_Shan_v96.zip:mmr_shn_pplp2_250k_unodc_mimu.shp,5226,township_geom_missing,township_geom_missing,98.54199219,23.15543938
village,flagged,Shan (North),215896,Hsan Hwar,ဆန်ဟွာ,MMR015302,MMR015302005,village_point_Shan_v96.zip:mmr_shn_pplp2_250k_unodc_mimu.shp,5227,township_geom_missing,township_geom_missing,98.77498627,23.13727951
village,flagged,Shan (North),215897,Kawng Pet,ကောင်းပက်,MMR015302,MMR015302005,village_point_Shan_v96.zip:mmr_shn_pplp2_250k_unodc_mimu.shp,5228,township_geom_missing,township_geom_missing,98.77629852,23.18714905
village,flagged,Shan (North),215898,Keng Mai Keng,ကြိုင်မိုင်ကျိုင်,MMR015302,MMR015302005,village_point_Shan_v96.zip:mmr_shn_pplp2_250k_unodc_mimu.shp,5229,township_geom_missing,township_geom_missing,98.78755951,23.20833015
village,flagged,Shan (North),215899,Kyo Hphan,ကျိုဖန်,MMR015302,MMR015302005,village_point_Shan_v96.zip:mmr_shn_pplp2_250k_unodc_mimu.shp,5230,township_geom_missing,township_geom_missing,98.79183197,23.19042015
village,flagged,Shan (North),215900,Myauk Gyi Sang,​မျောက်ဂျီဆန်း,MMR015302,MMR015302005,village_point_Shan_v96.zip:mmr_shn_pplp2_250k_unodc_mimu.shp,5231,township_geom_missing,township_geom_missing,98.80587769,23.21340942
village,flagged,Shan (North),215901,Nar Tawng,နားတောင်,MMR015302,MMR015302005,village_point_Shan_v96.zip:mmr_shn_pplp2_250k_unodc_mimu.shp,5232,township_geom_missing,township_geom_missing,98.76886749,23.20369911
village,flagged,Shan (North),215902,Pang Yawng,ပန်ရောင်း,MMR015302,MMR015302005,village_point_Shan_v96.zip:mmr_shn_pplp2_250k_unodc_mimu.shp,5233,township_geom_missing,township_geom_missing,98.77739716,23.13788986
village,flagged,Shan (North),215903,Tar Keng,တာကျိုင်း,MMR015302,MMR015302005,village_point_Shan_v96.zip:mmr_shn_pplp2_250k_unodc_mimu.shp,5234,township_geom_missing,township_geom_missing,98.77620697,23.14188004
village,flagged,Shan (North),216525,Htawng Lawng,ထောင်လောင်,MMR015314,MMR015314002,village_point_Shan_v96.zip:mmr_shn_pplp2_250k_unodc_mimu.shp,5238,township_geom_missing,township_geom_missing,98.97590637,22.47610092
village,flagged,Shan (North),216526,Kawng Hkar,ကောင်ခါး,MMR015314,MMR015314002,village_point_Shan_v96.zip:mmr_shn_pplp2_250k_unodc_mimu.shp,5239,township_geom_missing,township_geom_missing,98.92411041,22.43638039
village,flagged,Shan (North),216528,Nawng Hkit,နောင်ခေတ်,MMR015314,MMR015314002,village_point_Shan_v96.zip:mmr_shn_pplp2_250k_unodc_mimu.shp,5240,township_geom_missing,township_geom_missing,98.92395020,22.43992043
village,flagged,Shan (North),216529,Pang Kaw,ပန်ကော်,MMR015314,MMR015314002,village_point_Shan_v96.zip:mmr_shn_pplp2_250k_unodc_mimu.shp,5241,township_geom_missing,township_geom_missing,98.85227203,22.50152969
village,flagged,Shan (North),216530,Toke Lawng,တုတ်လောင်း,MMR015314,MMR015314002,village_point_Shan_v96.zip:mmr_shn_pplp2_250k_unodc_mimu.shp,5242,township_geom_missing,township_geom_missing,98.96533203,22.44466972
village,flagged,Shan (North),216542,Mut Hay,မွတ်ဟေး,MMR015314,MMR015314004,village_point_Shan_v96.zip:mmr_shn_pplp2_250k_unodc_mimu.shp,5243,township_geom_missing,township_geom_missing,99.01516724,22.34853935
village,flagged,Shan (North),216543,Sa Lu,စလူ,MMR015314,MMR015314004,village_point_Shan_v96.zip:mmr_shn_pplp2_250k_unodc_mimu.shp,5244,township_geom_missing,township_geom_missing,98.97879791,22.37311935
village,flagged,Shan (North),216544,Tar Lar,တာလား,MMR015314,MMR015314004,village_point_Shan_v96.zip:mmr_shn_pplp2_250k_unodc_mimu.shp,5245,township_geom_missing,township_geom_missing,98.95577240,22.38759995
village,flagged,Shan (North),216545,Yawng Hlan,ယောင်လှန်း,MMR015314,MMR015314004,village_point_Shan_v96.zip:mmr_shn_pplp2_250k_unodc_mimu.shp,5246,township_geom_missing,township_geom_missing,98.97058105,22.40306091
village,flagged,Shan (North),216524,Yawng Pa Lawng,ယောင်ပလောင်,MMR015314,MMR015314001,village_point_Shan_v96.zip:mmr_shn_pplp2_250k_unodc_mimu.shp,5247,township_geom_missing,township_geom_missing,98.87770844,22.26796913
village,flagged,Shan (North),217464,Dar Gyi,ဒါးဂျီ,MMR015317,MMR015317003,village_point_Shan_v96.zip:mmr_shn_pplp2_250k_unodc_mimu.shp,5498,township_geom_missing,township_geom_missing,99.19082642,22.33028030
village,flagged,Shan (North),216480,Dein Aw (1),ဒိန်းအော (၁),MMR015317,MMR015317003,village_point_Shan_v96.zip:mmr_shn_pplp2_250k_unodc_mimu.shp,5499,township_geom_missing,township_geom_missing,99.18847656,22.32489967
village,flagged,Shan (North),217462,Haw Pu (Shan),​ဟောပူ (ရှမ်း),MMR015317,MMR015317003,village_point_Shan_v96.zip:mmr_shn_pplp2_250k_unodc_mimu.shp,5500,township_geom_missing,township_geom_missing,99.20173475,22.28643871
village,flagged,Shan (North),217463,Kawng Go Li,​ကောင်းကိုလီ,MMR015317,MMR015317003,village_point_Shan_v96.zip:mmr_shn_pplp2_250k_unodc_mimu.shp,5501,township_geom_missing,township_geom_missing,99.20417023,22.35750008
village,flagged,Shan (North),217461,Mein Hai (Lar Hu),မိန်းဟိုင် (လားဟူ),MMR015317,MMR015317003,village_point_Shan_v96.zip:mmr_shn_pplp2_250k_unodc_mimu.shp,5502,township_geom_missing,township_geom_missing,99.17778015,22.31221962
village,flagged,Shan (North),216490,Mein Hai (Wa),မိန်ဟိုင်း,MMR015317,MMR015317003,village_point_Shan_v96.zip:mmr_shn_pplp2_250k_unodc_mimu.shp,5503,township_geom_missing,township_geom_missing,99.17415619,22.29277039
village,flagged,Shan (North),216494,Yawng Ban,ယောင်ဘန်း,MMR015317,MMR015317003,village_point_Shan_v96.zip:mmr_shn_pplp2_250k_unodc_mimu.shp,5504,township_geom_missing,township_geom_missing,99.20215317,22.28500916
village,flagged,Shan (North),216500,Kawng Huong,ကောင်းဟုန်း,MMR015317,MMR015317005,village_point_Shan_v96.zip:mmr_shn_pplp2_250k_unodc_mimu.shp,5505,township_geom_missing,township_geom_missing,99.16951752,22.18676949
village,flagged,Shan (North),216502,Nam Kawng,နမ့်ကောင်း,MMR015317,MMR015317005,village_point_Shan_v96.zip:mmr_shn_pplp2_250k_unodc_mimu.shp,5506,township_geom_missing,township_geom_missing,99.20278168,22.22616959
village,flagged,Shan (North),216503,Nam Maik Hkaik,နမ့်မိုက်ခိုက်,MMR015317,MMR015317005,village_point_Shan_v96.zip:mmr_shn_pplp2_250k_unodc_mimu.shp,5507,township_geom_missing,township_geom_missing,99.14720917,22.22600937
village,flagged,Shan (North),216504,Pang Hpein,ပန်ဖိန်း,MMR015317,MMR015317005,village_point_Shan_v96.zip:mmr_shn_pplp2_250k_unodc_mimu.shp,5508,township_geom_missing,township_geom_missing,99.16320801,22.20688057
village,flagged,Shan (North),216505,Taw Mawt,​ တော်မော့,MMR015317,MMR015317005,village_point_Shan_v96.zip:mmr_shn_pplp2_250k_unodc_mimu.shp,5509,township_geom_missing,township_geom_missing,99.16709137,22.24901962
village,flagged,Shan (North),216495,Hsawng Pu,​ ဆောင်ပူ,MMR015317,MMR015317004,village_point_Shan_v96.zip:mmr_shn_pplp2_250k_unodc_mimu.shp,5510,township_geom_missing,township_geom_missing,99.04306030,22.28027916
village,flagged,Shan (North),216497,Man Maw Wa,မန်းမောဝ,MMR015317,MMR015317004,village_point_Shan_v96.zip:mmr_shn_pplp2_250k_unodc_mimu.shp,5511,township_geom_missing,township_geom_missing,99.06194305,22.29888916
village,flagged,Shan (North),216508,Kar Waing (Gar Vain),ကာဝိုင်း,MMR015317,MMR015317006,village_point_Shan_v96.zip:mmr_shn_pplp2_250k_unodc_mimu.shp,5512,township_geom_missing,township_geom_missing,99.01928711,22.18670082
village,flagged,Shan (North),216512,Mou Hay,မိုဟေး,MMR015317,MMR015317006,village_point_Shan_v96.zip:mmr_shn_pplp2_250k_unodc_mimu.shp,5513,township_geom_missing,township_geom_missing,99.08917236,22.22110939
village,flagged,Shan (North),216513,Nam Hpat,နမ့်ဖတ်,MMR015317,MMR015317006,village_point_Shan_v96.zip:mmr_shn_pplp2_250k_unodc_mimu.shp,5514,township_geom_missing,township_geom_missing,99.04875183,22.20615959
village,flagged,Shan (North),216514,Nan Lin Hsawng (Wa),နန်လင်ဆောင်း,MMR015317,MMR015317006,village_point_Shan_v96.zip:mmr_shn_pplp2_250k_unodc_mimu.shp,5515,township_geom_missing,township_geom_missing,99.06667328,22.20001030
village,flagged,Shan (North),216515,Saw Aw,​ စော်အော်,MMR015317,MMR015317006,village_point_Shan_v96.zip:mmr_shn_pplp2_250k_unodc_mimu.shp,5516,township_geom_missing,township_geom_missing,99.05528259,22.21666908
village,flagged,Shan (North),217466,Nam Lin Hsawng (Lar Hu),နန်လင်ဆောင်း (လားဟူ),MMR015317,MMR015317006,village_point_Shan_v96.zip:mmr_shn_pplp2_250k_unodc_mimu.shp,5517,township_geom_missing,township_geom_missing,99.06667328,22.21666908
village,flagged,Shan (North),217469,Ngek War,ငှက်ါ,MMR015317,MMR015317006,village_point_Shan_v96.zip:mmr_shn_pplp2_250k_unodc_mimu.shp,5518,township_geom_missing,township_geom_missing,98.99472046,22.17860985
village,flagged,Shan (North),217470,Pang Ma Lan,ပန်မလန်,MMR015317,MMR015317006,village_point_Shan_v96.zip:mmr_shn_pplp2_250k_unodc_mimu.shp,5519,township_geom_missing,township_geom_missing,99.03166962,22.17499924
village,flagged,Shan (North),217468,The Baw (Lar Hu),သီပေါ (လားဟူ),MMR015317,MMR015317006,village_point_Shan_v96.zip:mmr_shn_pplp2_250k_unodc_mimu.shp,5520,township_geom_missing,township_geom_missing,99.07943726,22.23472023
village,flagged,Shan (North),217467,The Baw (Wa),သီပေါ (ဝ),MMR015317,MMR015317006,village_point_Shan_v96.zip:mmr_shn_pplp2_250k_unodc_mimu.shp,5521,township_geom_missing,township_geom_missing,99.07193756,22.24361038
village,flagged,Shan (North),217465,Wan Nawng,ဝမ်းနောင်,MMR015317,MMR015317006,village_point_Shan_v96.zip:mmr_shn_pplp2_250k_unodc_mimu.shp,5522,township_geom_missing,township_geom_missing,98.98722076,22.20528030
village,flagged,Shan (North),216468,Nan Bar Di (Upper),နန်ဘာဒီ,MMR015317,MMR015317001,village_point_Shan_v96.zip:mmr_shn_pplp2_250k_unodc_mimu.shp,5523,township_geom_missing,township_geom_missing,99.08167267,22.16278076
village,flagged,Shan (North),216470,Nar Lawt,နာလော့,MMR015317,MMR015317001,village_point_Shan_v96.zip:mmr_shn_pplp2_250k_unodc_mimu.shp,5524,township_geom_missing,township_geom_missing,99.13443756,22.15971947
village,flagged,Shan (North),217459,Pang Ku (Lar Hu),ပန်ခူး (လားဟူ),MMR015317,MMR015317001,village_point_Shan_v96.zip:mmr_shn_pplp2_250k_unodc_mimu.shp,5525,township_geom_missing,township_geom_missing,99.09999847,22.17694092
village,flagged,Shan (North),217458,Wan Kawng,၀မ်းကောင်း,MMR015317,MMR015317001,village_point_Shan_v96.zip:mmr_shn_pplp2_250k_unodc_mimu.shp,5526,township_geom_missing,township_geom_missing,99.13583374,22.16777992
village,flagged,Shan (North),216471,Ban Ye,ဘန်ရဲ,MMR015317,MMR015317002,village_point_Shan_v96.zip:mmr_shn_pplp2_250k_unodc_mimu.shp,5527,township_geom_missing,township_geom_missing,99.09583282,22.30389023
village,flagged,Shan (North),217460,Man Ka Long,မန်ကလုံ,MMR015317,MMR015317002,village_point_Shan_v96.zip:mmr_shn_pplp2_250k_unodc_mimu.shp,5528,township_geom_missing,township_geom_missing,99.14639282,22.32555962
village,flagged,Shan (North),216475,Mein Htaw (Mong Taw),မိန်းထော်,MMR015317,MMR015317002,village_point_Shan_v96.zip:mmr_shn_pplp2_250k_unodc_mimu.shp,5529,township_geom_missing,township_geom_missing,99.15110779,22.23611069
village,flagged,Shan (North),216478,Yawng Tin (Wa),ယောင်းတင်း (ဝ),MMR015317,MMR015317002,village_point_Shan_v96.zip:mmr_shn_pplp2_250k_unodc_mimu.shp,5530,township_geom_missing,township_geom_missing,99.12889099,22.30110931
village,flagged,Shan (North),216479,Yawng Ting Thit,ယောင်တင်းသစ်,MMR015317,MMR015317002,village_point_Shan_v96.zip:mmr_shn_pplp2_250k_unodc_mimu.shp,5531,township_geom_missing,township_geom_missing,99.11638641,22.25028038
village,flagged,Shan (North),216665,Bein Mum,ဘိန်းမွမ်း,MMR015318,MMR015318002,village_point_Shan_v96.zip:mmr_shn_pplp2_250k_unodc_mimu.shp,5532,township_geom_missing,township_geom_missing,98.93470764,22.15580940
village,flagged,Shan (North),216666,Gat Maw,ဂတ်မော်,MMR015318,MMR015318002,village_point_Shan_v96.zip:mmr_shn_pplp2_250k_unodc_mimu.shp,5533,township_geom_missing,township_geom_missing,98.87258911,22.16370964
village,flagged,Shan (North),216667,Hman Mein,မှန်မိန်း,MMR015318,MMR015318002,village_point_Shan_v96.zip:mmr_shn_pplp2_250k_unodc_mimu.shp,5534,township_geom_missing,township_geom_missing,98.87796783,22.18824959
village,flagged,Shan (North),217472,Kun Kyan,ခူကျန်း,MMR015318,MMR015318002,village_point_Shan_v96.zip:mmr_shn_pplp2_250k_unodc_mimu.shp,5535,township_geom_missing,township_geom_missing,98.93556213,22.15611076
village,flagged,Shan (North),216668,Ma Hkam,မခမ်း,MMR015318,MMR015318002,village_point_Shan_v96.zip:mmr_shn_pplp2_250k_unodc_mimu.shp,5536,township_geom_missing,township_geom_missing,98.89978027,22.18275070
village,flagged,Shan (North),216669,Nar Mum,နားမွမ်း,MMR015318,MMR015318002,village_point_Shan_v96.zip:mmr_shn_pplp2_250k_unodc_mimu.shp,5537,township_geom_missing,township_geom_missing,98.93348694,22.12715912
village,flagged,Shan (North),216670,Tar Get,တာဂက်,MMR015318,MMR015318002,village_point_Shan_v96.zip:mmr_shn_pplp2_250k_unodc_mimu.shp,5538,township_geom_missing,township_geom_missing,98.89015198,22.21976089
village,flagged,Shan (North),217473,Wan Lawng,ဝမ်လောင်း,MMR015318,MMR015318002,village_point_Shan_v96.zip:mmr_shn_pplp2_250k_unodc_mimu.shp,5539,township_geom_missing,township_geom_missing,98.92749786,22.15472031
village,flagged,Shan (North),216672,Nar Long,နားလုံ,MMR015318,MMR015318003,village_point_Shan_v96.zip:mmr_shn_pplp2_250k_unodc_mimu.shp,5540,township_geom_missing,township_geom_missing,98.73175812,22.16385078
village,flagged,Shan (North),216673,Nyet Ga Leit,ညက်ဂလဲ့,MMR015318,MMR015318003,village_point_Shan_v96.zip:mmr_shn_pplp2_250k_unodc_mimu.shp,5541,township_geom_missing,township_geom_missing,98.72432709,22.13125992
village,flagged,Shan (North),216674,Pang Hlyin,ပန်လျှင်း,MMR015318,MMR015318003,village_point_Shan_v96.zip:mmr_shn_pplp2_250k_unodc_mimu.shp,5542,township_geom_missing,township_geom_missing,98.72119904,22.12008095
village,flagged,Shan (North),216675,Pang Ho Kwe,ပန်ဟိုကွဲ,MMR015318,MMR015318003,village_point_Shan_v96.zip:mmr_shn_pplp2_250k_unodc_mimu.shp,5543,township_geom_missing,township_geom_missing,98.72152710,22.18012047
village,flagged,Shan (North),216662,Pang Yang,ပန်ယန်း,MMR015318,MMR015318001,village_point_Shan_v96.zip:mmr_shn_pplp2_250k_unodc_mimu.shp,5544,township_geom_missing,township_geom_missing,98.79866791,22.12980080
village,flagged,Shan (North),216663,Toke Ka Lawng,တုတ်ကလောင်,MMR015318,MMR015318001,village_point_Shan_v96.zip:mmr_shn_pplp2_250k_unodc_mimu.shp,5545,township_geom_missing,township_geom_missing,98.81700897,22.18392944
village,flagged,Shan (North),217471,Wan Kawng,ဝမ်ကောင်း,MMR015318,MMR015318001,village_point_Shan_v96.zip:mmr_shn_pplp2_250k_unodc_mimu.shp,5546,township_geom_missing,township_geom_missing,98.78916931,22.12722015
village,flagged,Shan (North),216010,Aum Aut,အွမ်အွတ်,MMR015308,MMR015308001,village_point_Shan_v96.zip:mmr_shn_pplp2_250k_unodc_mimu.shp,5742,township_geom_missing,township_geom_missing,99.31398773,22.95714951
village,flagged,Shan (North),216014,Gon Ga Rone,ဂုံဂရုံး,MMR015308,MMR015308002,village_point_Shan_v96.zip:mmr_shn_pplp2_250k_unodc_mimu.shp,5743,township_geom_missing,township_geom_missing,99.29505920,23.01284981
village,flagged,Shan (North),216018,Yawng Lun,ယောင်လွန်း,MMR015308,MMR015308002,village_point_Shan_v96.zip:mmr_shn_pplp2_250k_unodc_mimu.shp,5744,township_geom_missing,township_geom_missing,99.28299713,23.01711082
village,flagged,Shan (North),216021,Yawng Hawt,ယောင်ဟော့,MMR015308,MMR015308003,village_point_Shan_v96.zip:mmr_shn_pplp2_250k_unodc_mimu.shp,5745,township_geom_missing,township_geom_missing,99.37683868,22.97879982
village,flagged,Shan (North),216023,Aum Ran,အွမ်ရန်း,MMR015308,MMR015308004,village_point_Shan_v96.zip:mmr_shn_pplp2_250k_unodc_mimu.shp,5746,township_geom_missing,township_geom_missing,99.34593964,22.99139023
village,flagged,Shan (North),216024,Kone Kan,ကုန်းကန်း,MMR015308,MMR015308004,village_point_Shan_v96.zip:mmr_shn_pplp2_250k_unodc_mimu.shp,5747,township_geom_missing,township_geom_missing,99.34387970,22.98341942
village,flagged,Shan (North),216025,See Gyi,စီးဂျီ,MMR015308,MMR015308004,village_point_Shan_v96.zip:mmr_shn_pplp2_250k_unodc_mimu.shp,5748,township_geom_missing,township_geom_missing,99.33026123,22.98547935
village,flagged,Shan (North),216029,Yawng Lin,ယောင်လင်း,MMR015308,MMR015308005,village_point_Shan_v96.zip:mmr_shn_pplp2_250k_unodc_mimu.shp,5749,township_geom_missing,township_geom_missing,99.29679108,22.93810081
village,flagged,Shan (North),216030,Gaung Pa Lawng,ဂေါင်ပလောင်း,MMR015308,MMR015308006,village_point_Shan_v96.zip:mmr_shn_pplp2_250k_unodc_mimu.shp,5750,township_geom_missing,township_geom_missing,99.23158264,23.00963974
village,flagged,Shan (North),216031,Laik Leit (Yaik),လိုက်လဲ့ (ရိုက်),MMR015308,MMR015308006,village_point_Shan_v96.zip:mmr_shn_pplp2_250k_unodc_mimu.shp,5751,township_geom_missing,township_geom_missing,99.22910309,22.98877907
village,flagged,Shan (North),216034,Yawng Hkeit,ယောင်ခဲ့,MMR015308,MMR015308006,village_point_Shan_v96.zip:mmr_shn_pplp2_250k_unodc_mimu.shp,5752,township_geom_missing,township_geom_missing,99.22277069,22.98336029
village,flagged,Shan (North),216035,Yawng Hkwee,ယောင်ခွီး,MMR015308,MMR015308006,village_point_Shan_v96.zip:mmr_shn_pplp2_250k_unodc_mimu.shp,5753,township_geom_missing,township_geom_missing,99.21215057,23.00184059
village,flagged,Shan (North),216036,Yawng Kaik,ယောင်ကိုက်,MMR015308,MMR015308006,village_point_Shan_v96.zip:mmr_shn_pplp2_250k_unodc_mimu.shp,5754,township_geom_missing,township_geom_missing,99.20726013,22.98760986
village,flagged,Shan (North),216037,Yawng Lun,ယောင်လွန်း,MMR015308,MMR015308006,village_point_Shan_v96.zip:mmr_shn_pplp2_250k_unodc_mimu.shp,5755,township_geom_missing,township_geom_missing,99.22708893,22.99304008
village,flagged,Shan (North),216038,Yawng Pang,ယောင်ပန်,MMR015308,MMR015308006,village_point_Shan_v96.zip:mmr_shn_pplp2_250k_unodc_mimu.shp,5756,township_geom_missing,township_geom_missing,99.21756744,22.97736931
village,flagged,Shan (North),216041,Yawng Kyone,ယောင်ကြုံး,MMR015308,MMR015308007,village_point_Shan_v96.zip:mmr_shn_pplp2_250k_unodc_mimu.shp,5757,township_geom_missing,township_geom_missing,99.11447144,22.92913055
village,flagged,Shan (North),216042,Yawng Nawng,ယောင်နောင်း,MMR015308,MMR015308007,village_point_Shan_v96.zip:mmr_shn_pplp2_250k_unodc_mimu.shp,5758,township_geom_missing,township_geom_missing,99.14541626,22.96389008
village,flagged,Shan (North),216043,Yawng Teit,ယောင်တဲ့,MMR015308,MMR015308007,village_point_Shan_v96.zip:mmr_shn_pplp2_250k_unodc_mimu.shp,5759,township_geom_missing,township_geom_missing,99.12522125,22.97030067
village,flagged,Shan (North),216051,Kon Man,ကုန်မန်,MMR015312,MMR015312001,village_point_Shan_v96.zip:mmr_shn_pplp2_250k_unodc_mimu.shp,5760,township_geom_missing,township_geom_missing,99.34371185,22.57143974
village,flagged,Shan (North),216054,Pang Lai,ပန်လိုင်း,MMR015312,MMR015312001,village_point_Shan_v96.zip:mmr_shn_pplp2_250k_unodc_mimu.shp,5761,township_geom_missing,township_geom_missing,99.35067749,22.57811928
village,flagged,Shan (North),216055,Yawng Hawng,ယောင်ဟောင်,MMR015312,MMR015312001,village_point_Shan_v96.zip:mmr_shn_pplp2_250k_unodc_mimu.shp,5762,township_geom_missing,township_geom_missing,99.32839203,22.55582047
village,flagged,Shan (North),216056,Yawng Pa Yawng,ယောင်ပယောင်,MMR015312,MMR015312001,village_point_Shan_v96.zip:mmr_shn_pplp2_250k_unodc_mimu.shp,5763,township_geom_missing,township_geom_missing,99.32717133,22.55837059
village,flagged,Shan (North),216061,Long Kein,လုံကိန်း,MMR015312,MMR015312002,village_point_Shan_v96.zip:mmr_shn_pplp2_250k_unodc_mimu.shp,5764,township_geom_missing,township_geom_missing,99.22547150,22.58947945
village,flagged,Shan (North),216073,Nar Chan,နားချန်း,MMR015312,MMR015312003,village_point_Shan_v96.zip:mmr_shn_pplp2_250k_unodc_mimu.shp,5765,township_geom_missing,township_geom_missing,99.11350250,22.61528969
village,flagged,Shan (North),216076,Nar Pun,နားပွန်း,MMR015312,MMR015312003,village_point_Shan_v96.zip:mmr_shn_pplp2_250k_unodc_mimu.shp,5766,township_geom_missing,township_geom_missing,99.08969116,22.60684967
village,flagged,Shan (North),216077,No Min,နိုမင်း,MMR015312,MMR015312003,village_point_Shan_v96.zip:mmr_shn_pplp2_250k_unodc_mimu.shp,5767,township_geom_missing,township_geom_missing,99.09131622,22.61994934
village,flagged,Shan (North),216079,Pang Waw,ပန်ဝေါ,MMR015312,MMR015312003,village_point_Shan_v96.zip:mmr_shn_pplp2_250k_unodc_mimu.shp,5768,township_geom_missing,township_geom_missing,99.10633087,22.61234093
village,flagged,Shan (North),216084,Lawng Ku,လောင်ကူ,MMR015312,MMR015312004,village_point_Shan_v96.zip:mmr_shn_pplp2_250k_unodc_mimu.shp,5769,township_geom_missing,township_geom_missing,99.12258148,22.64616013
village,flagged,Shan (North),216091,Gaung Hkwi,ဂေါင်ခွိ,MMR015312,MMR015312005,village_point_Shan_v96.zip:mmr_shn_pplp2_250k_unodc_mimu.shp,5770,township_geom_missing,township_geom_missing,99.31745148,22.60648918
village,flagged,Shan (North),216093,Hpat Ka Law,ဖတ်ကလော်,MMR015312,MMR015312005,village_point_Shan_v96.zip:mmr_shn_pplp2_250k_unodc_mimu.shp,5771,township_geom_missing,township_geom_missing,99.28408051,22.64308929
village,flagged,Shan (North),216095,Pang Waw (Lower),ပန်ဝေါ (အောက်),MMR015312,MMR015312005,village_point_Shan_v96.zip:mmr_shn_pplp2_250k_unodc_mimu.shp,5772,township_geom_missing,township_geom_missing,99.33422852,22.61161041
village,flagged,Shan (North),216096,Pang Waw (Upper),ပန်ဝေါ (အထက်),MMR015312,MMR015312005,village_point_Shan_v96.zip:mmr_shn_pplp2_250k_unodc_mimu.shp,5773,township_geom_missing,township_geom_missing,99.32776642,22.60784912
village,flagged,Shan (North),216097,Plat Hkat Te (Lower),ပလပ်ခပ်တဲ (အောက်),MMR015312,MMR015312005,village_point_Shan_v96.zip:mmr_shn_pplp2_250k_unodc_mimu.shp,5774,township_geom_missing,township_geom_missing,99.32688141,22.65624046
village,flagged,Shan (North),216098,Plat Hkat Te (Upper),ပလပ်ခပ်တဲ (အထက်),MMR015312,MMR015312005,village_point_Shan_v96.zip:mmr_shn_pplp2_250k_unodc_mimu.shp,5775,township_geom_missing,township_geom_missing,99.31688690,22.65625954
village,flagged,Shan (North),216099,Yawng Hkwi,ယောင်ခွီ,MMR015312,MMR015312005,village_point_Shan_v96.zip:mmr_shn_pplp2_250k_unodc_mimu.shp,5776,township_geom_missing,township_geom_missing,99.28852081,22.62508011
village,flagged,Shan (North),216100,Yawng Pa Ra,ယောင်ပရ,MMR015312,MMR015312005,village_point_Shan_v96.zip:mmr_shn_pplp2_250k_unodc_mimu.shp,5777,township_geom_missing,township_geom_missing,99.29902145,22.65625954
village,flagged,Shan (North),216106,Si Mu Lin,စီမူလင်,MMR015312,MMR015312006,village_point_Shan_v96.zip:mmr_shn_pplp2_250k_unodc_mimu.shp,5778,township_geom_missing,township_geom_missing,99.25782776,22.66547966
village,flagged,Shan (North),216110,Hpan Yawng,ဖန်ယောင်,MMR015312,MMR015312007,village_point_Shan_v96.zip:mmr_shn_pplp2_250k_unodc_mimu.shp,5779,township_geom_missing,township_geom_missing,99.26753998,22.67906952
village,flagged,Shan (North),216112,Yawng Leik,ယောင်လိတ်,MMR015312,MMR015312007,village_point_Shan_v96.zip:mmr_shn_pplp2_250k_unodc_mimu.shp,5780,township_geom_missing,township_geom_missing,99.26306915,22.69726944
village,flagged,Shan (North),216113,Yawng Mway,ယောင်မွေ,MMR015312,MMR015312007,village_point_Shan_v96.zip:mmr_shn_pplp2_250k_unodc_mimu.shp,5781,township_geom_missing,township_geom_missing,99.26437378,22.69487953
village,flagged,Shan (North),216117,Lo Hkum Lar Hu,လိုခွမ်လားဟူ,MMR015312,MMR015312008,village_point_Shan_v96.zip:mmr_shn_pplp2_250k_unodc_mimu.shp,5782,township_geom_missing,township_geom_missing,99.29128265,22.58456993
village,flagged,Shan (North),216118,Lo Hkum Wa,လိုခွမ်ဝ,MMR015312,MMR015312008,village_point_Shan_v96.zip:mmr_shn_pplp2_250k_unodc_mimu.shp,5783,township_geom_missing,township_geom_missing,99.28746796,22.58330917
village,flagged,Shan (North),216119,Mut Ahr,မွတ်အား,MMR015312,MMR015312008,village_point_Shan_v96.zip:mmr_shn_pplp2_250k_unodc_mimu.shp,5784,township_geom_missing,township_geom_missing,99.29158783,22.55933952
village,flagged,Shan (North),216120,Ron Ba Re,ရုံဘရဲ,MMR015312,MMR015312008,village_point_Shan_v96.zip:mmr_shn_pplp2_250k_unodc_mimu.shp,5785,township_geom_missing,township_geom_missing,99.28161621,22.59520912
village,flagged,Shan (North),216123,Tu Nwan,တူနွမ်,MMR015312,MMR015312008,village_point_Shan_v96.zip:mmr_shn_pplp2_250k_unodc_mimu.shp,5786,township_geom_missing,township_geom_missing,99.28215027,22.54343033
village,flagged,Shan (North),216122,Wein Ngin,ဝိန်ငင်,MMR015312,MMR015312008,village_point_Shan_v96.zip:mmr_shn_pplp2_250k_unodc_mimu.shp,5787,township_geom_missing,township_geom_missing,99.25994110,22.63034058
village,flagged,Shan (South),202825,Loi Sa Ti (Upper),လွိုင်စတီ (ထက်),MMR014010,MMR014010005,village_point_Shan_v96.zip:mmr_shn_pplp2_250k_unodc_mimu.shp,8465,outside_source_township,outside_source_township,97.11531830,19.99777985
village,flagged,Yangon,156627,Lay Daunt Kan (Ah Shey Paing),လေးဒေါင့်ကန် (အရှေ့ပိုင်း),MMR013020,MMR013020003,village_point_Yangon_v96.zip:mmr_ygn_pplp2_250k_mimu.shp,1,outside_source_township,outside_source_township,96.30269413,16.97099577
