source_key,entity_type,source_name_mm,source_name_en,source_parent,source_geometry_preview_path,candidate_core_ids,candidate_names,candidate_parents,candidate_types,name_evidence,overlap_percent,distance_m,dependency_counts,recommended_action,review_decision,selected_core_id,review_note
ward:MMR009001701515:row81:ward_boundary_countrywide_v94.zip_mmr_polbnda_adm5_mimu_v9_4.shp,ward,အောင်မေတ္တာရပ်ကွက်,Aung Myit Tar Ward,Magway > Magway > Magway > Magway Town,reports/admin-reconciliation-v2/phase3-previews/ward_MMR009001701515_row81_ward_boundary_countrywide_v94.zip_mmr_polbnda_adm5_mimu_v9_4.shp.geojson,7015,ဆားရွှေကင်းရပ်ကွက်,မကွေး,ward,no_exact_name,0.0,2002.4,7015:{names=2|children=0|places=0|addresses=0|streets=0|buildings=0|postal_local=1|saved_places=0|geom_npoints=90|area_m2=1084140|verification=unverified},manual_review,,,Spatial-only candidate blocked (do not merge by geometry alone)
ward:MMR009001701516:row82:ward_boundary_countrywide_v94.zip_mmr_polbnda_adm5_mimu_v9_4.shp,ward,အောင်စေတနာရပ်ကွက်,Aung Say Ta Nar Ward,Magway > Magway > Magway > Magway Town,reports/admin-reconciliation-v2/phase3-previews/ward_MMR009001701516_row82_ward_boundary_countrywide_v94.zip_mmr_polbnda_adm5_mimu_v9_4.shp.geojson,7015,ဆားရွှေကင်းရပ်ကွက်,မကွေး,ward,no_exact_name,0.0,2179.7,7015:{names=2|children=0|places=0|addresses=0|streets=0|buildings=0|postal_local=1|saved_places=0|geom_npoints=90|area_m2=1084140|verification=unverified},manual_review,,,Spatial-only candidate blocked (do not merge by geometry alone)
ward:MMR009001701514:row86:ward_boundary_countrywide_v94.zip_mmr_polbnda_adm5_mimu_v9_4.shp,ward,အောင်မင်္ဂလာရပ်ကွက်,Aung Min Ga Lar Ward,Magway > Magway > Magway > Magway Town,reports/admin-reconciliation-v2/phase3-previews/ward_MMR009001701514_row86_ward_boundary_countrywide_v94.zip_mmr_polbnda_adm5_mimu_v9_4.shp.geojson,7010,ရွာသစ်ပွဲကြိုရပ်ကွက်,မကွေး,ward,no_exact_name,0.0,2419.8,7010:{names=2|children=0|places=0|addresses=0|streets=0|buildings=0|postal_local=1|saved_places=0|geom_npoints=43|area_m2=633329|verification=unverified},manual_review,,,Spatial-only candidate blocked (do not merge by geometry alone)
ward:MMR009001701512:row89:ward_boundary_countrywide_v94.zip_mmr_polbnda_adm5_mimu_v9_4.shp,ward,အောင်ရတနာရပ်ကွက်,Aung Ya Ta Nar Ward,Magway > Magway > Magway > Magway Town,reports/admin-reconciliation-v2/phase3-previews/ward_MMR009001701512_row89_ward_boundary_countrywide_v94.zip_mmr_polbnda_adm5_mimu_v9_4.shp.geojson,7013,သိင်္ဂါဂီရိရပ်ကွက်,မကွေး,ward,no_exact_name,0.1,1860.6,7013:{names=2|children=0|places=0|addresses=0|streets=0|buildings=0|postal_local=1|saved_places=0|geom_npoints=76|area_m2=1606922|verification=unverified},manual_review,,,Spatial-only candidate blocked (do not merge by geometry alone)
ward:MMR017020701503:row369:ward_boundary_countrywide_v94.zip_mmr_polbnda_adm5_mimu_v9_4.shp,ward,အနောက်ပိုင်းရပ်ကွက်,Ah Nauk Paing Ward,Ayeyarwady > Maubin > Pantanaw > Pantanaw Town,reports/admin-reconciliation-v2/phase3-previews/ward_MMR017020701503_row369_ward_boundary_countrywide_v94.zip_mmr_polbnda_adm5_mimu_v9_4.shp.geojson,7331,မြို့ကွက်သစ်ရပ်ကွက်,ပန်းတနော်,ward,no_exact_name,0.0,696.2,7331:{names=2|children=0|places=0|addresses=0|streets=0|buildings=0|postal_local=0|saved_places=0|geom_npoints=158|area_m2=1198406|verification=unverified},manual_review,,,Spatial-only candidate blocked (do not merge by geometry alone)
ward:MMR017020701502:row370:ward_boundary_countrywide_v94.zip_mmr_polbnda_adm5_mimu_v9_4.shp,ward,အလယ်ပိုင်းရပ်ကွက်,Ah Lel Paing Ward,Ayeyarwady > Maubin > Pantanaw > Pantanaw Town,reports/admin-reconciliation-v2/phase3-previews/ward_MMR017020701502_row370_ward_boundary_countrywide_v94.zip_mmr_polbnda_adm5_mimu_v9_4.shp.geojson,7331,မြို့ကွက်သစ်ရပ်ကွက်,ပန်းတနော်,ward,no_exact_name,0.0,806.6,7331:{names=2|children=0|places=0|addresses=0|streets=0|buildings=0|postal_local=0|saved_places=0|geom_npoints=158|area_m2=1198406|verification=unverified},manual_review,,,Spatial-only candidate blocked (do not merge by geometry alone)
ward:MMR017020701501:row371:ward_boundary_countrywide_v94.zip_mmr_polbnda_adm5_mimu_v9_4.shp,ward,အရှေ့ပိုင်းရပ်ကွက်,Ah Shey Paing Ward,Ayeyarwady > Maubin > Pantanaw > Pantanaw Town,reports/admin-reconciliation-v2/phase3-previews/ward_MMR017020701501_row371_ward_boundary_countrywide_v94.zip_mmr_polbnda_adm5_mimu_v9_4.shp.geojson,7331,မြို့ကွက်သစ်ရပ်ကွက်,ပန်းတနော်,ward,no_exact_name,0.0,1691.3,7331:{names=2|children=0|places=0|addresses=0|streets=0|buildings=0|postal_local=0|saved_places=0|geom_npoints=158|area_m2=1198406|verification=unverified},manual_review,,,Spatial-only candidate blocked (do not merge by geometry alone)
ward:MMR005001701502:row434:ward_boundary_countrywide_v94.zip_mmr_polbnda_adm5_mimu_v9_4.shp,ward,ဧမြဝတီရပ်ကွက်,Aye Mya Wa Di Ward,Sagaing > Sagaing > Sagaing > Sagaing Town,reports/admin-reconciliation-v2/phase3-previews/ward_MMR005001701502_row434_ward_boundary_countrywide_v94.zip_mmr_polbnda_adm5_mimu_v9_4.shp.geojson,6849;6853,ဧမြဝတီရပ်ကွက် | ဧမြဝတီရပ်ကွက်,စစ်ကိုင်း | စစ်ကိုင်း,ward | ward,exact_my+en,100.0;100.0,0.0;0.0,6849:{names=2|children=0|places=0|addresses=0|streets=0|buildings=0|postal_local=0|saved_places=0|geom_npoints=98|area_m2=494223|verification=unverified} || 6853:{names=2|children=0|places=0|addresses=0|streets=0|buildings=0|postal_local=0|saved_places=0|geom_npoints=98|area_m2=494223|verification=unverified},merge_duplicate_candidate,,6849,"Multiple CoreMap WVT rows share exact normalized name under township | prefer id=6849 by verification/official/deps/geometry (deps=2, npoints=98)"
ward:MMR011001701526:row506:ward_boundary_countrywide_v94.zip_mmr_polbnda_adm5_mimu_v9_4.shp,ward,နောင်ခရီရပ်ကွက်,Naung Kha Ri Ward,Mon > Mawlamyine > Mawlamyine > Mawlamyine Town,reports/admin-reconciliation-v2/phase3-previews/ward_MMR011001701526_row506_ward_boundary_countrywide_v94.zip_mmr_polbnda_adm5_mimu_v9_4.shp.geojson,5087,စမ်းကြီးရပ်ကွက်,မော်လမြိုင်,ward,no_exact_name,0.0,2077.9,5087:{names=2|children=0|places=0|addresses=0|streets=0|buildings=0|postal_local=2|saved_places=0|geom_npoints=354|area_m2=3523464|verification=unverified},manual_review,,,Spatial-only candidate blocked (do not merge by geometry alone)
ward:MMR013002701514:row1043:ward_boundary_countrywide_v94.zip_mmr_polbnda_adm5_mimu_v9_4.shp,ward,ကြံခင်းစုရပ်ကွက်,Kyan Khin Su Ward,Yangon > Yangon (North) > Mingaladon > Mingaladon,reports/admin-reconciliation-v2/phase3-previews/ward_MMR013002701514_row1043_ward_boundary_countrywide_v94.zip_mmr_polbnda_adm5_mimu_v9_4.shp.geojson,5783,အနန်းပင်ရပ်ကွက်,မင်္ဂလာဒုံ,ward,no_exact_name,0.0,1394.6,5783:{names=2|children=0|places=0|addresses=0|streets=0|buildings=0|postal_local=1|saved_places=0|geom_npoints=112|area_m2=4231299|verification=unverified},manual_review,,,Spatial-only candidate blocked (do not merge by geometry alone)
ward:MMR013018701526:row1133:ward_boundary_countrywide_v94.zip_mmr_polbnda_adm5_mimu_v9_4.shp,ward,အမှတ် (၁၀၆) ရပ်ကွက်,No (106) Ward,Yangon > Yangon (East) > Dagon Myothit (South) > Dagon Myothit (South) Town,reports/admin-reconciliation-v2/phase3-previews/ward_MMR013018701526_row1133_ward_boundary_countrywide_v94.zip_mmr_polbnda_adm5_mimu_v9_4.shp.geojson,5182;5183,အမှတ် (၁၀၆) ရပ်ကွက် | အမှတ် (၁၀၆) ရပ်ကွက်,ဒဂုံမြို့သစ် (တောင်ပိုင်း) | ဒဂုံမြို့သစ် (တောင်ပိုင်း),ward | ward,exact_my+en,100.0;100.0,0.0;0.0,5182:{names=2|children=0|places=0|addresses=0|streets=0|buildings=0|postal_local=0|saved_places=0|geom_npoints=16|area_m2=786151|verification=unverified} || 5183:{names=2|children=0|places=0|addresses=0|streets=0|buildings=0|postal_local=0|saved_places=0|geom_npoints=16|area_m2=786151|verification=unverified},merge_duplicate_candidate,,5182,"Multiple CoreMap WVT rows share exact normalized name under township | prefer id=5182 by verification/official/deps/geometry (deps=2, npoints=16)"
ward:MMR013018701525:row1134:ward_boundary_countrywide_v94.zip_mmr_polbnda_adm5_mimu_v9_4.shp,ward,အမှတ် (၁၀၅) ရပ်ကွက်,No (105) Ward,Yangon > Yangon (East) > Dagon Myothit (South) > Dagon Myothit (South) Town,reports/admin-reconciliation-v2/phase3-previews/ward_MMR013018701525_row1134_ward_boundary_countrywide_v94.zip_mmr_polbnda_adm5_mimu_v9_4.shp.geojson,5185;5186,အမှတ် (၁၀၅) ရပ်ကွက် | အမှတ် (၁၀၅) ရပ်ကွက်,ဒဂုံမြို့သစ် (တောင်ပိုင်း) | ဒဂုံမြို့သစ် (တောင်ပိုင်း),ward | ward,exact_my+en,100.0;100.0,0.0;0.0,5185:{names=2|children=0|places=0|addresses=0|streets=0|buildings=0|postal_local=0|saved_places=0|geom_npoints=18|area_m2=885979|verification=unverified} || 5186:{names=2|children=0|places=0|addresses=0|streets=0|buildings=0|postal_local=0|saved_places=0|geom_npoints=18|area_m2=885979|verification=unverified},merge_duplicate_candidate,,5185,"Multiple CoreMap WVT rows share exact normalized name under township | prefer id=5185 by verification/official/deps/geometry (deps=2, npoints=18)"
ward:MMR013021701532:row1213:ward_boundary_countrywide_v94.zip_mmr_polbnda_adm5_mimu_v9_4.shp,ward,အမှတ် (၁၄၉) ရပ်ကွက်,No (149) Ward,Yangon > Yangon (East) > Dagon Myothit (Seikkan) > Dagon Myothit (Seikkan),reports/admin-reconciliation-v2/phase3-previews/ward_MMR013021701532_row1213_ward_boundary_countrywide_v94.zip_mmr_polbnda_adm5_mimu_v9_4.shp.geojson,5187,အမှတ် (၁၄၈) ရပ်ကွက်,ဒဂုံမြို့သစ် (ဆိပ်ကမ်း),ward,no_exact_name,0.0,2277.9,5187:{names=2|children=0|places=0|addresses=0|streets=0|buildings=0|postal_local=0|saved_places=0|geom_npoints=19|area_m2=640827|verification=unverified},manual_review,,,Spatial-only candidate blocked (do not merge by geometry alone)
ward:MMR013021701534:row1227:ward_boundary_countrywide_v94.zip_mmr_polbnda_adm5_mimu_v9_4.shp,ward,အမှတ် (၁၅၁) ရပ်ကွက်,No (151) Ward,Yangon > Yangon (East) > Dagon Myothit (Seikkan) > Dagon Myothit (Seikkan),reports/admin-reconciliation-v2/phase3-previews/ward_MMR013021701534_row1227_ward_boundary_countrywide_v94.zip_mmr_polbnda_adm5_mimu_v9_4.shp.geojson,5187,အမှတ် (၁၄၈) ရပ်ကွက်,ဒဂုံမြို့သစ် (ဆိပ်ကမ်း),ward,no_exact_name,0.0,2210.3,5187:{names=2|children=0|places=0|addresses=0|streets=0|buildings=0|postal_local=0|saved_places=0|geom_npoints=19|area_m2=640827|verification=unverified},manual_review,,,Spatial-only candidate blocked (do not merge by geometry alone)
ward:MMR007008701505:row1421:ward_boundary_countrywide_v94.zip_mmr_polbnda_adm5_mimu_v9_4.shp,ward,ဂန့်ဂေါ်ဝိုင်းရပ်ကွက်,Gant Gaw Waing Ward,Bago (East) > Bago > Shwegyin > Shwegyin Town,reports/admin-reconciliation-v2/phase3-previews/ward_MMR007008701505_row1421_ward_boundary_countrywide_v94.zip_mmr_polbnda_adm5_mimu_v9_4.shp.geojson,5891;5897,ဂန့်ဂေါ်ဝိုင်းရပ်ကွက် | ဂန့်ဂေါ်ဝိုင်းရပ်ကွက်,ရွှေကျင် | ရွှေကျင်,ward | ward,exact_my+en,100.0;100.0,0.0;0.0,5891:{names=2|children=0|places=0|addresses=0|streets=0|buildings=0|postal_local=0|saved_places=0|geom_npoints=54|area_m2=305160|verification=unverified} || 5897:{names=2|children=0|places=0|addresses=0|streets=0|buildings=0|postal_local=0|saved_places=0|geom_npoints=54|area_m2=305160|verification=unverified},merge_duplicate_candidate,,5891,"Multiple CoreMap WVT rows share exact normalized name under township | prefer id=5891 by verification/official/deps/geometry (deps=2, npoints=54)"
ward:MMR010018701504:row1546:ward_boundary_countrywide_v94.zip_mmr_polbnda_adm5_mimu_v9_4.shp,ward,ဈေးရပ်ကွက်,Zay Ward,Mandalay > Myingyan > Taungtha > Taungtha Town,reports/admin-reconciliation-v2/phase3-previews/ward_MMR010018701504_row1546_ward_boundary_countrywide_v94.zip_mmr_polbnda_adm5_mimu_v9_4.shp.geojson,6907;6908,ဈေးရပ်ကွက် | ဈေးရပ်ကွက်,တောင်သာ | တောင်သာ,ward | ward,exact_my+en,100.0;100.0,0.0;0.0,6907:{names=2|children=0|places=0|addresses=0|streets=0|buildings=0|postal_local=0|saved_places=0|geom_npoints=85|area_m2=308587|verification=unverified} || 6908:{names=2|children=0|places=0|addresses=0|streets=0|buildings=0|postal_local=0|saved_places=0|geom_npoints=85|area_m2=308587|verification=unverified},merge_duplicate_candidate,,6907,"Multiple CoreMap WVT rows share exact normalized name under township | prefer id=6907 by verification/official/deps/geometry (deps=2, npoints=85)"
ward:MMR018002701510:row1565:ward_boundary_countrywide_v94.zip_mmr_polbnda_adm5_mimu_v9_4.shp,ward,ဓနသိဒ္ဓိရပ်ကွက်,Dha Na Theik Di Ward,Nay Pyi Taw > Det Khi Na > Za Bu Thi Ri > Za Bu Thi Ri Town,reports/admin-reconciliation-v2/phase3-previews/ward_MMR018002701510_row1565_ward_boundary_countrywide_v94.zip_mmr_polbnda_adm5_mimu_v9_4.shp.geojson,6011;6024,ဓနသိဒ္ဓိရပ်ကွက် | ဓနသိဒ္ဓိရပ်ကွက်,ဇမ္ဗူသီရိ | ဇမ္ဗူသီရိ,ward | ward,exact_my+en,1.0;100.0,1201.9;46.0,6011:{names=2|children=0|places=0|addresses=0|streets=0|buildings=0|postal_local=0|saved_places=0|geom_npoints=22|area_m2=7375523|verification=unverified} || 6024:{names=2|children=0|places=0|addresses=0|streets=0|buildings=0|postal_local=0|saved_places=0|geom_npoints=71|area_m2=3093206|verification=unverified},merge_duplicate_candidate,,6024,"Multiple CoreMap WVT rows share exact normalized name under township | prefer id=6024 by verification/official/deps/geometry (deps=2, npoints=71)"
ward:MMR018002701508:row1572:ward_boundary_countrywide_v94.zip_mmr_polbnda_adm5_mimu_v9_4.shp,ward,ဉာဏသိဒ္ဓိရပ်ကွက်,Nyar Na Theik Di Ward,Nay Pyi Taw > Det Khi Na > Za Bu Thi Ri > Za Bu Thi Ri Town,reports/admin-reconciliation-v2/phase3-previews/ward_MMR018002701508_row1572_ward_boundary_countrywide_v94.zip_mmr_polbnda_adm5_mimu_v9_4.shp.geojson,6012;6022,ဉာဏသိဒ္ဓိရပ်ကွက် | ဉာဏသိဒ္ဓိရပ်ကွက်,ဇမ္ဗူသီရိ | ဇမ္ဗူသီရိ,ward | ward,exact_my+en,64.3;100.0,1535.3;0.0,6012:{names=2|children=0|places=0|addresses=0|streets=0|buildings=0|postal_local=0|saved_places=0|geom_npoints=40|area_m2=5082863|verification=unverified} || 6022:{names=2|children=0|places=0|addresses=0|streets=0|buildings=0|postal_local=0|saved_places=0|geom_npoints=150|area_m2=8000480|verification=unverified},merge_duplicate_candidate,,6022,"Multiple CoreMap WVT rows share exact normalized name under township | prefer id=6022 by verification/official/deps/geometry (deps=2, npoints=150)"
ward:MMR018002701509:row1574:ward_boundary_countrywide_v94.zip_mmr_polbnda_adm5_mimu_v9_4.shp,ward,ဗလသိဒ္ဓိရပ်ကွက်,Ba La Theik Di Ward,Nay Pyi Taw > Det Khi Na > Za Bu Thi Ri > Za Bu Thi Ri Town,reports/admin-reconciliation-v2/phase3-previews/ward_MMR018002701509_row1574_ward_boundary_countrywide_v94.zip_mmr_polbnda_adm5_mimu_v9_4.shp.geojson,6023;6025,ဗလသိဒ္ဓိရပ်ကွက် | ဗလသိဒ္ဓိရပ်ကွက်,ဇမ္ဗူသီရိ | ဇမ္ဗူသီရိ,ward | ward,exact_my+en,100.0;35.8,0.0;666.4,6023:{names=2|children=0|places=0|addresses=0|streets=0|buildings=0|postal_local=0|saved_places=0|geom_npoints=135|area_m2=1597997|verification=unverified} || 6025:{names=2|children=0|places=0|addresses=0|streets=0|buildings=0|postal_local=0|saved_places=0|geom_npoints=30|area_m2=5021068|verification=unverified},merge_duplicate_candidate,,6023,"Multiple CoreMap WVT rows share exact normalized name under township | prefer id=6023 by verification/official/deps/geometry (deps=2, npoints=135)"
ward:MMR018002701507:row1575:ward_boundary_countrywide_v94.zip_mmr_polbnda_adm5_mimu_v9_4.shp,ward,သုခသိဒ္ဓိရပ်ကွက်,Thu Kha Theik Di Ward,Nay Pyi Taw > Det Khi Na > Za Bu Thi Ri > Za Bu Thi Ri Town,reports/admin-reconciliation-v2/phase3-previews/ward_MMR018002701507_row1575_ward_boundary_countrywide_v94.zip_mmr_polbnda_adm5_mimu_v9_4.shp.geojson,5117;6054,သုခသိဒ္ဓိရပ်ကွက် | သုခသိဒ္ဓိရပ်ကွက်,ဇမ္ဗူသီရိ | ဇမ္ဗူသီရိ,ward | ward,exact_my+en,1.1;100.0,1614.2;0.9,5117:{names=2|children=0|places=0|addresses=0|streets=0|buildings=0|postal_local=0|saved_places=0|geom_npoints=26|area_m2=7004743|verification=unverified} || 6054:{names=2|children=0|places=0|addresses=0|streets=0|buildings=0|postal_local=0|saved_places=0|geom_npoints=100|area_m2=1532360|verification=unverified},merge_duplicate_candidate,,6054,"Multiple CoreMap WVT rows share exact normalized name under township | prefer id=6054 by verification/official/deps/geometry (deps=2, npoints=100)"
ward:MMR018007701506:row1576:ward_boundary_countrywide_v94.zip_mmr_polbnda_adm5_mimu_v9_4.shp,ward,အမှတ် (၆) ရပ်ကွက်,No (6) Ward,Nay Pyi Taw > Det Khi Na > Lewe > Lewe Town,reports/admin-reconciliation-v2/phase3-previews/ward_MMR018007701506_row1576_ward_boundary_countrywide_v94.zip_mmr_polbnda_adm5_mimu_v9_4.shp.geojson,5989,ရွှေအင်ကြင်းရပ်ကွက်,လယ်ဝေး,ward,no_exact_name,0.0,1601.7,5989:{names=2|children=0|places=0|addresses=0|streets=0|buildings=0|postal_local=0|saved_places=0|geom_npoints=58|area_m2=5596152|verification=unverified},manual_review,,,Spatial-only candidate blocked (do not merge by geometry alone)
ward:MMR005011701503:row1589:ward_boundary_countrywide_v94.zip_mmr_polbnda_adm5_mimu_v9_4.shp,ward,မဟာမြိုင်ရပ်ကွက်,Ma Har Myaing Ward,Sagaing > Shwebo > Taze > Taze Town,reports/admin-reconciliation-v2/phase3-previews/ward_MMR005011701503_row1589_ward_boundary_countrywide_v94.zip_mmr_polbnda_adm5_mimu_v9_4.shp.geojson,6794;6797,မဟာမြိုင်ရပ်ကွက် | မဟာမြိုင်ရပ်ကွက်,တန့်ဆည် | တန့်ဆည်,ward | ward,exact_my+en,0.0;100.0,694.9;0.0,6794:{names=2|children=0|places=0|addresses=0|streets=0|buildings=0|postal_local=0|saved_places=0|geom_npoints=172|area_m2=1622179|verification=unverified} || 6797:{names=2|children=0|places=0|addresses=0|streets=0|buildings=0|postal_local=0|saved_places=0|geom_npoints=134|area_m2=804806|verification=unverified},merge_duplicate_candidate,,6794,"Multiple CoreMap WVT rows share exact normalized name under township | prefer id=6794 by verification/official/deps/geometry (deps=2, npoints=172)"
ward:MMR005011701503:row1611:ward_boundary_countrywide_v94.zip_mmr_polbnda_adm5_mimu_v9_4.shp,ward,မဟာမြိုင်ရပ်ကွက်,Ma Har Myaing Ward,Sagaing > Shwebo > Taze > Taze Town,reports/admin-reconciliation-v2/phase3-previews/ward_MMR005011701503_row1611_ward_boundary_countrywide_v94.zip_mmr_polbnda_adm5_mimu_v9_4.shp.geojson,6794;6797,မဟာမြိုင်ရပ်ကွက် | မဟာမြိုင်ရပ်ကွက်,တန့်ဆည် | တန့်ဆည်,ward | ward,exact_my+en,100.0;0.0,0.0;694.9,6794:{names=2|children=0|places=0|addresses=0|streets=0|buildings=0|postal_local=0|saved_places=0|geom_npoints=172|area_m2=1622179|verification=unverified} || 6797:{names=2|children=0|places=0|addresses=0|streets=0|buildings=0|postal_local=0|saved_places=0|geom_npoints=134|area_m2=804806|verification=unverified},merge_duplicate_candidate,,6794,"Multiple CoreMap WVT rows share exact normalized name under township | prefer id=6794 by verification/official/deps/geometry (deps=2, npoints=172)"
ward:MMR018007701504:row1672:ward_boundary_countrywide_v94.zip_mmr_polbnda_adm5_mimu_v9_4.shp,ward,အမှတ် (၄) ရပ်ကွက်,No (4) Ward,Nay Pyi Taw > Det Khi Na > Lewe > Lewe Town,reports/admin-reconciliation-v2/phase3-previews/ward_MMR018007701504_row1672_ward_boundary_countrywide_v94.zip_mmr_polbnda_adm5_mimu_v9_4.shp.geojson,5989,ရွှေအင်ကြင်းရပ်ကွက်,လယ်ဝေး,ward,no_exact_name,0.0,2417.8,5989:{names=2|children=0|places=0|addresses=0|streets=0|buildings=0|postal_local=0|saved_places=0|geom_npoints=58|area_m2=5596152|verification=unverified},manual_review,,,Spatial-only candidate blocked (do not merge by geometry alone)
ward:MMR018007701505:row1674:ward_boundary_countrywide_v94.zip_mmr_polbnda_adm5_mimu_v9_4.shp,ward,အမှတ် (၅) ရပ်ကွက်,No (5) Ward,Nay Pyi Taw > Det Khi Na > Lewe > Lewe Town,reports/admin-reconciliation-v2/phase3-previews/ward_MMR018007701505_row1674_ward_boundary_countrywide_v94.zip_mmr_polbnda_adm5_mimu_v9_4.shp.geojson,5989,ရွှေအင်ကြင်းရပ်ကွက်,လယ်ဝေး,ward,no_exact_name,0.0,2385.6,5989:{names=2|children=0|places=0|addresses=0|streets=0|buildings=0|postal_local=0|saved_places=0|geom_npoints=58|area_m2=5596152|verification=unverified},manual_review,,,Spatial-only candidate blocked (do not merge by geometry alone)
ward:MMR018007701502:row1675:ward_boundary_countrywide_v94.zip_mmr_polbnda_adm5_mimu_v9_4.shp,ward,အမှတ် (၂) ရပ်ကွက်,No (2) Ward,Nay Pyi Taw > Det Khi Na > Lewe > Lewe Town,reports/admin-reconciliation-v2/phase3-previews/ward_MMR018007701502_row1675_ward_boundary_countrywide_v94.zip_mmr_polbnda_adm5_mimu_v9_4.shp.geojson,5989,ရွှေအင်ကြင်းရပ်ကွက်,လယ်ဝေး,ward,no_exact_name,0.0,2498.4,5989:{names=2|children=0|places=0|addresses=0|streets=0|buildings=0|postal_local=0|saved_places=0|geom_npoints=58|area_m2=5596152|verification=unverified},manual_review,,,Spatial-only candidate blocked (do not merge by geometry alone)
ward:MMR018007701503:row1676:ward_boundary_countrywide_v94.zip_mmr_polbnda_adm5_mimu_v9_4.shp,ward,အမှတ် (၃) ရပ်ကွက်,No (3) Ward,Nay Pyi Taw > Det Khi Na > Lewe > Lewe Town,reports/admin-reconciliation-v2/phase3-previews/ward_MMR018007701503_row1676_ward_boundary_countrywide_v94.zip_mmr_polbnda_adm5_mimu_v9_4.shp.geojson,5989,ရွှေအင်ကြင်းရပ်ကွက်,လယ်ဝေး,ward,no_exact_name,0.0,1624.4,5989:{names=2|children=0|places=0|addresses=0|streets=0|buildings=0|postal_local=0|saved_places=0|geom_npoints=58|area_m2=5596152|verification=unverified},manual_review,,,Spatial-only candidate blocked (do not merge by geometry alone)
ward:MMR013029701504:row1840:ward_boundary_countrywide_v94.zip_mmr_polbnda_adm5_mimu_v9_4.shp,ward,တောင်ဘက်ပိုင်းရပ်ကွက်,Taung Bet Paing Ward,Yangon > Yangon (South) > Kungyangon > Kungyangon Town,reports/admin-reconciliation-v2/phase3-previews/ward_MMR013029701504_row1840_ward_boundary_countrywide_v94.zip_mmr_polbnda_adm5_mimu_v9_4.shp.geojson,5113;5119,တောင်ဘက်ပိုင်းရပ်ကွက် | တောင်ဘက်ပိုင်းရပ်ကွက်,ကွမ်းခြံကုန်း | ကွမ်းခြံကုန်း,ward | ward,exact_my+en,0.0;100.0,1085.8;0.0,5113:{names=2|children=0|places=0|addresses=0|streets=0|buildings=0|postal_local=0|saved_places=0|geom_npoints=76|area_m2=442879|verification=unverified} || 5119:{names=2|children=0|places=0|addresses=0|streets=0|buildings=0|postal_local=0|saved_places=0|geom_npoints=163|area_m2=884726|verification=unverified},merge_duplicate_candidate,,5119,"Multiple CoreMap WVT rows share exact normalized name under township | prefer id=5119 by verification/official/deps/geometry (deps=2, npoints=163)"
ward:MMR013029701504:row1841:ward_boundary_countrywide_v94.zip_mmr_polbnda_adm5_mimu_v9_4.shp,ward,တောင်ဘက်ပိုင်းရပ်ကွက်,Taung Bet Paing Ward,Yangon > Yangon (South) > Kungyangon > Kungyangon Town,reports/admin-reconciliation-v2/phase3-previews/ward_MMR013029701504_row1841_ward_boundary_countrywide_v94.zip_mmr_polbnda_adm5_mimu_v9_4.shp.geojson,5113;5119,တောင်ဘက်ပိုင်းရပ်ကွက် | တောင်ဘက်ပိုင်းရပ်ကွက်,ကွမ်းခြံကုန်း | ကွမ်းခြံကုန်း,ward | ward,exact_my+en,100.0;0.0,0.0;1085.8,5113:{names=2|children=0|places=0|addresses=0|streets=0|buildings=0|postal_local=0|saved_places=0|geom_npoints=76|area_m2=442879|verification=unverified} || 5119:{names=2|children=0|places=0|addresses=0|streets=0|buildings=0|postal_local=0|saved_places=0|geom_npoints=163|area_m2=884726|verification=unverified},merge_duplicate_candidate,,5119,"Multiple CoreMap WVT rows share exact normalized name under township | prefer id=5119 by verification/official/deps/geometry (deps=2, npoints=163)"
ward:MMR010005701502:row1912:ward_boundary_countrywide_v94.zip_mmr_polbnda_adm5_mimu_v9_4.shp,ward,ငွေတော်ကြည်ကုန်းရပ်ကွက်,Ngwe Taw Kyi Kone Ward,Mandalay > Mandalay > Pyigyitagon > Pyigyitagon Town,reports/admin-reconciliation-v2/phase3-previews/ward_MMR010005701502_row1912_ward_boundary_countrywide_v94.zip_mmr_polbnda_adm5_mimu_v9_4.shp.geojson,6211;6212,ငွေတော်ကြည်ကုန်းရပ်ကွက် | ငွေတော်ကြည်ကုန်းရပ်ကွက်,ပြည်ကြီးတံခွန် | ပြည်ကြီးတံခွန်,ward | ward,exact_my+en,100.0;100.0,0.0;0.0,6211:{names=2|children=0|places=0|addresses=0|streets=0|buildings=0|postal_local=0|saved_places=0|geom_npoints=87|area_m2=3200360|verification=unverified} || 6212:{names=2|children=0|places=0|addresses=0|streets=0|buildings=0|postal_local=0|saved_places=0|geom_npoints=87|area_m2=3200360|verification=unverified},merge_duplicate_candidate,,6211,"Multiple CoreMap WVT rows share exact normalized name under township | prefer id=6211 by verification/official/deps/geometry (deps=2, npoints=87)"
village_tract:MMR017008050:row33:village_tract_boundary_Ayeyarwady_v94.zip_mmr_ady_polbnda_adm4_mimu_250k.shp,village_tract,ကြခတ်ကွင်း,Kya Khat Kwin,Ayeyarwady > Hinthada > Hinthada,reports/admin-reconciliation-v2/phase3-previews/village_tract_MMR017008050_row33_village_tract_boundary_Ayeyarwady_v94.zip_mmr_ady_polbnda_adm4_mimu_250k.shp.geojson,7200,အမှတ် (၄) ရပ်ကွက်,ဟင်္သာတ,ward,no_exact_name,0.0,2142.8,7200:{names=2|children=0|places=0|addresses=0|streets=0|buildings=0|postal_local=0|saved_places=0|geom_npoints=84|area_m2=5132680|verification=unverified},manual_review,,,Spatial-only candidate blocked (do not merge by geometry alone)
village_tract:MMR017016002:row415:village_tract_boundary_Ayeyarwady_v94.zip_mmr_ady_polbnda_adm4_mimu_250k.shp,village_tract,ညောင်လိန်,Nyaung Lein,Ayeyarwady > Labutta > Labutta,reports/admin-reconciliation-v2/phase3-previews/village_tract_MMR017016002_row415_village_tract_boundary_Ayeyarwady_v94.zip_mmr_ady_polbnda_adm4_mimu_250k.shp.geojson,7347,အမှတ် (၁၀) ရပ်ကွက်,လပွတ္တာ,ward,no_exact_name,0.0,2268.0,7347:{names=2|children=0|places=0|addresses=0|streets=0|buildings=0|postal_local=0|saved_places=0|geom_npoints=43|area_m2=445914|verification=unverified},manual_review,,,Spatial-only candidate blocked (do not merge by geometry alone)
village_tract:MMR017022056:row556:village_tract_boundary_Ayeyarwady_v94.zip_mmr_ady_polbnda_adm4_mimu_250k.shp,village_tract,ရေတွင်းကုန်း,Yae Twin Kone,Ayeyarwady > Maubin > Danubyu,reports/admin-reconciliation-v2/phase3-previews/village_tract_MMR017022056_row556_village_tract_boundary_Ayeyarwady_v94.zip_mmr_ady_polbnda_adm4_mimu_250k.shp.geojson,7249,အမှတ် (၁၇) ရပ်ကွက်,ဓနုဖြူ,ward,no_exact_name,0.0,2102.2,7249:{names=2|children=0|places=0|addresses=0|streets=0|buildings=0|postal_local=0|saved_places=0|geom_npoints=46|area_m2=1008465|verification=unverified},manual_review,,,Spatial-only candidate blocked (do not merge by geometry alone)
village_tract:MMR017018019:row613:village_tract_boundary_Ayeyarwady_v94.zip_mmr_ady_polbnda_adm4_mimu_250k.shp,village_tract,တယ်ချောင်း,Tei Chaung,Ayeyarwady > Labutta > Mawlamyinegyun,reports/admin-reconciliation-v2/phase3-previews/village_tract_MMR017018019_row613_village_tract_boundary_Ayeyarwady_v94.zip_mmr_ady_polbnda_adm4_mimu_250k.shp.geojson,7387,အမှတ် (၁၂) ရပ်ကွက်,မော်လမြိုင်ကျွန်း,ward,no_exact_name,0.0,2485.4,7387:{names=2|children=0|places=0|addresses=0|streets=0|buildings=0|postal_local=0|saved_places=0|geom_npoints=62|area_m2=337473|verification=unverified},manual_review,,,Spatial-only candidate blocked (do not merge by geometry alone)
village_tract:MMR017020015:row787:village_tract_boundary_Ayeyarwady_v94.zip_mmr_ady_polbnda_adm4_mimu_250k.shp,village_tract,ကဇင်းငူ,Ka Zin Ngu,Ayeyarwady > Maubin > Pantanaw,reports/admin-reconciliation-v2/phase3-previews/village_tract_MMR017020015_row787_village_tract_boundary_Ayeyarwady_v94.zip_mmr_ady_polbnda_adm4_mimu_250k.shp.geojson,7331,မြို့ကွက်သစ်ရပ်ကွက်,ပန်းတနော်,ward,no_exact_name,0.0,2180.3,7331:{names=2|children=0|places=0|addresses=0|streets=0|buildings=0|postal_local=0|saved_places=0|geom_npoints=158|area_m2=1198406|verification=unverified},manual_review,,,Spatial-only candidate blocked (do not merge by geometry alone)
village_tract:MMR017020701:row824:village_tract_boundary_Ayeyarwady_v94.zip_mmr_ady_polbnda_adm4_mimu_250k.shp,village_tract,,Urban,Ayeyarwady > Maubin > Pantanaw,reports/admin-reconciliation-v2/phase3-previews/village_tract_MMR017020701_row824_village_tract_boundary_Ayeyarwady_v94.zip_mmr_ady_polbnda_adm4_mimu_250k.shp.geojson,7331,မြို့ကွက်သစ်ရပ်ကွက်,ပန်းတနော်,ward,no_exact_name,100.0,605.2,7331:{names=2|children=0|places=0|addresses=0|streets=0|buildings=0|postal_local=0|saved_places=0|geom_npoints=158|area_m2=1198406|verification=unverified},manual_review,,,Spatial-only candidate blocked (do not merge by geometry alone)
village_tract:MMR017002008:row1156:village_tract_boundary_Ayeyarwady_v94.zip_mmr_ady_polbnda_adm4_mimu_250k.shp,village_tract,ကွင်းယား (အရှေ့),Kwin Yar (East),Ayeyarwady > Pathein > Kangyidaunt,reports/admin-reconciliation-v2/phase3-previews/village_tract_MMR017002008_row1156_village_tract_boundary_Ayeyarwady_v94.zip_mmr_ady_polbnda_adm4_mimu_250k.shp.geojson,7342,အမှတ် (၄) ရပ်ကွက်,ကန်ကြီးထောင့်,ward,no_exact_name,0.0,2441.2,7342:{names=2|children=0|places=0|addresses=0|streets=0|buildings=0|postal_local=0|saved_places=0|geom_npoints=73|area_m2=1509127|verification=unverified},manual_review,,,Spatial-only candidate blocked (do not merge by geometry alone)
village_tract:MMR017002071:row1169:village_tract_boundary_Ayeyarwady_v94.zip_mmr_ady_polbnda_adm4_mimu_250k.shp,village_tract,လဟာကလူ,La Har Ka Lu,Ayeyarwady > Pathein > Kangyidaunt,reports/admin-reconciliation-v2/phase3-previews/village_tract_MMR017002071_row1169_village_tract_boundary_Ayeyarwady_v94.zip_mmr_ady_polbnda_adm4_mimu_250k.shp.geojson,7343,အမှတ် (၅) ရပ်ကွက်,ကန်ကြီးထောင့်,ward,no_exact_name,0.0,2337.7,7343:{names=2|children=0|places=0|addresses=0|streets=0|buildings=0|postal_local=0|saved_places=0|geom_npoints=140|area_m2=2793818|verification=unverified},manual_review,,,Spatial-only candidate blocked (do not merge by geometry alone)
village_tract:MMR017002036:row1177:village_tract_boundary_Ayeyarwady_v94.zip_mmr_ady_polbnda_adm4_mimu_250k.shp,village_tract,မိချောင်းတစ်ရာ,Mi Chaung Ta Yar,Ayeyarwady > Pathein > Kangyidaunt,reports/admin-reconciliation-v2/phase3-previews/village_tract_MMR017002036_row1177_village_tract_boundary_Ayeyarwady_v94.zip_mmr_ady_polbnda_adm4_mimu_250k.shp.geojson,7338,အမှတ် (၇) ရပ်ကွက်,ကန်ကြီးထောင့်,ward,no_exact_name,0.0,1833.6,7338:{names=2|children=0|places=0|addresses=0|streets=0|buildings=0|postal_local=0|saved_places=0|geom_npoints=189|area_m2=1699350|verification=unverified},manual_review,,,Spatial-only candidate blocked (do not merge by geometry alone)
village_tract:MMR017005060:row1300:village_tract_boundary_Ayeyarwady_v94.zip_mmr_ady_polbnda_adm4_mimu_250k.shp,village_tract,ခရုရိုး,Kha Yu Yoe,Ayeyarwady > Pathein > Kyonpyaw,reports/admin-reconciliation-v2/phase3-previews/village_tract_MMR017005060_row1300_village_tract_boundary_Ayeyarwady_v94.zip_mmr_ady_polbnda_adm4_mimu_250k.shp.geojson,7274,အောင်ဆန်းရပ်ကွက်,ကျုံပျော်,ward,no_exact_name,0.0,2383.3,7274:{names=2|children=0|places=0|addresses=0|streets=0|buildings=0|postal_local=0|saved_places=0|geom_npoints=99|area_m2=1618622|verification=unverified},manual_review,,,Spatial-only candidate blocked (do not merge by geometry alone)
village_tract:MMR017005004:row1315:village_tract_boundary_Ayeyarwady_v94.zip_mmr_ady_polbnda_adm4_mimu_250k.shp,village_tract,လဟာပိုင်း,La Har Paing,Ayeyarwady > Pathein > Kyonpyaw,reports/admin-reconciliation-v2/phase3-previews/village_tract_MMR017005004_row1315_village_tract_boundary_Ayeyarwady_v94.zip_mmr_ady_polbnda_adm4_mimu_250k.shp.geojson,7274,အောင်ဆန်းရပ်ကွက်,ကျုံပျော်,ward,no_exact_name,0.0,2111.5,7274:{names=2|children=0|places=0|addresses=0|streets=0|buildings=0|postal_local=0|saved_places=0|geom_npoints=99|area_m2=1618622|verification=unverified},manual_review,,,Spatial-only candidate blocked (do not merge by geometry alone)
village_tract:MMR017001010:row1477:village_tract_boundary_Ayeyarwady_v94.zip_mmr_ady_polbnda_adm4_mimu_250k.shp,village_tract,လင်းဝင်းကြီး,Lin Win Gyi,Ayeyarwady > Pathein > Pathein,reports/admin-reconciliation-v2/phase3-previews/village_tract_MMR017001010_row1477_village_tract_boundary_Ayeyarwady_v94.zip_mmr_ady_polbnda_adm4_mimu_250k.shp.geojson,7361,အမှတ် (၁၀) ရပ်ကွက်,ပုသိမ်,ward,no_exact_name,0.0,2299.6,7361:{names=2|children=0|places=0|addresses=0|streets=0|buildings=0|postal_local=0|saved_places=0|geom_npoints=335|area_m2=4875634|verification=unverified},manual_review,,,Spatial-only candidate blocked (do not merge by geometry alone)
village_tract:MMR017001034:row1482:village_tract_boundary_Ayeyarwady_v94.zip_mmr_ady_polbnda_adm4_mimu_250k.shp,village_tract,မရမ်းချောင်း,Ma Yan Chaung,Ayeyarwady > Pathein > Pathein,reports/admin-reconciliation-v2/phase3-previews/village_tract_MMR017001034_row1482_village_tract_boundary_Ayeyarwady_v94.zip_mmr_ady_polbnda_adm4_mimu_250k.shp.geojson,7346,အမှတ် (၁၁) ရပ်ကွက်(ကန်တိုမင်),ပုသိမ်,ward,no_exact_name,0.0,2220.1,7346:{names=2|children=0|places=0|addresses=0|streets=0|buildings=0|postal_local=0|saved_places=0|geom_npoints=215|area_m2=8789478|verification=unverified},manual_review,,,Spatial-only candidate blocked (do not merge by geometry alone)
village_tract:MMR017001037:row1491:village_tract_boundary_Ayeyarwady_v94.zip_mmr_ady_polbnda_adm4_mimu_250k.shp,village_tract,ပေါက်ကုန်း,Pauk Kone,Ayeyarwady > Pathein > Pathein,reports/admin-reconciliation-v2/phase3-previews/village_tract_MMR017001037_row1491_village_tract_boundary_Ayeyarwady_v94.zip_mmr_ady_polbnda_adm4_mimu_250k.shp.geojson,7357,အမှတ် (၁၄) ရပ်ကွက်,ပုသိမ်,ward,no_exact_name,0.0,2380.1,7357:{names=2|children=0|places=0|addresses=0|streets=0|buildings=0|postal_local=0|saved_places=0|geom_npoints=105|area_m2=1848015|verification=unverified},manual_review,,,Spatial-only candidate blocked (do not merge by geometry alone)
village_tract:MMR017001039:row1492:village_tract_boundary_Ayeyarwady_v94.zip_mmr_ady_polbnda_adm4_mimu_250k.shp,village_tract,ပျဉ်းကတိုးကုန်း,Pyin Ka Doe Kone,Ayeyarwady > Pathein > Pathein,reports/admin-reconciliation-v2/phase3-previews/village_tract_MMR017001039_row1492_village_tract_boundary_Ayeyarwady_v94.zip_mmr_ady_polbnda_adm4_mimu_250k.shp.geojson,7330,အမှတ် (၁၃) ရွှေဝတ်မှုန် ရပ်ကွက်,ပုသိမ်,ward,no_exact_name,0.0,1382.5,7330:{names=2|children=0|places=0|addresses=0|streets=0|buildings=0|postal_local=0|saved_places=0|geom_npoints=36|area_m2=2514880|verification=unverified},manual_review,,,Spatial-only candidate blocked (do not merge by geometry alone)
village_tract:MMR017001030:row1505:village_tract_boundary_Ayeyarwady_v94.zip_mmr_ady_polbnda_adm4_mimu_250k.shp,village_tract,သစ်ပုတ်ကုန်း,Thit Poke Kone,Ayeyarwady > Pathein > Pathein,reports/admin-reconciliation-v2/phase3-previews/village_tract_MMR017001030_row1505_village_tract_boundary_Ayeyarwady_v94.zip_mmr_ady_polbnda_adm4_mimu_250k.shp.geojson,7349,အမှတ် (၉) ရပ်ကွက်,ပုသိမ်,ward,no_exact_name,0.0,2195.3,7349:{names=2|children=0|places=0|addresses=0|streets=0|buildings=0|postal_local=0|saved_places=0|geom_npoints=191|area_m2=2312617|verification=unverified},manual_review,,,Spatial-only candidate blocked (do not merge by geometry alone)
village_tract:MMR017006034:row1593:village_tract_boundary_Ayeyarwady_v94.zip_mmr_ady_polbnda_adm4_mimu_250k.shp,village_tract,ဒေါင့်ကြီးရိုးမဒေါ့,Daunt Gyi Yoe Ma Dawt,Ayeyarwady > Pathein > Yegyi,reports/admin-reconciliation-v2/phase3-previews/village_tract_MMR017006034_row1593_village_tract_boundary_Ayeyarwady_v94.zip_mmr_ady_polbnda_adm4_mimu_250k.shp.geojson,7284,အမှတ် (၅) ရပ်ကွက်,ရေကြည်,ward,no_exact_name,0.0,2135.5,7284:{names=2|children=0|places=0|addresses=0|streets=0|buildings=0|postal_local=0|saved_places=0|geom_npoints=324|area_m2=968561|verification=unverified},manual_review,,,Spatial-only candidate blocked (do not merge by geometry alone)
village_tract:MMR017006038:row1636:village_tract_boundary_Ayeyarwady_v94.zip_mmr_ady_polbnda_adm4_mimu_250k.shp,village_tract,ညောင်ငူလက်ခုတ်,Nyaung Ngu Let Khoke,Ayeyarwady > Pathein > Yegyi,reports/admin-reconciliation-v2/phase3-previews/village_tract_MMR017006038_row1636_village_tract_boundary_Ayeyarwady_v94.zip_mmr_ady_polbnda_adm4_mimu_250k.shp.geojson,7277,အမှတ် (၁) ရပ်ကွက်,ရေကြည်,ward,no_exact_name,0.0,1703.4,7277:{names=2|children=0|places=0|addresses=0|streets=0|buildings=0|postal_local=0|saved_places=0|geom_npoints=45|area_m2=814224|verification=unverified},manual_review,,,Spatial-only candidate blocked (do not merge by geometry alone)
village_tract:MMR017006045:row1642:village_tract_boundary_Ayeyarwady_v94.zip_mmr_ady_polbnda_adm4_mimu_250k.shp,village_tract,ဆပ်ကွင်း,Sat Kwin,Ayeyarwady > Pathein > Yegyi,reports/admin-reconciliation-v2/phase3-previews/village_tract_MMR017006045_row1642_village_tract_boundary_Ayeyarwady_v94.zip_mmr_ady_polbnda_adm4_mimu_250k.shp.geojson,7277,အမှတ် (၁) ရပ်ကွက်,ရေကြည်,ward,no_exact_name,0.0,1919.2,7277:{names=2|children=0|places=0|addresses=0|streets=0|buildings=0|postal_local=0|saved_places=0|geom_npoints=45|area_m2=814224|verification=unverified},manual_review,,,Spatial-only candidate blocked (do not merge by geometry alone)
village_tract:MMR017006002:row1653:village_tract_boundary_Ayeyarwady_v94.zip_mmr_ady_polbnda_adm4_mimu_250k.shp,village_tract,သင်္ဃန်းဒေါင့်,Thin Gan Daunt,Ayeyarwady > Pathein > Yegyi,reports/admin-reconciliation-v2/phase3-previews/village_tract_MMR017006002_row1653_village_tract_boundary_Ayeyarwady_v94.zip_mmr_ady_polbnda_adm4_mimu_250k.shp.geojson,7268,ဆရာစံရပ်ကွက်,ရေကြည်,ward,no_exact_name,0.0,2469.9,7268:{names=2|children=0|places=0|addresses=0|streets=0|buildings=0|postal_local=0|saved_places=0|geom_npoints=119|area_m2=832471|verification=unverified},manual_review,,,Spatial-only candidate blocked (do not merge by geometry alone)
village_tract:MMR017006055:row1654:village_tract_boundary_Ayeyarwady_v94.zip_mmr_ady_polbnda_adm4_mimu_250k.shp,village_tract,သစ်ဖြူပင်,Thit Hpyu Pin,Ayeyarwady > Pathein > Yegyi,reports/admin-reconciliation-v2/phase3-previews/village_tract_MMR017006055_row1654_village_tract_boundary_Ayeyarwady_v94.zip_mmr_ady_polbnda_adm4_mimu_250k.shp.geojson,7261,သောင်တန်း(အောင်ဆန်း)ရပ်ကွက်,ရေကြည်,ward,no_exact_name,0.0,2334.8,7261:{names=2|children=0|places=0|addresses=0|streets=0|buildings=0|postal_local=0|saved_places=0|geom_npoints=64|area_m2=459167|verification=unverified},manual_review,,,Spatial-only candidate blocked (do not merge by geometry alone)
village_tract:MMR017026012:row1757:village_tract_boundary_Ayeyarwady_v94.zip_mmr_ady_polbnda_adm4_mimu_250k.shp,village_tract,ချောင်းဖျား,Chaung Hpyar,Ayeyarwady > Pyapon > Dedaye,reports/admin-reconciliation-v2/phase3-previews/village_tract_MMR017026012_row1757_village_tract_boundary_Ayeyarwady_v94.zip_mmr_ady_polbnda_adm4_mimu_250k.shp.geojson,7426,အမှတ် (၁) ရပ်ကွက်,ဒေးဒရဲ,ward,no_exact_name,0.0,1821.4,7426:{names=2|children=0|places=0|addresses=0|streets=0|buildings=0|postal_local=0|saved_places=0|geom_npoints=71|area_m2=1009797|verification=unverified},manual_review,,,Spatial-only candidate blocked (do not merge by geometry alone)
village_tract:MMR017025063:row1869:village_tract_boundary_Ayeyarwady_v94.zip_mmr_ady_polbnda_adm4_mimu_250k.shp,village_tract,ခနောင်,Kha Naung,Ayeyarwady > Pyapon > Kyaiklat,reports/admin-reconciliation-v2/phase3-previews/village_tract_MMR017025063_row1869_village_tract_boundary_Ayeyarwady_v94.zip_mmr_ady_polbnda_adm4_mimu_250k.shp.geojson,7422,အမှတ် (၄) ရပ်ကွက်,ကျိုက်လတ်,ward,no_exact_name,0.0,2467.9,7422:{names=2|children=0|places=0|addresses=0|streets=0|buildings=0|postal_local=0|saved_places=0|geom_npoints=42|area_m2=940140|verification=unverified},manual_review,,,Spatial-only candidate blocked (do not merge by geometry alone)
village_tract:MMR017025066:row1918:village_tract_boundary_Ayeyarwady_v94.zip_mmr_ady_polbnda_adm4_mimu_250k.shp,village_tract,တပေတမော့,Ta Pay Ta Mawt,Ayeyarwady > Pyapon > Kyaiklat,reports/admin-reconciliation-v2/phase3-previews/village_tract_MMR017025066_row1918_village_tract_boundary_Ayeyarwady_v94.zip_mmr_ady_polbnda_adm4_mimu_250k.shp.geojson,7421,အမှတ် (၅) ရပ်ကွက်,ကျိုက်လတ်,ward,no_exact_name,0.0,1895.1,7421:{names=2|children=0|places=0|addresses=0|streets=0|buildings=0|postal_local=0|saved_places=0|geom_npoints=67|area_m2=1905063|verification=unverified},manual_review,,,Spatial-only candidate blocked (do not merge by geometry alone)
village_tract:MMR008002004:row2039:village_tract_boundary_Bago_v94.zip_mmr_bgo_polbnda_adm4_mimu_250k_1.shp,village_tract,ဘန့်ပြင်,Bant Pyin,Bago (West) > Pyay > Paukkhaung,reports/admin-reconciliation-v2/phase3-previews/village_tract_MMR008002004_row2039_village_tract_boundary_Bago_v94.zip_mmr_bgo_polbnda_adm4_mimu_250k_1.shp.geojson,7113,အမှတ် (၅) ရပ်ကွက်,ပေါက်ခေါင်း,ward,no_exact_name,0.0,2237.4,7113:{names=2|children=0|places=0|addresses=0|streets=0|buildings=0|postal_local=1|saved_places=0|geom_npoints=77|area_m2=1212201|verification=unverified},manual_review,,,Spatial-only candidate blocked (do not merge by geometry alone)
village_tract:MMR008006018:row2195:village_tract_boundary_Bago_v94.zip_mmr_bgo_polbnda_adm4_mimu_250k_1.shp,village_tract,ဒုရင်ဒုဘို,Du Rin Du Bo,Bago (West) > Pyay > Shwedaung,reports/admin-reconciliation-v2/phase3-previews/village_tract_MMR008006018_row2195_village_tract_boundary_Bago_v94.zip_mmr_bgo_polbnda_adm4_mimu_250k_1.shp.geojson,7141,ယွန်းတန်းရပ်ကွက်,ရွှေတောင်,ward,no_exact_name,0.0,2328.4,7141:{names=2|children=0|places=0|addresses=0|streets=0|buildings=0|postal_local=0|saved_places=0|geom_npoints=66|area_m2=661662|verification=unverified},manual_review,,,Spatial-only candidate blocked (do not merge by geometry alone)
village_tract:MMR008006009:row2205:village_tract_boundary_Bago_v94.zip_mmr_bgo_polbnda_adm4_mimu_250k_1.shp,village_tract,ကြို့ကုန်း,Kyoet Kone,Bago (West) > Pyay > Shwedaung,reports/admin-reconciliation-v2/phase3-previews/village_tract_MMR008006009_row2205_village_tract_boundary_Bago_v94.zip_mmr_bgo_polbnda_adm4_mimu_250k_1.shp.geojson,7142,ကြာနီကန်ရပ်ကွက်,ရွှေတောင်,ward,no_exact_name,0.0,1749.8,7142:{names=2|children=0|places=0|addresses=0|streets=0|buildings=0|postal_local=0|saved_places=0|geom_npoints=203|area_m2=1910767|verification=unverified},manual_review,,,Spatial-only candidate blocked (do not merge by geometry alone)
village_tract:MMR008005017:row2256:village_tract_boundary_Bago_v94.zip_mmr_bgo_polbnda_adm4_mimu_250k_1.shp,village_tract,ကန်နှစ်ဆင့်,Kan Hnit Sint,Bago (West) > Pyay > Thegon,reports/admin-reconciliation-v2/phase3-previews/village_tract_MMR008005017_row2256_village_tract_boundary_Bago_v94.zip_mmr_bgo_polbnda_adm4_mimu_250k_1.shp.geojson,7159,ချမ်းမြေ့သာယာရပ်ကွက်,သဲကုန်း,ward,no_exact_name,0.0,1803.9,7159:{names=2|children=0|places=0|addresses=0|streets=0|buildings=0|postal_local=1|saved_places=0|geom_npoints=44|area_m2=877423|verification=unverified},manual_review,,,Spatial-only candidate blocked (do not merge by geometry alone)
village_tract:MMR008005003:row2276:village_tract_boundary_Bago_v94.zip_mmr_bgo_polbnda_adm4_mimu_250k_1.shp,village_tract,အုပ်ဆွဲ,Oke Swea,Bago (West) > Pyay > Thegon,reports/admin-reconciliation-v2/phase3-previews/village_tract_MMR008005003_row2276_village_tract_boundary_Bago_v94.zip_mmr_bgo_polbnda_adm4_mimu_250k_1.shp.geojson,7138,ပေါက်တောရပ်ကွက်,သဲကုန်း,ward,no_exact_name,0.0,1622.2,7138:{names=2|children=0|places=0|addresses=0|streets=0|buildings=0|postal_local=1|saved_places=0|geom_npoints=126|area_m2=4212857|verification=unverified},manual_review,,,Spatial-only candidate blocked (do not merge by geometry alone)
village_tract:MMR008005001:row2277:village_tract_boundary_Bago_v94.zip_mmr_bgo_polbnda_adm4_mimu_250k_1.shp,village_tract,ပိတ်ချင်းကုန်း,Peik Chin Kone,Bago (West) > Pyay > Thegon,reports/admin-reconciliation-v2/phase3-previews/village_tract_MMR008005001_row2277_village_tract_boundary_Bago_v94.zip_mmr_bgo_polbnda_adm4_mimu_250k_1.shp.geojson,7140,ကန်တော်မင်္ဂလာရပ်ကွက်,သဲကုန်း,ward,no_exact_name,0.0,1658.0,7140:{names=2|children=0|places=0|addresses=0|streets=0|buildings=0|postal_local=1|saved_places=0|geom_npoints=87|area_m2=2724891|verification=unverified},manual_review,,,Spatial-only candidate blocked (do not merge by geometry alone)
village_tract:MMR007007033:row2807:village_tract_boundary_Bago_v94.zip_mmr_bgo_polbnda_adm4_mimu_250k_1.shp,village_tract,ဖအောင်းစု,Hpa Aung Su,Bago (East) > Bago > Daik-U,reports/admin-reconciliation-v2/phase3-previews/village_tract_MMR007007033_row2807_village_tract_boundary_Bago_v94.zip_mmr_bgo_polbnda_adm4_mimu_250k_1.shp.geojson,5912,ဝါဆိုရပ်ကွက်,ဒိုက်ဦး,ward,no_exact_name,0.0,2251.6,5912:{names=2|children=0|places=0|addresses=0|streets=0|buildings=0|postal_local=1|saved_places=0|geom_npoints=89|area_m2=1261191|verification=unverified},manual_review,,,Spatial-only candidate blocked (do not merge by geometry alone)
village_tract:MMR007007001:row2817:village_tract_boundary_Bago_v94.zip_mmr_bgo_polbnda_adm4_mimu_250k_1.shp,village_tract,ကျွန်းကုန်း,Kyun Kone,Bago (East) > Bago > Daik-U,reports/admin-reconciliation-v2/phase3-previews/village_tract_MMR007007001_row2817_village_tract_boundary_Bago_v94.zip_mmr_bgo_polbnda_adm4_mimu_250k_1.shp.geojson,5918,မင်းတဲရပ်ကွက်,ဒိုက်ဦး,ward,no_exact_name,0.0,2205.2,5918:{names=2|children=0|places=0|addresses=0|streets=0|buildings=0|postal_local=1|saved_places=0|geom_npoints=100|area_m2=1032518|verification=unverified},manual_review,,,Spatial-only candidate blocked (do not merge by geometry alone)
village_tract:MMR007002008:row3101:village_tract_boundary_Bago_v94.zip_mmr_bgo_polbnda_adm4_mimu_250k_1.shp,village_tract,ထောင်မင်း,Htaung Min,Bago (East) > Bago > Thanatpin,reports/admin-reconciliation-v2/phase3-previews/village_tract_MMR007002008_row3101_village_tract_boundary_Bago_v94.zip_mmr_bgo_polbnda_adm4_mimu_250k_1.shp.geojson,5859,ရွာသစ်ပိုင်းရပ်ကွက်,သနပ်ပင်,ward,no_exact_name,0.0,2477.7,5859:{names=2|children=0|places=0|addresses=0|streets=0|buildings=0|postal_local=1|saved_places=0|geom_npoints=55|area_m2=216541|verification=unverified},manual_review,,,Spatial-only candidate blocked (do not merge by geometry alone)
village_tract:MMR007002004:row3143:village_tract_boundary_Bago_v94.zip_mmr_bgo_polbnda_adm4_mimu_250k_1.shp,village_tract,စွန်ပိ,Sun Pi,Bago (East) > Bago > Thanatpin,reports/admin-reconciliation-v2/phase3-previews/village_tract_MMR007002004_row3143_village_tract_boundary_Bago_v94.zip_mmr_bgo_polbnda_adm4_mimu_250k_1.shp.geojson,5864,ဘုရားကြီးပိုင်းရပ်ကွက်,သနပ်ပင်,ward,no_exact_name,0.0,2326.1,5864:{names=2|children=0|places=0|addresses=0|streets=0|buildings=0|postal_local=1|saved_places=0|geom_npoints=44|area_m2=385822|verification=unverified},manual_review,,,Spatial-only candidate blocked (do not merge by geometry alone)
village_tract:MMR007004007:row3179:village_tract_boundary_Bago_v94.zip_mmr_bgo_polbnda_adm4_mimu_250k_1.shp,village_tract,ကြာလဟာ,Kyar La Har,Bago (East) > Bago > Waw,reports/admin-reconciliation-v2/phase3-previews/village_tract_MMR007004007_row3179_village_tract_boundary_Bago_v94.zip_mmr_bgo_polbnda_adm4_mimu_250k_1.shp.geojson,5870,ချမ်းမြသာစည်ရပ်ကွက်,ဝေါ,ward,no_exact_name,0.0,2453.9,5870:{names=2|children=0|places=0|addresses=0|streets=0|buildings=0|postal_local=1|saved_places=0|geom_npoints=42|area_m2=680797|verification=unverified},manual_review,,,Spatial-only candidate blocked (do not merge by geometry alone)
village_tract:MMR007009018:row3381:village_tract_boundary_Bago_v94.zip_mmr_bgo_polbnda_adm4_mimu_250k_1.shp,village_tract,လဲဘူး,Le Bu,Bago (East) > Taungoo > Taungoo,reports/admin-reconciliation-v2/phase3-previews/village_tract_MMR007009018_row3381_village_tract_boundary_Bago_v94.zip_mmr_bgo_polbnda_adm4_mimu_250k_1.shp.geojson,5946,ရခိုင်စု၊ နေပူကုန်းရပ်ကွက်,တောင်ငူ,ward,no_exact_name,0.0,2444.8,5946:{names=3|children=0|places=0|addresses=0|streets=0|buildings=0|postal_local=1|saved_places=0|geom_npoints=53|area_m2=1368547|verification=unverified},manual_review,,,Spatial-only candidate blocked (do not merge by geometry alone)
village_tract:MMR004001011:row3475:village_tract_boundary_Chin_v94.zip_mmr_chn_polbnda_adm4_mimu_250k.shp,village_tract,စီဇာမွာလ်,C. Zamual,Chin > Falam > Falam,reports/admin-reconciliation-v2/phase3-previews/village_tract_MMR004001011_row3475_village_tract_boundary_Chin_v94.zip_mmr_chn_polbnda_adm4_mimu_250k.shp.geojson,6711,ကျင်မွာလ်ရပ်ကွက်,ဖလမ်း,ward,no_exact_name,0.0,2319.3,6711:{names=2|children=0|places=0|addresses=0|streets=0|buildings=0|postal_local=1|saved_places=0|geom_npoints=91|area_m2=1159273|verification=unverified},manual_review,,,Spatial-only candidate blocked (do not merge by geometry alone)
village_tract:MMR001013025:row4035:village_tract_boundary_Kachin_v94.zip_mmr_kch_polbnda_adm4_mimu_250k.shp,village_tract,ပန်ခမ်း,Pang Hkam,Kachin > Bhamo > Mansi,reports/admin-reconciliation-v2/phase3-previews/village_tract_MMR001013025_row4035_village_tract_boundary_Kachin_v94.zip_mmr_kch_polbnda_adm4_mimu_250k.shp.geojson,6583,弄岛镇,မံစီ,special_area,no_exact_name,6.0,5404.0,6583:{names=2|children=0|places=0|addresses=0|streets=0|buildings=0|postal_local=0|saved_places=0|geom_npoints=849|area_m2=101751996|verification=unverified},manual_review,,,Spatial-only candidate blocked (do not merge by geometry alone)
village_tract:MMR001012001:row4080:village_tract_boundary_Kachin_v94.zip_mmr_kch_polbnda_adm4_mimu_250k.shp,village_tract,မံပုံ,Man Pong,Kachin > Bhamo > Momauk,reports/admin-reconciliation-v2/phase3-previews/village_tract_MMR001012001_row4080_village_tract_boundary_Kachin_v94.zip_mmr_kch_polbnda_adm4_mimu_250k.shp.geojson,6611,ကျေးနန်းဝိုင်းရပ်ကွက်,မိုးမောက်,ward,no_exact_name,0.0,1921.9,6611:{names=2|children=0|places=0|addresses=0|streets=0|buildings=0|postal_local=1|saved_places=0|geom_npoints=197|area_m2=1974623|verification=unverified},manual_review,,,Spatial-only candidate blocked (do not merge by geometry alone)
village_tract:MMR003001037:row4798:village_tract_boundary_Kayin_v94.zip_mmr_kyn_polbnda_adm4_unhcr_mimu_250k.shp,village_tract,တရုတ်လှ,Ta Yoke Hla,Kayin > Hpa-An > Hpa-An,reports/admin-reconciliation-v2/phase3-previews/village_tract_MMR003001037_row4798_village_tract_boundary_Kayin_v94.zip_mmr_kyn_polbnda_adm4_unhcr_mimu_250k.shp.geojson,5042,ထောင်ဝိရပ်ကွက်,ဘားအံ,ward,no_exact_name,0.0,2081.1,5042:{names=2|children=0|places=0|addresses=0|streets=0|buildings=0|postal_local=2|saved_places=0|geom_npoints=90|area_m2=3713521|verification=unverified},manual_review,,,Spatial-only candidate blocked (do not merge by geometry alone)
village_tract:MMR003001073:row4817:village_tract_boundary_Kayin_v94.zip_mmr_kyn_polbnda_adm4_unhcr_mimu_250k.shp,village_tract,ရဲသာ,Ye Thar,Kayin > Hpa-An > Hpa-An,reports/admin-reconciliation-v2/phase3-previews/village_tract_MMR003001073_row4817_village_tract_boundary_Kayin_v94.zip_mmr_kyn_polbnda_adm4_unhcr_mimu_250k.shp.geojson,5039,ပြည်ထောင်စုရပ်ကွက်,ဘားအံ,ward,no_exact_name,0.0,2483.0,5039:{names=2|children=0|places=0|addresses=0|streets=0|buildings=0|postal_local=1|saved_places=0|geom_npoints=91|area_m2=1688289|verification=unverified},manual_review,,,Spatial-only candidate blocked (do not merge by geometry alone)
village_tract:MMR009004013:row5549:village_tract_boundary_Magway_v94.zip_mmr_mgy_polbnda_adm4_wfp_mimu_250k_1.shp,village_tract,ပန်းသွင်းလေး,Pan Thwin Lay,Magway > Magway > Taungdwingyi,reports/admin-reconciliation-v2/phase3-previews/village_tract_MMR009004013_row5549_village_tract_boundary_Magway_v94.zip_mmr_mgy_polbnda_adm4_wfp_mimu_250k_1.shp.geojson,7070,မောင်းတို် (၂) ရပ်ကွက်,တောင်တွင်းကြီး,ward,no_exact_name,0.0,1803.1,7070:{names=3|children=0|places=0|addresses=0|streets=0|buildings=0|postal_local=1|saved_places=0|geom_npoints=70|area_m2=965949|verification=unverified},manual_review,,,Spatial-only candidate blocked (do not merge by geometry alone)
village_tract:MMR009009008:row5693:village_tract_boundary_Magway_v94.zip_mmr_mgy_polbnda_adm4_wfp_mimu_250k_1.shp,village_tract,ကျောင်းကုန်း,Kyaung Kone,Magway > Minbu > Ngape,reports/admin-reconciliation-v2/phase3-previews/village_tract_MMR009009008_row5693_village_tract_boundary_Magway_v94.zip_mmr_mgy_polbnda_adm4_wfp_mimu_250k_1.shp.geojson,7014,ကျောင်းတွင်းရပ်ကွက်,ငဖဲ,ward,no_exact_name,0.0,1994.0,7014:{names=2|children=0|places=0|addresses=0|streets=0|buildings=0|postal_local=1|saved_places=0|geom_npoints=160|area_m2=1072795|verification=unverified},manual_review,,,Spatial-only candidate blocked (do not merge by geometry alone)
village_tract:MMR009010005:row5783:village_tract_boundary_Magway_v94.zip_mmr_mgy_polbnda_adm4_wfp_mimu_250k_1.shp,village_tract,အနောက်ကန်ဘောင်,Ah Nauk Kan Baung,Magway > Minbu > Salin,reports/admin-reconciliation-v2/phase3-previews/village_tract_MMR009010005_row5783_village_tract_boundary_Magway_v94.zip_mmr_mgy_polbnda_adm4_wfp_mimu_250k_1.shp.geojson,7037,ပေါင်းပင်ဇင်းရပ်ကွက်,စလင်း,ward,no_exact_name,0.0,2249.5,7037:{names=2|children=0|places=0|addresses=0|streets=0|buildings=0|postal_local=1|saved_places=0|geom_npoints=88|area_m2=338053|verification=unverified},manual_review,,,Spatial-only candidate blocked (do not merge by geometry alone)
village_tract:MMR009010004:row5797:village_tract_boundary_Magway_v94.zip_mmr_mgy_polbnda_adm4_wfp_mimu_250k_1.shp,village_tract,ကူဖြူ,Ku Hpyu,Magway > Minbu > Salin,reports/admin-reconciliation-v2/phase3-previews/village_tract_MMR009010004_row5797_village_tract_boundary_Magway_v94.zip_mmr_mgy_polbnda_adm4_wfp_mimu_250k_1.shp.geojson,7036,ကျောင်းကြားရပ်ကွက်,စလင်း,ward,no_exact_name,21.8,2070.7,7036:{names=2|children=0|places=0|addresses=0|streets=0|buildings=0|postal_local=1|saved_places=0|geom_npoints=152|area_m2=451305|verification=unverified},manual_review,,,Spatial-only candidate blocked (do not merge by geometry alone)
village_tract:MMR009010010:row5834:village_tract_boundary_Magway_v94.zip_mmr_mgy_polbnda_adm4_wfp_mimu_250k_1.shp,village_tract,ရှမ်းစု,Shan Su,Magway > Minbu > Salin,reports/admin-reconciliation-v2/phase3-previews/village_tract_MMR009010010_row5834_village_tract_boundary_Magway_v94.zip_mmr_mgy_polbnda_adm4_wfp_mimu_250k_1.shp.geojson,7037,ပေါင်းပင်ဇင်းရပ်ကွက်,စလင်း,ward,no_exact_name,0.1,2030.8,7037:{names=2|children=0|places=0|addresses=0|streets=0|buildings=0|postal_local=1|saved_places=0|geom_npoints=88|area_m2=338053|verification=unverified},manual_review,,,Spatial-only candidate blocked (do not merge by geometry alone)
village_tract:MMR009019017:row6219:village_tract_boundary_Magway_v94.zip_mmr_mgy_polbnda_adm4_wfp_mimu_250k_1.shp,village_tract,ညောင်တော,Nyaung Taw,Magway > Pakokku > Yesagyo,reports/admin-reconciliation-v2/phase3-previews/village_tract_MMR009019017_row6219_village_tract_boundary_Magway_v94.zip_mmr_mgy_polbnda_adm4_wfp_mimu_250k_1.shp.geojson,6878,အမှတ် (၄) ရပ်ကွက်,ရေစကြို,ward,no_exact_name,0.0,2283.0,6878:{names=2|children=0|places=0|addresses=0|streets=0|buildings=0|postal_local=1|saved_places=0|geom_npoints=62|area_m2=126106|verification=unverified},manual_review,,,Spatial-only candidate blocked (do not merge by geometry alone)
village_tract:MMR009016005:row6296:village_tract_boundary_Magway_v94.zip_mmr_mgy_polbnda_adm4_wfp_mimu_250k_1.shp,village_tract,မိုးဖုန်း,Moe Hpone,Magway > Thayet > Aunglan,reports/admin-reconciliation-v2/phase3-previews/village_tract_MMR009016005_row6296_village_tract_boundary_Magway_v94.zip_mmr_mgy_polbnda_adm4_wfp_mimu_250k_1.shp.geojson,7130,မကျီးကုန်းရပ်ကွက်,အောင်လံ,ward,no_exact_name,0.0,2232.7,7130:{names=2|children=0|places=0|addresses=0|streets=0|buildings=0|postal_local=1|saved_places=0|geom_npoints=79|area_m2=1631893|verification=unverified},manual_review,,,Spatial-only candidate blocked (do not merge by geometry alone)
village_tract:MMR009016004:row6314:village_tract_boundary_Magway_v94.zip_mmr_mgy_polbnda_adm4_wfp_mimu_250k_1.shp,village_tract,ပိတောက်ကုန်း,Pi Tauk Kone,Magway > Thayet > Aunglan,reports/admin-reconciliation-v2/phase3-previews/village_tract_MMR009016004_row6314_village_tract_boundary_Magway_v94.zip_mmr_mgy_polbnda_adm4_wfp_mimu_250k_1.shp.geojson,7124,ရွာထောင်ရပ်ကွက်,အောင်လံ,ward,no_exact_name,0.0,1913.5,7124:{names=2|children=0|places=0|addresses=0|streets=0|buildings=0|postal_local=2|saved_places=0|geom_npoints=208|area_m2=5102931|verification=unverified},manual_review,,,Spatial-only candidate blocked (do not merge by geometry alone)
village_tract:MMR009014011:row6453:village_tract_boundary_Magway_v94.zip_mmr_mgy_polbnda_adm4_wfp_mimu_250k_1.shp,village_tract,ပြောင်းပြာ,Pyaung Pyar,Magway > Thayet > Mindon,reports/admin-reconciliation-v2/phase3-previews/village_tract_MMR009014011_row6453_village_tract_boundary_Magway_v94.zip_mmr_mgy_polbnda_adm4_wfp_mimu_250k_1.shp.geojson,7102,အမှတ် (၄) ရပ်ကွက်,မင်းတုန်း,ward,no_exact_name,0.0,2156.2,7102:{names=2|children=0|places=0|addresses=0|streets=0|buildings=0|postal_local=1|saved_places=0|geom_npoints=145|area_m2=668173|verification=unverified},manual_review,,,Spatial-only candidate blocked (do not merge by geometry alone)
village_tract:MMR010015037:row6761:village_tract_boundary_Mandalay_v94.zip_mmr_mdy_polbnda_adm4_mimu_250k.shp,village_tract,ကင်းစိန်ဈေး,Kin Sein Zay,Mandalay > Kyaukse > Myittha,reports/admin-reconciliation-v2/phase3-previews/village_tract_MMR010015037_row6761_village_tract_boundary_Mandalay_v94.zip_mmr_mdy_polbnda_adm4_mimu_250k.shp.geojson,6201,ဘူတာရပ်ကွက်,မြစ်သား,ward,no_exact_name,0.0,1644.3,6201:{names=2|children=0|places=0|addresses=0|streets=0|buildings=0|postal_local=1|saved_places=0|geom_npoints=128|area_m2=948673|verification=unverified},manual_review,,,Spatial-only candidate blocked (do not merge by geometry alone)
village_tract:MMR010015041:row6786:village_tract_boundary_Mandalay_v94.zip_mmr_mdy_polbnda_adm4_mimu_250k.shp,village_tract,ငါးဆူ,Ngar Su,Mandalay > Kyaukse > Myittha,reports/admin-reconciliation-v2/phase3-previews/village_tract_MMR010015041_row6786_village_tract_boundary_Mandalay_v94.zip_mmr_mdy_polbnda_adm4_mimu_250k.shp.geojson,6189,မြို့မအရှေ့ရပ်ကွက်,မြစ်သား,ward,no_exact_name,0.0,2405.8,6189:{names=2|children=0|places=0|addresses=0|streets=0|buildings=0|postal_local=1|saved_places=0|geom_npoints=83|area_m2=394960|verification=unverified},manual_review,,,Spatial-only candidate blocked (do not merge by geometry alone)
village_tract:MMR010029002:row7060:village_tract_boundary_Mandalay_v94.zip_mmr_mdy_polbnda_adm4_mimu_250k.shp,village_tract,ကမ္ဘားဖြူ,Kan Bar Hpyu,Mandalay > Meiktila > Mahlaing,reports/admin-reconciliation-v2/phase3-previews/village_tract_MMR010029002_row7060_village_tract_boundary_Mandalay_v94.zip_mmr_mdy_polbnda_adm4_mimu_250k.shp.geojson,6893,အမှတ် (၄) ရပ်ကွက်,မလှိုင်,ward,no_exact_name,0.0,2138.4,6893:{names=2|children=0|places=0|addresses=0|streets=0|buildings=0|postal_local=1|saved_places=0|geom_npoints=72|area_m2=620860|verification=unverified},manual_review,,,Spatial-only candidate blocked (do not merge by geometry alone)
village_tract:MMR010030008:row7181:village_tract_boundary_Mandalay_v94.zip_mmr_mdy_polbnda_adm4_mimu_250k.shp,village_tract,ကပ်ကျေးအင်း,Kat Kyay Inn,Mandalay > Meiktila > Thazi,reports/admin-reconciliation-v2/phase3-previews/village_tract_MMR010030008_row7181_village_tract_boundary_Mandalay_v94.zip_mmr_mdy_polbnda_adm4_mimu_250k.shp.geojson,6168,အမှတ် (၁) ရပ်ကွက်,သာစည်,ward,no_exact_name,0.0,2071.6,6168:{names=2|children=0|places=0|addresses=0|streets=0|buildings=0|postal_local=1|saved_places=0|geom_npoints=112|area_m2=2684447|verification=unverified},manual_review,,,Spatial-only candidate blocked (do not merge by geometry alone)
village_tract:MMR010031061:row7274:village_tract_boundary_Mandalay_v94.zip_mmr_mdy_polbnda_adm4_mimu_250k.shp,village_tract,နတ်ကန်,Nat Kan,Mandalay > Meiktila > Wundwin,reports/admin-reconciliation-v2/phase3-previews/village_tract_MMR010031061_row7274_village_tract_boundary_Mandalay_v94.zip_mmr_mdy_polbnda_adm4_mimu_250k.shp.geojson,6172,သဲတောမြို့မအမှတ် (၂) ရပ်ကွက်,ဝမ်းတွင်း,ward,no_exact_name,0.0,1992.8,6172:{names=3|children=0|places=0|addresses=0|streets=0|buildings=0|postal_local=1|saved_places=0|geom_npoints=106|area_m2=298467|verification=unverified},manual_review,,,Spatial-only candidate blocked (do not merge by geometry alone)
village_tract:MMR010018013:row7526:village_tract_boundary_Mandalay_v94.zip_mmr_mdy_polbnda_adm4_mimu_250k.shp,village_tract,လက်သဲချင်,Let Thea Chin,Mandalay > Myingyan > Taungtha,reports/admin-reconciliation-v2/phase3-previews/village_tract_MMR010018013_row7526_village_tract_boundary_Mandalay_v94.zip_mmr_mdy_polbnda_adm4_mimu_250k.shp.geojson,6906,ဘူတာကုန်းရပ်ကွက်,တောင်သာ,ward,no_exact_name,0.0,2279.1,6906:{names=2|children=0|places=0|addresses=0|streets=0|buildings=0|postal_local=1|saved_places=0|geom_npoints=135|area_m2=834436|verification=unverified},manual_review,,,Spatial-only candidate blocked (do not merge by geometry alone)
village_tract:MMR010018011:row7535:village_tract_boundary_Mandalay_v94.zip_mmr_mdy_polbnda_adm4_mimu_250k.shp,village_tract,နဘဲကန်,Na Be Kan,Mandalay > Myingyan > Taungtha,reports/admin-reconciliation-v2/phase3-previews/village_tract_MMR010018011_row7535_village_tract_boundary_Mandalay_v94.zip_mmr_mdy_polbnda_adm4_mimu_250k.shp.geojson,6902,မင်းစုရပ်ကွက်,တောင်သာ,ward,no_exact_name,0.0,1692.0,6902:{names=2|children=0|places=0|addresses=0|streets=0|buildings=0|postal_local=1|saved_places=0|geom_npoints=104|area_m2=2969656|verification=unverified},manual_review,,,Spatial-only candidate blocked (do not merge by geometry alone)
village_tract:MMR011003025:row8139:village_tract_boundary_Mon_v94.zip_mmr_mon_polbnda_adm4_unicef_mimu_250k.shp,village_tract,မရမ်း,Ma Yan,Mon > Mawlamyine > Chaungzon,reports/admin-reconciliation-v2/phase3-previews/village_tract_MMR011003025_row8139_village_tract_boundary_Mon_v94.zip_mmr_mon_polbnda_adm4_unicef_mimu_250k.shp.geojson,5088,တိုးချဲ့ရပ်ကွက်,ချောင်းဆုံ,ward,no_exact_name,0.0,2000.1,5088:{names=2|children=0|places=0|addresses=0|streets=0|buildings=0|postal_local=1|saved_places=0|geom_npoints=41|area_m2=556655|verification=unverified},manual_review,,,Spatial-only candidate blocked (do not merge by geometry alone)
village_tract:MMR011003017:row8146:village_tract_boundary_Mon_v94.zip_mmr_mon_polbnda_adm4_unicef_mimu_250k.shp,village_tract,စော်ကဲ,Saw Ke,Mon > Mawlamyine > Chaungzon,reports/admin-reconciliation-v2/phase3-previews/village_tract_MMR011003017_row8146_village_tract_boundary_Mon_v94.zip_mmr_mon_polbnda_adm4_unicef_mimu_250k.shp.geojson,5085,အနောက်ရပ်ကွက်,ချောင်းဆုံ,ward,no_exact_name,0.0,2400.6,5085:{names=2|children=0|places=0|addresses=0|streets=0|buildings=0|postal_local=1|saved_places=0|geom_npoints=80|area_m2=2522286|verification=unverified},manual_review,,,Spatial-only candidate blocked (do not merge by geometry alone)
village_tract:MMR011002004:row8161:village_tract_boundary_Mon_v94.zip_mmr_mon_polbnda_adm4_unicef_mimu_250k.shp,village_tract,ဘိန်းဗျော,Bein Byaw,Mon > Mawlamyine > Kyaikmaraw,reports/admin-reconciliation-v2/phase3-previews/village_tract_MMR011002004_row8161_village_tract_boundary_Mon_v94.zip_mmr_mon_polbnda_adm4_unicef_mimu_250k.shp.geojson,5083,ရန်မျိုးအောင်ရပ်ကွက်,ကျိုက်မရော,ward,no_exact_name,0.0,2418.6,5083:{names=2|children=0|places=0|addresses=0|streets=0|buildings=0|postal_local=1|saved_places=0|geom_npoints=154|area_m2=5549477|verification=unverified},manual_review,,,Spatial-only candidate blocked (do not merge by geometry alone)
village_tract:MMR011005010:row8243:village_tract_boundary_Mon_v94.zip_mmr_mon_polbnda_adm4_unicef_mimu_250k.shp,village_tract,ကျုံဖိုက်,Kyon Hpaik,Mon > Mawlamyine > Mudon,reports/admin-reconciliation-v2/phase3-previews/village_tract_MMR011005010_row8243_village_tract_boundary_Mon_v94.zip_mmr_mon_polbnda_adm4_unicef_mimu_250k.shp.geojson,5097,မြို့မ (၄) ရပ်ကွက်,မုဒုံ,ward,no_exact_name,0.0,2227.0,5097:{names=3|children=0|places=0|addresses=0|streets=0|buildings=0|postal_local=1|saved_places=0|geom_npoints=119|area_m2=6445143|verification=unverified},manual_review,,,Spatial-only candidate blocked (do not merge by geometry alone)
village_tract:MMR011004001:row8269:village_tract_boundary_Mon_v94.zip_mmr_mon_polbnda_adm4_unicef_mimu_250k.shp,village_tract,မြမာလာ,Mya Mar Lar,Mon > Mawlamyine > Thanbyuzayat,reports/admin-reconciliation-v2/phase3-previews/village_tract_MMR011004001_row8269_village_tract_boundary_Mon_v94.zip_mmr_mon_polbnda_adm4_unicef_mimu_250k.shp.geojson,5096,မန်းရတနာရပ်ကွက်,သံဖြူဇရပ်,ward,no_exact_name,0.0,2415.2,5096:{names=3|children=0|places=0|addresses=0|streets=0|buildings=0|postal_local=1|saved_places=0|geom_npoints=79|area_m2=463501|verification=unverified},manual_review,,,Spatial-only candidate blocked (do not merge by geometry alone)
village_tract:MMR011006009:row8295:village_tract_boundary_Mon_v94.zip_mmr_mon_polbnda_adm4_unicef_mimu_250k.shp,village_tract,ချောင်းတောင်,Chaung Taung,Mon > Mawlamyine > Ye,reports/admin-reconciliation-v2/phase3-previews/village_tract_MMR011006009_row8295_village_tract_boundary_Mon_v94.zip_mmr_mon_polbnda_adm4_unicef_mimu_250k.shp.geojson,7493,သီရိနန္ဒာရပ်ကွက်,ရေး,ward,no_exact_name,0.0,2446.5,7493:{names=2|children=0|places=0|addresses=0|streets=0|buildings=0|postal_local=1|saved_places=0|geom_npoints=92|area_m2=728184|verification=unverified},manual_review,,,Spatial-only candidate blocked (do not merge by geometry alone)
village_tract:MMR011010006:row8322:village_tract_boundary_Mon_v94.zip_mmr_mon_polbnda_adm4_unicef_mimu_250k.shp,village_tract,အနိင်းပွန်,Ah Naing Pun,Mon > Thaton > Bilin,reports/admin-reconciliation-v2/phase3-previews/village_tract_MMR011010006_row8322_village_tract_boundary_Mon_v94.zip_mmr_mon_polbnda_adm4_unicef_mimu_250k.shp.geojson,5875,ဖိုးလှကြီးရပ်ကွက်,ဘီးလင်း,ward,no_exact_name,0.0,1939.2,5875:{names=2|children=0|places=0|addresses=0|streets=0|buildings=0|postal_local=1|saved_places=0|geom_npoints=55|area_m2=1230639|verification=unverified},manual_review,,,Spatial-only candidate blocked (do not merge by geometry alone)
village_tract:MMR011010032:row8351:village_tract_boundary_Mon_v94.zip_mmr_mon_polbnda_adm4_unicef_mimu_250k.shp,village_tract,တညင်းကုန်း,Ta Nyin Kone,Mon > Thaton > Bilin,reports/admin-reconciliation-v2/phase3-previews/village_tract_MMR011010032_row8351_village_tract_boundary_Mon_v94.zip_mmr_mon_polbnda_adm4_unicef_mimu_250k.shp.geojson,5866,ဗိုလ်တေဇရပ်ကွက်,ဘီးလင်း,ward,no_exact_name,0.0,2242.9,5866:{names=2|children=0|places=0|addresses=0|streets=0|buildings=0|postal_local=1|saved_places=0|geom_npoints=48|area_m2=910858|verification=unverified},manual_review,,,Spatial-only candidate blocked (do not merge by geometry alone)
village_tract:MMR011007026:row8480:village_tract_boundary_Mon_v94.zip_mmr_mon_polbnda_adm4_unicef_mimu_250k.shp,village_tract,ပေါ်တော်မူ,Paw Taw Mu,Mon > Thaton > Thaton,reports/admin-reconciliation-v2/phase3-previews/village_tract_MMR011007026_row8480_village_tract_boundary_Mon_v94.zip_mmr_mon_polbnda_adm4_unicef_mimu_250k.shp.geojson,5037,လိပ်အင်းရပ်ကွက်,သထုံ,ward,no_exact_name,0.0,1789.5,5037:{names=2|children=0|places=0|addresses=0|streets=0|buildings=0|postal_local=1|saved_places=0|geom_npoints=99|area_m2=2749177|verification=unverified},manual_review,,,Spatial-only candidate blocked (do not merge by geometry alone)
village_tract:MMR018004701:row8508:village_tract_boundary_Nay_Pyi_Taw_v94.zip_mmr_npt_polbnda_adm4_250k_mimu_1.shp,village_tract,,Urban,Nay Pyi Taw > Det Khi Na > Det Khi Na Thi Ri,reports/admin-reconciliation-v2/phase3-previews/village_tract_MMR018004701_row8508_village_tract_boundary_Nay_Pyi_Taw_v94.zip_mmr_npt_polbnda_adm4_250k_mimu_1.shp.geojson,6033,ဒက္ခိဏသီရိရပ်ကွက်,ဒက္ခိဏသီရိ,ward,no_exact_name,100.0,1024.7,6033:{names=3|children=0|places=0|addresses=0|streets=0|buildings=0|postal_local=1|saved_places=0|geom_npoints=84|area_m2=59855794|verification=unverified},manual_review,,,Spatial-only candidate blocked (do not merge by geometry alone)
village_tract:MMR018007015:row8546:village_tract_boundary_Nay_Pyi_Taw_v94.zip_mmr_npt_polbnda_adm4_250k_mimu_1.shp,village_tract,စီပိုင်း,Si Paing,Nay Pyi Taw > Det Khi Na > Lewe,reports/admin-reconciliation-v2/phase3-previews/village_tract_MMR018007015_row8546_village_tract_boundary_Nay_Pyi_Taw_v94.zip_mmr_npt_polbnda_adm4_250k_mimu_1.shp.geojson,5989,ရွှေအင်ကြင်းရပ်ကွက်,လယ်ဝေး,ward,no_exact_name,0.0,2039.9,5989:{names=2|children=0|places=0|addresses=0|streets=0|buildings=0|postal_local=0|saved_places=0|geom_npoints=58|area_m2=5596152|verification=unverified},manual_review,,,Spatial-only candidate blocked (do not merge by geometry alone)
village_tract:MMR018007701:row8570:village_tract_boundary_Nay_Pyi_Taw_v94.zip_mmr_npt_polbnda_adm4_250k_mimu_1.shp,village_tract,,Urban,Nay Pyi Taw > Det Khi Na > Lewe,reports/admin-reconciliation-v2/phase3-previews/village_tract_MMR018007701_row8570_village_tract_boundary_Nay_Pyi_Taw_v94.zip_mmr_npt_polbnda_adm4_250k_mimu_1.shp.geojson,5989,ရွှေအင်ကြင်းရပ်ကွက်,လယ်ဝေး,ward,no_exact_name,0.0,1831.9,5989:{names=2|children=0|places=0|addresses=0|streets=0|buildings=0|postal_local=0|saved_places=0|geom_npoints=58|area_m2=5596152|verification=unverified},manual_review,,,Spatial-only candidate blocked (do not merge by geometry alone)
village_tract:MMR018002002:row8584:village_tract_boundary_Nay_Pyi_Taw_v94.zip_mmr_npt_polbnda_adm4_250k_mimu_1.shp,village_tract,အလျင်လို,Ah Hlyin Lo,Nay Pyi Taw > Det Khi Na > Za Bu Thi Ri,reports/admin-reconciliation-v2/phase3-previews/village_tract_MMR018002002_row8584_village_tract_boundary_Nay_Pyi_Taw_v94.zip_mmr_npt_polbnda_adm4_250k_mimu_1.shp.geojson,6036,အောင်ဇမ္ဗူရပ်ကွက်,ဇမ္ဗူသီရိ,ward,no_exact_name,0.0,2447.5,6036:{names=2|children=0|places=0|addresses=0|streets=0|buildings=0|postal_local=1|saved_places=0|geom_npoints=193|area_m2=4276748|verification=unverified},manual_review,,,Spatial-only candidate blocked (do not merge by geometry alone)
village_tract:MMR018002001:row8585:village_tract_boundary_Nay_Pyi_Taw_v94.zip_mmr_npt_polbnda_adm4_250k_mimu_1.shp,village_tract,တဲကြီးကုန်း,Te Gyi Kone,Nay Pyi Taw > Det Khi Na > Za Bu Thi Ri,reports/admin-reconciliation-v2/phase3-previews/village_tract_MMR018002001_row8585_village_tract_boundary_Nay_Pyi_Taw_v94.zip_mmr_npt_polbnda_adm4_250k_mimu_1.shp.geojson,6034,ရွှေကြာပင်ရပ်ကွက်,ဇမ္ဗူသီရိ,ward,no_exact_name,0.0,1491.0,6034:{names=2|children=0|places=0|addresses=0|streets=0|buildings=0|postal_local=1|saved_places=0|geom_npoints=67|area_m2=3579422|verification=unverified},manual_review,,,Spatial-only candidate blocked (do not merge by geometry alone)
village_tract:MMR018005002:row8617:village_tract_boundary_Nay_Pyi_Taw_v94.zip_mmr_npt_polbnda_adm4_250k_mimu_1.shp,village_tract,ကျည်တောင်ကန်,Kyi Taung Kan,Nay Pyi Taw > Oke Ta Ra > Poke Ba Thi Ri,reports/admin-reconciliation-v2/phase3-previews/village_tract_MMR018005002_row8617_village_tract_boundary_Nay_Pyi_Taw_v94.zip_mmr_npt_polbnda_adm4_250k_mimu_1.shp.geojson,6030,ဇဝနဒီပရပ်ကွက်,ပုဗ္ဗသီရိ,ward,no_exact_name,0.0,1904.9,6030:{names=2|children=0|places=0|addresses=0|streets=0|buildings=0|postal_local=1|saved_places=0|geom_npoints=79|area_m2=2124023|verification=unverified},manual_review,,,Spatial-only candidate blocked (do not merge by geometry alone)
village_tract:MMR018005012:row8618:village_tract_boundary_Nay_Pyi_Taw_v94.zip_mmr_npt_polbnda_adm4_250k_mimu_1.shp,village_tract,လယ်ယာ,Lel Yar,Nay Pyi Taw > Oke Ta Ra > Poke Ba Thi Ri,reports/admin-reconciliation-v2/phase3-previews/village_tract_MMR018005012_row8618_village_tract_boundary_Nay_Pyi_Taw_v94.zip_mmr_npt_polbnda_adm4_250k_mimu_1.shp.geojson,6048,တပင်ရွှေထီးရပ်ကွက်,ပုဗ္ဗသီရိ,ward,no_exact_name,0.0,2301.4,6048:{names=2|children=0|places=0|addresses=0|streets=0|buildings=0|postal_local=1|saved_places=0|geom_npoints=71|area_m2=2237639|verification=unverified},manual_review,,,Spatial-only candidate blocked (do not merge by geometry alone)
village_tract:MMR018008001:row8622:village_tract_boundary_Nay_Pyi_Taw_v94.zip_mmr_npt_polbnda_adm4_250k_mimu_1.shp,village_tract,ဇလောင်း,Za Laung,Nay Pyi Taw > Oke Ta Ra > Oke Ta Ra Thi Ri,reports/admin-reconciliation-v2/phase3-previews/village_tract_MMR018008001_row8622_village_tract_boundary_Nay_Pyi_Taw_v94.zip_mmr_npt_polbnda_adm4_250k_mimu_1.shp.geojson,6055,ရွှေနံသာရပ်ကွက်,ဥတ္တရသီရိ,ward,no_exact_name,0.0,1390.4,6055:{names=2|children=0|places=0|addresses=0|streets=0|buildings=0|postal_local=1|saved_places=0|geom_npoints=147|area_m2=2362141|verification=unverified},manual_review,,,Spatial-only candidate blocked (do not merge by geometry alone)
village_tract:MMR018005018:row8630:village_tract_boundary_Nay_Pyi_Taw_v94.zip_mmr_npt_polbnda_adm4_250k_mimu_1.shp,village_tract,သပြေစမ်း,Tha Pyay San,Nay Pyi Taw > Oke Ta Ra > Poke Ba Thi Ri,reports/admin-reconciliation-v2/phase3-previews/village_tract_MMR018005018_row8630_village_tract_boundary_Nay_Pyi_Taw_v94.zip_mmr_npt_polbnda_adm4_250k_mimu_1.shp.geojson,6056,ဇေယျာဒီပရပ်ကွက်,ပုဗ္ဗသီရိ,ward,no_exact_name,0.0,1517.4,6056:{names=2|children=0|places=0|addresses=0|streets=0|buildings=0|postal_local=1|saved_places=0|geom_npoints=93|area_m2=1961121|verification=unverified},manual_review,,,Spatial-only candidate blocked (do not merge by geometry alone)
village_tract:MMR018003904:row8644:village_tract_boundary_Nay_Pyi_Taw_v94.zip_mmr_npt_polbnda_adm4_250k_mimu_1.shp,village_tract,,,Nay Pyi Taw > Oke Ta Ra > Tatkon,reports/admin-reconciliation-v2/phase3-previews/village_tract_MMR018003904_row8644_village_tract_boundary_Nay_Pyi_Taw_v94.zip_mmr_npt_polbnda_adm4_250k_mimu_1.shp.geojson,6061,အနော်ရထာရပ်ကွက်,တပ်ကုန်း,ward,no_exact_name,0.0,1760.1,6061:{names=2|children=0|places=0|addresses=0|streets=0|buildings=0|postal_local=1|saved_places=0|geom_npoints=182|area_m2=1242424|verification=unverified},manual_review,,,Spatial-only candidate blocked (do not merge by geometry alone)
village_tract:MMR012010033:row8918:village_tract_boundary_Rakhine_v94.zip_mmr_rke_polbnda_adm4_mimu_who_250k.shp,village_tract,နန်းရာကုန်း,Nan Yar Kone,Rakhine > Maungdaw > Buthidaung,reports/admin-reconciliation-v2/phase3-previews/village_tract_MMR012010033_row8918_village_tract_boundary_Rakhine_v94.zip_mmr_rke_polbnda_adm4_mimu_who_250k.shp.geojson,6964,မြို့မရပ်ကွက်,ဘူးသီးတောင်,ward,no_exact_name,0.0,2177.4,6964:{names=2|children=0|places=0|addresses=0|streets=0|buildings=0|postal_local=1|saved_places=0|geom_npoints=33|area_m2=226496|verification=unverified},manual_review,,,Spatial-only candidate blocked (do not merge by geometry alone)
village_tract:MMR012009064:row9014:village_tract_boundary_Rakhine_v94.zip_mmr_rke_polbnda_adm4_mimu_who_250k.shp,village_tract,ညောင်ချောင်း,Nyaung Chaung,Rakhine > Maungdaw > Maungdaw,reports/admin-reconciliation-v2/phase3-previews/village_tract_MMR012009064_row9014_village_tract_boundary_Rakhine_v94.zip_mmr_rke_polbnda_adm4_mimu_who_250k.shp.geojson,6985,၄-မိုင်ရပ်ကွက်,မောင်တော,ward,no_exact_name,0.0,2228.4,6985:{names=2|children=0|places=0|addresses=0|streets=0|buildings=0|postal_local=1|saved_places=0|geom_npoints=414|area_m2=3700894|verification=unverified},manual_review,,,Spatial-only candidate blocked (do not merge by geometry alone)
village_tract:MMR012005008:row9141:village_tract_boundary_Rakhine_v94.zip_mmr_rke_polbnda_adm4_mimu_who_250k.shp,village_tract,ဘားဘူတောင်,Bar Bu Taung,Rakhine > Mrauk-U > Minbya,reports/admin-reconciliation-v2/phase3-previews/village_tract_MMR012005008_row9141_village_tract_boundary_Rakhine_v94.zip_mmr_rke_polbnda_adm4_mimu_who_250k.shp.geojson,7008,မြို့သစ်ရပ်ကွက်,မင်းပြား,ward,no_exact_name,0.0,2089.7,7008:{names=2|children=0|places=0|addresses=0|streets=0|buildings=0|postal_local=1|saved_places=0|geom_npoints=66|area_m2=703659|verification=unverified},manual_review,,,Spatial-only candidate blocked (do not merge by geometry alone)
village_tract:MMR012005001:row9153:village_tract_boundary_Rakhine_v94.zip_mmr_rke_polbnda_adm4_mimu_who_250k.shp,village_tract,ကင်းဆိပ်,Kin Seik,Rakhine > Mrauk-U > Minbya,reports/admin-reconciliation-v2/phase3-previews/village_tract_MMR012005001_row9153_village_tract_boundary_Rakhine_v94.zip_mmr_rke_polbnda_adm4_mimu_who_250k.shp.geojson,7007,ဈေးဟောင်းပိုင်းရပ်ကွက်,မင်းပြား,ward,no_exact_name,0.0,1968.4,7007:{names=2|children=0|places=0|addresses=0|streets=0|buildings=0|postal_local=1|saved_places=0|geom_npoints=78|area_m2=1235392|verification=unverified},manual_review,,,Spatial-only candidate blocked (do not merge by geometry alone)
village_tract:MMR012003015:row9229:village_tract_boundary_Rakhine_v94.zip_mmr_rke_polbnda_adm4_mimu_who_250k.shp,village_tract,ကင်းဆိပ်,Kin Seik,Rakhine > Mrauk-U > Mrauk-U,reports/admin-reconciliation-v2/phase3-previews/village_tract_MMR012003015_row9229_village_tract_boundary_Rakhine_v94.zip_mmr_rke_polbnda_adm4_mimu_who_250k.shp.geojson,6955,လော်ကမူရပ်ကွက်,မြောက်ဦး,ward,no_exact_name,0.0,2224.3,6955:{names=2|children=0|places=0|addresses=0|streets=0|buildings=0|postal_local=1|saved_places=0|geom_npoints=203|area_m2=1817979|verification=unverified},manual_review,,,Spatial-only candidate blocked (do not merge by geometry alone)
village_tract:MMR012003014:row9245:village_tract_boundary_Rakhine_v94.zip_mmr_rke_polbnda_adm4_mimu_who_250k.shp,village_tract,မောင်ရွှီကန်,Maung Shwi Kan,Rakhine > Mrauk-U > Mrauk-U,reports/admin-reconciliation-v2/phase3-previews/village_tract_MMR012003014_row9245_village_tract_boundary_Rakhine_v94.zip_mmr_rke_polbnda_adm4_mimu_who_250k.shp.geojson,6954,ထမ္မရာဇ်ရပ်ကွက်,မြောက်ဦး,ward,no_exact_name,0.0,1480.1,6954:{names=2|children=0|places=0|addresses=0|streets=0|buildings=0|postal_local=1|saved_places=0|geom_npoints=256|area_m2=4625420|verification=unverified},manual_review,,,Spatial-only candidate blocked (do not merge by geometry alone)
village_tract:MMR012002059:row9449:village_tract_boundary_Rakhine_v94.zip_mmr_rke_polbnda_adm4_mimu_who_250k.shp,village_tract,ကျောက်ဆိပ်,Kyauk Seik,Rakhine > Sittwe > Ponnagyun,reports/admin-reconciliation-v2/phase3-previews/village_tract_MMR012002059_row9449_village_tract_boundary_Rakhine_v94.zip_mmr_rke_polbnda_adm4_mimu_who_250k.shp.geojson,7004,ရွာဟောင်းရပ်ကွက်,ပုဏ္ဏားကျွန်း,ward,no_exact_name,0.0,2363.6,7004:{names=2|children=0|places=0|addresses=0|streets=0|buildings=0|postal_local=1|saved_places=0|geom_npoints=78|area_m2=388147|verification=unverified},manual_review,,,Spatial-only candidate blocked (do not merge by geometry alone)
village_tract:MMR012002068:row9495:village_tract_boundary_Rakhine_v94.zip_mmr_rke_polbnda_adm4_mimu_who_250k.shp,village_tract,ရေပေါက်ချောင်း,Yae Pauk Chaung,Rakhine > Sittwe > Ponnagyun,reports/admin-reconciliation-v2/phase3-previews/village_tract_MMR012002068_row9495_village_tract_boundary_Rakhine_v94.zip_mmr_rke_polbnda_adm4_mimu_who_250k.shp.geojson,7001,စံပြရပ်ကွက်,ပုဏ္ဏားကျွန်း,ward,no_exact_name,0.0,2342.4,7001:{names=2|children=0|places=0|addresses=0|streets=0|buildings=0|postal_local=1|saved_places=0|geom_npoints=101|area_m2=1070399|verification=unverified},manual_review,,,Spatial-only candidate blocked (do not merge by geometry alone)
village_tract:MMR012008060:row9558:village_tract_boundary_Rakhine_v94.zip_mmr_rke_polbnda_adm4_mimu_who_250k.shp,village_tract,ပေါက်တော,Pauk Taw,Rakhine > Sittwe > Rathedaung,reports/admin-reconciliation-v2/phase3-previews/village_tract_MMR012008060_row9558_village_tract_boundary_Rakhine_v94.zip_mmr_rke_polbnda_adm4_mimu_who_250k.shp.geojson,6984,အရှေ့တောင်ရပ်ကွက်,ရသေ့တောင်,ward,no_exact_name,0.0,2304.0,6984:{names=2|children=0|places=0|addresses=0|streets=0|buildings=0|postal_local=1|saved_places=0|geom_npoints=131|area_m2=243064|verification=unverified},manual_review,,,Spatial-only candidate blocked (do not merge by geometry alone)
village_tract:MMR012001007:row9602:village_tract_boundary_Rakhine_v94.zip_mmr_rke_polbnda_adm4_mimu_who_250k.shp,village_tract,ကျေးတော,Kyay Taw,Rakhine > Sittwe > Sittwe,reports/admin-reconciliation-v2/phase3-previews/village_tract_MMR012001007_row9602_village_tract_boundary_Rakhine_v94.zip_mmr_rke_polbnda_adm4_mimu_who_250k.shp.geojson,6811,လမ္မတော်မြောက်ရပ်ကွက်,စစ်တွေ,ward,no_exact_name,0.0,2148.9,6811:{names=2|children=0|places=0|addresses=0|streets=0|buildings=0|postal_local=1|saved_places=0|geom_npoints=13|area_m2=224128|verification=unverified},manual_review,,,Spatial-only candidate blocked (do not merge by geometry alone)
village_tract:MMR012001024:row9616:village_tract_boundary_Rakhine_v94.zip_mmr_rke_polbnda_adm4_mimu_who_250k.shp,village_tract,ဥယျာဉ်သာ,U Yin Thar,Rakhine > Sittwe > Sittwe,reports/admin-reconciliation-v2/phase3-previews/village_tract_MMR012001024_row9616_village_tract_boundary_Rakhine_v94.zip_mmr_rke_polbnda_adm4_mimu_who_250k.shp.geojson,6992,မင်းဂံရပ်ကွက်,စစ်တွေ,ward,no_exact_name,0.0,2477.5,6992:{names=2|children=0|places=0|addresses=0|streets=0|buildings=0|postal_local=1|saved_places=0|geom_npoints=38|area_m2=2130184|verification=unverified},manual_review,,,Spatial-only candidate blocked (do not merge by geometry alone)
village_tract:MMR005024019:row10324:village_tract_boundary_Sagaing_v94.zip_mmr_sag_polbnda_adm4_250k_mimu_1.shp,village_tract,ကရာကုန်း,Ka Yar Kone,Sagaing > Kawlin > Kawlin,reports/admin-reconciliation-v2/phase3-previews/village_tract_MMR005024019_row10324_village_tract_boundary_Sagaing_v94.zip_mmr_sag_polbnda_adm4_250k_mimu_1.shp.geojson,6753,မင်းတဲကြီးရပ်ကွက်,ကောလင်း,ward,no_exact_name,0.0,2359.6,6753:{names=2|children=0|places=0|addresses=0|streets=0|buildings=0|postal_local=1|saved_places=0|geom_npoints=103|area_m2=470579|verification=unverified},manual_review,,,Spatial-only candidate blocked (do not merge by geometry alone)
village_tract:MMR005025010:row10436:village_tract_boundary_Sagaing_v94.zip_mmr_sag_polbnda_adm4_250k_mimu_1.shp,village_tract,မန်ကျည်းကုန်း,Ma Gyi Kone,Sagaing > Kawlin > Wuntho,reports/admin-reconciliation-v2/phase3-previews/village_tract_MMR005025010_row10436_village_tract_boundary_Sagaing_v94.zip_mmr_sag_polbnda_adm4_250k_mimu_1.shp.geojson,6756,ကျမိုင်းရပ်ကွက်,ဝန်းသို,ward,no_exact_name,0.0,2474.6,6756:{names=2|children=0|places=0|addresses=0|streets=0|buildings=0|postal_local=1|saved_places=0|geom_npoints=44|area_m2=129945|verification=unverified},manual_review,,,Spatial-only candidate blocked (do not merge by geometry alone)
village_tract:MMR005001012:row10927:village_tract_boundary_Sagaing_v94.zip_mmr_sag_polbnda_adm4_250k_mimu_1.shp,village_tract,ဒေါင်းမ,Daung Ma,Sagaing > Sagaing > Sagaing,reports/admin-reconciliation-v2/phase3-previews/village_tract_MMR005001012_row10927_village_tract_boundary_Sagaing_v94.zip_mmr_sag_polbnda_adm4_250k_mimu_1.shp.geojson,6844,ထားဝယ်ဈေးရပ်ကွက်,စစ်ကိုင်း,ward,no_exact_name,0.0,2474.0,6844:{names=2|children=0|places=0|addresses=0|streets=0|buildings=0|postal_local=1|saved_places=0|geom_npoints=184|area_m2=1200568|verification=unverified},manual_review,,,Spatial-only candidate blocked (do not merge by geometry alone)
village_tract:MMR005001016:row10941:village_tract_boundary_Sagaing_v94.zip_mmr_sag_polbnda_adm4_250k_mimu_1.shp,village_tract,ကျောက်တာ,Kyauk Tar,Sagaing > Sagaing > Sagaing,reports/admin-reconciliation-v2/phase3-previews/village_tract_MMR005001016_row10941_village_tract_boundary_Sagaing_v94.zip_mmr_sag_polbnda_adm4_250k_mimu_1.shp.geojson,6835,ပတ္တမြားရပ်ကွက်,စစ်ကိုင်း,ward,no_exact_name,0.0,2258.2,6835:{names=2|children=0|places=0|addresses=0|streets=0|buildings=0|postal_local=1|saved_places=0|geom_npoints=184|area_m2=2243670|verification=unverified},manual_review,,,Spatial-only candidate blocked (do not merge by geometry alone)
village_tract:MMR005001008:row10943:village_tract_boundary_Sagaing_v94.zip_mmr_sag_polbnda_adm4_250k_mimu_1.shp,village_tract,ကြွယ်လူး,Kywei Lu,Sagaing > Sagaing > Sagaing,reports/admin-reconciliation-v2/phase3-previews/village_tract_MMR005001008_row10943_village_tract_boundary_Sagaing_v94.zip_mmr_sag_polbnda_adm4_250k_mimu_1.shp.geojson,6844,ထားဝယ်ဈေးရပ်ကွက်,စစ်ကိုင်း,ward,no_exact_name,0.0,1749.9,6844:{names=2|children=0|places=0|addresses=0|streets=0|buildings=0|postal_local=1|saved_places=0|geom_npoints=184|area_m2=1200568|verification=unverified},manual_review,,,Spatial-only candidate blocked (do not merge by geometry alone)
village_tract:MMR005005035:row11039:village_tract_boundary_Sagaing_v94.zip_mmr_sag_polbnda_adm4_250k_mimu_1.shp,village_tract,ဥစ္စာတွင်း,Oke Sar Twin,Sagaing > Shwebo > Khin-U,reports/admin-reconciliation-v2/phase3-previews/village_tract_MMR005005035_row11039_village_tract_boundary_Sagaing_v94.zip_mmr_sag_polbnda_adm4_250k_mimu_1.shp.geojson,6776,အောင်သီရိရပ်ကွက်,ခင်ဦး,ward,no_exact_name,0.0,2494.9,6776:{names=2|children=0|places=0|addresses=0|streets=0|buildings=0|postal_local=1|saved_places=0|geom_npoints=160|area_m2=683765|verification=unverified},manual_review,,,Spatial-only candidate blocked (do not merge by geometry alone)
village_tract:MMR005011012:row11222:village_tract_boundary_Sagaing_v94.zip_mmr_sag_polbnda_adm4_250k_mimu_1.shp,village_tract,ကျွန်းတောကုန်း,Kyun Taw Kone,Sagaing > Shwebo > Taze,reports/admin-reconciliation-v2/phase3-previews/village_tract_MMR005011012_row11222_village_tract_boundary_Sagaing_v94.zip_mmr_sag_polbnda_adm4_250k_mimu_1.shp.geojson,6796,ဗိုလ်မြရပ်ကွက်,တန့်ဆည်,ward,no_exact_name,0.0,2299.8,6796:{names=2|children=0|places=0|addresses=0|streets=0|buildings=0|postal_local=1|saved_places=0|geom_npoints=275|area_m2=1331112|verification=unverified},manual_review,,,Spatial-only candidate blocked (do not merge by geometry alone)
village_tract:MMR005019003:row11466:village_tract_boundary_Sagaing_v94.zip_mmr_sag_polbnda_adm4_250k_mimu_1.shp,village_tract,ကြိုးကြာဥ,Gyoe Gyar U,Sagaing > Yinmarbin > Pale,reports/admin-reconciliation-v2/phase3-previews/village_tract_MMR005019003_row11466_village_tract_boundary_Sagaing_v94.zip_mmr_sag_polbnda_adm4_250k_mimu_1.shp.geojson,6904,တောင်ပိုင်းရပ်ကွက်,ပုလဲ,ward,no_exact_name,0.0,2404.4,6904:{names=2|children=0|places=0|addresses=0|streets=0|buildings=0|postal_local=1|saved_places=0|geom_npoints=92|area_m2=765554|verification=unverified},manual_review,,,Spatial-only candidate blocked (do not merge by geometry alone)
village_tract:MMR005016003:row11594:village_tract_boundary_Sagaing_v94.zip_mmr_sag_polbnda_adm4_250k_mimu_1.shp,village_tract,ရွာသာ,Ywar Thar,Sagaing > Yinmarbin > Yinmarbin,reports/admin-reconciliation-v2/phase3-previews/village_tract_MMR005016003_row11594_village_tract_boundary_Sagaing_v94.zip_mmr_sag_polbnda_adm4_250k_mimu_1.shp.geojson,6817,(ဂ) ရပ်ကွက်,ယင်းမာပင်,ward,no_exact_name,0.0,2357.4,6817:{names=2|children=0|places=0|addresses=0|streets=0|buildings=0|postal_local=1|saved_places=0|geom_npoints=92|area_m2=560231|verification=unverified},manual_review,,,Spatial-only candidate blocked (do not merge by geometry alone)
village_tract:MMR016001002:row11624:village_tract_boundary_Shan_v94.zip_mmr_shn_polbnda_adm4_250k_mimu_1.shp,village_tract,နောင်ကုန်,Nawng Kon,Shan (East) > Kengtung > Kengtung,reports/admin-reconciliation-v2/phase3-previews/village_tract_MMR016001002_row11624_village_tract_boundary_Shan_v94.zip_mmr_shn_polbnda_adm4_250k_mimu_1.shp.geojson,6358,အမှတ် (၃) ရပ်ကွက်,ကျိုင်းတုံ,ward,no_exact_name,0.0,2469.0,6358:{names=3|children=0|places=0|addresses=0|streets=0|buildings=0|postal_local=1|saved_places=0|geom_npoints=245|area_m2=1739522|verification=unverified},manual_review,,,Spatial-only candidate blocked (do not merge by geometry alone)
village_tract:MMR016001001:row11636:village_tract_boundary_Shan_v94.zip_mmr_shn_polbnda_adm4_250k_mimu_1.shp,village_tract,ယန်းလော,Yang Law,Shan (East) > Kengtung > Kengtung,reports/admin-reconciliation-v2/phase3-previews/village_tract_MMR016001001_row11636_village_tract_boundary_Shan_v94.zip_mmr_shn_polbnda_adm4_250k_mimu_1.shp.geojson,6352,အမှတ် (၅) ရပ်ကွက်,ကျိုင်းတုံ,ward,no_exact_name,0.0,1461.1,6352:{names=3|children=0|places=0|addresses=0|streets=0|buildings=0|postal_local=1|saved_places=0|geom_npoints=269|area_m2=2209823|verification=unverified},manual_review,,,Spatial-only candidate blocked (do not merge by geometry alone)
village_tract:MMR015005039:row11728:village_tract_boundary_Shan_v94.zip_mmr_shn_polbnda_adm4_250k_mimu_1.shp,village_tract,ဖန်ထူ,Hpan Htu,Shan (North) > Matman > Pangsang,reports/admin-reconciliation-v2/phase3-previews/village_tract_MMR015005039_row11728_village_tract_boundary_Shan_v94.zip_mmr_shn_polbnda_adm4_250k_mimu_1.shp.geojson,,,,,,,,,manual_review,,,Source township not uniquely mapped to CoreMap; child matching blocked
village_tract:MMR015012001:row12047:village_tract_boundary_Shan_v94.zip_mmr_shn_polbnda_adm4_250k_mimu_1.shp,village_tract,နမ့်ဟူးတောင်း,Nam Hu Tawng,Shan (North) > Kyaukme > Kyaukme,reports/admin-reconciliation-v2/phase3-previews/village_tract_MMR015012001_row12047_village_tract_boundary_Shan_v94.zip_mmr_shn_polbnda_adm4_250k_mimu_1.shp.geojson,6504,အမှတ် (၂) ရပ်ကွက်,ကျောက်မဲ,ward,no_exact_name,0.0,1848.7,6504:{names=2|children=0|places=0|addresses=0|streets=0|buildings=0|postal_local=1|saved_places=0|geom_npoints=138|area_m2=2351919|verification=unverified},manual_review,,,Spatial-only candidate blocked (do not merge by geometry alone)
village_tract:MMR015004041:row12301:village_tract_boundary_Shan_v94.zip_mmr_shn_polbnda_adm4_250k_mimu_1.shp,village_tract,ကောင်းစန်း,Kawng Sang,Shan (North) > Lashio > Tangyan,reports/admin-reconciliation-v2/phase3-previews/village_tract_MMR015004041_row12301_village_tract_boundary_Shan_v94.zip_mmr_shn_polbnda_adm4_250k_mimu_1.shp.geojson,6493,莱莫区,တန့်ယန်း,special_area,no_exact_name,100.0,22665.5,6493:{names=2|children=0|places=0|addresses=0|streets=0|buildings=0|postal_local=0|saved_places=0|geom_npoints=283|area_m2=1186736190|verification=unverified},manual_review,,,Spatial-only candidate blocked (do not merge by geometry alone)
village_tract:MMR015004003:row12302:village_tract_boundary_Shan_v94.zip_mmr_shn_polbnda_adm4_250k_mimu_1.shp,village_tract,ကုန်းမုံ,Kone Mon,Shan (North) > Lashio > Tangyan,reports/admin-reconciliation-v2/phase3-previews/village_tract_MMR015004003_row12302_village_tract_boundary_Shan_v94.zip_mmr_shn_polbnda_adm4_250k_mimu_1.shp.geojson,6493,莱莫区,တန့်ယန်း,special_area,no_exact_name,15.6,26664.6,6493:{names=2|children=0|places=0|addresses=0|streets=0|buildings=0|postal_local=0|saved_places=0|geom_npoints=283|area_m2=1186736190|verification=unverified},manual_review,,,Spatial-only candidate blocked (do not merge by geometry alone)
village_tract:MMR015004049:row12304:village_tract_boundary_Shan_v94.zip_mmr_shn_polbnda_adm4_250k_mimu_1.shp,village_tract,လွယ်ပျက်,Loi Pyet,Shan (North) > Lashio > Tangyan,reports/admin-reconciliation-v2/phase3-previews/village_tract_MMR015004049_row12304_village_tract_boundary_Shan_v94.zip_mmr_shn_polbnda_adm4_250k_mimu_1.shp.geojson,6493,莱莫区,တန့်ယန်း,special_area,no_exact_name,26.0,18355.9,6493:{names=2|children=0|places=0|addresses=0|streets=0|buildings=0|postal_local=0|saved_places=0|geom_npoints=283|area_m2=1186736190|verification=unverified},manual_review,,,Spatial-only candidate blocked (do not merge by geometry alone)
village_tract:MMR015004048:row12306:village_tract_boundary_Shan_v94.zip_mmr_shn_polbnda_adm4_250k_mimu_1.shp,village_tract,လွယ်ဝေါ,Loi Waw,Shan (North) > Lashio > Tangyan,reports/admin-reconciliation-v2/phase3-previews/village_tract_MMR015004048_row12306_village_tract_boundary_Shan_v94.zip_mmr_shn_polbnda_adm4_250k_mimu_1.shp.geojson,6493,莱莫区,တန့်ယန်း,special_area,no_exact_name,95.8,9769.7,6493:{names=2|children=0|places=0|addresses=0|streets=0|buildings=0|postal_local=0|saved_places=0|geom_npoints=283|area_m2=1186736190|verification=unverified},manual_review,,,Spatial-only candidate blocked (do not merge by geometry alone)
village_tract:MMR015004005:row12309:village_tract_boundary_Shan_v94.zip_mmr_shn_polbnda_adm4_250k_mimu_1.shp,village_tract,မန်ကပ်,Man Kat,Shan (North) > Lashio > Tangyan,reports/admin-reconciliation-v2/phase3-previews/village_tract_MMR015004005_row12309_village_tract_boundary_Shan_v94.zip_mmr_shn_polbnda_adm4_250k_mimu_1.shp.geojson,6493,莱莫区,တန့်ယန်း,special_area,no_exact_name,12.1,21982.5,6493:{names=2|children=0|places=0|addresses=0|streets=0|buildings=0|postal_local=0|saved_places=0|geom_npoints=283|area_m2=1186736190|verification=unverified},manual_review,,,Spatial-only candidate blocked (do not merge by geometry alone)
village_tract:MMR015004045:row12311:village_tract_boundary_Shan_v94.zip_mmr_shn_polbnda_adm4_250k_mimu_1.shp,village_tract,မန်ကောင်းမူး,Man Kawng Mu,Shan (North) > Lashio > Tangyan,reports/admin-reconciliation-v2/phase3-previews/village_tract_MMR015004045_row12311_village_tract_boundary_Shan_v94.zip_mmr_shn_polbnda_adm4_250k_mimu_1.shp.geojson,6493,莱莫区,တန့်ယန်း,special_area,no_exact_name,62.6,14165.8,6493:{names=2|children=0|places=0|addresses=0|streets=0|buildings=0|postal_local=0|saved_places=0|geom_npoints=283|area_m2=1186736190|verification=unverified},manual_review,,,Spatial-only candidate blocked (do not merge by geometry alone)
village_tract:MMR015004042:row12318:village_tract_boundary_Shan_v94.zip_mmr_shn_polbnda_adm4_250k_mimu_1.shp,village_tract,နမ့်ဟူး,Nam Hu,Shan (North) > Lashio > Tangyan,reports/admin-reconciliation-v2/phase3-previews/village_tract_MMR015004042_row12318_village_tract_boundary_Shan_v94.zip_mmr_shn_polbnda_adm4_250k_mimu_1.shp.geojson,6493,莱莫区,တန့်ယန်း,special_area,no_exact_name,83.8,9262.0,6493:{names=2|children=0|places=0|addresses=0|streets=0|buildings=0|postal_local=0|saved_places=0|geom_npoints=283|area_m2=1186736190|verification=unverified},manual_review,,,Spatial-only candidate blocked (do not merge by geometry alone)
village_tract:MMR015004047:row12321:village_tract_boundary_Shan_v94.zip_mmr_shn_polbnda_adm4_250k_mimu_1.shp,village_tract,နမ့်မူဆယ်,Nam Muse,Shan (North) > Lashio > Tangyan,reports/admin-reconciliation-v2/phase3-previews/village_tract_MMR015004047_row12321_village_tract_boundary_Shan_v94.zip_mmr_shn_polbnda_adm4_250k_mimu_1.shp.geojson,6493,莱莫区,တန့်ယန်း,special_area,no_exact_name,10.9,24078.9,6493:{names=2|children=0|places=0|addresses=0|streets=0|buildings=0|postal_local=0|saved_places=0|geom_npoints=283|area_m2=1186736190|verification=unverified},manual_review,,,Spatial-only candidate blocked (do not merge by geometry alone)
village_tract:MMR015004044:row12330:village_tract_boundary_Shan_v94.zip_mmr_shn_polbnda_adm4_250k_mimu_1.shp,village_tract,နောင်ခမ်း (မိုင်းထွမ်း),Nawng Hkam (Mong Htwun),Shan (North) > Lashio > Tangyan,reports/admin-reconciliation-v2/phase3-previews/village_tract_MMR015004044_row12330_village_tract_boundary_Shan_v94.zip_mmr_shn_polbnda_adm4_250k_mimu_1.shp.geojson,6493,莱莫区,တန့်ယန်း,special_area,no_exact_name,93.4,16182.4,6493:{names=2|children=0|places=0|addresses=0|streets=0|buildings=0|postal_local=0|saved_places=0|geom_npoints=283|area_m2=1186736190|verification=unverified},manual_review,,,Spatial-only candidate blocked (do not merge by geometry alone)
village_tract:MMR015004046:row12331:village_tract_boundary_Shan_v94.zip_mmr_shn_polbnda_adm4_250k_mimu_1.shp,village_tract,နောင်ခမ်း (မိုင်းမား),Nawng Hkam (Mong Mar),Shan (North) > Lashio > Tangyan,reports/admin-reconciliation-v2/phase3-previews/village_tract_MMR015004046_row12331_village_tract_boundary_Shan_v94.zip_mmr_shn_polbnda_adm4_250k_mimu_1.shp.geojson,6493,莱莫区,တန့်ယန်း,special_area,no_exact_name,86.6,6711.2,6493:{names=2|children=0|places=0|addresses=0|streets=0|buildings=0|postal_local=0|saved_places=0|geom_npoints=283|area_m2=1186736190|verification=unverified},manual_review,,,Spatial-only candidate blocked (do not merge by geometry alone)
village_tract:MMR015004040:row12335:village_tract_boundary_Shan_v94.zip_mmr_shn_polbnda_adm4_250k_mimu_1.shp,village_tract,နောင်လိုင်,Nawng Lai,Shan (North) > Lashio > Tangyan,reports/admin-reconciliation-v2/phase3-previews/village_tract_MMR015004040_row12335_village_tract_boundary_Shan_v94.zip_mmr_shn_polbnda_adm4_250k_mimu_1.shp.geojson,6493,莱莫区,တန့်ယန်း,special_area,no_exact_name,96.2,14497.3,6493:{names=2|children=0|places=0|addresses=0|streets=0|buildings=0|postal_local=0|saved_places=0|geom_npoints=283|area_m2=1186736190|verification=unverified},manual_review,,,Spatial-only candidate blocked (do not merge by geometry alone)
village_tract:MMR015004043:row12337:village_tract_boundary_Shan_v94.zip_mmr_shn_polbnda_adm4_250k_mimu_1.shp,village_tract,ပန်လောင်း,Pang Lawng,Shan (North) > Lashio > Tangyan,reports/admin-reconciliation-v2/phase3-previews/village_tract_MMR015004043_row12337_village_tract_boundary_Shan_v94.zip_mmr_shn_polbnda_adm4_250k_mimu_1.shp.geojson,6493,莱莫区,တန့်ယန်း,special_area,no_exact_name,99.6,32965.3,6493:{names=2|children=0|places=0|addresses=0|streets=0|buildings=0|postal_local=0|saved_places=0|geom_npoints=283|area_m2=1186736190|verification=unverified},manual_review,,,Spatial-only candidate blocked (do not merge by geometry alone)
village_tract:MMR015004014:row12339:village_tract_boundary_Shan_v94.zip_mmr_shn_polbnda_adm4_250k_mimu_1.shp,village_tract,ပန်ညောင်,Pang Nyawng,Shan (North) > Lashio > Tangyan,reports/admin-reconciliation-v2/phase3-previews/village_tract_MMR015004014_row12339_village_tract_boundary_Shan_v94.zip_mmr_shn_polbnda_adm4_250k_mimu_1.shp.geojson,6493,莱莫区,တန့်ယန်း,special_area,no_exact_name,23.8,16334.0,6493:{names=2|children=0|places=0|addresses=0|streets=0|buildings=0|postal_local=0|saved_places=0|geom_npoints=283|area_m2=1186736190|verification=unverified},manual_review,,,Spatial-only candidate blocked (do not merge by geometry alone)
village_tract:nopcode:row12402:village_tract_boundary_Shan_v94.zip_mmr_shn_polbnda_adm4_250k_mimu_1.shp,village_tract,,,Shan (North) > Matman > Pangsang (Panghkam),reports/admin-reconciliation-v2/phase3-previews/village_tract_nopcode_row12402_village_tract_boundary_Shan_v94.zip_mmr_shn_polbnda_adm4_250k_mimu_1.shp.geojson,,,,,,,,,manual_review,,,Source township not uniquely mapped to CoreMap; child matching blocked
village_tract:MMR015005058:row12403:village_tract_boundary_Shan_v94.zip_mmr_shn_polbnda_adm4_250k_mimu_1.shp,village_tract,အွမ်လုံ,Aum Long,Shan (North) > Matman > Pangsang (Panghkam),reports/admin-reconciliation-v2/phase3-previews/village_tract_MMR015005058_row12403_village_tract_boundary_Shan_v94.zip_mmr_shn_polbnda_adm4_250k_mimu_1.shp.geojson,,,,,,,,,manual_review,,,Source township not uniquely mapped to CoreMap; child matching blocked
village_tract:MMR015005071:row12404:village_tract_boundary_Shan_v94.zip_mmr_shn_polbnda_adm4_250k_mimu_1.shp,village_tract,ဗယင်း,Ba Yin,Shan (North) > Matman > Pangsang (Panghkam),reports/admin-reconciliation-v2/phase3-previews/village_tract_MMR015005071_row12404_village_tract_boundary_Shan_v94.zip_mmr_shn_polbnda_adm4_250k_mimu_1.shp.geojson,,,,,,,,,manual_review,,,Source township not uniquely mapped to CoreMap; child matching blocked
village_tract:MMR015317003:row12405:village_tract_boundary_Shan_v94.zip_mmr_shn_polbnda_adm4_250k_mimu_1.shp,village_tract,ဒိန်း အော,Dein Aw,Shan (North) > Matman > Pangsang (Panghkam),reports/admin-reconciliation-v2/phase3-previews/village_tract_MMR015317003_row12405_village_tract_boundary_Shan_v94.zip_mmr_shn_polbnda_adm4_250k_mimu_1.shp.geojson,,,,,,,,,manual_review,,,Source township not uniquely mapped to CoreMap; child matching blocked
village_tract:MMR015005073:row12406:village_tract_boundary_Shan_v94.zip_mmr_shn_polbnda_adm4_250k_mimu_1.shp,village_tract,လှယ်ပေါင်း,Hlei Pawng,Shan (North) > Matman > Pangsang (Panghkam),reports/admin-reconciliation-v2/phase3-previews/village_tract_MMR015005073_row12406_village_tract_boundary_Shan_v94.zip_mmr_shn_polbnda_adm4_250k_mimu_1.shp.geojson,,,,,,,,,manual_review,,,Source township not uniquely mapped to CoreMap; child matching blocked
village_tract:MMR015005033:row12407:village_tract_boundary_Shan_v94.zip_mmr_shn_polbnda_adm4_250k_mimu_1.shp,village_tract,ဟိုကျက်,Ho Kyet,Shan (North) > Matman > Pangsang (Panghkam),reports/admin-reconciliation-v2/phase3-previews/village_tract_MMR015005033_row12407_village_tract_boundary_Shan_v94.zip_mmr_shn_polbnda_adm4_250k_mimu_1.shp.geojson,,,,,,,,,manual_review,,,Source township not uniquely mapped to CoreMap; child matching blocked
village_tract:MMR015005026:row12408:village_tract_boundary_Shan_v94.zip_mmr_shn_polbnda_adm4_250k_mimu_1.shp,village_tract,ဟိုနမ့်မာ,Ho Nam Mar,Shan (North) > Matman > Pangsang,reports/admin-reconciliation-v2/phase3-previews/village_tract_MMR015005026_row12408_village_tract_boundary_Shan_v94.zip_mmr_shn_polbnda_adm4_250k_mimu_1.shp.geojson,,,,,,,,,manual_review,,,Source township not uniquely mapped to CoreMap; child matching blocked
village_tract:MMR015005082:row12409:village_tract_boundary_Shan_v94.zip_mmr_shn_polbnda_adm4_250k_mimu_1.shp,village_tract,ဆလား,Hsa Lar,Shan (North) > Matman > Pangsang,reports/admin-reconciliation-v2/phase3-previews/village_tract_MMR015005082_row12409_village_tract_boundary_Shan_v94.zip_mmr_shn_polbnda_adm4_250k_mimu_1.shp.geojson,,,,,,,,,manual_review,,,Source township not uniquely mapped to CoreMap; child matching blocked
village_tract:MMR015005064:row12410:village_tract_boundary_Shan_v94.zip_mmr_shn_polbnda_adm4_250k_mimu_1.shp,village_tract,ဆန်လု,Hsan Lu,Shan (North) > Matman > Pangsang,reports/admin-reconciliation-v2/phase3-previews/village_tract_MMR015005064_row12410_village_tract_boundary_Shan_v94.zip_mmr_shn_polbnda_adm4_250k_mimu_1.shp.geojson,,,,,,,,,manual_review,,,Source township not uniquely mapped to CoreMap; child matching blocked
village_tract:MMR015005084:row12411:village_tract_boundary_Shan_v94.zip_mmr_shn_polbnda_adm4_250k_mimu_1.shp,village_tract,ဆုံဖို့,Hson Hpoet,Shan (North) > Matman > Pangsang (Panghkam),reports/admin-reconciliation-v2/phase3-previews/village_tract_MMR015005084_row12411_village_tract_boundary_Shan_v94.zip_mmr_shn_polbnda_adm4_250k_mimu_1.shp.geojson,,,,,,,,,manual_review,,,Source township not uniquely mapped to CoreMap; child matching blocked
village_tract:MMR015005060:row12412:village_tract_boundary_Shan_v94.zip_mmr_shn_polbnda_adm4_250k_mimu_1.shp,village_tract,ထမုံ,Hta Mon,Shan (North) > Matman > Pangsang (Panghkam),reports/admin-reconciliation-v2/phase3-previews/village_tract_MMR015005060_row12412_village_tract_boundary_Shan_v94.zip_mmr_shn_polbnda_adm4_250k_mimu_1.shp.geojson,,,,,,,,,manual_review,,,Source township not uniquely mapped to CoreMap; child matching blocked
village_tract:MMR015005054:row12413:village_tract_boundary_Shan_v94.zip_mmr_shn_polbnda_adm4_250k_mimu_1.shp,village_tract,ဟူးငဲ့,Hu Ngeit,Shan (North) > Matman > Pangsang (Panghkam),reports/admin-reconciliation-v2/phase3-previews/village_tract_MMR015005054_row12413_village_tract_boundary_Shan_v94.zip_mmr_shn_polbnda_adm4_250k_mimu_1.shp.geojson,,,,,,,,,manual_review,,,Source township not uniquely mapped to CoreMap; child matching blocked
village_tract:MMR015005081:row12414:village_tract_boundary_Shan_v94.zip_mmr_shn_polbnda_adm4_250k_mimu_1.shp,village_tract,ဟုန်းကွတ်,Huong Kut,Shan (North) > Matman > Pangsang,reports/admin-reconciliation-v2/phase3-previews/village_tract_MMR015005081_row12414_village_tract_boundary_Shan_v94.zip_mmr_shn_polbnda_adm4_250k_mimu_1.shp.geojson,,,,,,,,,manual_review,,,Source township not uniquely mapped to CoreMap; child matching blocked
village_tract:MMR015005079:row12415:village_tract_boundary_Shan_v94.zip_mmr_shn_polbnda_adm4_250k_mimu_1.shp,village_tract,ဟုန်းပွတ်,Huong Put,Shan (North) > Matman > Pangsang (Panghkam),reports/admin-reconciliation-v2/phase3-previews/village_tract_MMR015005079_row12415_village_tract_boundary_Shan_v94.zip_mmr_shn_polbnda_adm4_250k_mimu_1.shp.geojson,,,,,,,,,manual_review,,,Source township not uniquely mapped to CoreMap; child matching blocked
village_tract:MMR015005051:row12416:village_tract_boundary_Shan_v94.zip_mmr_shn_polbnda_adm4_250k_mimu_1.shp,village_tract,ဟွေဝိုင်း,Hway Waun,Shan (North) > Matman > Pangsang (Panghkam),reports/admin-reconciliation-v2/phase3-previews/village_tract_MMR015005051_row12416_village_tract_boundary_Shan_v94.zip_mmr_shn_polbnda_adm4_250k_mimu_1.shp.geojson,,,,,,,,,manual_review,,,Source township not uniquely mapped to CoreMap; child matching blocked
village_tract:MMR015005010:row12417:village_tract_boundary_Shan_v94.zip_mmr_shn_polbnda_adm4_250k_mimu_1.shp,village_tract,ကဆင့်,Ka Hsint,Shan (North) > Matman > Pangsang,reports/admin-reconciliation-v2/phase3-previews/village_tract_MMR015005010_row12417_village_tract_boundary_Shan_v94.zip_mmr_shn_polbnda_adm4_250k_mimu_1.shp.geojson,,,,,,,,,manual_review,,,Source township not uniquely mapped to CoreMap; child matching blocked
village_tract:MMR015005072:row12418:village_tract_boundary_Shan_v94.zip_mmr_shn_polbnda_adm4_250k_mimu_1.shp,village_tract,ကလုံ,Ka Long,Shan (North) > Matman > Pangsang (Panghkam),reports/admin-reconciliation-v2/phase3-previews/village_tract_MMR015005072_row12418_village_tract_boundary_Shan_v94.zip_mmr_shn_polbnda_adm4_250k_mimu_1.shp.geojson,,,,,,,,,manual_review,,,Source township not uniquely mapped to CoreMap; child matching blocked
village_tract:MMR015317005:row12419:village_tract_boundary_Shan_v94.zip_mmr_shn_polbnda_adm4_250k_mimu_1.shp,village_tract,ကောင်းဟုန်း,Kawng Huong,Shan (North) > Matman > Pangsang (Panghkam),reports/admin-reconciliation-v2/phase3-previews/village_tract_MMR015317005_row12419_village_tract_boundary_Shan_v94.zip_mmr_shn_polbnda_adm4_250k_mimu_1.shp.geojson,,,,,,,,,manual_review,,,Source township not uniquely mapped to CoreMap; child matching blocked
village_tract:MMR015005005:row12420:village_tract_boundary_Shan_v94.zip_mmr_shn_polbnda_adm4_250k_mimu_1.shp,village_tract,ကောင်ပါ,Kawng Par,Shan (North) > Matman > Pangsang,reports/admin-reconciliation-v2/phase3-previews/village_tract_MMR015005005_row12420_village_tract_boundary_Shan_v94.zip_mmr_shn_polbnda_adm4_250k_mimu_1.shp.geojson,,,,,,,,,manual_review,,,Source township not uniquely mapped to CoreMap; child matching blocked
village_tract:MMR015005009:row12421:village_tract_boundary_Shan_v94.zip_mmr_shn_polbnda_adm4_250k_mimu_1.shp,village_tract,ကောင်းတ,Kawng Ta,Shan (North) > Matman > Pangsang,reports/admin-reconciliation-v2/phase3-previews/village_tract_MMR015005009_row12421_village_tract_boundary_Shan_v94.zip_mmr_shn_polbnda_adm4_250k_mimu_1.shp.geojson,,,,,,,,,manual_review,,,Source township not uniquely mapped to CoreMap; child matching blocked
village_tract:MMR015005067:row12422:village_tract_boundary_Shan_v94.zip_mmr_shn_polbnda_adm4_250k_mimu_1.shp,village_tract,ကုန်းခါး,Kone Hkar,Shan (North) > Matman > Pangsang (Panghkam),reports/admin-reconciliation-v2/phase3-previews/village_tract_MMR015005067_row12422_village_tract_boundary_Shan_v94.zip_mmr_shn_polbnda_adm4_250k_mimu_1.shp.geojson,,,,,,,,,manual_review,,,Source township not uniquely mapped to CoreMap; child matching blocked
village_tract:MMR015005061:row12423:village_tract_boundary_Shan_v94.zip_mmr_shn_polbnda_adm4_250k_mimu_1.shp,village_tract,ကွန်က,Kun Ka,Shan (North) > Matman > Pangsang,reports/admin-reconciliation-v2/phase3-previews/village_tract_MMR015005061_row12423_village_tract_boundary_Shan_v94.zip_mmr_shn_polbnda_adm4_250k_mimu_1.shp.geojson,,,,,,,,,manual_review,,,Source township not uniquely mapped to CoreMap; child matching blocked
village_tract:MMR015005015:row12424:village_tract_boundary_Shan_v94.zip_mmr_shn_polbnda_adm4_250k_mimu_1.shp,village_tract,ကွမ်ပါယ်,Kun Pei,Shan (North) > Matman > Pangsang (Panghkam),reports/admin-reconciliation-v2/phase3-previews/village_tract_MMR015005015_row12424_village_tract_boundary_Shan_v94.zip_mmr_shn_polbnda_adm4_250k_mimu_1.shp.geojson,,,,,,,,,manual_review,,,Source township not uniquely mapped to CoreMap; child matching blocked
village_tract:MMR015005046:row12425:village_tract_boundary_Shan_v94.zip_mmr_shn_polbnda_adm4_250k_mimu_1.shp,village_tract,ကွန်ရေး,Kun Yay,Shan (North) > Matman > Pangsang (Panghkam),reports/admin-reconciliation-v2/phase3-previews/village_tract_MMR015005046_row12425_village_tract_boundary_Shan_v94.zip_mmr_shn_polbnda_adm4_250k_mimu_1.shp.geojson,,,,,,,,,manual_review,,,Source township not uniquely mapped to CoreMap; child matching blocked
village_tract:MMR015005012:row12426:village_tract_boundary_Shan_v94.zip_mmr_shn_polbnda_adm4_250k_mimu_1.shp,village_tract,လွယ်ဆင်(မ်),Loi Hsin,Shan (North) > Matman > Pangsang,reports/admin-reconciliation-v2/phase3-previews/village_tract_MMR015005012_row12426_village_tract_boundary_Shan_v94.zip_mmr_shn_polbnda_adm4_250k_mimu_1.shp.geojson,,,,,,,,,manual_review,,,Source township not uniquely mapped to CoreMap; child matching blocked
village_tract:MMR015005038:row12427:village_tract_boundary_Shan_v94.zip_mmr_shn_polbnda_adm4_250k_mimu_1.shp,village_tract,လုံလတ်ဆင်,Long Lat Hsin,Shan (North) > Matman > Pangsang,reports/admin-reconciliation-v2/phase3-previews/village_tract_MMR015005038_row12427_village_tract_boundary_Shan_v94.zip_mmr_shn_polbnda_adm4_250k_mimu_1.shp.geojson,,,,,,,,,manual_review,,,Source township not uniquely mapped to CoreMap; child matching blocked
village_tract:MMR015005023:row12428:village_tract_boundary_Shan_v94.zip_mmr_shn_polbnda_adm4_250k_mimu_1.shp,village_tract,မန်အန်,Man An,Shan (North) > Matman > Pangsang,reports/admin-reconciliation-v2/phase3-previews/village_tract_MMR015005023_row12428_village_tract_boundary_Shan_v94.zip_mmr_shn_polbnda_adm4_250k_mimu_1.shp.geojson,,,,,,,,,manual_review,,,Source township not uniquely mapped to CoreMap; child matching blocked
village_tract:MMR015005011:row12429:village_tract_boundary_Shan_v94.zip_mmr_shn_polbnda_adm4_250k_mimu_1.shp,village_tract,မန်ခါး,Man Hkar,Shan (North) > Matman > Pangsang,reports/admin-reconciliation-v2/phase3-previews/village_tract_MMR015005011_row12429_village_tract_boundary_Shan_v94.zip_mmr_shn_polbnda_adm4_250k_mimu_1.shp.geojson,,,,,,,,,manual_review,,,Source township not uniquely mapped to CoreMap; child matching blocked
village_tract:MMR015005001:row12430:village_tract_boundary_Shan_v94.zip_mmr_shn_polbnda_adm4_250k_mimu_1.shp,village_tract,မန်ဖန့်,Man Hpant,Shan (North) > Matman > Pangsang,reports/admin-reconciliation-v2/phase3-previews/village_tract_MMR015005001_row12430_village_tract_boundary_Shan_v94.zip_mmr_shn_polbnda_adm4_250k_mimu_1.shp.geojson,,,,,,,,,manual_review,,,Source township not uniquely mapped to CoreMap; child matching blocked
village_tract:MMR015005042:row12431:village_tract_boundary_Shan_v94.zip_mmr_shn_polbnda_adm4_250k_mimu_1.shp,village_tract,မန်ထန်,Man Htan,Shan (North) > Matman > Pangsang (Panghkam),reports/admin-reconciliation-v2/phase3-previews/village_tract_MMR015005042_row12431_village_tract_boundary_Shan_v94.zip_mmr_shn_polbnda_adm4_250k_mimu_1.shp.geojson,,,,,,,,,manual_review,,,Source township not uniquely mapped to CoreMap; child matching blocked
village_tract:MMR015005047:row12432:village_tract_boundary_Shan_v94.zip_mmr_shn_polbnda_adm4_250k_mimu_1.shp,village_tract,မန်ထန်,Man Htan,Shan (North) > Matman > Pangsang (Panghkam),reports/admin-reconciliation-v2/phase3-previews/village_tract_MMR015005047_row12432_village_tract_boundary_Shan_v94.zip_mmr_shn_polbnda_adm4_250k_mimu_1.shp.geojson,,,,,,,,,manual_review,,,Source township not uniquely mapped to CoreMap; child matching blocked
village_tract:MMR015005076:row12433:village_tract_boundary_Shan_v94.zip_mmr_shn_polbnda_adm4_250k_mimu_1.shp,village_tract,မန်မိုင်,Man Mai,Shan (North) > Matman > Pangsang (Panghkam),reports/admin-reconciliation-v2/phase3-previews/village_tract_MMR015005076_row12433_village_tract_boundary_Shan_v94.zip_mmr_shn_polbnda_adm4_250k_mimu_1.shp.geojson,,,,,,,,,manual_review,,,Source township not uniquely mapped to CoreMap; child matching blocked
village_tract:MMR015005018:row12434:village_tract_boundary_Shan_v94.zip_mmr_shn_polbnda_adm4_250k_mimu_1.shp,village_tract,မန်မန်းဆိုင်,Man Mann Hseng,Shan (North) > Matman > Pangsang,reports/admin-reconciliation-v2/phase3-previews/village_tract_MMR015005018_row12434_village_tract_boundary_Shan_v94.zip_mmr_shn_polbnda_adm4_250k_mimu_1.shp.geojson,,,,,,,,,manual_review,,,Source township not uniquely mapped to CoreMap; child matching blocked
village_tract:MMR015317004:row12435:village_tract_boundary_Shan_v94.zip_mmr_shn_polbnda_adm4_250k_mimu_1.shp,village_tract,မန်း မော,Man Maw,Shan (North) > Matman > Pangsang (Panghkam),reports/admin-reconciliation-v2/phase3-previews/village_tract_MMR015317004_row12435_village_tract_boundary_Shan_v94.zip_mmr_shn_polbnda_adm4_250k_mimu_1.shp.geojson,,,,,,,,,manual_review,,,Source township not uniquely mapped to CoreMap; child matching blocked
village_tract:MMR015005014:row12436:village_tract_boundary_Shan_v94.zip_mmr_shn_polbnda_adm4_250k_mimu_1.shp,village_tract,မန်နွဲ့,Man Nwet,Shan (North) > Matman > Pangsang,reports/admin-reconciliation-v2/phase3-previews/village_tract_MMR015005014_row12436_village_tract_boundary_Shan_v94.zip_mmr_shn_polbnda_adm4_250k_mimu_1.shp.geojson,,,,,,,,,manual_review,,,Source township not uniquely mapped to CoreMap; child matching blocked
village_tract:MMR015005024:row12437:village_tract_boundary_Shan_v94.zip_mmr_shn_polbnda_adm4_250k_mimu_1.shp,village_tract,မန်စန် (မွတ်ငါး),Man San (Mut Ngar),Shan (North) > Matman > Pangsang,reports/admin-reconciliation-v2/phase3-previews/village_tract_MMR015005024_row12437_village_tract_boundary_Shan_v94.zip_mmr_shn_polbnda_adm4_250k_mimu_1.shp.geojson,,,,,,,,,manual_review,,,Source township not uniquely mapped to CoreMap; child matching blocked
village_tract:MMR015005017:row12438:village_tract_boundary_Shan_v94.zip_mmr_shn_polbnda_adm4_250k_mimu_1.shp,village_tract,မာတဲ့,Mar Teit,Shan (North) > Matman > Pangsang,reports/admin-reconciliation-v2/phase3-previews/village_tract_MMR015005017_row12438_village_tract_boundary_Shan_v94.zip_mmr_shn_polbnda_adm4_250k_mimu_1.shp.geojson,,,,,,,,,manual_review,,,Source township not uniquely mapped to CoreMap; child matching blocked
village_tract:MMR015005041:row12439:village_tract_boundary_Shan_v94.zip_mmr_shn_polbnda_adm4_250k_mimu_1.shp,village_tract,မော်ဖြိုက် (နောင်ချမ်),Maw Hpyaik (Nawng Chan),Shan (North) > Matman > Pangsang,reports/admin-reconciliation-v2/phase3-previews/village_tract_MMR015005041_row12439_village_tract_boundary_Shan_v94.zip_mmr_shn_polbnda_adm4_250k_mimu_1.shp.geojson,,,,,,,,,manual_review,,,Source township not uniquely mapped to CoreMap; child matching blocked
village_tract:MMR015005040:row12440:village_tract_boundary_Shan_v94.zip_mmr_shn_polbnda_adm4_250k_mimu_1.shp,village_tract,မော်ပလုံ,Maw Pa Long,Shan (North) > Matman > Pangsang,reports/admin-reconciliation-v2/phase3-previews/village_tract_MMR015005040_row12440_village_tract_boundary_Shan_v94.zip_mmr_shn_polbnda_adm4_250k_mimu_1.shp.geojson,,,,,,,,,manual_review,,,Source township not uniquely mapped to CoreMap; child matching blocked
village_tract:MMR015005078:row12441:village_tract_boundary_Shan_v94.zip_mmr_shn_polbnda_adm4_250k_mimu_1.shp,village_tract,မိုင်းထို,Mong Hto,Shan (North) > Matman > Pangsang (Panghkam),reports/admin-reconciliation-v2/phase3-previews/village_tract_MMR015005078_row12441_village_tract_boundary_Shan_v94.zip_mmr_shn_polbnda_adm4_250k_mimu_1.shp.geojson,,,,,,,,,manual_review,,,Source township not uniquely mapped to CoreMap; child matching blocked
village_tract:MMR015005019:row12442:village_tract_boundary_Shan_v94.zip_mmr_shn_polbnda_adm4_250k_mimu_1.shp,village_tract,မိုင်းပတ်,Mong Pat,Shan (North) > Matman > Pangsang,reports/admin-reconciliation-v2/phase3-previews/village_tract_MMR015005019_row12442_village_tract_boundary_Shan_v94.zip_mmr_shn_polbnda_adm4_250k_mimu_1.shp.geojson,,,,,,,,,manual_review,,,Source township not uniquely mapped to CoreMap; child matching blocked
village_tract:MMR015005002:row12443:village_tract_boundary_Shan_v94.zip_mmr_shn_polbnda_adm4_250k_mimu_1.shp,village_tract,မွတ်ဟိုင်း,Mut Hai,Shan (North) > Matman > Pangsang,reports/admin-reconciliation-v2/phase3-previews/village_tract_MMR015005002_row12443_village_tract_boundary_Shan_v94.zip_mmr_shn_polbnda_adm4_250k_mimu_1.shp.geojson,,,,,,,,,manual_review,,,Source township not uniquely mapped to CoreMap; child matching blocked
village_tract:MMR015005007:row12444:village_tract_boundary_Shan_v94.zip_mmr_shn_polbnda_adm4_250k_mimu_1.shp,village_tract,မွတ်ပလော့,Mut Pa Lawt,Shan (North) > Matman > Pangsang,reports/admin-reconciliation-v2/phase3-previews/village_tract_MMR015005007_row12444_village_tract_boundary_Shan_v94.zip_mmr_shn_polbnda_adm4_250k_mimu_1.shp.geojson,,,,,,,,,manual_review,,,Source township not uniquely mapped to CoreMap; child matching blocked
village_tract:MMR015005037:row12445:village_tract_boundary_Shan_v94.zip_mmr_shn_polbnda_adm4_250k_mimu_1.shp,village_tract,မွတ်စမို့,Mut Sa Moet,Shan (North) > Matman > Pangsang,reports/admin-reconciliation-v2/phase3-previews/village_tract_MMR015005037_row12445_village_tract_boundary_Shan_v94.zip_mmr_shn_polbnda_adm4_250k_mimu_1.shp.geojson,,,,,,,,,manual_review,,,Source township not uniquely mapped to CoreMap; child matching blocked
village_tract:MMR015005031:row12446:village_tract_boundary_Shan_v94.zip_mmr_shn_polbnda_adm4_250k_mimu_1.shp,village_tract,နမ့်ဟင့်,Nam Hint,Shan (North) > Matman > Pangsang (Panghkam),reports/admin-reconciliation-v2/phase3-previews/village_tract_MMR015005031_row12446_village_tract_boundary_Shan_v94.zip_mmr_shn_polbnda_adm4_250k_mimu_1.shp.geojson,,,,,,,,,manual_review,,,Source township not uniquely mapped to CoreMap; child matching blocked
village_tract:MMR015317006:row12447:village_tract_boundary_Shan_v94.zip_mmr_shn_polbnda_adm4_250k_mimu_1.shp,village_tract,နမ့် ဖတ်,Nam Hpat,Shan (North) > Matman > Pangsang (Panghkam),reports/admin-reconciliation-v2/phase3-previews/village_tract_MMR015317006_row12447_village_tract_boundary_Shan_v94.zip_mmr_shn_polbnda_adm4_250k_mimu_1.shp.geojson,,,,,,,,,manual_review,,,Source township not uniquely mapped to CoreMap; child matching blocked
village_tract:MMR015005059:row12448:village_tract_boundary_Shan_v94.zip_mmr_shn_polbnda_adm4_250k_mimu_1.shp,village_tract,နမ့်ကတ်,Nam Kat,Shan (North) > Matman > Pangsang (Panghkam),reports/admin-reconciliation-v2/phase3-previews/village_tract_MMR015005059_row12448_village_tract_boundary_Shan_v94.zip_mmr_shn_polbnda_adm4_250k_mimu_1.shp.geojson,,,,,,,,,manual_review,,,Source township not uniquely mapped to CoreMap; child matching blocked
village_tract:MMR015005052:row12449:village_tract_boundary_Shan_v94.zip_mmr_shn_polbnda_adm4_250k_mimu_1.shp,village_tract,နမ့်ကစ်,Nam Kit,Shan (North) > Matman > Pangsang (Panghkam),reports/admin-reconciliation-v2/phase3-previews/village_tract_MMR015005052_row12449_village_tract_boundary_Shan_v94.zip_mmr_shn_polbnda_adm4_250k_mimu_1.shp.geojson,,,,,,,,,manual_review,,,Source township not uniquely mapped to CoreMap; child matching blocked
village_tract:MMR015005032:row12450:village_tract_boundary_Shan_v94.zip_mmr_shn_polbnda_adm4_250k_mimu_1.shp,village_tract,နမ့်ကျက်,Nam Kyet,Shan (North) > Matman > Pangsang (Panghkam),reports/admin-reconciliation-v2/phase3-previews/village_tract_MMR015005032_row12450_village_tract_boundary_Shan_v94.zip_mmr_shn_polbnda_adm4_250k_mimu_1.shp.geojson,,,,,,,,,manual_review,,,Source township not uniquely mapped to CoreMap; child matching blocked
village_tract:MMR015005025:row12451:village_tract_boundary_Shan_v94.zip_mmr_shn_polbnda_adm4_250k_mimu_1.shp,village_tract,နမ့်နုတ်,Nam Noke,Shan (North) > Matman > Pangsang,reports/admin-reconciliation-v2/phase3-previews/village_tract_MMR015005025_row12451_village_tract_boundary_Shan_v94.zip_mmr_shn_polbnda_adm4_250k_mimu_1.shp.geojson,,,,,,,,,manual_review,,,Source township not uniquely mapped to CoreMap; child matching blocked
village_tract:MMR015005045:row12452:village_tract_boundary_Shan_v94.zip_mmr_shn_polbnda_adm4_250k_mimu_1.shp,village_tract,နမ့်ပွတ်,Nam Put,Shan (North) > Matman > Pangsang (Panghkam),reports/admin-reconciliation-v2/phase3-previews/village_tract_MMR015005045_row12452_village_tract_boundary_Shan_v94.zip_mmr_shn_polbnda_adm4_250k_mimu_1.shp.geojson,,,,,,,,,manual_review,,,Source township not uniquely mapped to CoreMap; child matching blocked
village_tract:MMR015005085:row12453:village_tract_boundary_Shan_v94.zip_mmr_shn_polbnda_adm4_250k_mimu_1.shp,village_tract,နမ့်တောင်း,Nam Tawng,Shan (North) > Matman > Pangsang,reports/admin-reconciliation-v2/phase3-previews/village_tract_MMR015005085_row12453_village_tract_boundary_Shan_v94.zip_mmr_shn_polbnda_adm4_250k_mimu_1.shp.geojson,,,,,,,,,manual_review,,,Source township not uniquely mapped to CoreMap; child matching blocked
village_tract:MMR015005029:row12454:village_tract_boundary_Shan_v94.zip_mmr_shn_polbnda_adm4_250k_mimu_1.shp,village_tract,နားအော်,Nar Aw,Shan (North) > Matman > Pangsang (Panghkam),reports/admin-reconciliation-v2/phase3-previews/village_tract_MMR015005029_row12454_village_tract_boundary_Shan_v94.zip_mmr_shn_polbnda_adm4_250k_mimu_1.shp.geojson,,,,,,,,,manual_review,,,Source township not uniquely mapped to CoreMap; child matching blocked
village_tract:MMR015005030:row12455:village_tract_boundary_Shan_v94.zip_mmr_shn_polbnda_adm4_250k_mimu_1.shp,village_tract,နားခါးဆိုင်,Nar Hkar Hseng,Shan (North) > Matman > Pangsang,reports/admin-reconciliation-v2/phase3-previews/village_tract_MMR015005030_row12455_village_tract_boundary_Shan_v94.zip_mmr_shn_polbnda_adm4_250k_mimu_1.shp.geojson,,,,,,,,,manual_review,,,Source township not uniquely mapped to CoreMap; child matching blocked
village_tract:MMR015005013:row12456:village_tract_boundary_Shan_v94.zip_mmr_shn_polbnda_adm4_250k_mimu_1.shp,village_tract,နားညှိ,Nar Hnyi,Shan (North) > Matman > Pangsang,reports/admin-reconciliation-v2/phase3-previews/village_tract_MMR015005013_row12456_village_tract_boundary_Shan_v94.zip_mmr_shn_polbnda_adm4_250k_mimu_1.shp.geojson,,,,,,,,,manual_review,,,Source township not uniquely mapped to CoreMap; child matching blocked
village_tract:MMR015005028:row12457:village_tract_boundary_Shan_v94.zip_mmr_shn_polbnda_adm4_250k_mimu_1.shp,village_tract,နားကောင်,Nar Kawng,Shan (North) > Matman > Pangsang (Panghkam),reports/admin-reconciliation-v2/phase3-previews/village_tract_MMR015005028_row12457_village_tract_boundary_Shan_v94.zip_mmr_shn_polbnda_adm4_250k_mimu_1.shp.geojson,,,,,,,,,manual_review,,,Source township not uniquely mapped to CoreMap; child matching blocked
village_tract:MMR015316001:row12458:village_tract_boundary_Shan_v94.zip_mmr_shn_polbnda_adm4_250k_mimu_1.shp,village_tract,နား ကောင်း,Nar Kawng,Shan (North) > Matman > Pangsang (Panghkam),reports/admin-reconciliation-v2/phase3-previews/village_tract_MMR015316001_row12458_village_tract_boundary_Shan_v94.zip_mmr_shn_polbnda_adm4_250k_mimu_1.shp.geojson,,,,,,,,,manual_review,,,Source township not uniquely mapped to CoreMap; child matching blocked
village_tract:MMR015317001:row12459:village_tract_boundary_Shan_v94.zip_mmr_shn_polbnda_adm4_250k_mimu_1.shp,village_tract,နာ လော့,Nar Lawt,Shan (North) > Matman > Pangsang (Panghkam),reports/admin-reconciliation-v2/phase3-previews/village_tract_MMR015317001_row12459_village_tract_boundary_Shan_v94.zip_mmr_shn_polbnda_adm4_250k_mimu_1.shp.geojson,,,,,,,,,manual_review,,,Source township not uniquely mapped to CoreMap; child matching blocked
village_tract:MMR015005016:row12460:village_tract_boundary_Shan_v94.zip_mmr_shn_polbnda_adm4_250k_mimu_1.shp,village_tract,နောင်ခမ်း,Nawng Hkam,Shan (North) > Matman > Pangsang,reports/admin-reconciliation-v2/phase3-previews/village_tract_MMR015005016_row12460_village_tract_boundary_Shan_v94.zip_mmr_shn_polbnda_adm4_250k_mimu_1.shp.geojson,,,,,,,,,manual_review,,,Source township not uniquely mapped to CoreMap; child matching blocked
village_tract:MMR015314002:row12461:village_tract_boundary_Shan_v94.zip_mmr_shn_polbnda_adm4_250k_mimu_1.shp,village_tract,နောင် ခေတ်,Nawng Hkit,Shan (North) > Matman > Pangsang (Panghkam),reports/admin-reconciliation-v2/phase3-previews/village_tract_MMR015314002_row12461_village_tract_boundary_Shan_v94.zip_mmr_shn_polbnda_adm4_250k_mimu_1.shp.geojson,,,,,,,,,manual_review,,,Source township not uniquely mapped to CoreMap; child matching blocked
village_tract:MMR015005004:row12462:village_tract_boundary_Shan_v94.zip_mmr_shn_polbnda_adm4_250k_mimu_1.shp,village_tract,နောင်ဆော်,Nawng Hsaw,Shan (North) > Matman > Pangsang,reports/admin-reconciliation-v2/phase3-previews/village_tract_MMR015005004_row12462_village_tract_boundary_Shan_v94.zip_mmr_shn_polbnda_adm4_250k_mimu_1.shp.geojson,,,,,,,,,manual_review,,,Source township not uniquely mapped to CoreMap; child matching blocked
village_tract:MMR015005022:row12463:village_tract_boundary_Shan_v94.zip_mmr_shn_polbnda_adm4_250k_mimu_1.shp,village_tract,ညက်ကာ,Nyet Kar,Shan (North) > Matman > Pangsang,reports/admin-reconciliation-v2/phase3-previews/village_tract_MMR015005022_row12463_village_tract_boundary_Shan_v94.zip_mmr_shn_polbnda_adm4_250k_mimu_1.shp.geojson,,,,,,,,,manual_review,,,Source township not uniquely mapped to CoreMap; child matching blocked
village_tract:MMR015005035:row12464:village_tract_boundary_Shan_v94.zip_mmr_shn_polbnda_adm4_250k_mimu_1.shp,village_tract,အုံလုံ,Ong Long,Shan (North) > Matman > Pangsang (Panghkam),reports/admin-reconciliation-v2/phase3-previews/village_tract_MMR015005035_row12464_village_tract_boundary_Shan_v94.zip_mmr_shn_polbnda_adm4_250k_mimu_1.shp.geojson,,,,,,,,,manual_review,,,Source township not uniquely mapped to CoreMap; child matching blocked
village_tract:MMR015316002:row12465:village_tract_boundary_Shan_v94.zip_mmr_shn_polbnda_adm4_250k_mimu_1.shp,village_tract,အုံး လုံ,Ong Long,Shan (North) > Matman > Pangsang (Panghkam),reports/admin-reconciliation-v2/phase3-previews/village_tract_MMR015316002_row12465_village_tract_boundary_Shan_v94.zip_mmr_shn_polbnda_adm4_250k_mimu_1.shp.geojson,,,,,,,,,manual_review,,,Source township not uniquely mapped to CoreMap; child matching blocked
village_tract:MMR015005020:row12466:village_tract_boundary_Shan_v94.zip_mmr_shn_polbnda_adm4_250k_mimu_1.shp,village_tract,ပန်ဖိန်း,Pang Hpein,Shan (North) > Matman > Pangsang,reports/admin-reconciliation-v2/phase3-previews/village_tract_MMR015005020_row12466_village_tract_boundary_Shan_v94.zip_mmr_shn_polbnda_adm4_250k_mimu_1.shp.geojson,,,,,,,,,manual_review,,,Source township not uniquely mapped to CoreMap; child matching blocked
village_tract:MMR015005080:row12467:village_tract_boundary_Shan_v94.zip_mmr_shn_polbnda_adm4_250k_mimu_1.shp,village_tract,ပန်ဖိန်း,Pang Hpein,Shan (North) > Matman > Pangsang (Panghkam),reports/admin-reconciliation-v2/phase3-previews/village_tract_MMR015005080_row12467_village_tract_boundary_Shan_v94.zip_mmr_shn_polbnda_adm4_250k_mimu_1.shp.geojson,,,,,,,,,manual_review,,,Source township not uniquely mapped to CoreMap; child matching blocked
village_tract:MMR015005021:row12468:village_tract_boundary_Shan_v94.zip_mmr_shn_polbnda_adm4_250k_mimu_1.shp,village_tract,ပန်ကော် (အောက်),Pang Kaw (Lower),Shan (North) > Matman > Pangsang,reports/admin-reconciliation-v2/phase3-previews/village_tract_MMR015005021_row12468_village_tract_boundary_Shan_v94.zip_mmr_shn_polbnda_adm4_250k_mimu_1.shp.geojson,,,,,,,,,manual_review,,,Source township not uniquely mapped to CoreMap; child matching blocked
village_tract:MMR015005036:row12469:village_tract_boundary_Shan_v94.zip_mmr_shn_polbnda_adm4_250k_mimu_1.shp,village_tract,ပန်ကော် (ထက်),Pang Kaw (Upper),Shan (North) > Matman > Pangsang,reports/admin-reconciliation-v2/phase3-previews/village_tract_MMR015005036_row12469_village_tract_boundary_Shan_v94.zip_mmr_shn_polbnda_adm4_250k_mimu_1.shp.geojson,,,,,,,,,manual_review,,,Source township not uniquely mapped to CoreMap; child matching blocked
village_tract:MMR015005068:row12470:village_tract_boundary_Shan_v94.zip_mmr_shn_polbnda_adm4_250k_mimu_1.shp,village_tract,ပန်ကူ,Pang Ku,Shan (North) > Matman > Pangsang (Panghkam),reports/admin-reconciliation-v2/phase3-previews/village_tract_MMR015005068_row12470_village_tract_boundary_Shan_v94.zip_mmr_shn_polbnda_adm4_250k_mimu_1.shp.geojson,,,,,,,,,manual_review,,,Source township not uniquely mapped to CoreMap; child matching blocked
village_tract:MMR015005063:row12471:village_tract_boundary_Shan_v94.zip_mmr_shn_polbnda_adm4_250k_mimu_1.shp,village_tract,ပန်လောင်း,Pang Lawng,Shan (North) > Matman > Pangsang (Panghkam),reports/admin-reconciliation-v2/phase3-previews/village_tract_MMR015005063_row12471_village_tract_boundary_Shan_v94.zip_mmr_shn_polbnda_adm4_250k_mimu_1.shp.geojson,,,,,,,,,manual_review,,,Source township not uniquely mapped to CoreMap; child matching blocked
village_tract:MMR015005056:row12472:village_tract_boundary_Shan_v94.zip_mmr_shn_polbnda_adm4_250k_mimu_1.shp,village_tract,ပန်ဝင်း,Pang Win,Shan (North) > Matman > Pangsang (Panghkam),reports/admin-reconciliation-v2/phase3-previews/village_tract_MMR015005056_row12472_village_tract_boundary_Shan_v94.zip_mmr_shn_polbnda_adm4_250k_mimu_1.shp.geojson,,,,,,,,,manual_review,,,Source township not uniquely mapped to CoreMap; child matching blocked
village_tract:MMR015005053:row12473:village_tract_boundary_Shan_v94.zip_mmr_shn_polbnda_adm4_250k_mimu_1.shp,village_tract,ပန်ယောင်း,Pang Yawng,Shan (North) > Matman > Pangsang (Panghkam),reports/admin-reconciliation-v2/phase3-previews/village_tract_MMR015005053_row12473_village_tract_boundary_Shan_v94.zip_mmr_shn_polbnda_adm4_250k_mimu_1.shp.geojson,,,,,,,,,manual_review,,,Source township not uniquely mapped to CoreMap; child matching blocked
village_tract:MMR015314004:row12474:village_tract_boundary_Shan_v94.zip_mmr_shn_polbnda_adm4_250k_mimu_1.shp,village_tract,စ လူ,Sa Lu,Shan (North) > Matman > Pangsang (Panghkam),reports/admin-reconciliation-v2/phase3-previews/village_tract_MMR015314004_row12474_village_tract_boundary_Shan_v94.zip_mmr_shn_polbnda_adm4_250k_mimu_1.shp.geojson,,,,,,,,,manual_review,,,Source township not uniquely mapped to CoreMap; child matching blocked
village_tract:MMR015005083:row12475:village_tract_boundary_Shan_v94.zip_mmr_shn_polbnda_adm4_250k_mimu_1.shp,village_tract,တအော်အွန်,Ta Aw Aun,Shan (North) > Matman > Pangsang (Panghkam),reports/admin-reconciliation-v2/phase3-previews/village_tract_MMR015005083_row12475_village_tract_boundary_Shan_v94.zip_mmr_shn_polbnda_adm4_250k_mimu_1.shp.geojson,,,,,,,,,manual_review,,,Source township not uniquely mapped to CoreMap; child matching blocked
village_tract:MMR015005075:row12476:village_tract_boundary_Shan_v94.zip_mmr_shn_polbnda_adm4_250k_mimu_1.shp,village_tract,တအော်လုံ,Ta Aw Long,Shan (North) > Matman > Pangsang,reports/admin-reconciliation-v2/phase3-previews/village_tract_MMR015005075_row12476_village_tract_boundary_Shan_v94.zip_mmr_shn_polbnda_adm4_250k_mimu_1.shp.geojson,,,,,,,,,manual_review,,,Source township not uniquely mapped to CoreMap; child matching blocked
village_tract:MMR015005050:row12477:village_tract_boundary_Shan_v94.zip_mmr_shn_polbnda_adm4_250k_mimu_1.shp,village_tract,တိုလာ,To Lar,Shan (North) > Matman > Pangsang (Panghkam),reports/admin-reconciliation-v2/phase3-previews/village_tract_MMR015005050_row12477_village_tract_boundary_Shan_v94.zip_mmr_shn_polbnda_adm4_250k_mimu_1.shp.geojson,,,,,,,,,manual_review,,,Source township not uniquely mapped to CoreMap; child matching blocked
village_tract:MMR015005048:row12478:village_tract_boundary_Shan_v94.zip_mmr_shn_polbnda_adm4_250k_mimu_1.shp,village_tract,တုံနောက်,Ton Nauk,Shan (North) > Matman > Pangsang (Panghkam),reports/admin-reconciliation-v2/phase3-previews/village_tract_MMR015005048_row12478_village_tract_boundary_Shan_v94.zip_mmr_shn_polbnda_adm4_250k_mimu_1.shp.geojson,,,,,,,,,manual_review,,,Source township not uniquely mapped to CoreMap; child matching blocked
village_tract:MMR015005701:row12479:village_tract_boundary_Shan_v94.zip_mmr_shn_polbnda_adm4_250k_mimu_1.shp,village_tract,,Urban,Shan (North) > Matman > Pangsang (Panghkam),reports/admin-reconciliation-v2/phase3-previews/village_tract_MMR015005701_row12479_village_tract_boundary_Shan_v94.zip_mmr_shn_polbnda_adm4_250k_mimu_1.shp.geojson,,,,,,,,,manual_review,,,Source township not uniquely mapped to CoreMap; child matching blocked
village_tract:MMR015005702:row12480:village_tract_boundary_Shan_v94.zip_mmr_shn_polbnda_adm4_250k_mimu_1.shp,village_tract,,Urban,Shan (North) > Matman > Pangsang,reports/admin-reconciliation-v2/phase3-previews/village_tract_MMR015005702_row12480_village_tract_boundary_Shan_v94.zip_mmr_shn_polbnda_adm4_250k_mimu_1.shp.geojson,,,,,,,,,manual_review,,,Source township not uniquely mapped to CoreMap; child matching blocked
village_tract:MMR015316003:row12481:village_tract_boundary_Shan_v94.zip_mmr_shn_polbnda_adm4_250k_mimu_1.shp,village_tract,ဝိန် ခီး,Wein Hki,Shan (North) > Matman > Pangsang (Panghkam),reports/admin-reconciliation-v2/phase3-previews/village_tract_MMR015316003_row12481_village_tract_boundary_Shan_v94.zip_mmr_shn_polbnda_adm4_250k_mimu_1.shp.geojson,,,,,,,,,manual_review,,,Source township not uniquely mapped to CoreMap; child matching blocked
village_tract:MMR015314001:row12482:village_tract_boundary_Shan_v94.zip_mmr_shn_polbnda_adm4_250k_mimu_1.shp,village_tract,ဝိန်း ကောင်,Wein Kawng,Shan (North) > Matman > Pangsang (Panghkam),reports/admin-reconciliation-v2/phase3-previews/village_tract_MMR015314001_row12482_village_tract_boundary_Shan_v94.zip_mmr_shn_polbnda_adm4_250k_mimu_1.shp.geojson,,,,,,,,,manual_review,,,Source township not uniquely mapped to CoreMap; child matching blocked
village_tract:MMR015005027:row12483:village_tract_boundary_Shan_v94.zip_mmr_shn_polbnda_adm4_250k_mimu_1.shp,village_tract,ယောင်အူ (ပန်လိပ်),Yawng Au (Pang Leik),Shan (North) > Matman > Pangsang,reports/admin-reconciliation-v2/phase3-previews/village_tract_MMR015005027_row12483_village_tract_boundary_Shan_v94.zip_mmr_shn_polbnda_adm4_250k_mimu_1.shp.geojson,,,,,,,,,manual_review,,,Source township not uniquely mapped to CoreMap; child matching blocked
village_tract:MMR015005034:row12484:village_tract_boundary_Shan_v94.zip_mmr_shn_polbnda_adm4_250k_mimu_1.shp,village_tract,ယောင်လန်း,Yawng Lan,Shan (North) > Matman > Pangsang (Panghkam),reports/admin-reconciliation-v2/phase3-previews/village_tract_MMR015005034_row12484_village_tract_boundary_Shan_v94.zip_mmr_shn_polbnda_adm4_250k_mimu_1.shp.geojson,,,,,,,,,manual_review,,,Source township not uniquely mapped to CoreMap; child matching blocked
village_tract:MMR015005074:row12485:village_tract_boundary_Shan_v94.zip_mmr_shn_polbnda_adm4_250k_mimu_1.shp,village_tract,ယောင်တိမ်း,Yawng Tein,Shan (North) > Matman > Pangsang (Panghkam),reports/admin-reconciliation-v2/phase3-previews/village_tract_MMR015005074_row12485_village_tract_boundary_Shan_v94.zip_mmr_shn_polbnda_adm4_250k_mimu_1.shp.geojson,,,,,,,,,manual_review,,,Source township not uniquely mapped to CoreMap; child matching blocked
village_tract:MMR015317002:row12486:village_tract_boundary_Shan_v94.zip_mmr_shn_polbnda_adm4_250k_mimu_1.shp,village_tract,ယောင် တင်း,Yawng Tin,Shan (North) > Matman > Pangsang (Panghkam),reports/admin-reconciliation-v2/phase3-previews/village_tract_MMR015317002_row12486_village_tract_boundary_Shan_v94.zip_mmr_shn_polbnda_adm4_250k_mimu_1.shp.geojson,,,,,,,,,manual_review,,,Source township not uniquely mapped to CoreMap; child matching blocked
village_tract:MMR015005003:row12487:village_tract_boundary_Shan_v94.zip_mmr_shn_polbnda_adm4_250k_mimu_1.shp,village_tract,ယေးဆုံ,Yay Hson,Shan (North) > Matman > Pangsang,reports/admin-reconciliation-v2/phase3-previews/village_tract_MMR015005003_row12487_village_tract_boundary_Shan_v94.zip_mmr_shn_polbnda_adm4_250k_mimu_1.shp.geojson,,,,,,,,,manual_review,,,Source township not uniquely mapped to CoreMap; child matching blocked
village_tract:MMR015005057:row12488:village_tract_boundary_Shan_v94.zip_mmr_shn_polbnda_adm4_250k_mimu_1.shp,village_tract,ယုံကတ်,Yon Kat,Shan (North) > Matman > Pangsang (Panghkam),reports/admin-reconciliation-v2/phase3-previews/village_tract_MMR015005057_row12488_village_tract_boundary_Shan_v94.zip_mmr_shn_polbnda_adm4_250k_mimu_1.shp.geojson,,,,,,,,,manual_review,,,Source township not uniquely mapped to CoreMap; child matching blocked
village_tract:MMR015011003:row12550:village_tract_boundary_Shan_v94.zip_mmr_shn_polbnda_adm4_250k_mimu_1.shp,village_tract,အင်မိန်းဟိုကျန်,En Man Ho Kyan,Shan (North) > Muse > Kutkai,reports/admin-reconciliation-v2/phase3-previews/village_tract_MMR015011003_row12550_village_tract_boundary_Shan_v94.zip_mmr_shn_polbnda_adm4_250k_mimu_1.shp.geojson,6568,အမှတ် (၈) ရပ်ကွက်,ကွတ်ခိုင်,ward,no_exact_name,0.0,2461.0,6568:{names=2|children=0|places=0|addresses=0|streets=0|buildings=0|postal_local=2|saved_places=0|geom_npoints=329|area_m2=3053026|verification=unverified},manual_review,,,Spatial-only candidate blocked (do not merge by geometry alone)
village_tract:MMR015009027:row12618:village_tract_boundary_Shan_v94.zip_mmr_shn_polbnda_adm4_250k_mimu_1.shp,village_tract,ကျိန်းယန်းတုံ,Kying Yang Ton,Shan (North) > Muse > Muse,reports/admin-reconciliation-v2/phase3-previews/village_tract_MMR015009027_row12618_village_tract_boundary_Shan_v94.zip_mmr_shn_polbnda_adm4_250k_mimu_1.shp.geojson,6619,畹町镇,မူဆယ်,special_area,no_exact_name,5.6,4031.4,6619:{names=2|children=0|places=0|addresses=0|streets=0|buildings=0|postal_local=0|saved_places=0|geom_npoints=826|area_m2=95646605|verification=unverified},manual_review,,,Spatial-only candidate blocked (do not merge by geometry alone)
village_tract:MMR015009001:row12648:village_tract_boundary_Shan_v94.zip_mmr_shn_polbnda_adm4_250k_mimu_1.shp,village_tract,နမ့်ပန်း,Nam Pang,Shan (North) > Muse > Muse,reports/admin-reconciliation-v2/phase3-previews/village_tract_MMR015009001_row12648_village_tract_boundary_Shan_v94.zip_mmr_shn_polbnda_adm4_250k_mimu_1.shp.geojson,6619,畹町镇,မူဆယ်,special_area,no_exact_name,5.1,8712.6,6619:{names=2|children=0|places=0|addresses=0|streets=0|buildings=0|postal_local=0|saved_places=0|geom_npoints=826|area_m2=95646605|verification=unverified},manual_review,,,Spatial-only candidate blocked (do not merge by geometry alone)
village_tract:MMR015019016:row12735:village_tract_boundary_Shan_v94.zip_mmr_shn_polbnda_adm4_250k_mimu_1.shp,village_tract,မန်တုံ (ပလောင်),Manton (Pa Laung),Shan (North) > Pa Laung Self-Administered Zone > Manton,reports/admin-reconciliation-v2/phase3-previews/village_tract_MMR015019016_row12735_village_tract_boundary_Shan_v94.zip_mmr_shn_polbnda_adm4_250k_mimu_1.shp.geojson,6576,အမှတ် (၂) ရပ်ကွက်,မန်တုံ,ward,no_exact_name,0.0,1763.6,6576:{names=2|children=0|places=0|addresses=0|streets=0|buildings=0|postal_local=1|saved_places=0|geom_npoints=44|area_m2=191592|verification=unverified},manual_review,,,Spatial-only candidate blocked (do not merge by geometry alone)
village_tract:MMR015016001:row12772:village_tract_boundary_Shan_v94.zip_mmr_shn_polbnda_adm4_250k_mimu_1.shp,village_tract,ငွန်ဆိုင်း,Ngun Hseng,Shan (North) > Pa Laung Self-Administered Zone > Namhsan,reports/admin-reconciliation-v2/phase3-previews/village_tract_MMR015016001_row12772_village_tract_boundary_Shan_v94.zip_mmr_shn_polbnda_adm4_250k_mimu_1.shp.geojson,6365,မန်ခိုက်ရပ်ကွက်,နမ့်ဆန်,ward,no_exact_name,0.0,2038.2,6365:{names=2|children=0|places=0|addresses=0|streets=0|buildings=0|postal_local=1|saved_places=0|geom_npoints=16|area_m2=377073|verification=unverified},manual_review,,,Spatial-only candidate blocked (do not merge by geometry alone)
village_tract:MMR014011001:row12965:village_tract_boundary_Shan_v94.zip_mmr_shn_polbnda_adm4_250k_mimu_1.shp,village_tract,လွိုင်လင်အရှေ့,Loilen (East),Shan (South) > Loilen > Loilen,reports/admin-reconciliation-v2/phase3-previews/village_tract_MMR014011001_row12965_village_tract_boundary_Shan_v94.zip_mmr_shn_polbnda_adm4_250k_mimu_1.shp.geojson,6125,ရပ်ကွက် (၄) ရပ်ကွက်,လွိုင်လင်,ward,no_exact_name,0.0,2190.1,6125:{names=3|children=0|places=0|addresses=0|streets=0|buildings=0|postal_local=2|saved_places=0|geom_npoints=252|area_m2=3541493|verification=unverified},manual_review,,,Spatial-only candidate blocked (do not merge by geometry alone)
village_tract:MMR014005003:row13118:village_tract_boundary_Shan_v94.zip_mmr_shn_polbnda_adm4_250k_mimu_1.shp,village_tract,လွယ်အံ,Loi An,Shan (South) > Taunggyi > Kalaw,reports/admin-reconciliation-v2/phase3-previews/village_tract_MMR014005003_row13118_village_tract_boundary_Shan_v94.zip_mmr_shn_polbnda_adm4_250k_mimu_1.shp.geojson,6149,အမှတ် (၂) ရပ်ကွက်,ကလော,ward,no_exact_name,0.0,2410.4,6149:{names=2|children=0|places=0|addresses=0|streets=0|buildings=0|postal_local=3|saved_places=0|geom_npoints=166|area_m2=274913|verification=unverified},manual_review,,,Spatial-only candidate blocked (do not merge by geometry alone)
village_tract:MMR006001015:row13228:village_tract_boundary_Tanintharyi_v94.zip_mmr_tni_polbnda_adm4_unhcr_mimu_250k.,village_tract,ကနိုင်းဒါ,Ka Naing Dar,Tanintharyi > Dawei > Dawei,reports/admin-reconciliation-v2/phase3-previews/village_tract_MMR006001015_row13228_village_tract_boundary_Tanintharyi_v94.zip_mmr_tni_polbnda_adm4_unhcr_mimu_250k..geojson,7522,ကျောက်မော်ရပ်ကွက်,ထားဝယ်,ward,no_exact_name,15.7,3535.2,7522:{names=3|children=0|places=0|addresses=0|streets=0|buildings=0|postal_local=1|saved_places=0|geom_npoints=472|area_m2=20407833|verification=unverified},manual_review,,,Spatial-only candidate blocked (do not merge by geometry alone)
village_tract:MMR006001016:row13238:village_tract_boundary_Tanintharyi_v94.zip_mmr_tni_polbnda_adm4_unhcr_mimu_250k.,village_tract,ရှင်မုတ္တီး,Shin Moke Tee,Tanintharyi > Dawei > Dawei,reports/admin-reconciliation-v2/phase3-previews/village_tract_MMR006001016_row13238_village_tract_boundary_Tanintharyi_v94.zip_mmr_tni_polbnda_adm4_unhcr_mimu_250k..geojson,7522,ကျောက်မော်ရပ်ကွက်,ထားဝယ်,ward,no_exact_name,39.1,3462.0,7522:{names=3|children=0|places=0|addresses=0|streets=0|buildings=0|postal_local=1|saved_places=0|geom_npoints=472|area_m2=20407833|verification=unverified},manual_review,,,Spatial-only candidate blocked (do not merge by geometry alone)
village_tract:MMR006002001:row13277:village_tract_boundary_Tanintharyi_v94.zip_mmr_tni_polbnda_adm4_unhcr_mimu_250k.,village_tract,ပြင်းထိန်,Pyin Htein,Tanintharyi > Dawei > Launglon,reports/admin-reconciliation-v2/phase3-previews/village_tract_MMR006002001_row13277_village_tract_boundary_Tanintharyi_v94.zip_mmr_tni_polbnda_adm4_unhcr_mimu_250k..geojson,7478,(ခ) ရပ်ကွက်,လောင်းလုံး,ward,no_exact_name,0.0,1895.9,7478:{names=3|children=0|places=0|addresses=0|streets=0|buildings=0|postal_local=1|saved_places=0|geom_npoints=114|area_m2=611161|verification=unverified},manual_review,,,Spatial-only candidate blocked (do not merge by geometry alone)
village_tract:MMR006003013:row13326:village_tract_boundary_Tanintharyi_v94.zip_mmr_tni_polbnda_adm4_unhcr_mimu_250k.,village_tract,တီတွတ်ပြင်,Ti Tut Pyin,Tanintharyi > Dawei > Thayetchaung,reports/admin-reconciliation-v2/phase3-previews/village_tract_MMR006003013_row13326_village_tract_boundary_Tanintharyi_v94.zip_mmr_tni_polbnda_adm4_unhcr_mimu_250k..geojson,7473,ပန်းတောရပ်ကွက်,သရက်ချောင်း,ward,no_exact_name,0.0,2082.1,7473:{names=2|children=0|places=0|addresses=0|streets=0|buildings=0|postal_local=1|saved_places=0|geom_npoints=116|area_m2=1141390|verification=unverified},manual_review,,,Spatial-only candidate blocked (do not merge by geometry alone)
village_tract:MMR013020002:row13520:village_tract_boundary_Yangon_v94.zip_mmr_ygn_polbnda_adm4_mimu_250k_1.shp,village_tract,မလစ် (အရှေ့),Ma Lit (East),Yangon > Yangon (East) > Dagon Myothit (East),reports/admin-reconciliation-v2/phase3-previews/village_tract_MMR013020002_row13520_village_tract_boundary_Yangon_v94.zip_mmr_ygn_polbnda_adm4_mimu_250k_1.shp.geojson,5164,တောင်တလုပ်ရပ်ကွက်,ဒဂုံမြို့သစ် (အရှေ့ပိုင်း),ward,no_exact_name,0.0,2467.8,5164:{names=2|children=0|places=0|addresses=0|streets=0|buildings=0|postal_local=1|saved_places=0|geom_npoints=66|area_m2=2985236|verification=unverified},manual_review,,,Spatial-only candidate blocked (do not merge by geometry alone)
village_tract:MMR013003010:row13602:village_tract_boundary_Yangon_v94.zip_mmr_ygn_polbnda_adm4_mimu_250k_1.shp,village_tract,ဘန့်ဘွေးကုန်း,Bant Bway Kone,Yangon > Yangon (North) > Hmawbi,reports/admin-reconciliation-v2/phase3-previews/village_tract_MMR013003010_row13602_village_tract_boundary_Yangon_v94.zip_mmr_ygn_polbnda_adm4_mimu_250k_1.shp.geojson,5831,အမှတ် (၁) ရပ်ကွက်,မှော်ဘီ,ward,no_exact_name,0.0,1630.4,5831:{names=2|children=0|places=0|addresses=0|streets=0|buildings=0|postal_local=1|saved_places=0|geom_npoints=102|area_m2=3594024|verification=unverified},manual_review,,,Spatial-only candidate blocked (do not merge by geometry alone)
village_tract:MMR013003025:row13621:village_tract_boundary_Yangon_v94.zip_mmr_ygn_polbnda_adm4_mimu_250k_1.shp,village_tract,ပေါက်ကုန်း,Pauk Kone,Yangon > Yangon (North) > Hmawbi,reports/admin-reconciliation-v2/phase3-previews/village_tract_MMR013003025_row13621_village_tract_boundary_Yangon_v94.zip_mmr_ygn_polbnda_adm4_mimu_250k_1.shp.geojson,5834,အမှတ် (၂) ရပ်ကွက်,မှော်ဘီ,ward,no_exact_name,0.0,2273.2,5834:{names=2|children=0|places=0|addresses=0|streets=0|buildings=0|postal_local=1|saved_places=0|geom_npoints=166|area_m2=4725369|verification=unverified},manual_review,,,Spatial-only candidate blocked (do not merge by geometry alone)
village_tract:MMR013003001:row13625:village_tract_boundary_Yangon_v94.zip_mmr_ygn_polbnda_adm4_mimu_250k_1.shp,village_tract,တပ်ကြီးကုန်း,Tat Gyi Kone,Yangon > Yangon (North) > Hmawbi,reports/admin-reconciliation-v2/phase3-previews/village_tract_MMR013003001_row13625_village_tract_boundary_Yangon_v94.zip_mmr_ygn_polbnda_adm4_mimu_250k_1.shp.geojson,5833,အမှတ် (၄) ရပ်ကွက်,မှော်ဘီ,ward,no_exact_name,0.0,2304.3,5833:{names=2|children=0|places=0|addresses=0|streets=0|buildings=0|postal_local=1|saved_places=0|geom_npoints=146|area_m2=2947403|verification=unverified},manual_review,,,Spatial-only candidate blocked (do not merge by geometry alone)
village_tract:MMR013002002:row13692:village_tract_boundary_Yangon_v94.zip_mmr_ygn_polbnda_adm4_mimu_250k_1.shp,village_tract,ကုန်းတလပေါင်,Kone Ta La Paung,Yangon > Yangon (North) > Mingaladon,reports/admin-reconciliation-v2/phase3-previews/village_tract_MMR013002002_row13692_village_tract_boundary_Yangon_v94.zip_mmr_ygn_polbnda_adm4_mimu_250k_1.shp.geojson,5845,ထောက်ကြန့်တိုးချဲ့ရပ်ကွက်,မင်္ဂလာဒုံ,ward,no_exact_name,0.0,2428.8,5845:{names=2|children=0|places=0|addresses=0|streets=0|buildings=0|postal_local=1|saved_places=0|geom_npoints=51|area_m2=1211930|verification=unverified},manual_review,,,Spatial-only candidate blocked (do not merge by geometry alone)
village_tract:MMR013005012:row13758:village_tract_boundary_Yangon_v94.zip_mmr_ygn_polbnda_adm4_mimu_250k_1.shp,village_tract,ဆင်စခန်း,Sin Sa Khan,Yangon > Yangon (North) > Taikkyi,reports/admin-reconciliation-v2/phase3-previews/village_tract_MMR013005012_row13758_village_tract_boundary_Yangon_v94.zip_mmr_ygn_polbnda_adm4_mimu_250k_1.shp.geojson,7230,ရှမ်းစုရပ်ကွက်,တိုက်ကြီး,ward,no_exact_name,6.0,3954.0,7230:{names=2|children=0|places=0|addresses=0|streets=0|buildings=0|postal_local=1|saved_places=0|geom_npoints=78|area_m2=1655511|verification=unverified},manual_review,,,Spatial-only candidate blocked (do not merge by geometry alone)
village_tract:MMR013028033:row13827:village_tract_boundary_Yangon_v94.zip_mmr_ygn_polbnda_adm4_mimu_250k_1.shp,village_tract,လက်ခိုက်,Let Khaik,Yangon > Yangon (South) > Kawhmu,reports/admin-reconciliation-v2/phase3-previews/village_tract_MMR013028033_row13827_village_tract_boundary_Yangon_v94.zip_mmr_ygn_polbnda_adm4_mimu_250k_1.shp.geojson,5118,ဘုရားလမ်းရပ်ကွက်,ကော့မှူး,ward,no_exact_name,0.0,2179.3,5118:{names=2|children=0|places=0|addresses=0|streets=0|buildings=0|postal_local=1|saved_places=0|geom_npoints=140|area_m2=1228089|verification=unverified},manual_review,,,Spatial-only candidate blocked (do not merge by geometry alone)
village_tract:MMR013026026:row13864:village_tract_boundary_Yangon_v94.zip_mmr_ygn_polbnda_adm4_mimu_250k_1.shp,village_tract,ပုဂံတောင်,Bagan Taung,Yangon > Yangon (South) > Kayan,reports/admin-reconciliation-v2/phase3-previews/village_tract_MMR013026026_row13864_village_tract_boundary_Yangon_v94.zip_mmr_ygn_polbnda_adm4_mimu_250k_1.shp.geojson,5147,ကွမ်းမိုးဒိန်းရပ်ကွက်,ခရမ်း,ward,no_exact_name,0.0,1896.5,5147:{names=2|children=0|places=0|addresses=0|streets=0|buildings=0|postal_local=1|saved_places=0|geom_npoints=75|area_m2=2979352|verification=unverified},manual_review,,,Spatial-only candidate blocked (do not merge by geometry alone)
village_tract:MMR013029039:row13956:village_tract_boundary_Yangon_v94.zip_mmr_ygn_polbnda_adm4_mimu_250k_1.shp,village_tract,သုံးခွ,Thone Gwa,Yangon > Yangon (South) > Kungyangon,reports/admin-reconciliation-v2/phase3-previews/village_tract_MMR013029039_row13956_village_tract_boundary_Yangon_v94.zip_mmr_ygn_polbnda_adm4_mimu_250k_1.shp.geojson,5111,စံပြရပ်ကွက်,ကွမ်းခြံကုန်း,ward,no_exact_name,0.0,2321.7,5111:{names=2|children=0|places=0|addresses=0|streets=0|buildings=0|postal_local=1|saved_places=0|geom_npoints=29|area_m2=368823|verification=unverified},manual_review,,,Spatial-only candidate blocked (do not merge by geometry alone)
village_tract:MMR013024027:row13985:village_tract_boundary_Yangon_v94.zip_mmr_ygn_polbnda_adm4_mimu_250k_1.shp,village_tract,ပါဒကြီး,Par Da Gyi,Yangon > Yangon (South) > Kyauktan,reports/admin-reconciliation-v2/phase3-previews/village_tract_MMR013024027_row13985_village_tract_boundary_Yangon_v94.zip_mmr_ygn_polbnda_adm4_mimu_250k_1.shp.geojson,9,အရှေ့ပိုင်းရပ်ကွက်,ကျောက်တန်း,ward,no_exact_name,0.0,2045.6,9:{names=2|children=0|places=0|addresses=0|streets=0|buildings=0|postal_local=1|saved_places=0|geom_npoints=88|area_m2=3390483|verification=verified},manual_review,,,Spatial-only candidate blocked (do not merge by geometry alone)
village_tract:MMR013024019:row13994:village_tract_boundary_Yangon_v94.zip_mmr_ygn_polbnda_adm4_mimu_250k_1.shp,village_tract,သနပ္ပင်ချင်း,Tha Nat Pin Chin,Yangon > Yangon (South) > Kyauktan,reports/admin-reconciliation-v2/phase3-previews/village_tract_MMR013024019_row13994_village_tract_boundary_Yangon_v94.zip_mmr_ygn_polbnda_adm4_mimu_250k_1.shp.geojson,5,အနောက်ပိုင်းရပ်ကွက်,ကျောက်တန်း,ward,no_exact_name,0.0,2350.0,5:{names=2|children=0|places=0|addresses=0|streets=0|buildings=0|postal_local=1|saved_places=0|geom_npoints=68|area_m2=2721245|verification=verified},manual_review,,,Spatial-only candidate blocked (do not merge by geometry alone)
village_tract:MMR013024007:row13995:village_tract_boundary_Yangon_v94.zip_mmr_ygn_polbnda_adm4_mimu_250k_1.shp,village_tract,သောင်ကြီး,Thaung Gyi,Yangon > Yangon (South) > Kyauktan,reports/admin-reconciliation-v2/phase3-previews/village_tract_MMR013024007_row13995_village_tract_boundary_Yangon_v94.zip_mmr_ygn_polbnda_adm4_mimu_250k_1.shp.geojson,9,အရှေ့ပိုင်းရပ်ကွက်,ကျောက်တန်း,ward,no_exact_name,0.0,1875.8,9:{names=2|children=0|places=0|addresses=0|streets=0|buildings=0|postal_local=1|saved_places=0|geom_npoints=88|area_m2=3390483|verification=verified},manual_review,,,Spatial-only candidate blocked (do not merge by geometry alone)
